Stage,Config ID,lambda_fin,hybrid_delta,prior_kl_weight,min_allocation,Best Epoch,Best Validation Objective,Seed,Method,CRPS,Direction Brier,Tail Brier,Stress CRPS,Stress Tail Brier,Mean predicted tail probability,Observed tail frequency,Tail calibration gap,Stress predicted tail probability,Stress observed tail frequency,Stress tail calibration gap,Mean pi_D,Mean pi_N,Mean pi_T,"Corr(risk, pi_T)","Corr(dir_unc, pi_D)",Risk monotonic violations,Dir monotonic violations,Delta pi_T risk 0->1,Delta pi_D dir 0->1,CRPS Delta,Direction Brier Delta,Tail Brier Delta,Stress CRPS Delta,Stress Tail Brier Delta,Tail calibration gap Delta,Stress tail calibration gap Delta,CRPS Delta %
Stage1,S1_001,1.5,0.005,0.0,0.02,43,1.028534173965454,101,monotonic_hybrid,0.769020676612854,0.23102064430713654,0.07857023924589157,1.2416359186172485,0.15779133141040802,0.04792043939232826,0.08692307770252228,0.039002638310194016,0.16671398282051086,0.19847328960895538,0.03175930678844452,0.39037761092185974,0.29772132635116577,0.3119010925292969,0.9183607100665298,0.6506773229511634,0,0,0.5214632749557495,0.29574573040008545,-2.4259090423583984e-05,-0.0001802891492843628,-0.000280231237411499,-0.0012519359588623047,-0.0013529211282730103,-0.003908999264240265,-0.014874398708343506,-0.0031544438169142206
Stage1,S1_001,1.5,0.005,0.0,0.02,43,0.9465821385383606,102,monotonic_hybrid,0.7368630170822144,0.21697162091732025,0.07993214577436447,1.4856375455856323,0.202236607670784,0.03974921628832817,0.08923076838254929,0.049481552094221115,0.15283311903476715,0.2539682686328888,0.10113514959812164,0.393786758184433,0.29750388860702515,0.30870938301086426,0.9233312011816016,0.642758170682196,0,0,0.5214635729789734,0.29574334621429443,-0.000650942325592041,-0.00012095272541046143,-0.0005632713437080383,-0.007627248764038086,-0.003238275647163391,-0.003966331481933594,-0.015192270278930664,-0.08826169556366378
Stage1,S1_001,1.5,0.005,0.0,0.02,16,0.9838767647743225,103,monotonic_hybrid,0.7088832259178162,0.22278909385204315,0.078638955950737,1.171733021736145,0.12810632586479187,0.041354939341545105,0.08538461476564407,0.04402967542409897,0.13527615368366241,0.14159291982650757,0.006316766142845154,0.39687228202819824,0.29675111174583435,0.3063766360282898,0.9162463303256022,0.6448759059763942,0,0,0.5214760899543762,0.2958958148956299,0.00030982494354248047,-3.0472874641418457e-05,-0.00030568987131118774,7.367134094238281e-05,0.00011517107486724854,-0.0038055293262004852,-0.012565307319164276,0.043725172736723904
Stage1,S1_001,1.5,0.005,0.0,0.02,49,1.0520328283309937,104,monotonic_hybrid,0.7185957431793213,0.2272953987121582,0.07230038940906525,1.2319562435150146,0.15047581493854523,0.05513894185423851,0.07999999821186066,0.024861056357622147,0.1685817986726761,0.18110236525535583,0.012520566582679749,0.3933785557746887,0.29667264223098755,0.3099488317966461,0.9172008304408497,0.6712016070691462,0,0,0.5214616656303406,0.29574331641197205,0.0005530714988708496,-0.0009521245956420898,-0.0002890080213546753,0.0022581815719604492,-0.0005374103784561157,-0.007609393447637558,-0.017994970083236694,0.0770248789778029
Stage1,S1_001,1.5,0.005,0.0,0.02,43,1.0119612216949463,105,monotonic_hybrid,0.7021162509918213,0.21998560428619385,0.07103537023067474,1.1413376331329346,0.12847821414470673,0.05045343190431595,0.07538461685180664,0.024931184947490692,0.18405139446258545,0.1376146823167801,0.04643671214580536,0.4003063440322876,0.2965794801712036,0.3031142055988312,0.9153077320827971,0.6733466152762349,0,0,0.5214632749557495,0.2957445979118347,0.0005101561546325684,0.00010034441947937012,7.326900959014893e-05,0.001367330551147461,0.0011297762393951416,-0.003576580435037613,0.012434661388397217,0.07271261729146647
Stage1,S1_002,1.5,0.01,0.0,0.02,43,1.0284017324447632,101,monotonic_hybrid,0.7690218687057495,0.2310226857662201,0.07856833934783936,1.241623878479004,0.1577848196029663,0.04795006290078163,0.08692307770252228,0.038973014801740646,0.16680629551410675,0.19847328960895538,0.03166699409484863,0.38890883326530457,0.29778051376342773,0.3133106529712677,0.9186296369536876,0.6503387680818362,0,0,0.5216645002365112,0.29524385929107666,-2.3066997528076172e-05,-0.00017824769020080566,-0.0002821311354637146,-0.0012639760971069336,-0.0013594329357147217,-0.003938622772693634,-0.014966711401939392,-0.0029994342927415316
Stage1,S1_002,1.5,0.01,0.0,0.02,43,0.946390688419342,102,monotonic_hybrid,0.7368609309196472,0.21697331964969635,0.07992969453334808,1.4856014251708984,0.20222216844558716,0.03976680338382721,0.08923076838254929,0.049463964998722076,0.15290506184101105,0.2539682686328888,0.10106320679187775,0.3923102021217346,0.29757270216941833,0.31011712551116943,0.9235786722080715,0.6424458039822013,0,0,0.5216649770736694,0.2952389717102051,-0.0006530284881591797,-0.00011925399303436279,-0.0005657225847244263,-0.007663369178771973,-0.0032527148723602295,-0.0039839185774326324,-0.01526421308517456,-0.0885445597102372
Stage1,S1_002,1.5,0.01,0.0,0.02,16,0.9837535619735718,103,monotonic_hybrid,0.7088851928710938,0.2227901816368103,0.07863740622997284,1.1717365980148315,0.1281079351902008,0.041376225650310516,0.08538461476564407,0.04400838911533356,0.13533495366573334,0.14159291982650757,0.006257966160774231,0.3957998752593994,0.2966378927230835,0.3075622022151947,0.9164361996599912,0.644518506024037,0,0,0.5216929912567139,0.29554611444473267,0.00031179189682006836,-2.9385089874267578e-05,-0.0003072395920753479,7.724761962890625e-05,0.00011678040027618408,-0.0038268156349658966,-0.012624107301235199,0.04400276617656844
Stage1,S1_002,1.5,0.01,0.0,0.02,49,1.0519356727600098,104,monotonic_hybrid,0.7186020016670227,0.227296844124794,0.07229945808649063,1.2319687604904175,0.15047462284564972,0.055173374712467194,0.07999999821186066,0.024826623499393463,0.1686655730009079,0.18110236525535583,0.012436792254447937,0.39190176129341125,0.29674914479255676,0.311349093914032,0.9174745108478543,0.6708898623293463,0,0,0.5216614603996277,0.29523879289627075,0.0005593299865722656,-0.0009506791830062866,-0.00028993934392929077,0.0022706985473632812,-0.0005386024713516235,-0.0076438263058662415,-0.018078744411468506,0.07789648284596427
Stage1,S1_002,1.5,0.01,0.0,0.02,43,1.0118317604064941,105,monotonic_hybrid,0.7021219730377197,0.21998751163482666,0.07103592157363892,1.1413516998291016,0.1284875124692917,0.05048433691263199,0.07538461685180664,0.024900279939174652,0.18414147198200226,0.1376146823167801,0.04652678966522217,0.39883071184158325,0.29666250944137573,0.30450674891471863,0.9155616368973616,0.6730521658351277,0,0,0.5216645002365112,0.29524150490760803,0.0005158782005310059,0.00010225176811218262,7.382035255432129e-05,0.0013813972473144531,0.0011390745639801025,-0.003607485443353653,0.012524738907814026,0.07352818117275878
Stage1,S1_003,1.5,0.02,0.0,0.02,43,1.0281357765197754,101,monotonic_hybrid,0.7690243124961853,0.2310267686843872,0.07856450974941254,1.2416000366210938,0.15777190029621124,0.04800930246710777,0.08692307770252228,0.038913775235414505,0.16699089109897614,0.19847328960895538,0.03148239850997925,0.3859732747077942,0.2978876531124115,0.3161390423774719,0.9191656452140131,0.6496627407078317,0,0,0.5220375657081604,0.29422247409820557,-2.0623207092285156e-05,-0.0001741647720336914,-0.00028596073389053345,-0.0012878179550170898,-0.0013723522424697876,-0.003997862339019775,-0.015151306986808777,-0.0026816647681875195
Stage1,S1_003,1.5,0.02,0.0,0.02,43,0.9460065960884094,102,monotonic_hybrid,0.7368566393852234,0.21697662770748138,0.07992482930421829,1.4855295419692993,0.20219334959983826,0.039801958948373795,0.08923076838254929,0.04942880943417549,0.15304887294769287,0.2539682686328888,0.10091939568519592,0.3893594741821289,0.297698974609375,0.3129415810108185,0.9240715552539505,0.641822744513939,0,0,0.5220381617546082,0.2942127287387848,-0.0006573200225830078,-0.00011594593524932861,-0.0005705878138542175,-0.007735252380371094,-0.003281533718109131,-0.0040190741419792175,-0.015408024191856384,-0.08912645166890251
Stage1,S1_003,1.5,0.02,0.0,0.02,50,0.9834345579147339,103,monotonic_hybrid,0.708223819732666,0.2219303995370865,0.0787712037563324,1.1717658042907715,0.12826111912727356,0.04049977287650108,0.08538461476564407,0.04488484188914299,0.14004655182361603,0.14159291982650757,0.0015463680028915405,0.39190518856048584,0.2971973717212677,0.3108974099159241,0.9171737456797371,0.643818183587401,0,0,0.5220336318016052,0.2941744923591614,-0.000349581241607666,-0.0008891671895980835,-0.0001734420657157898,0.00010645389556884766,0.000269964337348938,-0.0029503628611564636,-0.01733570545911789,-0.04933592499055131
Stage1,S1_003,1.5,0.02,0.0,0.02,49,1.0517401695251465,104,monotonic_hybrid,0.7186145782470703,0.2272997349500656,0.072297602891922,1.2319934368133545,0.15047231316566467,0.055242352187633514,0.07999999821186066,0.024757646024227142,0.16883324086666107,0.18110236525535583,0.012269124388694763,0.38894957304000854,0.2968902289867401,0.31416019797325134,0.918019768114575,0.6702665501402856,0,0,0.5220317244529724,0.29421186447143555,0.000571906566619873,-0.0009477883577346802,-0.0002917945384979248,0.002295374870300293,-0.0005409121513366699,-0.007712803781032562,-0.01824641227722168,0.07964799157150758
Stage1,S1_003,1.5,0.02,0.0,0.02,43,1.011572241783142,105,monotonic_hybrid,0.7021335363388062,0.2199912965297699,0.07103702425956726,1.1413801908493042,0.12850619852542877,0.05054621770977974,0.07538461685180664,0.0248383991420269,0.18432167172431946,0.1376146823167801,0.04670698940753937,0.3958810567855835,0.29681751132011414,0.30730149149894714,0.9160678803569018,0.672464284310479,0,0,0.5220374464988708,0.2942177653312683,0.0005274415016174316,0.00010603666305541992,7.492303848266602e-05,0.0014098882675170898,0.0011577606201171875,-0.003669366240501404,0.012704938650131226,0.07517629984953696
Stage1,S1_004,1.5,0.05,0.0,0.02,43,1.0273315906524658,101,monotonic_hybrid,0.7690320014953613,0.2310391664505005,0.07855315506458282,1.2415292263031006,0.15773361921310425,0.04818723723292351,0.08692307770252228,0.03873584046959877,0.167544424533844,0.19847328960895538,0.03092886507511139,0.3771856725215912,0.2981175482273102,0.324696809053421,0.9207586608002677,0.647643447445212,0,0,0.5229210257530212,0.29101988673210144,-1.2934207916259766e-05,-0.00016176700592041016,-0.00029731541872024536,-0.001358628273010254,-0.0014106333255767822,-0.00417579710483551,-0.015704840421676636,-0.0016818533372736754
Stage1,S1_004,1.5,0.05,0.0,0.02,43,0.9448460936546326,102,monotonic_hybrid,0.7368441224098206,0.21698670089244843,0.07991032302379608,1.4853148460388184,0.20210739970207214,0.039907049387693405,0.08923076838254929,0.04932371899485588,0.15347915887832642,0.2539682686328888,0.10048910975456238,0.380528062582016,0.2979869842529297,0.3214849531650543,0.9255335184151046,0.6399668322976756,0,0,0.5229198932647705,0.2909958064556122,-0.0006698369979858398,-0.0001058727502822876,-0.0005850940942764282,-0.00794994831085205,-0.003367483615875244,-0.004124164581298828,-0.01583831012248993,-0.09082363654834298
Stage1,S1_004,1.5,0.05,0.0,0.02,50,0.9823842644691467,103,monotonic_hybrid,0.7082340121269226,0.22193917632102966,0.07876318693161011,1.17177152633667,0.12826897203922272,0.040621306747198105,0.08538461476564407,0.04476330801844597,0.14046518504619598,0.14159291982650757,0.0011277347803115845,0.3828732967376709,0.29758402705192566,0.31954270601272583,0.9188291953546903,0.6417089301201416,0,0,0.5229024887084961,0.29089516401290894,-0.0003393888473510742,-0.0008803904056549072,-0.00018145889043807983,0.00011217594146728516,0.0002778172492980957,-0.003071896731853485,-0.017754338681697845,-0.04789748625681145
Stage1,S1_004,1.5,0.05,0.0,0.02,49,1.0511435270309448,104,monotonic_hybrid,0.7186527848243713,0.22730863094329834,0.07229212671518326,1.2320690155029297,0.15046577155590057,0.05545017495751381,0.07999999821186066,0.024549823254346848,0.1693369746208191,0.18110236525535583,0.011765390634536743,0.3801076114177704,0.29721760749816895,0.32267478108406067,0.919638382987773,0.6683985227657694,0,0,0.5229092836380005,0.2909906506538391,0.0006101131439208984,-0.0009388923645019531,-0.0002972707152366638,0.0023709535598754883,-0.000547453761100769,-0.007920626550912857,-0.0187501460313797,0.0849689256619022
Stage1,S1_004,1.5,0.05,0.0,0.02,43,1.0107866525650024,105,monotonic_hybrid,0.7021684050559998,0.2200026959180832,0.07104039937257767,1.1414668560028076,0.12856264412403107,0.05073212832212448,0.07538461685180664,0.02465248852968216,0.18486185371875763,0.1376146823167801,0.04724717140197754,0.3870471119880676,0.29719167947769165,0.31576117873191833,0.9175739137861881,0.6707089235443936,0,0,0.5229201316833496,0.2910080552101135,0.0005623102188110352,0.00011743605136871338,7.829815149307251e-05,0.0014965534210205078,0.0012142062187194824,-0.0038552768528461456,0.013245120644569397,0.0801461422511619
Stage1,S1_005,1.5,0.1,0.0,0.02,43,1.0259701013565063,101,monotonic_hybrid,0.7690452337265015,0.23106034100055695,0.07853434979915619,1.2414098978042603,0.15767014026641846,0.048486001789569855,0.08692307770252228,0.03843707591295242,0.1684788167476654,0.19847328960895538,0.029994472861289978,0.36262047290802,0.298194020986557,0.339185506105423,0.9233620733182093,0.644308649847571,0,0,0.5236080884933472,0.28523585200309753,2.980232238769531e-07,-0.00014059245586395264,-0.0003161206841468811,-0.001477956771850586,-0.0014741122722625732,-0.004474561661481857,-0.016639232635498047,3.8752381043172246e-05
Stage1,S1_005,1.5,0.1,0.0,0.02,43,0.9428872466087341,102,monotonic_hybrid,0.7368239760398865,0.2170034497976303,0.07988647371530533,1.484960913658142,0.20196591317653656,0.04008088260889053,0.08923076838254929,0.04914988577365875,0.1541919857263565,0.2539682686328888,0.09977628290653229,0.3658955693244934,0.29816150665283203,0.33594295382499695,0.9279138430691155,0.6369181517130078,0,0,0.5235990285873413,0.2851886749267578,-0.0006899833679199219,-8.912384510040283e-05,-0.0006089434027671814,-0.00830388069152832,-0.0035089701414108276,-0.004297997802495956,-0.01655113697052002,-0.09355529602096621
Stage1,S1_005,1.5,0.1,0.0,0.02,50,0.9806121587753296,103,monotonic_hybrid,0.7082511782646179,0.2219538539648056,0.07874993234872818,1.1717842817306519,0.12828297913074493,0.04082396253943443,0.08538461476564407,0.04456065222620964,0.14115987718105316,0.14159291982650757,0.00043304264545440674,0.36790990829467773,0.297914057970047,0.33417603373527527,0.9215306685759719,0.638231105959418,0,0,0.5235446691513062,0.2849715054035187,-0.0003222227096557617,-0.0008657127618789673,-0.00019471347332000732,0.00012493133544921875,0.0002918243408203125,-0.0032745525240898132,-0.018449030816555023,-0.045474852599986425
Stage1,S1_005,1.5,0.1,0.0,0.02,49,1.0501174926757812,104,monotonic_hybrid,0.7187181115150452,0.22732342779636383,0.0722833052277565,1.232198715209961,0.15045616030693054,0.055798497051000595,0.07999999821186066,0.02420150116086006,0.1701764017343521,0.18110236525535583,0.010925963521003723,0.36544033885002136,0.2974431812763214,0.3371165096759796,0.9222770631951703,0.6652957515388511,0,0,0.5235899090766907,0.2851678133010864,0.0006754398345947266,-0.0009240955114364624,-0.00030609220266342163,0.0025006532669067383,-0.0005570650100708008,-0.008268948644399643,-0.01958957314491272,0.09406680984766273
Stage1,S1_005,1.5,0.1,0.0,0.02,43,1.0094563961029053,105,monotonic_hybrid,0.7022274732589722,0.2200215458869934,0.07104627788066864,1.1416157484054565,0.12865786254405975,0.0510425865650177,0.07538461685180664,0.02434203028678894,0.18575987219810486,0.1376146823167801,0.04814518988132477,0.3723919689655304,0.2975105941295624,0.3300974667072296,0.9200401228369719,0.6678115621411597,0,0,0.5236044526100159,0.2852122187614441,0.0006213784217834473,0.00013628602027893066,8.417665958404541e-05,0.0016454458236694336,0.001309424638748169,-0.004165735095739365,0.014143139123916626,0.08856514023408553
Stage1,S1_006,1.5,0.2,0.0,0.02,43,1.0231812000274658,101,monotonic_hybrid,0.7690778970718384,0.23110337555408478,0.07849833369255066,1.2411943674087524,0.15755192935466766,0.04907871410250664,0.08692307770252228,0.03784436360001564,0.17030726373195648,0.19847328960895538,0.0281660258769989,0.333924800157547,0.2971871793270111,0.3688880205154419,0.9283658622088765,0.6377625519760265,0,0,0.5220654010772705,0.272117018699646,3.2961368560791016e-05,-9.75579023361206e-05,-0.0003521367907524109,-0.0016934871673583984,-0.0015923231840133667,-0.00506727397441864,-0.018467679619789124,0.00428601334337485
Stage1,S1_006,1.5,0.2,0.0,0.02,43,0.9388934373855591,102,monotonic_hybrid,0.7367864847183228,0.21703697741031647,0.07984019815921783,1.4842703342437744,0.20169052481651306,0.0404219888150692,0.08923076838254929,0.04880877956748009,0.1555953174829483,0.2539682686328888,0.09837295114994049,0.33707916736602783,0.29735124111175537,0.3655696213245392,0.9324602111971115,0.6309885035214847,0,0,0.5220311284065247,0.272030234336853,-0.0007274746894836426,-5.5596232414245605e-05,-0.0006552189588546753,-0.008994460105895996,-0.003784358501434326,-0.004639104008674622,-0.017954468727111816,-0.09863876882652839
Stage1,S1_006,1.5,0.2,0.0,0.02,50,0.9770035743713379,103,monotonic_hybrid,0.7082862257957458,0.2219831794500351,0.0787239521741867,1.1718204021453857,0.12831464409828186,0.04122805595397949,0.08538461476564407,0.04415655881166458,0.1425325721502304,0.14159291982650757,0.0009396523237228394,0.3384498357772827,0.297379732131958,0.3641704022884369,0.9267098589027106,0.6314210419479513,0,0,0.5218501091003418,0.27154022455215454,-0.00028717517852783203,-0.0008363872766494751,-0.0002206936478614807,0.00016105175018310547,0.00032348930835723877,-0.0036786459386348724,-0.01794242113828659,-0.04052864221730199
Stage1,S1_006,1.5,0.2,0.0,0.02,49,1.047957420349121,104,monotonic_hybrid,0.7188544273376465,0.22735421359539032,0.07226692885160446,1.232467770576477,0.15044167637825012,0.05650137737393379,0.07999999821186066,0.023498620837926865,0.17185209691524506,0.18110236525535583,0.009250268340110779,0.33651211857795715,0.29669415950775146,0.36679378151893616,0.9273240639837107,0.6591542696932677,0,0,0.5220309495925903,0.27194881439208984,0.0008117556571960449,-0.0008933097124099731,-0.0003224685788154602,0.0027697086334228516,-0.0005715489387512207,-0.00897182896733284,-0.021265268325805664,0.11305117219513933
Stage1,S1_006,1.5,0.2,0.0,0.02,49,1.0067253112792969,105,monotonic_hybrid,0.7033771276473999,0.22014927864074707,0.07124663889408112,1.1462374925613403,0.13077779114246368,0.05634002760052681,0.07538461685180664,0.01904458925127983,0.20086073875427246,0.1376146823167801,0.06324605643749237,0.3426012098789215,0.2973439395427704,0.3600548505783081,0.9249650564041493,0.6621538885227737,0,0,0.5218900442123413,0.2716335952281952,0.0017710328102111816,0.0002640187740325928,0.000284537672996521,0.006267189979553223,0.0034293532371520996,-0.009463176131248474,0.02924400568008423,0.25242551671706315
Stage1,S1_007,2.0,0.005,0.0,0.02,43,1.1273983716964722,101,monotonic_hybrid,0.7690566182136536,0.23097050189971924,0.07850955426692963,1.2417123317718506,0.1575326919555664,0.04892963171005249,0.08692307770252228,0.03799344599246979,0.17035098373889923,0.19847328960895538,0.028122305870056152,0.3903772830963135,0.29772135615348816,0.31190139055252075,0.9183607567512941,0.6506772583566564,0,0,0.5214632749557495,0.2957456707954407,1.1682510375976562e-05,-0.00023043155670166016,-0.0003409162163734436,-0.001175522804260254,-0.001611560583114624,-0.004918191581964493,-0.018511399626731873,0.001519093336892352
Stage1,S1_007,2.0,0.005,0.0,0.02,43,1.037980079650879,102,monotonic_hybrid,0.7367846965789795,0.21695615351200104,0.07980010658502579,1.4839023351669312,0.20148438215255737,0.0407504104077816,0.08923076838254929,0.048480357974767685,0.15653812885284424,0.2539682686328888,0.09743013978004456,0.3937865197658539,0.2975039780139923,0.3087095022201538,0.9233312343086398,0.6427581438791011,0,0,0.5214636325836182,0.29574328660964966,-0.0007292628288269043,-0.0001364201307296753,-0.0006953105330467224,-0.009362459182739258,-0.003990501165390015,-0.004967525601387024,-0.01889728009700775,-0.0988812238093056
Stage1,S1_007,2.0,0.005,0.0,0.02,50,1.080559253692627,103,monotonic_hybrid,0.70831298828125,0.22192643582820892,0.07872596383094788,1.1718493700027466,0.1283622533082962,0.04126748442649841,0.08538461476564407,0.04411713033914566,0.14313358068466187,0.14159291982650757,0.0015406608581542969,0.396433025598526,0.29695165157318115,0.30661535263061523,0.9163365668033799,0.644879009754638,0,0,0.521462619304657,0.2957339882850647,-0.00026041269302368164,-0.000893130898475647,-0.00021868199110031128,0.0001900196075439453,0.00037109851837158203,-0.0037180744111537933,-0.017341412603855133,-0.03675168905093242
Stage1,S1_007,2.0,0.005,0.0,0.02,49,1.156023383140564,104,monotonic_hybrid,0.7187859416007996,0.22723573446273804,0.07227214425802231,1.2325435876846313,0.1504260003566742,0.05622551590204239,0.07999999821186066,0.023774482309818268,0.17167051136493683,0.18110236525535583,0.009431853890419006,0.39337798953056335,0.2966724932193756,0.3099495470523834,0.9172009022347392,0.6712013875622149,0,0,0.5214616656303406,0.2957431375980377,0.0007432699203491211,-0.0010117888450622559,-0.0003172531723976135,0.0028455257415771484,-0.0005872249603271484,-0.008695967495441437,-0.021083682775497437,0.10351333558068782
Stage1,S1_007,2.0,0.005,0.0,0.02,43,1.1106449365615845,105,monotonic_hybrid,0.7022814154624939,0.22000141441822052,0.07105977833271027,1.1418873071670532,0.12878262996673584,0.05132865160703659,0.07538461685180664,0.02405596524477005,0.18698269128799438,0.1376146823167801,0.049368008971214294,0.40030601620674133,0.296579509973526,0.3031144440174103,0.9153077770978542,0.6733465691784297,0,0,0.5214632153511047,0.29574453830718994,0.0006753206253051758,0.00011615455150604248,9.767711162567139e-05,0.0019170045852661133,0.0014341920614242554,-0.004451800137758255,0.015365958213806152,0.0962535289066848
Stage1,S1_008,2.0,0.01,0.0,0.02,43,1.1272213459014893,101,monotonic_hybrid,0.7690584063529968,0.23097282648086548,0.07850734144449234,1.2417008876800537,0.15752552449703217,0.048966310918331146,0.08692307770252228,0.03795676678419113,0.1704641431570053,0.19847328960895538,0.028009146451950073,0.3889082372188568,0.2977805733680725,0.3133111894130707,0.9186297301219861,0.6503386724679189,0,0,0.5216645002365112,0.29524362087249756,1.3470649719238281e-05,-0.00022810697555541992,-0.00034312903881073,-0.001186966896057129,-0.0016187280416488647,-0.004954870790243149,-0.01862455904483795,0.0017516076231513854
Stage1,S1_008,2.0,0.01,0.0,0.02,43,1.0377241373062134,102,monotonic_hybrid,0.736782431602478,0.21695810556411743,0.07979719340801239,1.4838587045669556,0.20146706700325012,0.040772248059511185,0.08923076838254929,0.0484585203230381,0.15662702918052673,0.2539682686328888,0.09734123945236206,0.3923098146915436,0.2975728213787079,0.31011736392974854,0.9235787370942932,0.6424457937862882,0,0,0.5216649770736694,0.29523879289627075,-0.0007315278053283691,-0.00013446807861328125,-0.0006982237100601196,-0.009406089782714844,-0.004007816314697266,-0.004989363253116608,-0.018986180424690247,-0.09918833345415673
Stage1,S1_008,2.0,0.01,0.0,0.02,50,1.0803275108337402,103,monotonic_hybrid,0.7083154916763306,0.2219281941652298,0.07872439175844193,1.1718512773513794,0.12836416065692902,0.04129258543252945,0.08538461476564407,0.044092029333114624,0.1432201862335205,0.14159291982650757,0.0016272664070129395,0.39492276310920715,0.2970374822616577,0.30803972482681274,0.9166163561926444,0.6445249405211977,0,0,0.5216630697250366,0.2952200770378113,-0.00025790929794311523,-0.000891372561454773,-0.0002202540636062622,0.0001919269561767578,0.00037300586700439453,-0.0037431754171848297,-0.01725480705499649,-0.03639838830931211
Stage1,S1_008,2.0,0.01,0.0,0.02,49,1.1558924913406372,104,monotonic_hybrid,0.7187942266464233,0.22723743319511414,0.07227113842964172,1.232560157775879,0.1504250317811966,0.05626793950796127,0.07999999821186066,0.023732058703899384,0.17177262902259827,0.18110236525535583,0.009329736232757568,0.39190059900283813,0.2967488169670105,0.31135058403015137,0.9174746635896031,0.6708894468396438,0,0,0.5216615200042725,0.29523834586143494,0.0007515549659729004,-0.0010100901126861572,-0.00031825900077819824,0.002862095832824707,-0.0005881935358047485,-0.008738391101360321,-0.021185800433158875,0.10466717308234905
Stage1,S1_008,2.0,0.01,0.0,0.02,43,1.1104718446731567,105,monotonic_hybrid,0.702288806438446,0.22000370919704437,0.07106053829193115,1.1419060230255127,0.128794327378273,0.05136656388640404,0.07538461685180664,0.024018052965402603,0.1870918571949005,0.1376146823167801,0.04947717487812042,0.3988301455974579,0.29666265845298767,0.30450719594955444,0.9155617186445637,0.6730520935995778,0,0,0.5216643810272217,0.2952413260936737,0.0006827116012573242,0.00011844933032989502,9.843707084655762e-05,0.001935720443725586,0.0014458894729614258,-0.004489712417125702,0.01547512412071228,0.09730696558668735
Stage1,S1_009,2.0,0.02,0.0,0.02,43,1.126866102218628,101,monotonic_hybrid,0.7690621018409729,0.23097752034664154,0.07850291579961777,1.2416776418685913,0.15751124918460846,0.04903974384069443,0.08692307770252228,0.03788333386182785,0.17069043219089508,0.19847328960895538,0.027782857418060303,0.38597220182418823,0.2978877127170563,0.3161400854587555,0.9191658279258779,0.6496625618143828,0,0,0.5220375657081604,0.29422199726104736,1.71661376953125e-05,-0.0002234131097793579,-0.00034755468368530273,-0.0012102127075195312,-0.0016330033540725708,-0.00502830371260643,-0.018850848078727722,0.002232137148086721
Stage1,S1_009,2.0,0.02,0.0,0.02,43,1.0372107028961182,102,monotonic_hybrid,0.7367779016494751,0.21696218848228455,0.07979137450456619,1.4837719202041626,0.2014324814081192,0.04081587865948677,0.08923076838254929,0.048414889723062515,0.15680471062660217,0.2539682686328888,0.09716355800628662,0.3893586993217468,0.2976992130279541,0.3129420876502991,0.9240716821127483,0.6418227256508525,0,0,0.5220381617546082,0.29421237111091614,-0.0007360577583312988,-0.000130385160446167,-0.0007040426135063171,-0.009492874145507812,-0.004042401909828186,-0.005032993853092194,-0.019163861870765686,-0.099802552743859
Stage1,S1_009,2.0,0.02,0.0,0.02,50,1.079862356185913,103,monotonic_hybrid,0.7083203196525574,0.22193174064159393,0.07872124761343002,1.1718555688858032,0.1283680498600006,0.04134281352162361,0.08538461476564407,0.04404180124402046,0.1433933526277542,0.14159291982650757,0.001800432801246643,0.3919046223163605,0.2971975803375244,0.3108977675437927,0.91717385235459,0.6438181553127242,0,0,0.5220336318016052,0.29417431354522705,-0.0002530813217163086,-0.0008878260850906372,-0.00022339820861816406,0.00019621849060058594,0.00037689507007598877,-0.0037934035062789917,-0.017081640660762787,-0.03571702259333007
Stage1,S1_009,2.0,0.02,0.0,0.02,49,1.1556291580200195,104,monotonic_hybrid,0.7188105583190918,0.22724081575870514,0.07226917892694473,1.2325936555862427,0.1504231095314026,0.05635293945670128,0.07999999821186066,0.023647058755159378,0.1719769984483719,0.18110236525535583,0.009125366806983948,0.38894733786582947,0.29688960313796997,0.31416311860084534,0.9180200698746857,0.6702657311669558,0,0,0.5220320224761963,0.2942110002040863,0.0007678866386413574,-0.0010067075490951538,-0.0003202185034751892,0.0028955936431884766,-0.0005901157855987549,-0.008823391050100327,-0.021390169858932495,0.10694164412878919
Stage1,S1_009,2.0,0.02,0.0,0.02,43,1.1101242303848267,105,monotonic_hybrid,0.7023037672042847,0.2200082391500473,0.07106209546327591,1.1419438123703003,0.12881773710250854,0.051442429423332214,0.07538461685180664,0.023942187428474426,0.18731017410755157,0.1376146823167801,0.049695491790771484,0.39587992429733276,0.2968176603317261,0.3073023855686188,0.9160680468362364,0.6724641599883532,0,0,0.5220374464988708,0.2942173480987549,0.0006976723670959473,0.0001229792833328247,9.99942421913147e-05,0.0019735097885131836,0.0014692991971969604,-0.004565577954053879,0.015693441033363342,0.09943932531798283
Stage1,S1_010,2.0,0.05,0.0,0.02,43,1.1257915496826172,101,monotonic_hybrid,0.7690738439559937,0.23099178075790405,0.07848978787660599,1.2416104078292847,0.15746912360191345,0.049260228872299194,0.08692307770252228,0.037662848830223083,0.17136874794960022,0.19847328960895538,0.027104541659355164,0.37718290090560913,0.29811787605285645,0.3246992230415344,0.9207591083540072,0.6476430536817224,0,0,0.5229209661483765,0.2910188138484955,2.8908252716064453e-05,-0.0002091526985168457,-0.0003606826066970825,-0.0012774467468261719,-0.0016751289367675781,-0.005248788744211197,-0.01952916383743286,0.003758980961187708
Stage1,S1_010,2.0,0.05,0.0,0.02,43,1.035659909248352,102,monotonic_hybrid,0.7367643713951111,0.21697427332401276,0.07977404445409775,1.4835129976272583,0.20132945477962494,0.04094628989696503,0.08923076838254929,0.04828447848558426,0.1573360115289688,0.2539682686328888,0.09663225710391998,0.3805261552333832,0.29798761010169983,0.3214861750602722,0.9255338360467504,0.6399668005891337,0,0,0.5229198336601257,0.2909950017929077,-0.0007495880126953125,-0.00011830031871795654,-0.000721372663974762,-0.00975179672241211,-0.004145428538322449,-0.00516340509057045,-0.019695162773132324,-0.10163712878020656
Stage1,S1_010,2.0,0.05,0.0,0.02,50,1.078458309173584,103,monotonic_hybrid,0.7083349823951721,0.22194242477416992,0.07871187478303909,1.171869158744812,0.12838010489940643,0.04149352014064789,0.08538461476564407,0.043891094624996185,0.14391158521175385,0.14159291982650757,0.002318665385246277,0.3828718960285187,0.29758453369140625,0.31954362988471985,0.9188294565487853,0.6417088917176115,0,0,0.5229024291038513,0.29089462757110596,-0.0002384185791015625,-0.0008771419525146484,-0.00023277103900909424,0.000209808349609375,0.0003889501094818115,-0.003944110125303268,-0.016563408076763153,-0.033647689678125356
Stage1,S1_010,2.0,0.05,0.0,0.02,49,1.1548259258270264,104,monotonic_hybrid,0.7188604474067688,0.22725115716457367,0.07226341962814331,1.2326956987380981,0.15041793882846832,0.05660904943943024,0.07999999821186066,0.02339094877243042,0.1725907325744629,0.18110236525535583,0.008511632680892944,0.380102276802063,0.29721617698669434,0.3226815462112427,0.9196390849290692,0.6683967213394898,0,0,0.52290940284729,0.2909885048866272,0.0008177757263183594,-0.0009963661432266235,-0.00032597780227661133,0.0029976367950439453,-0.00059528648853302,-0.009079501032829285,-0.0220039039850235,0.11388957210641835
Stage1,S1_010,2.0,0.05,0.0,0.02,43,1.109072208404541,105,monotonic_hybrid,0.7023488879203796,0.2200218290090561,0.07106685638427734,1.1420592069625854,0.12888847291469574,0.051670338958501816,0.07538461685180664,0.023714277893304825,0.18796423077583313,0.1376146823167801,0.05034954845905304,0.38704442977905273,0.29719215631484985,0.315763384103775,0.9175743277276663,0.6707086696962465,0,0,0.5229201316833496,0.29100704193115234,0.000742793083190918,0.00013656914234161377,0.00010475516319274902,0.00208890438079834,0.0015400350093841553,-0.00479348748922348,0.016347497701644897,0.10587038634025647
Stage1,S1_011,2.0,0.1,0.0,0.02,43,1.1239726543426514,101,monotonic_hybrid,0.7690951824188232,0.23101593554019928,0.07846833765506744,1.241503119468689,0.1574012190103531,0.04962810128927231,0.08692307770252228,0.03729497641324997,0.17249618470668793,0.19847328960895538,0.025977104902267456,0.36261510848999023,0.2981947064399719,0.33919018507003784,0.9233629610613209,0.6443079969161087,0,0,0.5236074924468994,0.2852335274219513,5.02467155456543e-05,-0.00018499791622161865,-0.0003821328282356262,-0.001384735107421875,-0.001743033528327942,-0.005616661161184311,-0.02065660059452057,0.0065336514438788405
Stage1,S1_011,2.0,0.1,0.0,0.02,43,1.0330417156219482,102,monotonic_hybrid,0.7367430925369263,0.21699459850788116,0.07974563539028168,1.4830867052078247,0.20116014778614044,0.04116165265440941,0.08923076838254929,0.04806911572813988,0.15821503102779388,0.2539682686328888,0.09575323760509491,0.36589178442955017,0.2981627583503723,0.3359454870223999,0.9279144863974758,0.6369181002095355,0,0,0.5235986113548279,0.2851869761943817,-0.000770866870880127,-9.797513484954834e-05,-0.0007497817277908325,-0.010178089141845703,-0.004314735531806946,-0.0053787678480148315,-0.020574182271957397,-0.10452234307525536
Stage1,S1_011,2.0,0.1,0.0,0.02,50,1.0760895013809204,103,monotonic_hybrid,0.7083598971366882,0.22196030616760254,0.07869642972946167,1.1718956232070923,0.12840142846107483,0.04174461215734482,0.08538461476564407,0.043640002608299255,0.14477069675922394,0.14159291982650757,0.0031777769327163696,0.3679071366786957,0.2979150116443634,0.3341778516769409,0.92153120239052,0.6382310561169899,0,0,0.5235443115234375,0.284970223903656,-0.00021350383758544922,-0.0008592605590820312,-0.00024821609258651733,0.00023627281188964844,0.0004102736711502075,-0.004195202142000198,-0.01570429652929306,-0.03013150610676126
Stage1,S1_011,2.0,0.1,0.0,0.02,49,1.1534451246261597,104,monotonic_hybrid,0.7189460396766663,0.22726872563362122,0.07225427776575089,1.232870101928711,0.15041111409664154,0.05703897774219513,0.07999999821186066,0.022961020469665527,0.17361418902873993,0.18110236525535583,0.007488176226615906,0.3654305040836334,0.29744085669517517,0.3371286690235138,0.9222783541058381,0.6652928579142173,0,0,0.5235892534255981,0.2851635813713074,0.0009033679962158203,-0.0009787976741790771,-0.00033511966466903687,0.0031720399856567383,-0.0006021112203598022,-0.009509429335594177,-0.023027360439300537,0.1258097926271776
Stage1,S1_011,2.0,0.1,0.0,0.02,43,1.1072907447814941,105,monotonic_hybrid,0.7024253010749817,0.22004434466362,0.07107511907815933,1.1422574520111084,0.12900777161121368,0.05205078795552254,0.07538461685180664,0.023333828896284103,0.18905051052570343,0.1376146823167801,0.05143582820892334,0.37238672375679016,0.2975115478038788,0.33010172843933105,0.9200409539582388,0.6678111544935638,0,0,0.5236040353775024,0.2852098345756531,0.0008192062377929688,0.00015908479690551758,0.00011301785707473755,0.002287149429321289,0.0016593337059020996,-0.005173936486244202,0.017433777451515198,0.11676156233834738
Stage1,S1_012,2.0,0.2,0.0,0.02,43,1.1202449798583984,101,monotonic_hybrid,0.7691442966461182,0.2310658097267151,0.0784272849559784,1.2413078546524048,0.15727466344833374,0.0503619909286499,0.08692307770252228,0.036561086773872375,0.17472881078720093,0.19847328960895538,0.023744478821754456,0.33391469717025757,0.29718875885009766,0.3688965439796448,0.9283675717100411,0.6377616404311623,0,0,0.522063136100769,0.27211183309555054,9.936094284057617e-05,-0.00013512372970581055,-0.0004231855273246765,-0.0015799999237060547,-0.00186958909034729,-0.006350550800561905,-0.02288922667503357,0.012920043839793626
Stage1,S1_012,2.0,0.2,0.0,0.02,43,1.027704119682312,102,monotonic_hybrid,0.7367044687271118,0.21703551709651947,0.07969080656766891,1.4822574853897095,0.20083199441432953,0.04158296063542366,0.08923076838254929,0.047647807747125626,0.15994121134281158,0.2539682686328888,0.09402705729007721,0.3370714485645294,0.29735371470451355,0.3655748665332794,0.9324615412279839,0.6309884802961885,0,0,0.5220296382904053,0.2720262408256531,-0.0008094906806945801,-5.7056546211242676e-05,-0.000804610550403595,-0.011007308959960938,-0.004642888903617859,-0.005800075829029083,-0.022300362586975098,-0.1097593707032431
Stage1,S1_012,2.0,0.2,0.0,0.02,50,1.0712642669677734,103,monotonic_hybrid,0.7084112167358398,0.22199617326259613,0.07866635918617249,1.1719622611999512,0.12844862043857574,0.04224453866481781,0.08538461476564407,0.04314007610082626,0.146465003490448,0.14159291982650757,0.00487208366394043,0.3384442627429962,0.29738157987594604,0.36417412757873535,0.926710937906445,0.6314209666508057,0,0,0.5218489766120911,0.2715373635292053,-0.0001621842384338379,-0.0008233934640884399,-0.0002782866358757019,0.00030291080474853516,0.00045746564865112305,-0.00469512864947319,-0.014009989798069,-0.022888840903544774
Stage1,S1_012,2.0,0.2,0.0,0.02,49,1.1505370140075684,104,monotonic_hybrid,0.719124972820282,0.22730503976345062,0.07223793119192123,1.2332335710525513,0.15040402114391327,0.05790572613477707,0.07999999821186066,0.022094272077083588,0.17565158009529114,0.18110236525535583,0.005450785160064697,0.33649492263793945,0.29669129848480225,0.3668137788772583,0.9273263448747014,0.659150424562505,0,0,0.5220270156860352,0.2719400227069855,0.001082301139831543,-0.0009424835443496704,-0.00035146623849868774,0.0035355091094970703,-0.0006092041730880737,-0.010376177728176117,-0.025064751505851746,0.15072936226737205
Stage1,S1_012,2.0,0.2,0.0,0.02,49,1.103607177734375,105,monotonic_hybrid,0.7036333084106445,0.22017130255699158,0.07130302488803864,1.1471747159957886,0.13124394416809082,0.057410020381212234,0.07538461685180664,0.017974596470594406,0.20436494052410126,0.1376146823167801,0.06675025820732117,0.3425930142402649,0.29734572768211365,0.36006131768226624,0.9249664272578485,0.6621535137120178,0,0,0.521888256072998,0.27162936329841614,0.0020272135734558105,0.0002860426902770996,0.00034092366695404053,0.007204413414001465,0.003895506262779236,-0.010533168911933899,0.032748207449913025,0.28893899131908707
Stage1,S1_013,2.5,0.005,0.0,0.02,43,1.226257562637329,101,monotonic_hybrid,0.7691032290458679,0.23092177510261536,0.07845881581306458,1.2419202327728271,0.15732747316360474,0.049833185970783234,0.08692307770252228,0.037089891731739044,0.1735539734363556,0.19847328960895538,0.024919316172599792,0.3903770446777344,0.29772135615348816,0.31190162897109985,0.9183608001226085,0.6506772172135639,0,0,0.5214632153511047,0.2957456111907959,5.829334259033203e-05,-0.000279158353805542,-0.0003916546702384949,-0.0009676218032836914,-0.001816779375076294,-0.005821745842695236,-0.021714389324188232,0.007579965732044491
Stage1,S1_013,2.5,0.005,0.0,0.02,43,1.1293542385101318,102,monotonic_hybrid,0.7367458939552307,0.21694694459438324,0.07968614995479584,1.4824483394622803,0.2008388638496399,0.04164224490523338,0.08923076838254929,0.0475885234773159,0.15977397561073303,0.2539682686328888,0.09419429302215576,0.39378634095191956,0.2975040078163147,0.30870962142944336,0.9233312600009572,0.6427581361829621,0,0,0.5214635133743286,0.2957431972026825,-0.0007680654525756836,-0.00014562904834747314,-0.0008092671632766724,-0.010816454887390137,-0.004636019468307495,-0.005859360098838806,-0.022133126854896545,-0.10414249693557107
Stage1,S1_013,2.5,0.005,0.0,0.02,50,1.1771280765533447,103,monotonic_hybrid,0.7084130048751831,0.22192981839179993,0.07868391275405884,1.1719743013381958,0.12846249341964722,0.042008183896541595,0.08538461476564407,0.04337643086910248,0.14605453610420227,0.14159291982650757,0.004461616277694702,0.39643290638923645,0.2969517111778259,0.30661541223526,0.916336597840585,0.6448790122634891,0,0,0.5214627385139465,0.2957339584827423,-0.00016039609909057617,-0.0008897483348846436,-0.00026073306798934937,0.00031495094299316406,0.0004713386297225952,-0.004458773881196976,-0.014420457184314728,-0.022636483230958834
Stage1,S1_013,2.5,0.005,0.0,0.02,49,1.259953260421753,104,monotonic_hybrid,0.7189778685569763,0.22718365490436554,0.07224996387958527,1.2331368923187256,0.15038807690143585,0.05719057470560074,0.07999999821186066,0.022809423506259918,0.17437082529067993,0.18110236525535583,0.006731539964675903,0.39337748289108276,0.29667234420776367,0.30995020270347595,0.9172009671948129,0.671201206290575,0,0,0.5214617848396301,0.295742928981781,0.0009351968765258789,-0.0010638684034347534,-0.00033943355083465576,0.0034388303756713867,-0.0006251484155654907,-0.009661026298999786,-0.02378399670124054,0.13024252087096969
Stage1,S1_013,2.5,0.005,0.0,0.02,43,1.209299087524414,105,monotonic_hybrid,0.7024441957473755,0.22001659870147705,0.07108194380998611,1.1424376964569092,0.1290506273508072,0.05210326611995697,0.07538461685180664,0.02328135073184967,0.189536452293396,0.1376146823167801,0.051921769976615906,0.40030577778816223,0.2965795695781708,0.3031146228313446,0.915307814403502,0.6733465391070224,0,0,0.5214632749557495,0.2957444190979004,0.0008381009101867676,0.00013133883476257324,0.00011984258890151978,0.0024673938751220703,0.0017021894454956055,-0.005226414650678635,0.017919719219207764,0.11945462223803133
Stage1,S1_014,2.5,0.01,0.0,0.02,43,1.226035714149475,101,monotonic_hybrid,0.7691057920455933,0.23092427849769592,0.07845639437437057,1.2419103384017944,0.15732000768184662,0.049875881522893906,0.08692307770252228,0.03704719617962837,0.17368429899215698,0.19847328960895538,0.0247889906167984,0.3889077603816986,0.2977806329727173,0.3133116364479065,0.9186298104037639,0.650338582652791,0,0,0.5216645002365112,0.29524341225624084,6.085634231567383e-05,-0.0002766549587249756,-0.0003940761089324951,-0.0009775161743164062,-0.0018242448568344116,-0.005864441394805908,-0.021844714879989624,0.007913236209015772
Stage1,S1_014,2.5,0.01,0.0,0.02,43,1.1290335655212402,102,monotonic_hybrid,0.7367435693740845,0.2169492542743683,0.07968287169933319,1.4823991060256958,0.2008192390203476,0.04166771098971367,0.08923076838254929,0.04756305739283562,0.15987710654735565,0.2539682686328888,0.09409116208553314,0.3923094868659973,0.29757291078567505,0.31011757254600525,0.9235787982115125,0.6424457845997411,0,0,0.5216649174690247,0.295238733291626,-0.0007703900337219238,-0.00014331936836242676,-0.0008125454187393188,-0.01086568832397461,-0.0046556442975997925,-0.005884826183319092,-0.022236257791519165,-0.10445768841318144
Stage1,S1_014,2.5,0.01,0.0,0.02,50,1.17683744430542,103,monotonic_hybrid,0.7084161639213562,0.22193185985088348,0.07868216186761856,1.1719777584075928,0.12846510112285614,0.0420374758541584,0.08538461476564407,0.04334713891148567,0.14615541696548462,0.14159291982650757,0.004562497138977051,0.39492252469062805,0.2970375716686249,0.3080398738384247,0.9166164015362495,0.6445249269566171,0,0,0.5216630697250366,0.2952200174331665,-0.00015723705291748047,-0.0008877068758010864,-0.00026248395442962646,0.0003184080123901367,0.00047394633293151855,-0.004488065838813782,-0.01431957632303238,-0.022190651342723675
Stage1,S1_014,2.5,0.01,0.0,0.02,49,1.2597882747650146,104,monotonic_hybrid,0.7189878225326538,0.22718550264835358,0.07224898040294647,1.233157753944397,0.15038739144802094,0.0572398416697979,0.07999999821186066,0.02276015654206276,0.17448820173740387,0.18110236525535583,0.006614163517951965,0.39189961552619934,0.296748548746109,0.3113518953323364,0.9174747929611907,0.6708890851986951,0,0,0.521661639213562,0.2952379286289215,0.0009451508522033691,-0.0010620206594467163,-0.0003404170274734497,0.0034596920013427734,-0.0006258338689804077,-0.009710293263196945,-0.023901373147964478,0.13162878607080727
Stage1,S1_014,2.5,0.01,0.0,0.02,43,1.2090815305709839,105,monotonic_hybrid,0.7024531960487366,0.2200191766023636,0.07108291983604431,1.1424610614776611,0.12906436622142792,0.05214711278676987,0.07538461685180664,0.023237504065036774,0.18966129422187805,0.1376146823167801,0.05204661190509796,0.3988296687602997,0.29666274785995483,0.30450761318206787,0.9155617912738165,0.673052032648566,0,0,0.5216645002365112,0.2952410876750946,0.0008471012115478516,0.0001339167356491089,0.0001208186149597168,0.0024907588958740234,0.001715928316116333,-0.005270261317491531,0.01804456114768982,0.12073743625964733
Stage1,S1_015,2.5,0.02,0.0,0.02,43,1.2255909442901611,101,monotonic_hybrid,0.769110918045044,0.23092937469482422,0.07845157384872437,1.2418906688690186,0.15730518102645874,0.04996134713292122,0.08692307770252228,0.03696173056960106,0.17394495010375977,0.19847328960895538,0.024528339505195618,0.38597121834754944,0.2978878617286682,0.3161409795284271,0.9191659873588123,0.6496623998469844,0,0,0.5220375061035156,0.2942216098308563,6.598234176635742e-05,-0.0002715587615966797,-0.00039889663457870483,-0.0009971857070922852,-0.00183907151222229,-0.0059499070048332214,-0.022105365991592407,0.008579777162958335
Stage1,S1_015,2.5,0.02,0.0,0.02,43,1.1283906698226929,102,monotonic_hybrid,0.7367389798164368,0.21695385873317719,0.0796763151884079,1.4823006391525269,0.20078016817569733,0.04171858727931976,0.08923076838254929,0.04751218110322952,0.16008321940898895,0.2539682686328888,0.09388504922389984,0.3893580436706543,0.2976994514465332,0.3129425346851349,0.9240717928789826,0.6418226977366859,0,0,0.5220382213592529,0.29421210289001465,-0.0007749795913696289,-0.00013871490955352783,-0.0008191019296646118,-0.010964155197143555,-0.004694715142250061,-0.005935702472925186,-0.022442370653152466,-0.10507998953564295
Stage1,S1_015,2.5,0.02,0.0,0.02,50,1.1762548685073853,103,monotonic_hybrid,0.7084226608276367,0.2219359427690506,0.0786786898970604,1.1719850301742554,0.12847042083740234,0.04209606349468231,0.08538461476564407,0.04328855127096176,0.146356999874115,0.14159291982650757,0.004764080047607422,0.39190414547920227,0.29719775915145874,0.3108981251716614,0.917173942814837,0.6438181457874143,0,0,0.5220335721969604,0.29417407512664795,-0.0001507401466369629,-0.0008836239576339722,-0.00026595592498779297,0.0003256797790527344,0.00047926604747772217,-0.004546653479337692,-0.014117993414402008,-0.02127375179899476
Stage1,S1_015,2.5,0.02,0.0,0.02,49,1.2594562768936157,104,monotonic_hybrid,0.7190077900886536,0.22718924283981323,0.07224701344966888,1.233199954032898,0.15038615465164185,0.057338543236255646,0.07999999821186066,0.02266145497560501,0.17472302913665771,0.18110236525535583,0.00637933611869812,0.3889453709125519,0.2968890368938446,0.3141655921936035,0.9180203303639276,0.6702650452680143,0,0,0.5220321416854858,0.2942102551460266,0.000965118408203125,-0.0010582804679870605,-0.0003423839807510376,0.00350189208984375,-0.0006270706653594971,-0.009808994829654694,-0.024136200547218323,0.13440961745970306
Stage1,S1_015,2.5,0.02,0.0,0.02,43,1.2086454629898071,105,monotonic_hybrid,0.7024711966514587,0.22002431750297546,0.07108490914106369,1.1425081491470337,0.12909191846847534,0.05223482474684715,0.07538461685180664,0.023149792104959488,0.18991082906723022,0.1376146823167801,0.052296146750450134,0.39587900042533875,0.296817809343338,0.30730319023132324,0.9160681983313859,0.6724640611714626,0,0,0.5220374464988708,0.29421693086624146,0.0008651018142700195,0.00013905763626098633,0.00012280791997909546,0.002537846565246582,0.0017434805631637573,-0.005357973277568817,0.018294095993041992,0.12330306430287935
Stage1,S1_016,2.5,0.05,0.0,0.02,43,1.2242448329925537,101,monotonic_hybrid,0.7691270112991333,0.23094482719898224,0.07843726128339767,1.2418338060379028,0.15726159512996674,0.05021806061267853,0.08692307770252228,0.03670501708984375,0.17472617328166962,0.19847328960895538,0.023747116327285767,0.3771805167198181,0.29811814427375793,0.3247013986110687,0.9207595047896611,0.6476427064556307,0,0,0.5229208469390869,0.29101794958114624,8.207559585571289e-05,-0.00025610625743865967,-0.0004132091999053955,-0.0010540485382080078,-0.0018826574087142944,-0.00620662048459053,-0.02288658916950226,0.010672405739289636
Stage1,S1_016,2.5,0.05,0.0,0.02,43,1.1264479160308838,102,monotonic_hybrid,0.7367258071899414,0.21696770191192627,0.07965683192014694,1.482007384300232,0.20066381990909576,0.04187050089240074,0.08923076838254929,0.047360267490148544,0.16069914400577545,0.2539682686328888,0.09326912462711334,0.38052454590797424,0.2979881763458252,0.32148727774620056,0.9255341141156674,0.6399667775557402,0,0,0.5229196548461914,0.2909943461418152,-0.0007881522178649902,-0.00012487173080444336,-0.0008385851979255676,-0.011257410049438477,-0.0048110634088516235,-0.0060876160860061646,-0.023058295249938965,-0.10686607457543507
Stage1,S1_016,2.5,0.05,0.0,0.02,50,1.1744954586029053,103,monotonic_hybrid,0.7084420919418335,0.22194822132587433,0.07866832613945007,1.1720080375671387,0.1284867823123932,0.04227178916335106,0.08538461476564407,0.043112825602293015,0.1469600349664688,0.14159291982650757,0.005367115139961243,0.3828706741333008,0.2975849211215973,0.31954440474510193,0.9188296885602381,0.6417088561487572,0,0,0.5229024291038513,0.29089415073394775,-0.00013130903244018555,-0.0008713454008102417,-0.000276319682598114,0.00034868717193603516,0.0004956275224685669,-0.004722379148006439,-0.013514958322048187,-0.01853146509022754
Stage1,S1_016,2.5,0.05,0.0,0.02,49,1.25844407081604,104,monotonic_hybrid,0.7190687656402588,0.22720064222812653,0.07224132865667343,1.233328104019165,0.15038304030895233,0.05763590708374977,0.07999999821186066,0.022364091128110886,0.17542794346809387,0.18110236525535583,0.005674421787261963,0.3800976872444153,0.2972150146961212,0.3226873576641083,0.9196397035157614,0.6683952193897622,0,0,0.5229096412658691,0.2909865975379944,0.0010260939598083496,-0.001046881079673767,-0.0003480687737464905,0.00363004207611084,-0.0006301850080490112,-0.010106358677148819,-0.02484111487865448,0.14290152943236092
Stage1,S1_016,2.5,0.05,0.0,0.02,43,1.2073255777359009,105,monotonic_hybrid,0.7025259137153625,0.22003966569900513,0.07109100371599197,1.1426514387130737,0.1291750818490982,0.05249826982617378,0.07538461685180664,0.02288634702563286,0.19065815210342407,0.1376146823167801,0.05304346978664398,0.3870421051979065,0.2971925735473633,0.3157653212547302,0.9175746957150992,0.6707084548451967,0,0,0.5229200124740601,0.2910061478614807,0.0009198188781738281,0.00015440583229064941,0.00012890249490737915,0.002681136131286621,0.001826643943786621,-0.005621418356895447,0.01904141902923584,0.13110189391773697
Stage1,S1_017,2.5,0.1,0.0,0.02,43,1.2219667434692383,101,monotonic_hybrid,0.7691560387611389,0.23097111284732819,0.07841397821903229,1.2417458295822144,0.1571919173002243,0.05064641684293747,0.08692307770252228,0.03627666085958481,0.17602387070655823,0.19847328960895538,0.022449418902397156,0.36261045932769775,0.29819533228874207,0.33919426798820496,0.9233637262790643,0.6443074301199667,0,0,0.523607075214386,0.28523141145706177,0.00011110305786132812,-0.0002298206090927124,-0.00043649226427078247,-0.0011420249938964844,-0.001952335238456726,-0.006634976714849472,-0.02418428659439087,0.014446887652894614
Stage1,S1_017,2.5,0.1,0.0,0.02,43,1.1231685876846313,102,monotonic_hybrid,0.7367053031921387,0.21699100732803345,0.0796249657869339,1.481525182723999,0.20047304034233093,0.04212097451090813,0.08923076838254929,0.04710979387164116,0.16171666979789734,0.2539682686328888,0.09225159883499146,0.365888386964798,0.29816383123397827,0.33594775199890137,0.9279150584514951,0.6369180683761684,0,0,0.5235981941223145,0.2851855158805847,-0.0008086562156677246,-0.00010156631469726562,-0.0008704513311386108,-0.011739611625671387,-0.005001842975616455,-0.00633808970451355,-0.024075821042060852,-0.10964622504461374
Stage1,S1_017,2.5,0.1,0.0,0.02,50,1.1715272665023804,103,monotonic_hybrid,0.7084752917289734,0.22196878492832184,0.07865133881568909,1.1720508337020874,0.12851552665233612,0.042564257979393005,0.08538461476564407,0.04282035678625107,0.14795838296413422,0.14159291982650757,0.006365463137626648,0.3679046928882599,0.29791587591171265,0.33417946100234985,0.9215316662368189,0.6382310106705086,0,0,0.5235440731048584,0.2849692106246948,-9.810924530029297e-05,-0.0008507817983627319,-0.00029330700635910034,0.0003914833068847656,0.000524371862411499,-0.005014847964048386,-0.012516610324382782,-0.013846024302548585
Stage1,S1_017,2.5,0.1,0.0,0.02,49,1.2567036151885986,104,monotonic_hybrid,0.7191734313964844,0.2272200584411621,0.07223249226808548,1.2335474491119385,0.15038006007671356,0.05813505873084068,0.07999999821186066,0.021864939481019974,0.1766023337841034,0.18110236525535583,0.004500031471252441,0.36542195081710815,0.29743897914886475,0.3371390700340271,0.9222794792338984,0.665290407878781,0,0,0.5235887765884399,0.2851598858833313,0.0011307597160339355,-0.0010274648666381836,-0.00035690516233444214,0.0038493871688842773,-0.0006331652402877808,-0.01060551032423973,-0.026015505194664,0.1574780665037072
Stage1,S1_017,2.5,0.1,0.0,0.02,43,1.2050901651382446,105,monotonic_hybrid,0.7026185989379883,0.22006511688232422,0.0711016058921814,1.1428972482681274,0.12931525707244873,0.05293777585029602,0.07538461685180664,0.02244684100151062,0.19189795851707458,0.1376146823167801,0.054283276200294495,0.37238216400146484,0.29751238226890564,0.3301054537296295,0.9200416846488183,0.6678107990245085,0,0,0.5236035585403442,0.2852078676223755,0.0010125041007995605,0.0001798570156097412,0.00013950467109680176,0.002926945686340332,0.001966819167137146,-0.006060924381017685,0.020281225442886353,0.14431232970325283
Stage1,S1_018,2.5,0.2,0.0,0.02,43,1.2172966003417969,101,monotonic_hybrid,0.769222617149353,0.23102553188800812,0.07836977392435074,1.2415953874588013,0.15706439316272736,0.05150069668889046,0.08692307770252228,0.03542238101363182,0.17858929932117462,0.19847328960895538,0.01988399028778076,0.3339059352874756,0.2971901297569275,0.3689039349555969,0.928369055796962,0.6377608634609053,0,0,0.522061288356781,0.2721073627471924,0.00017768144607543945,-0.00017540156841278076,-0.00048069655895233154,-0.0012924671173095703,-0.0020798593759536743,-0.00748925656080246,-0.026749715209007263,0.02310416957793929
Stage1,S1_018,2.5,0.2,0.0,0.02,43,1.116483211517334,102,monotonic_hybrid,0.7366697192192078,0.21703828871250153,0.07956375926733017,1.4805904626846313,0.200104758143425,0.042609382420778275,0.08923076838254929,0.04662138596177101,0.1637088805437088,0.2539682686328888,0.09025938808917999,0.33706459403038025,0.29735586047172546,0.3655795454978943,0.9324627196879003,0.6309884604406673,0,0,0.5220282077789307,0.27202272415161133,-0.0008442401885986328,-5.428493022918701e-05,-0.0009316578507423401,-0.012674331665039062,-0.0053701251745224,-0.0068264976143836975,-0.026068031787872314,-0.11447107920188022
Stage1,S1_018,2.5,0.2,0.0,0.02,50,1.1654809713363647,103,monotonic_hybrid,0.7085435390472412,0.22201019525527954,0.07861848175525665,1.1721526384353638,0.1285782754421234,0.04314529523253441,0.08538461476564407,0.042239319533109665,0.14992238581180573,0.14159291982650757,0.008329465985298157,0.33843937516212463,0.29738324880599976,0.3641773760318756,0.9267118921062596,0.6314209050138455,0,0,0.5218479633331299,0.27153486013412476,-2.9861927032470703e-05,-0.0008093714714050293,-0.0003261640667915344,0.0004932880401611328,0.0005871206521987915,-0.005595885217189789,-0.010552607476711273,-0.004214373132185202
Stage1,S1_018,2.5,0.2,0.0,0.02,49,1.2530382871627808,104,monotonic_hybrid,0.7193930745124817,0.22726044058799744,0.0722174122929573,1.2340036630630493,0.15038248896598816,0.05914154648780823,0.07999999821186066,0.02085845172405243,0.17893660068511963,0.18110236525535583,0.002165764570236206,0.3364800214767456,0.29668906331062317,0.3668309152126312,0.9273283326358899,0.6591471804607583,0,0,0.5220236778259277,0.27193236351013184,0.00135040283203125,-0.0009870827198028564,-0.00037198513746261597,0.004305601119995117,-0.0006307363510131836,-0.011611998081207275,-0.028349772095680237,0.1880672117815608
Stage1,S1_018,2.5,0.2,0.0,0.02,49,1.2004494667053223,105,monotonic_hybrid,0.7038747668266296,0.22018994390964508,0.07135281711816788,1.1480664014816284,0.13164393603801727,0.058331746608018875,0.07538461685180664,0.017052870243787766,0.20734074711799622,0.1376146823167801,0.06972606480121613,0.34258583188056946,0.2973472774028778,0.3600669503211975,0.9249676232583405,0.6621531961174514,0,0,0.5218867063522339,0.27162569761276245,0.002268671989440918,0.00030468404293060303,0.00039071589708328247,0.008096098899841309,0.0042954981327056885,-0.01145489513874054,0.03572401404380798,0.3233540880182027
Stage1,S1_019,3.0,0.005,0.0,0.02,43,1.325114130973816,101,monotonic_hybrid,0.7691607475280762,0.23087555170059204,0.07841607183218002,1.2422369718551636,0.1571633219718933,0.050643954426050186,0.08692307770252228,0.03627912327647209,0.1763870120048523,0.19847328960895538,0.02208627760410309,0.39037683606147766,0.29772135615348816,0.31190186738967896,0.9183608338753858,0.6506771754038181,0,0,0.5214632749557495,0.29574549198150635,0.00011581182479858398,-0.0003253817558288574,-0.0004343986511230469,-0.0006508827209472656,-0.0019809305667877197,-0.006632514297962189,-0.024547427892684937,0.015059175273376734
Stage1,S1_019,3.0,0.005,0.0,0.02,43,1.2207038402557373,102,monotonic_hybrid,0.7367346882820129,0.21694119274616241,0.07958700507879257,1.481208324432373,0.20027823746204376,0.04244145750999451,0.08923076838254929,0.04678931087255478,0.16265009343624115,0.2539682686328888,0.09131817519664764,0.39378622174263,0.29750409722328186,0.3087097108364105,0.923331290555013,0.6427581363307592,0,0,0.5214635133743286,0.2957431375980377,-0.000779271125793457,-0.00015138089656829834,-0.0009084120392799377,-0.012056469917297363,-0.0051966458559036255,-0.00665857270359993,-0.025009244680404663,-0.10566188149430825
Stage1,S1_019,3.0,0.005,0.0,0.02,50,1.2736667394638062,103,monotonic_hybrid,0.7085162401199341,0.22193509340286255,0.07864773273468018,1.1721285581588745,0.12855741381645203,0.042673055082559586,0.08538461476564407,0.04271155968308449,0.14865726232528687,0.14159291982650757,0.007064342498779297,0.3964327871799469,0.2969517111778259,0.3066155016422272,0.9163366185853602,0.6448790061989553,0,0,0.5214626789093018,0.2957339286804199,-5.716085433959961e-05,-0.0008844733238220215,-0.0002969130873680115,0.000469207763671875,0.0005662590265274048,-0.005123645067214966,-0.011817730963230133,-0.008067033600330556
Stage1,S1_019,3.0,0.005,0.0,0.02,49,1.3638368844985962,104,monotonic_hybrid,0.7191672325134277,0.22713783383369446,0.07223262637853622,1.2337262630462646,0.15036076307296753,0.05804944410920143,0.07999999821186066,0.021950554102659225,0.1767461895942688,0.18110236525535583,0.004356175661087036,0.39337703585624695,0.29667219519615173,0.3099507689476013,0.9172010272456592,0.6712010554505368,0,0,0.5214618444442749,0.2957426905632019,0.001124560832977295,-0.001109689474105835,-0.0003567710518836975,0.004028201103210449,-0.0006524622440338135,-0.010519895702600479,-0.026159361004829407,0.1566147636247664
Stage1,S1_019,3.0,0.005,0.0,0.02,43,1.3079248666763306,105,monotonic_hybrid,0.7026036381721497,0.2200312465429306,0.07110213488340378,1.1429786682128906,0.12928710877895355,0.05279719457030296,0.07538461685180664,0.022587422281503677,0.1917903572320938,0.1376146823167801,0.05417567491531372,0.4003055989742279,0.29657959938049316,0.3031148612499237,0.9153078478071482,0.6733465129093589,0,0,0.5214632153511047,0.2957443594932556,0.0009975433349609375,0.0001459866762161255,0.00014003366231918335,0.0030083656311035156,0.0019386708736419678,-0.005920343101024628,0.02017362415790558,0.14217996997195734
Stage1,S1_020,3.0,0.01,0.0,0.02,43,1.3248475790023804,101,monotonic_hybrid,0.769163966178894,0.23087824881076813,0.07841350138187408,1.2422294616699219,0.1571558266878128,0.05069182813167572,0.08692307770252228,0.03623124957084656,0.17653171718120575,0.19847328960895538,0.021941572427749634,0.3889072835445404,0.29778072237968445,0.3133120536804199,0.9186298813066404,0.6503385099630415,0,0,0.5216646194458008,0.2952432632446289,0.00011903047561645508,-0.000322684645652771,-0.0004369691014289856,-0.0006583929061889648,-0.001988425850868225,-0.006680388003587723,-0.02469213306903839,0.015477700988642994
Stage1,S1_020,3.0,0.01,0.0,0.02,43,1.2203184366226196,102,monotonic_hybrid,0.7367324829101562,0.21694375574588776,0.07958342880010605,1.481154441833496,0.20025686919689178,0.042470041662454605,0.08923076838254929,0.04676072672009468,0.16276530921459198,0.2539682686328888,0.09120295941829681,0.39230915904045105,0.2975730001926422,0.31011781096458435,0.9235788490573401,0.6424457698911202,0,0,0.5216649770736694,0.2952384948730469,-0.0007814764976501465,-0.00014881789684295654,-0.0009119883179664612,-0.012110352516174316,-0.005218014121055603,-0.006687156856060028,-0.025124460458755493,-0.10596090930640015
Stage1,S1_020,3.0,0.01,0.0,0.02,50,1.2733174562454224,103,monotonic_hybrid,0.7085202932357788,0.2219373732805252,0.07864587008953094,1.1721336841583252,0.12856072187423706,0.0427059642970562,0.08538461476564407,0.042678650468587875,0.1487703174352646,0.14159291982650757,0.007177397608757019,0.39492228627204895,0.29703769087791443,0.308040052652359,0.9166164465433938,0.6445249160802263,0,0,0.5216631889343262,0.29521989822387695,-5.310773849487305e-05,-0.0008821934461593628,-0.00029877573251724243,0.0004743337631225586,0.000569567084312439,-0.005156554281711578,-0.011704675853252411,-0.007495022875802424
Stage1,S1_020,3.0,0.01,0.0,0.02,49,1.3636375665664673,104,monotonic_hybrid,0.7191789150238037,0.22713980078697205,0.07223168015480042,1.233751654624939,0.15036046504974365,0.058104630559682846,0.07999999821186066,0.02189536765217781,0.17687638103961945,0.18110236525535583,0.004225984215736389,0.3918987214565277,0.2967483103275299,0.3113529682159424,0.9174749158470461,0.6708887815042371,0,0,0.521661639213562,0.29523760080337524,0.0011362433433532715,-0.001107722520828247,-0.00035771727561950684,0.004053592681884766,-0.0006527602672576904,-0.010575082153081894,-0.026289552450180054,0.15824175751200095
Stage1,S1_020,3.0,0.01,0.0,0.02,43,1.3076632022857666,105,monotonic_hybrid,0.7026140689849854,0.22003406286239624,0.07110332697629929,1.1430063247680664,0.12930265069007874,0.05284611135721207,0.07538461685180664,0.022538505494594574,0.1919281780719757,0.1376146823167801,0.05431349575519562,0.39882925152778625,0.2966627776622772,0.30450794100761414,0.9155618616161356,0.6730519925733868,0,0,0.5216645002365112,0.29524096846580505,0.0010079741477966309,0.0001488029956817627,0.00014122575521469116,0.003036022186279297,0.001954212784767151,-0.005969259887933731,0.020311444997787476,0.14366667496389643
Stage1,S1_021,3.0,0.02,0.0,0.02,43,1.324312686920166,101,monotonic_hybrid,0.7691706418991089,0.23088352382183075,0.07840842008590698,1.2422150373458862,0.15714097023010254,0.05078761652112007,0.08692307770252228,0.036135461181402206,0.17682094871997833,0.19847328960895538,0.02165234088897705,0.3859702944755554,0.2978879511356354,0.3161417841911316,0.9191661358381824,0.649662266472569,0,0,0.5220376253128052,0.29422128200531006,0.00012570619583129883,-0.0003174096345901489,-0.00044205039739608765,-0.0006728172302246094,-0.002003282308578491,-0.006776176393032074,-0.024981364607810974,0.016345754324010052
Stage1,S1_021,3.0,0.02,0.0,0.02,43,1.2195453643798828,102,monotonic_hybrid,0.736728310585022,0.21694882214069366,0.07957631349563599,1.4810470342636108,0.2002142369747162,0.04252711310982704,0.08923076838254929,0.046703655272722244,0.16299547255039215,0.2539682686328888,0.09097279608249664,0.38935744762420654,0.29769963026046753,0.3129429221153259,0.92407189356798,0.6418226927616373,0,0,0.5220380425453186,0.2942119836807251,-0.0007856488227844238,-0.00014375150203704834,-0.0009191036224365234,-0.01221776008605957,-0.005260646343231201,-0.006744228303432465,-0.025354623794555664,-0.10652663759954696
Stage1,S1_021,3.0,0.02,0.0,0.02,50,1.272616982460022,103,monotonic_hybrid,0.7085283398628235,0.22194187343120575,0.07864215224981308,1.1721445322036743,0.1285674124956131,0.042771752923727036,0.08538461476564407,0.04261286184191704,0.1489962339401245,0.14159291982650757,0.007403314113616943,0.39190369844436646,0.2971978783607483,0.31089839339256287,0.9171740299795109,0.6438181352433423,0,0,0.5220336318016052,0.2941738963127136,-4.506111145019531e-05,-0.0008776932954788208,-0.0003024935722351074,0.0004851818084716797,0.0005762577056884766,-0.005222342908382416,-0.011478759348392487,-0.006359413349165693
Stage1,S1_021,3.0,0.02,0.0,0.02,49,1.3632363080978394,104,monotonic_hybrid,0.7192023396492004,0.22714383900165558,0.07222981005907059,1.2338021993637085,0.15035998821258545,0.05821513757109642,0.07999999821186066,0.021784860640764236,0.17713674902915955,0.18110236525535583,0.003965616226196289,0.388943612575531,0.2968885600566864,0.3141677975654602,0.9180205609324985,0.6702644519086308,0,0,0.5220323801040649,0.29420965909957886,0.00115966796875,-0.0011036843061447144,-0.0003595873713493347,0.004104137420654297,-0.0006532371044158936,-0.010685589164495468,-0.026549920439720154,0.16150404627569062
Stage1,S1_021,3.0,0.02,0.0,0.02,43,1.3071379661560059,105,monotonic_hybrid,0.7026351094245911,0.22003966569900513,0.07110574096441269,1.1430624723434448,0.12933380901813507,0.05294398218393326,0.07538461685180664,0.022440634667873383,0.19220364093780518,0.1376146823167801,0.054588958621025085,0.3958781659603119,0.29681795835494995,0.30730387568473816,0.9160683271301907,0.6724639784157092,0,0,0.5220374464988708,0.2942166328430176,0.0010290145874023438,0.00015440583229064941,0.00014363974332809448,0.003092169761657715,0.0019853711128234863,-0.0060671307146549225,0.020586907863616943,0.146665571319065
Stage1,S1_022,3.0,0.05,0.0,0.02,43,1.3226944208145142,101,monotonic_hybrid,0.769191324710846,0.23089972138404846,0.07839335501194,1.242173671722412,0.1570974588394165,0.051075279712677,0.08692307770252228,0.035847797989845276,0.17768724262714386,0.19847328960895538,0.020786046981811523,0.3771783113479614,0.2981184124946594,0.32470327615737915,0.9207598616040912,0.6476423987818457,0,0,0.5229207873344421,0.29101693630218506,0.00014638900756835938,-0.0003012120723724365,-0.0004571154713630676,-0.0007141828536987305,-0.0020467936992645264,-0.0070638395845890045,-0.0258476585149765,0.019035169568406205
Stage1,S1_022,3.0,0.05,0.0,0.02,43,1.2172099351882935,102,monotonic_hybrid,0.7367162108421326,0.21696415543556213,0.07955516874790192,1.480727195739746,0.2000875025987625,0.04269735515117645,0.08923076838254929,0.04653341323137283,0.16368265450000763,0.2539682686328888,0.09028561413288116,0.38052305579185486,0.2979887127876282,0.32148832082748413,0.9255343721292119,0.6399667410992758,0,0,0.5229196548461914,0.2909937798976898,-0.0007977485656738281,-0.0001284182071685791,-0.0009402483701705933,-0.012537598609924316,-0.0053873807191848755,-0.006914470344781876,-0.026041805744171143,-0.10816724964967275
Stage1,S1_022,3.0,0.05,0.0,0.02,50,1.2705012559890747,103,monotonic_hybrid,0.7085528373718262,0.22195552289485931,0.07863109558820724,1.172178030014038,0.1285880208015442,0.0429689958691597,0.08538461476564407,0.042415618896484375,0.1496715545654297,0.14159291982650757,0.00807863473892212,0.3828696012496948,0.2975853681564331,0.31954509019851685,0.9188298959108959,0.6417088373837276,0,0,0.522902250289917,0.2908937931060791,-2.0563602447509766e-05,-0.0008640438318252563,-0.0003135502338409424,0.0005186796188354492,0.0005968660116195679,-0.005419585853815079,-0.01080343872308731,-0.002902113234738312
Stage1,S1_022,3.0,0.05,0.0,0.02,49,1.3620126247406006,104,monotonic_hybrid,0.7192738056182861,0.22715596854686737,0.07222443073987961,1.233956217765808,0.15035928785800934,0.05854812636971474,0.07999999821186066,0.02145187184214592,0.17791801691055298,0.18110236525535583,0.0031843483448028564,0.38009360432624817,0.29721397161483765,0.3226923942565918,0.9196402458172446,0.6683939111267728,0,0,0.5229097008705139,0.2909850478172302,0.0012311339378356934,-0.0010915547609329224,-0.0003649666905403137,0.004258155822753906,-0.0006539374589920044,-0.011018577963113785,-0.027331188321113586,0.17145693235117135
Stage1,S1_022,3.0,0.05,0.0,0.02,43,1.305548906326294,105,monotonic_hybrid,0.7026987671852112,0.2200564593076706,0.07111311703920364,1.1432329416275024,0.12942785024642944,0.05323781445622444,0.07538461685180664,0.0221468023955822,0.19302819669246674,0.1376146823167801,0.055413514375686646,0.3870401084423065,0.2971929609775543,0.31576699018478394,0.9175750199571218,0.6707082660789344,0,0,0.5229198932647705,0.29100534319877625,0.001092672348022461,0.00017119944095611572,0.00015101581811904907,0.003262639045715332,0.002079412341117859,-0.006360962986946106,0.021411463618278503,0.1557387194984418
Stage1,S1_023,3.0,0.1,0.0,0.02,43,1.3199554681777954,101,monotonic_hybrid,0.7692286372184753,0.23092733323574066,0.07836896181106567,1.242113709449768,0.15702857077121735,0.05155515298247337,0.08692307770252228,0.035367924720048904,0.17912498116493225,0.19847328960895538,0.019348308444023132,0.3626062572002411,0.2981959283351898,0.3391978442668915,0.9233644177132356,0.6443069478668052,0,0,0.5236065983772278,0.2852295935153961,0.0001837015151977539,-0.0002736002206802368,-0.00048150867223739624,-0.0007741451263427734,-0.002115681767463684,-0.007543712854385376,-0.027285397052764893,0.02388696767501137
Stage1,S1_023,3.0,0.1,0.0,0.02,43,1.2132678031921387,102,monotonic_hybrid,0.7366979122161865,0.21699005365371704,0.07952069491147995,1.4802027940750122,0.19988016784191132,0.042977601289749146,0.08923076838254929,0.04625316709280014,0.16481606662273407,0.2539682686328888,0.08915220201015472,0.36588534712791443,0.29816487431526184,0.33594977855682373,0.9279155770473572,0.6369180331119205,0,0,0.5235978364944458,0.28518420457839966,-0.000816047191619873,-0.00010251998901367188,-0.0009747222065925598,-0.013062000274658203,-0.005594715476036072,-0.0071947164833545685,-0.027175217866897583,-0.11064837230675954
Stage1,S1_023,3.0,0.1,0.0,0.02,50,1.2669316530227661,103,monotonic_hybrid,0.7085943222045898,0.22197842597961426,0.07861301302909851,1.172239065170288,0.12862400710582733,0.04329683631658554,0.08538461476564407,0.04208777844905853,0.15078800916671753,0.14159291982650757,0.009195089340209961,0.3679025173187256,0.29791662096977234,0.33418089151382446,0.9215320859068363,0.6382309696200424,0,0,0.5235438346862793,0.2849682867527008,2.092123031616211e-05,-0.0008411407470703125,-0.0003316327929496765,0.0005797147750854492,0.00063285231590271,-0.005747426301240921,-0.009686984121799469,0.0029525847692555003
Stage1,S1_023,3.0,0.1,0.0,0.02,49,1.3599095344543457,104,monotonic_hybrid,0.719397246837616,0.22717677056789398,0.07221619039773941,1.23422110080719,0.1503608673810959,0.05910971015691757,0.07999999821186066,0.020890288054943085,0.17922371625900269,0.18110236525535583,0.0018786489963531494,0.36541447043418884,0.2974374294281006,0.33714812994003296,0.922280477559182,0.665288311570526,0,0,0.5235882997512817,0.28515660762786865,0.0013545751571655273,-0.001070752739906311,-0.0003732070326805115,0.004523038864135742,-0.0006523579359054565,-0.01158016175031662,-0.028636887669563293,0.1886482810270017
Stage1,S1_023,3.0,0.1,0.0,0.02,43,1.302857518196106,105,monotonic_hybrid,0.7028067111968994,0.2200843244791031,0.07112592458724976,1.1435248851776123,0.12958620488643646,0.05372776463627815,0.07538461685180664,0.021656852215528488,0.19439466297626495,0.1376146823167801,0.05677998065948486,0.3723781108856201,0.2975131869316101,0.3301087021827698,0.9200423238908232,0.6678105000913308,0,0,0.5236030220985413,0.285206139087677,0.0012006163597106934,0.00019906461238861084,0.00016382336616516113,0.0035545825958251953,0.002237766981124878,-0.006850913166999817,0.02277792990207672,0.17112399230073713
Stage1,S1_024,3.0,0.2,0.0,0.02,43,1.3143401145935059,101,monotonic_hybrid,0.7693129777908325,0.23098470270633698,0.07832296192646027,1.2420250177383423,0.15690495073795319,0.05251213535666466,0.08692307770252228,0.03441094234585762,0.1819634735584259,0.19847328960895538,0.01650981605052948,0.3338980972766876,0.29719141125679016,0.3689104914665222,0.9283703836115877,0.637760183796047,0,0,0.5220596790313721,0.2721032500267029,0.00026804208755493164,-0.00021623075008392334,-0.000527508556842804,-0.0008628368377685547,-0.0022393018007278442,-0.00850069522857666,-0.030123889446258545,0.034853891510229114
Stage1,S1_024,3.0,0.2,0.0,0.02,43,1.2052308320999146,102,monotonic_hybrid,0.7366684675216675,0.21704284846782684,0.07945480942726135,1.4791899919509888,0.19948157668113708,0.043522126972675323,0.08923076838254929,0.04570864140987396,0.16702793538570404,0.2539682686328888,0.08694033324718475,0.337058424949646,0.2973578870296478,0.36558371782302856,0.9324637845184198,0.6309884500631545,0,0,0.5220270156860352,0.27201950550079346,-0.000845491886138916,-4.972517490386963e-05,-0.0010406076908111572,-0.01407480239868164,-0.005993306636810303,-0.0077392421662807465,-0.029387086629867554,-0.11464079768982427
Stage1,S1_024,3.0,0.2,0.0,0.02,50,1.2596604824066162,103,monotonic_hybrid,0.708679735660553,0.2220245599746704,0.07857830077409744,1.172378659248352,0.12870165705680847,0.04394661262631416,0.08538461476564407,0.04143800213932991,0.15297803282737732,0.14159291982650757,0.011385113000869751,0.3384350538253784,0.29738467931747437,0.3641802668571472,0.9267127300900065,0.6314208515687904,0,0,0.521847128868103,0.27153268456459045,0.00010633468627929688,-0.0007950067520141602,-0.00036634504795074463,0.0007193088531494141,0.0007105022668838501,-0.0063972026109695435,-0.007496960461139679,0.01500686959644391
Stage1,S1_024,3.0,0.2,0.0,0.02,49,1.3554794788360596,104,monotonic_hybrid,0.7196552753448486,0.22722017765045166,0.0722031369805336,1.2347679138183594,0.1503736674785614,0.06023623049259186,0.07999999821186066,0.0197637677192688,0.18180342018604279,0.18110236525535583,0.0007010549306869507,0.3364669680595398,0.29668718576431274,0.3668458163738251,0.927330098428729,0.6591444041782044,0,0,0.522020697593689,0.2719256281852722,0.0016126036643981934,-0.0010273456573486328,-0.000386260449886322,0.005069851875305176,-0.0006395578384399414,-0.012706682085990906,-0.029814481735229492,0.2245832633629117
Stage1,S1_024,3.0,0.2,0.0,0.02,49,1.2972559928894043,105,monotonic_hybrid,0.7041015625,0.22020554542541504,0.07139675319194794,1.1489057540893555,0.1319868564605713,0.059132084250450134,0.07538461685180664,0.016252532601356506,0.20989860594272614,0.1376146823167801,0.07228392362594604,0.34257951378822327,0.29734867811203003,0.3600718379020691,0.9249686712475604,0.6621529232762134,0,0,0.5218853950500488,0.27162253856658936,0.0024954676628112793,0.0003202855587005615,0.0004346519708633423,0.00893545150756836,0.004638418555259705,-0.012255232781171799,0.0382818728685379,0.35567930227150685
Stage1,S1_025,3.5,0.005,0.0,0.02,43,1.423966884613037,101,monotonic_hybrid,0.7692252993583679,0.2308318316936493,0.07838010042905807,1.2426238059997559,0.15703241527080536,0.051372427493333817,0.08692307770252228,0.03555065020918846,0.1788981705904007,0.19847328960895538,0.019575119018554688,0.39037659764289856,0.29772141575813293,0.3119019865989685,0.9183608693520751,0.6506771360473299,0,0,0.5214632749557495,0.2957453727722168,0.00018036365509033203,-0.00036910176277160645,-0.0004703700542449951,-0.00026404857635498047,-0.0021118372678756714,-0.007360987365245819,-0.027058586478233337,0.02345294100732784
Stage1,S1_025,3.5,0.005,0.0,0.02,43,1.3120349645614624,102,monotonic_hybrid,0.7367455959320068,0.21693840622901917,0.07950001955032349,1.4801506996154785,0.19978803396224976,0.04316137358546257,0.08923076838254929,0.046069394797086716,0.16520865261554718,0.2539682686328888,0.08875961601734161,0.3937860429286957,0.29750412702560425,0.3087098002433777,0.9233313151841854,0.6427581304968076,0,0,0.5214635133743286,0.29574310779571533,-0.0007683634757995605,-0.00015416741371154785,-0.0009953975677490234,-0.013114094734191895,-0.005686849355697632,-0.007378488779067993,-0.027567803859710693,-0.10418290609936727
Stage1,S1_025,3.5,0.005,0.0,0.02,50,1.3701802492141724,103,monotonic_hybrid,0.7086211442947388,0.22194164991378784,0.07861640304327011,1.172304630279541,0.12864670157432556,0.04327217862010002,0.08538461476564407,0.04211243614554405,0.15098850429058075,0.14159291982650757,0.009395584464073181,0.39643269777297974,0.2969517707824707,0.30661559104919434,0.9163366367340949,0.6448789988594645,0,0,0.5214627385139465,0.2957339286804199,4.774332046508789e-05,-0.0008779168128967285,-0.00032824277877807617,0.0006452798843383789,0.0006555467844009399,-0.005722768604755402,-0.009486488997936249,0.006737949858044603
Stage1,S1_025,3.5,0.005,0.0,0.02,49,1.467682123184204,104,monotonic_hybrid,0.7193537950515747,0.22709719836711884,0.07221879810094833,1.234310269355774,0.15034130215644836,0.0588240921497345,0.07999999821186066,0.02117590606212616,0.17886246740818024,0.18110236525535583,0.002239897847175598,0.3933766484260559,0.29667213559150696,0.3099512755870819,0.917201078122186,0.6712009146194985,0,0,0.5214618444442749,0.29574254155158997,0.0013111233711242676,-0.0011503249406814575,-0.00037059932947158813,0.0046122074127197266,-0.0006719231605529785,-0.011294543743133545,-0.028275638818740845,0.18259685988519567
Stage1,S1_025,3.5,0.005,0.0,0.02,43,1.4065275192260742,105,monotonic_hybrid,0.7027591466903687,0.22004525363445282,0.07112051546573639,1.1435095071792603,0.1294974535703659,0.053421854972839355,0.07538461685180664,0.021962761878967285,0.19379185140132904,0.1376146823167801,0.05617716908454895,0.4003054201602936,0.29657962918281555,0.30311501026153564,0.9153078774603568,0.6733464932786499,0,0,0.5214632153511047,0.29574424028396606,0.0011530518531799316,0.00015999376773834229,0.00015841424465179443,0.0035392045974731445,0.0021490156650543213,-0.00654500350356102,0.022175118327140808,0.1643446175374949
Stage1,S1_026,3.5,0.01,0.0,0.02,43,1.4236552715301514,101,monotonic_hybrid,0.7692292928695679,0.23083458840847015,0.07837746292352676,1.2426196336746216,0.1570250540971756,0.051424793899059296,0.08692307770252228,0.03549828380346298,0.17905493080615997,0.19847328960895538,0.01941835880279541,0.38890689611434937,0.29778075218200684,0.3133124113082886,0.9186299468973771,0.6503384436945245,0,0,0.5216645002365112,0.29524311423301697,0.0001843571662902832,-0.00036634504795074463,-0.00047300755977630615,-0.0002682209014892578,-0.002119198441505432,-0.007413353770971298,-0.027215346693992615,0.023972222913306352
Stage1,S1_026,3.5,0.01,0.0,0.02,43,1.311584711074829,102,monotonic_hybrid,0.7367437481880188,0.21694114804267883,0.07949621975421906,1.4800934791564941,0.19976525008678436,0.043192628771066666,0.08923076838254929,0.04603813961148262,0.16533410549163818,0.2539682686328888,0.08863416314125061,0.39230889081954956,0.29757311940193176,0.3101179897785187,0.9235788926886986,0.6424457559328235,0,0,0.5216649174690247,0.2952384948730469,-0.0007702112197875977,-0.00015142560005187988,-0.0009991973638534546,-0.01317131519317627,-0.005709633231163025,-0.007409743964672089,-0.027693256735801697,-0.10443344291490371
Stage1,S1_026,3.5,0.01,0.0,0.02,50,1.3697718381881714,103,monotonic_hybrid,0.7086260318756104,0.22194406390190125,0.07861444354057312,1.1723116636276245,0.12865066528320312,0.04330819472670555,0.08538461476564407,0.04207642003893852,0.15111202001571655,0.14159291982650757,0.009519100189208984,0.3949221074581146,0.2970377206802368,0.30804017186164856,0.9166164847306403,0.6445249148943858,0,0,0.5216630697250366,0.2952197790145874,5.263090133666992e-05,-0.0008755028247833252,-0.00033020228147506714,0.000652313232421875,0.0006595104932785034,-0.005758784711360931,-0.009362973272800446,0.007427727496446173
Stage1,S1_026,3.5,0.01,0.0,0.02,49,1.467448115348816,104,monotonic_hybrid,0.7193670868873596,0.2270992547273636,0.0722179114818573,1.2343395948410034,0.15034140646457672,0.0588843934237957,0.07999999821186066,0.021115604788064957,0.17900343239307404,0.18110236525535583,0.0020989328622817993,0.39189794659614563,0.2967481017112732,0.3113539516925812,0.9174750185692544,0.6708885143019014,0,0,0.5216617584228516,0.29523730278015137,0.0013244152069091797,-0.0011482685804367065,-0.00037148594856262207,0.004641532897949219,-0.0006718188524246216,-0.011354845017194748,-0.028416603803634644,0.184447980481386
Stage1,S1_026,3.5,0.01,0.0,0.02,43,1.4062212705612183,105,monotonic_hybrid,0.7027710676193237,0.22004826366901398,0.07112191617488861,1.143541693687439,0.12951458990573883,0.05347517132759094,0.07538461685180664,0.021909445524215698,0.1939406394958496,0.1376146823167801,0.05632595717906952,0.3988288640975952,0.2966628670692444,0.3045082986354828,0.9155619206228832,0.6730519523986934,0,0,0.5216645002365112,0.2952408194541931,0.0011649727821350098,0.0001630038022994995,0.0001598149538040161,0.0035713911056518555,0.002166152000427246,-0.006598319858312607,0.022323906421661377,0.16604370895685386
Stage1,S1_027,3.5,0.02,0.0,0.02,43,1.423030138015747,101,monotonic_hybrid,0.7692374587059021,0.2308400571346283,0.07837221026420593,1.2426111698150635,0.1570104956626892,0.05152951180934906,0.08692307770252228,0.03539356589317322,0.1793680191040039,0.19847328960895538,0.019105270504951477,0.38596948981285095,0.29788804054260254,0.3161424696445465,0.9191662635652,0.6496621457711069,0,0,0.5220375061035156,0.2942209839820862,0.00019252300262451172,-0.00036087632179260254,-0.00047826021909713745,-0.0002766847610473633,-0.0021337568759918213,-0.007518071681261063,-0.027528434991836548,0.02503403815388927
Stage1,S1_027,3.5,0.02,0.0,0.02,43,1.3106812238693237,102,monotonic_hybrid,0.7367401719093323,0.21694664657115936,0.07948867231607437,1.479979395866394,0.1997198611497879,0.043255001306533813,0.08923076838254929,0.04597576707601547,0.165584534406662,0.2539682686328888,0.0883837342262268,0.3893568813800812,0.29769980907440186,0.31294330954551697,0.924071988396866,0.641822677099844,0,0,0.5220381021499634,0.2942117750644684,-0.0007737874984741211,-0.0001459270715713501,-0.0010067448019981384,-0.013285398483276367,-0.005755022168159485,-0.0074721165001392365,-0.0279436856508255,-0.10491835288045814
Stage1,S1_027,3.5,0.02,0.0,0.02,50,1.368952989578247,103,monotonic_hybrid,0.708635687828064,0.2219489961862564,0.07861055433750153,1.1723260879516602,0.1286587119102478,0.0433802455663681,0.08538461476564407,0.04200436919927597,0.15135879814624786,0.14159291982650757,0.009765878319740295,0.3919033110141754,0.29719802737236023,0.31089866161346436,0.9171741007276937,0.6438181123034578,0,0,0.5220335721969604,0.2941737771034241,6.22868537902832e-05,-0.0008705705404281616,-0.0003340914845466614,0.0006667375564575195,0.0006675571203231812,-0.005830835551023483,-0.009116195142269135,0.00879045892841025
Stage1,S1_027,3.5,0.02,0.0,0.02,49,1.4669768810272217,104,monotonic_hybrid,0.719393789768219,0.22710344195365906,0.07221617549657822,1.234398365020752,0.15034174919128418,0.05900520831346512,0.07999999821186066,0.02099478989839554,0.17928540706634521,0.18110236525535583,0.0018169581890106201,0.3889421224594116,0.29688820242881775,0.314169704914093,0.9180207693333006,0.6702639329594517,0,0,0.5220324397087097,0.2942090630531311,0.0013511180877685547,-0.0011440813541412354,-0.0003732219338417053,0.004700303077697754,-0.0006714761257171631,-0.011475659906864166,-0.028698578476905823,0.1881668236522078
Stage1,S1_027,3.5,0.02,0.0,0.02,43,1.405606985092163,105,monotonic_hybrid,0.7027949094772339,0.22005429863929749,0.07112471014261246,1.1436063051223755,0.12954893708229065,0.05358182638883591,0.07538461685180664,0.021802790462970734,0.1942378431558609,0.1376146823167801,0.05662316083908081,0.3958773910999298,0.2968181073665619,0.3073045015335083,0.9160684408701282,0.6724638971122777,0,0,0.5220374464988708,0.2942163646221161,0.001188814640045166,0.0001690387725830078,0.00016260892152786255,0.003636002540588379,0.002200499176979065,-0.006704974919557571,0.02262111008167267,0.1694418917955718
Stage1,S1_028,3.5,0.05,0.0,0.02,43,1.4211393594741821,101,monotonic_hybrid,0.769262969493866,0.2308562695980072,0.07835624366998672,1.242592692375183,0.15696653723716736,0.051847878843545914,0.08692307770252228,0.035075198858976364,0.18031826615333557,0.19847328960895538,0.018155023455619812,0.3771763741970062,0.2981186509132385,0.32470500469207764,0.9207601780030309,0.6476421436690326,0,0,0.5229207277297974,0.29101622104644775,0.0002180337905883789,-0.0003446638584136963,-0.0004942268133163452,-0.0002951622009277344,-0.002177715301513672,-0.007836438715457916,-0.028478682041168213,0.028351241971184816
Stage1,S1_028,3.5,0.05,0.0,0.02,43,1.3079525232315063,102,monotonic_hybrid,0.7367299199104309,0.2169632911682129,0.07946627587080002,1.4796396493911743,0.19958502054214478,0.04344092309474945,0.08923076838254929,0.045789845287799835,0.1663317233324051,0.2539682686328888,0.0876365453004837,0.38052162528038025,0.297989159822464,0.3214891850948334,0.9255346036450931,0.639966722520628,0,0,0.5229195356369019,0.29099321365356445,-0.0007840394973754883,-0.00012928247451782227,-0.0010291412472724915,-0.013625144958496094,-0.005889862775802612,-0.007658038288354874,-0.028690874576568604,-0.10630842811504748
Stage1,S1_028,3.5,0.05,0.0,0.02,50,1.3664798736572266,103,monotonic_hybrid,0.708665132522583,0.2219637781381607,0.0785990059375763,1.1723710298538208,0.12868335843086243,0.043596021831035614,0.08538461476564407,0.04178859293460846,0.1520959585905075,0.14159291982650757,0.010503038763999939,0.38286861777305603,0.29758569598197937,0.3195457458496094,0.9188300833647893,0.6417088169587504,0,0,0.522902250289917,0.2908933162689209,9.173154830932617e-05,-0.0008557885885238647,-0.0003456398844718933,0.0007116794586181641,0.0006922036409378052,-0.006046611815690994,-0.008379034698009491,0.012945948603658731
Stage1,S1_028,3.5,0.05,0.0,0.02,49,1.4655402898788452,104,monotonic_hybrid,0.7194752097129822,0.22711613774299622,0.07221127301454544,1.2345775365829468,0.1503436267375946,0.05936912074685097,0.07999999821186066,0.02063087746500969,0.18013104796409607,0.18110236525535583,0.0009713172912597656,0.38008999824523926,0.2972131669521332,0.32269686460494995,0.9196407291152362,0.6683927717502213,0,0,0.5229098796844482,0.2909836173057556,0.0014325380325317383,-0.0011313855648040771,-0.0003781244158744812,0.004879474639892578,-0.0006695985794067383,-0.011839572340250015,-0.029544219374656677,0.19950597492752614
Stage1,S1_028,3.5,0.05,0.0,0.02,43,1.40374755859375,105,monotonic_hybrid,0.7028670310974121,0.22007232904434204,0.07113330066204071,1.1438031196594238,0.12965251505374908,0.053901948034763336,0.07538461685180664,0.021482668817043304,0.19512706995010376,0.1376146823167801,0.05751238763332367,0.3870382308959961,0.2971932888031006,0.3157685101032257,0.9175753134031195,0.6707081028269029,0,0,0.522919774055481,0.29100456833839417,0.0012609362602233887,0.00018706917762756348,0.00017119944095611572,0.0038328170776367188,0.0023040771484375,-0.007025096565485001,0.023510336875915527,0.17972139488269345
Stage1,S1_029,3.5,0.1,0.0,0.02,43,1.4179381132125854,101,monotonic_hybrid,0.7693085670471191,0.2308846414089203,0.07833120971918106,1.242566466331482,0.15690013766288757,0.052372027188539505,0.08692307770252228,0.03455105051398277,0.1818719059228897,0.19847328960895538,0.016601383686065674,0.3626025319099426,0.2981964647769928,0.33920103311538696,0.9233650401087342,0.6443065140039967,0,0,0.5236061215400696,0.2852279543876648,0.00026363134384155273,-0.00031629204750061035,-0.0005192607641220093,-0.00032138824462890625,-0.002244114875793457,-0.008360587060451508,-0.03003232181072235,0.034280356270790166
Stage1,S1_029,3.5,0.1,0.0,0.02,43,1.303345799446106,102,monotonic_hybrid,0.7367151975631714,0.21699145436286926,0.07942982763051987,1.4790838956832886,0.19936491549015045,0.0437464565038681,0.08923076838254929,0.04548431187868118,0.16756212711334229,0.2539682686328888,0.08640614151954651,0.3658825755119324,0.29816579818725586,0.33595165610313416,0.9279160473225787,0.6369180118449708,0,0,0.5235975980758667,0.2851829528808594,-0.0007987618446350098,-0.0001011192798614502,-0.0010655894875526428,-0.014180898666381836,-0.006109967827796936,-0.007963571697473526,-0.0299212783575058,-0.10830464080657984
Stage1,S1_029,3.5,0.1,0.0,0.02,50,1.3623074293136597,103,monotonic_hybrid,0.7087151408195496,0.22198866307735443,0.07858019322156906,1.172451376914978,0.12872619926929474,0.04395420476794243,0.08538461476564407,0.041430409997701645,0.15331272780895233,0.14159291982650757,0.011719807982444763,0.3679005205631256,0.29791730642318726,0.33418217301368713,0.9215324602071417,0.6382309329470421,0,0,0.523543655872345,0.28496742248535156,0.0001417398452758789,-0.0008309036493301392,-0.000364452600479126,0.0007920265197753906,0.0007350444793701172,-0.006404794752597809,-0.007162265479564667,0.020003551513645527
Stage1,S1_029,3.5,0.1,0.0,0.02,49,1.4630703926086426,104,monotonic_hybrid,0.7196152210235596,0.2271379679441452,0.07220406085252762,1.2348830699920654,0.15034979581832886,0.059979818761348724,0.07999999821186066,0.020020179450511932,0.18153724074363708,0.18110236525535583,0.00043487548828125,0.3654078245162964,0.29743608832359314,0.3371560871601105,0.9222813644204995,0.6652864878719048,0,0,0.5235878825187683,0.28515368700027466,0.0015725493431091309,-0.0011095553636550903,-0.00038533657789230347,0.0051850080490112305,-0.0006634294986724854,-0.012450270354747772,-0.030080661177635193,0.21900499860667896
Stage1,S1_029,3.5,0.1,0.0,0.02,43,1.400598406791687,105,monotonic_hybrid,0.7029895186424255,0.22010214626789093,0.07114819437265396,1.1441397666931152,0.12982679903507233,0.054435376077890396,0.07538461685180664,0.020949240773916245,0.19659902155399323,0.1376146823167801,0.058984339237213135,0.372374564409256,0.29751384258270264,0.330111563205719,0.9200428958924342,0.6678102364166667,0,0,0.5236027240753174,0.2852046489715576,0.0013834238052368164,0.00021688640117645264,0.00018609315156936646,0.004169464111328125,0.002478361129760742,-0.0075585246086120605,0.024982288479804993,0.1971795592166067
Stage1,S1_030,3.5,0.2,0.0,0.02,43,1.4113743305206299,101,monotonic_hybrid,0.7694114446640015,0.2309437245130539,0.07828448712825775,1.2425503730773926,0.1567838042974472,0.05341660603880882,0.08692307770252228,0.033506471663713455,0.1849372684955597,0.19847328960895538,0.013536021113395691,0.3338911235332489,0.29719260334968567,0.3689163327217102,0.9283715741148113,0.6377596019827645,0,0,0.5220581293106079,0.27209970355033875,0.00036650896072387695,-0.0002572089433670044,-0.0005659833550453186,-0.0003374814987182617,-0.0023604482412338257,-0.009405165910720825,-0.033097684383392334,0.04765767820689323
Stage1,S1_030,3.5,0.2,0.0,0.02,43,1.2939547300338745,102,monotonic_hybrid,0.7366941571235657,0.21704916656017303,0.07936055213212967,1.4780147075653076,0.19894354045391083,0.044337984174489975,0.08923076838254929,0.04489278420805931,0.16995494067668915,0.2539682686328888,0.08401332795619965,0.3370528221130371,0.2973596155643463,0.3655875325202942,0.932464744480636,0.6309884432365525,0,0,0.5220259428024292,0.27201664447784424,-0.0008198022842407227,-4.340708255767822e-05,-0.0011348649859428406,-0.015250086784362793,-0.00653134286403656,-0.008555099368095398,-0.03231409192085266,-0.11115752777059168
Stage1,S1_030,3.5,0.2,0.0,0.02,50,1.353807806968689,103,monotonic_hybrid,0.7088159322738647,0.22203850746154785,0.07854380458593369,1.1726207733154297,0.12881390750408173,0.044661927968263626,0.08538461476564407,0.04072268679738045,0.15569035708904266,0.14159291982650757,0.014097437262535095,0.33843114972114563,0.2973859906196594,0.36418288946151733,0.9267134861733071,0.6314208158855703,0,0,0.5218464136123657,0.2715306878089905,0.00024253129959106445,-0.0007810592651367188,-0.00040084123611450195,0.0009614229202270508,0.0008227527141571045,-0.007112517952919006,-0.004784636199474335,0.03422811232507302
Stage1,S1_030,3.5,0.2,0.0,0.02,49,1.457870602607727,104,monotonic_hybrid,0.7199104428291321,0.22718361020088196,0.07219339907169342,1.235519528388977,0.1503734290599823,0.06121295690536499,0.07999999821186066,0.018787041306495667,0.18432670831680298,0.18110236525535583,0.0032243430614471436,0.336455374956131,0.29668569564819336,0.36685892939567566,0.9273316677056727,0.6591419995159719,0,0,0.5220181345939636,0.27191969752311707,0.0018677711486816406,-0.001063913106918335,-0.00039599835872650146,0.0058214664459228516,-0.000639796257019043,-0.013683408498764038,-0.0272911936044693,0.26011979821623366
Stage1,S1_030,3.5,0.2,0.0,0.02,49,1.3940328359603882,105,monotonic_hybrid,0.7043160200119019,0.22021901607513428,0.07143569737672806,1.149702787399292,0.1322845071554184,0.05983557924628258,0.07538461685180664,0.015549037605524063,0.21212057769298553,0.1376146823167801,0.07450589537620544,0.34257394075393677,0.2973499000072479,0.3600761890411377,0.9249695941125247,0.6621526869904277,0,0,0.5218842625617981,0.2716197371482849,0.0027099251747131348,0.0003337562084197998,0.00047359615564346313,0.009732484817504883,0.0049360692501068115,-0.012958727777004242,0.0405038446187973,0.3862459569057744
Stage1,S1_031,4.0,0.005,0.0,0.02,43,1.5228164196014404,101,monotonic_hybrid,0.7692951560020447,0.23078995943069458,0.07834882289171219,1.2430661916732788,0.1569247543811798,0.052037425339221954,0.08692307770252228,0.034885652363300323,0.18115943670272827,0.19847328960895538,0.017313852906227112,0.39037638902664185,0.29772141575813293,0.31190216541290283,0.918360897213514,0.6506771108443713,0,0,0.5214632749557495,0.295745313167572,0.00025022029876708984,-0.00041097402572631836,-0.0005016475915908813,0.00017833709716796875,-0.0022194981575012207,-0.008025985211133957,-0.029319852590560913,0.032536499123847415
Stage1,S1_031,4.0,0.005,0.0,0.02,43,1.403350591659546,102,monotonic_hybrid,0.7367737889289856,0.2169378250837326,0.07942317426204681,1.479244589805603,0.19935622811317444,0.04381311684846878,0.08923076838254929,0.045417651534080505,0.16749773919582367,0.2539682686328888,0.08647052943706512,0.3937859535217285,0.297504186630249,0.30870991945266724,0.9233313391116347,0.6427581309825446,0,0,0.5214634537696838,0.29574307799339294,-0.0007401704788208008,-0.0001547485589981079,-0.0010722428560256958,-0.014020204544067383,-0.006118655204772949,-0.008030232042074203,-0.029856890439987183,-0.10036019920424659
Stage1,S1_031,4.0,0.005,0.0,0.02,50,1.4666717052459717,103,monotonic_hybrid,0.7087246179580688,0.22194838523864746,0.07858861982822418,1.1724872589111328,0.12872646749019623,0.04381326958537102,0.08538461476564407,0.041571345180273056,0.15308316051959991,0.14159291982650757,0.011490240693092346,0.3964325785636902,0.2969518005847931,0.3066156208515167,0.916336655179718,0.644879002012191,0,0,0.5214626789093018,0.29573386907577515,0.00015121698379516602,-0.0008711814880371094,-0.0003560259938240051,0.0008279085159301758,0.0007353127002716064,-0.006263859570026398,-0.007391832768917084,0.02134104717835101
Stage1,S1_031,4.0,0.005,0.0,0.02,49,1.57149338722229,104,monotonic_hybrid,0.7195359468460083,0.22706082463264465,0.07220775634050369,1.2348825931549072,0.1503276228904724,0.059524618089199066,0.07999999821186066,0.02047538012266159,0.1807568222284317,0.18110236525535583,0.0003455430269241333,0.39337629079818726,0.2966720461845398,0.3099517226219177,0.9172011290116617,0.6712007855808722,0,0,0.5214618444442749,0.2957424521446228,0.0014932751655578613,-0.0011866986751556396,-0.00038164108991622925,0.005184531211853027,-0.0006856024265289307,-0.011995069682598114,-0.03016999363899231,0.20796468294330167
Stage1,S1_031,4.0,0.005,0.0,0.02,43,1.5051099061965942,105,monotonic_hybrid,0.7029105424880981,0.22005870938301086,0.07113728672266006,1.1440283060073853,0.12968561053276062,0.053987644612789154,0.07538461685180664,0.021396972239017487,0.19558203220367432,0.1376146823167801,0.057967349886894226,0.40030521154403687,0.29657962918281555,0.3031151294708252,0.9153079070006421,0.6733464744198981,0,0,0.5214633345603943,0.2957441806793213,0.0013044476509094238,0.00017344951629638672,0.00017518550157546997,0.0040580034255981445,0.0023371726274490356,-0.0071107931435108185,0.023965299129486084,0.18592307856335363
Stage1,S1_032,4.0,0.01,0.0,0.02,43,1.5224597454071045,101,monotonic_hybrid,0.7692999839782715,0.23079268634319305,0.0783461332321167,1.243065357208252,0.15691763162612915,0.05209366977214813,0.08692307770252228,0.034829407930374146,0.181326225399971,0.19847328960895538,0.017147064208984375,0.3889065086841583,0.2977807819843292,0.31331270933151245,0.9186300089104757,0.6503383982576681,0,0,0.5216645002365112,0.29524296522140503,0.0002550482749938965,-0.00040824711322784424,-0.0005043372511863708,0.00017750263214111328,-0.00222662091255188,-0.008082229644060135,-0.02948664128780365,0.03316428769674681
Stage1,S1_032,4.0,0.01,0.0,0.02,43,1.4028352499008179,102,monotonic_hybrid,0.7367722988128662,0.2169407606124878,0.07941921055316925,1.4791849851608276,0.1993323564529419,0.04384667053818703,0.08923076838254929,0.04538409784436226,0.1676318496465683,0.2539682686328888,0.0863364189863205,0.39230865240097046,0.2975732088088989,0.3101181387901306,0.9235789368859816,0.6424457573283473,0,0,0.5216649770736694,0.2952383756637573,-0.0007416605949401855,-0.00015181303024291992,-0.0010762065649032593,-0.014079809188842773,-0.006142526865005493,-0.00806378573179245,-0.02999100089073181,-0.1005622450232276
Stage1,S1_032,4.0,0.01,0.0,0.02,50,1.4662044048309326,103,monotonic_hybrid,0.7087302207946777,0.22195103764533997,0.07858659327030182,1.1724963188171387,0.12873107194900513,0.04385202378034592,0.08538461476564407,0.04153259098529816,0.15321576595306396,0.14159291982650757,0.011622846126556396,0.3949219286441803,0.2970377802848816,0.3080402910709381,0.9166165166972985,0.6445249093527841,0,0,0.5216631293296814,0.2952197790145874,0.00015681982040405273,-0.0008685290813446045,-0.0003580525517463684,0.0008369684219360352,0.0007399171590805054,-0.006302613765001297,-0.0072592273354530334,0.022131767885786954
Stage1,S1_032,4.0,0.01,0.0,0.02,49,1.571224331855774,104,monotonic_hybrid,0.7195507884025574,0.22706298530101776,0.07220695912837982,1.2349159717559814,0.1503281444311142,0.05958941578865051,0.07999999821186066,0.020410582423210144,0.18090702593326569,0.18110236525535583,0.00019533932209014893,0.3918972611427307,0.29674792289733887,0.3113548159599304,0.9174751100599144,0.670888261461449,0,0,0.5216618776321411,0.29523715376853943,0.0015081167221069336,-0.0011845380067825317,-0.0003824383020401001,0.005217909812927246,-0.000685080885887146,-0.01205986738204956,-0.030320197343826294,0.2100316292592272
Stage1,S1_032,4.0,0.01,0.0,0.02,43,1.5047590732574463,105,monotonic_hybrid,0.7029237747192383,0.22006188333034515,0.07113886624574661,1.1440646648406982,0.12970414757728577,0.054044805467128754,0.07538461685180664,0.021339811384677887,0.19574002921581268,0.1376146823167801,0.05812534689903259,0.39882853627204895,0.29666292667388916,0.3045085370540619,0.9155619712502009,0.673051919122713,0,0,0.5216645002365112,0.2952406704425812,0.0013176798820495605,0.00017662346363067627,0.00017676502466201782,0.004094362258911133,0.002355709671974182,-0.007167953997850418,0.02412329614162445,0.1878090700388421
Stage1,S1_033,4.0,0.02,0.0,0.02,43,1.5217441320419312,101,monotonic_hybrid,0.7693097591400146,0.23079819977283478,0.07834078371524811,1.243064284324646,0.15690359473228455,0.05220618098974228,0.08692307770252228,0.03471689671278,0.181659534573555,0.19847328960895538,0.01681375503540039,0.38596877455711365,0.2978881001472473,0.31614312529563904,0.9191663828485575,0.6496620434497398,0,0,0.5220376253128052,0.2942206859588623,0.00026482343673706055,-0.0004027336835861206,-0.0005096867680549622,0.00017642974853515625,-0.0022406578063964844,-0.008194740861654282,-0.029819950461387634,0.034435365794962855
Stage1,S1_033,4.0,0.02,0.0,0.02,43,1.401801347732544,102,monotonic_hybrid,0.736769437789917,0.21694664657115936,0.07941131293773651,1.4790657758712769,0.19928479194641113,0.04391361027956009,0.08923076838254929,0.0453171581029892,0.16789944469928741,0.2539682686328888,0.08606882393360138,0.3893563747406006,0.29770001769065857,0.31294363737106323,0.9240720744089326,0.6418226607669922,0,0,0.5220381021499634,0.2942115068435669,-0.0007445216178894043,-0.0001459270715713501,-0.0010841041803359985,-0.014199018478393555,-0.006190091371536255,-0.008130725473165512,-0.030258595943450928,-0.10095017299567113
Stage1,S1_033,4.0,0.02,0.0,0.02,50,1.4652668237686157,103,monotonic_hybrid,0.7087415456771851,0.221956267952919,0.07858257740736008,1.1725144386291504,0.1287403702735901,0.043929457664489746,0.08538461476564407,0.04145515710115433,0.15348045527935028,0.14159291982650757,0.011887535452842712,0.39190295338630676,0.29719820618629456,0.31089887022972107,0.9171741688567373,0.6438181022469798,0,0,0.5220335721969604,0.2941736876964569,0.00016814470291137695,-0.000863298773765564,-0.00036206841468811035,0.0008550882339477539,0.0007492154836654663,-0.006380047649145126,-0.0069945380091667175,0.02373003314549791
Stage1,S1_033,4.0,0.02,0.0,0.02,49,1.5706830024719238,104,monotonic_hybrid,0.7195806503295898,0.2270672768354416,0.07220540195703506,1.234982967376709,0.15032930672168732,0.059719257056713104,0.07999999821186066,0.020280741155147552,0.18120744824409485,0.18110236525535583,0.00010508298873901367,0.3889407515525818,0.2968878746032715,0.31417137384414673,0.9180209535311935,0.6702634790301474,0,0,0.5220324993133545,0.2942085564136505,0.0015379786491394043,-0.0011802464723587036,-0.0003839954733848572,0.005284905433654785,-0.0006839185953140259,-0.012189708650112152,-0.03041045367717743,0.21419042485874
Stage1,S1_033,4.0,0.02,0.0,0.02,43,1.5040550231933594,105,monotonic_hybrid,0.7029502391815186,0.22006824612617493,0.0711420476436615,1.1441377401351929,0.12974131107330322,0.054159145802259445,0.07538461685180664,0.021225471049547195,0.19605572521686554,0.1376146823167801,0.05844104290008545,0.39587679505348206,0.29681822657585144,0.30730509757995605,0.9160685438961207,0.6724638282773094,0,0,0.5220374464988708,0.2942160964012146,0.001344144344329834,0.00018298625946044922,0.0001799464225769043,0.004167437553405762,0.002392873167991638,-0.00728229433298111,0.024438992142677307,0.19158105298981895
Stage1,S1_034,4.0,0.05,0.0,0.02,43,1.5195796489715576,101,monotonic_hybrid,0.7693400382995605,0.23081497848033905,0.07832501083612442,1.2430641651153564,0.15686294436454773,0.052543800324201584,0.08692307770252228,0.034379277378320694,0.18265649676322937,0.19847328960895538,0.015816792845726013,0.37717464566230774,0.29811885952949524,0.3247065246105194,0.920760468180093,0.6476419088901934,0,0,0.5229206085205078,0.29101550579071045,0.000295102596282959,-0.00038595497608184814,-0.0005254596471786499,0.00017631053924560547,-0.0022813081741333008,-0.008532360196113586,-0.03081691265106201,0.03837260770894916
Stage1,S1_034,4.0,0.05,0.0,0.02,43,1.3986780643463135,102,monotonic_hybrid,0.7367616295814514,0.21696443855762482,0.07938795536756516,1.478711485862732,0.199143648147583,0.04411296918988228,0.08923076838254929,0.04511779919266701,0.16869734227657318,0.2539682686328888,0.08527092635631561,0.38052040338516235,0.2979895770549774,0.3214900493621826,0.9255348184775672,0.6399667028789215,0,0,0.5229194760322571,0.2909926772117615,-0.0007523298263549805,-0.000128135085105896,-0.0011074617505073547,-0.014553308486938477,-0.00633123517036438,-0.008330084383487701,-0.031056493520736694,-0.10200889308713161
Stage1,S1_034,4.0,0.05,0.0,0.02,50,1.4624288082122803,103,monotonic_hybrid,0.7087743282318115,0.22197124361991882,0.07857093214988708,1.1725683212280273,0.12877017259597778,0.04416576400399208,0.08538461476564407,0.04121885076165199,0.1543087214231491,0.14159291982650757,0.01271580159664154,0.382867693901062,0.29758602380752563,0.31954631209373474,0.9188302532022224,0.6417087916990896,0,0,0.5229021310806274,0.290893018245697,0.0002009272575378418,-0.0008483231067657471,-0.0003737136721611023,0.000908970832824707,0.0007790178060531616,-0.006616353988647461,-0.006166271865367889,0.028356590476240146
Stage1,S1_034,4.0,0.05,0.0,0.02,49,1.569031834602356,104,monotonic_hybrid,0.7196715474128723,0.22708040475845337,0.07220105826854706,1.235186219215393,0.15033382177352905,0.06011030822992325,0.07999999821186066,0.01988968998193741,0.1821078360080719,0.18110236525535583,0.0010054707527160645,0.380086749792099,0.2972124218940735,0.32270076870918274,0.9196411666378154,0.6683917717389994,0,0,0.5229098796844482,0.29098233580589294,0.001628875732421875,-0.0011671185493469238,-0.00038833916187286377,0.005488157272338867,-0.00067940354347229,-0.012580759823322296,-0.02951006591320038,0.22684943342013125
Stage1,S1_034,4.0,0.05,0.0,0.02,43,1.5019243955612183,105,monotonic_hybrid,0.7030305862426758,0.22008727490901947,0.07115175575017929,1.144360065460205,0.12985332310199738,0.054502181708812714,0.07538461685180664,0.020882435142993927,0.19699949026107788,0.1376146823167801,0.05938480794429779,0.38703659176826477,0.29719358682632446,0.31576985120773315,0.9175755686961192,0.6707079516204196,0,0,0.5229197144508362,0.291003942489624,0.0014244914054870605,0.00020201504230499268,0.00018965452909469604,0.004389762878417969,0.002504885196685791,-0.007625330239534378,0.02538275718688965,0.2030329291562983
Stage1,S1_035,4.0,0.1,0.0,0.02,43,1.5159149169921875,101,monotonic_hybrid,0.7693944573402405,0.23084327578544617,0.07829935103654861,1.2430787086486816,0.1567988246679306,0.05311011150479317,0.08692307770252228,0.03381296619772911,0.1843232959508896,0.19847328960895538,0.014149993658065796,0.36259910464286804,0.2981969714164734,0.33920392394065857,0.923365607222079,0.6443061397284768,0,0,0.5236058831214905,0.2852264642715454,0.0003495216369628906,-0.00035765767097473145,-0.0005511194467544556,0.00019085407257080078,-0.0023454278707504272,-0.00909867137670517,-0.03248371183872223,0.04544879248743241
Stage1,S1_035,4.0,0.1,0.0,0.02,43,1.3934059143066406,102,monotonic_hybrid,0.7367511987686157,0.21699462831020355,0.0793500542640686,1.478133201599121,0.19891375303268433,0.04444001242518425,0.08923076838254929,0.044790755957365036,0.17000888288021088,0.2539682686328888,0.08395938575267792,0.3658800423145294,0.2981666326522827,0.33595332503318787,0.9279164739746039,0.6369179897050254,0,0,0.523597240447998,0.28518182039260864,-0.0007627606391906738,-9.794533252716064e-05,-0.0011453628540039062,-0.015131592750549316,-0.0065611302852630615,-0.008657127618789673,-0.03236803412437439,-0.10342321381999867
Stage1,S1_035,4.0,0.1,0.0,0.02,50,1.4576518535614014,103,monotonic_hybrid,0.7088326215744019,0.22199782729148865,0.07855165004730225,1.172668695449829,0.1288195550441742,0.04455007240176201,0.08538461476564407,0.040834542363882065,0.15561144053936005,0.14159291982650757,0.014018520712852478,0.36789876222610474,0.2979179620742798,0.33418333530426025,0.9215328041030848,0.6382309121161553,0,0,0.5235433578491211,0.28496670722961426,0.00025922060012817383,-0.0008217394351959229,-0.00039299577474594116,0.0010093450546264648,0.0008284002542495728,-0.007000662386417389,-0.004863552749156952,0.0365834506025418
Stage1,S1_035,4.0,0.1,0.0,0.02,49,1.5661932229995728,104,monotonic_hybrid,0.7198278307914734,0.22710289061069489,0.07219493389129639,1.235533356666565,0.15034472942352295,0.06076636537909508,0.07999999821186066,0.01923363283276558,0.18360362946987152,0.18110236525535583,0.002501264214515686,0.36540186405181885,0.2974349856376648,0.33716318011283875,0.9222821612497952,0.6652848756074181,0,0,0.5235875248908997,0.28515109419822693,0.0017851591110229492,-0.0011446326971054077,-0.00039446353912353516,0.005835294723510742,-0.0006684958934783936,-0.013236816972494125,-0.028014272451400757,0.24861462715650362
Stage1,S1_035,4.0,0.1,0.0,0.02,43,1.498315691947937,105,monotonic_hybrid,0.7031667828559875,0.22011879086494446,0.07116859406232834,1.1447395086288452,0.13004158437252045,0.05507348105311394,0.07538461685180664,0.020311135798692703,0.1985602080821991,0.1376146823167801,0.060945525765419006,0.3723713457584381,0.29751449823379517,0.3301142156124115,0.9200434138530722,0.6678099981234629,0,0,0.5236024260520935,0.2852031886577606,0.0015606880187988281,0.00023353099822998047,0.0002064928412437439,0.0047692060470581055,0.0026931464672088623,-0.008196629583835602,0.026943475008010864,0.22244504862247438
Stage1,S1_036,4.0,0.2,0.0,0.02,43,1.5084025859832764,101,monotonic_hybrid,0.7695186734199524,0.2309069186449051,0.07825206965208054,1.2431691884994507,0.1566910445690155,0.054236192256212234,0.08692307770252228,0.03268688544631004,0.18758325278759003,0.19847328960895538,0.010890036821365356,0.33388468623161316,0.297193706035614,0.36892154812812805,0.9283726707073505,0.6377590757221309,0,0,0.5220567584037781,0.2720964252948761,0.0004737377166748047,-0.0002940148115158081,-0.0005984008312225342,0.00028133392333984375,-0.0024532079696655273,-0.010224752128124237,-0.03574366867542267,0.0616007849062266
Stage1,S1_036,4.0,0.2,0.0,0.02,48,1.3826450109481812,102,monotonic_hybrid,0.7367891073226929,0.21686838567256927,0.07929309457540512,1.479016661643982,0.1989610195159912,0.046372998505830765,0.08923076838254929,0.04285776987671852,0.17411935329437256,0.2539682686328888,0.07984891533851624,0.3363390266895294,0.2976635694503784,0.36599740386009216,0.9325957243794286,0.631021938628318,0,0,0.5218906998634338,0.2716526389122009,-0.0007248520851135254,-0.000224187970161438,-0.001202322542667389,-0.014248132705688477,-0.006513863801956177,-0.010590113699436188,-0.03647850453853607,-0.09828316818512181
Stage1,S1_036,4.0,0.2,0.0,0.02,50,1.447920799255371,103,monotonic_hybrid,0.7089521884918213,0.22205162048339844,0.07851510494947433,1.1728891134262085,0.1289241760969162,0.04530772194266319,0.08538461476564407,0.04007689282298088,0.15815110504627228,0.14159291982650757,0.01655818521976471,0.33842766284942627,0.29738718271255493,0.3641851842403412,0.926714166157732,0.6314207744859425,0,0,0.5218456983566284,0.27152884006500244,0.0003787875175476074,-0.0007679462432861328,-0.00042954087257385254,0.0012297630310058594,0.0009330213069915771,-0.007758311927318573,-0.0023238882422447205,0.053457766976121666
Stage1,S1_036,4.0,0.2,0.0,0.02,49,1.5602174997329712,104,monotonic_hybrid,0.7201568484306335,0.22715020179748535,0.07218707352876663,1.2362525463104248,0.1503787338733673,0.06208769604563713,0.07999999821186066,0.017912302166223526,0.18655997514724731,0.18110236525535583,0.0054576098918914795,0.33644506335258484,0.2966844141483307,0.36687058210372925,0.9273330846463648,0.6591398949669015,0,0,0.5220156908035278,0.27191439270973206,0.0021141767501831055,-0.0010973215103149414,-0.0004023239016532898,0.0065544843673706055,-0.0006344914436340332,-0.014558147639036179,-0.025057926774024963,0.29443608765412965
Stage1,S1_036,4.0,0.2,0.0,0.02,49,1.4907838106155396,105,monotonic_hybrid,0.7045194506645203,0.2202308028936386,0.07147035002708435,1.150460958480835,0.1325448453426361,0.060459572821855545,0.07538461685180664,0.014925044029951096,0.21406878530979156,0.1376146823167801,0.07645410299301147,0.342568963766098,0.29735100269317627,0.3600800633430481,0.9249704283220747,0.6621524654556338,0,0,0.5218831300735474,0.27161717414855957,0.002913355827331543,0.0003455430269241333,0.0005082488059997559,0.010490655899047852,0.005196407437324524,-0.01358272135257721,0.04245205223560333,0.415240951977135
Stage2,S2_001,3.0,0.05,0.0,0.0,43,1.3249017000198364,101,monotonic_hybrid,0.7692091464996338,0.23090505599975586,0.07838363945484161,1.2421237230300903,0.15704971551895142,0.05127638578414917,0.08692307770252228,0.03564669191837311,0.1784381866455078,0.19847328960895538,0.02003510296344757,0.3799763321876526,0.29587072134017944,0.3241529166698456,0.9207599368910924,0.6476423485944929,0,0,0.5562986731529236,0.3095923066139221,0.00016421079635620117,-0.00029587745666503906,-0.0004668310284614563,-0.0007641315460205078,-0.0020945370197296143,-0.0072649456560611725,-0.026598602533340454,0.021352561954787908
Stage2,S2_001,3.0,0.05,0.0,0.0,43,1.219561219215393,102,monotonic_hybrid,0.7366931438446045,0.21697194874286652,0.07953204959630966,1.4803743362426758,0.1999429166316986,0.04289358854293823,0.08923076838254929,0.04633717983961105,0.16448456048965454,0.2539682686328888,0.08948370814323425,0.383534699678421,0.2957327961921692,0.3207325339317322,0.9255344378883109,0.6399667533419365,0,0,0.5562974214553833,0.30956757068634033,-0.0008208155632019043,-0.00012062489986419678,-0.0009633675217628479,-0.012890458106994629,-0.005531966686248779,-0.007110703736543655,-0.026843711733818054,-0.11129491892749876
Stage2,S2_001,3.0,0.05,0.0,0.0,50,1.2728898525238037,103,monotonic_hybrid,0.7085692286491394,0.22196045517921448,0.07862391322851181,1.1722471714019775,0.12863558530807495,0.04315997660160065,0.08538461476564407,0.042224638164043427,0.1504823863506317,0.14159291982650757,0.008889466524124146,0.3860311508178711,0.295303612947464,0.3186652362346649,0.918829946472083,0.6417088375097016,0,0,0.5562790036201477,0.30946123600006104,-4.172325134277344e-06,-0.0008591115474700928,-0.00032073259353637695,0.0005878210067749023,0.0006444305181503296,-0.005610566586256027,-0.009992606937885284,-0.0005888345693671938
Stage2,S2_001,3.0,0.05,0.0,0.0,49,1.365247130393982,104,monotonic_hybrid,0.7192941308021545,0.22715280950069427,0.07222341001033783,1.2340691089630127,0.15036173164844513,0.05870269238948822,0.07999999821186066,0.021297305822372437,0.17845405638217926,0.18110236525535583,0.0026483088731765747,0.3830774426460266,0.2949082851409912,0.3220142424106598,0.9196403431849224,0.6683936727454602,0,0,0.5562870502471924,0.30955827236175537,0.0012514591217041016,-0.001094713807106018,-0.0003659874200820923,0.004371047019958496,-0.0006514936685562134,-0.011173143982887268,-0.027867227792739868,0.17428756967539064
Stage2,S2_001,3.0,0.05,0.0,0.0,43,1.3081766366958618,105,monotonic_hybrid,0.7027522921562195,0.22007261216640472,0.07112431526184082,1.1434096097946167,0.12951979041099548,0.05339927226305008,0.07538461685180664,0.02198534458875656,0.1935678869485855,0.1376146823167801,0.05595320463180542,0.3904676139354706,0.29488620162010193,0.3146462142467499,0.917575100089438,0.670708242068704,0,0,0.5562976598739624,0.30957990884780884,0.0011461973190307617,0.00018735229969024658,0.00016221404075622559,0.00343930721282959,0.002171352505683899,-0.006522420793771744,0.021951153874397278,0.16336763997136353
Stage2,S2_002,3.0,0.05,0.0,0.005,43,1.3243498802185059,101,monotonic_hybrid,0.7692046761512756,0.2309037446975708,0.07838604599237442,1.242135763168335,0.15706154704093933,0.05122615024447441,0.08692307770252228,0.03569692745804787,0.17825067043304443,0.19847328960895538,0.02022261917591095,0.3792768716812134,0.29643264412879944,0.32429051399230957,0.9207599138140661,0.6476423592041132,0,0,0.547954261302948,0.30494850873947144,0.00015974044799804688,-0.00029718875885009766,-0.0004644244909286499,-0.0007520914077758789,-0.0020827054977416992,-0.007214710116386414,-0.026411086320877075,0.020771276239140324
Stage2,S2_002,3.0,0.05,0.0,0.005,43,1.2189736366271973,102,monotonic_hybrid,0.7366989254951477,0.21696999669075012,0.07953780889511108,1.4804621934890747,0.19997894763946533,0.04284453019499779,0.08923076838254929,0.0463862381875515,0.1642841100692749,0.2539682686328888,0.08968415856361389,0.3827817738056183,0.29629677534103394,0.32092148065567017,0.9255344183858559,0.6399667563369713,0,0,0.5479530096054077,0.3049241900444031,-0.0008150339126586914,-0.00012257695198059082,-0.0009576082229614258,-0.012802600860595703,-0.005495935678482056,-0.0070616453886032104,-0.026643261313438416,-0.11051098114985246
Stage2,S2_002,3.0,0.05,0.0,0.005,50,1.2722928524017334,103,monotonic_hybrid,0.7085651159286499,0.2219592034816742,0.07862568646669388,1.1722296476364136,0.1286236196756363,0.043112125247716904,0.08538461476564407,0.04227248951792717,0.15027937293052673,0.14159291982650757,0.008686453104019165,0.38524073362350464,0.29587405920028687,0.3188852071762085,0.9188299324644079,0.6417088464500036,0,0,0.547934889793396,0.3048194348812103,-8.285045623779297e-06,-0.000860363245010376,-0.0003189593553543091,0.0005702972412109375,0.0006324648857116699,-0.005562715232372284,-0.010195620357990265,-0.0011692572163148562
Stage2,S2_002,3.0,0.05,0.0,0.005,49,1.3644388914108276,104,monotonic_hybrid,0.7192891836166382,0.22715358436107635,0.07222364842891693,1.2340413331985474,0.15036113560199738,0.058664824813604355,0.07999999821186066,0.021335173398256302,0.1783217489719391,0.18110236525535583,0.002780616283416748,0.3823314905166626,0.2954847514629364,0.3221837878227234,0.9196403178353288,0.6683937382566406,0,0,0.5479426383972168,0.3049149215221405,0.0012465119361877441,-0.001093938946723938,-0.0003657490015029907,0.004343271255493164,-0.0006520897150039673,-0.011135276407003403,-0.027734920382499695,0.17359858757008215
Stage2,S2_002,3.0,0.05,0.0,0.005,43,1.3075199127197266,105,monotonic_hybrid,0.7027389407157898,0.2200685739517212,0.07112151384353638,1.1433652639389038,0.12949684262275696,0.05335892736911774,0.07538461685180664,0.022025689482688904,0.19343329966068268,0.1376146823167801,0.05581861734390259,0.3896107077598572,0.2954629361629486,0.3149263858795166,0.9175750768858278,0.6707082529021076,0,0,0.5479533076286316,0.3049362897872925,0.0011328458786010742,0.00018331408500671387,0.00015941262245178223,0.0033949613571166992,0.0021484047174453735,-0.006482075899839401,0.021816566586494446,0.1614646575816815
Stage2,S2_003,3.0,0.05,0.0,0.01,43,1.3237980604171753,101,monotonic_hybrid,0.7692001461982727,0.23090238869190216,0.07838847488164902,1.2421481609344482,0.15707343816757202,0.05117589607834816,0.08692307770252228,0.03574718162417412,0.1780630201101303,0.19847328960895538,0.020410269498825073,0.378577321767807,0.29699456691741943,0.32442811131477356,0.9207598865422044,0.6476423910281108,0,0,0.5396097302436829,0.30030468106269836,0.0001552104949951172,-0.0002985447645187378,-0.00046199560165405273,-0.0007396936416625977,-0.002070814371109009,-0.007164455950260162,-0.02622343599796295,0.020182240047284104
Stage2,S2_003,3.0,0.05,0.0,0.01,43,1.218385934829712,102,monotonic_hybrid,0.7367046475410461,0.21696802973747253,0.0795435830950737,1.4805504083633423,0.2000150829553604,0.042795464396476746,0.08923076838254929,0.04643530398607254,0.16408362984657288,0.2539682686328888,0.08988463878631592,0.38202884793281555,0.2968607544898987,0.32111042737960815,0.9255343956311256,0.6399667612013413,0,0,0.5396085977554321,0.30028074979782104,-0.0008093118667602539,-0.0001245439052581787,-0.0009518340229988098,-0.012714385986328125,-0.005459800362586975,-0.007012579590082169,-0.02644278109073639,-0.10973512520496538
Stage2,S2_003,3.0,0.05,0.0,0.01,50,1.271695852279663,103,monotonic_hybrid,0.7085610032081604,0.2219580113887787,0.07862747460603714,1.1722121238708496,0.12861168384552002,0.04306434094905853,0.08538461476564407,0.04232027381658554,0.15007655322551727,0.14159291982650757,0.008483633399009705,0.38445034623146057,0.29644450545310974,0.3191051483154297,0.9188299096602017,0.641708846415111,0,0,0.5395907163619995,0.3001774847507477,-1.239776611328125e-05,-0.0008615553379058838,-0.00031717121601104736,0.0005527734756469727,0.000620529055595398,-0.005514930933713913,-0.010398440062999725,-0.0017496798632625186
Stage2,S2_003,3.0,0.05,0.0,0.01,49,1.3636305332183838,104,monotonic_hybrid,0.7192842960357666,0.22715437412261963,0.07222386449575424,1.2340134382247925,0.15036052465438843,0.058626897633075714,0.07999999821186066,0.021373100578784943,0.17818918824195862,0.18110236525535583,0.002913177013397217,0.3815855383872986,0.29606112837791443,0.3223533630371094,0.919640290223458,0.6683937989479563,0,0,0.5395983457565308,0.300271600484848,0.0012416243553161621,-0.001093149185180664,-0.00036553293466567993,0.004315376281738281,-0.000652700662612915,-0.011097349226474762,-0.027602359652519226,0.1729179064539942
Stage2,S2_003,3.0,0.05,0.0,0.01,43,1.3068629503250122,105,monotonic_hybrid,0.7027255296707153,0.22006455063819885,0.07111871242523193,1.14332115650177,0.12947386503219604,0.0533185750246048,0.07538461685180664,0.022066041827201843,0.19329847395420074,0.1376146823167801,0.055683791637420654,0.38875383138656616,0.2960395812988281,0.3152066171169281,0.9175750499786186,0.6707082626953512,0,0,0.5396088361740112,0.30029261112213135,0.0011194348335266113,0.000179290771484375,0.00015661120414733887,0.00335085391998291,0.0021254271268844604,-0.006441723555326462,0.021681740880012512,0.15955317973490266
Stage2,S2_004,3.0,0.05,0.0,0.02,43,1.3226944208145142,101,monotonic_hybrid,0.769191324710846,0.23089972138404846,0.07839335501194,1.242173671722412,0.1570974588394165,0.051075279712677,0.08692307770252228,0.035847797989845276,0.17768724262714386,0.19847328960895538,0.020786046981811523,0.3771783113479614,0.2981184124946594,0.32470327615737915,0.9207598616040912,0.6476423987818457,0,0,0.5229207873344421,0.29101693630218506,0.00014638900756835938,-0.0003012120723724365,-0.0004571154713630676,-0.0007141828536987305,-0.0020467936992645264,-0.0070638395845890045,-0.0258476585149765,0.019035169568406205
Stage2,S2_004,3.0,0.05,0.0,0.02,43,1.2172099351882935,102,monotonic_hybrid,0.7367162108421326,0.21696415543556213,0.07955516874790192,1.480727195739746,0.2000875025987625,0.04269735515117645,0.08923076838254929,0.04653341323137283,0.16368265450000763,0.2539682686328888,0.09028561413288116,0.38052305579185486,0.2979887127876282,0.32148832082748413,0.9255343721292119,0.6399667410992758,0,0,0.5229196548461914,0.2909937798976898,-0.0007977485656738281,-0.0001284182071685791,-0.0009402483701705933,-0.012537598609924316,-0.0053873807191848755,-0.006914470344781876,-0.026041805744171143,-0.10816724964967275
Stage2,S2_004,3.0,0.05,0.0,0.02,50,1.2705012559890747,103,monotonic_hybrid,0.7085528373718262,0.22195552289485931,0.07863109558820724,1.172178030014038,0.1285880208015442,0.0429689958691597,0.08538461476564407,0.042415618896484375,0.1496715545654297,0.14159291982650757,0.00807863473892212,0.3828696012496948,0.2975853681564331,0.31954509019851685,0.9188298959108959,0.6417088373837276,0,0,0.522902250289917,0.2908937931060791,-2.0563602447509766e-05,-0.0008640438318252563,-0.0003135502338409424,0.0005186796188354492,0.0005968660116195679,-0.005419585853815079,-0.01080343872308731,-0.002902113234738312
Stage2,S2_004,3.0,0.05,0.0,0.02,49,1.3620126247406006,104,monotonic_hybrid,0.7192738056182861,0.22715596854686737,0.07222443073987961,1.233956217765808,0.15035928785800934,0.05854812636971474,0.07999999821186066,0.02145187184214592,0.17791801691055298,0.18110236525535583,0.0031843483448028564,0.38009360432624817,0.29721397161483765,0.3226923942565918,0.9196402458172446,0.6683939111267728,0,0,0.5229097008705139,0.2909850478172302,0.0012311339378356934,-0.0010915547609329224,-0.0003649666905403137,0.004258155822753906,-0.0006539374589920044,-0.011018577963113785,-0.027331188321113586,0.17145693235117135
Stage2,S2_004,3.0,0.05,0.0,0.02,43,1.305548906326294,105,monotonic_hybrid,0.7026987671852112,0.2200564593076706,0.07111311703920364,1.1432329416275024,0.12942785024642944,0.05323781445622444,0.07538461685180664,0.0221468023955822,0.19302819669246674,0.1376146823167801,0.055413514375686646,0.3870401084423065,0.2971929609775543,0.31576699018478394,0.9175750199571218,0.6707082660789344,0,0,0.5229198932647705,0.29100534319877625,0.001092672348022461,0.00017119944095611572,0.00015101581811904907,0.003262639045715332,0.002079412341117859,-0.006360962986946106,0.021411463618278503,0.1557387194984418
Stage2,S2_005,3.0,0.02,0.0,0.0,43,1.3266239166259766,101,monotonic_hybrid,0.7691864371299744,0.23088787496089935,0.07839939743280411,1.2421631813049316,0.15709465742111206,0.050970658659935,0.08692307770252228,0.03595241904258728,0.17751865088939667,0.19847328960895538,0.020954638719558716,0.3893298804759979,0.2956254780292511,0.315044641494751,0.9191661580154837,0.6496622426109492,0,0,0.5553591847419739,0.31300127506256104,0.00014150142669677734,-0.0003130584955215454,-0.0004510730504989624,-0.0007246732711791992,-0.0020495951175689697,-0.006959218531847,-0.02567906677722931,0.01839963051929818
Stage2,S2_005,3.0,0.02,0.0,0.0,43,1.2220474481582642,102,monotonic_hybrid,0.736705482006073,0.21695561707019806,0.07955439388751984,1.4807130098342896,0.20007705688476562,0.04271230101585388,0.08923076838254929,0.046518467366695404,0.1637527346611023,0.2539682686328888,0.0902155339717865,0.3929332494735718,0.2954252064228058,0.31164154410362244,0.9240719139745008,0.6418227034697518,0,0,0.5553596615791321,0.31299132108688354,-0.0008084774017333984,-0.0001369565725326538,-0.0009410232305526733,-0.01255178451538086,-0.005397826433181763,-0.006929416209459305,-0.026111885905265808,-0.10962197954633601
Stage2,S2_005,3.0,0.02,0.0,0.0,50,1.275141954421997,103,monotonic_hybrid,0.7085428237915039,0.22194597125053406,0.07863547652959824,1.17220938205719,0.12861299514770508,0.042950280010700226,0.08538461476564407,0.04243433475494385,0.14976371824741364,0.14159291982650757,0.008170798420906067,0.39564210176467896,0.2948914170265198,0.3094664514064789,0.9171740418068206,0.6438181472740815,0,0,0.5553549528121948,0.3129509687423706,-3.057718276977539e-05,-0.0008735954761505127,-0.00030916929244995117,0.0005500316619873047,0.0006218403577804565,-0.005400869995355606,-0.010711275041103363,-0.004315316201219577
Stage2,S2_005,3.0,0.02,0.0,0.0,49,1.366550087928772,104,monotonic_hybrid,0.7192169427871704,0.22713980078697205,0.0722290650010109,1.2339022159576416,0.15036197006702423,0.05834604799747467,0.07999999821186066,0.021653950214385986,0.17761923372745514,0.18110236525535583,0.003483131527900696,0.3924929201602936,0.2945622205734253,0.31294482946395874,0.918020590569641,0.6702643601671795,0,0,0.5553535223007202,0.31298887729644775,0.0011742711067199707,-0.001107722520828247,-0.0003603324294090271,0.004204154014587402,-0.0006512552499771118,-0.010816499590873718,-0.027032405138015747,0.1635377886347338
Stage2,S2_005,3.0,0.02,0.0,0.0,43,1.3098690509796143,105,monotonic_hybrid,0.702684223651886,0.22005479037761688,0.0711163580417633,1.1432262659072876,0.12941978871822357,0.053087521344423294,0.07538461685180664,0.022297095507383347,0.1926945298910141,0.1376146823167801,0.05507984757423401,0.3998701274394989,0.29448720812797546,0.30564260482788086,0.916068349262762,0.672463969830318,0,0,0.5553590059280396,0.31299638748168945,0.0010781288146972656,0.00016953051090240479,0.00015425682067871094,0.0032559633255004883,0.0020713508129119873,-0.0062106698751449585,0.021077796816825867,0.15366582796682388
Stage2,S2_006,3.0,0.02,0.0,0.005,43,1.326046109199524,101,monotonic_hybrid,0.7691823840141296,0.2308867871761322,0.07840163260698318,1.2421756982803345,0.15710611641407013,0.05092494562268257,0.08692307770252228,0.035998132079839706,0.1773444265127182,0.19847328960895538,0.021128863096237183,0.3884899914264679,0.29619109630584717,0.31531888246536255,0.9191661461456125,0.6496622545566964,0,0,0.5470287203788757,0.30830633640289307,0.00013744831085205078,-0.0003141462802886963,-0.00044883787631988525,-0.0007121562957763672,-0.002038136124610901,-0.006913505494594574,-0.025504842400550842,0.017872598137111038
Stage2,S2_006,3.0,0.02,0.0,0.005,43,1.2214220762252808,102,monotonic_hybrid,0.7367111444473267,0.21695387363433838,0.07955986261367798,1.4807963371276855,0.2001112699508667,0.0426659993827343,0.08923076838254929,0.04656476899981499,0.16356341540813446,0.2539682686328888,0.09040485322475433,0.39203932881355286,0.2959938049316406,0.3119668960571289,0.9240719071241282,0.6418227047709382,0,0,0.5470293164253235,0.3082965016365051,-0.0008028149604797363,-0.00013870000839233398,-0.0009355545043945312,-0.012468457221984863,-0.0053636133670806885,-0.006883114576339722,-0.025922566652297974,-0.10885420543420818
Stage2,S2_006,3.0,0.02,0.0,0.005,50,1.2745108604431152,103,monotonic_hybrid,0.7085391283035278,0.22194495797157288,0.07863713800907135,1.1721926927566528,0.12860152125358582,0.042905546724796295,0.08538461476564407,0.04247906804084778,0.14957158267498016,0.14159291982650757,0.007978662848472595,0.39470750093460083,0.2954680323600769,0.30982446670532227,0.9171740325717662,0.6438181394452326,0,0,0.5470245480537415,0.30825674533843994,-3.427267074584961e-05,-0.0008746087551116943,-0.00030750781297683716,0.0005333423614501953,0.0006103664636611938,-0.005356136709451675,-0.010903410613536835,-0.00483685539123052
Stage2,S2_006,3.0,0.02,0.0,0.005,49,1.3657218217849731,104,monotonic_hybrid,0.7192131876945496,0.22714078426361084,0.07222925126552582,1.2338770627975464,0.15036147832870483,0.05831335857510567,0.07999999821186066,0.02168663963675499,0.17749880254268646,0.18110236525535583,0.0036035627126693726,0.39160558581352234,0.29514384269714355,0.3132505714893341,0.918020580075643,0.6702643743512423,0,0,0.5470232963562012,0.3082941174507141,0.001170516014099121,-0.0011067390441894531,-0.000360146164894104,0.0041790008544921875,-0.0006517469882965088,-0.010783810168504715,-0.02691197395324707,0.16301482631383699
Stage2,S2_006,3.0,0.02,0.0,0.005,43,1.3091864585876465,105,monotonic_hybrid,0.7026718854904175,0.22005100548267365,0.0711137056350708,1.1431852579116821,0.12939831614494324,0.053051650524139404,0.07538461685180664,0.022332966327667236,0.19257204234600067,0.1376146823167801,0.05495736002922058,0.39887216687202454,0.2950698733329773,0.3060579299926758,0.9160683441373747,0.6724639731148416,0,0,0.547028660774231,0.3083013892173767,0.0010657906532287598,0.00016574561595916748,0.00015160441398620605,0.0032149553298950195,0.002049878239631653,-0.006174799054861069,0.02095530927181244,0.15190726834778737
Stage2,S2_007,3.0,0.02,0.0,0.01,43,1.3254681825637817,101,monotonic_hybrid,0.7691783905029297,0.23088571429252625,0.07840389758348465,1.2421886920928955,0.15711764991283417,0.05087919905781746,0.08692307770252228,0.03604387864470482,0.177170068025589,0.19847328960895538,0.021303221583366394,0.3876500725746155,0.2967567443847656,0.3155932128429413,0.9191661335615295,0.6496622649565379,0,0,0.5386983752250671,0.30361127853393555,0.0001334547996520996,-0.0003152191638946533,-0.0004465728998184204,-0.000699162483215332,-0.002026602625846863,-0.006867758929729462,-0.02533048391342163,0.01735331623113253
Stage2,S2_007,3.0,0.02,0.0,0.01,43,1.2207967042922974,102,monotonic_hybrid,0.7367168068885803,0.21695218980312347,0.07956533879041672,1.4808796644210815,0.20014552772045135,0.04261969029903412,0.08923076838254929,0.04661107808351517,0.163374125957489,0.2539682686328888,0.09059414267539978,0.39114534854888916,0.29656246304512024,0.312292218208313,0.9240718942463948,0.6418227130154596,0,0,0.5386989116668701,0.30360159277915955,-0.0007971525192260742,-0.00014038383960723877,-0.0009300783276557922,-0.012385129928588867,-0.005329355597496033,-0.006836805492639542,-0.025733277201652527,-0.10808643132208035
Stage2,S2_007,3.0,0.02,0.0,0.01,50,1.2738797664642334,103,monotonic_hybrid,0.7085354328155518,0.2219438999891281,0.07863880693912506,1.172176480293274,0.12859009206295013,0.04286086931824684,0.08538461476564407,0.04252374544739723,0.14937956631183624,0.14159291982650757,0.007786646485328674,0.3937729001045227,0.2960446774959564,0.31018245220184326,0.9171740235790462,0.6438181388721537,0,0,0.5386942028999329,0.3035625219345093,-3.796815872192383e-05,-0.0008756667375564575,-0.0003058388829231262,0.0005171298980712891,0.0005989372730255127,-0.005311459302902222,-0.011095426976680756,-0.005358394581241464
Stage2,S2_007,3.0,0.02,0.0,0.01,49,1.3648934364318848,104,monotonic_hybrid,0.719209611415863,0.22714176774024963,0.07222943007946014,1.2338521480560303,0.15036094188690186,0.05828064680099487,0.07999999821186066,0.021719351410865784,0.17737829685211182,0.18110236525535583,0.0037240684032440186,0.3907182812690735,0.29572543501853943,0.3135562837123871,0.9180205694569188,0.6702644123247459,0,0,0.5386928915977478,0.3035992383956909,0.0011669397354125977,-0.0011057555675506592,-0.00035996735095977783,0.004154086112976074,-0.0006522834300994873,-0.010751098394393921,-0.026791468262672424,0.16251676696060194
Stage2,S2_007,3.0,0.02,0.0,0.01,43,1.3085037469863892,105,monotonic_hybrid,0.702659547328949,0.2200472354888916,0.0711110383272171,1.1431442499160767,0.1293768286705017,0.05301577225327492,0.07538461685180664,0.022368844598531723,0.1924494355916977,0.1376146823167801,0.0548347532749176,0.39787420630455017,0.2956525683403015,0.3064732551574707,0.9160683265310926,0.6724639904549189,0,0,0.5386981964111328,0.3036065101623535,0.001053452491760254,0.00016197562217712402,0.00014893710613250732,0.0031739473342895508,0.0020283907651901245,-0.006138920783996582,0.02083270251750946,0.15014870872875086
Stage2,S2_008,3.0,0.02,0.0,0.02,43,1.324312686920166,101,monotonic_hybrid,0.7691706418991089,0.23088352382183075,0.07840842008590698,1.2422150373458862,0.15714097023010254,0.05078761652112007,0.08692307770252228,0.036135461181402206,0.17682094871997833,0.19847328960895538,0.02165234088897705,0.3859702944755554,0.2978879511356354,0.3161417841911316,0.9191661358381824,0.649662266472569,0,0,0.5220376253128052,0.29422128200531006,0.00012570619583129883,-0.0003174096345901489,-0.00044205039739608765,-0.0006728172302246094,-0.002003282308578491,-0.006776176393032074,-0.024981364607810974,0.016345754324010052
Stage2,S2_008,3.0,0.02,0.0,0.02,43,1.2195453643798828,102,monotonic_hybrid,0.736728310585022,0.21694882214069366,0.07957631349563599,1.4810470342636108,0.2002142369747162,0.04252711310982704,0.08923076838254929,0.046703655272722244,0.16299547255039215,0.2539682686328888,0.09097279608249664,0.38935744762420654,0.29769963026046753,0.3129429221153259,0.92407189356798,0.6418226927616373,0,0,0.5220380425453186,0.2942119836807251,-0.0007856488227844238,-0.00014375150203704834,-0.0009191036224365234,-0.01221776008605957,-0.005260646343231201,-0.006744228303432465,-0.025354623794555664,-0.10652663759954696
Stage2,S2_008,3.0,0.02,0.0,0.02,50,1.272616982460022,103,monotonic_hybrid,0.7085283398628235,0.22194187343120575,0.07864215224981308,1.1721445322036743,0.1285674124956131,0.042771752923727036,0.08538461476564407,0.04261286184191704,0.1489962339401245,0.14159291982650757,0.007403314113616943,0.39190369844436646,0.2971978783607483,0.31089839339256287,0.9171740299795109,0.6438181352433423,0,0,0.5220336318016052,0.2941738963127136,-4.506111145019531e-05,-0.0008776932954788208,-0.0003024935722351074,0.0004851818084716797,0.0005762577056884766,-0.005222342908382416,-0.011478759348392487,-0.006359413349165693
Stage2,S2_008,3.0,0.02,0.0,0.02,49,1.3632363080978394,104,monotonic_hybrid,0.7192023396492004,0.22714383900165558,0.07222981005907059,1.2338021993637085,0.15035998821258545,0.05821513757109642,0.07999999821186066,0.021784860640764236,0.17713674902915955,0.18110236525535583,0.003965616226196289,0.388943612575531,0.2968885600566864,0.3141677975654602,0.9180205609324985,0.6702644519086308,0,0,0.5220323801040649,0.29420965909957886,0.00115966796875,-0.0011036843061447144,-0.0003595873713493347,0.004104137420654297,-0.0006532371044158936,-0.010685589164495468,-0.026549920439720154,0.16150404627569062
Stage2,S2_008,3.0,0.02,0.0,0.02,43,1.3071379661560059,105,monotonic_hybrid,0.7026351094245911,0.22003966569900513,0.07110574096441269,1.1430624723434448,0.12933380901813507,0.05294398218393326,0.07538461685180664,0.022440634667873383,0.19220364093780518,0.1376146823167801,0.054588958621025085,0.3958781659603119,0.29681795835494995,0.30730387568473816,0.9160683271301907,0.6724639784157092,0,0,0.5220374464988708,0.2942166328430176,0.0010290145874023438,0.00015440583229064941,0.00014363974332809448,0.003092169761657715,0.0019853711128234863,-0.0060671307146549225,0.020586907863616943,0.146665571319065
Stage2,S2_009,3.0,0.01,0.0,0.0,43,1.327193260192871,101,monotonic_hybrid,0.7691792249679565,0.23088224232196808,0.0784047320485115,1.2421773672103882,0.15711000561714172,0.05086888372898102,0.08692307770252228,0.03605419397354126,0.1772116720676422,0.19847328960895538,0.02126161754131317,0.39245444536209106,0.2955113649368286,0.31203415989875793,0.9186298888082172,0.6503385056692109,0,0,0.5549622774124146,0.3140885829925537,0.00013428926467895508,-0.0003186911344528198,-0.00044573843479156494,-0.0007104873657226562,-0.0020342469215393066,-0.006857443600893021,-0.025372087955474854,0.017461822898053415
Stage2,S2_009,3.0,0.01,0.0,0.0,43,1.2228702306747437,102,monotonic_hybrid,0.7367097735404968,0.2169502079486847,0.07956191897392273,1.480826735496521,0.2001221477985382,0.04265151917934418,0.08923076838254929,0.04657924920320511,0.1635076403617859,0.2539682686328888,0.0904606282711029,0.39607352018356323,0.295290470123291,0.30863597989082336,0.9235788531675639,0.642445783371991,0,0,0.554962694644928,0.3140835762023926,-0.0008041858673095703,-0.0001423656940460205,-0.0009334981441497803,-0.012438058853149414,-0.00535273551940918,-0.0068686343729496,-0.025866791605949402,-0.10904008758767071
Stage2,S2_009,3.0,0.01,0.0,0.0,50,1.2758876085281372,103,monotonic_hybrid,0.7085340023040771,0.22194115817546844,0.07863937318325043,1.1721972227096558,0.1286056488752365,0.04288031905889511,0.08538461476564407,0.04250429570674896,0.1495233029127121,0.14159291982650757,0.007930383086204529,0.39885348081588745,0.29472091794013977,0.30642563104629517,0.9166164476354406,0.64452493005062,0,0,0.5549608469009399,0.3140637278556824,-3.93986701965332e-05,-0.0008784085512161255,-0.00030527263879776,0.000537872314453125,0.0006144940853118896,-0.005330909043550491,-0.010951690375804901,-0.0055602807193102155
Stage2,S2_009,3.0,0.01,0.0,0.0,49,1.366977572441101,104,monotonic_hybrid,0.7191919088363647,0.2271355241537094,0.07223100960254669,1.2338478565216064,0.15036235749721527,0.05822855979204178,0.07999999821186066,0.021771438419818878,0.17734266817569733,0.18110236525535583,0.0037596970796585083,0.39563679695129395,0.29441308975219727,0.30995017290115356,0.9174749260409264,0.6708887358216177,0,0,0.5549593567848206,0.3140825927257538,0.0011492371559143066,-0.0011119991540908813,-0.00035838782787323,0.004149794578552246,-0.0006508678197860718,-0.010699011385440826,-0.026755839586257935,0.16005137316208834
Stage2,S2_009,3.0,0.01,0.0,0.0,43,1.310428261756897,105,monotonic_hybrid,0.7026617527008057,0.22004882991313934,0.07111376523971558,1.143166184425354,0.12938663363456726,0.05298367887735367,0.07538461685180664,0.022400937974452972,0.1924026757478714,0.1376146823167801,0.05478799343109131,0.4030097723007202,0.29432213306427,0.30266812443733215,0.9155618673964456,0.6730519942710349,0,0,0.5549622178077698,0.31408607959747314,0.0010556578636169434,0.00016357004642486572,0.00015166401863098145,0.0031958818435668945,0.0020381957292556763,-0.006106827408075333,0.020785942673683167,0.15046304064133226
Stage2,S2_010,3.0,0.01,0.0,0.005,43,1.3266068696975708,101,monotonic_hybrid,0.7691753506660461,0.2308812290430069,0.0784069076180458,1.2421900033950806,0.15712137520313263,0.05082463100552559,0.08692307770252228,0.03609844669699669,0.17704182863235474,0.19847328960895538,0.021431460976600647,0.3915676772594452,0.29607871174812317,0.3123536705970764,0.9186298871254905,0.6503385106582817,0,0,0.5466378927230835,0.3093772530555725,0.0001304149627685547,-0.00031970441341400146,-0.0004435628652572632,-0.0006978511810302734,-0.002022877335548401,-0.0068131908774375916,-0.025202244520187378,0.016958041944492176
Stage2,S2_010,3.0,0.01,0.0,0.005,43,1.222232460975647,102,monotonic_hybrid,0.7367154359817505,0.21694856882095337,0.07956728339195251,1.4809085130691528,0.20015576481819153,0.042606137692928314,0.08923076838254929,0.04662463068962097,0.1633220613002777,0.2539682686328888,0.09064620733261108,0.3951323926448822,0.2958611249923706,0.3090064525604248,0.9235788525559246,0.6424457863000078,0,0,0.5466382503509521,0.30937230587005615,-0.0007985234260559082,-0.00014400482177734375,-0.0009281337261199951,-0.012356281280517578,-0.005319118499755859,-0.006823252886533737,-0.025681212544441223,-0.10827231347554288
Stage2,S2_010,3.0,0.01,0.0,0.005,50,1.2752453088760376,103,monotonic_hybrid,0.7085304856300354,0.22194018959999084,0.07864098995923996,1.1721810102462769,0.1285943239927292,0.04283661022782326,0.08538461476564407,0.042548004537820816,0.14933472871780396,0.14159291982650757,0.007741808891296387,0.39787065982818604,0.29530009627342224,0.30682921409606934,0.9166164456989024,0.6445249292826504,0,0,0.5466364622116089,0.3093528151512146,-4.291534423828125e-05,-0.0008793771266937256,-0.00030365586280822754,0.0005216598510742188,0.0006031692028045654,-0.005287200212478638,-0.011140264570713043,-0.006056584142062565
Stage2,S2_010,3.0,0.01,0.0,0.005,49,1.3661426305770874,104,monotonic_hybrid,0.7191886305809021,0.22713661193847656,0.07223117351531982,1.2338237762451172,0.15036186575889587,0.05819764360785484,0.07999999821186066,0.021802354604005814,0.17722636461257935,0.18110236525535583,0.0038760006427764893,0.3947022557258606,0.29499685764312744,0.3103008568286896,0.9174749180538303,0.6708887450072009,0,0,0.5466348528862,0.30937132239341736,0.0011459589004516602,-0.0011109113693237305,-0.00035822391510009766,0.004125714302062988,-0.0006513595581054688,-0.010668095201253891,-0.026639536023139954,0.1595948187549562
Stage2,S2_010,3.0,0.01,0.0,0.005,43,1.3097370862960815,105,monotonic_hybrid,0.7026497721672058,0.22004514932632446,0.07111115753650665,1.1431260108947754,0.12936566770076752,0.052949290722608566,0.07538461685180664,0.022435326129198074,0.1922842562198639,0.1376146823167801,0.0546695739030838,0.40196463465690613,0.2949073314666748,0.30312809348106384,0.9155618658803759,0.6730520036847782,0,0,0.5466378331184387,0.30937474966049194,0.0010436773300170898,0.00015988945960998535,0.0001490563154220581,0.0031557083129882812,0.0020172297954559326,-0.006072439253330231,0.02066752314567566,0.1487554537648765
Stage2,S2_011,3.0,0.01,0.0,0.01,43,1.3260204792022705,101,monotonic_hybrid,0.7691715359687805,0.23088021576404572,0.0784090980887413,1.242202877998352,0.15713278949260712,0.050780393183231354,0.08692307770252228,0.036142684519290924,0.17687192559242249,0.19847328960895538,0.021601364016532898,0.39068087935447693,0.2966460585594177,0.31267309188842773,0.9186298784507169,0.6503385276410726,0,0,0.5383133888244629,0.3046659231185913,0.0001266002655029297,-0.0003207176923751831,-0.0004413723945617676,-0.0006849765777587891,-0.0020114630460739136,-0.006768953055143356,-0.025032341480255127,0.01646201146713957
Stage2,S2_011,3.0,0.01,0.0,0.01,43,1.2215946912765503,102,monotonic_hybrid,0.7367212176322937,0.21694694459438324,0.0795726627111435,1.4809901714324951,0.20018939673900604,0.04256077855825424,0.08923076838254929,0.046669989824295044,0.1631365269422531,0.2539682686328888,0.09083174169063568,0.39419132471084595,0.2964317500591278,0.30937686562538147,0.92357884395407,0.6424457881250077,0,0,0.5383138656616211,0.3046610951423645,-0.0007927417755126953,-0.00014562904834747314,-0.0009227544069290161,-0.012274622917175293,-0.005285486578941345,-0.006777893751859665,-0.025495678186416626,-0.10748837569789657
Stage2,S2_011,3.0,0.01,0.0,0.01,50,1.274603009223938,103,monotonic_hybrid,0.7085270881652832,0.22193925082683563,0.07864262163639069,1.172165036201477,0.12858305871486664,0.04279297962784767,0.08538461476564407,0.0425916351377964,0.14914637804031372,0.14159291982650757,0.007553458213806152,0.396887868642807,0.2958792746067047,0.3072328567504883,0.9166164363767587,0.644524941673333,0,0,0.5383120179176331,0.30464184284210205,-4.6312808990478516e-05,-0.000880315899848938,-0.0003020241856575012,0.0005056858062744141,0.0005919039249420166,-0.005243569612503052,-0.011328615248203278,-0.0065360637199758514
Stage2,S2_011,3.0,0.01,0.0,0.01,49,1.3653075695037842,104,monotonic_hybrid,0.7191852927207947,0.22713765501976013,0.07223134487867355,1.2337995767593384,0.15036140382289886,0.05816667526960373,0.07999999821186066,0.021833322942256927,0.17710986733436584,0.18110236525535583,0.00399249792098999,0.3937678039073944,0.2955806851387024,0.310651570558548,0.9174749108878508,0.6708887649094623,0,0,0.5383104085922241,0.3046600818634033,0.0011426210403442383,-0.0011098682880401611,-0.0003580525517463684,0.00410151481628418,-0.000651821494102478,-0.010637126863002777,-0.026523038744926453,0.1591299633586035
Stage2,S2_011,3.0,0.01,0.0,0.01,43,1.309045672416687,105,monotonic_hybrid,0.7026378512382507,0.2200414538383484,0.07110854238271713,1.1430861949920654,0.12934467196464539,0.052914898842573166,0.07538461685180664,0.022469718009233475,0.19216571748256683,0.1376146823167801,0.05455103516578674,0.40091952681541443,0.2954924702644348,0.30358803272247314,0.9155618530635823,0.6730520003588677,0,0,0.5383133888244629,0.30466359853744507,0.0010317564010620117,0.00015619397163391113,0.00014644116163253784,0.0031158924102783203,0.0019962340593338013,-0.00603804737329483,0.0205489844083786,0.14705636234551756
Stage2,S2_012,3.0,0.01,0.0,0.02,43,1.3248475790023804,101,monotonic_hybrid,0.769163966178894,0.23087824881076813,0.07841350138187408,1.2422294616699219,0.1571558266878128,0.05069182813167572,0.08692307770252228,0.03623124957084656,0.17653171718120575,0.19847328960895538,0.021941572427749634,0.3889072835445404,0.29778072237968445,0.3133120536804199,0.9186298813066404,0.6503385099630415,0,0,0.5216646194458008,0.2952432632446289,0.00011903047561645508,-0.000322684645652771,-0.0004369691014289856,-0.0006583929061889648,-0.001988425850868225,-0.006680388003587723,-0.02469213306903839,0.015477700988642994
Stage2,S2_012,3.0,0.01,0.0,0.02,43,1.2203184366226196,102,monotonic_hybrid,0.7367324829101562,0.21694375574588776,0.07958342880010605,1.481154441833496,0.20025686919689178,0.042470041662454605,0.08923076838254929,0.04676072672009468,0.16276530921459198,0.2539682686328888,0.09120295941829681,0.39230915904045105,0.2975730001926422,0.31011781096458435,0.9235788490573401,0.6424457698911202,0,0,0.5216649770736694,0.2952384948730469,-0.0007814764976501465,-0.00014881789684295654,-0.0009119883179664612,-0.012110352516174316,-0.005218014121055603,-0.006687156856060028,-0.025124460458755493,-0.10596090930640015
Stage2,S2_012,3.0,0.01,0.0,0.02,50,1.2733174562454224,103,monotonic_hybrid,0.7085202932357788,0.2219373732805252,0.07864587008953094,1.1721336841583252,0.12856072187423706,0.0427059642970562,0.08538461476564407,0.042678650468587875,0.1487703174352646,0.14159291982650757,0.007177397608757019,0.39492228627204895,0.29703769087791443,0.308040052652359,0.9166164465433938,0.6445249160802263,0,0,0.5216631889343262,0.29521989822387695,-5.310773849487305e-05,-0.0008821934461593628,-0.00029877573251724243,0.0004743337631225586,0.000569567084312439,-0.005156554281711578,-0.011704675853252411,-0.007495022875802424
Stage2,S2_012,3.0,0.01,0.0,0.02,49,1.3636375665664673,104,monotonic_hybrid,0.7191789150238037,0.22713980078697205,0.07223168015480042,1.233751654624939,0.15036046504974365,0.058104630559682846,0.07999999821186066,0.02189536765217781,0.17687638103961945,0.18110236525535583,0.004225984215736389,0.3918987214565277,0.2967483103275299,0.3113529682159424,0.9174749158470461,0.6708887815042371,0,0,0.521661639213562,0.29523760080337524,0.0011362433433532715,-0.001107722520828247,-0.00035771727561950684,0.004053592681884766,-0.0006527602672576904,-0.010575082153081894,-0.026289552450180054,0.15824175751200095
Stage2,S2_012,3.0,0.01,0.0,0.02,43,1.3076632022857666,105,monotonic_hybrid,0.7026140689849854,0.22003406286239624,0.07110332697629929,1.1430063247680664,0.12930265069007874,0.05284611135721207,0.07538461685180664,0.022538505494594574,0.1919281780719757,0.1376146823167801,0.05431349575519562,0.39882925152778625,0.2966627776622772,0.30450794100761414,0.9155618616161356,0.6730519925733868,0,0,0.5216645002365112,0.29524096846580505,0.0010079741477966309,0.0001488029956817627,0.00014122575521469116,0.003036022186279297,0.001954212784767151,-0.005969259887933731,0.020311444997787476,0.14366667496389643
Stage2,S2_013,3.0,0.005,0.0,0.0,43,1.327476978302002,101,monotonic_hybrid,0.7691755294799805,0.23087942600250244,0.0784073993563652,1.2421845197677612,0.15711776912212372,0.05081797018647194,0.08692307770252228,0.03610510751605034,0.17705802619457245,0.19847328960895538,0.021415263414382935,0.3940178155899048,0.29544827342033386,0.31053391098976135,0.9183608362943504,0.6506771852187953,0,0,0.5547481775283813,0.3146228790283203,0.00013059377670288086,-0.00032150745391845703,-0.0004430711269378662,-0.0007033348083496094,-0.002026483416557312,-0.006806530058383942,-0.02521844208240509,0.016981293373118076
Stage2,S2_013,3.0,0.005,0.0,0.0,43,1.223280668258667,102,monotonic_hybrid,0.7367119789123535,0.2169474959373474,0.07956571131944656,1.4808838367462158,0.20014481246471405,0.04262105002999306,0.08923076838254929,0.04660971835255623,0.1633848249912262,0.2539682686328888,0.0905834436416626,0.39764484763145447,0.2952171266078949,0.30713802576065063,0.9233312870347786,0.6427581444720567,0,0,0.5547484159469604,0.31462037563323975,-0.0008019804954528809,-0.00014507770538330078,-0.000929705798625946,-0.01238095760345459,-0.005330070853233337,-0.00683816522359848,-0.02574397623538971,-0.10874105977557882
Stage2,S2_013,3.0,0.005,0.0,0.0,50,1.2762595415115356,103,monotonic_hybrid,0.7085297107696533,0.22193875908851624,0.07864132523536682,1.1721911430358887,0.12860199809074402,0.04284531995654106,0.08538461476564407,0.04253929480910301,0.1494029015302658,0.14159291982650757,0.00780998170375824,0.4004603922367096,0.2946294844150543,0.3049101233482361,0.9163366124496937,0.6448790166125812,0,0,0.5547475218772888,0.3146105110645294,-4.369020462036133e-05,-0.000880807638168335,-0.00030332058668136597,0.0005317926406860352,0.000610843300819397,-0.005295909941196442,-0.01107209175825119,-0.006165939133516472
Stage2,S2_013,3.0,0.005,0.0,0.0,49,1.367189884185791,104,monotonic_hybrid,0.7191793918609619,0.2271333932876587,0.07223200052976608,1.233820915222168,0.15036262571811676,0.05816992372274399,0.07999999821186066,0.02183007448911667,0.1772044152021408,0.18110236525535583,0.003897950053215027,0.3972095251083374,0.2943321168422699,0.3084583878517151,0.9172010303792305,0.671201031976184,0,0,0.5547465682029724,0.31461992859840393,0.0011367201805114746,-0.0011141300201416016,-0.0003573969006538391,0.0041228532791137695,-0.0006505995988845825,-0.010640375316143036,-0.026617586612701416,0.15830816542576562
Stage2,S2_013,3.0,0.005,0.0,0.0,43,1.3107069730758667,105,monotonic_hybrid,0.7026505470275879,0.22004584968090057,0.07111247628927231,1.1431361436843872,0.1293700784444809,0.0529317632317543,0.07538461685180664,0.022452853620052338,0.1922566145658493,0.1376146823167801,0.054641932249069214,0.40458035469055176,0.29423362016677856,0.3011860251426697,0.9153078473923252,0.6733465312824525,0,0,0.5547481775283813,0.31462162733078003,0.00104445219039917,0.0001605898141860962,0.00015037506818771362,0.0031658411026000977,0.0020216405391693115,-0.006054911762475967,0.020639881491661072,0.14886589470713482
Stage2,S2_014,3.0,0.005,0.0,0.005,43,1.3268862962722778,101,monotonic_hybrid,0.7691718339920044,0.23087845742702484,0.07840954512357712,1.2421973943710327,0.15712904930114746,0.05077451094985008,0.08692307770252228,0.036148566752672195,0.17689047753810883,0.19847328960895538,0.021582812070846558,0.3931075930595398,0.2960165739059448,0.31087589263916016,0.918360831451129,0.6506771829544817,0,0,0.5464269518852234,0.3099035620689392,0.00012689828872680664,-0.00032247602939605713,-0.00044092535972595215,-0.000690460205078125,-0.0020152032375335693,-0.006763070821762085,-0.025050893425941467,0.01650076384818274
Stage2,S2_014,3.0,0.005,0.0,0.005,43,1.2226364612579346,102,monotonic_hybrid,0.7367176413536072,0.21694591641426086,0.07957100868225098,1.4809647798538208,0.20017807185649872,0.04257615655660629,0.08923076838254929,0.04665461182594299,0.16320118308067322,0.2539682686328888,0.09076708555221558,0.39668020606040955,0.29578885436058044,0.3075309693813324,0.9233312857518289,0.6427581506865813,0,0,0.5464271903038025,0.3099011182785034,-0.0007963180541992188,-0.00014665722846984863,-0.0009244084358215332,-0.01230001449584961,-0.005296811461448669,-0.006793271750211716,-0.02556033432483673,-0.10797328566345099
Stage2,S2_014,3.0,0.005,0.0,0.005,50,1.2756116390228271,103,monotonic_hybrid,0.7085263133049011,0.22193782031536102,0.07864291965961456,1.1721752882003784,0.12859076261520386,0.042802147567272186,0.08538461476564407,0.04258246719837189,0.1492162048816681,0.14159291982650757,0.0076232850551605225,0.3994534909725189,0.295210063457489,0.30533644556999207,0.9163366103067726,0.6448790125639897,0,0,0.5464262962341309,0.30989134311676025,-4.7087669372558594e-05,-0.0008817464113235474,-0.00030172616243362427,0.0005159378051757812,0.0005996078252792358,-0.0052527375519275665,-0.011258788406848907,-0.006645418711429758
Stage2,S2_014,3.0,0.005,0.0,0.005,49,1.3663517236709595,104,monotonic_hybrid,0.7191763520240784,0.22713446617126465,0.07223214954137802,1.233797311782837,0.15036214888095856,0.05813988298177719,0.07999999821186066,0.021860115230083466,0.1770901381969452,0.18110236525535583,0.0040122270584106445,0.3962514102458954,0.29491713643074036,0.30883145332336426,0.9172010245194957,0.6712010447742781,0,0,0.546425461769104,0.3099006116390228,0.0011336803436279297,-0.0011130571365356445,-0.00035724788904190063,0.004099249839782715,-0.0006510764360427856,-0.010610334575176239,-0.0265033096075058,0.15788481497551582
Stage2,S2_014,3.0,0.005,0.0,0.005,43,1.3100115060806274,105,monotonic_hybrid,0.7026388049125671,0.2200421839952469,0.07110989093780518,1.143096685409546,0.12934936583042145,0.052898112684488297,0.07538461685180664,0.022486504167318344,0.19214023649692535,0.1376146823167801,0.054525554180145264,0.4035116732120514,0.294820100069046,0.301668256521225,0.9153078396315056,0.6733465241921405,0,0,0.5464268922805786,0.3099023103713989,0.001032710075378418,0.00015692412853240967,0.00014778971672058105,0.003126382827758789,0.0020009279251098633,-0.006021261215209961,0.02052350342273712,0.14719228965906625
Stage2,S2_015,3.0,0.005,0.0,0.01,43,1.3262957334518433,101,monotonic_hybrid,0.7691681385040283,0.23087750375270844,0.07841171324253082,1.2422105073928833,0.15714041888713837,0.05073101446032524,0.08692307770252228,0.03619206324219704,0.17672279477119446,0.19847328960895538,0.021750494837760925,0.39219731092453003,0.2965848445892334,0.31121787428855896,0.9183608233435414,0.6506771805505507,0,0,0.5381057262420654,0.30518415570259094,0.00012320280075073242,-0.0003234297037124634,-0.0004387572407722473,-0.0006773471832275391,-0.0020038336515426636,-0.006719574332237244,-0.0248832106590271,0.016020234323247406
Stage2,S2_015,3.0,0.005,0.0,0.01,43,1.2219924926757812,102,monotonic_hybrid,0.7367232441902161,0.2169443517923355,0.07957633584737778,1.4810459613800049,0.20021142065525055,0.04253124073147774,0.08923076838254929,0.04669952765107155,0.16301745176315308,0.2539682686328888,0.09095081686973572,0.3957155644893646,0.296360582113266,0.3079238831996918,0.9233312796446586,0.6427581470065457,0,0,0.5381059646606445,0.30518174171447754,-0.000790715217590332,-0.00014822185039520264,-0.0009190812706947327,-0.012218832969665527,-0.005263462662696838,-0.00674835592508316,-0.02537660300731659,-0.1072135933840824
Stage2,S2_015,3.0,0.005,0.0,0.01,50,1.27496337890625,103,monotonic_hybrid,0.7085228562355042,0.2219369262456894,0.0786445140838623,1.1721596717834473,0.12857960164546967,0.04275904595851898,0.08538461476564407,0.04262556880712509,0.1490296721458435,0.14159291982650757,0.0074367523193359375,0.39844661951065063,0.29579058289527893,0.3057628273963928,0.9163366024338865,0.6448790234656646,0,0,0.5381051301956177,0.30517226457595825,-5.054473876953125e-05,-0.0008826404809951782,-0.00030013173818588257,0.0005003213882446289,0.0005884468555450439,-0.005209635943174362,-0.011445321142673492,-0.007133310211762577
Stage2,S2_015,3.0,0.005,0.0,0.01,49,1.365513563156128,104,monotonic_hybrid,0.7191733121871948,0.227135568857193,0.07223230600357056,1.2337737083435059,0.15036168694496155,0.05810978263616562,0.07999999821186066,0.021890215575695038,0.17697565257549286,0.18110236525535583,0.004126712679862976,0.3952932357788086,0.2955021262168884,0.3092045783996582,0.9172010187672731,0.671201059043271,0,0,0.5381041765213013,0.3051813840866089,0.0011306405067443848,-0.0011119544506072998,-0.00035709142684936523,0.00407564640045166,-0.0006515383720397949,-0.010580234229564667,-0.026388823986053467,0.15746146452526602
Stage2,S2_015,3.0,0.005,0.0,0.01,43,1.3093160390853882,105,monotonic_hybrid,0.7026270031929016,0.2200385481119156,0.07110730558633804,1.1430573463439941,0.129328653216362,0.05286448448896408,0.07538461685180664,0.02252013236284256,0.19202375411987305,0.1376146823167801,0.05440907180309296,0.40244296193122864,0.2954065799713135,0.3021504282951355,0.915307836345275,0.6733465305381569,0,0,0.5381057262420654,0.30518296360969543,0.0010209083557128906,0.00015328824520111084,0.00014520436525344849,0.0030870437622070312,0.001980215311050415,-0.005987633019685745,0.020407021045684814,0.1455101891539009
Stage2,S2_016,3.0,0.005,0.0,0.02,43,1.325114130973816,101,monotonic_hybrid,0.7691607475280762,0.23087555170059204,0.07841607183218002,1.2422369718551636,0.1571633219718933,0.050643954426050186,0.08692307770252228,0.03627912327647209,0.1763870120048523,0.19847328960895538,0.02208627760410309,0.39037683606147766,0.29772135615348816,0.31190186738967896,0.9183608338753858,0.6506771754038181,0,0,0.5214632749557495,0.29574549198150635,0.00011581182479858398,-0.0003253817558288574,-0.0004343986511230469,-0.0006508827209472656,-0.0019809305667877197,-0.006632514297962189,-0.024547427892684937,0.015059175273376734
Stage2,S2_016,3.0,0.005,0.0,0.02,43,1.2207038402557373,102,monotonic_hybrid,0.7367346882820129,0.21694119274616241,0.07958700507879257,1.481208324432373,0.20027823746204376,0.04244145750999451,0.08923076838254929,0.04678931087255478,0.16265009343624115,0.2539682686328888,0.09131817519664764,0.39378622174263,0.29750409722328186,0.3087097108364105,0.923331290555013,0.6427581363307592,0,0,0.5214635133743286,0.2957431375980377,-0.000779271125793457,-0.00015138089656829834,-0.0009084120392799377,-0.012056469917297363,-0.0051966458559036255,-0.00665857270359993,-0.025009244680404663,-0.10566188149430825
Stage2,S2_016,3.0,0.005,0.0,0.02,50,1.2736667394638062,103,monotonic_hybrid,0.7085162401199341,0.22193509340286255,0.07864773273468018,1.1721285581588745,0.12855741381645203,0.042673055082559586,0.08538461476564407,0.04271155968308449,0.14865726232528687,0.14159291982650757,0.007064342498779297,0.3964327871799469,0.2969517111778259,0.3066155016422272,0.9163366185853602,0.6448790061989553,0,0,0.5214626789093018,0.2957339286804199,-5.716085433959961e-05,-0.0008844733238220215,-0.0002969130873680115,0.000469207763671875,0.0005662590265274048,-0.005123645067214966,-0.011817730963230133,-0.008067033600330556
Stage2,S2_016,3.0,0.005,0.0,0.02,49,1.3638368844985962,104,monotonic_hybrid,0.7191672325134277,0.22713783383369446,0.07223262637853622,1.2337262630462646,0.15036076307296753,0.05804944410920143,0.07999999821186066,0.021950554102659225,0.1767461895942688,0.18110236525535583,0.004356175661087036,0.39337703585624695,0.29667219519615173,0.3099507689476013,0.9172010272456592,0.6712010554505368,0,0,0.5214618444442749,0.2957426905632019,0.001124560832977295,-0.001109689474105835,-0.0003567710518836975,0.004028201103210449,-0.0006524622440338135,-0.010519895702600479,-0.026159361004829407,0.1566147636247664
Stage2,S2_016,3.0,0.005,0.0,0.02,43,1.3079248666763306,105,monotonic_hybrid,0.7026036381721497,0.2200312465429306,0.07110213488340378,1.1429786682128906,0.12928710877895355,0.05279719457030296,0.07538461685180664,0.022587422281503677,0.1917903572320938,0.1376146823167801,0.05417567491531372,0.4003055989742279,0.29657959938049316,0.3031148612499237,0.9153078478071482,0.6733465129093589,0,0,0.5214632153511047,0.2957443594932556,0.0009975433349609375,0.0001459866762161255,0.00014003366231918335,0.0030083656311035156,0.0019386708736419678,-0.005920343101024628,0.02017362415790558,0.14217996997195734
Stage2,S2_017,2.5,0.1,0.0,0.0,43,1.2236603498458862,101,monotonic_hybrid,0.7691723704338074,0.2309776246547699,0.07840347290039062,1.2416821718215942,0.1571424901485443,0.05085306614637375,0.08692307770252228,0.03607001155614853,0.1767793744802475,0.19847328960895538,0.021693915128707886,0.36447811126708984,0.29595261812210083,0.33956924080848694,0.9233638826454338,0.6443073305743455,0,0,0.5570286512374878,0.3034372329711914,0.00012743473052978516,-0.00022330880165100098,-0.00044699758291244507,-0.0012056827545166016,-0.0020017623901367188,-0.006841626018285751,-0.02493979036808014,0.016570518134060453
Stage2,S2_017,2.5,0.1,0.0,0.0,43,1.1249219179153442,102,monotonic_hybrid,0.7366816401481628,0.21699899435043335,0.07960190623998642,1.4811732769012451,0.20032934844493866,0.04231126233935356,0.08923076838254929,0.046919506043195724,0.1624985784292221,0.2539682686328888,0.09146969020366669,0.3679655194282532,0.295919269323349,0.33611518144607544,0.9279151914285543,0.6369180837606248,0,0,0.5570192337036133,0.30338841676712036,-0.0008323192596435547,-9.357929229736328e-05,-0.0008935108780860901,-0.012091517448425293,-0.005145534873008728,-0.006528377532958984,-0.02485772967338562,-0.11285471265003215
Stage2,S2_017,2.5,0.1,0.0,0.0,50,1.1733332872390747,103,monotonic_hybrid,0.708490252494812,0.22197416424751282,0.07864374667406082,1.172108769416809,0.12855808436870575,0.042750146239995956,0.08538461476564407,0.04263446852564812,0.14873801171779633,0.14159291982650757,0.007145091891288757,0.37011072039604187,0.29565539956092834,0.3342338800430298,0.9215317772941095,0.6382310071507902,0,0,0.5569617748260498,0.3031585216522217,-8.314847946166992e-05,-0.0008454024791717529,-0.0003008991479873657,0.0004494190216064453,0.0005669295787811279,-0.005200736224651337,-0.011736981570720673,-0.011734631775246218
Stage2,S2_017,2.5,0.1,0.0,0.0,49,1.2592917680740356,104,monotonic_hybrid,0.7191962003707886,0.2272181510925293,0.07223092764616013,1.2336550951004028,0.15038134157657623,0.058303575962781906,0.07999999821186066,0.02169642224907875,0.1771567314863205,0.18110236525535583,0.003945633769035339,0.36746862530708313,0.29514750838279724,0.33738383650779724,0.9222796638832056,0.6652900175093334,0,0,0.5570092797279358,0.30336081981658936,0.0011535286903381348,-0.001029372215270996,-0.00035846978425979614,0.003957033157348633,-0.0006318837404251099,-0.010774027556180954,-0.026569902896881104,0.16064904438597044
Stage2,S2_017,2.5,0.1,0.0,0.0,43,1.207139492034912,105,monotonic_hybrid,0.7026705741882324,0.22008061408996582,0.071112260222435,1.143065333366394,0.12940628826618195,0.053108636289834976,0.07538461685180664,0.022275980561971664,0.19246052205562592,0.1376146823167801,0.054845839738845825,0.374873548746109,0.29522618651390076,0.32990026473999023,0.9200418425197772,0.6678107528774141,0,0,0.5570248365402222,0.30341219902038574,0.0010644793510437012,0.00019535422325134277,0.00015015900135040283,0.0030950307846069336,0.0020578503608703613,-0.006231784820556641,0.020843788981437683,0.1517203682916579
Stage2,S2_018,2.5,0.1,0.0,0.005,43,1.2232370376586914,101,monotonic_hybrid,0.7691683173179626,0.2309759557247162,0.07840608060359955,1.2416977882385254,0.15715470910072327,0.050801463425159454,0.08692307770252228,0.036121614277362823,0.17659078538417816,0.19847328960895538,0.02188250422477722,0.3640112280845642,0.29651328921318054,0.33947548270225525,0.9233638415273138,0.6443073666813681,0,0,0.5486732721328735,0.2988857924938202,0.0001233816146850586,-0.00022497773170471191,-0.00044438987970352173,-0.0011900663375854492,-0.0019895434379577637,-0.006790023297071457,-0.024751201272010803,0.01604348575187331
Stage2,S2_018,2.5,0.1,0.0,0.005,43,1.1244839429855347,102,monotonic_hybrid,0.7366874814033508,0.21699699759483337,0.07960765808820724,1.4812610149383545,0.20036520063877106,0.04226367175579071,0.08923076838254929,0.046967096626758575,0.16230307519435883,0.2539682686328888,0.09166519343852997,0.36744624376296997,0.2964804172515869,0.3360733389854431,0.9279151566539433,0.6369180745679823,0,0,0.5486639738082886,0.29883772134780884,-0.0008264780044555664,-9.557604789733887e-05,-0.0008877590298652649,-0.012003779411315918,-0.005109682679176331,-0.006480786949396133,-0.02466222643852234,-0.1120626930396266
Stage2,S2_018,2.5,0.1,0.0,0.005,50,1.1728819608688354,103,monotonic_hybrid,0.7084864974021912,0.2219727784395218,0.07864563167095184,1.1720939874649048,0.12854737043380737,0.042703576385974884,0.08538461476564407,0.04268103837966919,0.14854282140731812,0.14159291982650757,0.006949901580810547,0.36955922842025757,0.2962205111980438,0.334220290184021,0.9215317488967225,0.6382310134587307,0,0,0.548607349395752,0.2986111640930176,-8.690357208251953e-05,-0.0008467882871627808,-0.000299014151096344,0.00043463706970214844,0.0005562156438827515,-0.005154166370630264,-0.011932171881198883,-0.012264582887676694
Stage2,S2_018,2.5,0.1,0.0,0.005,49,1.2586448192596436,104,monotonic_hybrid,0.7191904783248901,0.2272186279296875,0.07223130762577057,1.2336280345916748,0.15038099884986877,0.058261506259441376,0.07999999821186066,0.02173849195241928,0.177018404006958,0.18110236525535583,0.004083961248397827,0.3669569790363312,0.2957203686237335,0.3373226225376129,0.9222796188322658,0.6652901196550604,0,0,0.5486541390419006,0.29881060123443604,0.0011478066444396973,-0.001028895378112793,-0.00035808980464935303,0.0039299726486206055,-0.0006322264671325684,-0.010731957852840424,-0.026431575417518616,0.15985214942079431
Stage2,S2_018,2.5,0.1,0.0,0.005,43,1.2066272497177124,105,monotonic_hybrid,0.7026575803756714,0.22007673978805542,0.0711095929145813,1.143023133277893,0.12938354909420013,0.0530659444630146,0.07538461685180664,0.022318672388792038,0.19232013821601868,0.1376146823167801,0.054705455899238586,0.37425071001052856,0.29579776525497437,0.32995158433914185,0.9200418035354384,0.6678107739588154,0,0,0.5486695766448975,0.29886120557785034,0.001051485538482666,0.00019147992134094238,0.0001474916934967041,0.003052830696105957,0.00203511118888855,-0.006189092993736267,0.020703405141830444,0.1498683586445566
Stage2,S2_019,2.5,0.1,0.0,0.01,43,1.222813606262207,101,monotonic_hybrid,0.7691641449928284,0.23097433149814606,0.07840870320796967,1.241713523864746,0.15716701745986938,0.05074981600046158,0.08692307770252228,0.0361732617020607,0.1764020025730133,0.19847328960895538,0.022071287035942078,0.3635443150997162,0.29707396030426025,0.33938172459602356,0.9233637955417081,0.6443073985611847,0,0,0.5403178930282593,0.2943342924118042,0.00011920928955078125,-0.0002266019582748413,-0.00044176727533340454,-0.001174330711364746,-0.0019772350788116455,-0.006738375872373581,-0.024562418460845947,0.015500952417268898
Stage2,S2_019,2.5,0.1,0.0,0.01,43,1.124045491218567,102,monotonic_hybrid,0.7366933226585388,0.2169949859380722,0.07961340993642807,1.481348991394043,0.20040108263492584,0.042216092348098755,0.08923076838254929,0.04701467603445053,0.16210760176181793,0.2539682686328888,0.09186066687107086,0.36692696809768677,0.29704156517982483,0.336031436920166,0.9279151185312228,0.6369180849766065,0,0,0.5403087139129639,0.29428696632385254,-0.0008206367492675781,-9.75877046585083e-05,-0.0008820071816444397,-0.011915802955627441,-0.005073800683021545,-0.006433207541704178,-0.024466753005981445,-0.11127067342922105
Stage2,S2_019,2.5,0.1,0.0,0.01,50,1.1724305152893066,103,monotonic_hybrid,0.7084827423095703,0.22197145223617554,0.07864753901958466,1.1720794439315796,0.12853670120239258,0.04265706241130829,0.08538461476564407,0.042727552354335785,0.14834782481193542,0.14159291982650757,0.0067549049854278564,0.3690077066421509,0.2967855930328369,0.3342066705226898,0.9215317196007966,0.6382310247806342,0,0,0.5402528643608093,0.2940638065338135,-9.065866470336914e-05,-0.0008481144905090332,-0.0002971068024635315,0.0004200935363769531,0.0005455464124679565,-0.005107652395963669,-0.012127168476581573,-0.012794534000107168
Stage2,S2_019,2.5,0.1,0.0,0.01,49,1.257997989654541,104,monotonic_hybrid,0.7191848158836365,0.2272191196680069,0.0722317025065422,1.2336010932922363,0.1503806710243225,0.05821941792964935,0.07999999821186066,0.021780580282211304,0.17687994241714478,0.18110236525535583,0.00422242283821106,0.3664453625679016,0.2962932884693146,0.3372614085674286,0.9222795666475576,0.6652902313262271,0,0,0.5402989387512207,0.29426032304763794,0.0011421442031860352,-0.001028403639793396,-0.00035769492387771606,0.003903031349182129,-0.000632554292678833,-0.010689869523048401,-0.026293113827705383,0.1590635554448388
Stage2,S2_019,2.5,0.1,0.0,0.01,43,1.2061151266098022,105,monotonic_hybrid,0.7026445865631104,0.22007286548614502,0.071106918156147,1.1429811716079712,0.12936080992221832,0.05302323400974274,0.07538461685180664,0.022361382842063904,0.1921796053647995,0.1376146823167801,0.05456492304801941,0.3736278712749481,0.2963692843914032,0.3300028145313263,0.9200417533243825,0.6678107924941641,0,0,0.5403141975402832,0.2943100929260254,0.0010384917259216309,0.000187605619430542,0.00014481693506240845,0.003010869026184082,0.0020123720169067383,-0.006146382540464401,0.020562872290611267,0.14801634899745536
Stage2,S2_020,2.5,0.1,0.0,0.02,43,1.2219667434692383,101,monotonic_hybrid,0.7691560387611389,0.23097111284732819,0.07841397821903229,1.2417458295822144,0.1571919173002243,0.05064641684293747,0.08692307770252228,0.03627666085958481,0.17602387070655823,0.19847328960895538,0.022449418902397156,0.36261045932769775,0.29819533228874207,0.33919426798820496,0.9233637262790643,0.6443074301199667,0,0,0.523607075214386,0.28523141145706177,0.00011110305786132812,-0.0002298206090927124,-0.00043649226427078247,-0.0011420249938964844,-0.001952335238456726,-0.006634976714849472,-0.02418428659439087,0.014446887652894614
Stage2,S2_020,2.5,0.1,0.0,0.02,43,1.1231685876846313,102,monotonic_hybrid,0.7367053031921387,0.21699100732803345,0.0796249657869339,1.481525182723999,0.20047304034233093,0.04212097451090813,0.08923076838254929,0.04710979387164116,0.16171666979789734,0.2539682686328888,0.09225159883499146,0.365888386964798,0.29816383123397827,0.33594775199890137,0.9279150584514951,0.6369180683761684,0,0,0.5235981941223145,0.2851855158805847,-0.0008086562156677246,-0.00010156631469726562,-0.0008704513311386108,-0.011739611625671387,-0.005001842975616455,-0.00633808970451355,-0.024075821042060852,-0.10964622504461374
Stage2,S2_020,2.5,0.1,0.0,0.02,50,1.1715272665023804,103,monotonic_hybrid,0.7084752917289734,0.22196878492832184,0.07865133881568909,1.1720508337020874,0.12851552665233612,0.042564257979393005,0.08538461476564407,0.04282035678625107,0.14795838296413422,0.14159291982650757,0.006365463137626648,0.3679046928882599,0.29791587591171265,0.33417946100234985,0.9215316662368189,0.6382310106705086,0,0,0.5235440731048584,0.2849692106246948,-9.810924530029297e-05,-0.0008507817983627319,-0.00029330700635910034,0.0003914833068847656,0.000524371862411499,-0.005014847964048386,-0.012516610324382782,-0.013846024302548585
Stage2,S2_020,2.5,0.1,0.0,0.02,49,1.2567036151885986,104,monotonic_hybrid,0.7191734313964844,0.2272200584411621,0.07223249226808548,1.2335474491119385,0.15038006007671356,0.05813505873084068,0.07999999821186066,0.021864939481019974,0.1766023337841034,0.18110236525535583,0.004500031471252441,0.36542195081710815,0.29743897914886475,0.3371390700340271,0.9222794792338984,0.665290407878781,0,0,0.5235887765884399,0.2851598858833313,0.0011307597160339355,-0.0010274648666381836,-0.00035690516233444214,0.0038493871688842773,-0.0006331652402877808,-0.01060551032423973,-0.026015505194664,0.1574780665037072
Stage2,S2_020,2.5,0.1,0.0,0.02,43,1.2050901651382446,105,monotonic_hybrid,0.7026185989379883,0.22006511688232422,0.0711016058921814,1.1428972482681274,0.12931525707244873,0.05293777585029602,0.07538461685180664,0.02244684100151062,0.19189795851707458,0.1376146823167801,0.054283276200294495,0.37238216400146484,0.29751238226890564,0.3301054537296295,0.9200416846488183,0.6678107990245085,0,0,0.5236035585403442,0.2852078676223755,0.0010125041007995605,0.0001798570156097412,0.00013950467109680176,0.002926945686340332,0.001966819167137146,-0.006060924381017685,0.020281225442886353,0.14431232970325283
Stage3,S3_001,3.0,0.05,0.0,0.0,43,1.3249017000198364,101,monotonic_hybrid,0.7692091464996338,0.23090505599975586,0.07838363945484161,1.2421237230300903,0.15704971551895142,0.05127638578414917,0.08692307770252228,0.03564669191837311,0.1784381866455078,0.19847328960895538,0.02003510296344757,0.3799763321876526,0.29587072134017944,0.3241529166698456,0.9207599368910924,0.6476423485944929,0,0,0.5562986731529236,0.3095923066139221,0.00016421079635620117,-0.00029587745666503906,-0.0004668310284614563,-0.0007641315460205078,-0.0020945370197296143,-0.0072649456560611725,-0.026598602533340454,0.021352561954787908
Stage3,S3_001,3.0,0.05,0.0,0.0,43,1.219561219215393,102,monotonic_hybrid,0.7366931438446045,0.21697194874286652,0.07953204959630966,1.4803743362426758,0.1999429166316986,0.04289358854293823,0.08923076838254929,0.04633717983961105,0.16448456048965454,0.2539682686328888,0.08948370814323425,0.383534699678421,0.2957327961921692,0.3207325339317322,0.9255344378883109,0.6399667533419365,0,0,0.5562974214553833,0.30956757068634033,-0.0008208155632019043,-0.00012062489986419678,-0.0009633675217628479,-0.012890458106994629,-0.005531966686248779,-0.007110703736543655,-0.026843711733818054,-0.11129491892749876
Stage3,S3_001,3.0,0.05,0.0,0.0,50,1.2728898525238037,103,monotonic_hybrid,0.7085692286491394,0.22196045517921448,0.07862391322851181,1.1722471714019775,0.12863558530807495,0.04315997660160065,0.08538461476564407,0.042224638164043427,0.1504823863506317,0.14159291982650757,0.008889466524124146,0.3860311508178711,0.295303612947464,0.3186652362346649,0.918829946472083,0.6417088375097016,0,0,0.5562790036201477,0.30946123600006104,-4.172325134277344e-06,-0.0008591115474700928,-0.00032073259353637695,0.0005878210067749023,0.0006444305181503296,-0.005610566586256027,-0.009992606937885284,-0.0005888345693671938
Stage3,S3_001,3.0,0.05,0.0,0.0,49,1.365247130393982,104,monotonic_hybrid,0.7192941308021545,0.22715280950069427,0.07222341001033783,1.2340691089630127,0.15036173164844513,0.05870269238948822,0.07999999821186066,0.021297305822372437,0.17845405638217926,0.18110236525535583,0.0026483088731765747,0.3830774426460266,0.2949082851409912,0.3220142424106598,0.9196403431849224,0.6683936727454602,0,0,0.5562870502471924,0.30955827236175537,0.0012514591217041016,-0.001094713807106018,-0.0003659874200820923,0.004371047019958496,-0.0006514936685562134,-0.011173143982887268,-0.027867227792739868,0.17428756967539064
Stage3,S3_001,3.0,0.05,0.0,0.0,43,1.3081766366958618,105,monotonic_hybrid,0.7027522921562195,0.22007261216640472,0.07112431526184082,1.1434096097946167,0.12951979041099548,0.05339927226305008,0.07538461685180664,0.02198534458875656,0.1935678869485855,0.1376146823167801,0.05595320463180542,0.3904676139354706,0.29488620162010193,0.3146462142467499,0.917575100089438,0.670708242068704,0,0,0.5562976598739624,0.30957990884780884,0.0011461973190307617,0.00018735229969024658,0.00016221404075622559,0.00343930721282959,0.002171352505683899,-0.006522420793771744,0.021951153874397278,0.16336763997136353
Stage3,S3_002,3.0,0.05,0.005,0.0,43,1.3249056339263916,101,monotonic_hybrid,0.7692091464996338,0.23090505599975586,0.07838363945484161,1.2421237230300903,0.1570497453212738,0.0512763150036335,0.08692307770252228,0.03564676269888878,0.1784379780292511,0.19847328960895538,0.020035311579704285,0.3799785375595093,0.29587018489837646,0.32415130734443665,0.9207595822113392,0.6476425064866244,0,0,0.5562987923622131,0.30959317088127136,0.00016421079635620117,-0.00029587745666503906,-0.0004668310284614563,-0.0007641315460205078,-0.0020945072174072266,-0.007264874875545502,-0.02659839391708374,0.021352561954787908
Stage3,S3_002,3.0,0.05,0.005,0.0,43,1.2195652723312378,102,monotonic_hybrid,0.7366930842399597,0.21697194874286652,0.07953205704689026,1.4803743362426758,0.199942946434021,0.04289356619119644,0.08923076838254929,0.046337202191352844,0.16448445618152618,0.2539682686328888,0.08948381245136261,0.3835362493991852,0.29573220014572144,0.32073158025741577,0.9255341850942845,0.639966745382829,0,0,0.5562975406646729,0.30956828594207764,-0.0008208751678466797,-0.00012062489986419678,-0.000963360071182251,-0.012890458106994629,-0.005531936883926392,-0.007110681384801865,-0.026843607425689697,-0.11130300076025801
Stage3,S3_002,3.0,0.05,0.005,0.0,50,1.2728936672210693,103,monotonic_hybrid,0.7085692286491394,0.22196047008037567,0.07862390577793121,1.172247290611267,0.12863561511039734,0.043159954249858856,0.08538461476564407,0.04222466051578522,0.15048231184482574,0.14159291982650757,0.008889392018318176,0.38603246212005615,0.2953031361103058,0.31866446137428284,0.9188297067159209,0.6417088349819083,0,0,0.556279182434082,0.3094618320465088,-4.172325134277344e-06,-0.0008590966463088989,-0.0003207400441169739,0.0005879402160644531,0.0006444603204727173,-0.0056105442345142365,-0.009992681443691254,-0.0005888345693671938
Stage3,S3_002,3.0,0.05,0.005,0.0,49,1.3652513027191162,104,monotonic_hybrid,0.7192941308021545,0.22715280950069427,0.07222341746091843,1.2340691089630127,0.15036174654960632,0.058702562004327774,0.07999999821186066,0.021297436207532883,0.17845375835895538,0.18110236525535583,0.0026486068964004517,0.3830808699131012,0.29490867257118225,0.32201051712036133,0.919639873374172,0.6683944503343069,0,0,0.5562869906425476,0.30955955386161804,0.0012514591217041016,-0.001094713807106018,-0.00036597996950149536,0.004371047019958496,-0.0006514787673950195,-0.011173013597726822,-0.02786692976951599,0.17428756967539064
Stage3,S3_002,3.0,0.05,0.005,0.0,43,1.308180809020996,105,monotonic_hybrid,0.7027522921562195,0.22007258236408234,0.07112430781126022,1.1434096097946167,0.12951979041099548,0.053399212658405304,0.07538461685180664,0.021985404193401337,0.19356775283813477,0.1376146823167801,0.055953070521354675,0.3904695510864258,0.2948857247829437,0.3146447241306305,0.9175747990380345,0.6707083481169843,0,0,0.5562978386878967,0.3095806837081909,0.0011461973190307617,0.0001873224973678589,0.00016220659017562866,0.00343930721282959,0.002171352505683899,-0.006522361189126968,0.021951019763946533,0.16336763997136353
Stage3,S3_003,3.0,0.05,0.01,0.0,43,1.3249098062515259,101,monotonic_hybrid,0.7692091464996338,0.23090505599975586,0.07838364690542221,1.2421237230300903,0.1570497453212738,0.05127624422311783,0.08692307770252228,0.03564683347940445,0.17843778431415558,0.19847328960895538,0.020035505294799805,0.3799806833267212,0.2958696782588959,0.3241496682167053,0.9207592281519328,0.6476426703820946,0,0,0.5562989115715027,0.3095940947532654,0.00016421079635620117,-0.00029587745666503906,-0.0004668235778808594,-0.0007641315460205078,-0.0020945072174072266,-0.007264804095029831,-0.02659820020198822,0.021352561954787908
Stage3,S3_003,3.0,0.05,0.01,0.0,43,1.219569206237793,102,monotonic_hybrid,0.7366930842399597,0.21697193384170532,0.07953206449747086,1.4803744554519653,0.1999429315328598,0.04289354011416435,0.08923076838254929,0.046337228268384933,0.16448438167572021,0.2539682686328888,0.08948388695716858,0.38353779911994934,0.29573163390159607,0.3207305669784546,0.9255339310197612,0.6399667401272994,0,0,0.5562976002693176,0.309568852186203,-0.0008208751678466797,-0.00012063980102539062,-0.000963352620601654,-0.012890338897705078,-0.0055319517850875854,-0.007110655307769775,-0.026843532919883728,-0.11130300076025801
Stage3,S3_003,3.0,0.05,0.01,0.0,50,1.2728979587554932,103,monotonic_hybrid,0.7085692286491394,0.22196045517921448,0.07862391322851181,1.1722471714019775,0.12863561511039734,0.043159931898117065,0.08538461476564407,0.04222468286752701,0.15048225224018097,0.14159291982650757,0.008889332413673401,0.3860337436199188,0.2953025698661804,0.3186635971069336,0.9188294616466638,0.6417088318516727,0,0,0.5562792420387268,0.3094623386859894,-4.172325134277344e-06,-0.0008591115474700928,-0.00032073259353637695,0.0005878210067749023,0.0006444603204727173,-0.005610521882772446,-0.009992741048336029,-0.0005888345693671938
Stage3,S3_003,3.0,0.05,0.01,0.0,49,1.3652554750442505,104,monotonic_hybrid,0.7192940711975098,0.22715280950069427,0.07222342491149902,1.2340688705444336,0.15036173164844513,0.05870242044329643,0.07999999821186066,0.021297577768564224,0.17845341563224792,0.18110236525535583,0.00264894962310791,0.3830842971801758,0.2949090003967285,0.3220067024230957,0.9196394037161876,0.6683952518930297,0,0,0.5562869310379028,0.30956095457077026,0.0012513995170593262,-0.001094713807106018,-0.00036597251892089844,0.0043708086013793945,-0.0006514936685562134,-0.01117287203669548,-0.027866587042808533,0.17427926868617005
Stage3,S3_003,3.0,0.05,0.01,0.0,43,1.3081848621368408,105,monotonic_hybrid,0.7027522921562195,0.22007261216640472,0.07112431526184082,1.1434096097946167,0.1295197606086731,0.053399160504341125,0.07538461685180664,0.021985456347465515,0.19356758892536163,0.1376146823167801,0.05595290660858154,0.3904714584350586,0.2948852479457855,0.3146432638168335,0.9175744952382054,0.6707084456727407,0,0,0.5562978982925415,0.3095813989639282,0.0011461973190307617,0.00018735229969024658,0.00016221404075622559,0.00343930721282959,0.0021713227033615112,-0.00652230903506279,0.0219508558511734,0.16336763997136353
Stage3,S3_004,3.0,0.05,0.0,0.005,43,1.3243498802185059,101,monotonic_hybrid,0.7692046761512756,0.2309037446975708,0.07838604599237442,1.242135763168335,0.15706154704093933,0.05122615024447441,0.08692307770252228,0.03569692745804787,0.17825067043304443,0.19847328960895538,0.02022261917591095,0.3792768716812134,0.29643264412879944,0.32429051399230957,0.9207599138140661,0.6476423592041132,0,0,0.547954261302948,0.30494850873947144,0.00015974044799804688,-0.00029718875885009766,-0.0004644244909286499,-0.0007520914077758789,-0.0020827054977416992,-0.007214710116386414,-0.026411086320877075,0.020771276239140324
Stage3,S3_004,3.0,0.05,0.0,0.005,43,1.2189736366271973,102,monotonic_hybrid,0.7366989254951477,0.21696999669075012,0.07953780889511108,1.4804621934890747,0.19997894763946533,0.04284453019499779,0.08923076838254929,0.0463862381875515,0.1642841100692749,0.2539682686328888,0.08968415856361389,0.3827817738056183,0.29629677534103394,0.32092148065567017,0.9255344183858559,0.6399667563369713,0,0,0.5479530096054077,0.3049241900444031,-0.0008150339126586914,-0.00012257695198059082,-0.0009576082229614258,-0.012802600860595703,-0.005495935678482056,-0.0070616453886032104,-0.026643261313438416,-0.11051098114985246
Stage3,S3_004,3.0,0.05,0.0,0.005,50,1.2722928524017334,103,monotonic_hybrid,0.7085651159286499,0.2219592034816742,0.07862568646669388,1.1722296476364136,0.1286236196756363,0.043112125247716904,0.08538461476564407,0.04227248951792717,0.15027937293052673,0.14159291982650757,0.008686453104019165,0.38524073362350464,0.29587405920028687,0.3188852071762085,0.9188299324644079,0.6417088464500036,0,0,0.547934889793396,0.3048194348812103,-8.285045623779297e-06,-0.000860363245010376,-0.0003189593553543091,0.0005702972412109375,0.0006324648857116699,-0.005562715232372284,-0.010195620357990265,-0.0011692572163148562
Stage3,S3_004,3.0,0.05,0.0,0.005,49,1.3644388914108276,104,monotonic_hybrid,0.7192891836166382,0.22715358436107635,0.07222364842891693,1.2340413331985474,0.15036113560199738,0.058664824813604355,0.07999999821186066,0.021335173398256302,0.1783217489719391,0.18110236525535583,0.002780616283416748,0.3823314905166626,0.2954847514629364,0.3221837878227234,0.9196403178353288,0.6683937382566406,0,0,0.5479426383972168,0.3049149215221405,0.0012465119361877441,-0.001093938946723938,-0.0003657490015029907,0.004343271255493164,-0.0006520897150039673,-0.011135276407003403,-0.027734920382499695,0.17359858757008215
Stage3,S3_004,3.0,0.05,0.0,0.005,43,1.3075199127197266,105,monotonic_hybrid,0.7027389407157898,0.2200685739517212,0.07112151384353638,1.1433652639389038,0.12949684262275696,0.05335892736911774,0.07538461685180664,0.022025689482688904,0.19343329966068268,0.1376146823167801,0.05581861734390259,0.3896107077598572,0.2954629361629486,0.3149263858795166,0.9175750768858278,0.6707082529021076,0,0,0.5479533076286316,0.3049362897872925,0.0011328458786010742,0.00018331408500671387,0.00015941262245178223,0.0033949613571166992,0.0021484047174453735,-0.006482075899839401,0.021816566586494446,0.1614646575816815
Stage3,S3_005,3.0,0.05,0.005,0.005,43,1.324353814125061,101,monotonic_hybrid,0.7692046761512756,0.2309037446975708,0.07838606089353561,1.2421358823776245,0.15706156194210052,0.05122607946395874,0.08692307770252228,0.03569699823856354,0.1782504767179489,0.19847328960895538,0.02022281289100647,0.3792789578437805,0.29643210768699646,0.32428890466690063,0.9207595664928753,0.6476425197961546,0,0,0.5479543209075928,0.3049493432044983,0.00015974044799804688,-0.00029718875885009766,-0.00046440958976745605,-0.0007519721984863281,-0.0020826905965805054,-0.007214639335870743,-0.026410892605781555,0.020771276239140324
Stage3,S3_005,3.0,0.05,0.005,0.005,43,1.2189775705337524,102,monotonic_hybrid,0.7366988658905029,0.21696999669075012,0.07953781634569168,1.4804624319076538,0.19997896254062653,0.0428445041179657,0.08923076838254929,0.04638626426458359,0.16428400576114655,0.2539682686328888,0.08968426287174225,0.38278329372406006,0.29629620909690857,0.32092049717903137,0.9255341692446374,0.6399667469936244,0,0,0.5479531288146973,0.30492478609085083,-0.0008150935173034668,-0.00012257695198059082,-0.0009576007723808289,-0.012802362442016602,-0.005495920777320862,-0.007061619311571121,-0.02664315700531006,-0.11051906298261169
Stage3,S3_005,3.0,0.05,0.005,0.005,50,1.272296667098999,103,monotonic_hybrid,0.7085651159286499,0.2219592034816742,0.07862568646669388,1.1722296476364136,0.1286236196756363,0.043112099170684814,0.08538461476564407,0.04227251559495926,0.15027931332588196,0.14159291982650757,0.00868639349937439,0.3852420151233673,0.2958735525608063,0.31888440251350403,0.918829695056714,0.6417088395373961,0,0,0.5479350090026855,0.3048199415206909,-8.285045623779297e-06,-0.000860363245010376,-0.0003189593553543091,0.0005702972412109375,0.0006324648857116699,-0.005562689155340195,-0.01019567996263504,-0.0011692572163148562
Stage3,S3_005,3.0,0.05,0.005,0.005,49,1.3644428253173828,104,monotonic_hybrid,0.7192891836166382,0.22715358436107635,0.07222364097833633,1.2340413331985474,0.15036113560199738,0.0586647093296051,0.07999999821186066,0.021335288882255554,0.17832143604755402,0.18110236525535583,0.002780929207801819,0.38233479857444763,0.2954850494861603,0.3221801221370697,0.9196398585274821,0.6683945025493905,0,0,0.5479426383972168,0.30491626262664795,0.0012465119361877441,-0.001093938946723938,-0.00036575645208358765,0.004343271255493164,-0.0006520897150039673,-0.01113516092300415,-0.027734607458114624,0.17359858757008215
Stage3,S3_005,3.0,0.05,0.005,0.005,43,1.3075238466262817,105,monotonic_hybrid,0.7027389407157898,0.2200685739517212,0.07112150639295578,1.1433652639389038,0.12949682772159576,0.05335887521505356,0.07538461685180664,0.022025741636753082,0.19343313574790955,0.1376146823167801,0.055818453431129456,0.3896125555038452,0.295462429523468,0.3149249851703644,0.9175747797013564,0.6707083535988807,0,0,0.5479533672332764,0.304936945438385,0.0011328458786010742,0.00018331408500671387,0.0001594051718711853,0.0033949613571166992,0.0021483898162841797,-0.006482023745775223,0.021816402673721313,0.1614646575816815
Stage3,S3_006,3.0,0.05,0.01,0.005,43,1.3243577480316162,101,monotonic_hybrid,0.7692046761512756,0.2309037148952484,0.07838606089353561,1.2421358823776245,0.15706157684326172,0.051226019859313965,0.08692307770252228,0.03569705784320831,0.1782502830028534,0.19847328960895538,0.02022300660610199,0.37928104400634766,0.29643163084983826,0.3242873251438141,0.9207592181391229,0.6476426834148639,0,0,0.5479544401168823,0.30495017766952515,0.00015974044799804688,-0.00029721856117248535,-0.00046440958976745605,-0.0007519721984863281,-0.0020826756954193115,-0.007214579731225967,-0.026410698890686035,0.020771276239140324
Stage3,S3_006,3.0,0.05,0.01,0.005,43,1.218981385231018,102,monotonic_hybrid,0.7366988658905029,0.21696999669075012,0.07953783124685287,1.4804623126983643,0.1999789923429489,0.04284447804093361,0.08923076838254929,0.04638629034161568,0.16428391635417938,0.2539682686328888,0.08968435227870941,0.38278481364250183,0.2962956428527832,0.32091960310935974,0.9255339178226007,0.6399667449770251,0,0,0.5479531288146973,0.3049253523349762,-0.0008150935173034668,-0.00012257695198059082,-0.000957585871219635,-0.012802481651306152,-0.005495890974998474,-0.007061593234539032,-0.026643067598342896,-0.11051906298261169
Stage3,S3_006,3.0,0.05,0.01,0.005,50,1.2723007202148438,103,monotonic_hybrid,0.7085650563240051,0.2219592034816742,0.07862567901611328,1.1722296476364136,0.1286236196756363,0.04311208054423332,0.08538461476564407,0.04227253422141075,0.150279238820076,0.14159291982650757,0.00868631899356842,0.38524329662323,0.29587307572364807,0.31888365745544434,0.9188294577991102,0.6417088360393504,0,0,0.5479350686073303,0.30482035875320435,-8.344650268554688e-06,-0.000860363245010376,-0.000318966805934906,0.0005702972412109375,0.0006324648857116699,-0.005562670528888702,-0.01019575446844101,-0.0011776691387343876
Stage3,S3_006,3.0,0.05,0.01,0.005,49,1.3644468784332275,104,monotonic_hybrid,0.7192890644073486,0.22715355455875397,0.07222364097833633,1.2340412139892578,0.15036113560199738,0.05866457521915436,0.07999999821186066,0.0213354229927063,0.17832115292549133,0.18110236525535583,0.002781212329864502,0.38233810663223267,0.29548540711402893,0.322176456451416,0.9196393892113549,0.6683952924129553,0,0,0.5479426383972168,0.3049175441265106,0.0012463927268981934,-0.0010939687490463257,-0.00036575645208358765,0.004343152046203613,-0.0006520897150039673,-0.011135026812553406,-0.02773432433605194,0.17358198559164098
Stage3,S3_006,3.0,0.05,0.01,0.005,43,1.307527780532837,105,monotonic_hybrid,0.7027388215065002,0.2200685441493988,0.07112150639295578,1.1433651447296143,0.12949681282043457,0.05335882306098938,0.07538461685180664,0.02202579379081726,0.1934329867362976,0.1376146823167801,0.05581830441951752,0.3896144926548004,0.2954619824886322,0.31492355465888977,0.9175744867160949,0.6707084576082373,0,0,0.5479534268379211,0.30493777990341187,0.0011327266693115234,0.00018328428268432617,0.0001594051718711853,0.0033948421478271484,0.002148374915122986,-0.006481971591711044,0.021816253662109375,0.1614476666674879
Stage3,S3_007,3.0,0.05,0.0,0.01,43,1.3237980604171753,101,monotonic_hybrid,0.7692001461982727,0.23090238869190216,0.07838847488164902,1.2421481609344482,0.15707343816757202,0.05117589607834816,0.08692307770252228,0.03574718162417412,0.1780630201101303,0.19847328960895538,0.020410269498825073,0.378577321767807,0.29699456691741943,0.32442811131477356,0.9207598865422044,0.6476423910281108,0,0,0.5396097302436829,0.30030468106269836,0.0001552104949951172,-0.0002985447645187378,-0.00046199560165405273,-0.0007396936416625977,-0.002070814371109009,-0.007164455950260162,-0.02622343599796295,0.020182240047284104
Stage3,S3_007,3.0,0.05,0.0,0.01,43,1.218385934829712,102,monotonic_hybrid,0.7367046475410461,0.21696802973747253,0.0795435830950737,1.4805504083633423,0.2000150829553604,0.042795464396476746,0.08923076838254929,0.04643530398607254,0.16408362984657288,0.2539682686328888,0.08988463878631592,0.38202884793281555,0.2968607544898987,0.32111042737960815,0.9255343956311256,0.6399667612013413,0,0,0.5396085977554321,0.30028074979782104,-0.0008093118667602539,-0.0001245439052581787,-0.0009518340229988098,-0.012714385986328125,-0.005459800362586975,-0.007012579590082169,-0.02644278109073639,-0.10973512520496538
Stage3,S3_007,3.0,0.05,0.0,0.01,50,1.271695852279663,103,monotonic_hybrid,0.7085610032081604,0.2219580113887787,0.07862747460603714,1.1722121238708496,0.12861168384552002,0.04306434094905853,0.08538461476564407,0.04232027381658554,0.15007655322551727,0.14159291982650757,0.008483633399009705,0.38445034623146057,0.29644450545310974,0.3191051483154297,0.9188299096602017,0.641708846415111,0,0,0.5395907163619995,0.3001774847507477,-1.239776611328125e-05,-0.0008615553379058838,-0.00031717121601104736,0.0005527734756469727,0.000620529055595398,-0.005514930933713913,-0.010398440062999725,-0.0017496798632625186
Stage3,S3_007,3.0,0.05,0.0,0.01,49,1.3636305332183838,104,monotonic_hybrid,0.7192842960357666,0.22715437412261963,0.07222386449575424,1.2340134382247925,0.15036052465438843,0.058626897633075714,0.07999999821186066,0.021373100578784943,0.17818918824195862,0.18110236525535583,0.002913177013397217,0.3815855383872986,0.29606112837791443,0.3223533630371094,0.919640290223458,0.6683937989479563,0,0,0.5395983457565308,0.300271600484848,0.0012416243553161621,-0.001093149185180664,-0.00036553293466567993,0.004315376281738281,-0.000652700662612915,-0.011097349226474762,-0.027602359652519226,0.1729179064539942
Stage3,S3_007,3.0,0.05,0.0,0.01,43,1.3068629503250122,105,monotonic_hybrid,0.7027255296707153,0.22006455063819885,0.07111871242523193,1.14332115650177,0.12947386503219604,0.0533185750246048,0.07538461685180664,0.022066041827201843,0.19329847395420074,0.1376146823167801,0.055683791637420654,0.38875383138656616,0.2960395812988281,0.3152066171169281,0.9175750499786186,0.6707082626953512,0,0,0.5396088361740112,0.30029261112213135,0.0011194348335266113,0.000179290771484375,0.00015661120414733887,0.00335085391998291,0.0021254271268844604,-0.006441723555326462,0.021681740880012512,0.15955317973490266
Stage3,S3_008,3.0,0.05,0.005,0.01,43,1.3238017559051514,101,monotonic_hybrid,0.7692001461982727,0.23090238869190216,0.07838847488164902,1.2421481609344482,0.15707343816757202,0.05117581784725189,0.08692307770252228,0.035747259855270386,0.1780628114938736,0.19847328960895538,0.020410478115081787,0.37857937812805176,0.29699406027793884,0.3244265615940094,0.9207595444282499,0.6476425368040986,0,0,0.5396097898483276,0.30030542612075806,0.0001552104949951172,-0.0002985447645187378,-0.00046199560165405273,-0.0007396936416625977,-0.002070814371109009,-0.007164377719163895,-0.026223227381706238,0.020182240047284104
Stage3,S3_008,3.0,0.05,0.005,0.01,43,1.2183897495269775,102,monotonic_hybrid,0.7367046475410461,0.21696802973747253,0.0795435979962349,1.4805506467819214,0.2000150978565216,0.042795442044734955,0.08923076838254929,0.04643532633781433,0.1640835404396057,0.2539682686328888,0.08988472819328308,0.38203030824661255,0.2968601882457733,0.32110950350761414,0.9255341512553753,0.6399667537013457,0,0,0.5396085381507874,0.300281286239624,-0.0008093118667602539,-0.0001245439052581787,-0.000951819121837616,-0.012714147567749023,-0.005459785461425781,-0.007012557238340378,-0.026442691683769226,-0.10973512520496538
Stage3,S3_008,3.0,0.05,0.005,0.01,50,1.2716996669769287,103,monotonic_hybrid,0.7085610032081604,0.2219580113887787,0.07862748950719833,1.1722121238708496,0.12861168384552002,0.04306432232260704,0.08538461476564407,0.04232029244303703,0.1500765085220337,0.14159291982650757,0.008483588695526123,0.38445159792900085,0.29644399881362915,0.31910440325737,0.918829678015552,0.6417088389278934,0,0,0.5395908355712891,0.3001779615879059,-1.239776611328125e-05,-0.0008615553379058838,-0.0003171563148498535,0.0005527734756469727,0.000620529055595398,-0.005514912307262421,-0.010398484766483307,-0.0017496798632625186
Stage3,S3_008,3.0,0.05,0.005,0.01,49,1.3636343479156494,104,monotonic_hybrid,0.719284176826477,0.22715435922145844,0.07222386449575424,1.234013319015503,0.15036052465438843,0.05862676724791527,0.07999999821186066,0.02137323096394539,0.17818887531757355,0.18110236525535583,0.0029134899377822876,0.38158872723579407,0.2960614562034607,0.32234978675842285,0.9196398336166158,0.6683945505508048,0,0,0.5395983457565308,0.30027294158935547,0.0012415051460266113,-0.001093164086341858,-0.00036553293466567993,0.0043152570724487305,-0.000652700662612915,-0.011097218841314316,-0.027602046728134155,0.17290130447555305
Stage3,S3_008,3.0,0.05,0.005,0.01,43,1.306867003440857,105,monotonic_hybrid,0.7027254700660706,0.22006450593471527,0.07111871242523193,1.1433210372924805,0.12947385013103485,0.05331852287054062,0.07538461685180664,0.02206609398126602,0.1932983249425888,0.1376146823167801,0.055683642625808716,0.3887556493282318,0.2960391342639923,0.3152052164077759,0.9175747613449908,0.6707083656363059,0,0,0.539608895778656,0.30029332637786865,0.001119375228881836,0.00017924606800079346,0.00015661120414733887,0.0033507347106933594,0.0021254122257232666,-0.006441671401262283,0.021681591868400574,0.15954468427780585
Stage3,S3_009,3.0,0.05,0.01,0.01,43,1.323805570602417,101,monotonic_hybrid,0.7692001461982727,0.23090238869190216,0.07838847488164902,1.2421482801437378,0.15707345306873322,0.051175761967897415,0.08692307770252228,0.03574731573462486,0.17806263267993927,0.19847328960895538,0.020410656929016113,0.3785814046859741,0.29699358344078064,0.3244250416755676,0.9207592014807309,0.6476426969102741,0,0,0.5396099090576172,0.3003063201904297,0.0001552104949951172,-0.0002985447645187378,-0.00046199560165405273,-0.0007395744323730469,-0.002070799469947815,-0.007164321839809418,-0.02622304856777191,0.020182240047284104
Stage3,S3_009,3.0,0.05,0.01,0.01,43,1.2183934450149536,102,monotonic_hybrid,0.7367046475410461,0.21696802973747253,0.0795435979962349,1.4805506467819214,0.2000151127576828,0.042795419692993164,0.08923076838254929,0.04643534868955612,0.16408345103263855,0.2539682686328888,0.08988481760025024,0.38203176856040955,0.29685965180397034,0.3211085796356201,0.9255339072972774,0.6399667452772343,0,0,0.5396087169647217,0.300281822681427,-0.0008093118667602539,-0.0001245439052581787,-0.000951819121837616,-0.012714147567749023,-0.005459770560264587,-0.007012534886598587,-0.026442602276802063,-0.10973512520496538
Stage3,S3_009,3.0,0.05,0.01,0.01,50,1.2717036008834839,103,monotonic_hybrid,0.7085610032081604,0.2219580113887787,0.07862748950719833,1.1722121238708496,0.12861168384552002,0.04306430369615555,0.08538461476564407,0.042320311069488525,0.15007643401622772,0.14159291982650757,0.008483514189720154,0.38445284962654114,0.29644349217414856,0.3191036880016327,0.9188294427083671,0.6417088389381997,0,0,0.5395908355712891,0.3001784682273865,-1.239776611328125e-05,-0.0008615553379058838,-0.0003171563148498535,0.0005527734756469727,0.000620529055595398,-0.005514893680810928,-0.010398559272289276,-0.0017496798632625186
Stage3,S3_009,3.0,0.05,0.01,0.01,49,1.3636382818222046,104,monotonic_hybrid,0.719284176826477,0.22715435922145844,0.07222387194633484,1.2340134382247925,0.15036052465438843,0.058626651763916016,0.07999999821186066,0.02137334644794464,0.17818857729434967,0.18110236525535583,0.0029137879610061646,0.3815920054912567,0.29606181383132935,0.32234618067741394,0.9196393722149302,0.6683953252969379,0,0,0.539598286151886,0.30027416348457336,0.0012415051460266113,-0.001093164086341858,-0.000365525484085083,0.004315376281738281,-0.000652700662612915,-0.011097103357315063,-0.02760174870491028,0.17290130447555305
Stage3,S3_009,3.0,0.05,0.01,0.01,43,1.3068705797195435,105,monotonic_hybrid,0.7027254700660706,0.22006455063819885,0.07111871242523193,1.143320918083191,0.12947383522987366,0.05331847444176674,0.07538461685180664,0.0220661424100399,0.19329820573329926,0.1376146823167801,0.055683523416519165,0.38875749707221985,0.2960386872291565,0.31520384550094604,0.9175744708158318,0.6707084715188918,0,0,0.5396089553833008,0.3002939820289612,0.001119375228881836,0.000179290771484375,0.00015661120414733887,0.0033506155014038086,0.0021253973245620728,-0.006441622972488403,0.021681472659111023,0.15954468427780585
