Stage,Config ID,lambda_fin,hybrid_delta,prior_kl_weight,min_allocation,Best Epoch,Best Validation Objective,Seed,Method,CRPS,Direction Brier,Tail Brier,Stress CRPS,Stress Tail Brier,Mean predicted tail probability,Observed tail frequency,Tail calibration gap,Stress predicted tail probability,Stress observed tail frequency,Stress tail calibration gap,Mean pi_D,Mean pi_N,Mean pi_T,"Corr(risk, pi_T)","Corr(dir_unc, pi_D)",Risk monotonic violations,Dir monotonic violations,Delta pi_T risk 0->1,Delta pi_D dir 0->1,CRPS Delta,Direction Brier Delta,Tail Brier Delta,Stress CRPS Delta,Stress Tail Brier Delta,Tail calibration gap Delta,Stress tail calibration gap Delta,CRPS Delta %
Stage1,S1_001,0.5,0.005,0.0,0.0,43,0.8311873078346252,101,monotonic_hybrid,0.7690007090568542,0.23112696409225464,0.07873092591762543,1.2420833110809326,0.1585274338722229,0.04553981497883797,0.08692307770252228,0.04138326272368431,0.1579199880361557,0.19847328960895538,0.04055330157279968,0.39401957392692566,0.2954481244087219,0.3105323016643524,0.9183605715761244,0.6506775051640835,0,0,0.5547481775283813,0.31462362408638,-4.4226646423339844e-05,-7.396936416625977e-05,-0.00011954456567764282,-0.0008045434951782227,-0.0006168186664581299,-0.0015283748507499695,-0.006080403923988342,-0.0057508533468067615
Stage1,S1_001,0.5,0.005,0.0,0.0,43,0.7641162872314453,102,monotonic_hybrid,0.7371756434440613,0.21703115105628967,0.08026386797428131,1.490114688873291,0.20413704216480255,0.03737157583236694,0.08923076838254929,0.05185919255018234,0.143843874335289,0.2539682686328888,0.11012439429759979,0.3976460099220276,0.29521676898002625,0.30713722109794617,0.9233311024980675,0.6427582737719914,0,0,0.5547484159469604,0.3146209120750427,-0.0003383159637451172,-6.142258644104004e-05,-0.00023154914379119873,-0.0031501054763793945,-0.0013378411531448364,-0.0015886910259723663,-0.006203025579452515,-0.04587248274144819
Stage1,S1_001,0.5,0.005,0.0,0.0,16,0.7908399105072021,103,monotonic_hybrid,0.7086451649665833,0.22281181812286377,0.07880833745002747,1.171517252922058,0.12799836695194244,0.03913510963320732,0.08538461476564407,0.04624950513243675,0.12810277938842773,0.14159291982650757,0.013490140438079834,0.4009300470352173,0.2944154143333435,0.3046545386314392,0.916245853286475,0.644876503996647,0,0,0.5547618269920349,0.3147839605808258,7.176399230957031e-05,-7.748603820800781e-06,-0.00013630837202072144,-0.00014209747314453125,7.212162017822266e-06,-0.0015856996178627014,-0.005391933023929596,0.010127954593115733
Stage1,S1_001,0.5,0.005,0.0,0.0,49,0.8444265723228455,104,monotonic_hybrid,0.7182301878929138,0.22744309902191162,0.07238467037677765,1.2308707237243652,0.15065084397792816,0.05250114947557449,0.07999999821186066,0.027498848736286163,0.1609545797109604,0.18110236525535583,0.020147785544395447,0.3972128629684448,0.2943330407142639,0.30845412611961365,0.9172006464799062,0.6712021425499045,0,0,0.5547464489936829,0.3146211802959442,0.0001875162124633789,-0.0008044242858886719,-0.00020472705364227295,0.0011726617813110352,-0.00036238133907318115,-0.004971601068973541,-0.010367751121520996,0.02611491208795861
Stage1,S1_001,0.5,0.005,0.0,0.0,43,0.8149452805519104,105,monotonic_hybrid,0.701793372631073,0.2199578583240509,0.07098177075386047,1.140281081199646,0.1277463138103485,0.04834659770131111,0.07538461685180664,0.02703801915049553,0.1768026500940323,0.1376146823167801,0.0391879677772522,0.40458205342292786,0.2942333221435547,0.30118462443351746,0.9153076082910894,0.673346750533024,0,0,0.5547482967376709,0.3146223723888397,0.00018727779388427734,7.259845733642578e-05,1.9669532775878906e-05,0.0003107786178588867,0.00039787590503692627,-0.0014697462320327759,0.005185917019844055,0.02669272619812918
Stage1,S1_001,0.5,0.005,0.0,0.0,50,0.8006851077079773,106,monotonic_hybrid,0.7445268630981445,0.22502249479293823,0.07672839611768723,1.1881951093673706,0.12097533047199249,0.04362006112933159,0.08384615182876587,0.04022609069943428,0.16448760032653809,0.14851485192775726,0.015972748398780823,0.4002746641635895,0.2968573570251465,0.3028680086135864,0.9157544434956124,0.6697489320206732,0,0,0.554747462272644,0.3146093785762787,6.312131881713867e-05,5.334615707397461e-05,-4.693865776062012e-05,0.0006260871887207031,0.0001101568341255188,-0.001248389482498169,0.006588086485862732,0.008478763339941004
Stage1,S1_001,0.5,0.005,0.0,0.0,42,0.8774858713150024,107,monotonic_hybrid,0.7797709107398987,0.22340014576911926,0.09146375954151154,1.2829437255859375,0.15458549559116364,0.04252803698182106,0.10076922923326492,0.05824119225144386,0.1486607939004898,0.19130434095859528,0.04264354705810547,0.3955537676811218,0.2968105971813202,0.3076355755329132,0.9221765059492419,0.6791823452499064,0,0,0.5547488331794739,0.3146219849586487,-0.00025719404220581055,1.595914363861084e-05,-0.00019603222608566284,-0.0006352663040161133,-0.0004887133836746216,-0.0015359967947006226,-0.005018606781959534,-0.03297240710033851
Stage1,S1_001,0.5,0.005,0.0,0.0,50,0.7909450531005859,108,monotonic_hybrid,0.7350980043411255,0.22334535419940948,0.0835166946053505,1.2922217845916748,0.19384068250656128,0.04478585347533226,0.0930769219994545,0.04829106852412224,0.1604410856962204,0.25,0.0895589143037796,0.400214284658432,0.2939458191394806,0.3058398962020874,0.9173213916976785,0.6930749790152493,0,0,0.554747462272644,0.31460970640182495,-0.0001767277717590332,-7.440149784088135e-05,-0.00015205144882202148,-0.0010199546813964844,-0.001058921217918396,-0.0014260485768318176,-0.0056632161140441895,-0.024035610641914555
Stage1,S1_001,0.5,0.005,0.0,0.0,40,0.8251069188117981,109,monotonic_hybrid,0.7248750329017639,0.22141462564468384,0.08151726424694061,1.0570989847183228,0.13634951412677765,0.04181910678744316,0.08769230544567108,0.04587319865822792,0.15558704733848572,0.1599999964237213,0.004412949085235596,0.3988257646560669,0.2964283227920532,0.30474594235420227,0.9171641697924889,0.7002392353588217,0,0,0.5547489523887634,0.3146277964115143,0.0001366138458251953,-5.167722702026367e-05,-1.309812068939209e-05,0.0006574392318725586,7.31050968170166e-05,-0.0010542124509811401,-0.004690513014793396,0.018850090216433083
Stage1,S1_001,0.5,0.005,0.0,0.0,42,0.8483844995498657,110,monotonic_hybrid,0.7092304229736328,0.2192842662334442,0.07562725245952606,1.2564175128936768,0.15928669273853302,0.04465271905064583,0.08538461476564407,0.040731895714998245,0.15311641991138458,0.19658119976520538,0.0434647798538208,0.3956199288368225,0.29505637288093567,0.3093236982822418,0.9274758365599354,0.6699704340471379,0,0,0.5547486543655396,0.31462234258651733,-0.00013935565948486328,1.0117888450622559e-05,-0.0001493319869041443,-0.0007425546646118164,-0.0004909783601760864,-0.00117512047290802,-0.004701867699623108,-0.019644995273605713
Stage1,S1_002,0.5,0.01,0.0,0.0,43,0.8311405181884766,101,monotonic_hybrid,0.7690010666847229,0.23112794756889343,0.078730009496212,1.24207603931427,0.1585240513086319,0.0455520860850811,0.08692307770252228,0.04137099161744118,0.15795908868312836,0.19847328960895538,0.040514200925827026,0.3924577832221985,0.29551106691360474,0.3120311498641968,0.9186293907994215,0.6503390716678056,0,0,0.5549622774124146,0.31408992409706116,-4.38690185546875e-05,-7.298588752746582e-05,-0.00012046098709106445,-0.0008118152618408203,-0.0006202012300491333,-0.001540645956993103,-0.0061195045709609985,-0.005704350489554954
Stage1,S1_002,0.5,0.01,0.0,0.0,43,0.7640487551689148,102,monotonic_hybrid,0.7371745705604553,0.21703191101551056,0.08026278018951416,1.4900989532470703,0.20413066446781158,0.03737879917025566,0.08923076838254929,0.051851969212293625,0.14387372136116028,0.2539682686328888,0.11009454727172852,0.3960757255554199,0.2952897846698761,0.30863454937934875,0.9235785012189007,0.6424459192362403,0,0,0.5549628734588623,0.314084529876709,-0.0003393888473510742,-6.066262722015381e-05,-0.0002326369285583496,-0.0031658411026000977,-0.0013442188501358032,-0.001595914363861084,-0.0062328726053237915,-0.046017955731114515
Stage1,S1_002,0.5,0.01,0.0,0.0,16,0.7907965183258057,103,monotonic_hybrid,0.7086457014083862,0.22281230986118317,0.07880762964487076,1.171518087387085,0.12799875438213348,0.03914381191134453,0.08538461476564407,0.046240802854299545,0.12812715768814087,0.14159291982650757,0.0134657621383667,0.399790495634079,0.2942945957183838,0.30591487884521484,0.916435485161464,0.6445192195517863,0,0,0.55499267578125,0.314412385225296,7.230043411254883e-05,-7.256865501403809e-06,-0.0001370161771774292,-0.00014126300811767578,7.599592208862305e-06,-0.0015944018959999084,-0.005416311323642731,0.010203661894891516
Stage1,S1_002,0.5,0.01,0.0,0.0,49,0.8443928956985474,104,monotonic_hybrid,0.7182324528694153,0.22744379937648773,0.07238414138555527,1.230875015258789,0.15064993500709534,0.05251571163535118,0.07999999821186066,0.027484286576509476,0.16099080443382263,0.18110236525535583,0.020111560821533203,0.3956432640552521,0.2944149076938629,0.309941828250885,0.9174741445925513,0.6708909327928886,0,0,0.5549587607383728,0.3140850365161896,0.00018978118896484375,-0.000803723931312561,-0.00020525604486465454,0.0011769533157348633,-0.00036329030990600586,-0.004986163228750229,-0.01040397584438324,0.02643034967834082
Stage1,S1_002,0.5,0.01,0.0,0.0,43,0.8148998618125916,105,monotonic_hybrid,0.7017955780029297,0.21995875239372253,0.07098191231489182,1.1402859687805176,0.12775003910064697,0.04835981875658035,0.07538461685180664,0.027024798095226288,0.17684221267700195,0.1376146823167801,0.03922753036022186,0.40301287174224854,0.29432162642478943,0.30266544222831726,0.9155614126472396,0.6730523806003373,0,0,0.5549623370170593,0.3140873312950134,0.0001894831657409668,7.349252700805664e-05,1.981109380722046e-05,0.00031566619873046875,0.0004016011953353882,-0.0014829672873020172,0.005225479602813721,0.027007058110710587
Stage1,S1_002,0.5,0.01,0.0,0.0,50,0.8006225824356079,106,monotonic_hybrid,0.7445269227027893,0.22502298653125763,0.07672779262065887,1.1882034540176392,0.12097679078578949,0.04363095387816429,0.08384615182876587,0.04021519795060158,0.1645306944847107,0.14851485192775726,0.01601584255695343,0.3986695408821106,0.2969523072242737,0.3043781816959381,0.916025324199517,0.669448303032772,0,0,0.5549604892730713,0.31406116485595703,6.318092346191406e-05,5.383789539337158e-05,-4.754215478897095e-05,0.0006344318389892578,0.00011161714792251587,-0.0012592822313308716,0.006631180644035339,0.008486769726475414
Stage1,S1_002,0.5,0.01,0.0,0.0,42,0.8774474263191223,107,monotonic_hybrid,0.7797698974609375,0.22340098023414612,0.091462641954422,1.2829351425170898,0.15458273887634277,0.04253759980201721,0.10076922923326492,0.05823162943124771,0.14869073033332825,0.19130434095859528,0.04261361062526703,0.3939926028251648,0.296875,0.3091323971748352,0.9224267750576597,0.6788966301136892,0,0,0.5549635887145996,0.31408679485321045,-0.0002582073211669922,1.679360866546631e-05,-0.00019714981317520142,-0.0006438493728637695,-0.0004914700984954834,-0.0015455596148967743,-0.005048543214797974,-0.03310230997883347
Stage1,S1_002,0.5,0.01,0.0,0.0,50,0.7908898591995239,108,monotonic_hybrid,0.7350984811782837,0.22334645688533783,0.08351583778858185,1.2922145128250122,0.19383518397808075,0.044794268906116486,0.0930769219994545,0.04828265309333801,0.160471111536026,0.25,0.089528888463974,0.39861389994621277,0.29403403401374817,0.30735206604003906,0.9175795682779017,0.692820193700146,0,0,0.5549605488777161,0.3140619695186615,-0.00017625093460083008,-7.329881191253662e-05,-0.00015290826559066772,-0.001027226448059082,-0.0010644197463989258,-0.001434464007616043,-0.0056932419538497925,-0.02397075907863114
Stage1,S1_002,0.5,0.01,0.0,0.0,40,0.8250699043273926,109,monotonic_hybrid,0.7248757481575012,0.22141554951667786,0.08151651173830032,1.0571016073226929,0.1363493949174881,0.041831355541944504,0.08769230544567108,0.04586094990372658,0.15562734007835388,0.1599999964237213,0.004372656345367432,0.3972746729850769,0.29649490118026733,0.3062303960323334,0.9174283564752223,0.6999551549767863,0,0,0.5549639463424683,0.3140983581542969,0.0001373291015625,-5.075335502624512e-05,-1.3850629329681396e-05,0.0006600618362426758,7.298588752746582e-05,-0.001066461205482483,-0.00473080575466156,0.01894878178824687
Stage1,S1_002,0.5,0.01,0.0,0.0,42,0.8483390212059021,110,monotonic_hybrid,0.7092292904853821,0.2192850261926651,0.07562623172998428,1.2564111948013306,0.1592838019132614,0.04466080665588379,0.08538461476564407,0.040723808109760284,0.15314793586730957,0.19658119976520538,0.04343326389789581,0.39405912160873413,0.2951221764087677,0.31081870198249817,0.927722616324545,0.669718917496832,0,0,0.5549630522727966,0.3140873610973358,-0.0001404881477355957,1.0877847671508789e-05,-0.00015035271644592285,-0.0007488727569580078,-0.0004938691854476929,-0.0011832080781459808,-0.004733383655548096,-0.019804642369499
Stage1,S1_003,0.5,0.02,0.0,0.0,43,0.8310467600822449,101,monotonic_hybrid,0.7690015435218811,0.231129989027977,0.07872817665338516,1.2420613765716553,0.15851730108261108,0.04557662829756737,0.08692307770252228,0.04134644940495491,0.1580372452735901,0.19847328960895538,0.040436044335365295,0.38933631777763367,0.29562485218048096,0.3150387704372406,0.919165182699784,0.6496632565495682,0,0,0.5553592443466187,0.313003808259964,-4.3392181396484375e-05,-7.094442844390869e-05,-0.00012229382991790771,-0.0008264780044555664,-0.0006269514560699463,-0.0015651881694793701,-0.0061976611614227295,-0.005642346679885879
Stage1,S1_003,0.5,0.02,0.0,0.0,43,0.7639133930206299,102,monotonic_hybrid,0.7371724843978882,0.21703343093395233,0.08026060461997986,1.490067720413208,0.20411786437034607,0.03739321604371071,0.08923076838254929,0.05183755233883858,0.14393334090709686,0.2539682686328888,0.11003492772579193,0.3929375410079956,0.29542380571365356,0.3116386830806732,0.9240712368119015,0.6418228674734843,0,0,0.5553598999977112,0.31299299001693726,-0.0003414750099182129,-5.914270877838135e-05,-0.00023481249809265137,-0.0031970739364624023,-0.0013570189476013184,-0.0016103312373161316,-0.006292492151260376,-0.04630081987768793
Stage1,S1_003,0.5,0.02,0.0,0.0,16,0.7907095551490784,103,monotonic_hybrid,0.7086467742919922,0.22281329333782196,0.07880622148513794,1.17151939868927,0.12799949944019318,0.039161231368780136,0.08538461476564407,0.04622338339686394,0.12817591428756714,0.14159291982650757,0.01341700553894043,0.3975105285644531,0.2940451204776764,0.3084443211555481,0.916813299279148,0.6438061808568801,0,0,0.5554322600364685,0.31365853548049927,7.337331771850586e-05,-6.273388862609863e-06,-0.0001384243369102478,-0.0001399517059326172,8.344650268554688e-06,-0.0016118213534355164,-0.005465067923069,0.01035507649844308
Stage1,S1_003,0.5,0.02,0.0,0.0,49,0.8443251252174377,104,monotonic_hybrid,0.7182371020317078,0.22744525969028473,0.0723830834031105,1.230883240699768,0.15064814686775208,0.05254489183425903,0.07999999821186066,0.027455106377601624,0.1610632836818695,0.18110236525535583,0.020039081573486328,0.39250555634498596,0.2945658564567566,0.31292858719825745,0.9180190392140394,0.6702686095417542,0,0,0.5553525686264038,0.3129936158657074,0.00019443035125732422,-0.000802263617515564,-0.00020631402730941772,0.0011851787567138672,-0.0003650784492492676,-0.005015343427658081,-0.010476455092430115,0.027077826837546403
Stage1,S1_003,0.5,0.02,0.0,0.0,43,0.8148087859153748,105,monotonic_hybrid,0.7017999887466431,0.2199605107307434,0.0709822028875351,1.1402958631515503,0.12775751948356628,0.048386286944150925,0.07538461685180664,0.026998329907655716,0.17692135274410248,0.1376146823167801,0.03930667042732239,0.39987632632255554,0.29448622465133667,0.3056374490261078,0.9160674541159229,0.6724646408829168,0,0,0.5553591847419739,0.3129987120628357,0.0001938939094543457,7.525086402893066e-05,2.0101666450500488e-05,0.0003255605697631836,0.0004090815782546997,-0.0015094354748725891,0.005304619669914246,0.0276357219358734
Stage1,S1_003,0.5,0.02,0.0,0.0,50,0.8004970550537109,106,monotonic_hybrid,0.7445272207260132,0.22502397000789642,0.07672660052776337,1.1882206201553345,0.12097970396280289,0.0436527281999588,0.08384615182876587,0.04019342362880707,0.16461676359176636,0.14851485192775726,0.016101911664009094,0.3954617977142334,0.2971298098564148,0.3074084520339966,0.9165650657756481,0.668848092625575,0,0,0.5553542375564575,0.3129456043243408,6.347894668579102e-05,5.482137203216553e-05,-4.873424768447876e-05,0.0006515979766845703,0.00011453032493591309,-0.0012810565531253815,0.006717249751091003,0.008526801659147468
Stage1,S1_003,0.5,0.02,0.0,0.0,42,0.8773704171180725,107,monotonic_hybrid,0.7797677516937256,0.22340261936187744,0.09146042168140411,1.2829177379608154,0.15457729995250702,0.04255670681595802,0.10076922923326492,0.0582125224173069,0.14875054359436035,0.19130434095859528,0.042553797364234924,0.39087289571762085,0.2969917356967926,0.31213539838790894,0.9229252727845363,0.6783263088704669,0,0,0.5553613901138306,0.31299781799316406,-0.00026035308837890625,1.843273639678955e-05,-0.00019937008619308472,-0.0006612539291381836,-0.0004969090223312378,-0.0015646666288375854,-0.005108356475830078,-0.03337739842741103
Stage1,S1_003,0.5,0.02,0.0,0.0,50,0.7907789349555969,108,monotonic_hybrid,0.735099196434021,0.2233486771583557,0.08351413160562515,1.2921994924545288,0.19382423162460327,0.04481111466884613,0.0930769219994545,0.04826580733060837,0.16053113341331482,0.25,0.08946886658668518,0.39541569352149963,0.29419824481010437,0.310386061668396,0.9180940705715843,0.692311281342038,0,0,0.5553542971611023,0.31294724345207214,-0.0001755356788635254,-7.107853889465332e-05,-0.00015461444854736328,-0.0010422468185424805,-0.0010753720998764038,-0.0014513097703456879,-0.005753263831138611,-0.023873481733706025
Stage1,S1_003,0.5,0.02,0.0,0.0,40,0.8249953985214233,109,monotonic_hybrid,0.7248772978782654,0.2214173823595047,0.08151499181985855,1.057106852531433,0.1363491415977478,0.04185587167739868,0.08769230544567108,0.0458364337682724,0.15570789575576782,0.1599999964237213,0.004292100667953491,0.39417439699172974,0.29661619663238525,0.3092094361782074,0.9179546947495016,0.6993875052408072,0,0,0.5553627610206604,0.3130212426185608,0.00013887882232666016,-4.8920512199401855e-05,-1.5370547771453857e-05,0.0006653070449829102,7.273256778717041e-05,-0.0010909773409366608,-0.0048113614320755005,0.019162613527176738
Stage1,S1_003,0.5,0.02,0.0,0.0,42,0.8482474088668823,110,monotonic_hybrid,0.7092270851135254,0.21928657591342926,0.07562420517206192,1.2563985586166382,0.1592780500650406,0.044676970690488815,0.08538461476564407,0.04070764407515526,0.15321092307567596,0.19658119976520538,0.04337027668952942,0.390939861536026,0.29524198174476624,0.31381815671920776,0.9282138479124536,0.669217000629437,0,0,0.5553606748580933,0.31299883127212524,-0.00014269351959228516,1.2427568435668945e-05,-0.00015237927436828613,-0.0007615089416503906,-0.0004996210336685181,-0.001199372112751007,-0.00479637086391449,-0.020115534082554353
Stage1,S1_004,0.5,0.05,0.0,0.0,43,0.8307629823684692,101,monotonic_hybrid,0.7690032720565796,0.23113605380058289,0.07872270047664642,1.242017149925232,0.15849706530570984,0.045650333166122437,0.08692307770252228,0.04127274453639984,0.15827172994613647,0.19847328960895538,0.04020155966281891,0.37999191880226135,0.29586899280548096,0.3241390883922577,0.9207575587080498,0.6476445010986723,0,0,0.5562993288040161,0.30959856510162354,-4.166364669799805e-05,-6.48796558380127e-05,-0.00012777000665664673,-0.0008707046508789062,-0.0006471872329711914,-0.001638893038034439,-0.006432145833969116,-0.0054175828698354795
Stage1,S1_004,0.5,0.05,0.0,0.0,43,0.763504147529602,102,monotonic_hybrid,0.7371659874916077,0.21703796088695526,0.08025410026311874,1.4899742603302002,0.20407964289188385,0.03743640333414078,0.08923076838254929,0.05179436504840851,0.14411194622516632,0.2539682686328888,0.10985632240772247,0.3835451900959015,0.29572930932044983,0.3207255005836487,0.9255327640687177,0.6399669975289146,0,0,0.5562981367111206,0.30957192182540894,-0.00034797191619873047,-5.461275577545166e-05,-0.00024131685495376587,-0.003290534019470215,-0.0013952404260635376,-0.0016535185277462006,-0.006471097469329834,-0.047181739648445124
Stage1,S1_004,0.5,0.05,0.0,0.0,16,0.7904461622238159,103,monotonic_hybrid,0.7086498141288757,0.22281618416309357,0.07880197465419769,1.1715236902236938,0.12800180912017822,0.0392136313021183,0.08538461476564407,0.04617098346352577,0.12832248210906982,0.14159291982650757,0.013270437717437744,0.3906649649143219,0.29323434829711914,0.3161006569862366,0.917934919051503,0.6416796204243875,0,0,0.5565739274024963,0.3113114535808563,7.641315460205078e-05,-3.382563591003418e-06,-0.00014267116785049438,-0.00013566017150878906,1.0654330253601074e-05,-0.0016642212867736816,-0.005611635744571686,0.010784084541839177
Stage1,S1_004,0.5,0.05,0.0,0.0,49,0.8441187143325806,104,monotonic_hybrid,0.7182512283325195,0.22744950652122498,0.072379931807518,1.2309085130691528,0.15064281225204468,0.05263267084956169,0.07999999821186066,0.027367327362298965,0.1612810343503952,0.18110236525535583,0.019821330904960632,0.38310739398002625,0.2949163317680359,0.3219762444496155,0.9196366448553774,0.6684030988506477,0,0,0.556286096572876,0.3095701336860657,0.0002085566520690918,-0.0007980167865753174,-0.0002094656229019165,0.0012104511260986328,-0.00037041306495666504,-0.005103122442960739,-0.01069420576095581,0.029045161282824913
Stage1,S1_004,0.5,0.05,0.0,0.0,43,0.8145331144332886,105,monotonic_hybrid,0.701813280582428,0.21996572613716125,0.07098309695720673,1.1403260231018066,0.12778009474277496,0.04846581816673279,0.07538461685180664,0.026918798685073853,0.17715877294540405,0.1376146823167801,0.03954409062862396,0.390482634305954,0.2948836088180542,0.31463372707366943,0.9175728758755702,0.6707096229532435,0,0,0.5562983751296997,0.30958589911460876,0.0002071857452392578,8.046627044677734e-05,2.0995736122131348e-05,0.00035572052001953125,0.0004316568374633789,-0.0015889666974544525,0.00554203987121582,0.029530208868458637
Stage1,S1_004,0.5,0.05,0.0,0.0,50,0.8001176714897156,106,monotonic_hybrid,0.7445278763771057,0.2250269055366516,0.07672299444675446,1.1882715225219727,0.12098851799964905,0.04371806979179382,0.08384615182876587,0.040128082036972046,0.16487453877925873,0.14851485192775726,0.016359686851501465,0.38586193323135376,0.2975623309612274,0.31657570600509644,0.9181678647229107,0.6670556384077645,0,0,0.5562765002250671,0.30944719910621643,6.413459777832031e-05,5.7756900787353516e-05,-5.234032869338989e-05,0.0007025003433227539,0.00012334436178207397,-0.0013463981449604034,0.006975024938583374,0.008614871911025987
Stage1,S1_004,0.5,0.05,0.0,0.0,42,0.877135694026947,107,monotonic_hybrid,0.7797612547874451,0.22340752184391022,0.09145375341176987,1.2828654050827026,0.15456096827983856,0.042614106088876724,0.10076922923326492,0.0581551231443882,0.14892986416816711,0.19130434095859528,0.04237447679042816,0.38153693079948425,0.2972453534603119,0.32121771574020386,0.924404233279998,0.6766242281865804,0,0,0.5563024282455444,0.30958470702171326,-0.00026684999465942383,2.333521842956543e-05,-0.00020603835582733154,-0.0007135868072509766,-0.0005132406949996948,-0.0016220659017562866,-0.005287677049636841,-0.03421030511893755
Stage1,S1_004,0.5,0.05,0.0,0.0,50,0.7904428243637085,108,monotonic_hybrid,0.7351013422012329,0.22335533797740936,0.08350901305675507,1.2921546697616577,0.19379141926765442,0.04486168920993805,0.0930769219994545,0.04821523278951645,0.16071100533008575,0.25,0.08928899466991425,0.38584378361701965,0.29459261894226074,0.3195635974407196,0.9196224847548068,0.6907896382456052,0,0,0.5562768578529358,0.30945125222206116,-0.00017338991165161133,-6.441771984100342e-05,-0.00015973299741744995,-0.0010870695114135742,-0.0011081844568252563,-0.0015018843114376068,-0.005933135747909546,-0.02358164969893067
Stage1,S1_004,0.5,0.05,0.0,0.0,40,0.8247694969177246,109,monotonic_hybrid,0.7248818874359131,0.22142289578914642,0.08151044696569443,1.057123064994812,0.13634848594665527,0.041929565370082855,0.08769230544567108,0.045762740075588226,0.1559496819972992,0.1599999964237213,0.004050314426422119,0.38489118218421936,0.296884149312973,0.3182246685028076,0.9195172286525854,0.6976889204556466,0,0,0.5563104152679443,0.30964499711990356,0.00014346837997436523,-4.340708255767822e-05,-1.9915401935577393e-05,0.0006815195083618164,7.207691669464111e-05,-0.0011646710336208344,-0.0050531476736068726,0.019795884446315196
Stage1,S1_004,0.5,0.05,0.0,0.0,42,0.8479699492454529,110,monotonic_hybrid,0.7092206478118896,0.21929116547107697,0.07561810314655304,1.256360411643982,0.1592608541250229,0.04472566023468971,0.08538461476564407,0.04065895453095436,0.15339995920658112,0.19658119976520538,0.04318124055862427,0.3816044330596924,0.29550525546073914,0.3228902816772461,0.9296687907992469,0.6677199568223959,0,0,0.556300938129425,0.3095870018005371,-0.00014913082122802734,1.7017126083374023e-05,-0.00015848129987716675,-0.0007996559143066406,-0.0005168169736862183,-0.0012480616569519043,-0.004985406994819641,-0.02102300178552673
Stage1,S1_005,0.5,0.1,0.0,0.0,43,0.830282986164093,101,monotonic_hybrid,0.7690063118934631,0.2311462163925171,0.07871364802122116,1.2419445514678955,0.158463716506958,0.04577315226197243,0.08692307770252228,0.04114992544054985,0.1586618423461914,0.19847328960895538,0.03981144726276398,0.36450374126434326,0.29594936966896057,0.33954688906669617,0.9233599305753416,0.6443103390367598,0,0,0.5570313334465027,0.30344852805137634,-3.8623809814453125e-05,-5.4717063903808594e-05,-0.00013682246208190918,-0.000943303108215332,-0.0006805360317230225,-0.00176171213388443,-0.006822258234024048,-0.005022308583195123
Stage1,S1_005,0.5,0.1,0.0,0.0,43,0.7628134489059448,102,monotonic_hybrid,0.7371554970741272,0.21704547107219696,0.08024337142705917,1.489820122718811,0.2040165364742279,0.03750796616077423,0.08923076838254929,0.051722802221775055,0.1444081813097,0.2539682686328888,0.10956008732318878,0.36798346042633057,0.295913428068161,0.3361031413078308,0.927912322398015,0.636918321190508,0,0,0.5570212602615356,0.30339640378952026,-0.0003584623336791992,-4.710257053375244e-05,-0.0002520456910133362,-0.003444671630859375,-0.0014583468437194824,-0.001725081354379654,-0.006767332553863525,-0.04860414221407142
Stage1,S1_005,0.5,0.1,0.0,0.0,45,0.7898727655410767,103,monotonic_hybrid,0.707876980304718,0.22220726311206818,0.07877980172634125,1.1720564365386963,0.12791134417057037,0.03965668007731438,0.08538461476564407,0.0457279346883297,0.13382846117019653,0.14159291982650757,0.007764458656311035,0.37048402428627014,0.29548871517181396,0.3340272307395935,0.9214610049338229,0.638219933074323,0,0,0.5570029020309448,0.3033190667629242,-0.0006964206695556641,-0.000612303614616394,-0.0001648440957069397,0.00039708614349365234,-7.981061935424805e-05,-0.002107270061969757,-0.011117614805698395,-0.09828490154980417
Stage1,S1_005,0.5,0.1,0.0,0.0,49,0.8437637090682983,104,monotonic_hybrid,0.7182751297950745,0.22745664417743683,0.07237471640110016,1.2309513092041016,0.150634303689003,0.05277978628873825,0.07999999821186066,0.027220211923122406,0.1616446077823639,0.18110236525535583,0.019457757472991943,0.36751583218574524,0.2951587736606598,0.33732545375823975,0.9222738775848642,0.6653031798060883,0,0,0.5570122003555298,0.30338147282600403,0.00023245811462402344,-0.0007908791303634644,-0.00021468102931976318,0.0012532472610473633,-0.00037892162799835205,-0.005250237882137299,-0.0110577791929245,0.03237385796027927
Stage1,S1_005,0.5,0.1,0.0,0.0,43,0.814066469669342,105,monotonic_hybrid,0.7018355131149292,0.2199743241071701,0.07098463922739029,1.1403777599334717,0.12781818211078644,0.04859864339232445,0.07538461685180664,0.026785973459482193,0.17755401134490967,0.1376146823167801,0.03993932902812958,0.3748987913131714,0.29522156715393066,0.32987961173057556,0.9200380591400569,0.6678126613294049,0,0,0.5570275187492371,0.3034231960773468,0.00022941827774047852,8.906424045562744e-05,2.253800630569458e-05,0.0004074573516845703,0.0004697442054748535,-0.001721791923046112,0.0059372782707214355,0.032699014365563085
Stage1,S1_005,0.5,0.1,0.0,0.0,50,0.7994771599769592,106,monotonic_hybrid,0.7445290684700012,0.2250317633152008,0.07671700417995453,1.1883562803268433,0.12100335210561752,0.04382692649960518,0.08384615182876587,0.04001922532916069,0.16530215740203857,0.14851485192775726,0.01678730547428131,0.36995863914489746,0.2979462742805481,0.33209511637687683,0.9207836764291709,0.6640956357302764,0,0,0.5569533109664917,0.30312758684158325,6.532669067382812e-05,6.261467933654785e-05,-5.833059549331665e-05,0.0007872581481933594,0.00013817846775054932,-0.001455254852771759,0.00740264356136322,0.008774999641714203
Stage1,S1_005,0.5,0.1,0.0,0.0,42,0.8767338991165161,107,monotonic_hybrid,0.7797505855560303,0.22341559827327728,0.09144269675016403,1.2827787399291992,0.1545340120792389,0.04270980507135391,0.10076922923326492,0.05805942416191101,0.14922796189785004,0.19130434095859528,0.04207637906074524,0.3660722076892853,0.2973431348800659,0.3365846276283264,0.9268129280974888,0.6738170635941508,0,0,0.557031512260437,0.3034251034259796,-0.00027751922607421875,3.141164779663086e-05,-0.0002170950174331665,-0.0008002519607543945,-0.0005401968955993652,-0.0017177648842334747,-0.005585774779319763,-0.03557810601603154
Stage1,S1_005,0.5,0.1,0.0,0.0,50,0.7898710370063782,108,monotonic_hybrid,0.7351050972938538,0.22336646914482117,0.08350052684545517,1.292080044746399,0.19373710453510284,0.0449460968375206,0.0930769219994545,0.0481308251619339,0.16100962460041046,0.25,0.08899037539958954,0.36998456716537476,0.29491928219795227,0.33509618043899536,0.9221184061958649,0.688270136597255,0,0,0.556954562664032,0.3031350374221802,-0.00016963481903076172,-5.328655242919922e-05,-0.0001682192087173462,-0.0011616945266723633,-0.001162499189376831,-0.0015862919390201569,-0.006231755018234253,-0.023070943638073802
Stage1,S1_005,0.5,0.1,0.0,0.0,40,0.8243850469589233,109,monotonic_hybrid,0.7248896956443787,0.22143203020095825,0.08150289952754974,1.0571504831314087,0.13634760677814484,0.04205262288451195,0.08769230544567108,0.045639682561159134,0.15635232627391815,0.1599999964237213,0.0036476701498031616,0.3694963753223419,0.29700830578804016,0.3334953784942627,0.9220652413979119,0.694873179953888,0,0,0.5570611357688904,0.3035506010055542,0.0001512765884399414,-3.427267074584961e-05,-2.746284008026123e-05,0.0007089376449584961,7.11977481842041e-05,-0.0012877285480499268,-0.00545579195022583,0.020873267438615693
Stage1,S1_005,0.5,0.1,0.0,0.0,42,0.8474982380867004,110,monotonic_hybrid,0.7092097997665405,0.21929879486560822,0.07560795545578003,1.2562967538833618,0.15923245251178741,0.04480727016925812,0.08538461476564407,0.040577344596385956,0.1537148505449295,0.19658119976520538,0.04286634922027588,0.3661375641822815,0.2956210970878601,0.3382413983345032,0.9320300359894627,0.6652535217838342,0,0,0.5570299029350281,0.30342864990234375,-0.00015997886657714844,2.4646520614624023e-05,-0.000168628990650177,-0.0008633136749267578,-0.0005452185869216919,-0.0013296715915203094,-0.00530029833316803,-0.02255225291460981
Stage1,S1_006,0.5,0.2,0.0,0.0,43,0.829299807548523,101,monotonic_hybrid,0.7690138816833496,0.23116670548915863,0.07869589328765869,1.2418030500411987,0.15839870274066925,0.04601767286658287,0.08692307770252228,0.04090540483593941,0.15943601727485657,0.19847328960895538,0.039037272334098816,0.33398887515068054,0.2948759198188782,0.3711351752281189,0.928361665084618,0.6377648685810651,0,0,0.5553944706916809,0.2894998788833618,-3.1054019927978516e-05,-3.4227967262268066e-05,-0.00015457719564437866,-0.0010848045349121094,-0.0007455497980117798,-0.002006232738494873,-0.007596433162689209,-0.004037998104698548
Stage1,S1_006,0.5,0.2,0.0,0.0,43,0.7614054083824158,102,monotonic_hybrid,0.737135112285614,0.21706026792526245,0.08022240549325943,1.4895187616348267,0.20389308035373688,0.03764892742037773,0.08923076838254929,0.051581840962171555,0.1449926197528839,0.2539682686328888,0.10897564888000488,0.3373376429080963,0.295048326253891,0.3676140308380127,0.9324570586719962,0.6309886289433683,0,0,0.5553562045097351,0.28940385580062866,-0.0003788471221923828,-3.230571746826172e-05,-0.00027301162481307983,-0.00374603271484375,-0.0015818029642105103,-0.0018660426139831543,-0.007351770997047424,-0.05136812901773162
Stage1,S1_006,0.5,0.2,0.0,0.0,50,0.7886096835136414,103,monotonic_hybrid,0.708079993724823,0.2219676822423935,0.07887634634971619,1.1717549562454224,0.12805674970149994,0.03881951794028282,0.08538461476564407,0.04656509682536125,0.13309240341186523,0.14159291982650757,0.008500516414642334,0.3387909233570099,0.2950799763202667,0.366129070520401,0.9267072047599654,0.631421260379012,0,0,0.5551626086235046,0.288879930973053,-0.0004934072494506836,-0.0008518844842910767,-6.829947233200073e-05,9.560585021972656e-05,6.559491157531738e-05,-0.001270107924938202,-0.010381557047367096,-0.06963389378888044
Stage1,S1_006,0.5,0.2,0.0,0.0,49,0.8430168032646179,104,monotonic_hybrid,0.7183242440223694,0.22747105360031128,0.07236457616090775,1.231040358543396,0.15061859786510468,0.05307532846927643,0.07999999821186066,0.02692466974258423,0.1623697727918625,0.18110236525535583,0.018732592463493347,0.3367604911327362,0.2943635880947113,0.3688759505748749,0.9273184431599306,0.6591641647950262,0,0,0.5553624629974365,0.28933069109916687,0.0002815723419189453,-0.0007764697074890137,-0.00022482126951217651,0.0013422966003417969,-0.0003946274518966675,-0.005545780062675476,-0.011782944202423096,0.039213873078040834
Stage1,S1_006,0.5,0.2,0.0,0.0,43,0.8131100535392761,105,monotonic_hybrid,0.7018804550170898,0.21999119222164154,0.07098793238401413,1.140486478805542,0.12789568305015564,0.048864223062992096,0.07538461685180664,0.026520393788814545,0.17833928763866425,0.1376146823167801,0.040724605321884155,0.3441406786441803,0.2946653366088867,0.361193984746933,0.9247947797215285,0.6621271954614348,0,0,0.5553825497627258,0.2894514203071594,0.00027436017990112305,0.00010593235492706299,2.5831162929534912e-05,0.0005161762237548828,0.0005472451448440552,-0.0019873715937137604,0.006722554564476013,0.03910458901654635
Stage1,S1_006,0.5,0.2,0.0,0.0,50,0.798170268535614,106,monotonic_hybrid,0.7445315718650818,0.22504135966300964,0.07670511305332184,1.1885250806808472,0.12103355675935745,0.04404374584555626,0.08384615182876587,0.03980240598320961,0.1661466509103775,0.14851485192775726,0.01763179898262024,0.3386504352092743,0.2974335551261902,0.36391597986221313,0.9258029983100402,0.6582791962283977,0,0,0.555130124092102,0.28879910707473755,6.783008575439453e-05,7.221102714538574e-05,-7.022172212600708e-05,0.0009560585021972656,0.00016838312149047852,-0.0016720741987228394,0.008247137069702148,0.009111267876159455
Stage1,S1_006,0.5,0.2,0.0,0.0,42,0.8758933544158936,107,monotonic_hybrid,0.7797299027442932,0.22343134880065918,0.09142085164785385,1.2826077938079834,0.15448130667209625,0.042900536209344864,0.10076922923326492,0.05786869302392006,0.14981868863105774,0.19130434095859528,0.04148565232753754,0.33562973141670227,0.2963073253631592,0.36806291341781616,0.9314133702153626,0.6683141519130038,0,0,0.5553848743438721,0.28947344422340393,-0.0002982020378112793,4.716217517852783e-05,-0.00023894011974334717,-0.0009711980819702148,-0.0005929023027420044,-0.0019084960222244263,-0.006176501512527466,-0.0382296530064875
Stage1,S1_006,0.5,0.2,0.0,0.0,50,0.7886902689933777,108,monotonic_hybrid,0.7351127862930298,0.22338850796222687,0.08348369598388672,1.2919315099716187,0.19363024830818176,0.045114606618881226,0.0930769219994545,0.04796231538057327,0.1616005003452301,0.25,0.0883994996547699,0.33875367045402527,0.2943163216114044,0.3669299781322479,0.9269110582463921,0.6832907056582043,0,0,0.5551332235336304,0.2888104319572449,-0.00016194581985473633,-3.1247735023498535e-05,-0.00018505007028579712,-0.0013102293014526367,-0.0012693554162979126,-0.001754801720380783,-0.006822630763053894,-0.022025212180128782
Stage1,S1_006,0.5,0.2,0.0,0.0,40,0.8235896825790405,109,monotonic_hybrid,0.724905788898468,0.22145023941993713,0.08148794621229172,1.057207465171814,0.13634668290615082,0.04229871556162834,0.08769230544567108,0.04539358988404274,0.1571531891822815,0.1599999964237213,0.0028468072414398193,0.3391316533088684,0.29603374004364014,0.36483460664749146,0.92694346075562,0.6893042905038281,0,0,0.5554873943328857,0.2897378206253052,0.00016736984252929688,-1.6063451766967773e-05,-4.2416155338287354e-05,0.0007659196853637695,7.027387619018555e-05,-0.0015338212251663208,-0.006256654858589172,0.023093827804425874
Stage1,S1_006,0.5,0.2,0.0,0.0,42,0.8465237021446228,110,monotonic_hybrid,0.7091888785362244,0.2193138748407364,0.07558779418468475,1.2561718225479126,0.1591768115758896,0.044971637427806854,0.08538461476564407,0.04041297733783722,0.15434132516384125,0.19658119976520538,0.042239874601364136,0.33568087220191956,0.2946283519268036,0.36969077587127686,0.9365082942124863,0.6604252784534779,0,0,0.5553838014602661,0.2894752323627472,-0.00018090009689331055,3.972649574279785e-05,-0.00018879026174545288,-0.0009882450103759766,-0.000600859522819519,-0.001494038850069046,-0.005926772952079773,-0.025501522949270036
Stage1,S1_007,0.5,0.4,0.0,0.0,43,0.8272726535797119,101,monotonic_hybrid,0.7690332531929016,0.23120765388011932,0.07866227626800537,1.2415390014648438,0.15827703475952148,0.04649469256401062,0.08692307770252228,0.04042838513851166,0.16093628108501434,0.19847328960895538,0.03753700852394104,0.2758137285709381,0.28784510493278503,0.43634116649627686,0.9375136144239234,0.6252120051079693,0,0,0.5403405427932739,0.256306916475296,-1.1682510375976562e-05,6.720423698425293e-06,-0.00018819421529769897,-0.0013488531112670898,-0.0008672177791595459,-0.0024832524359226227,-0.009096696972846985,-0.001519093336892352
Stage1,S1_007,0.5,0.4,0.0,0.0,43,0.7585344314575195,102,monotonic_hybrid,0.7370977401733398,0.21708808839321136,0.0801829844713211,1.4889516830444336,0.20366042852401733,0.03791767358779907,0.08923076838254929,0.051313094794750214,0.14611244201660156,0.2539682686328888,0.10785582661628723,0.2789229154586792,0.2884153723716736,0.43266168236732483,0.9406940137203867,0.6197973289646214,0,0,0.5402511954307556,0.25616395473480225,-0.00041621923446655273,-4.4852495193481445e-06,-0.0003124326467514038,-0.004313111305236816,-0.0018144547939300537,-0.0021347887814044952,-0.008471593260765076,-0.05643543815777532
Stage1,S1_007,0.5,0.4,0.0,0.0,50,0.78602135181427,103,monotonic_hybrid,0.708097517490387,0.2219916731119156,0.07885215431451797,1.1717699766159058,0.12807421386241913,0.03914785757660866,0.08538461476564407,0.046236757189035416,0.13419251143932343,0.14159291982650757,0.007400408387184143,0.27911925315856934,0.2888775169849396,0.4320032298564911,0.936142561980738,0.6184156051905205,0,0,0.5396061539649963,0.2549530863761902,-0.00047588348388671875,-0.0008278936147689819,-9.24915075302124e-05,0.000110626220703125,8.305907249450684e-05,-0.001598447561264038,-0.011481665074825287,-0.06716078859753821
Stage1,S1_007,0.5,0.4,0.0,0.0,49,0.8414048552513123,104,monotonic_hybrid,0.718425452709198,0.22749994695186615,0.07234565168619156,1.2312266826629639,0.15059292316436768,0.05366034433245659,0.07999999821186066,0.026339653879404068,0.1637854427099228,0.18110236525535583,0.017316922545433044,0.27804726362228394,0.2877630591392517,0.43418973684310913,0.9364662834612878,0.6472576353470968,0,0,0.5402207374572754,0.2558727562427521,0.0003827810287475586,-0.0007475763559341431,-0.00024374574422836304,0.001528620719909668,-0.000420302152633667,-0.006130795925855637,-0.013198614120483398,0.053308952774593195
Stage1,S1_007,0.5,0.4,0.0,0.0,43,0.8111403584480286,105,monotonic_hybrid,0.7019686698913574,0.22002342343330383,0.07099434733390808,1.1407148838043213,0.12804946303367615,0.049387477338314056,0.07538461685180664,0.025997139513492584,0.17986899614334106,0.1376146823167801,0.042254313826560974,0.28527528047561646,0.2886354625225067,0.4260892868041992,0.9335739515176651,0.6512032341892602,0,0,0.5403181314468384,0.2562294602394104,0.00036257505416870117,0.00013816356658935547,3.224611282348633e-05,0.0007445812225341797,0.000701025128364563,-0.002510625869035721,0.008252263069152832,0.051677865519802614
Stage1,S1_007,0.5,0.4,0.0,0.0,50,0.7955014705657959,106,monotonic_hybrid,0.7445363402366638,0.2250596433877945,0.07668203115463257,1.1888530254364014,0.12109477072954178,0.044467754662036896,0.08384615182876587,0.03937839716672897,0.16777090728282928,0.14851485192775726,0.01925605535507202,0.2790292501449585,0.2913021147251129,0.4296686351299286,0.9349906473598956,0.6470699191219048,0,0,0.539505660533905,0.25477683544158936,7.259845733642578e-05,9.049475193023682e-05,-9.33036208152771e-05,0.0012840032577514648,0.0002295970916748047,-0.002096083015203476,0.00987139344215393,0.009751778798912316
Stage1,S1_007,0.5,0.4,0.0,0.0,42,0.874093234539032,107,monotonic_hybrid,0.7796924710273743,0.22346118092536926,0.09137944132089615,1.2822824716567993,0.15438416600227356,0.04327286407351494,0.10076922923326492,0.057496365159749985,0.15095150470733643,0.19130434095859528,0.04035283625125885,0.277643084526062,0.28934818506240845,0.43300876021385193,0.9397342974727628,0.6577589962861753,0,0,0.5403475761413574,0.2563471794128418,-0.0003356337547302246,7.699429988861084e-05,-0.0002803504467010498,-0.0012965202331542969,-0.0006900429725646973,-0.0022808238863945007,-0.007309317588806152,-0.04302841816500722
Stage1,S1_007,0.5,0.4,0.0,0.0,50,0.7862297296524048,108,monotonic_hybrid,0.7351360321044922,0.22343571484088898,0.083450548350811,1.2916502952575684,0.19342803955078125,0.04544772580265999,0.0930769219994545,0.04762919619679451,0.1627204865217209,0.25,0.08727951347827911,0.2792321741580963,0.2881050407886505,0.4326627254486084,0.9356854178685073,0.6735640678713606,0,0,0.5395019054412842,0.2547733783721924,-0.00013870000839233398,1.595914363861084e-05,-0.00021819770336151123,-0.0015914440155029297,-0.0014715641736984253,-0.002087920904159546,-0.007942616939544678,-0.018863698470062452
Stage1,S1_007,0.5,0.4,0.0,0.0,40,0.8219186663627625,109,monotonic_hybrid,0.7249374985694885,0.2214847058057785,0.08145882189273834,1.057324767112732,0.13634870946407318,0.0427880696952343,0.08769230544567108,0.04490423575043678,0.15871624648571014,0.1599999964237213,0.0012837499380111694,0.28109437227249146,0.289221853017807,0.42968374490737915,0.9358084124696807,0.6784567997282847,0,0,0.5406567454338074,0.25688430666923523,0.0001990795135498047,1.8402934074401855e-05,-7.15404748916626e-05,0.0008832216262817383,7.230043411254883e-05,-0.002023175358772278,-0.007819712162017822,0.02746915415483704
Stage1,S1_007,0.5,0.4,0.0,0.0,44,0.844477117061615,110,monotonic_hybrid,0.7092364430427551,0.2196035087108612,0.07526016235351562,1.2555829286575317,0.15879444777965546,0.048721589148044586,0.08538461476564407,0.03666302561759949,0.16047149896621704,0.19658119976520538,0.03610970079898834,0.2769891023635864,0.2880239486694336,0.43498694896698,0.9445958303046578,0.6511967478776998,0,0,0.5401138067245483,0.25590309500694275,-0.00013333559036254883,0.00032936036586761475,-0.0005164220929145813,-0.001577138900756836,-0.00098322331905365,-0.005243990570306778,-0.012056946754455566,-0.018796344921751917
Stage1,S1_008,1.0,0.005,0.0,0.0,43,0.930453896522522,101,monotonic_hybrid,0.7690019607543945,0.23107433319091797,0.07863851636648178,1.241686224937439,0.15809078514575958,0.046860575675964355,0.08692307770252228,0.04006250202655792,0.16286037862300873,0.19847328960895538,0.035612910985946655,0.39401906728744507,0.2954481542110443,0.3105327785015106,0.9183606468958739,0.6506773877441749,0,0,0.5547481775283813,0.3146233558654785,-4.297494888305664e-05,-0.0001266002655029297,-0.00021195411682128906,-0.001201629638671875,-0.0010534673929214478,-0.002849135547876358,-0.01102079451084137,-0.0055880933464254375
Stage1,S1_008,1.0,0.005,0.0,0.0,43,0.8560206294059753,102,monotonic_hybrid,0.7369765043258667,0.2169971466064453,0.08007609099149704,1.4875513315200806,0.2030552625656128,0.038694676011800766,0.08923076838254929,0.05053609237074852,0.14890849590301514,0.2539682686328888,0.10505977272987366,0.3976456820964813,0.295216828584671,0.30713748931884766,0.923331155025619,0.6427581964447365,0,0,0.55474853515625,0.3146207332611084,-0.0005374550819396973,-9.542703628540039e-05,-0.00041932612657546997,-0.005713462829589844,-0.0024196207523345947,-0.002911791205406189,-0.01126764714717865,-0.07287388599007018
Stage1,S1_008,1.0,0.005,0.0,0.0,16,0.8880380988121033,103,monotonic_hybrid,0.7087622284889221,0.22280001640319824,0.07871153205633163,1.1716111898422241,0.12805578112602234,0.04038117453455925,0.08538461476564407,0.045003440231084824,0.13216009736061096,0.14159291982650757,0.009432822465896606,0.40092870593070984,0.29441580176353455,0.3046554923057556,0.9162461583401461,0.6448760650895174,0,0,0.5547617673873901,0.31478315591812134,0.0001888275146484375,-1.9550323486328125e-05,-0.00023311376571655273,-4.8160552978515625e-05,6.462633609771729e-05,-0.00283176451921463,-0.009449250996112823,0.026648970225075286
Stage1,S1_008,1.0,0.005,0.0,0.0,49,0.9491169452667236,104,monotonic_hybrid,0.7184110879898071,0.22736182808876038,0.07233607023954391,1.2314187288284302,0.1505475640296936,0.053957171738147736,0.07999999821186066,0.02604282647371292,0.16523177921772003,0.18110236525535583,0.015870586037635803,0.3972119092941284,0.2943328022956848,0.3084552586078644,0.9172007405611649,0.6712018484453739,0,0,0.5547464489936829,0.3146207928657532,0.00036841630935668945,-0.000885695219039917,-0.0002533271908760071,0.0017206668853759766,-0.00046566128730773926,-0.0064276233315467834,-0.01464495062828064,0.051308414372432345
Stage1,S1_008,1.0,0.005,0.0,0.0,43,0.9141770601272583,105,monotonic_hybrid,0.7019663453102112,0.21997682750225067,0.07101280242204666,1.140831708908081,0.1281643658876419,0.04951751232147217,0.07538461685180664,0.025867104530334473,0.1808781623840332,0.1376146823167801,0.04326348006725311,0.40458154678344727,0.29423341155052185,0.3011850416660309,0.9153076767649571,0.6733466741476936,0,0,0.5547481775283813,0.31462210416793823,0.00036025047302246094,9.156763553619385e-05,5.070120096206665e-05,0.0008614063262939453,0.0008159279823303223,-0.0026406608521938324,0.00926142930984497,0.051346542693027616
Stage1,S1_008,1.0,0.005,0.0,0.0,50,0.8950662016868591,106,monotonic_hybrid,0.7445957660675049,0.22504453361034393,0.07669015973806381,1.1887954473495483,0.12113959342241287,0.04476330429315567,0.08384615182876587,0.0390828475356102,0.17031998932361603,0.14851485192775726,0.021805137395858765,0.4002744257450104,0.29685741662979126,0.30286818742752075,0.915754483614087,0.6697488807124271,0,0,0.554747462272644,0.31460922956466675,0.00013202428817749023,7.538497447967529e-05,-8.51750373840332e-05,0.0012264251708984375,0.00027441978454589844,-0.0023916326463222504,0.012420475482940674,0.017734146173719854
Stage1,S1_008,1.0,0.005,0.0,0.0,42,0.9831100702285767,107,monotonic_hybrid,0.7796085476875305,0.22343286871910095,0.0913139209151268,1.282531976699829,0.15422102808952332,0.043795838952064514,0.10076922923326492,0.05697339028120041,0.1529032438993454,0.19130434095859528,0.03840109705924988,0.39555343985557556,0.29681071639060974,0.3076358139514923,0.9221765676404304,0.6791822729640913,0,0,0.5547488331794739,0.31462186574935913,-0.0004195570945739746,4.868209362030029e-05,-0.00034587085247039795,-0.0010470151901245117,-0.0008531808853149414,-0.0028037987649440765,-0.009261056780815125,-0.05378743304270748
Stage1,S1_008,1.0,0.005,0.0,0.0,50,0.8877347707748413,108,monotonic_hybrid,0.7349838614463806,0.22325247526168823,0.0833902582526207,1.2916778326034546,0.19300511479377747,0.04603416845202446,0.0930769219994545,0.04704275354743004,0.16517306864261627,0.25,0.08482693135738373,0.4002141058444977,0.29394587874412537,0.30584004521369934,0.9173214234125586,0.6930749357307782,0,0,0.554747462272644,0.3146096467971802,-0.00029087066650390625,-0.0001672804355621338,-0.00027848780155181885,-0.0015639066696166992,-0.0018944889307022095,-0.0026743635535240173,-0.010395199060440063,-0.03955945360288129
Stage1,S1_008,1.0,0.005,0.0,0.0,40,0.9248859882354736,109,monotonic_hybrid,0.7250287532806396,0.22138598561286926,0.0814935564994812,1.0578266382217407,0.13640807569026947,0.042735494673252106,0.08769230544567108,0.044956810772418976,0.15970660746097565,0.1599999964237213,0.0002933889627456665,0.3988252282142639,0.296428382396698,0.3047463297843933,0.9171642476284786,0.7002391430738085,0,0,0.5547488927841187,0.31462758779525757,0.00029033422470092773,-8.031725883483887e-05,-3.680586814880371e-05,0.0013850927352905273,0.0001316666603088379,-0.001970600336790085,-0.008810073137283325,0.04006055385874588
Stage1,S1_008,1.0,0.005,0.0,0.0,33,0.9483230710029602,110,monotonic_hybrid,0.7091966867446899,0.21933896839618683,0.07502399384975433,1.2554731369018555,0.1585306078195572,0.05151298642158508,0.08538461476564407,0.03387162834405899,0.16726334393024445,0.19658119976520538,0.029317855834960938,0.3956807255744934,0.2950285077095032,0.30929067730903625,0.9274659776888318,0.6699672726127165,0,0,0.5547505617141724,0.31464436650276184,-0.00017309188842773438,6.48200511932373e-05,-0.0007525905966758728,-0.0016869306564331055,-0.0012470632791519165,-0.008035387843847275,-0.01884879171848297,-0.024400798235479467
Stage1,S1_009,1.0,0.01,0.0,0.0,43,0.9303600788116455,101,monotonic_hybrid,0.7690026164054871,0.23107603192329407,0.07863695919513702,1.2416749000549316,0.15808524191379547,0.04688325896859169,0.08692307770252228,0.04003981873393059,0.16293181478977203,0.19847328960895538,0.03554147481918335,0.3924568295478821,0.2955111563205719,0.312032014131546,0.9186295250096081,0.6503388901209493,0,0,0.5549622178077698,0.3140895366668701,-4.2319297790527344e-05,-0.00012490153312683105,-0.00021351128816604614,-0.0012129545211791992,-0.001059010624885559,-0.0028718188405036926,-0.011092230677604675,-0.005502838108130459
Stage1,S1_009,1.0,0.01,0.0,0.0,43,0.8558850884437561,102,monotonic_hybrid,0.7369747161865234,0.21699847280979156,0.08007416129112244,1.4875229597091675,0.2030438631772995,0.038708120584487915,0.08923076838254929,0.05052264779806137,0.1489637792110443,0.2539682686328888,0.10500448942184448,0.3960750997066498,0.29528993368148804,0.3086349368095398,0.9235785990653157,0.6424458472025522,0,0,0.5549627542495728,0.3140842318534851,-0.000539243221282959,-9.410083293914795e-05,-0.00042125582695007324,-0.00574183464050293,-0.002431020140647888,-0.002925235778093338,-0.011322930455207825,-0.07311634097284739
Stage1,S1_009,1.0,0.01,0.0,0.0,16,0.8879512548446655,103,monotonic_hybrid,0.7087635397911072,0.2228008508682251,0.07871029525995255,1.171613335609436,0.12805677950382233,0.04039737954735756,0.08538461476564407,0.044987235218286514,0.13220517337322235,0.14159291982650757,0.009387746453285217,0.39978843927383423,0.29429522156715393,0.30591636896133423,0.9164359284071574,0.6445187235701166,0,0,0.5549926161766052,0.31441134214401245,0.0001901388168334961,-1.8715858459472656e-05,-0.0002343505620956421,-4.601478576660156e-05,6.562471389770508e-05,-0.0028479695320129395,-0.009494327008724213,0.026834032518304973
Stage1,S1_009,1.0,0.01,0.0,0.0,49,0.949048638343811,104,monotonic_hybrid,0.7184155583381653,0.22736302018165588,0.07233523577451706,1.231427550315857,0.15054632723331451,0.05398375913500786,0.07999999821186066,0.0260162390768528,0.16529721021652222,0.18110236525535583,0.015805155038833618,0.3956415355205536,0.2944144010543823,0.3099440932273865,0.9174743396098081,0.6708903443825717,0,0,0.5549588203430176,0.3140842914581299,0.00037288665771484375,-0.0008845031261444092,-0.00025416165590286255,0.0017294883728027344,-0.0004668980836868286,-0.006454210728406906,-0.014710381627082825,0.05193098856397618
Stage1,S1_009,1.0,0.01,0.0,0.0,43,0.9140858054161072,105,monotonic_hybrid,0.7019705772399902,0.21997836232185364,0.07101316004991531,1.1408419609069824,0.1281713992357254,0.04954150319099426,0.07538461685180664,0.025843113660812378,0.18094895780086517,0.1376146823167801,0.04333427548408508,0.4030120372772217,0.294321745634079,0.30266621708869934,0.915561534399642,0.6730522559869768,0,0,0.5549622178077698,0.3140869736671448,0.00036448240280151367,9.310245513916016e-05,5.1058828830718994e-05,0.0008716583251953125,0.0008229613304138184,-0.002664651721715927,0.009332224726676941,0.051949720146900046
Stage1,S1_009,1.0,0.01,0.0,0.0,50,0.8949406147003174,106,monotonic_hybrid,0.7445964217185974,0.22504544258117676,0.07668919861316681,1.188813328742981,0.12114323675632477,0.04478282481431961,0.08384615182876587,0.03906332701444626,0.17039766907691956,0.14851485192775726,0.021882817149162292,0.39866915345191956,0.29695242643356323,0.3043784201145172,0.9160253928971305,0.6694482543837035,0,0,0.5549604892730713,0.31406092643737793,0.00013267993927001953,7.62939453125e-05,-8.613616228103638e-05,0.0012443065643310547,0.0002780631184577942,-0.002411153167486191,0.012498155236244202,0.01782221642559837
Stage1,S1_009,1.0,0.01,0.0,0.0,42,0.983032763004303,107,monotonic_hybrid,0.779606819152832,0.22343440353870392,0.09131195396184921,1.282517671585083,0.15421642363071442,0.043813250958919525,0.10076922923326492,0.0569559782743454,0.152957484126091,0.19130434095859528,0.03834685683250427,0.39399203658103943,0.2968751788139343,0.30913272500038147,0.9224268743227834,0.6788965618220693,0,0,0.5549635291099548,0.3140864968299866,-0.00042128562927246094,5.02169132232666e-05,-0.00034783780574798584,-0.0010613203048706055,-0.0008577853441238403,-0.0028212107717990875,-0.00931529700756073,-0.0540090320707283
Stage1,S1_009,1.0,0.01,0.0,0.0,50,0.8876237273216248,108,monotonic_hybrid,0.7349846363067627,0.22325435280799866,0.0833887979388237,1.2916659116744995,0.19299574196338654,0.046049363911151886,0.0930769219994545,0.04702755808830261,0.16522721946239471,0.25,0.08477278053760529,0.3986135721206665,0.2940341532230377,0.30735230445861816,0.9175796290911558,0.6928201592719834,0,0,0.5549605488777161,0.31406188011169434,-0.00029009580612182617,-0.00016540288925170898,-0.0002799481153488159,-0.0015758275985717773,-0.0019038617610931396,-0.0026895590126514435,-0.010449349880218506,-0.03945406981254575
Stage1,S1_009,1.0,0.01,0.0,0.0,40,0.9248114824295044,109,monotonic_hybrid,0.7250304222106934,0.2213876098394394,0.08149226009845734,1.057833194732666,0.13640832901000977,0.04275764524936676,0.08769230544567108,0.04493466019630432,0.15977919101715088,0.1599999964237213,0.00022080540657043457,0.3972737491130829,0.29649507999420166,0.30623114109039307,0.9174284992559147,0.6999550249140205,0,0,0.5549638867378235,0.31409794092178345,0.00029200315475463867,-7.869303226470947e-05,-3.810226917266846e-05,0.0013916492462158203,0.0001319199800491333,-0.0019927509129047394,-0.008882656693458557,0.04029083419297805
Stage1,S1_009,1.0,0.01,0.0,0.0,33,0.9482345581054688,110,monotonic_hybrid,0.7091957330703735,0.21934035420417786,0.07502200454473495,1.2554655075073242,0.15852662920951843,0.05153548717498779,0.08538461476564407,0.03384912759065628,0.1673291176557541,0.19658119976520538,0.029252082109451294,0.394180566072464,0.2950667440891266,0.3107526898384094,0.9277029252575787,0.6697126573571378,0,0,0.5549676418304443,0.31413185596466064,-0.00017404556274414062,6.620585918426514e-05,-0.0007545799016952515,-0.0016945600509643555,-0.0012510418891906738,-0.008057888597249985,-0.018914565443992615,-0.024535237895179078
Stage1,S1_010,1.0,0.02,0.0,0.0,43,0.9301720261573792,101,monotonic_hybrid,0.7690040469169617,0.23107942938804626,0.07863382995128632,1.2416523694992065,0.15807420015335083,0.04692861810326576,0.08692307770252228,0.039994459599256516,0.16307471692562103,0.19847328960895538,0.03539857268333435,0.38933461904525757,0.2956250309944153,0.31504034996032715,0.9191654417078262,0.6496629692238485,0,0,0.5553591251373291,0.3130030930042267,-4.088878631591797e-05,-0.00012150406837463379,-0.00021664053201675415,-0.0012354850769042969,-0.0010700523853302002,-0.002917177975177765,-0.011235132813453674,-0.005316826679123232
Stage1,S1_010,1.0,0.02,0.0,0.0,43,0.8556134104728699,102,monotonic_hybrid,0.7369710803031921,0.21700112521648407,0.08007029443979263,1.4874664545059204,0.2030210644006729,0.03873497620224953,0.08923076838254929,0.05049579218029976,0.14907421171665192,0.2539682686328888,0.10489405691623688,0.3929364085197449,0.2954241931438446,0.3116393983364105,0.9240714173347174,0.6418227920241721,0,0,0.5553598403930664,0.31299257278442383,-0.0005428791046142578,-9.144842624664307e-05,-0.0004251226782798767,-0.00579833984375,-0.002453818917274475,-0.00295209139585495,-0.01143336296081543,-0.07360933277116105
Stage1,S1_010,1.0,0.02,0.0,0.0,16,0.8877763748168945,103,monotonic_hybrid,0.708765983581543,0.2228025645017624,0.07870783656835556,1.1716172695159912,0.1280587762594223,0.040429823100566864,0.08538461476564407,0.04495479166507721,0.13229531049728394,0.14159291982650757,0.009297609329223633,0.397506982088089,0.29404622316360474,0.3084467649459839,0.9168140158680551,0.6438055709728457,0,0,0.5554320812225342,0.31365692615509033,0.0001925826072692871,-1.7002224922180176e-05,-0.00023680925369262695,-4.208087921142578e-05,6.762146949768066e-05,-0.0028804130852222443,-0.009584464132785797,0.027178921337505758
Stage1,S1_010,1.0,0.02,0.0,0.0,49,0.9489113092422485,104,monotonic_hybrid,0.7184247970581055,0.2273654341697693,0.07233357429504395,1.2314447164535522,0.15054385364055634,0.054036982357501984,0.07999999821186066,0.025963015854358673,0.1654280573129654,0.18110236525535583,0.015674307942390442,0.39250218868255615,0.2945648431777954,0.3129329979419708,0.9180194420706713,0.6702674615012264,0,0,0.5553528070449829,0.31299230456352234,0.0003821253776550293,-0.0008820891380310059,-0.00025582313537597656,0.0017466545104980469,-0.0004693716764450073,-0.0065074339509010315,-0.014841228723526001,0.053217641893166766
Stage1,S1_010,1.0,0.02,0.0,0.0,43,0.9139024615287781,105,monotonic_hybrid,0.7019791007041931,0.21998140215873718,0.07101386785507202,1.140861988067627,0.12818549573421478,0.04958949610590935,0.07538461685180664,0.025795120745897293,0.18109053373336792,0.1376146823167801,0.04347585141658783,0.3998746871948242,0.29448646306991577,0.30563884973526,0.916067691175191,0.6724644299192559,0,0,0.5553591251373291,0.31299805641174316,0.00037300586700439453,9.614229202270508e-05,5.176663398742676e-05,0.0008916854858398438,0.0008370578289031982,-0.002712644636631012,0.009473800659179688,0.0531645705117417
Stage1,S1_010,1.0,0.02,0.0,0.0,50,0.8946887254714966,106,monotonic_hybrid,0.7445975542068481,0.22504718601703644,0.076687291264534,1.1888489723205566,0.12115060538053513,0.04482186958193779,0.08384615182876587,0.03902428224682808,0.17055298388004303,0.14851485192775726,0.022038131952285767,0.3954610824584961,0.2971300184726715,0.3074088394641876,0.9165651858934095,0.6688480520314091,0,0,0.5553542375564575,0.31294530630111694,0.00013381242752075195,7.803738117218018e-05,-8.804351091384888e-05,0.0012799501419067383,0.00028543174266815186,-0.00245019793510437,0.012653470039367676,0.017974337769752175
Stage1,S1_010,1.0,0.02,0.0,0.0,42,0.9828763008117676,107,monotonic_hybrid,0.7796041369438171,0.22343853116035461,0.09130777418613434,1.2824914455413818,0.1542055755853653,0.04384683445096016,0.10076922923326492,0.056922394782304764,0.1530665159225464,0.19130434095859528,0.03823782503604889,0.3908718526363373,0.29699206352233887,0.3121360242366791,0.9229254535027969,0.6783262439781554,0,0,0.5553613901138306,0.31299734115600586,-0.0004239678382873535,5.43445348739624e-05,-0.0003520175814628601,-0.0010875463485717773,-0.0008686333894729614,-0.0028547942638397217,-0.009424328804016113,-0.05435289263145025
Stage1,S1_010,1.0,0.02,0.0,0.0,50,0.8874009251594543,108,monotonic_hybrid,0.7349863648414612,0.2232581526041031,0.0833859071135521,1.2916419506072998,0.19297699630260468,0.04607979580760002,0.0930769219994545,0.04699712619185448,0.1653352826833725,0.25,0.0846647173166275,0.3954150378704071,0.2941984534263611,0.3103864789009094,0.9180941743519719,0.692311245246223,0,0,0.5553542375564575,0.31294697523117065,-0.00028836727142333984,-0.00016160309314727783,-0.00028283894062042236,-0.0015997886657714844,-0.001922607421875,-0.002719990909099579,-0.010557413101196289,-0.03921898289564338
Stage1,S1_010,1.0,0.02,0.0,0.0,40,0.9246618747711182,109,monotonic_hybrid,0.7250338196754456,0.22139087319374084,0.0814896896481514,1.0578465461730957,0.13640888035297394,0.04280197620391846,0.08769230544567108,0.044890329241752625,0.15992438793182373,0.1599999964237213,7.560849189758301e-05,0.394172728061676,0.29661649465560913,0.3092108368873596,0.9179549642587231,0.6993873254570209,0,0,0.5553627610206604,0.3130204677581787,0.00029540061950683594,-7.542967796325684e-05,-4.067271947860718e-05,0.0014050006866455078,0.00013247132301330566,-0.002037081867456436,-0.009027853608131409,0.04075961915909353
Stage1,S1_010,1.0,0.02,0.0,0.0,42,0.9480535984039307,110,monotonic_hybrid,0.7091450095176697,0.21927189826965332,0.07550045847892761,1.255980372428894,0.15890726447105408,0.04571444168686867,0.08538461476564407,0.039670173078775406,0.15724489092826843,0.19658119976520538,0.03933630883693695,0.39093872904777527,0.2952422797679901,0.31381893157958984,0.9282140220838789,0.6692169352174424,0,0,0.5553604960441589,0.31299835443496704,-0.00022476911544799805,-2.250075340270996e-06,-0.000276125967502594,-0.0011796951293945312,-0.0008704066276550293,-0.0022368431091308594,-0.008830338716506958,-0.031685747295452156
Stage1,S1_011,1.0,0.05,0.0,0.0,43,0.929602861404419,101,monotonic_hybrid,0.7690086960792542,0.23108968138694763,0.07862451672554016,1.2415854930877686,0.15804137289524078,0.04706487059593201,0.08692307770252228,0.03985820710659027,0.16350331902503967,0.19847328960895538,0.03496997058391571,0.3799878656864166,0.2958694100379944,0.324142724275589,0.9207581762075135,0.6476438969253009,0,0,0.556299090385437,0.3095969259738922,-3.62396240234375e-05,-0.0001112520694732666,-0.00022595375776290894,-0.0013023614883422852,-0.0011028796434402466,-0.0030534304678440094,-0.011663734912872314,-0.004712289534849745
Stage1,S1_011,1.0,0.05,0.0,0.0,43,0.8547923564910889,102,monotonic_hybrid,0.7369603514671326,0.21700911223888397,0.0800587609410286,1.4872978925704956,0.20295293629169464,0.03881535306572914,0.08923076838254929,0.050415415316820145,0.14940494298934937,0.2539682686328888,0.10456332564353943,0.383542537689209,0.29573020339012146,0.32072725892066956,0.9255331893937326,0.6399668893814371,0,0,0.5562978982925415,0.3095707893371582,-0.0005536079406738281,-8.346140384674072e-05,-0.0004366561770439148,-0.005966901779174805,-0.0025219470262527466,-0.003032468259334564,-0.011764094233512878,-0.07506406266782431
Stage1,S1_011,1.0,0.05,0.0,0.0,50,0.8870757222175598,103,monotonic_hybrid,0.7081449627876282,0.22194166481494904,0.07882028818130493,1.171739935874939,0.1281699240207672,0.039715807884931564,0.08538461476564407,0.04566880688071251,0.1368878185749054,0.14159291982650757,0.004705101251602173,0.3860369324684143,0.295301616191864,0.3186614513397217,0.9188289043600281,0.6417089793525501,0,0,0.5562794208526611,0.30946364998817444,-0.0004284381866455078,-0.0008779019117355347,-0.00012435764074325562,8.058547973632812e-05,0.00017876923084259033,-0.0021663978695869446,-0.014176972210407257,-0.06046489835159127
Stage1,S1_011,1.0,0.05,0.0,0.0,49,0.9484927654266357,104,monotonic_hybrid,0.718452513217926,0.2273726910352707,0.07232866436243057,1.231497049331665,0.15053674578666687,0.05419733002781868,0.07999999821186066,0.025802668184041977,0.16582129895687103,0.18110236525535583,0.015281066298484802,0.38309937715530396,0.2949140667915344,0.3219865560531616,0.9196376122396349,0.6684005067832745,0,0,0.5562862753868103,0.3095669150352478,0.00040984153747558594,-0.000874832272529602,-0.00026073306798934937,0.0017989873886108398,-0.00047647953033447266,-0.006667781621217728,-0.01523447036743164,0.05707760188073852
Stage1,S1_011,1.0,0.05,0.0,0.0,43,0.9133478999137878,105,monotonic_hybrid,0.7020047903060913,0.21999052166938782,0.07101605832576752,1.1409237384796143,0.1282281130552292,0.04973373934626579,0.07538461685180664,0.025650877505540848,0.18151503801345825,0.1376146823167801,0.04390035569667816,0.3904786705970764,0.2948843240737915,0.31463706493377686,0.9175734677218681,0.6707092313850801,0,0,0.5562982559204102,0.30958425998687744,0.0003986954689025879,0.00010526180267333984,5.395710468292236e-05,0.0009534358978271484,0.0008796751499176025,-0.0028568878769874573,0.00989830493927002,0.05682611252046025
Stage1,S1_011,1.0,0.05,0.0,0.0,50,0.8939269781112671,106,monotonic_hybrid,0.7446011900901794,0.22505249083042145,0.07668159157037735,1.188956379890442,0.12117287516593933,0.0449390672147274,0.08384615182876587,0.03890708461403847,0.17101790010929108,0.14851485192775726,0.022503048181533813,0.3858603835105896,0.2975628972053528,0.31657674908638,0.9181681432866889,0.6670555970007976,0,0,0.5562763214111328,0.3094465732574463,0.00013744831085205078,8.334219455718994e-05,-9.37432050704956e-05,0.0013873577117919922,0.0003077015280723572,-0.002567395567893982,0.013118386268615723,0.01846272734835123
Stage1,S1_011,1.0,0.05,0.0,0.0,42,0.9824031591415405,107,monotonic_hybrid,0.7795937657356262,0.22344718873500824,0.09129608422517776,1.2824057340621948,0.15417857468128204,0.04395198076963425,0.10076922923326492,0.056817248463630676,0.15339171886444092,0.19130434095859528,0.03791262209415436,0.38153451681137085,0.29724621772766113,0.32121923565864563,0.9244046471932843,0.6766241743061675,0,0,0.5563021898269653,0.3095836639404297,-0.0004343390464782715,6.300210952758789e-05,-0.0003637075424194336,-0.001173257827758789,-0.0008956342935562134,-0.002959940582513809,-0.009749531745910645,-0.05568248679957514
Stage1,S1_011,1.0,0.05,0.0,0.0,50,0.8867313861846924,108,monotonic_hybrid,0.734998881816864,0.22327382862567902,0.08337666094303131,1.2915793657302856,0.19292248785495758,0.04617340490221977,0.0930769219994545,0.046903517097234726,0.16563965380191803,0.25,0.08436034619808197,0.38584232330322266,0.2945931851863861,0.319564551115036,0.9196227369372095,0.6907896209502828,0,0,0.556276798248291,0.30945056676864624,-0.0002758502960205078,-0.0001459270715713501,-0.00029208511114120483,-0.0016623735427856445,-0.0019771158695220947,-0.00281360000371933,-0.010861784219741821,-0.03751662935945382
Stage1,S1_011,1.0,0.05,0.0,0.0,40,0.9242080450057983,109,monotonic_hybrid,0.7250441312789917,0.2214006632566452,0.08148197829723358,1.057887077331543,0.1364106982946396,0.04293529689311981,0.08769230544567108,0.04475700855255127,0.16036011278629303,0.1599999964237213,0.0003601163625717163,0.38488706946372986,0.2968849539756775,0.31822797656059265,0.9195178782280192,0.6976885718240112,0,0,0.5563101768493652,0.30964329838752747,0.0003057122230529785,-6.563961505889893e-05,-4.838407039642334e-05,0.0014455318450927734,0.00013428926467895508,-0.002170402556657791,-0.008743345737457275,0.042182422652742274
Stage1,S1_011,1.0,0.05,0.0,0.0,42,0.9474942088127136,110,monotonic_hybrid,0.7091346383094788,0.21927985548973083,0.07548976689577103,1.2559200525283813,0.15887854993343353,0.04580376297235489,0.08538461476564407,0.039580851793289185,0.15759088099002838,0.19658119976520538,0.038990318775177,0.3816017508506775,0.295506089925766,0.3228922188282013,0.9296692050229837,0.6677198772386537,0,0,0.5563008189201355,0.3095858693122864,-0.00023514032363891602,5.707144737243652e-06,-0.0002868175506591797,-0.0012400150299072266,-0.0008991211652755737,-0.0023261643946170807,-0.009176328778266907,-0.033147778594685436
Stage1,S1_012,1.0,0.1,0.0,0.0,43,0.9286399483680725,101,monotonic_hybrid,0.7690171599388123,0.23110701143741608,0.0786091759800911,1.2414764165878296,0.15798762440681458,0.04729214683175087,0.08692307770252228,0.03963093087077141,0.16421650350093842,0.19847328960895538,0.03425678610801697,0.3644958436489105,0.295950323343277,0.3395538330078125,0.9233611416695596,0.6443093699644722,0,0,0.557030439376831,0.3034449815750122,-2.777576446533203e-05,-9.392201900482178e-05,-0.0002412945032119751,-0.00141143798828125,-0.001156628131866455,-0.0032807067036628723,-0.012376919388771057,-0.0036117219132236534
Stage1,S1_012,1.0,0.1,0.0,0.0,43,0.8534064888954163,102,monotonic_hybrid,0.7369428873062134,0.21702240407466888,0.08003975450992584,1.4870195388793945,0.202840656042099,0.0389484241604805,0.08923076838254929,0.05028234422206879,0.1499532014131546,0.2539682686328888,0.10401506721973419,0.3679780960083008,0.2959151566028595,0.3361068069934845,0.9279131885248512,0.6369182240641267,0,0,0.5570206642150879,0.3033939599990845,-0.0005710721015930176,-7.016956806182861e-05,-0.0004556626081466675,-0.006245255470275879,-0.0026342272758483887,-0.0031655393540859222,-0.012312352657318115,-0.07743203966628173
Stage1,S1_012,1.0,0.1,0.0,0.0,50,0.8858226537704468,103,monotonic_hybrid,0.7081558108329773,0.22195316851139069,0.07880949974060059,1.171743392944336,0.12817803025245667,0.039871107786893845,0.08538461476564407,0.04551350697875023,0.13742108643054962,0.14159291982650757,0.004171833395957947,0.37012001872062683,0.2956521511077881,0.3342278003692627,0.9215301130162012,0.6382311737882815,0,0,0.5569627285003662,0.30316251516342163,-0.0004175901412963867,-0.0008663982152938843,-0.00013514608144760132,8.404254913330078e-05,0.00018687546253204346,-0.002321697771549225,-0.014710240066051483,-0.05893392847123657
Stage1,S1_012,1.0,0.1,0.0,0.0,49,0.9477729201316833,104,monotonic_hybrid,0.7184998393058777,0.22738496959209442,0.07232066243886948,1.2315868139266968,0.15052568912506104,0.05446629971265793,0.07999999821186066,0.02553369849920273,0.1664777398109436,0.18110236525535583,0.014624625444412231,0.36750105023384094,0.29515504837036133,0.33734390139579773,0.9222756719218489,0.6652989545192958,0,0,0.5570111870765686,0.3033749461174011,0.0004571676254272461,-0.0008625537157058716,-0.00026873499155044556,0.0018887519836425781,-0.0004875361919403076,-0.006936751306056976,-0.01589091122150421,0.06366858732188256
Stage1,S1_012,1.0,0.1,0.0,0.0,43,0.9124086499214172,105,monotonic_hybrid,0.7020481824874878,0.2200055867433548,0.07101986557245255,1.1410294771194458,0.1283000409603119,0.049974676221609116,0.07538461685180664,0.025409940630197525,0.18222124874591827,0.1376146823167801,0.044606566429138184,0.37489089369773865,0.29522302746772766,0.3298861086368561,0.9200392442421843,0.667812032775823,0,0,0.5570266246795654,0.30341973900794983,0.00044208765029907227,0.00012032687664031982,5.776435136795044e-05,0.0010591745376586914,0.0009516030550003052,-0.00309782475233078,0.010604515671730042,0.06301080528692685
Stage1,S1_012,1.0,0.1,0.0,0.0,50,0.892641007900238,106,monotonic_hybrid,0.7446073293685913,0.225061297416687,0.07667215168476105,1.1891366243362427,0.1212107390165329,0.04513433948159218,0.08384615182876587,0.03871181234717369,0.17178893089294434,0.14851485192775726,0.023274078965187073,0.36995548009872437,0.29794737696647644,0.3320971131324768,0.9207842336089894,0.6640956069729342,0,0,0.5569528937339783,0.30312618613243103,0.00014358758926391602,9.21487808227539e-05,-0.0001031830906867981,0.0015676021575927734,0.00034556537866592407,-0.0027626678347587585,0.013889417052268982,0.019287385161395543
Stage1,S1_012,1.0,0.1,0.0,0.0,42,0.9815931916236877,107,monotonic_hybrid,0.7795766592025757,0.22346153855323792,0.09127672761678696,1.2822630405426025,0.15413427352905273,0.04412751644849777,0.10076922923326492,0.05664171278476715,0.1539323627948761,0.19130434095859528,0.03737197816371918,0.3660673499107361,0.2973449230194092,0.3365877568721771,0.9268137521365262,0.673817042663942,0,0,0.557030975818634,0.30342286825180054,-0.0004514455795288086,7.735192775726318e-05,-0.0003830641508102417,-0.0013159513473510742,-0.0009399354457855225,-0.0031354762613773346,-0.010290175676345825,-0.05787555304240183
Stage1,S1_012,1.0,0.1,0.0,0.0,50,0.8855821490287781,108,monotonic_hybrid,0.7350074052810669,0.22329282760620117,0.08336229622364044,1.2914596796035767,0.19282987713813782,0.04632599279284477,0.0930769219994545,0.046750929206609726,0.1661781519651413,0.25,0.0838218480348587,0.3699815571308136,0.2949203550815582,0.3350980877876282,0.9221189153528548,0.6882701560411526,0,0,0.5569542646408081,0.30313366651535034,-0.00026732683181762695,-0.00012692809104919434,-0.000306449830532074,-0.001782059669494629,-0.002069726586341858,-0.00296618789434433,-0.011400282382965088,-0.03635740766576283
Stage1,S1_012,1.0,0.1,0.0,0.0,40,0.9234359860420227,109,monotonic_hybrid,0.7250617742538452,0.2214171588420868,0.08146920800209045,1.0579564571380615,0.13641439378261566,0.04315827041864395,0.08769230544567108,0.04453403502702713,0.16108590364456177,0.1599999964237213,0.001085907220840454,0.36948829889297485,0.2970099449157715,0.3335017263889313,0.9220665238591321,0.6948726190313046,0,0,0.5570603013038635,0.3035470247268677,0.00032335519790649414,-4.914402961730957e-05,-6.115436553955078e-05,0.0015149116516113281,0.0001379847526550293,-0.0023933760821819305,-0.008017554879188538,0.044616814757482325
Stage1,S1_012,1.0,0.1,0.0,0.0,42,0.9465433955192566,110,monotonic_hybrid,0.709117591381073,0.21929314732551575,0.07547198235988617,1.255820631980896,0.15883131325244904,0.045953646302223206,0.08538461476564407,0.03943096846342087,0.15816742181777954,0.19658119976520538,0.03841377794742584,0.3661321699619293,0.29562273621559143,0.33824506402015686,0.9320308622845555,0.6652534616212447,0,0,0.5570293068885803,0.30342620611190796,-0.00025218725204467773,1.8998980522155762e-05,-0.00030460208654403687,-0.0013394355773925781,-0.0009463578462600708,-0.0024760477244853973,-0.009752869606018066,-0.03555088751181599
Stage1,S1_013,1.0,0.2,0.0,0.0,43,0.9266670942306519,101,monotonic_hybrid,0.7690372467041016,0.2311423271894455,0.07857929915189743,1.2412670850753784,0.15788424015045166,0.04774557426571846,0.08692307770252228,0.03917750343680382,0.16563257575035095,0.19847328960895538,0.03284071385860443,0.33397379517555237,0.294878214597702,0.3711479902267456,0.9283640659789532,0.6377635328957244,0,0,0.5553910732269287,0.28949201107025146,-7.68899917602539e-06,-5.860626697540283e-05,-0.00027117133140563965,-0.0016207695007324219,-0.0012600123882293701,-0.0037341341376304626,-0.013792991638183594,-0.0009998114309138439
Stage1,S1_013,1.0,0.2,0.0,0.0,43,0.8505808711051941,102,monotonic_hybrid,0.736909806728363,0.2170487642288208,0.08000275492668152,1.486475944519043,0.20262150466442108,0.03921009227633476,0.08923076838254929,0.05002067610621452,0.15103420615196228,0.2539682686328888,0.10293406248092651,0.3373265266418457,0.29505184292793274,0.36762160062789917,0.9324588649333367,0.630988554121655,0,0,0.5553540587425232,0.28939807415008545,-0.0006041526794433594,-4.380941390991211e-05,-0.0004926621913909912,-0.006788849830627441,-0.002853378653526306,-0.0034272074699401855,-0.013393357396125793,-0.08191745684766012
Stage1,S1_013,1.0,0.2,0.0,0.0,50,0.8832704424858093,103,monotonic_hybrid,0.7081778645515442,0.22197604179382324,0.07878821343183517,1.1717580556869507,0.12819691002368927,0.040181007236242294,0.08538461476564407,0.04520360752940178,0.13847598433494568,0.14159291982650757,0.0031169354915618896,0.3387826085090637,0.29508277773857117,0.3661346435546875,0.9267087364492161,0.6314211341918686,0,0,0.5551608800888062,0.28887566924095154,-0.0003955364227294922,-0.0008435249328613281,-0.0001564323902130127,9.870529174804688e-05,0.00020575523376464844,-0.0026315972208976746,-0.01576513797044754,-0.05582151717600997
Stage1,S1_013,1.0,0.2,0.0,0.0,49,0.9462571144104004,104,monotonic_hybrid,0.718597948551178,0.22741001844406128,0.07230541855096817,1.231773853302002,0.1505068689584732,0.055007852613925934,0.07999999821186066,0.024992145597934723,0.1677873581647873,0.18110236525535583,0.013315007090568542,0.3367345333099365,0.29435890913009644,0.36890658736228943,0.927321638170869,0.6591584797309611,0,0,0.555356502532959,0.2893173098564148,0.0005552768707275391,-0.0008375048637390137,-0.0002839788794517517,0.002075791358947754,-0.0005063563585281372,-0.007478304207324982,-0.0172005295753479,0.07733201557896453
Stage1,S1_013,1.0,0.2,0.0,0.0,43,0.9104830026626587,105,monotonic_hybrid,0.7021365761756897,0.22003524005413055,0.07102806866168976,1.1412525177001953,0.1284467577934265,0.05045664682984352,0.07538461685180664,0.02492797002196312,0.18362323939800262,0.1376146823167801,0.046008557081222534,0.3441251218318939,0.2946684658527374,0.36120638251304626,0.9247971935313464,0.6621263652263261,0,0,0.555379331111908,0.2894434928894043,0.0005304813385009766,0.00014998018741607666,6.596744060516357e-05,0.0012822151184082031,0.0010983198881149292,-0.0035797953605651855,0.012006506323814392,0.07560956816147349
Stage1,S1_013,1.0,0.2,0.0,0.0,50,0.890016496181488,106,monotonic_hybrid,0.7446202635765076,0.2250787764787674,0.07665358483791351,1.1894993782043457,0.12128883600234985,0.04552334547042847,0.08384615182876587,0.0383228063583374,0.17331089079380035,0.14851485192775726,0.02479603886604309,0.33864426612854004,0.2974356710910797,0.36392009258270264,0.9258041218885473,0.6582791887056186,0,0,0.5551289319992065,0.2887958586215973,0.00015652179718017578,0.00010962784290313721,-0.00012174993753433228,0.0019303560256958008,0.00042366236448287964,-0.003151673823595047,0.015411376953125,0.021024771039362677
Stage1,S1_013,1.0,0.2,0.0,0.0,42,0.9798979759216309,107,monotonic_hybrid,0.7795435786247253,0.2234896570444107,0.0912385806441307,1.281982660293579,0.1540483981370926,0.04447818920016289,0.10076922923326492,0.056291040033102036,0.15500441193580627,0.19130434095859528,0.036299929022789,0.3356197774410248,0.29631081223487854,0.3680694103240967,0.93141507567698,0.6683141969751526,0,0,0.5553829669952393,0.28946828842163086,-0.0004845261573791504,0.00010547041893005371,-0.0004212111234664917,-0.0015963315963745117,-0.0010258108377456665,-0.00348614901304245,-0.011362224817276001,-0.062116499957972596
Stage1,S1_013,1.0,0.2,0.0,0.0,50,0.8832080960273743,108,monotonic_hybrid,0.7350253462791443,0.22333092987537384,0.08333393931388855,1.2912226915359497,0.19264842569828033,0.046631135046482086,0.0930769219994545,0.04644578695297241,0.16724343597888947,0.25,0.08275656402111053,0.33874747157096863,0.2943185567855835,0.3669339716434479,0.9269121397721626,0.6832908004600653,0,0,0.5551320314407349,0.288807213306427,-0.0002493858337402344,-8.882582187652588e-05,-0.00033480674028396606,-0.002019047737121582,-0.002251178026199341,-0.0032713301479816437,-0.012465566396713257,-0.03391736759722445
Stage1,S1_013,1.0,0.2,0.0,0.0,40,0.9218373894691467,109,monotonic_hybrid,0.7250988483428955,0.22145038843154907,0.08144402503967285,1.0581015348434448,0.13642416894435883,0.04360535740852356,0.08769230544567108,0.04408694803714752,0.1625300645828247,0.1599999964237213,0.0025300681591033936,0.3391158878803253,0.2960371673107147,0.36484694480895996,0.9269460329855805,0.6893034827963629,0,0,0.5554839968681335,0.2897297143936157,0.0003604292869567871,-1.5914440155029297e-05,-8.633732795715332e-05,0.001659989356994629,0.00014775991439819336,-0.0028404630720615387,-0.006573393940925598,0.04973232789649688
Stage1,S1_013,1.0,0.2,0.0,0.0,44,0.9445553421974182,110,monotonic_hybrid,0.7092304229736328,0.219603031873703,0.07514805346727371,1.255432367324829,0.15847712755203247,0.04980074241757393,0.08538461476564407,0.035583872348070145,0.16445182263851166,0.19658119976520538,0.032129377126693726,0.3353145718574524,0.2947814166545868,0.3699039816856384,0.936567791916973,0.6604433176271578,0,0,0.5553140044212341,0.2892874479293823,-0.00013935565948486328,0.0003288835287094116,-0.0006285309791564941,-0.0017277002334594727,-0.0013005435466766357,-0.006323143839836121,-0.016037270426750183,-0.019644995273605713
Stage1,S1_014,1.0,0.4,0.0,0.0,43,0.9225970506668091,101,monotonic_hybrid,0.7690885663032532,0.2312142699956894,0.07852362096309662,1.2408899068832397,0.15769624710083008,0.048634108155965805,0.08692307770252228,0.03828896954655647,0.1683807671070099,0.19847328960895538,0.030092522501945496,0.27578604221343994,0.287850022315979,0.43636393547058105,0.937518423346901,0.6252104676292458,0,0,0.540329098701477,0.25628870725631714,4.363059997558594e-05,1.3336539268493652e-05,-0.0003268495202064514,-0.0019979476928710938,-0.0014480054378509521,-0.004622668027877808,-0.01654118299484253,0.005673348584720417
Stage1,S1_014,1.0,0.4,0.0,0.0,43,0.8448192477226257,102,monotonic_hybrid,0.7368514537811279,0.21709969639778137,0.07993381470441818,1.48545503616333,0.20221075415611267,0.039707083255052567,0.08923076838254929,0.04952368512749672,0.1531023383140564,0.2539682686328888,0.1008659303188324,0.2789002060890198,0.28842201828956604,0.4326777458190918,0.9406979522650192,0.6197973544511924,0,0,0.540242612361908,0.2561490535736084,-0.0006625056266784668,7.12275505065918e-06,-0.0005616024136543274,-0.007809758186340332,-0.003264129161834717,-0.0039241984486579895,-0.01546148955821991,-0.08982957111895641
Stage1,S1_014,1.0,0.4,0.0,0.0,50,0.8780727386474609,103,monotonic_hybrid,0.7082228660583496,0.22201965749263763,0.07874749600887299,1.1718183755874634,0.12824469804763794,0.040789004415273666,0.08538461476564407,0.04459561035037041,0.14050649106502533,0.14159291982650757,0.0010864287614822388,0.27910274267196655,0.2888824939727783,0.4320147633552551,0.9361457688447136,0.6184153945947859,0,0,0.5396000146865845,0.25494229793548584,-0.00035053491592407227,-0.000799909234046936,-0.00019714981317520142,0.0001590251922607422,0.00025354325771331787,-0.0032395943999290466,-0.01779564470052719,-0.04947051574926381
Stage1,S1_014,1.0,0.4,0.0,0.0,49,0.9429852366447449,104,monotonic_hybrid,0.7188045382499695,0.22746117413043976,0.07227860391139984,1.2321693897247314,0.15048253536224365,0.05608542636036873,0.07999999821186066,0.023914571851491928,0.17034536600112915,0.18110236525535583,0.010756999254226685,0.27800458669662476,0.2877597510814667,0.43423569202423096,0.9364721779024444,0.6472520296262428,0,0,0.5402001142501831,0.25584474205970764,0.000761866569519043,-0.0007863491773605347,-0.00031079351902008057,0.002471327781677246,-0.0005306899547576904,-0.008555877953767776,-0.01975853741168976,0.10610324421751016
Stage1,S1_014,1.0,0.4,0.0,0.0,49,0.9064712524414062,105,monotonic_hybrid,0.7033770084381104,0.22021076083183289,0.07122693210840225,1.1459591388702393,0.1306530088186264,0.05617043003439903,0.07538461685180664,0.019214186817407608,0.19980640709400177,0.1376146823167801,0.06219172477722168,0.28356730937957764,0.2892617881298065,0.4271709620952606,0.9339045191746701,0.6512444420920684,0,0,0.5397242903709412,0.25513148307800293,0.0017709136009216309,0.0003255009651184082,0.00026483088731765747,0.0059888362884521484,0.0033045709133148193,-0.009293578565120697,0.028189674019813538,0.25240852580286954
Stage1,S1_014,1.0,0.4,0.0,0.0,50,0.8846553564071655,106,monotonic_hybrid,0.7446473240852356,0.22511258721351624,0.07661811262369156,1.1902213096618652,0.12145116925239563,0.04628538712859154,0.08384615182876587,0.03756076470017433,0.1762371063232422,0.14851485192775726,0.027722254395484924,0.2790171802043915,0.2913057804107666,0.42967697978019714,0.9349929797145504,0.6470699018851696,0,0,0.5395013093948364,0.2547689974308014,0.00018358230590820312,0.00014343857765197754,-0.00015722215175628662,0.002652287483215332,0.000585995614528656,-0.003913715481758118,0.018337592482566833,0.024659670525985167
Stage1,S1_014,1.0,0.4,0.0,0.0,42,0.976260244846344,107,monotonic_hybrid,0.7794809937477112,0.22354139387607574,0.09116542339324951,1.2814390659332275,0.15388618409633636,0.04517025873064995,0.10076922923326492,0.055598970502614975,0.15710918605327606,0.19130434095859528,0.034195154905319214,0.27762311697006226,0.2893543541431427,0.43302249908447266,0.9397379232876732,0.6577590625888461,0,0,0.5403403043746948,0.2563340961933136,-0.0005471110343933105,0.00015720725059509277,-0.0004943683743476868,-0.0021399259567260742,-0.001188024878501892,-0.0041782185435295105,-0.013466998934745789,-0.07013991304148487
Stage1,S1_014,1.0,0.4,0.0,0.0,50,0.8782495260238647,108,monotonic_hybrid,0.7350661158561707,0.22340765595436096,0.08327925205230713,1.2907600402832031,0.19230559468269348,0.047233935445547104,0.0930769219994545,0.045842986553907394,0.16929492354393005,0.25,0.08070507645606995,0.2792194187641144,0.28810909390449524,0.432671457529068,0.9356877976398215,0.673564211221349,0,0,0.5394971966743469,0.25476503372192383,-0.0002086162567138672,-1.2099742889404297e-05,-0.00038949400186538696,-0.002481698989868164,-0.002594009041786194,-0.0038741305470466614,-0.014517053961753845,-0.02837255893649273
Stage1,S1_014,1.0,0.4,0.0,0.0,40,0.918475329875946,109,monotonic_hybrid,0.7251786589622498,0.22151634097099304,0.0813957080245018,1.0584089756011963,0.13645310699939728,0.04449066147208214,0.08769230544567108,0.043201643973588943,0.16533365845680237,0.1599999964237213,0.005333662033081055,0.2810647785663605,0.28922805190086365,0.4297071695327759,0.9358136186678444,0.678455677914055,0,0,0.5406449437141418,0.2568649649620056,0.00044023990631103516,5.003809928894043e-05,-0.00013465434312820435,0.0019674301147460938,0.0001766979694366455,-0.003725767135620117,-0.003769800066947937,0.06074466245138515
Stage1,S1_014,1.0,0.4,0.0,0.0,44,0.9403811693191528,110,monotonic_hybrid,0.709169328212738,0.21963782608509064,0.07507361471652985,1.255091667175293,0.15831463038921356,0.05058480426669121,0.08538461476564407,0.034799810498952866,0.1669865846633911,0.19658119976520538,0.02959461510181427,0.27696895599365234,0.2880295515060425,0.4350014925003052,0.9445990915726186,0.6511968531256375,0,0,0.5401061773300171,0.2558898329734802,-0.00020045042037963867,0.0003636777400970459,-0.0007029697299003601,-0.0020684003829956055,-0.0014630407094955444,-0.0071072056889534,-0.01857203245162964,-0.028257535973112067
Stage1,S1_015,2.0,0.005,0.0,0.0,43,1.1289745569229126,101,monotonic_hybrid,0.7690642476081848,0.23097336292266846,0.07850180566310883,1.241642713546753,0.1574907749891281,0.0490628145635128,0.08692307770252228,0.037860263139009476,0.17087168991565704,0.19847328960895538,0.02760159969329834,0.3940183222293854,0.2954482138156891,0.31053343415260315,0.9183607512970262,0.6506772636869709,0,0,0.5547481179237366,0.314623087644577,1.9311904907226562e-05,-0.0002275705337524414,-0.0003486648201942444,-0.0012451410293579102,-0.0016534775495529175,-0.005051374435424805,-0.019032105803489685,0.0025111542915975615
Stage1,S1_015,2.0,0.005,0.0,0.0,43,1.0397062301635742,102,monotonic_hybrid,0.7367637753486633,0.21695995330810547,0.07978290319442749,1.4836418628692627,0.20137687027454376,0.040885794907808304,0.08923076838254929,0.04834497347474098,0.1570998877286911,0.2539682686328888,0.09686838090419769,0.3976452052593231,0.29521700739860535,0.30713778734207153,0.923331232037939,0.6427581655015355,0,0,0.5547484755516052,0.3146204948425293,-0.0007501840591430664,-0.00013262033462524414,-0.0007125139236450195,-0.009622931480407715,-0.0040980130434036255,-0.005102910101413727,-0.019459038972854614,-0.10171794710779897
Stage1,S1_015,2.0,0.005,0.0,0.0,50,1.0822982788085938,103,monotonic_hybrid,0.7083195447921753,0.22192847728729248,0.07872059941291809,1.1718829870224,0.1283920258283615,0.04139324650168419,0.08538461476564407,0.043991368263959885,0.14368849992752075,0.14159291982650757,0.0020955801010131836,0.4004606306552887,0.29462936520576477,0.30490997433662415,0.9163365644447176,0.6448790313175308,0,0,0.5547475218772888,0.31461066007614136,-0.00025385618209838867,-0.0008910894393920898,-0.00022404640913009644,0.00022363662719726562,0.00040087103843688965,-0.003843836486339569,-0.016786493360996246,-0.03582637758478398
Stage1,S1_015,2.0,0.005,0.0,0.0,49,1.1582697629928589,104,monotonic_hybrid,0.7187921404838562,0.2272314876317978,0.07227100431919098,1.2326046228408813,0.15042538940906525,0.05632040277123451,0.07999999821186066,0.023679595440626144,0.17203450202941895,0.18110236525535583,0.00906786322593689,0.3972105383872986,0.2943324148654938,0.30845707654953003,0.9172009044114896,0.6712013866558324,0,0,0.5547465085983276,0.31462031602859497,0.0007494688034057617,-0.0010160356760025024,-0.00031839311122894287,0.0029065608978271484,-0.0005878359079360962,-0.00879085436463356,-0.021447673439979553,0.10437663845962859
Stage1,S1_015,2.0,0.005,0.0,0.0,43,1.112506628036499,105,monotonic_hybrid,0.7023138403892517,0.22001180052757263,0.0710674449801445,1.141995906829834,0.12884622812271118,0.05143096297979355,0.07538461685180664,0.023953653872013092,0.18734979629516602,0.1376146823167801,0.049735113978385925,0.40458089113235474,0.294233500957489,0.30118563771247864,0.9153077739771304,0.6733465800626024,0,0,0.5547481775283813,0.31462186574935913,0.0007077455520629883,0.0001265406608581543,0.000105343759059906,0.002025604248046875,0.0014977902173995972,-0.004554111510515213,0.015733063220977783,0.10087505756734115
Stage1,S1_015,2.0,0.005,0.0,0.0,50,1.0837280750274658,106,monotonic_hybrid,0.7447725534439087,0.22507622838020325,0.07663847506046295,1.1902763843536377,0.12155621498823166,0.046606164425611496,0.08384615182876587,0.03723998740315437,0.17939560115337372,0.14851485192775726,0.030880749225616455,0.4002741277217865,0.29685747623443604,0.3028683364391327,0.9157545329930213,0.669748860888175,0,0,0.554747462272644,0.3146090507507324,0.00030881166458129883,0.00010707974433898926,-0.0001368597149848938,0.002707362174987793,0.0006910413503646851,-0.004234492778778076,0.021496087312698364,0.04148108863478219
Stage1,S1_015,2.0,0.005,0.0,0.0,42,1.1942100524902344,107,monotonic_hybrid,0.7794176340103149,0.2234872728586197,0.09108161181211472,1.2822973728179932,0.1537097543478012,0.0458671860396862,0.10076922923326492,0.05490204319357872,0.15967798233032227,0.19130434095859528,0.03162635862827301,0.39555302262306213,0.2968108654022217,0.3076360821723938,0.9221766443000189,0.6791822499194632,0,0,0.5547487735748291,0.31462162733078003,-0.0006104707717895508,0.00010308623313903809,-0.0005781799554824829,-0.0012816190719604492,-0.0013644546270370483,-0.004875145852565765,-0.016035795211791992,-0.07826266362031681
Stage1,S1_015,2.0,0.005,0.0,0.0,50,1.0811697244644165,108,monotonic_hybrid,0.7348988652229309,0.22310426831245422,0.08319612592458725,1.2913012504577637,0.191756010055542,0.04808846861124039,0.0930769219994545,0.04498845338821411,0.17272622883319855,0.25,0.07727377116680145,0.4002138078212738,0.2939460277557373,0.30584022402763367,0.9173214708821229,0.6930749298147626,0,0,0.554747462272644,0.3146095275878906,-0.0003758668899536133,-0.0003154873847961426,-0.0004726201295852661,-0.0019404888153076172,-0.003143593668937683,-0.0047286637127399445,-0.01794835925102234,-0.05111924475814947
Stage1,S1_015,2.0,0.005,0.0,0.0,40,1.1243778467178345,109,monotonic_hybrid,0.7253549695014954,0.22135382890701294,0.08145584911108017,1.059356689453125,0.13653957843780518,0.04424699768424034,0.08769230544567108,0.04344530776143074,0.16630566120147705,0.1599999964237213,0.006305664777755737,0.398824542760849,0.29642850160598755,0.30474692583084106,0.9171643597879678,0.7002390630157578,0,0,0.5547488927841187,0.3146272897720337,0.0006165504455566406,-0.00011247396469116211,-7.45132565498352e-05,0.0029151439666748047,0.00026316940784454346,-0.0034821033477783203,-0.0027977973222732544,0.08507213490348334
Stage1,S1_015,2.0,0.005,0.0,0.0,33,1.1479830741882324,110,monotonic_hybrid,0.7093456387519836,0.21937376260757446,0.07484050840139389,1.2555793523788452,0.15812541544437408,0.0537603460252285,0.08538461476564407,0.03162426874041557,0.1741171032190323,0.19658119976520538,0.022464096546173096,0.3956800401210785,0.2950287163257599,0.30929118394851685,0.9274660856068031,0.6699672107167584,0,0,0.5547506213188171,0.3146440386772156,-2.4139881134033203e-05,9.961426258087158e-05,-0.0009360760450363159,-0.0015807151794433594,-0.001652255654335022,-0.010282747447490692,-0.025702551007270813,-0.003403003886146413
Stage1,S1_016,2.0,0.01,0.0,0.0,43,1.1287862062454224,101,monotonic_hybrid,0.7690662741661072,0.23097588121891022,0.07849947363138199,1.2416306734085083,0.1574832946062088,0.049101822078228,0.08692307770252228,0.03782125562429428,0.1709919571876526,0.19847328960895538,0.027481332421302795,0.39245548844337463,0.29551127552986145,0.3120332360267639,0.9186297312779507,0.65033866730473,0,0,0.5549622178077698,0.31408894062042236,2.1338462829589844e-05,-0.00022505223751068115,-0.00035099685192108154,-0.001257181167602539,-0.001660957932472229,-0.005090381950139999,-0.01915237307548523,0.0027746704826911326
Stage1,S1_016,2.0,0.01,0.0,0.0,43,1.0394338369369507,102,monotonic_hybrid,0.7367612719535828,0.216962069272995,0.07977981120347977,1.4835957288742065,0.20135849714279175,0.04090908542275429,0.08923076838254929,0.048321682959795,0.15719471871852875,0.2539682686328888,0.09677354991436005,0.39607420563697815,0.2952902317047119,0.30863553285598755,0.9235787408827494,0.6424457991534439,0,0,0.5549627542495728,0.3140838146209717,-0.0007526874542236328,-0.00013050436973571777,-0.0007156059145927429,-0.009669065475463867,-0.00411638617515564,-0.005126200616359711,-0.01955386996269226,-0.10205738408368706
Stage1,S1_016,2.0,0.01,0.0,0.0,50,1.082051396369934,103,monotonic_hybrid,0.7083221673965454,0.2219303548336029,0.07871894538402557,1.1718852519989014,0.12839414179325104,0.04141997545957565,0.08538461476564407,0.04396463930606842,0.14378082752227783,0.14159291982650757,0.0021879076957702637,0.39885398745536804,0.29472073912620544,0.3064253032207489,0.9166163545679419,0.644524949101383,0,0,0.5549608469009399,0.3140639364719391,-0.0002512335777282715,-0.000889211893081665,-0.00022570043802261353,0.00022590160369873047,0.000402987003326416,-0.0038705654442310333,-0.016694165766239166,-0.0354562529983246
Stage1,S1_016,2.0,0.01,0.0,0.0,49,1.1581305265426636,104,monotonic_hybrid,0.7188009023666382,0.22723332047462463,0.072269968688488,1.232622504234314,0.15042440593242645,0.05636553093791008,0.07999999821186066,0.023634467273950577,0.17214304208755493,0.18110236525535583,0.008959323167800903,0.3956387937068939,0.29441359639167786,0.3099476099014282,0.9174746708338503,0.6708894165108802,0,0,0.5549591183662415,0.3140833377838135,0.0007582306861877441,-0.0010142028331756592,-0.0003194287419319153,0.0029244422912597656,-0.0005888193845748901,-0.008835982531309128,-0.02155621349811554,0.1055968838750545
Stage1,S1_016,2.0,0.01,0.0,0.0,43,1.112322211265564,105,monotonic_hybrid,0.7023217082023621,0.22001419961452484,0.07106826454401016,1.142016053199768,0.12885867059230804,0.05147122964262962,0.07538461685180664,0.023913387209177017,0.1874656081199646,0.1376146823167801,0.04985092580318451,0.4030107259750366,0.2943219840526581,0.3026672899723053,0.9155617193046456,0.6730520957085105,0,0,0.5549622774124146,0.3140864372253418,0.0007156133651733398,0.00012893974781036377,0.00010616332292556763,0.002045750617980957,0.00151023268699646,-0.004594378173351288,0.015848875045776367,0.10199645790411806
Stage1,S1_016,2.0,0.01,0.0,0.0,50,1.0834753513336182,106,monotonic_hybrid,0.7447745203971863,0.22507767379283905,0.07663720101118088,1.1903131008148193,0.12156486511230469,0.04663814976811409,0.08384615182876587,0.03720800206065178,0.17952294647693634,0.14851485192775726,0.031008094549179077,0.39866864681243896,0.29695260524749756,0.3043787479400635,0.9160254866902633,0.6694482505526972,0,0,0.5549604892730713,0.3140608072280884,0.0003107786178588867,0.00010852515697479248,-0.00013813376426696777,0.0027440786361694336,0.0006996914744377136,-0.00426647812128067,0.021623432636260986,0.041745299390417746
Stage1,S1_016,2.0,0.01,0.0,0.0,42,1.1940535306930542,107,monotonic_hybrid,0.7794153094291687,0.2234896421432495,0.09107851982116699,1.2822777032852173,0.15370333194732666,0.04589691385626793,0.10076922923326492,0.054872315376996994,0.1597684770822525,0.19130434095859528,0.03153586387634277,0.39399129152297974,0.2968754768371582,0.30913326144218445,0.9224270131982798,0.6788965318337191,0,0,0.5549635291099548,0.3140862286090851,-0.000612795352935791,0.00010545551776885986,-0.0005812719464302063,-0.0013012886047363281,-0.0013708770275115967,-0.0049048736691474915,-0.01612628996372223,-0.07856067610627583
Stage1,S1_016,2.0,0.01,0.0,0.0,50,1.0809460878372192,108,monotonic_hybrid,0.7349007725715637,0.22310711443424225,0.08319397270679474,1.2912861108779907,0.19174186885356903,0.04811377823352814,0.0930769219994545,0.04496314376592636,0.17281542718410492,0.25,0.07718457281589508,0.3986130952835083,0.29403430223464966,0.30735257267951965,0.9175797089056246,0.692820151101789,0,0,0.5549604296684265,0.31406164169311523,-0.0003739595413208008,-0.0003126412630081177,-0.0004747733473777771,-0.0019556283950805664,-0.0031577348709106445,-0.004753973335027695,-0.01803755760192871,-0.050859838505015825
Stage1,S1_016,2.0,0.01,0.0,0.0,40,1.1242278814315796,109,monotonic_hybrid,0.7253587245941162,0.22135646641254425,0.08145389705896378,1.0593730211257935,0.1365412175655365,0.04428400844335556,0.08769230544567108,0.04340829700231552,0.16642548143863678,0.1599999964237213,0.006425485014915466,0.3972724676132202,0.29649531841278076,0.3062322437763214,0.9174287106531305,0.6999548951667012,0,0,0.5549638271331787,0.31409749388694763,0.0006203055381774902,-0.00010983645915985107,-7.646530866622925e-05,0.0029314756393432617,0.0002648085355758667,-0.0035191141068935394,-0.0026779770851135254,0.08559026565550572
Stage1,S1_016,2.0,0.01,0.0,0.0,33,1.1478039026260376,110,monotonic_hybrid,0.709345281124115,0.21937605738639832,0.07483749091625214,1.2555721998214722,0.15812012553215027,0.053798750042915344,0.08538461476564407,0.03158586472272873,0.17422792315483093,0.19658119976520538,0.02235327661037445,0.39417925477027893,0.2950671315193176,0.31075361371040344,0.9277031311949223,0.6697125835975134,0,0,0.5549675822257996,0.31413137912750244,-2.4497509002685547e-05,0.00010190904140472412,-0.0009390935301780701,-0.0015878677368164062,-0.0016575455665588379,-0.010321151465177536,-0.025813370943069458,-0.0034534187585337672
Stage1,S1_017,2.0,0.02,0.0,0.0,43,1.1284080743789673,101,monotonic_hybrid,0.7690702676773071,0.23098088800907135,0.07849482446908951,1.2416070699691772,0.15746839344501495,0.04917990043759346,0.08692307770252228,0.03774317726492882,0.1712324470281601,0.19847328960895538,0.027240842580795288,0.3893319368362427,0.2956252694129944,0.31504276394844055,0.9191658418154041,0.6496625433955048,0,0,0.5553591251373291,0.3130020797252655,2.5331974029541016e-05,-0.00022004544734954834,-0.000355646014213562,-0.0012807846069335938,-0.0016758590936660767,-0.005168460309505463,-0.019392862915992737,0.003293952388669641
Stage1,S1_017,2.0,0.02,0.0,0.0,43,1.03888738155365,102,monotonic_hybrid,0.7367565035820007,0.21696636080741882,0.07977363467216492,1.4835035800933838,0.2013217955827713,0.04095560684800148,0.08923076838254929,0.048275161534547806,0.15738411247730255,0.2539682686328888,0.09658415615558624,0.392934650182724,0.2954247295856476,0.31164059042930603,0.9240716914422491,0.6418227294517633,0,0,0.5553597211837769,0.3129919171333313,-0.0007574558258056641,-0.00012621283531188965,-0.0007217824459075928,-0.009761214256286621,-0.004153087735176086,-0.005172722041606903,-0.019743263721466064,-0.10270393070442628
Stage1,S1_017,2.0,0.02,0.0,0.0,50,1.0815565586090088,103,monotonic_hybrid,0.7083274126052856,0.22193413972854614,0.07871562987565994,1.171890139579773,0.12839840352535248,0.04147344082593918,0.08538461476564407,0.043911173939704895,0.14396528899669647,0.14159291982650757,0.002372369170188904,0.39564311504364014,0.2948910892009735,0.30946579575538635,0.9171738591889694,0.6438181637999185,0,0,0.5553549528121948,0.31295132637023926,-0.0002459883689880371,-0.0008854269981384277,-0.00022901594638824463,0.0002307891845703125,0.00040724873542785645,-0.003924030810594559,-0.016509704291820526,-0.034716003825405836
Stage1,S1_017,2.0,0.02,0.0,0.0,49,1.1578497886657715,104,monotonic_hybrid,0.7188183665275574,0.22723694145679474,0.07226790487766266,1.2326582670211792,0.15042246878147125,0.05645592138171196,0.07999999821186066,0.023544076830148697,0.17236028611660004,0.18110236525535583,0.008742079138755798,0.39249688386917114,0.29456326365470886,0.3129397928714752,0.9180200968723411,0.6702656564378461,0,0,0.5553531646728516,0.31299036741256714,0.0007756948471069336,-0.0010105818510055542,-0.0003214925527572632,0.002960205078125,-0.0005907565355300903,-0.008926372975111008,-0.021773457527160645,0.10802907371668574
Stage1,S1_017,2.0,0.02,0.0,0.0,43,1.1119520664215088,105,monotonic_hybrid,0.7023376226425171,0.22001901268959045,0.07106994837522507,1.1420567035675049,0.12888360023498535,0.05155181884765625,0.07538461685180664,0.02383279800415039,0.18769726157188416,0.1376146823167801,0.050082579255104065,0.3998720943927765,0.2944868803024292,0.3056409955024719,0.9160680669081777,0.6724641647154643,0,0,0.5553590059280396,0.31299710273742676,0.0007315278053283691,0.00013375282287597656,0.00010784715414047241,0.0020864009857177734,0.001535162329673767,-0.004674967378377914,0.016080528497695923,0.10426474494896226
Stage1,S1_017,2.0,0.02,0.0,0.0,50,1.0829684734344482,106,monotonic_hybrid,0.7447786927223206,0.22508059442043304,0.07663466036319733,1.1903865337371826,0.12158223241567612,0.04670208692550659,0.08384615182876587,0.03714406490325928,0.17977719008922577,0.14851485192775726,0.031262338161468506,0.3954600989818573,0.29713040590286255,0.30740949511528015,0.9165653604917222,0.6688480212008473,0,0,0.5553542375564575,0.3129449486732483,0.00031495094299316406,0.00011144578456878662,-0.0001406744122505188,0.002817511558532715,0.0007170587778091431,-0.004330415278673172,0.021877676248550415,0.0423057464478265
Stage1,S1_017,2.0,0.02,0.0,0.0,42,1.193738579750061,107,monotonic_hybrid,0.7794106006622314,0.223494291305542,0.09107234328985214,1.282238245010376,0.15369054675102234,0.04595642536878586,0.10076922923326492,0.054812803864479065,0.1599493771791458,0.19130434095859528,0.03135496377944946,0.3908703327178955,0.29699262976646423,0.31213703751564026,0.9229257093450381,0.678326220859077,0,0,0.555361270904541,0.31299668550491333,-0.0006175041198730469,0.00011010468006134033,-0.0005874484777450562,-0.0013407468795776367,-0.001383662223815918,-0.0049643851816654205,-0.01630719006061554,-0.07916434242398772
Stage1,S1_017,2.0,0.02,0.0,0.0,50,1.0804967880249023,108,monotonic_hybrid,0.7349046468734741,0.2231128215789795,0.08318964391946793,1.2912555932998657,0.1917135864496231,0.04816441610455513,0.0930769219994545,0.04491250589489937,0.17299361526966095,0.25,0.07700638473033905,0.39541420340538025,0.29419881105422974,0.3103870451450348,0.9180943336252537,0.6923112516396869,0,0,0.5553542375564575,0.3129465579986572,-0.0003700852394104004,-0.000306934118270874,-0.00047910213470458984,-0.0019861459732055664,-0.0031860172748565674,-0.0048046112060546875,-0.01821574568748474,-0.0503329195533381
Stage1,S1_017,2.0,0.02,0.0,0.0,40,1.1239266395568848,109,monotonic_hybrid,0.7253662347793579,0.22136178612709045,0.08145000785589218,1.0594055652618408,0.1365446150302887,0.044358111917972565,0.08769230544567108,0.04333419352769852,0.16666513681411743,0.1599999964237213,0.006665140390396118,0.3941701054573059,0.29661697149276733,0.30921289324760437,0.9179553782475203,0.6993871002333335,0,0,0.5553626418113708,0.31301945447921753,0.0006278157234191895,-0.00010451674461364746,-8.035451173782349e-05,0.002964019775390625,0.00026820600032806396,-0.003593217581510544,-0.0024383217096328735,0.08662652715955046
Stage1,S1_017,2.0,0.02,0.0,0.0,33,1.1474437713623047,110,monotonic_hybrid,0.709344744682312,0.2193807065486908,0.07483143359422684,1.2555582523345947,0.1581096351146698,0.05387559160590172,0.08538461476564407,0.031509023159742355,0.17444957792758942,0.19658119976520538,0.022131621837615967,0.39117950201034546,0.295132577419281,0.31368789076805115,0.9281750018338069,0.6692044781494448,0,0,0.5553714036941528,0.3130885064601898,-2.5033950805664062e-05,0.00010655820369720459,-0.0009451508522033691,-0.0016018152236938477,-0.0016680359840393066,-0.01039799302816391,-0.026035025715827942,-0.0035290410671147987
Stage1,S1_018,2.0,0.05,0.0,0.0,43,1.127264380455017,101,monotonic_hybrid,0.7690832018852234,0.2309959977865219,0.07848101854324341,1.2415376901626587,0.15742440521717072,0.04941437393426895,0.08692307770252228,0.037508703768253326,0.1719532012939453,0.19847328960895538,0.02652008831501007,0.3799813687801361,0.2958701252937317,0.3241485059261322,0.9207591679681486,0.6476430067033483,0,0,0.5562989115715027,0.3095943331718445,3.826618194580078e-05,-0.00020493566989898682,-0.00036945194005966187,-0.0013501644134521484,-0.001719847321510315,-0.005402933806180954,-0.020113617181777954,0.0049758057259433166
Stage1,S1_018,2.0,0.05,0.0,0.0,43,1.0372366905212402,102,monotonic_hybrid,0.7367424368858337,0.2169792503118515,0.0797552689909935,1.4832284450531006,0.20121243596076965,0.04109462350606918,0.08923076838254929,0.0481361448764801,0.15795059502124786,0.2539682686328888,0.09601767361164093,0.383538156747818,0.29573163390159607,0.32073020935058594,0.9255338789509995,0.6399668095182082,0,0,0.5562976598739624,0.3095690608024597,-0.0007715225219726562,-0.00011332333087921143,-0.00074014812707901,-0.010036349296569824,-0.004262447357177734,-0.005311738699674606,-0.020309746265411377,-0.104611243235607
Stage1,S1_018,2.0,0.05,0.0,0.0,50,1.0800621509552002,103,monotonic_hybrid,0.7083432674407959,0.22194549441337585,0.07870575785636902,1.171905755996704,0.12841163575649261,0.04163386672735214,0.08538461476564407,0.04375074803829193,0.14451740682125092,0.14159291982650757,0.002924486994743347,0.38603365421295166,0.29530274868011475,0.3186635375022888,0.9188294928664552,0.641708894049526,0,0,0.5562792420387268,0.3094622790813446,-0.0002301335334777832,-0.0008740723133087158,-0.0002388879656791687,0.00024640560150146484,0.00042048096656799316,-0.004084456712007523,-0.015957586467266083,-0.0324784324618105
Stage1,S1_018,2.0,0.05,0.0,0.0,49,1.1569945812225342,104,monotonic_hybrid,0.7188717722892761,0.227247953414917,0.07226186990737915,1.2327677011489868,0.1504172384738922,0.0567283034324646,0.07999999821186066,0.023271694779396057,0.1730126440525055,0.18110236525535583,0.008089721202850342,0.3830868899822235,0.29491063952445984,0.32200247049331665,0.9196391605978202,0.668396529725586,0,0,0.5562866926193237,0.30956196784973145,0.0008291006088256836,-0.0009995698928833008,-0.0003275275230407715,0.003069639205932617,-0.0005959868431091309,-0.009198755025863647,-0.0224258154630661,0.11546676005832938
Stage1,S1_018,2.0,0.05,0.0,0.0,43,1.1108319759368896,105,monotonic_hybrid,0.7023858428001404,0.2200334072113037,0.07107507437467575,1.1421805620193481,0.12895891070365906,0.051793865859508514,0.07538461685180664,0.023590750992298126,0.18839114904403687,0.1376146823167801,0.050776466727256775,0.3904723823070526,0.2948853671550751,0.3146422505378723,0.9175743909560711,0.6707086569506742,0,0,0.5562979578971863,0.30958181619644165,0.0007797479629516602,0.0001481473445892334,0.000112973153591156,0.002210259437561035,0.0016104727983474731,-0.004917014390230179,0.016774415969848633,0.11113756974026924
Stage1,S1_018,2.0,0.05,0.0,0.0,50,1.0814367532730103,106,monotonic_hybrid,0.7447912693023682,0.22508929669857025,0.07662710547447205,1.190608263015747,0.12163490802049637,0.046893831342458725,0.08384615182876587,0.036952320486307144,0.18053749203681946,0.14851485192775726,0.032022640109062195,0.38585788011550903,0.2975637912750244,0.31657829880714417,0.9181685830887831,0.667055591756928,0,0,0.5562761425971985,0.30944564938545227,0.0003275275230407715,0.00012014806270599365,-0.00014822930097579956,0.003039240837097168,0.0007697343826293945,-0.004522159695625305,0.022637978196144104,0.043995094006587174
Stage1,S1_018,2.0,0.05,0.0,0.0,42,1.192780613899231,107,monotonic_hybrid,0.7793967723846436,0.22350825369358063,0.09105389565229416,1.2821205854415894,0.1536526381969452,0.04613524675369263,0.10076922923326492,0.054633982479572296,0.16049137711524963,0.19130434095859528,0.030812963843345642,0.3815307021141052,0.29724764823913574,0.32122164964675903,0.9244052874167095,0.6766241753807561,0,0,0.556302011013031,0.3095821738243103,-0.0006313323974609375,0.00012406706809997559,-0.0006058961153030396,-0.0014584064483642578,-0.0014215707778930664,-0.005143206566572189,-0.01684918999671936,-0.08093713464815423
Stage1,S1_018,2.0,0.05,0.0,0.0,50,1.079134464263916,108,monotonic_hybrid,0.7349162697792053,0.223130002617836,0.08317675441503525,1.2911643981933594,0.19162943959236145,0.04831656813621521,0.0930769219994545,0.04476035386323929,0.17352692782878876,0.25,0.07647307217121124,0.3858399987220764,0.29459401965141296,0.3195659816265106,0.9196231287482532,0.6907896565548706,0,0,0.5562765598297119,0.3094496726989746,-0.0003584623336791992,-0.0002897530794143677,-0.0004919916391372681,-0.002077341079711914,-0.003270164132118225,-0.0049567632377147675,-0.01874905824661255,-0.048752162698304936
Stage1,S1_018,2.0,0.05,0.0,0.0,40,1.1230125427246094,109,monotonic_hybrid,0.7253892421722412,0.22137796878814697,0.08143837749958038,1.0595053434371948,0.1365552395582199,0.044581059366464615,0.08769230544567108,0.04311124607920647,0.16738387942314148,0.1599999964237213,0.007383882999420166,0.3848806917667389,0.29688623547554016,0.31823307275772095,0.9195188859482615,0.6976880890548796,0,0,0.5563098788261414,0.3096407353878021,0.0006508231163024902,-8.83340835571289e-05,-9.198486804962158e-05,0.003063797950744629,0.00027883052825927734,-0.003816165030002594,-0.0017195791006088257,0.08980110605289392
Stage1,S1_018,2.0,0.05,0.0,0.0,44,1.1463371515274048,110,monotonic_hybrid,0.7093414664268494,0.21959054470062256,0.07501496374607086,1.2556941509246826,0.1581067442893982,0.0511908084154129,0.08538461476564407,0.03419380635023117,0.16959689557552338,0.19658119976520538,0.026984304189682007,0.3815035820007324,0.2955498695373535,0.32294657826423645,0.929685003000529,0.6677250485391127,0,0,0.5562938451766968,0.30954697728157043,-2.8312206268310547e-05,0.0003163963556289673,-0.0007616207003593445,-0.001465916633605957,-0.001670926809310913,-0.007713209837675095,-0.021182343363761902,-0.003991177397332213
Stage1,S1_019,2.0,0.1,0.0,0.0,43,1.125328779220581,101,monotonic_hybrid,0.7691065669059753,0.2310217320919037,0.0784585028886795,1.2414275407791138,0.15735375881195068,0.04980551078915596,0.08692307770252228,0.03711756691336632,0.17315073311328888,0.19847328960895538,0.025322556495666504,0.3644832670688629,0.2959519624710083,0.33956480026245117,0.9233630926351,0.6443079149698003,0,0,0.5570291876792908,0.30343949794769287,6.16312026977539e-05,-0.00017920136451721191,-0.0003919675946235657,-0.0014603137969970703,-0.0017904937267303467,-0.005794070661067963,-0.02131114900112152,0.00801399239972802
Stage1,S1_019,2.0,0.1,0.0,0.0,43,1.034449815750122,102,monotonic_hybrid,0.7367201447486877,0.21700090169906616,0.07972516864538193,1.4827758073806763,0.2010328620672226,0.041324105113744736,0.08923076838254929,0.04790666326880455,0.15888747572898865,0.2539682686328888,0.09508079290390015,0.36796921491622925,0.2959180474281311,0.33611270785331726,0.9279145992401135,0.6369181192508956,0,0,0.5570196509361267,0.3033900856971741,-0.0007938146591186523,-9.167194366455078e-05,-0.0007702484726905823,-0.01048898696899414,-0.0044420212507247925,-0.005541220307350159,-0.02124662697315216,-0.10763384868756289
Stage1,S1_019,2.0,0.1,0.0,0.0,50,1.077540636062622,103,monotonic_hybrid,0.7083703875541687,0.2219645380973816,0.07868951559066772,1.17193603515625,0.12843509018421173,0.0419011116027832,0.08538461476564407,0.04348350316286087,0.1454324573278427,0.14159291982650757,0.003839537501335144,0.37011343240737915,0.2956544756889343,0.3342321217060089,0.9215312938976029,0.6382310505293822,0,0,0.5569620132446289,0.30315956473350525,-0.00020301342010498047,-0.0008550286293029785,-0.00025513023138046265,0.0002766847610473633,0.0004439353942871094,-0.004351701587438583,-0.015042535960674286,-0.028651007760923743
Stage1,S1_019,2.0,0.1,0.0,0.0,49,1.155523419380188,104,monotonic_hybrid,0.7189632654190063,0.22726672887802124,0.07225234061479568,1.232954740524292,0.150410458445549,0.0571855790913105,0.07999999821186066,0.022814419120550156,0.17410029470920563,0.18110236525535583,0.0070020705461502075,0.3674778938293457,0.295149564743042,0.3373725712299347,0.9222785145494398,0.6652924989023548,0,0,0.5570098161697388,0.30336493253707886,0.0009205937385559082,-0.0009807944297790527,-0.00033705681562423706,0.003256678581237793,-0.0006027668714523315,-0.009656030684709549,-0.023513466119766235,0.1282087785119265
Stage1,S1_019,2.0,0.1,0.0,0.0,43,1.1089351177215576,105,monotonic_hybrid,0.702467679977417,0.22005732357501984,0.07108401507139206,1.1423933506011963,0.1290859431028366,0.05219787731766701,0.07538461685180664,0.023186739534139633,0.1895432472229004,0.1376146823167801,0.0519285649061203,0.37487855553627014,0.29522526264190674,0.3298961818218231,0.9200410886528905,0.6678111125215109,0,0,0.5570254325866699,0.30341434478759766,0.0008615851402282715,0.0001720637083053589,0.0001219138503074646,0.0024230480194091797,0.0017375051975250244,-0.005321025848388672,0.017926514148712158,0.12280183233416847
Stage1,S1_019,2.0,0.1,0.0,0.0,50,1.0788495540618896,106,monotonic_hybrid,0.7448127865791321,0.22510389983654022,0.07661473006010056,1.1909818649291992,0.12172473967075348,0.047212809324264526,0.08384615182876587,0.03663334250450134,0.1817953884601593,0.14851485192775726,0.03328053653240204,0.3699505627155304,0.2979491949081421,0.3321002721786499,0.9207851061490717,0.6640956090052434,0,0,0.5569524765014648,0.3031240701675415,0.0003490447998046875,0.00013475120067596436,-0.00016060471534729004,0.0034128427505493164,0.0008595660328865051,-0.004841137677431107,0.023895874619483948,0.046885399545509465
Stage1,S1_019,2.0,0.1,0.0,0.0,42,1.191139578819275,107,monotonic_hybrid,0.7793745994567871,0.22353146970272064,0.09102338552474976,1.2819269895553589,0.15359099209308624,0.04643399640917778,0.10076922923326492,0.05433523282408714,0.16139177978038788,0.19130434095859528,0.029912561178207397,0.36605966091156006,0.2973477244377136,0.3365926742553711,0.9268150478055627,0.6738170925121904,0,0,0.557030200958252,0.30341947078704834,-0.0006535053253173828,0.00014728307723999023,-0.0006364062428474426,-0.0016520023345947266,-0.0014832168817520142,-0.0054419562220573425,-0.017749592661857605,-0.08377971528345572
Stage1,S1_019,2.0,0.1,0.0,0.0,50,1.0768179893493652,108,monotonic_hybrid,0.7349365949630737,0.22315894067287445,0.08315546065568924,1.2910141944885254,0.19149121642112732,0.048570599406957626,0.0930769219994545,0.04450632259249687,0.17441047728061676,0.25,0.07558952271938324,0.36997684836387634,0.2949221134185791,0.33510103821754456,0.9221197119911448,0.6882702372514887,0,0,0.5569537878036499,0.30313169956207275,-0.000338137149810791,-0.00026081502437591553,-0.0005132853984832764,-0.0022275447845458984,-0.003408387303352356,-0.005210794508457184,-0.019632607698440552,-0.0459878648133495
Stage1,S1_019,2.0,0.1,0.0,0.0,40,1.1214569807052612,109,monotonic_hybrid,0.7254290580749512,0.22140538692474365,0.08141916990280151,1.0596760511398315,0.13657458126544952,0.04495438188314438,0.08769230544567108,0.0427379235625267,0.1685798466205597,0.1599999964237213,0.008579850196838379,0.36947572231292725,0.297012597322464,0.33351168036460876,0.9220685312493745,0.6948718244584072,0,0,0.5570589900016785,0.30354148149490356,0.0006906390190124512,-6.091594696044922e-05,-0.00011119246482849121,0.0032345056533813477,0.0002981722354888916,-0.004189487546682358,-0.0005236119031906128,0.09529493688386131
Stage1,S1_019,2.0,0.1,0.0,0.0,44,1.1443804502487183,110,monotonic_hybrid,0.7093217372894287,0.21960555016994476,0.07498393952846527,1.2555910348892212,0.1580430567264557,0.05152960121631622,0.08538461476564407,0.03385501354932785,0.170713871717453,0.19658119976520538,0.02586732804775238,0.36593911051750183,0.2957070469856262,0.33835387229919434,0.9320619393130694,0.6652634358843185,0,0,0.557007908821106,0.3033420145511627,-4.8041343688964844e-05,0.0003314018249511719,-0.0007926449179649353,-0.0015690326690673828,-0.001734614372253418,-0.008052002638578415,-0.02229931950569153,-0.0067723978573679235
Stage1,S1_020,2.0,0.2,0.0,0.0,43,1.121361255645752,101,monotonic_hybrid,0.7691605091094971,0.23107482492923737,0.07841549813747406,1.2412292957305908,0.1572226881980896,0.05058589577674866,0.08692307770252228,0.03633718192577362,0.17552167177200317,0.19847328960895538,0.02295161783695221,0.33394983410835266,0.29488199949264526,0.3711681663990021,0.9283678853838326,0.6377615105895906,0,0,0.555385947227478,0.28947967290878296,0.00011557340621948242,-0.00012610852718353271,-0.00043497234582901,-0.0016585588455200195,-0.0019215643405914307,-0.00657445564866066,-0.023682087659835815,0.015028173368542197
Stage1,S1_020,2.0,0.2,0.0,0.0,43,1.0287681818008423,102,monotonic_hybrid,0.7366803884506226,0.2170446366071701,0.07966715842485428,1.4818960428237915,0.20068515837192535,0.041772667318582535,0.08923076838254929,0.04745810106396675,0.16072598099708557,0.2539682686328888,0.09324228763580322,0.3373083472251892,0.2950576841831207,0.36763396859169006,0.9324618142198546,0.6309885004882883,0,0,0.5553503632545471,0.2893887460231781,-0.0008335709571838379,-4.793703556060791e-05,-0.0008282586932182312,-0.011368751525878906,-0.004789724946022034,-0.005989782512187958,-0.023085132241249084,-0.1130244311379762
Stage1,S1_020,2.0,0.2,0.0,0.0,50,1.0724048614501953,103,monotonic_hybrid,0.7084259986877441,0.2220028042793274,0.07865794748067856,1.1720110177993774,0.12848684191703796,0.04243302345275879,0.08538461476564407,0.042951591312885284,0.14723630249500275,0.14159291982650757,0.005643382668495178,0.3387692868709564,0.2950872480869293,0.36614349484443665,0.9267111590349485,0.6314209668417167,0,0,0.5551583170890808,0.28886890411376953,-0.00014740228652954102,-0.0008167624473571777,-0.0002866983413696289,0.0003516674041748047,0.0004956871271133423,-0.004883613437414169,-0.013238690793514252,-0.020802684143501005
Stage1,S1_020,2.0,0.2,0.0,0.0,49,1.1524252891540527,104,monotonic_hybrid,0.7191551923751831,0.22730562090873718,0.07223545014858246,1.2333446741104126,0.15040425956249237,0.05810771510004997,0.07999999821186066,0.021892283111810684,0.1762649118900299,0.18110236525535583,0.004837453365325928,0.33669397234916687,0.29435208439826965,0.3689539134502411,0.9273266816382619,0.6591498730808221,0,0,0.5553473234176636,0.2892964482307434,0.001112520694732666,-0.0009419023990631104,-0.0003539472818374634,0.0036466121673583984,-0.0006089657545089722,-0.01057816669344902,-0.025678083300590515,0.15493796380220834
Stage1,S1_020,2.0,0.2,0.0,0.0,49,1.1050078868865967,105,monotonic_hybrid,0.703693151473999,0.22018812596797943,0.07131730020046234,1.1473712921142578,0.1313503086566925,0.05759848281741142,0.07538461685180664,0.017786134034395218,0.20498068630695343,0.1376146823167801,0.06736600399017334,0.3431823253631592,0.2950490713119507,0.36176860332489014,0.9249666926187247,0.662153467445851,0,0,0.555199921131134,0.2889665961265564,0.0020870566368103027,0.0003028661012649536,0.0003551989793777466,0.007400989532470703,0.00400187075138092,-0.010721631348133087,0.0333639532327652,0.29746843024426906
Stage1,S1_020,2.0,0.2,0.0,0.0,50,1.0735690593719482,106,monotonic_hybrid,0.7448574304580688,0.2251330316066742,0.07659084349870682,1.1917413473129272,0.12191089987754822,0.047846607863903046,0.08384615182876587,0.035999543964862823,0.1842675656080246,0.14851485192775726,0.035752713680267334,0.3386344015598297,0.2974390983581543,0.363926500082016,0.9258058926433828,0.6582792259885459,0,0,0.5551270842552185,0.28879085183143616,0.0003936886787414551,0.00016388297080993652,-0.00018449127674102783,0.004172325134277344,0.001045726239681244,-0.005474936217069626,0.026368051767349243,0.05288218305978313
Stage1,S1_020,2.0,0.2,0.0,0.0,42,1.187703251838684,107,monotonic_hybrid,0.7793332934379578,0.2235773205757141,0.09096358716487885,1.281549334526062,0.15347380936145782,0.04703187942504883,0.10076922923326492,0.053737349808216095,0.16317473351955414,0.19130434095859528,0.028129607439041138,0.33560416102409363,0.2963162362575531,0.36807960271835327,0.9314177447436973,0.6683143335138274,0,0,0.5553797483444214,0.2894601821899414,-0.0006948113441467285,0.00019313395023345947,-0.0006962046027183533,-0.0020296573638916016,-0.0016003996133804321,-0.0060398392379283905,-0.019532546401023865,-0.08907516791857382
Stage1,S1_020,2.0,0.2,0.0,0.0,50,1.0720325708389282,108,monotonic_hybrid,0.7349795699119568,0.22321775555610657,0.08311373740434647,1.2907205820083618,0.19122351706027985,0.049078717827796936,0.0930769219994545,0.04399820417165756,0.17615161836147308,0.25,0.07384838163852692,0.33873775601387024,0.29432204365730286,0.3669402003288269,0.9269138172051019,0.6832909778458041,0,0,0.5551301836967468,0.28880226612091064,-0.0002951622009277344,-0.00020200014114379883,-0.0005550086498260498,-0.0025211572647094727,-0.003676086664199829,-0.0057189129292964935,-0.021373748779296875,-0.040143117672432
Stage1,S1_020,2.0,0.2,0.0,0.0,40,1.1182342767715454,109,monotonic_hybrid,0.7255128622055054,0.22146138548851013,0.08138160407543182,1.0600334405899048,0.13661953806877136,0.04570205882191658,0.08769230544567108,0.0419902466237545,0.17095114290714264,0.1599999964237213,0.010951146483421326,0.33909136056900024,0.2960425019264221,0.36486613750457764,0.926950035594919,0.6893022951441341,0,0,0.5554788708686829,0.2897171378135681,0.0007744431495666504,-4.9173831939697266e-06,-0.00014875829219818115,0.00359189510345459,0.00034312903881073,-0.004937164485454559,0.001847684383392334,0.10685829938137656
Stage1,S1_020,2.0,0.2,0.0,0.0,44,1.1403367519378662,110,monotonic_hybrid,0.7092875838279724,0.2196357101202011,0.0749237909913063,1.2554022073745728,0.1579248160123825,0.05220852792263031,0.08538461476564407,0.03317608684301376,0.17292596399784088,0.19658119976520538,0.023655235767364502,0.3352981209754944,0.2947864830493927,0.3699153661727905,0.9365703232176951,0.6604434038448788,0,0,0.5553106665611267,0.2892789840698242,-8.219480514526367e-05,0.00036156177520751953,-0.0008527934551239014,-0.0017578601837158203,-0.0018528550863265991,-0.008730929344892502,-0.024511411786079407,-0.011587018170360256
Stage1,S1_021,2.0,0.4,0.0,0.0,43,1.1131714582443237,101,monotonic_hybrid,0.7692981958389282,0.23118898272514343,0.07833828032016754,1.2409427165985107,0.15700407326221466,0.05211886018514633,0.08692307770252228,0.034804217517375946,0.18008849024772644,0.19847328960895538,0.018384799361228943,0.2757427394390106,0.28785765171051025,0.4363996386528015,0.9375259414176055,0.6252081117292216,0,0,0.5403113961219788,0.2562602162361145,0.00025326013565063477,-1.195073127746582e-05,-0.0005121901631355286,-0.0019451379776000977,-0.0021401792764663696,-0.008107420057058334,-0.028248906135559082,0.03293177341048777
Stage1,S1_021,2.0,0.4,0.0,0.0,48,1.0171160697937012,102,monotonic_hybrid,0.7364981770515442,0.21678365767002106,0.07957227528095245,1.4820146560668945,0.20054273307323456,0.04391401261091232,0.08923076838254929,0.04531675577163696,0.1658031940460205,0.2539682686328888,0.08816507458686829,0.2774820029735565,0.28896069526672363,0.43355733156204224,0.9409578175270255,0.6198502343792425,0,0,0.5397505164146423,0.25522613525390625,-0.001015782356262207,-0.00030891597270965576,-0.0009231418371200562,-0.011250138282775879,-0.00493215024471283,-0.008131127804517746,-0.02816234529018402,-0.13773059388297393
Stage1,S1_021,2.0,0.4,0.0,0.0,50,1.0619405508041382,103,monotonic_hybrid,0.7085416316986084,0.22207853198051453,0.07859919220209122,1.1722153425216675,0.12860724329948425,0.0434713289141655,0.08538461476564407,0.04191328585147858,0.15069125592708588,0.14159291982650757,0.009098336100578308,0.2790767550468445,0.2888902425765991,0.432032972574234,0.9361507948350356,0.6184151249787109,0,0,0.5395904183387756,0.2549254596233368,-3.17692756652832e-05,-0.0007410347461700439,-0.0003454536199569702,0.0005559921264648438,0.0006160885095596313,-0.005921918898820877,-0.009783737361431122,-0.004483554649610204
Stage1,S1_021,2.0,0.4,0.0,0.0,49,1.1457356214523315,104,monotonic_hybrid,0.7195674777030945,0.22738727927207947,0.07221103459596634,1.2341722249984741,0.1504204422235489,0.05994918942451477,0.07999999821186066,0.020050808787345886,0.18047279119491577,0.18110236525535583,0.0006295740604400635,0.2779380679130554,0.28775525093078613,0.43430668115615845,0.9364814331318912,0.6472435713832498,0,0,0.540168046951294,0.2558010220527649,0.001524806022644043,-0.0008602440357208252,-0.00037836283445358276,0.004474163055419922,-0.0005927830934524536,-0.012419641017913818,-0.02988596260547638,0.21235590624099082
Stage1,S1_021,2.0,0.4,0.0,0.0,49,1.0968507528305054,105,monotonic_hybrid,0.7041382193565369,0.2203153669834137,0.07138793915510178,1.1485536098480225,0.1319652646780014,0.059193506836891174,0.07538461685180664,0.016191110014915466,0.2093355506658554,0.1376146823167801,0.07172086834907532,0.28353041410446167,0.2892697751522064,0.4271998107433319,0.9339108655729375,0.6512435855054066,0,0,0.5397095680236816,0.2551075518131256,0.0025321245193481445,0.00043010711669921875,0.0004258379340171814,0.008583307266235352,0.004616826772689819,-0.012316655367612839,0.037718817591667175,0.3609040083860356
Stage1,S1_021,2.0,0.4,0.0,0.0,50,1.0627782344818115,106,monotonic_hybrid,0.7449512481689453,0.22519023716449738,0.07654673606157303,1.1932806968688965,0.12230100482702255,0.04908421263098717,0.08384615182876587,0.0347619391977787,0.18898312747478485,0.14851485192775726,0.04046827554702759,0.27899837493896484,0.2913115322589874,0.42969009280204773,0.9349966113766621,0.6470699200090392,0,0,0.5394943952560425,0.25475671887397766,0.0004875063896179199,0.00022108852863311768,-0.0002285987138748169,0.005711674690246582,0.0014358311891555786,-0.0067125409841537476,0.031083613634109497,0.06548423546494568
Stage1,S1_021,2.0,0.4,0.0,0.0,42,1.1803314685821533,107,monotonic_hybrid,0.7792636156082153,0.2236659824848175,0.09085004776716232,1.280839443206787,0.15326423943042755,0.04821342974901199,0.10076922923326492,0.05255579948425293,0.16662432253360748,0.19130434095859528,0.024680018424987793,0.2775920331478119,0.28936389088630676,0.43304404616355896,0.939743536721127,0.657759233011282,0,0,0.540328860282898,0.2563137114048004,-0.0007644891738891602,0.00028179585933685303,-0.0008097440004348755,-0.002739548683166504,-0.0018099695444107056,-0.007221389561891556,-0.02298213541507721,-0.09800790115155081
Stage1,S1_021,2.0,0.4,0.0,0.0,50,1.0620369911193848,108,monotonic_hybrid,0.735073983669281,0.2233373522758484,0.08303462713956833,1.2901661396026611,0.19072774052619934,0.05008303001523018,0.0930769219994545,0.04299389198422432,0.17948724329471588,0.25,0.07051275670528412,0.27919983863830566,0.28811535239219666,0.43268483877182007,0.9356914412878409,0.6735644755153478,0,0,0.5394901037216187,0.2547522485256195,-0.00020074844360351562,-8.240342140197754e-05,-0.000634118914604187,-0.0030755996704101562,-0.0041718631982803345,-0.006723225116729736,-0.024709373712539673,-0.027302508142316433
Stage1,S1_021,2.0,0.4,0.0,0.0,40,1.1114554405212402,109,monotonic_hybrid,0.7256996035575867,0.22157862782478333,0.0813107118010521,1.0607986450195312,0.13673047721385956,0.04719899967312813,0.08769230544567108,0.040493305772542953,0.17557074129581451,0.1599999964237213,0.0155707448720932,0.2810193598270416,0.28923746943473816,0.4297431707382202,0.9358215925894984,0.6784540161952064,0,0,0.5406268835067749,0.256835401058197,0.0009611845016479492,0.00011232495307922363,-0.00021965056657791138,0.004357099533081055,0.0004540681838989258,-0.006434105336666107,0.006467282772064209,0.13262502392242578
Stage1,S1_021,2.0,0.4,0.0,0.0,44,1.1318676471710205,110,monotonic_hybrid,0.709239661693573,0.21969585120677948,0.0748126432299614,1.2550933361053467,0.1577271819114685,0.05354966223239899,0.08538461476564407,0.03183495253324509,0.17719240486621857,0.19658119976520538,0.019388794898986816,0.2769365608692169,0.28803855180740356,0.4350248873233795,0.9446043110105764,0.6511970784966328,0,0,0.5400938987731934,0.25586849451065063,-0.00013011693954467773,0.00042170286178588867,-0.000963941216468811,-0.0020667314529418945,-0.0020504891872406006,-0.010072063654661179,-0.028777852654457092,-0.01834261107026573
Stage1,S1_022,3.0,0.005,0.0,0.0,43,1.327476978302002,101,monotonic_hybrid,0.7691755294799805,0.23087942600250244,0.0784073993563652,1.2421845197677612,0.15711776912212372,0.05081797018647194,0.08692307770252228,0.03610510751605034,0.17705802619457245,0.19847328960895538,0.021415263414382935,0.3940178155899048,0.29544827342033386,0.31053391098976135,0.9183608362943504,0.6506771852187953,0,0,0.5547481775283813,0.3146228790283203,0.00013059377670288086,-0.00032150745391845703,-0.0004430711269378662,-0.0007033348083496094,-0.002026483416557312,-0.006806530058383942,-0.02521844208240509,0.016981293373118076
Stage1,S1_022,3.0,0.005,0.0,0.0,43,1.223280668258667,102,monotonic_hybrid,0.7367119789123535,0.2169474959373474,0.07956571131944656,1.4808838367462158,0.20014481246471405,0.04262105002999306,0.08923076838254929,0.04660971835255623,0.1633848249912262,0.2539682686328888,0.0905834436416626,0.39764484763145447,0.2952171266078949,0.30713802576065063,0.9233312870347786,0.6427581444720567,0,0,0.5547484159469604,0.31462037563323975,-0.0008019804954528809,-0.00014507770538330078,-0.000929705798625946,-0.01238095760345459,-0.005330070853233337,-0.00683816522359848,-0.02574397623538971,-0.10874105977557882
Stage1,S1_022,3.0,0.005,0.0,0.0,50,1.2762595415115356,103,monotonic_hybrid,0.7085297107696533,0.22193875908851624,0.07864132523536682,1.1721911430358887,0.12860199809074402,0.04284531995654106,0.08538461476564407,0.04253929480910301,0.1494029015302658,0.14159291982650757,0.00780998170375824,0.4004603922367096,0.2946294844150543,0.3049101233482361,0.9163366124496937,0.6448790166125812,0,0,0.5547475218772888,0.3146105110645294,-4.369020462036133e-05,-0.000880807638168335,-0.00030332058668136597,0.0005317926406860352,0.000610843300819397,-0.005295909941196442,-0.01107209175825119,-0.006165939133516472
Stage1,S1_022,3.0,0.005,0.0,0.0,49,1.367189884185791,104,monotonic_hybrid,0.7191793918609619,0.2271333932876587,0.07223200052976608,1.233820915222168,0.15036262571811676,0.05816992372274399,0.07999999821186066,0.02183007448911667,0.1772044152021408,0.18110236525535583,0.003897950053215027,0.3972095251083374,0.2943321168422699,0.3084583878517151,0.9172010303792305,0.671201031976184,0,0,0.5547465682029724,0.31461992859840393,0.0011367201805114746,-0.0011141300201416016,-0.0003573969006538391,0.0041228532791137695,-0.0006505995988845825,-0.010640375316143036,-0.026617586612701416,0.15830816542576562
Stage1,S1_022,3.0,0.005,0.0,0.0,43,1.3107069730758667,105,monotonic_hybrid,0.7026505470275879,0.22004584968090057,0.07111247628927231,1.1431361436843872,0.1293700784444809,0.0529317632317543,0.07538461685180664,0.022452853620052338,0.1922566145658493,0.1376146823167801,0.054641932249069214,0.40458035469055176,0.29423362016677856,0.3011860251426697,0.9153078473923252,0.6733465312824525,0,0,0.5547481775283813,0.31462162733078003,0.00104445219039917,0.0001605898141860962,0.00015037506818771362,0.0031658411026000977,0.0020216405391693115,-0.006054911762475967,0.020639881491661072,0.14886589470713482
Stage1,S1_022,3.0,0.005,0.0,0.0,50,1.272301435470581,106,monotonic_hybrid,0.7449668049812317,0.2250969558954239,0.07660403847694397,1.1918652057647705,0.12198247760534286,0.04802338406443596,0.08384615182876587,0.03582276776432991,0.1860835701227188,0.14851485192775726,0.03756871819496155,0.40027400851249695,0.2968575358390808,0.30286845564842224,0.915754568294308,0.6697488531423527,0,0,0.5547474026679993,0.3146090507507324,0.0005030632019042969,0.00012780725955963135,-0.00017129629850387573,0.0042961835861206055,0.0011173039674758911,-0.005651712417602539,0.028184056282043457,0.06757390235042689
Stage1,S1_022,3.0,0.005,0.0,0.0,42,1.405155062675476,107,monotonic_hybrid,0.779337465763092,0.22352856397628784,0.0909091904759407,1.2825239896774292,0.15338003635406494,0.04749670624732971,0.10076922923326492,0.05327252298593521,0.164846271276474,0.19130434095859528,0.026458069682121277,0.39555275440216064,0.29681095480918884,0.3076362907886505,0.9221766973145504,0.6791822387664475,0,0,0.5547488927841187,0.31462159752845764,-0.0006906390190124512,0.00014437735080718994,-0.0007506012916564941,-0.001055002212524414,-0.0016941726207733154,-0.006504666060209274,-0.021204084157943726,-0.08854027371300634
Stage1,S1_022,3.0,0.005,0.0,0.0,50,1.2744553089141846,108,monotonic_hybrid,0.7349175810813904,0.22298257052898407,0.08305500447750092,1.2914936542510986,0.19087724387645721,0.049706410616636276,0.0930769219994545,0.04337051138281822,0.17847773432731628,0.25,0.07152226567268372,0.4002136290073395,0.2939460277557373,0.30584031343460083,0.9173215011594935,0.6930749237642115,0,0,0.5547474026679993,0.3146094083786011,-0.0003571510314941406,-0.0004371851682662964,-0.0006137415766716003,-0.0017480850219726562,-0.004022359848022461,-0.006346605718135834,-0.023699864745140076,-0.048573820899275554
Stage1,S1_022,3.0,0.005,0.0,0.0,40,1.323809266090393,109,monotonic_hybrid,0.7256770730018616,0.221339151263237,0.08142601698637009,1.0608841180801392,0.13666924834251404,0.045446839183568954,0.08769230544567108,0.04224546626210213,0.17138229310512543,0.1599999964237213,0.011382296681404114,0.3988240957260132,0.2964285910129547,0.3047473132610321,0.9171644395304844,0.7002390139191115,0,0,0.5547488927841187,0.31462711095809937,0.0009386539459228516,-0.00012715160846710205,-0.00010434538125991821,0.004442572593688965,0.00039283931255340576,-0.004681944847106934,0.002278834581375122,0.12951623941029153
Stage1,S1_022,3.0,0.005,0.0,0.0,33,1.347483515739441,110,monotonic_hybrid,0.709581732749939,0.21941204369068146,0.07471153140068054,1.25608229637146,0.15787555277347565,0.05555316060781479,0.08538461476564407,0.029831454157829285,0.17937830090522766,0.19658119976520538,0.017202898859977722,0.3956795632839203,0.29502883553504944,0.3092916011810303,0.9274661646502385,0.6699671822218332,0,0,0.5547506213188171,0.314643919467926,0.00021195411682128906,0.0001378953456878662,-0.0010650530457496643,-0.0010777711868286133,-0.0019021183252334595,-0.01207556203007698,-0.030963748693466187,0.02987921436823863
Stage1,S1_023,3.0,0.01,0.0,0.0,43,1.327193260192871,101,monotonic_hybrid,0.7691792249679565,0.23088224232196808,0.0784047320485115,1.2421773672103882,0.15711000561714172,0.05086888372898102,0.08692307770252228,0.03605419397354126,0.1772116720676422,0.19847328960895538,0.02126161754131317,0.39245444536209106,0.2955113649368286,0.31203415989875793,0.9186298888082172,0.6503385056692109,0,0,0.5549622774124146,0.3140885829925537,0.00013428926467895508,-0.0003186911344528198,-0.00044573843479156494,-0.0007104873657226562,-0.0020342469215393066,-0.006857443600893021,-0.025372087955474854,0.017461822898053415
Stage1,S1_023,3.0,0.01,0.0,0.0,43,1.2228702306747437,102,monotonic_hybrid,0.7367097735404968,0.2169502079486847,0.07956191897392273,1.480826735496521,0.2001221477985382,0.04265151917934418,0.08923076838254929,0.04657924920320511,0.1635076403617859,0.2539682686328888,0.0904606282711029,0.39607352018356323,0.295290470123291,0.30863597989082336,0.9235788531675639,0.642445783371991,0,0,0.554962694644928,0.3140835762023926,-0.0008041858673095703,-0.0001423656940460205,-0.0009334981441497803,-0.012438058853149414,-0.00535273551940918,-0.0068686343729496,-0.025866791605949402,-0.10904008758767071
Stage1,S1_023,3.0,0.01,0.0,0.0,50,1.2758876085281372,103,monotonic_hybrid,0.7085340023040771,0.22194115817546844,0.07863937318325043,1.1721972227096558,0.1286056488752365,0.04288031905889511,0.08538461476564407,0.04250429570674896,0.1495233029127121,0.14159291982650757,0.007930383086204529,0.39885348081588745,0.29472091794013977,0.30642563104629517,0.9166164476354406,0.64452493005062,0,0,0.5549608469009399,0.3140637278556824,-3.93986701965332e-05,-0.0008784085512161255,-0.00030527263879776,0.000537872314453125,0.0006144940853118896,-0.005330909043550491,-0.010951690375804901,-0.0055602807193102155
Stage1,S1_023,3.0,0.01,0.0,0.0,49,1.366977572441101,104,monotonic_hybrid,0.7191919088363647,0.2271355241537094,0.07223100960254669,1.2338478565216064,0.15036235749721527,0.05822855979204178,0.07999999821186066,0.021771438419818878,0.17734266817569733,0.18110236525535583,0.0037596970796585083,0.39563679695129395,0.29441308975219727,0.30995017290115356,0.9174749260409264,0.6708887358216177,0,0,0.5549593567848206,0.3140825927257538,0.0011492371559143066,-0.0011119991540908813,-0.00035838782787323,0.004149794578552246,-0.0006508678197860718,-0.010699011385440826,-0.026755839586257935,0.16005137316208834
Stage1,S1_023,3.0,0.01,0.0,0.0,43,1.310428261756897,105,monotonic_hybrid,0.7026617527008057,0.22004882991313934,0.07111376523971558,1.143166184425354,0.12938663363456726,0.05298367887735367,0.07538461685180664,0.022400937974452972,0.1924026757478714,0.1376146823167801,0.05478799343109131,0.4030097723007202,0.29432213306427,0.30266812443733215,0.9155618673964456,0.6730519942710349,0,0,0.5549622178077698,0.31408607959747314,0.0010556578636169434,0.00016357004642486572,0.00015166401863098145,0.0031958818435668945,0.0020381957292556763,-0.006106827408075333,0.020785942673683167,0.15046304064133226
Stage1,S1_023,3.0,0.01,0.0,0.0,50,1.271920919418335,106,monotonic_hybrid,0.7449705004692078,0.22509878873825073,0.07660267502069473,1.191919207572937,0.1219957247376442,0.04806366190314293,0.08384615182876587,0.03578248992562294,0.18624258041381836,0.14851485192775726,0.037727728486061096,0.39866819977760315,0.2969527542591095,0.30437904596328735,0.9160255543059386,0.6694482317995162,0,0,0.5549605488777161,0.31406065821647644,0.0005067586898803711,0.0001296401023864746,-0.0001726597547531128,0.004350185394287109,0.0011305510997772217,-0.005691990256309509,0.028343066573143005,0.06807029831556036
Stage1,S1_023,3.0,0.01,0.0,0.0,42,1.4049179553985596,107,monotonic_hybrid,0.7793352007865906,0.22353146970272064,0.09090539813041687,1.282503604888916,0.15337295830249786,0.04753531143069267,0.10076922923326492,0.05323391780257225,0.16496169567108154,0.19130434095859528,0.026342645287513733,0.3939906656742096,0.2968757152557373,0.3091336190700531,0.9224271111326056,0.67889652625856,0,0,0.5549634695053101,0.3140859603881836,-0.000692903995513916,0.00014728307723999023,-0.0007543936371803284,-0.0010753870010375977,-0.001701250672340393,-0.006543271243572235,-0.02131950855255127,-0.08883064485317153
Stage1,S1_023,3.0,0.01,0.0,0.0,50,1.2741178274154663,108,monotonic_hybrid,0.7349206209182739,0.22298593819141388,0.08305247128009796,1.291479468345642,0.19086067378520966,0.04973876476287842,0.0930769219994545,0.04333815723657608,0.17858988046646118,0.25,0.07141011953353882,0.39861270785331726,0.2940344512462616,0.30735281109809875,0.9175797752491589,0.6928201560722526,0,0,0.5549604892730713,0.3140614628791809,-0.0003541111946105957,-0.0004338175058364868,-0.0006162747740745544,-0.0017622709274291992,-0.0040389299392700195,-0.0063789598643779755,-0.023812010884284973,-0.0481603921833438
Stage1,S1_023,3.0,0.01,0.0,0.0,40,1.3235831260681152,109,monotonic_hybrid,0.7256829142570496,0.2213425189256668,0.08142369240522385,1.060910701751709,0.1366724818944931,0.04549439251422882,0.08769230544567108,0.04219791293144226,0.17153412103652954,0.1599999964237213,0.011534124612808228,0.39727145433425903,0.2964954972267151,0.3062330484390259,0.9174288642053723,0.6999548108974126,0,0,0.5549638867378235,0.3140971064567566,0.0009444952011108398,-0.00012378394603729248,-0.00010666996240615845,0.004469156265258789,0.0003960728645324707,-0.0047294981777668,0.002430662512779236,0.13032222058010412
Stage1,S1_023,3.0,0.01,0.0,0.0,33,1.3472119569778442,110,monotonic_hybrid,0.7095828056335449,0.21941499412059784,0.07470794767141342,1.2560796737670898,0.15787020325660706,0.05560312047600746,0.08538461476564407,0.029781494289636612,0.17952081561088562,0.19658119976520538,0.017060384154319763,0.39417824149131775,0.2950674295425415,0.31075435876846313,0.9277032845061923,0.6697125380946279,0,0,0.5549675226211548,0.3141310214996338,0.0002130270004272461,0.00014084577560424805,-0.0010686367750167847,-0.0010803937911987305,-0.0019074678421020508,-0.012125521898269653,-0.031106263399124146,0.030030458985400695
Stage1,S1_024,3.0,0.02,0.0,0.0,43,1.3266239166259766,101,monotonic_hybrid,0.7691864371299744,0.23088787496089935,0.07839939743280411,1.2421631813049316,0.15709465742111206,0.050970658659935,0.08692307770252228,0.03595241904258728,0.17751865088939667,0.19847328960895538,0.020954638719558716,0.3893298804759979,0.2956254780292511,0.315044641494751,0.9191661580154837,0.6496622426109492,0,0,0.5553591847419739,0.31300127506256104,0.00014150142669677734,-0.0003130584955215454,-0.0004510730504989624,-0.0007246732711791992,-0.0020495951175689697,-0.006959218531847,-0.02567906677722931,0.01839963051929818
Stage1,S1_024,3.0,0.02,0.0,0.0,43,1.2220474481582642,102,monotonic_hybrid,0.736705482006073,0.21695561707019806,0.07955439388751984,1.4807130098342896,0.20007705688476562,0.04271230101585388,0.08923076838254929,0.046518467366695404,0.1637527346611023,0.2539682686328888,0.0902155339717865,0.3929332494735718,0.2954252064228058,0.31164154410362244,0.9240719139745008,0.6418227034697518,0,0,0.5553596615791321,0.31299132108688354,-0.0008084774017333984,-0.0001369565725326538,-0.0009410232305526733,-0.01255178451538086,-0.005397826433181763,-0.006929416209459305,-0.026111885905265808,-0.10962197954633601
Stage1,S1_024,3.0,0.02,0.0,0.0,50,1.275141954421997,103,monotonic_hybrid,0.7085428237915039,0.22194597125053406,0.07863547652959824,1.17220938205719,0.12861299514770508,0.042950280010700226,0.08538461476564407,0.04243433475494385,0.14976371824741364,0.14159291982650757,0.008170798420906067,0.39564210176467896,0.2948914170265198,0.3094664514064789,0.9171740418068206,0.6438181472740815,0,0,0.5553549528121948,0.3129509687423706,-3.057718276977539e-05,-0.0008735954761505127,-0.00030916929244995117,0.0005500316619873047,0.0006218403577804565,-0.005400869995355606,-0.010711275041103363,-0.004315316201219577
Stage1,S1_024,3.0,0.02,0.0,0.0,49,1.366550087928772,104,monotonic_hybrid,0.7192169427871704,0.22713980078697205,0.0722290650010109,1.2339022159576416,0.15036197006702423,0.05834604799747467,0.07999999821186066,0.021653950214385986,0.17761923372745514,0.18110236525535583,0.003483131527900696,0.3924929201602936,0.2945622205734253,0.31294482946395874,0.918020590569641,0.6702643601671795,0,0,0.5553535223007202,0.31298887729644775,0.0011742711067199707,-0.001107722520828247,-0.0003603324294090271,0.004204154014587402,-0.0006512552499771118,-0.010816499590873718,-0.027032405138015747,0.1635377886347338
Stage1,S1_024,3.0,0.02,0.0,0.0,43,1.3098690509796143,105,monotonic_hybrid,0.702684223651886,0.22005479037761688,0.0711163580417633,1.1432262659072876,0.12941978871822357,0.053087521344423294,0.07538461685180664,0.022297095507383347,0.1926945298910141,0.1376146823167801,0.05507984757423401,0.3998701274394989,0.29448720812797546,0.30564260482788086,0.916068349262762,0.672463969830318,0,0,0.5553590059280396,0.31299638748168945,0.0010781288146972656,0.00016953051090240479,0.00015425682067871094,0.0032559633255004883,0.0020713508129119873,-0.0062106698751449585,0.021077796816825867,0.15366582796682388
Stage1,S1_024,3.0,0.02,0.0,0.0,50,1.2711577415466309,106,monotonic_hybrid,0.7449780106544495,0.22510243952274323,0.07659997045993805,1.19202721118927,0.12202230095863342,0.04814416915178299,0.08384615182876587,0.03570198267698288,0.1865600049495697,0.14851485192775726,0.03804515302181244,0.39545926451683044,0.2971307039260864,0.30741000175476074,0.9165654964937904,0.6688480237133281,0,0,0.555354118347168,0.3129446506500244,0.0005142688751220703,0.00013329088687896729,-0.00017536431550979614,0.004458189010620117,0.001157127320766449,-0.00577249750494957,0.028660491108894348,0.06907910301889611
Stage1,S1_024,3.0,0.02,0.0,0.0,42,1.4044411182403564,107,monotonic_hybrid,0.7793304920196533,0.22353731095790863,0.0908978134393692,1.2824629545211792,0.15335890650749207,0.047612596303224564,0.10076922923326492,0.05315663293004036,0.1651924103498459,0.19130434095859528,0.02611193060874939,0.3908692002296448,0.29699307680130005,0.3121377229690552,0.9229259053086166,0.6783262190232208,0,0,0.555361270904541,0.3129963278770447,-0.0006976127624511719,0.00015312433242797852,-0.0007619783282279968,-0.001116037368774414,-0.0017153024673461914,-0.006620556116104126,-0.021550223231315613,-0.08943431117088342
Stage1,S1_024,3.0,0.02,0.0,0.0,50,1.2734400033950806,108,monotonic_hybrid,0.7349268794059753,0.2229926735162735,0.08304744213819504,1.2914516925811768,0.1908276379108429,0.04980351775884628,0.0930769219994545,0.043273404240608215,0.17881394922733307,0.25,0.07118605077266693,0.39541342854499817,0.29419904947280884,0.310387521982193,0.9180944531764283,0.6923112539904354,0,0,0.5553542971611023,0.3129463493824005,-0.0003478527069091797,-0.0004270821809768677,-0.000621303915977478,-0.0017900466918945312,-0.00407196581363678,-0.0064437128603458405,-0.02403607964515686,-0.04730921541524902
Stage1,S1_024,3.0,0.02,0.0,0.0,40,1.323128581047058,109,monotonic_hybrid,0.7256947159767151,0.2213493287563324,0.08141906559467316,1.0609639883041382,0.13667908310890198,0.045589614659547806,0.08769230544567108,0.042102690786123276,0.17183759808540344,0.1599999964237213,0.011837601661682129,0.3941681385040283,0.29661738872528076,0.3092144727706909,0.9179556834330771,0.6993869365873991,0,0,0.5553626418113708,0.3130187392234802,0.0009562969207763672,-0.0001169741153717041,-0.00011129677295684814,0.004522442817687988,0.0004026740789413452,-0.004824720323085785,0.002734139561653137,0.13195063151503159
Stage1,S1_024,3.0,0.02,0.0,0.0,33,1.3466665744781494,110,monotonic_hybrid,0.7095850110054016,0.21942096948623657,0.07470082491636276,1.2560747861862183,0.15785956382751465,0.055703066289424896,0.08538461476564407,0.029681548476219177,0.1798056960105896,0.19658119976520538,0.016775503754615784,0.3911775052547455,0.29513320326805115,0.31368932127952576,0.9281753101787424,0.6692044157422119,0,0,0.5553713440895081,0.31308773159980774,0.00021523237228393555,0.00014682114124298096,-0.0010757595300674438,-0.0010852813720703125,-0.001918107271194458,-0.012225467711687088,-0.031391143798828125,0.030341350698456046
Stage1,S1_025,3.0,0.05,0.0,0.0,43,1.3249017000198364,101,monotonic_hybrid,0.7692091464996338,0.23090505599975586,0.07838363945484161,1.2421237230300903,0.15704971551895142,0.05127638578414917,0.08692307770252228,0.03564669191837311,0.1784381866455078,0.19847328960895538,0.02003510296344757,0.3799763321876526,0.29587072134017944,0.3241529166698456,0.9207599368910924,0.6476423485944929,0,0,0.5562986731529236,0.3095923066139221,0.00016421079635620117,-0.00029587745666503906,-0.0004668310284614563,-0.0007641315460205078,-0.0020945370197296143,-0.0072649456560611725,-0.026598602533340454,0.021352561954787908
Stage1,S1_025,3.0,0.05,0.0,0.0,43,1.219561219215393,102,monotonic_hybrid,0.7366931438446045,0.21697194874286652,0.07953204959630966,1.4803743362426758,0.1999429166316986,0.04289358854293823,0.08923076838254929,0.04633717983961105,0.16448456048965454,0.2539682686328888,0.08948370814323425,0.383534699678421,0.2957327961921692,0.3207325339317322,0.9255344378883109,0.6399667533419365,0,0,0.5562974214553833,0.30956757068634033,-0.0008208155632019043,-0.00012062489986419678,-0.0009633675217628479,-0.012890458106994629,-0.005531966686248779,-0.007110703736543655,-0.026843711733818054,-0.11129491892749876
Stage1,S1_025,3.0,0.05,0.0,0.0,50,1.2728898525238037,103,monotonic_hybrid,0.7085692286491394,0.22196045517921448,0.07862391322851181,1.1722471714019775,0.12863558530807495,0.04315997660160065,0.08538461476564407,0.042224638164043427,0.1504823863506317,0.14159291982650757,0.008889466524124146,0.3860311508178711,0.295303612947464,0.3186652362346649,0.918829946472083,0.6417088375097016,0,0,0.5562790036201477,0.30946123600006104,-4.172325134277344e-06,-0.0008591115474700928,-0.00032073259353637695,0.0005878210067749023,0.0006444305181503296,-0.005610566586256027,-0.009992606937885284,-0.0005888345693671938
Stage1,S1_025,3.0,0.05,0.0,0.0,49,1.365247130393982,104,monotonic_hybrid,0.7192941308021545,0.22715280950069427,0.07222341001033783,1.2340691089630127,0.15036173164844513,0.05870269238948822,0.07999999821186066,0.021297305822372437,0.17845405638217926,0.18110236525535583,0.0026483088731765747,0.3830774426460266,0.2949082851409912,0.3220142424106598,0.9196403431849224,0.6683936727454602,0,0,0.5562870502471924,0.30955827236175537,0.0012514591217041016,-0.001094713807106018,-0.0003659874200820923,0.004371047019958496,-0.0006514936685562134,-0.011173143982887268,-0.027867227792739868,0.17428756967539064
Stage1,S1_025,3.0,0.05,0.0,0.0,43,1.3081766366958618,105,monotonic_hybrid,0.7027522921562195,0.22007261216640472,0.07112431526184082,1.1434096097946167,0.12951979041099548,0.05339927226305008,0.07538461685180664,0.02198534458875656,0.1935678869485855,0.1376146823167801,0.05595320463180542,0.3904676139354706,0.29488620162010193,0.3146462142467499,0.917575100089438,0.670708242068704,0,0,0.5562976598739624,0.30957990884780884,0.0011461973190307617,0.00018735229969024658,0.00016221404075622559,0.00343930721282959,0.002171352505683899,-0.006522420793771744,0.021951153874397278,0.16336763997136353
Stage1,S1_025,3.0,0.05,0.0,0.0,50,1.2688511610031128,106,monotonic_hybrid,0.7450008392333984,0.22511343657970428,0.07659194618463516,1.19235360622406,0.12210294604301453,0.04838531091809273,0.08384615182876587,0.03546084091067314,0.1875077486038208,0.14851485192775726,0.03899289667606354,0.3858559727668762,0.2975645065307617,0.3165794909000397,0.9181689185648885,0.6670555905897171,0,0,0.5562760233879089,0.3094448447227478,0.0005370974540710449,0.00014428794384002686,-0.0001833885908126831,0.004784584045410156,0.0012377724051475525,-0.006013639271259308,0.029608234763145447,0.07214554906157544
Stage1,S1_025,3.0,0.05,0.0,0.0,42,1.4029898643493652,107,monotonic_hybrid,0.7793172001838684,0.22355477511882782,0.09087521582841873,1.2823419570922852,0.1533174216747284,0.04784481227397919,0.10076922923326492,0.052924416959285736,0.1658831685781479,0.19130434095859528,0.025421172380447388,0.38152775168418884,0.2972487211227417,0.3212234675884247,0.9244057768250602,0.6766241958847996,0,0,0.5563018321990967,0.3095809817314148,-0.000710904598236084,0.00017058849334716797,-0.0007845759391784668,-0.001237034797668457,-0.0017567873001098633,-0.006852772086858749,-0.022240981459617615,-0.09113833128290555
Stage1,S1_025,3.0,0.05,0.0,0.0,50,1.2713850736618042,108,monotonic_hybrid,0.7349461913108826,0.2230130285024643,0.08303242921829224,1.2913689613342285,0.19072958827018738,0.04999793320894241,0.0930769219994545,0.043078988790512085,0.17948347330093384,0.25,0.07051652669906616,0.38583821058273315,0.2945947051048279,0.31956711411476135,0.9196234313799325,0.6907896887602101,0,0,0.5562763810157776,0.3094489574432373,-0.0003285408020019531,-0.0004067271947860718,-0.0006363168358802795,-0.0018727779388427734,-0.004170015454292297,-0.006638128310441971,-0.02470560371875763,-0.044682727102270836
Stage1,S1_025,3.0,0.05,0.0,0.0,40,1.3217500448226929,109,monotonic_hybrid,0.725730836391449,0.2213699370622635,0.08140526711940765,1.0611258745193481,0.1366996020078659,0.04587608203291893,0.08769230544567108,0.04181622341275215,0.17274680733680725,0.1599999964237213,0.012746810913085938,0.38487592339515686,0.29688721895217896,0.3182368874549866,0.9195196506878143,0.6976877469084224,0,0,0.5563095808029175,0.3096388280391693,0.000992417335510254,-9.636580944061279e-05,-0.00012509524822235107,0.004684329032897949,0.00042319297790527344,-0.005111187696456909,0.003643348813056946,0.13693455589162778
Stage1,S1_025,3.0,0.05,0.0,0.0,44,1.344976782798767,110,monotonic_hybrid,0.7094935774803162,0.21960629522800446,0.07488098740577698,1.2561105489730835,0.1577884703874588,0.052732501178979874,0.08538461476564407,0.0326521135866642,0.17500680685043335,0.19658119976520538,0.021574392914772034,0.3815003037452698,0.2955509126186371,0.32294875383377075,0.9296855002537184,0.6677250378661046,0,0,0.5562936663627625,0.3095456659793854,0.00012379884719848633,0.00033214688301086426,-0.0008955970406532288,-0.0010495185852050781,-0.001989200711250305,-0.009254902601242065,-0.026592254638671875,0.017451948324755804
Stage1,S1_026,3.0,0.1,0.0,0.0,43,1.3219859600067139,101,monotonic_hybrid,0.7692502737045288,0.23093444108963013,0.0783582329750061,1.2420668601989746,0.15697923302650452,0.051786135882139206,0.08692307770252228,0.03513694182038307,0.17996659874916077,0.19847328960895538,0.018506690859794617,0.3644735813140869,0.29595327377319336,0.3395731747150421,0.9233645962373359,0.6443068353463678,0,0,0.5570282340049744,0.30343520641326904,0.0002053380012512207,-0.0002664923667907715,-0.0004922375082969666,-0.0008209943771362305,-0.0021650195121765137,-0.0077746957540512085,-0.028127014636993408,0.026700390538745677
Stage1,S1_026,3.0,0.1,0.0,0.0,43,1.2153643369674683,102,monotonic_hybrid,0.7366745471954346,0.2169995754957199,0.07949566841125488,1.4798192977905273,0.19972367584705353,0.043191779404878616,0.08923076838254929,0.04603898897767067,0.16569079458713531,0.2539682686328888,0.08827747404575348,0.36796215176582336,0.29592040181159973,0.3361174464225769,0.9279157291558463,0.636918050047492,0,0,0.5570188760757446,0.303386926651001,-0.0008394122123718262,-9.299814701080322e-05,-0.000999748706817627,-0.013445496559143066,-0.00575120747089386,-0.007408894598484039,-0.028049945831298828,-0.11381645074838176
Stage1,S1_026,3.0,0.1,0.0,0.0,50,1.2690898180007935,103,monotonic_hybrid,0.7086142301559448,0.22198481857776642,0.07860501855611801,1.1723157167434692,0.12867505848407745,0.04350835084915161,0.08538461476564407,0.04187626391649246,0.15166977047920227,0.14159291982650757,0.010076850652694702,0.37010830640792847,0.2956562340259552,0.33423542976379395,0.9215322066573082,0.6382309662004033,0,0,0.5569614768028259,0.30315738916397095,4.082918167114258e-05,-0.0008347481489181519,-0.0003396272659301758,0.0006563663482666016,0.000683903694152832,-0.005958940833806992,-0.008805222809314728,0.005762166857378968
Stage1,S1_026,3.0,0.1,0.0,0.0,49,1.363005518913269,104,monotonic_hybrid,0.7194254994392395,0.22717508673667908,0.07221507281064987,1.2343511581420898,0.15036410093307495,0.0592966303229332,0.07999999821186066,0.02070336788892746,0.17983415722846985,0.18110236525535583,0.0012682080268859863,0.3674605190753937,0.29514583945274353,0.3373936712741852,0.9222806831421033,0.6652878851401764,0,0,0.5570088028907776,0.3033573031425476,0.0013828277587890625,-0.0010724365711212158,-0.00037432461977005005,0.0046530961990356445,-0.0006491243839263916,-0.011767081916332245,-0.029247328639030457,0.19258294991755873
Stage1,S1_026,3.0,0.1,0.0,0.0,43,1.3053103685379028,105,monotonic_hybrid,0.7028679251670837,0.22010211646556854,0.07113814353942871,1.143723487854004,0.12968818843364716,0.05391893908381462,0.07538461685180664,0.02146567776799202,0.1950145810842514,0.1376146823167801,0.057399898767471313,0.37486913800239563,0.29522705078125,0.32990381121635437,0.9200424991886816,0.6678104427746754,0,0,0.5570244193077087,0.30341023206710815,0.0012618303298950195,0.00021685659885406494,0.0001760423183441162,0.003753185272216797,0.0023397505283355713,-0.007042087614536285,0.02339784801006317,0.17984882673914537
Stage1,S1_026,3.0,0.1,0.0,0.0,50,1.2649548053741455,106,monotonic_hybrid,0.745039701461792,0.22513176500797272,0.07657893002033234,1.1929042339324951,0.12224020808935165,0.048785578459501266,0.08384615182876587,0.0350605733692646,0.18907061219215393,0.14851485192775726,0.04055576026439667,0.36994674801826477,0.2979505658149719,0.3321026861667633,0.9207857777808088,0.6640956256683371,0,0,0.5569520592689514,0.3031224012374878,0.0005759596824645996,0.00016261637210845947,-0.00019640475511550903,0.005335211753845215,0.0013750344514846802,-0.006413906812667847,0.031171098351478577,0.07736571308201126
Stage1,S1_026,3.0,0.1,0.0,0.0,42,1.4005039930343628,107,monotonic_hybrid,0.7792961597442627,0.2235838621854782,0.09083795547485352,1.282144546508789,0.15325072407722473,0.04823276400566101,0.10076922923326492,0.05253646522760391,0.16702894866466522,0.19130434095859528,0.024275392293930054,0.3660537600517273,0.2973499000072479,0.3365963399410248,0.9268160346643151,0.6738171503905904,0,0,0.5570294857025146,0.303416907787323,-0.0007319450378417969,0.0001996755599975586,-0.0008218362927436829,-0.0014344453811645508,-0.0018234848976135254,-0.007240723818540573,-0.02338676154613495,-0.09383572634812443
Stage1,S1_026,3.0,0.1,0.0,0.0,50,1.2678905725479126,108,monotonic_hybrid,0.7349793314933777,0.22304747998714447,0.08300773799419403,1.2912342548370361,0.19056957960128784,0.05032225325703621,0.0930769219994545,0.04275466874241829,0.1805892288684845,0.25,0.0694107711315155,0.36997321248054504,0.29492342472076416,0.335103303194046,0.9221203276438671,0.6882703036431432,0,0,0.5569534301757812,0.3031300902366638,-0.00029540061950683594,-0.000372275710105896,-0.0006610080599784851,-0.0020074844360351562,-0.0043300241231918335,-0.006962448358535767,-0.02581135928630829,-0.0401755434540737
Stage1,S1_026,3.0,0.1,0.0,0.0,40,1.3194040060043335,109,monotonic_hybrid,0.7257932424545288,0.22140511870384216,0.08138254284858704,1.0614029169082642,0.13673625886440277,0.046355899423360825,0.08769230544567108,0.04133640602231026,0.17425674200057983,0.1599999964237213,0.01425674557685852,0.36946624517440796,0.29701459407806396,0.3335191607475281,0.922070041678894,0.6948712425227415,0,0,0.5570579171180725,0.30353739857673645,0.0010548233985900879,-6.118416786193848e-05,-0.00014781951904296875,0.004961371421813965,0.00045984983444213867,-0.005591005086898804,0.005153283476829529,0.14554539553238058
Stage1,S1_026,3.0,0.1,0.0,0.0,44,1.342012643814087,110,monotonic_hybrid,0.709481954574585,0.21962574124336243,0.07484398782253265,1.2560453414916992,0.15772183239459991,0.05317217484116554,0.08538461476564407,0.03221243992447853,0.1764441877603531,0.19658119976520538,0.020137012004852295,0.3659326136112213,0.29570913314819336,0.3383582532405853,0.9320629331044724,0.6652634513628499,0,0,0.5570072531700134,0.3033391833305359,0.00011217594146728516,0.00035159289836883545,-0.0009325966238975525,-0.0011147260665893555,-0.002055838704109192,-0.009694576263427734,-0.028029635548591614,0.01581346497216679
Stage1,S1_027,3.0,0.2,0.0,0.0,43,1.3160094022750854,101,monotonic_hybrid,0.7693462371826172,0.2309981882572174,0.07831045240163803,1.2420127391815186,0.15685540437698364,0.05280285328626633,0.08692307770252228,0.03412022441625595,0.18295897543430328,0.19847328960895538,0.0155143141746521,0.333931565284729,0.2948850095272064,0.3711834251880646,0.9283708124862391,0.6377600221036874,0,0,0.5553820133209229,0.28947022557258606,0.0003013014793395996,-0.0002027451992034912,-0.0005400180816650391,-0.0008751153945922852,-0.0022888481616973877,-0.00879141315817833,-0.031119391322135925,0.03917865723464714
Stage1,S1_027,3.0,0.2,0.0,0.0,43,1.2068082094192505,102,monotonic_hybrid,0.736645519733429,0.21705608069896698,0.07942631095647812,1.4787489175796509,0.1993030607700348,0.04377024993300438,0.08923076838254929,0.04546051844954491,0.16804145276546478,0.2539682686328888,0.08592681586742401,0.33729392290115356,0.2950623035430908,0.3676437437534332,0.9324641445813183,0.6309884674887482,0,0,0.5553475022315979,0.28938138484954834,-0.0008684396743774414,-3.649294376373291e-05,-0.0010691061615943909,-0.014515876770019531,-0.006171822547912598,-0.007987365126609802,-0.030400604009628296,-0.11775230330213181
Stage1,S1_027,3.0,0.2,0.0,0.0,50,1.261348843574524,103,monotonic_hybrid,0.7087069749832153,0.2220340222120285,0.07856888324022293,1.1724720001220703,0.12875999510288239,0.04419815167784691,0.08538461476564407,0.041186463087797165,0.1539963185787201,0.14159291982650757,0.012403398752212524,0.33875909447669983,0.29509061574935913,0.36615023016929626,0.9267130116216074,0.6314208527939718,0,0,0.5551562309265137,0.28886377811431885,0.0001335740089416504,-0.0007855445146560669,-0.00037576258182525635,0.0008126497268676758,0.0007688403129577637,-0.006648741662502289,-0.0064786747097969055,0.01885111814216973
Stage1,S1_027,3.0,0.2,0.0,0.0,49,1.3582844734191895,104,monotonic_hybrid,0.7197025418281555,0.22722169756889343,0.07220200449228287,1.234938144683838,0.1503797322511673,0.06049412116408348,0.07999999821186066,0.019505877047777176,0.18257036805152893,0.18110236525535583,0.0014680027961730957,0.3366635739803314,0.2943476140499115,0.3689887821674347,0.9273305276263691,0.6591437534504093,0,0,0.5553404092788696,0.28928083181381226,0.0016598701477050781,-0.0010258257389068604,-0.00038739293813705444,0.005240082740783691,-0.0006334930658340454,-0.012964572757482529,-0.029047533869743347,0.23116594781483515
Stage1,S1_027,3.0,0.2,0.0,0.0,49,1.29933762550354,105,monotonic_hybrid,0.7041833996772766,0.2202274054288864,0.07141546905040741,1.149170994758606,0.13211774826049805,0.059363678097724915,0.07538461685180664,0.016020938754081726,0.21064841747283936,0.1376146823167801,0.07303373515605927,0.34316757321357727,0.29505228996276855,0.3617801070213318,0.924969002376215,0.6621528612566969,0,0,0.5551968216896057,0.2889590859413147,0.0025773048400878906,0.00034214556217193604,0.00045336782932281494,0.009200692176818848,0.004769310355186462,-0.012486826628446579,0.03903168439865112,0.36734356486540604
Stage1,S1_027,3.0,0.2,0.0,0.0,50,1.2570010423660278,106,monotonic_hybrid,0.7451199293136597,0.22516848146915436,0.07655418664216995,1.1940251588821411,0.1225237250328064,0.049578070640563965,0.08384615182876587,0.034268081188201904,0.19212481379508972,0.14851485192775726,0.04360996186733246,0.3386269509792328,0.297441691160202,0.3639313578605652,0.9258072309772528,0.6582792712747141,0,0,0.5551257133483887,0.28878703713417053,0.0006561875343322754,0.0001993328332901001,-0.00022114813327789307,0.006456136703491211,0.0016585513949394226,-0.007206398993730545,0.03422529995441437,0.08814230935732816
Stage1,S1_027,3.0,0.2,0.0,0.0,42,1.395297884941101,107,monotonic_hybrid,0.7792593240737915,0.22364167869091034,0.09076526015996933,1.2817654609680176,0.1531265825033188,0.04900921881198883,0.10076922923326492,0.05176001042127609,0.1692911833524704,0.19130434095859528,0.022013157606124878,0.3355923295021057,0.2963203489780426,0.3680873215198517,0.931419748824094,0.6683144555784397,0,0,0.5553774833679199,0.2894541025161743,-0.0007687807083129883,0.0002574920654296875,-0.0008945316076278687,-0.0018135309219360352,-0.0019476264715194702,-0.008017178624868393,-0.025648996233940125,-0.09855807804870594
Stage1,S1_027,3.0,0.2,0.0,0.0,50,1.2606724500656128,108,monotonic_hybrid,0.7350499033927917,0.22311818599700928,0.08295973390340805,1.2909770011901855,0.1902630478143692,0.05097008869051933,0.0930769219994545,0.042106833308935165,0.18275564908981323,0.25,0.06724435091018677,0.3387303948402405,0.2943246364593506,0.36694496870040894,0.9269150912054795,0.6832911220968186,0,0,0.5551287531852722,0.2887985110282898,-0.00022482872009277344,-0.00030156970024108887,-0.0007090121507644653,-0.002264738082885742,-0.004636555910110474,-0.00761028379201889,-0.027977779507637024,-0.030577512088128735
Stage1,S1_027,3.0,0.2,0.0,0.0,40,1.3145434856414795,109,monotonic_hybrid,0.7259259223937988,0.2214783877134323,0.08133828639984131,1.0619804859161377,0.13681845366954803,0.047321490943431854,0.08769230544567108,0.04037081450223923,0.17724499106407166,0.1599999964237213,0.017244994640350342,0.339073121547699,0.2960464358329773,0.36488044261932373,0.9269530122581158,0.6893014290482751,0,0,0.5554749965667725,0.28970783948898315,0.0011875033378601074,1.208484172821045e-05,-0.0001920759677886963,0.0055389404296875,0.0005420446395874023,-0.006556596606969833,0.00814153254032135,0.16385268210383785
Stage1,S1_027,3.0,0.2,0.0,0.0,44,1.3358858823776245,110,monotonic_hybrid,0.7094674110412598,0.21966508030891418,0.0747731402516365,1.2559449672698975,0.1576031744480133,0.05405137315392494,0.08538461476564407,0.03133324161171913,0.17927981913089752,0.19658119976520538,0.01730138063430786,0.3352851867675781,0.29479047656059265,0.36992430686950684,0.9365723154324385,0.6604434998779487,0,0,0.5553080439567566,0.2892723083496094,9.763240814208984e-05,0.00039093196392059326,-0.0010034441947937012,-0.0012151002883911133,-0.0021744966506958008,-0.010573774576187134,-0.030865266919136047,0.013763260161747715
Stage1,S1_028,3.0,0.4,0.0,0.0,43,1.3036621809005737,101,monotonic_hybrid,0.7695703506469727,0.23112855851650238,0.07822851091623306,1.241984486579895,0.15666748583316803,0.054791711270809174,0.08692307770252228,0.032131366431713104,0.18871094286441803,0.19847328960895538,0.009762346744537354,0.2757108211517334,0.28786319494247437,0.43642598390579224,0.9375314524047765,0.6252063849785624,0,0,0.5402982234954834,0.25623923540115356,0.0005254149436950684,-7.237493991851807e-05,-0.0006219595670700073,-0.0009033679962158203,-0.0024767667055130005,-0.010780271142721176,-0.03687135875225067,0.06832044777911267
Stage1,S1_028,3.0,0.4,0.0,0.0,48,1.1891624927520752,102,monotonic_hybrid,0.7365983724594116,0.21696828305721283,0.07927216589450836,1.4783124923706055,0.1988706886768341,0.046641744673252106,0.08923076838254929,0.04258902370929718,0.17504934966564178,0.2539682686328888,0.07891891896724701,0.27745795249938965,0.2889677584171295,0.43357425928115845,0.9409619817975748,0.6198503979303607,0,0,0.5397415161132812,0.25521036982536316,-0.0009155869483947754,-0.0001242905855178833,-0.001223251223564148,-0.014952301979064941,-0.006604194641113281,-0.010858859866857529,-0.0374085009098053,-0.12414503301469092
Stage1,S1_028,3.0,0.4,0.0,0.0,50,1.2455767393112183,103,monotonic_hybrid,0.7088964581489563,0.22213205695152283,0.07850224524736404,1.172829270362854,0.12893939018249512,0.045527879148721695,0.08538461476564407,0.03985673561692238,0.1583508998155594,0.14159291982650757,0.01675797998905182,0.2790572941303253,0.28889602422714233,0.43204665184020996,0.936154555548496,0.6184149222989478,0,0,0.5395833253860474,0.2549128532409668,0.0003230571746826172,-0.0006875097751617432,-0.00044240057468414307,0.0011699199676513672,0.0009482353925704956,-0.007978469133377075,-0.002124093472957611,0.045592619513859865
Stage1,S1_028,3.0,0.4,0.0,0.0,49,1.3480924367904663,104,monotonic_hybrid,0.7203009724617004,0.22732095420360565,0.07219111174345016,1.2361804246902466,0.15045371651649475,0.06288377940654755,0.07999999821186066,0.01711621880531311,0.18785129487514496,0.18110236525535583,0.0067489296197891235,0.2778885066509247,0.2877526581287384,0.43435874581336975,0.9364884266722292,0.6472375935050803,0,0,0.5401444435119629,0.25576847791671753,0.00225830078125,-0.0009265691041946411,-0.0003982856869697571,0.006482362747192383,-0.0005595088005065918,-0.015354230999946594,-0.02376660704612732,0.3145078795895028
Stage1,S1_028,3.0,0.4,0.0,0.0,49,1.2870029211044312,105,monotonic_hybrid,0.7047925591468811,0.22038796544075012,0.07151325047016144,1.1508101224899292,0.13289912045001984,0.06136776879429817,0.07538461685180664,0.014016848057508469,0.21598340570926666,0.1376146823167801,0.07836872339248657,0.2835035026073456,0.2892756462097168,0.42722088098526,0.9339155021918479,0.6512429877482512,0,0,0.5396988391876221,0.2550901174545288,0.003186464309692383,0.0005027055740356445,0.0005511492490768433,0.01083981990814209,0.005550682544708252,-0.014490917325019836,0.04436667263507843,0.4541671363946486
Stage1,S1_028,3.0,0.4,0.0,0.0,50,1.240748643875122,106,monotonic_hybrid,0.7452873587608337,0.22524015605449677,0.07650990039110184,1.1963177919387817,0.12311503291130066,0.05111245438456535,0.08384615182876587,0.032733697444200516,0.1978776752948761,0.14851485192775726,0.049362823367118835,0.2789844274520874,0.29131579399108887,0.4296998083591461,0.934999307216774,0.6470699385319905,0,0,0.5394893884658813,0.2547476291656494,0.0008236169815063477,0.0002710074186325073,-0.0002654343843460083,0.008748769760131836,0.0022498592734336853,-0.008740782737731934,0.039978161454200745,0.11063224913248801
Stage1,S1_028,3.0,0.4,0.0,0.0,42,1.3841253519058228,107,monotonic_hybrid,0.7792060375213623,0.2237549126148224,0.09062892943620682,1.2810770273208618,0.15291644632816315,0.050542332231998444,0.10076922923326492,0.05022689700126648,0.17363977432250977,0.19130434095859528,0.01766456663608551,0.27756908535957336,0.28937092423439026,0.43306002020835876,0.9397476782693307,0.6577593733221816,0,0,0.5403203964233398,0.25629863142967224,-0.0008220672607421875,0.00037072598934173584,-0.0010308623313903809,-0.002501964569091797,-0.00215776264667511,-0.009550292044878006,-0.029997587203979492,-0.1053894411883821
Stage1,S1_028,3.0,0.4,0.0,0.0,50,1.2455967664718628,108,monotonic_hybrid,0.7352004051208496,0.2232629656791687,0.08287022262811661,1.2905021905899048,0.189708411693573,0.05225128307938576,0.0930769219994545,0.04082563892006874,0.1868676096200943,0.25,0.0631323903799057,0.27918532490730286,0.28811994194984436,0.43269476294517517,0.9356941277321571,0.673564668235633,0,0,0.5394847989082336,0.254742830991745,-7.432699203491211e-05,-0.00015679001808166504,-0.0007985234260559082,-0.002739548683166504,-0.005191192030906677,-0.008891478180885315,-0.03208974003791809,-0.010108737426801838
Stage1,S1_028,3.0,0.4,0.0,0.0,40,1.3043111562728882,109,monotonic_hybrid,0.7262194156646729,0.22163435816764832,0.0812557265162468,1.0632026195526123,0.137014240026474,0.04925378039479256,0.08769230544567108,0.038438525050878525,0.18301887810230255,0.1599999964237213,0.023018881678581238,0.28098613023757935,0.2892443537712097,0.42976951599121094,0.9358274105347915,0.6784528242161607,0,0,0.5406136512756348,0.25681382417678833,0.0014809966087341309,0.00016805529594421387,-0.00027463585138320923,0.006761074066162109,0.0007378309965133667,-0.008488886058330536,0.013915419578552246,0.2043491237380946
Stage1,S1_028,3.0,0.4,0.0,0.0,44,1.323049545288086,110,monotonic_hybrid,0.7094699144363403,0.2197445034980774,0.07464583963155746,1.2558518648147583,0.15742352604866028,0.05577968806028366,0.08538461476564407,0.029604926705360413,0.18471011519432068,0.19658119976520538,0.011871084570884705,0.27691179513931274,0.28804540634155273,0.43504273891448975,0.9446083061793031,0.651197273833509,0,0,0.5400846004486084,0.2558521628379822,0.00010013580322265625,0.00047035515308380127,-0.0011307448148727417,-0.0013082027435302734,-0.002354145050048828,-0.012302089482545853,-0.036295562982559204,0.014116164268459195
Stage1,S1_029,4.0,0.005,0.0,0.0,43,1.525964617729187,101,monotonic_hybrid,0.769318163394928,0.2307945340871811,0.07834015041589737,1.2430423498153687,0.1568799465894699,0.052240390330553055,0.08692307770252228,0.03468268737196922,0.18193835020065308,0.19847328960895538,0.016534939408302307,0.39401736855506897,0.295448362827301,0.3105342984199524,0.9183609009835496,0.6506771181257507,0,0,0.5547481775283813,0.31462275981903076,0.0002732276916503906,-0.00040639936923980713,-0.0005103200674057007,0.0001544952392578125,-0.0022643059492111206,-0.008228950202465057,-0.030098766088485718,0.035528182940380314
Stage1,S1_029,4.0,0.005,0.0,0.0,43,1.406773328781128,102,monotonic_hybrid,0.7367519736289978,0.21694639325141907,0.07939933240413666,1.478880763053894,0.1992063820362091,0.044026341289281845,0.08923076838254929,0.04520442709326744,0.16836045682430267,0.2539682686328888,0.08560781180858612,0.3976445496082306,0.29521721601486206,0.30713820457458496,0.9233313361161428,0.6427581415098247,0,0,0.5547484159469604,0.3146202564239502,-0.0007619857788085938,-0.0001461803913116455,-0.001096084713935852,-0.014384031295776367,-0.006268501281738281,-0.008243456482887268,-0.030719608068466187,-0.10331814999412856
Stage1,S1_029,4.0,0.005,0.0,0.0,50,1.470104694366455,103,monotonic_hybrid,0.7087437510490417,0.22195254266262054,0.07858207076787949,1.172579050064087,0.12878571450710297,0.04402615502476692,0.08538461476564407,0.04135845974087715,0.15401431918144226,0.14159291982650757,0.012421399354934692,0.4004601538181305,0.2946295738220215,0.30491024255752563,0.9163366473336613,0.6448790027460337,0,0,0.5547475218772888,0.31461048126220703,0.0001703500747680664,-0.0008670240640640259,-0.00036257505416870117,0.0009196996688842773,0.0007945597171783447,-0.006476745009422302,-0.0064606741070747375,0.02404127427502057
Stage1,S1_029,4.0,0.005,0.0,0.0,49,1.5759472846984863,104,monotonic_hybrid,0.7195541858673096,0.2270565778017044,0.07220775634050369,1.2350081205368042,0.15033194422721863,0.059663474559783936,0.07999999821186066,0.02033652365207672,0.1812809407711029,0.18110236525535583,0.0001785755157470703,0.39720872044563293,0.29433193802833557,0.3084593713283539,0.9172011333141198,0.6712007808867115,0,0,0.5547467470169067,0.31461966037750244,0.0015115141868591309,-0.0011909455060958862,-0.00038164108991622925,0.00531005859375,-0.0006812810897827148,-0.012133926153182983,-0.030336961150169373,0.21050478564480052
Stage1,S1_029,4.0,0.005,0.0,0.0,43,1.5088086128234863,105,monotonic_hybrid,0.7029705047607422,0.22007685899734497,0.07114975154399872,1.144229769706726,0.12978291511535645,0.05414658784866333,0.07538461685180664,0.02123802900314331,0.19611799716949463,0.1376146823167801,0.05850331485271454,0.4045799970626831,0.29423367977142334,0.30118635296821594,0.9153079066335185,0.6733464847378434,0,0,0.5547481775283813,0.3146215081214905,0.0013644099235534668,0.00019159913063049316,0.00018765032291412354,0.004259467124938965,0.002434477210044861,-0.0072697363793849945,0.024501264095306396,0.19446950840272917
Stage1,S1_029,4.0,0.005,0.0,0.0,50,1.4608228206634521,106,monotonic_hybrid,0.7451657652854919,0.22511084377765656,0.07657855749130249,1.193406105041504,0.12237346172332764,0.04914174601435661,0.08384615182876587,0.034704405814409256,0.1911388784646988,0.14851485192775726,0.04262402653694153,0.40027379989624023,0.2968575954437256,0.3028685748577118,0.9157545957137188,0.6697488519801805,0,0,0.5547474026679993,0.31460896134376526,0.0007020235061645508,0.00014169514179229736,-0.00019677728414535522,0.005837082862854004,0.0015082880854606628,-0.006770074367523193,0.03323936462402344,0.09429922060229004
Stage1,S1_029,4.0,0.005,0.0,0.0,42,1.6159815788269043,107,monotonic_hybrid,0.7793225049972534,0.22355929017066956,0.09077634662389755,1.282989263534546,0.15316037833690643,0.04881972074508667,0.10076922923326492,0.05194950848817825,0.1689288318157196,0.19130434095859528,0.02237550914287567,0.39555251598358154,0.296811044216156,0.30763643980026245,0.9221767340196891,0.6791822362389359,0,0,0.5547488331794739,0.3146214783191681,-0.0007055997848510742,0.0001751035451889038,-0.000883445143699646,-0.0005897283554077148,-0.0019138306379318237,-0.007827680557966232,-0.02528664469718933,-0.09045825150725546
Stage1,S1_029,4.0,0.005,0.0,0.0,50,1.4676392078399658,108,monotonic_hybrid,0.7350015044212341,0.22288426756858826,0.08294738829135895,1.291996717453003,0.1902320384979248,0.05101779103279114,0.0930769219994545,0.04205913096666336,0.1829797476530075,0.25,0.06702025234699249,0.40021342039108276,0.29394611716270447,0.3058404326438904,0.9173215275265246,0.6930749238431995,0,0,0.5547475218772888,0.3146093487739563,-0.0002732276916503906,-0.0005354881286621094,-0.0007213577628135681,-0.0012450218200683594,-0.004667565226554871,-0.007657986134290695,-0.0282018780708313,-0.03715994576139505
Stage1,S1_029,4.0,0.005,0.0,0.0,40,1.523197054862976,109,monotonic_hybrid,0.7259849309921265,0.2213338315486908,0.08140083402395248,1.0623514652252197,0.13678722083568573,0.04642648249864578,0.08769230544567108,0.0412658229470253,0.1753966361284256,0.1599999964237213,0.015396639704704285,0.398823618888855,0.29642871022224426,0.30474764108657837,0.9171645042026102,0.7002389800037299,0,0,0.5547489523887634,0.3146269917488098,0.0012465119361877441,-0.00013247132301330566,-0.00012952834367752075,0.005909919738769531,0.0005108118057250977,-0.005661588162183762,0.006293177604675293,0.17199473677847518
Stage1,S1_029,4.0,0.005,0.0,0.0,33,1.546868920326233,110,monotonic_hybrid,0.7098574638366699,0.21945075690746307,0.07461712509393692,1.2567944526672363,0.1577177494764328,0.057012759149074554,0.08538461476564407,0.02837185561656952,0.18353155255317688,0.19658119976520538,0.013049647212028503,0.39567914605140686,0.2950289845466614,0.30929186940193176,0.9274662342653183,0.6699671762333942,0,0,0.5547505617141724,0.3146437406539917,0.0004876852035522461,0.00017660856246948242,-0.0011594593524932861,-0.0003656148910522461,-0.002059921622276306,-0.013535160571336746,-0.035117000341415405,0.06874908097888877
Stage1,S1_030,4.0,0.01,0.0,0.0,43,1.5255851745605469,101,monotonic_hybrid,0.7693233489990234,0.2307974249124527,0.07833734899759293,1.2430424690246582,0.1568727195262909,0.05230006203055382,0.08692307770252228,0.03462301567196846,0.18211504817008972,0.19847328960895538,0.01635824143886566,0.3924535810947418,0.29551148414611816,0.3120349049568176,0.9186300186564894,0.650338386981512,0,0,0.5549622774124146,0.31408828496932983,0.0002784132957458496,-0.0004035085439682007,-0.000513121485710144,0.00015461444854736328,-0.0022715330123901367,-0.00828862190246582,-0.030275464057922363,0.036202474370531514
Stage1,S1_030,4.0,0.01,0.0,0.0,43,1.4062246084213257,102,monotonic_hybrid,0.7367504835128784,0.21694950759410858,0.07939514517784119,1.4788175821304321,0.19918115437030792,0.044062040746212006,0.08923076838254929,0.04516872763633728,0.16850313544273376,0.2539682686328888,0.08546513319015503,0.39607295393943787,0.29529064893722534,0.3086363673210144,0.9235789475175444,0.6424457716695979,0,0,0.5549627542495728,0.3140833377838135,-0.0007634758949279785,-0.00014306604862213135,-0.0011002719402313232,-0.014447212219238281,-0.006293728947639465,-0.008279155939817429,-0.030862286686897278,-0.10352019581310956
Stage1,S1_030,4.0,0.01,0.0,0.0,50,1.469606876373291,103,monotonic_hybrid,0.7087498307228088,0.2219553291797638,0.07857997715473175,1.1725890636444092,0.12879079580307007,0.04406728968024254,0.08538461476564407,0.041317325085401535,0.15415531396865845,0.14159291982650757,0.012562394142150879,0.398853063583374,0.2947210669517517,0.30642589926719666,0.9166165217422308,0.6445249172003478,0,0,0.5549607276916504,0.3140636086463928,0.00017642974853515625,-0.0008642375469207764,-0.00036466866731643677,0.000929713249206543,0.0007996410131454468,-0.006517879664897919,-0.006319679319858551,0.024899290361812765
Stage1,S1_030,4.0,0.01,0.0,0.0,49,1.5756604671478271,104,monotonic_hybrid,0.719569981098175,0.22705890238285065,0.07220692932605743,1.2350437641143799,0.15033259987831116,0.05973229557275772,0.07999999821186066,0.020267702639102936,0.1814402937889099,0.18110236525535583,0.00033792853355407715,0.395635187625885,0.29441264271736145,0.30995216965675354,0.9174751266252147,0.6708882185939568,0,0,0.5549594163894653,0.31408196687698364,0.0015273094177246094,-0.001188620924949646,-0.0003824681043624878,0.005345702171325684,-0.0006806254386901855,-0.012202747166156769,-0.030177608132362366,0.21270454778825537
Stage1,S1_030,4.0,0.01,0.0,0.0,43,1.5084350109100342,105,monotonic_hybrid,0.7029846906661987,0.22008025646209717,0.07115145027637482,1.1442688703536987,0.1298026293516159,0.05420718342065811,0.07538461685180664,0.02117743343114853,0.1962851732969284,0.1376146823167801,0.058670490980148315,0.40300899744033813,0.29432228207588196,0.3026687502861023,0.9155619815566117,0.6730519210119124,0,0,0.5549622774124146,0.31408581137657166,0.0013785958290100098,0.00019499659538269043,0.00018934905529022217,0.004298567771911621,0.0024541914463043213,-0.007330331951379776,0.024668440222740173,0.19649142719176635
Stage1,S1_030,4.0,0.01,0.0,0.0,50,1.4603140354156494,106,monotonic_hybrid,0.7451712489128113,0.22511295974254608,0.07657718658447266,1.1934750080108643,0.12239052355289459,0.049187880009412766,0.08384615182876587,0.034658271819353104,0.1913185864686966,0.14851485192775726,0.04280373454093933,0.3986678719520569,0.29695287346839905,0.3043791949748993,0.9160256118814138,0.6694482360804419,0,0,0.5549604892730713,0.3140605390071869,0.0007075071334838867,0.00014381110668182373,-0.0001981481909751892,0.0059059858322143555,0.0015253499150276184,-0.006816208362579346,0.03341907262802124,0.09503580816345583
Stage1,S1_030,4.0,0.01,0.0,0.0,42,1.615662932395935,107,monotonic_hybrid,0.7793205976486206,0.22356262803077698,0.0907720997929573,1.282970666885376,0.1531532108783722,0.04886499419808388,0.10076922923326492,0.051904235035181046,0.16906194388866425,0.19130434095859528,0.02224239706993103,0.3939901888370514,0.29687583446502686,0.309133917093277,0.9224271932144329,0.678896524536354,0,0,0.5549634695053101,0.31408581137657166,-0.0007075071334838867,0.00017844140529632568,-0.0008876919746398926,-0.0006083250045776367,-0.0019209980964660645,-0.00787295401096344,-0.025419756770133972,-0.09070277457265774
Stage1,S1_030,4.0,0.01,0.0,0.0,50,1.4671872854232788,108,monotonic_hybrid,0.7350059747695923,0.22288790345191956,0.08294469118118286,1.2919864654541016,0.19021430611610413,0.05105528607964516,0.0930769219994545,0.04202163591980934,0.18310734629631042,0.25,0.06689265370368958,0.39861243963241577,0.29403457045555115,0.3073529899120331,0.9175798234022533,0.6928201598286166,0,0,0.5549604892730713,0.31406140327453613,-0.00026875734329223633,-0.0005318522453308105,-0.0007240548729896545,-0.0012552738189697266,-0.004685297608375549,-0.007695481181144714,-0.028329476714134216,-0.03655196235561306
Stage1,S1_030,4.0,0.01,0.0,0.0,40,1.522894024848938,109,monotonic_hybrid,0.725992739200592,0.2213377207517624,0.08139830082654953,1.0623877048492432,0.13679197430610657,0.046481870114803314,0.08769230544567108,0.04121043533086777,0.17557060718536377,0.1599999964237213,0.015570610761642456,0.39727070927619934,0.2964956760406494,0.30623364448547363,0.9174289899398186,0.6999547445268693,0,0,0.5549638271331787,0.3140968084335327,0.0012543201446533203,-0.00012858211994171143,-0.00013206154108047485,0.005946159362792969,0.0005155652761459351,-0.005716975778341293,0.006467148661613464,0.17307211977077566
Stage1,S1_030,4.0,0.01,0.0,0.0,33,1.546504020690918,110,monotonic_hybrid,0.7098603844642639,0.21945422887802124,0.07461326569318771,1.2567983865737915,0.15771280229091644,0.057071391493082047,0.08538461476564407,0.028313223272562027,0.1836969405412674,0.19658119976520538,0.012884259223937988,0.3941774368286133,0.2950676679611206,0.3107549250125885,0.9277034072719224,0.6697125189930815,0,0,0.5549675822257996,0.31413066387176514,0.0004906058311462402,0.00018008053302764893,-0.0011633187532424927,-0.0003616809844970703,-0.0020648688077926636,-0.013593792915344238,-0.03528238832950592,0.06916080243671884
Stage1,S1_031,4.0,0.02,0.0,0.0,43,1.5248236656188965,101,monotonic_hybrid,0.7693341970443726,0.23080284893512726,0.0783313438296318,1.243046760559082,0.15685684978961945,0.052423376590013504,0.08692307770252228,0.034499701112508774,0.18248137831687927,0.19847328960895538,0.01599191129207611,0.3893281817436218,0.2956256568431854,0.315046101808548,0.9191664099979169,0.6496620154072035,0,0,0.5553591847419739,0.3130006790161133,0.0002892613410949707,-0.00039808452129364014,-0.0005191266536712646,0.0001589059829711914,-0.0022874027490615845,-0.008411936461925507,-0.030641794204711914,0.03761306104050298
Stage1,S1_031,4.0,0.02,0.0,0.0,43,1.4051239490509033,102,monotonic_hybrid,0.7367476224899292,0.2169557511806488,0.07938684523105621,1.478691577911377,0.19913093745708466,0.04413323104381561,0.08923076838254929,0.04509753733873367,0.16878779232501984,0.2539682686328888,0.08518047630786896,0.39293211698532104,0.2954255938529968,0.31164225935935974,0.9240720956134494,0.6418226793687789,0,0,0.5553597211837769,0.3129909038543701,-0.0007663369178771973,-0.00013682246208190918,-0.0011085718870162964,-0.014573216438293457,-0.006343945860862732,-0.008350346237421036,-0.03114694356918335,-0.1039081237855531
Stage1,S1_031,4.0,0.02,0.0,0.0,50,1.4686088562011719,103,monotonic_hybrid,0.7087621092796326,0.2219609022140503,0.07857581228017807,1.172609567642212,0.12880100309848785,0.044149503111839294,0.08538461476564407,0.04123511165380478,0.15443672239780426,0.14159291982650757,0.012843802571296692,0.3956412374973297,0.29489174485206604,0.30946698784828186,0.9171741895486143,0.6438181193127295,0,0,0.55535489320755,0.31295061111450195,0.00018870830535888672,-0.0008586645126342773,-0.0003688335418701172,0.0009502172470092773,0.0008098483085632324,-0.006600093096494675,-0.006038270890712738,0.026632146380236223
Stage1,S1_031,4.0,0.02,0.0,0.0,49,1.575083613395691,104,monotonic_hybrid,0.7196019291877747,0.22706350684165955,0.07220533490180969,1.2351155281066895,0.150333970785141,0.05987018346786499,0.07999999821186066,0.020129814743995667,0.18175894021987915,0.18110236525535583,0.0006565749645233154,0.39248982071876526,0.2945614457130432,0.3129487633705139,0.9180209915649072,0.6702633681050013,0,0,0.5553537607192993,0.3129877746105194,0.0015592575073242188,-0.001184016466140747,-0.0003840625286102295,0.005417466163635254,-0.0006792545318603516,-0.012340635061264038,-0.029858961701393127,0.21715387801048863
Stage1,S1_031,4.0,0.02,0.0,0.0,43,1.5076851844787598,105,monotonic_hybrid,0.703013002872467,0.22008702158927917,0.07115486264228821,1.1443474292755127,0.1298421174287796,0.054328396916389465,0.07538461685180664,0.021056219935417175,0.1966191679239273,0.1376146823167801,0.05900448560714722,0.3998686373233795,0.29448750615119934,0.30564388632774353,0.916068579946291,0.6724638273586464,0,0,0.5553590059280396,0.3129957318305969,0.0014069080352783203,0.00020176172256469727,0.00019276142120361328,0.004377126693725586,0.0024936795234680176,-0.00745154544711113,0.025002434849739075,0.20052676931274385
Stage1,S1_031,4.0,0.02,0.0,0.0,50,1.4592934846878052,106,monotonic_hybrid,0.7451820969581604,0.22511708736419678,0.07657445967197418,1.1936135292053223,0.12242479622364044,0.04928010329604149,0.08384615182876587,0.03456604853272438,0.1916773021221161,0.14851485192775726,0.043162450194358826,0.3954586982727051,0.29713091254234314,0.3074103593826294,0.9165656053863966,0.6688480298987852,0,0,0.555354118347168,0.3129444718360901,0.0007183551788330078,0.00014793872833251953,-0.00020087510347366333,0.006044507026672363,0.001559622585773468,-0.006908431649208069,0.033777788281440735,0.09649297051271859
Stage1,S1_031,4.0,0.02,0.0,0.0,42,1.6150223016738892,107,monotonic_hybrid,0.779316782951355,0.22356924414634705,0.0907636359333992,1.2829338312149048,0.15313908457756042,0.04895558953285217,0.10076922923326492,0.05181363970041275,0.16932792961597443,0.19130434095859528,0.02197641134262085,0.39086824655532837,0.2969934344291687,0.31213828921318054,0.9229260608082771,0.6783262248093991,0,0,0.5553612112998962,0.312995970249176,-0.0007113218307495117,0.00018505752086639404,-0.000896155834197998,-0.0006451606750488281,-0.001935124397277832,-0.007963549345731735,-0.025685742497444153,-0.0911918207034623
Stage1,S1_031,4.0,0.02,0.0,0.0,50,1.4662797451019287,108,monotonic_hybrid,0.7350147366523743,0.22289521992206573,0.0829392820596695,1.2919658422470093,0.1901790052652359,0.051130324602127075,0.0930769219994545,0.04194659739732742,0.18336214125156403,0.25,0.06663785874843597,0.3954128921031952,0.29419928789138794,0.31038790941238403,0.9180945544730392,0.6923112713734781,0,0,0.5553542375564575,0.3129461407661438,-0.0002599954605102539,-0.0005245357751846313,-0.0007294639945030212,-0.0012758970260620117,-0.004720598459243774,-0.007770519703626633,-0.028584271669387817,-0.035360314880280366
Stage1,S1_031,4.0,0.02,0.0,0.0,40,1.5222855806350708,109,monotonic_hybrid,0.7260087132453918,0.22134557366371155,0.08139321953058243,1.0624606609344482,0.1368015706539154,0.046592772006988525,0.08769230544567108,0.041099533438682556,0.1759183257818222,0.1599999964237213,0.01591832935810089,0.39416664838790894,0.29661768674850464,0.3092156946659088,0.9179559263208448,0.6993868149145316,0,0,0.5553625822067261,0.31301817297935486,0.001270294189453125,-0.00012072920799255371,-0.0001371428370475769,0.006019115447998047,0.000525161623954773,-0.0058278776705265045,0.006814867258071899,0.17527623154128355
Stage1,S1_031,4.0,0.02,0.0,0.0,33,1.5457712411880493,110,monotonic_hybrid,0.7098662257194519,0.21946115791797638,0.07460559159517288,1.2568068504333496,0.15770308673381805,0.057188667356967926,0.08538461476564407,0.028195947408676147,0.18402737379074097,0.19658119976520538,0.012553825974464417,0.39117589592933655,0.29513368010520935,0.3136904537677765,0.9281755561610908,0.66920438250669,0,0,0.5553713440895081,0.3130871653556824,0.0004964470863342285,0.00018700957298278809,-0.0011709928512573242,-0.00035321712493896484,-0.0020745843648910522,-0.013711068779230118,-0.03561282157897949,0.06998424535237895
Stage1,S1_032,4.0,0.05,0.0,0.0,43,1.522519588470459,101,monotonic_hybrid,0.7693671584129333,0.2308206409215927,0.07831496000289917,1.2430529594421387,0.1568155139684677,0.05278155580163002,0.08692307770252228,0.03414152190089226,0.1835372895002365,0.19847328960895538,0.014936000108718872,0.37997230887413025,0.2958712577819824,0.32415643334388733,0.9207605626478226,0.6476418450602174,0,0,0.5562984943389893,0.3095906972885132,0.0003222227096557617,-0.00038029253482818604,-0.0005355104804039001,0.00016510486602783203,-0.002328738570213318,-0.008770115673542023,-0.03169770538806915,0.041899074383877834
Stage1,S1_032,4.0,0.05,0.0,0.0,43,1.4017984867095947,102,monotonic_hybrid,0.7367401123046875,0.21697475016117096,0.07936224341392517,1.4783177375793457,0.19898200035095215,0.04434521496295929,0.08923076838254929,0.044885553419589996,0.16963616013526917,0.2539682686328888,0.08433210849761963,0.383531779050827,0.295733779668808,0.320734441280365,0.925534892432653,0.6399667158152622,0,0,0.556297242641449,0.3095664978027344,-0.0007738471031188965,-0.00011782348155975342,-0.0011331737041473389,-0.014947056770324707,-0.006492882966995239,-0.008562330156564713,-0.03199531137943268,-0.10492643471321737
Stage1,S1_032,4.0,0.05,0.0,0.0,50,1.4655945301055908,103,monotonic_hybrid,0.7087993621826172,0.22197768092155457,0.07856345921754837,1.1726731061935425,0.12883223593235016,0.044395506381988525,0.08538461476564407,0.04098910838365555,0.15527644753456116,0.14159291982650757,0.013683527708053589,0.38602906465530396,0.29530438780784607,0.31866654753685,0.9188303184669814,0.6417088016990219,0,0,0.5562789440155029,0.30946046113967896,0.00022596120834350586,-0.0008418858051300049,-0.0003811866044998169,0.0010137557983398438,0.0008410811424255371,-0.006846096366643906,-0.005198545753955841,0.03188959789244331
Stage1,S1_032,4.0,0.05,0.0,0.0,49,1.573324203491211,104,monotonic_hybrid,0.7196991443634033,0.22707754373550415,0.07220092415809631,1.2353334426879883,0.15033932030200958,0.060285504907369614,0.07999999821186066,0.019714493304491043,0.1827138215303421,0.18110236525535583,0.001611456274986267,0.38307008147239685,0.2949066162109375,0.32202327251434326,0.9196412767185997,0.6683915014333953,0,0,0.5562871694564819,0.3095552921295166,0.0016564726829528809,-0.0011699795722961426,-0.0003884732723236084,0.005635380744934082,-0.0006739050149917603,-0.012755956500768661,-0.028904080390930176,0.23069279142926183
Stage1,S1_032,4.0,0.05,0.0,0.0,43,1.505415916442871,105,monotonic_hybrid,0.7030989527702332,0.22010718286037445,0.07116533815860748,1.144586443901062,0.12996110320091248,0.05469198897480965,0.07538461685180664,0.020692627876996994,0.19761735200881958,0.1376146823167801,0.06000266969203949,0.39046382904052734,0.2948869466781616,0.3146492838859558,0.9175756613702704,0.6707079192755095,0,0,0.5562975406646729,0.3095783591270447,0.0014928579330444336,0.00022192299365997314,0.00020323693752288818,0.004616141319274902,0.002612665295600891,-0.007815137505531311,0.026000618934631348,0.21277721844632191
Stage1,S1_032,4.0,0.05,0.0,0.0,50,1.4562042951583862,106,monotonic_hybrid,0.7452159523963928,0.22512923181056976,0.07656645774841309,1.19403874874115,0.12253016233444214,0.04955710098147392,0.08384615182876587,0.034289050847291946,0.19276054203510284,0.14851485192775726,0.04424569010734558,0.38585445284843445,0.2975651025772095,0.31658047437667847,0.9181691865072072,0.6670555976646884,0,0,0.5562759637832642,0.30944424867630005,0.0007522106170654297,0.00016008317470550537,-0.00020887702703475952,0.0064697265625,0.0016649886965751648,-0.007185429334640503,0.03486102819442749,0.1010405980642639
Stage1,S1_032,4.0,0.05,0.0,0.0,42,1.6130726337432861,107,monotonic_hybrid,0.7793058156967163,0.223589226603508,0.09073838591575623,1.2828248739242554,0.15309756994247437,0.049227770417928696,0.10076922923326492,0.05154145881533623,0.1701236218214035,0.19130434095859528,0.021180719137191772,0.381525456905365,0.29724955558776855,0.3212249279022217,0.9244061608588551,0.6766242165080806,0,0,0.5563017129898071,0.30958008766174316,-0.0007222890853881836,0.00020503997802734375,-0.0009214058518409729,-0.0007541179656982422,-0.0019766390323638916,-0.008235730230808258,-0.02648143470287323,-0.0925978283295254
Stage1,S1_032,4.0,0.05,0.0,0.0,50,1.4635276794433594,108,monotonic_hybrid,0.7350417971611023,0.22291739284992218,0.08292321115732193,1.2919059991836548,0.1900743842124939,0.051355455070734024,0.0930769219994545,0.041721466928720474,0.18412210047245026,0.25,0.06587789952754974,0.38583675026893616,0.29459527134895325,0.319568008184433,0.9196236764754617,0.6907897103235453,0,0,0.5562763214111328,0.30944836139678955,-0.00023293495178222656,-0.000502362847328186,-0.0007455348968505859,-0.001335740089416504,-0.004825219511985779,-0.007995650172233582,-0.029344230890274048,-0.03167998866394674
Stage1,S1_032,4.0,0.05,0.0,0.0,40,1.5204399824142456,109,monotonic_hybrid,0.7260572910308838,0.22136946022510529,0.08137809485197067,1.0626826286315918,0.13683131337165833,0.04692642763257027,0.08769230544567108,0.040765877813100815,0.17695912718772888,0.1599999964237213,0.01695913076400757,0.3848721385002136,0.2968880236148834,0.31823989748954773,0.9195202545366398,0.6976874818506096,0,0,0.5563093423843384,0.3096373379230499,0.0013188719749450684,-9.684264659881592e-05,-0.00015226751565933228,0.0062410831451416016,0.0005549043416976929,-0.006161533296108246,0.007855668663978577,0.18197903412696984
Stage1,S1_032,4.0,0.05,0.0,0.0,44,1.543487787246704,110,monotonic_hybrid,0.7096903324127197,0.2196212112903595,0.07478338479995728,1.2567548751831055,0.15758191049098969,0.05396050214767456,0.08538461476564407,0.03142411261796951,0.1792324036359787,0.19658119976520538,0.017348796129226685,0.38149774074554443,0.29555174708366394,0.3229505121707916,0.9296858984467162,0.6677250332114318,0,0,0.5562935471534729,0.3095446825027466,0.0003205537796020508,0.00034706294536590576,-0.000993199646472931,-0.00040519237518310547,-0.0021957606077194214,-0.010482903569936752,-0.030817851424217224,0.04518853061653188
Stage1,S1_033,4.0,0.1,0.0,0.0,43,1.5186208486557007,101,monotonic_hybrid,0.7694298624992371,0.23085470497608185,0.07828832417726517,1.2431013584136963,0.15675176680088043,0.05338383466005325,0.08692307770252228,0.033539243042469025,0.1852983981370926,0.19847328960895538,0.013174891471862793,0.36446574330329895,0.2959544360637665,0.33957985043525696,0.9233658251127802,0.6443060178126744,0,0,0.5570273995399475,0.30343180894851685,0.00038492679595947266,-0.0003462284803390503,-0.0005621463060379028,0.00021350383758544922,-0.002392485737800598,-0.009372394531965256,-0.03345881402492523,0.05005257535536127
Stage1,S1_033,4.0,0.1,0.0,0.0,43,1.3961853981018066,102,monotonic_hybrid,0.7367304563522339,0.21700695157051086,0.07932239770889282,1.4777076244354248,0.19873970746994019,0.04469252750277519,0.08923076838254929,0.044538240879774094,0.1710292100906372,0.2539682686328888,0.08293905854225159,0.36795634031295776,0.29592233896255493,0.3361213207244873,0.9279166578853593,0.6369180095621158,0,0,0.5570182800292969,0.30338436365127563,-0.0007835030555725098,-8.562207221984863e-05,-0.0011730194091796875,-0.015557169914245605,-0.006735175848007202,-0.008909642696380615,-0.03338836133480072,-0.10623569162021432
Stage1,S1_033,4.0,0.1,0.0,0.0,50,1.4605088233947754,103,monotonic_hybrid,0.7088624835014343,0.2220059633255005,0.07854346930980682,1.1727851629257202,0.12888620793819427,0.044802963733673096,0.08538461476564407,0.04058165103197098,0.15665902197360992,0.14159291982650757,0.015066102147102356,0.37010419368743896,0.2956576645374298,0.3342381417751312,0.9215329472912966,0.6382309142299932,0,0,0.5569609999656677,0.30315566062927246,0.00028908252716064453,-0.000813603401184082,-0.0004011765122413635,0.0011258125305175781,0.0008950531482696533,-0.007253553718328476,-0.003815971314907074,0.040797823734727
Stage1,S1_033,4.0,0.1,0.0,0.0,49,1.5702990293502808,104,monotonic_hybrid,0.7198666334152222,0.22710169851779938,0.07219484448432922,1.2357053756713867,0.15035192668437958,0.06098226085305214,0.07999999821186066,0.019017737358808517,0.18429936468601227,0.18110236525535583,0.003196999430656433,0.3674468994140625,0.2951432168483734,0.3374098837375641,0.9222823998003987,0.6652844032823522,0,0,0.5570078492164612,0.30335140228271484,0.0018239617347717285,-0.0011458247900009155,-0.00039455294609069824,0.0060073137283325195,-0.0006612986326217651,-0.013452712446451187,-0.02731853723526001,0.2540185711391041
Stage1,S1_033,4.0,0.1,0.0,0.0,43,1.5015718936920166,105,monotonic_hybrid,0.7032449245452881,0.22014056146144867,0.07118349522352219,1.1449944972991943,0.13016101717948914,0.05529730021953583,0.07538461685180664,0.020087316632270813,0.1992669552564621,0.1376146823167801,0.06165227293968201,0.3748617172241211,0.295228511095047,0.3299097716808319,0.9200436193504388,0.6678099345820337,0,0,0.5570237040519714,0.30340707302093506,0.0016388297080993652,0.0002553015947341919,0.00022139400243759155,0.0050241947174072266,0.0028125792741775513,-0.008420448750257492,0.027650222182273865,0.2335825928763723
Stage1,S1_033,4.0,0.1,0.0,0.0,50,1.4509936571121216,106,monotonic_hybrid,0.7452726364135742,0.2251504808664322,0.07655374705791473,1.1947420835494995,0.1227058544754982,0.05001175403594971,0.08384615182876587,0.03383439779281616,0.19451728463172913,0.14851485192775726,0.04600243270397186,0.3699437379837036,0.29795169830322266,0.3321045935153961,0.9207863120937929,0.6640956437895638,0,0,0.5569517612457275,0.3031211197376251,0.0008088946342468262,0.00018133223056793213,-0.00022158771753311157,0.007173061370849609,0.0018406808376312256,-0.007640082389116287,0.03661777079105377,0.10865467165848855
Stage1,S1_033,4.0,0.1,0.0,0.0,42,1.6097313165664673,107,monotonic_hybrid,0.7792900800704956,0.2236241102218628,0.09069647639989853,1.282651662826538,0.15302905440330505,0.049680691212415695,0.10076922923326492,0.05108853802084923,0.17144590616226196,0.19130434095859528,0.019858434796333313,0.3660491108894348,0.29735156893730164,0.33659932017326355,0.9268168176359217,0.6738171915866387,0,0,0.5570290088653564,0.303414911031723,-0.0007380247116088867,0.0002399235963821411,-0.0009633153676986694,-0.0009273290634155273,-0.002045154571533203,-0.008688651025295258,-0.02780371904373169,-0.09461514361909419
Stage1,S1_033,4.0,0.1,0.0,0.0,50,1.458848476409912,108,monotonic_hybrid,0.7350883483886719,0.22295509278774261,0.0828968957066536,1.2918106317520142,0.18990468978881836,0.05173058062791824,0.0930769219994545,0.041346341371536255,0.18537314236164093,0.25,0.06462685763835907,0.36997026205062866,0.2949245572090149,0.33510518074035645,0.9221208241905224,0.6882703662347583,0,0,0.5569530725479126,0.30312880873680115,-0.00018638372421264648,-0.00046466290950775146,-0.0007718503475189209,-0.001431107521057129,-0.004994913935661316,-0.008370775729417801,-0.03059527277946472,-0.025348854798403646
Stage1,S1_033,4.0,0.1,0.0,0.0,40,1.5172977447509766,109,monotonic_hybrid,0.7261412739753723,0.22141040861606598,0.08135326951742172,1.0630611181259155,0.1368839293718338,0.04748527705669403,0.08769230544567108,0.04020702838897705,0.17868396639823914,0.1599999964237213,0.018683969974517822,0.3694588243961334,0.2970162332057953,0.33352500200271606,0.9220712321026342,0.6948708069561741,0,0,0.5570571422576904,0.3035341799259186,0.0014028549194335938,-5.589425563812256e-05,-0.00017709285020828247,0.006619572639465332,0.0006075203418731689,-0.00672038272023201,0.00958050787448883,0.19356706951743852
Stage1,S1_033,4.0,0.1,0.0,0.0,44,1.5395060777664185,110,monotonic_hybrid,0.709692120552063,0.2196444422006607,0.07474314421415329,1.2567507028579712,0.15751856565475464,0.054474327713251114,0.08538461476564407,0.03091028705239296,0.18089725077152252,0.19658119976520538,0.01568394899368286,0.36592739820480347,0.2957107722759247,0.33836182951927185,0.9320637282909949,0.6652634609103186,0,0,0.5570066571235657,0.3033369183540344,0.0003223419189453125,0.00037029385566711426,-0.0010334402322769165,-0.0004093647003173828,-0.0022591054439544678,-0.010996729135513306,-0.03248269855976105,0.04544060497846865
Stage1,S1_034,4.0,0.2,0.0,0.0,43,1.5106204748153687,101,monotonic_hybrid,0.7695620059967041,0.23091839253902435,0.0782400518655777,1.2431949377059937,0.1566452980041504,0.05457152798771858,0.08692307770252228,0.032351549714803696,0.1887284368276596,0.19847328960895538,0.009744852781295776,0.3339170813560486,0.2948874235153198,0.3711954355239868,0.9283731257581282,0.637758880287477,0,0,0.5553789138793945,0.28946274518966675,0.0005170702934265137,-0.0002825409173965454,-0.0006104186177253723,0.0003070831298828125,-0.0024989545345306396,-0.010560087859630585,-0.03688885271549225,0.06723538110990385
Stage1,S1_034,4.0,0.2,0.0,0.0,48,1.3846993446350098,102,monotonic_hybrid,0.7367732524871826,0.21689458191394806,0.07925835251808167,1.478499412536621,0.19874726235866547,0.046713754534721375,0.08923076838254929,0.04251701384782791,0.17539939284324646,0.2539682686328888,0.07856887578964233,0.3365286886692047,0.29538753628730774,0.36808377504348755,0.932596081121703,0.6310219711963894,0,0,0.5552024245262146,0.28899097442626953,-0.0007407069206237793,-0.0001979917287826538,-0.0012370645999908447,-0.014765381813049316,-0.006727620959281921,-0.010930869728326797,-0.03775854408740997,-0.10043293569907974
Stage1,S1_034,4.0,0.2,0.0,0.0,50,1.4501482248306274,103,monotonic_hybrid,0.7089920043945312,0.22206327319145203,0.0785057544708252,1.1730300188064575,0.12900017201900482,0.04560494050383568,0.08538461476564407,0.039779674261808395,0.1593492180109024,0.14159291982650757,0.017756298184394836,0.3387509286403656,0.2950933277606964,0.36615562438964844,0.9267144937245066,0.6314207659661963,0,0,0.5551546812057495,0.28885960578918457,0.00041860342025756836,-0.0007562935352325439,-0.00043889135122299194,0.0013706684112548828,0.0010090172290802002,-0.008055530488491058,-0.0011257752776145935,0.0590769311523686
Stage1,S1_034,4.0,0.2,0.0,0.0,49,1.5639305114746094,104,monotonic_hybrid,0.7202204465866089,0.22715264558792114,0.07218751311302185,1.2364788055419922,0.15039077401161194,0.06238814815878868,0.07999999821186066,0.017611850053071976,0.18743491172790527,0.18110236525535583,0.0063325464725494385,0.33663979172706604,0.2943446636199951,0.3690156042575836,0.9273335774452819,0.6591391656458802,0,0,0.5553349256515503,0.2892685830593109,0.0021777749061584473,-0.0010948777198791504,-0.0004018843173980713,0.006780743598937988,-0.0006224513053894043,-0.014858599752187729,-0.024182990193367004,0.30329324315249323
Stage1,S1_034,4.0,0.2,0.0,0.0,49,1.4935413599014282,105,monotonic_hybrid,0.7046202421188354,0.22025667130947113,0.07149231433868408,1.1507890224456787,0.13269300758838654,0.06072116643190384,0.07538461685180664,0.014663450419902802,0.21490156650543213,0.1376146823167801,0.07728688418865204,0.3431560695171356,0.2950548529624939,0.3617890775203705,0.9249708126571049,0.6621524163405228,0,0,0.5551943778991699,0.28895312547683716,0.0030141472816467285,0.00037141144275665283,0.0005302131175994873,0.010818719863891602,0.005344569683074951,-0.013844314962625504,0.043284833431243896,0.42960676992781494
Stage1,S1_034,4.0,0.2,0.0,0.0,50,1.4403572082519531,106,monotonic_hybrid,0.7453919649124146,0.22519315779209137,0.07653030008077621,1.1961783170700073,0.12306983768939972,0.05090823397040367,0.08384615182876587,0.0329379178583622,0.19793562591075897,0.14851485192775726,0.04942077398300171,0.33862099051475525,0.2974437475204468,0.3639352321624756,0.9258083023194709,0.6582793012498895,0,0,0.5551244616508484,0.28878408670425415,0.0009282231330871582,0.00022400915622711182,-0.00024503469467163086,0.008609294891357422,0.0022046640515327454,-0.008536562323570251,0.04003611207008362,0.1246834575003789
Stage1,S1_034,4.0,0.2,0.0,0.0,42,1.6027348041534424,107,monotonic_hybrid,0.7792642712593079,0.22369079291820526,0.09061574190855026,1.2823219299316406,0.1529083549976349,0.050589680671691895,0.10076922923326492,0.05017954856157303,0.17404018342494965,0.19130434095859528,0.01726415753364563,0.335582971572876,0.29632359743118286,0.3680933713912964,0.931421335243785,0.6683145580335828,0,0,0.5553755760192871,0.2894493341445923,-0.0007638335227966309,0.0003066062927246094,-0.001044049859046936,-0.0012570619583129883,-0.002165853977203369,-0.009597640484571457,-0.030397996306419373,-0.09792384634781878
Stage1,S1_034,4.0,0.2,0.0,0.0,50,1.4491827487945557,108,monotonic_hybrid,0.735182523727417,0.2230309545993805,0.08284639567136765,1.2916268110275269,0.18958336114883423,0.05248068645596504,0.0930769219994545,0.040596235543489456,0.18781805038452148,0.25,0.062181949615478516,0.3387245535850525,0.2943267226219177,0.3669487237930298,0.9269161045029952,0.6832912390503793,0,0,0.5551275610923767,0.288795530796051,-9.22083854675293e-05,-0.00038880109786987305,-0.0008223503828048706,-0.0016149282455444336,-0.005316242575645447,-0.0091208815574646,-0.033040180802345276,-0.012540671049929786
Stage1,S1_034,4.0,0.2,0.0,0.0,40,1.5107872486114502,109,monotonic_hybrid,0.7263196706771851,0.22149638831615448,0.0813051089644432,1.063845157623291,0.13700002431869507,0.04861025884747505,0.08769230544567108,0.03908204659819603,0.1820848137140274,0.1599999964237213,0.02208481729030609,0.33905887603759766,0.2960495948791504,0.36489149928092957,0.9269553374232659,0.6893007863508788,0,0,0.5554720163345337,0.2897005081176758,0.0015812516212463379,3.0085444450378418e-05,-0.0002252534031867981,0.00740361213684082,0.000723615288734436,-0.007845364511013031,0.0129813551902771,0.21818239238732692
Stage1,S1_034,4.0,0.2,0.0,0.0,44,1.5312752723693848,110,monotonic_hybrid,0.7097072005271912,0.2196916788816452,0.07466703653335571,1.2567830085754395,0.15741097927093506,0.05549892038106918,0.08538461476564407,0.02988569438457489,0.18416722118854523,0.19658119976520538,0.012413978576660156,0.3352748453617096,0.29479366540908813,0.3699314594268799,0.9365739044779933,0.6604435840431486,0,0,0.5553060173988342,0.2892669141292572,0.00033742189407348633,0.00041753053665161133,-0.0011095479130744934,-0.0003770589828491211,-0.002366691827774048,-0.012021321803331375,-0.03575266897678375,0.047566432097468754
Stage1,S1_035,4.0,0.4,0.0,0.0,43,1.4940903186798096,101,monotonic_hybrid,0.7698747515678406,0.2310560941696167,0.07816070318222046,1.2435338497161865,0.1565103530883789,0.056887317448854446,0.08692307770252228,0.03003576025366783,0.19522666931152344,0.19847328960895538,0.003246620297431946,0.27568602561950684,0.28786760568618774,0.4364463984966278,0.937535755292279,0.625205076302342,0,0,0.5402880907058716,0.2562229037284851,0.0008298158645629883,-0.00014483928680419922,-0.0006897673010826111,0.0006459951400756836,-0.002633899450302124,-0.012875877320766449,-0.04338708519935608,0.1079021297766088
Stage1,S1_035,4.0,0.4,0.0,0.0,48,1.361086368560791,102,monotonic_hybrid,0.7368281483650208,0.21712441742420197,0.07905533909797668,1.4758373498916626,0.19766439497470856,0.04880647361278534,0.08923076838254929,0.04042429476976395,0.18214209377765656,0.2539682686328888,0.07182617485523224,0.2774388790130615,0.2889733910560608,0.4335877001285553,0.9409652860291938,0.6198505279305168,0,0,0.5397343635559082,0.2551978528499603,-0.0006858110427856445,3.184378147125244e-05,-0.0014400780200958252,-0.017427444458007812,-0.007810488343238831,-0.013023588806390762,-0.04450124502182007,-0.09298956772781938
Stage1,S1_035,4.0,0.4,0.0,0.0,50,1.4290410280227661,103,monotonic_hybrid,0.7092562317848206,0.22217954695224762,0.07843790203332901,1.1735643148422241,0.12923505902290344,0.0471341498196125,0.08538461476564407,0.03825046494603157,0.1643102914094925,0.14159291982650757,0.022717371582984924,0.2790420353412628,0.28890058398246765,0.43205735087394714,0.9361575128395254,0.618414772338345,0,0,0.5395775437355042,0.2549028992652893,0.000682830810546875,-0.0006400197744369507,-0.0005067437887191772,0.0019049644470214844,0.0012439042329788208,-0.009584739804267883,0.0038352981209754944,0.09636698323815103
Stage1,S1_035,4.0,0.4,0.0,0.0,49,1.5501867532730103,104,monotonic_hybrid,0.7209819555282593,0.22726145386695862,0.0721931904554367,1.2380902767181396,0.15051862597465515,0.0651765912771225,0.07999999821186066,0.01482340693473816,0.1934126615524292,0.18110236525535583,0.012310296297073364,0.27784988284111023,0.28775131702423096,0.4343987703323364,0.9364939565942608,0.6472331466385687,0,0,0.5401262640953064,0.2557430863380432,0.002939283847808838,-0.0009860694408416748,-0.00039620697498321533,0.00839221477508545,-0.0004945993423461914,-0.017647042870521545,-0.01820524036884308,0.4093466814346799
Stage1,S1_035,4.0,0.4,0.0,0.0,49,1.476995587348938,105,monotonic_hybrid,0.7053641676902771,0.22043949365615845,0.07161086797714233,1.1528135538101196,0.13358691334724426,0.063009113073349,0.07538461685180664,0.012375503778457642,0.2208525389432907,0.1376146823167801,0.08323785662651062,0.2834829092025757,0.2892801761627197,0.4272368848323822,0.9339190613699877,0.6512425470039837,0,0,0.5396907329559326,0.2550767660140991,0.003758072853088379,0.0005542337894439697,0.0006487667560577393,0.01284325122833252,0.006238475441932678,-0.016132261604070663,0.04923580586910248,0.5356385699529105
Stage1,S1_035,4.0,0.4,0.0,0.0,50,1.4186118841171265,106,monotonic_hybrid,0.7456279397010803,0.2252754122018814,0.07648715376853943,1.1990797519683838,0.12381657212972641,0.05265165492892265,0.08384615182876587,0.031194496899843216,0.20431624352931976,0.14851485192775726,0.0558013916015625,0.2789735198020935,0.2913191020488739,0.4297073185443878,0.9350014148666372,0.6470699580007203,0,0,0.5394853353500366,0.25474056601524353,0.0011641979217529297,0.0003062635660171509,-0.00028818100690841675,0.011510729789733887,0.002951398491859436,-0.010279983282089233,0.04641672968864441,0.15638074179011113
Stage1,S1_035,4.0,0.4,0.0,0.0,42,1.5877196788787842,107,monotonic_hybrid,0.7792389392852783,0.22382207214832306,0.0904657393693924,1.2817469835281372,0.15271496772766113,0.05238313600420952,0.10076922923326492,0.048386093229055405,0.17899265885353088,0.19130434095859528,0.012311682105064392,0.2775512635707855,0.2893763780593872,0.43307235836982727,0.9397508880446027,0.6577594835538974,0,0,0.540313720703125,0.2562869191169739,-0.0007891654968261719,0.0004378855228424072,-0.0011940523982048035,-0.0018320083618164062,-0.002359241247177124,-0.01139109581708908,-0.03535047173500061,-0.10117141831019279
Stage1,S1_035,4.0,0.4,0.0,0.0,50,1.429003119468689,108,monotonic_hybrid,0.7353978753089905,0.22319552302360535,0.08275239914655685,1.2913378477096558,0.1890128254890442,0.05395464226603508,0.0930769219994545,0.03912227973341942,0.192381352186203,0.25,0.057618647813797,0.27917397022247314,0.2881234884262085,0.43270254135131836,0.9356962417763887,0.6735648175912436,0,0,0.5394806861877441,0.25473544001579285,0.00012314319610595703,-0.00022423267364501953,-0.0009163469076156616,-0.0019038915634155273,-0.005886778235435486,-0.010594837367534637,-0.037603482604026794,0.016747916217941135
Stage1,S1_035,4.0,0.4,0.0,0.0,40,1.4970760345458984,109,monotonic_hybrid,0.7267130017280579,0.22168217599391937,0.08121602237224579,1.0654858350753784,0.1372697502374649,0.0508657768368721,0.08769230544567108,0.03682652860879898,0.18861064314842224,0.1599999964237213,0.028610646724700928,0.2809607982635498,0.28924962878227234,0.42978957295417786,0.935831859245333,0.6784519151333238,0,0,0.5406036376953125,0.25679728388786316,0.0019745826721191406,0.000215873122215271,-0.0003143399953842163,0.009044289588928223,0.0009933412075042725,-0.01010088250041008,0.019507184624671936,0.27245453258725794
Stage1,S1_035,4.0,0.4,0.0,0.0,44,1.514027714729309,110,monotonic_hybrid,0.7097769379615784,0.21978731453418732,0.07453371584415436,1.2569838762283325,0.15726834535598755,0.057500891387462616,0.08538461476564407,0.027883723378181458,0.19038012623786926,0.19658119976520538,0.006201073527336121,0.27689242362976074,0.2880507707595825,0.43505680561065674,0.9446114317047428,0.6511974285012395,0,0,0.5400772094726562,0.25583934783935547,0.00040715932846069336,0.0005131661891937256,-0.0012428686022758484,-0.0001761913299560547,-0.0025093257427215576,-0.014023292809724808,-0.04196557402610779,0.05739733221300283
Stage1,S1_036,5.0,0.005,0.0,0.0,43,1.724439263343811,101,monotonic_hybrid,0.7694770097732544,0.23071855306625366,0.0782894641160965,1.2440614700317383,0.1567201465368271,0.05342762917280197,0.08692307770252228,0.033495448529720306,0.18592074513435364,0.19847328960895538,0.012552544474601746,0.3940170407295227,0.295448362827301,0.3105345666408539,0.9183609512749182,0.6506770601849325,0,0,0.5547481775283813,0.31462258100509644,0.00043207406997680664,-0.00048238039016723633,-0.0005610063672065735,0.0011736154556274414,-0.002424106001853943,-0.009416189044713974,-0.03408116102218628,0.05618320203639112
Stage1,S1_036,5.0,0.005,0.0,0.0,43,1.5902094841003418,102,monotonic_hybrid,0.7368466854095459,0.21695178747177124,0.07926832139492035,1.4774041175842285,0.1984715610742569,0.04518624767661095,0.08923076838254929,0.04404452070593834,0.17237544059753418,0.2539682686328888,0.08159282803535461,0.3976443111896515,0.29521727561950684,0.3071384131908417,0.9233313722203971,0.6427581286736601,0,0,0.5547484159469604,0.3146201968193054,-0.000667273998260498,-0.00014078617095947266,-0.0012270957231521606,-0.015860676765441895,-0.007003322243690491,-0.00940336287021637,-0.03473459184169769,-0.09047611773969565
Stage1,S1_036,5.0,0.005,0.0,0.0,50,1.6638730764389038,103,monotonic_hybrid,0.7089590430259705,0.22196923196315765,0.0785369724035263,1.173026442527771,0.12894845008850098,0.044993989169597626,0.08538461476564407,0.04039062559604645,0.15774688124656677,0.14159291982650757,0.016153961420059204,0.40045997500419617,0.29462966322898865,0.3049103617668152,0.9163366790655951,0.644879002145955,0,0,0.5547475814819336,0.31461042165756226,0.00038564205169677734,-0.0008503347635269165,-0.0004076734185218811,0.0013670921325683594,0.000957295298576355,-0.007444579154253006,-0.002728112041950226,0.05442513805436777
Stage1,S1_036,5.0,0.005,0.0,0.0,49,1.7845815420150757,104,monotonic_hybrid,0.7199057340621948,0.2269936203956604,0.07219260185956955,1.236128807067871,0.15031833946704865,0.060891248285770416,0.07999999821186066,0.01910874992609024,0.18457195162773132,0.18110236525535583,0.0034695863723754883,0.3972080647945404,0.29433178901672363,0.30846017599105835,0.917201214452468,0.6712005648438792,0,0,0.5547467470169067,0.31461942195892334,0.0018630623817443848,-0.0012539029121398926,-0.0003967955708503723,0.0064307451248168945,-0.0006948858499526978,-0.013361699879169464,-0.027045950293540955,0.25946402006780744
Stage1,S1_036,5.0,0.005,0.0,0.0,43,1.7068361043930054,105,monotonic_hybrid,0.7032720446586609,0.22010505199432373,0.07118082046508789,1.1452672481536865,0.13011617958545685,0.05515219643712044,0.07538461685180664,0.020232420414686203,0.19923913478851318,0.1376146823167801,0.06162445247173309,0.40457966923713684,0.2942337393760681,0.30118662118911743,0.9153079514628852,0.6733464505740663,0,0,0.5547481775283813,0.31462132930755615,0.001665949821472168,0.00021979212760925293,0.0002187192440032959,0.005296945571899414,0.0027677416801452637,-0.008275344967842102,0.02762240171432495,0.23744802585541394
Stage1,S1_036,5.0,0.005,0.0,0.0,50,1.6492934226989746,106,monotonic_hybrid,0.745364785194397,0.22512218356132507,0.07655911147594452,1.1948456764221191,0.12272117286920547,0.05005184933543205,0.08384615182876587,0.033794302493333817,0.19511564075946808,0.14851485192775726,0.046600788831710815,0.4002736210823059,0.29685768485069275,0.30286866426467896,0.9157546201215608,0.6697488455392047,0,0,0.554747462272644,0.3146088719367981,0.0009010434150695801,0.00015303492546081543,-0.00021622329950332642,0.007276654243469238,0.001855999231338501,-0.007680177688598633,0.037216126918792725,0.12103254524068759
Stage1,S1_036,5.0,0.005,0.0,0.0,42,1.8267126083374023,107,monotonic_hybrid,0.7793498635292053,0.22358658909797668,0.09067006409168243,1.2835838794708252,0.15300489962100983,0.049914468079805374,0.10076922923326492,0.05085476115345955,0.17224344611167908,0.19130434095859528,0.0190608948469162,0.39555230736732483,0.29681116342544556,0.3076365888118744,0.9221767708545137,0.6791822317565438,0,0,0.5547487735748291,0.3146213889122009,-0.0006782412528991699,0.00020240247249603271,-0.0009897276759147644,4.887580871582031e-06,-0.00206930935382843,-0.008922427892684937,-0.028601258993148804,-0.08695087378789153
Stage1,S1_036,5.0,0.005,0.0,0.0,50,1.6607474088668823,108,monotonic_hybrid,0.7351230382919312,0.22280339896678925,0.08286257833242416,1.2926658391952515,0.18974141776561737,0.05210400000214577,0.0930769219994545,0.04097292199730873,0.18659372627735138,0.25,0.06340627372264862,0.4002133309841156,0.29394617676734924,0.30584049224853516,0.9173215483959422,0.6930749247951411,0,0,0.554747462272644,0.3146093189716339,-0.00015169382095336914,-0.0006163567304611206,-0.000806167721748352,-0.0005759000778198242,-0.005158185958862305,-0.008744195103645325,-0.03181585669517517,-0.02063090356953543
Stage1,S1_036,5.0,0.005,0.0,0.0,40,1.722550868988037,109,monotonic_hybrid,0.7262740135192871,0.22133319079875946,0.08137908577919006,1.0637325048446655,0.136892169713974,0.0472431443631649,0.08769230544567108,0.04044916108250618,0.17864413559436798,0.1599999964237213,0.018644139170646667,0.3988233506679535,0.29642876982688904,0.30474793910980225,0.9171645517000586,0.7002389531106953,0,0,0.5547489523887634,0.3146268427371979,0.0015355944633483887,-0.0001331120729446411,-0.0001512765884399414,0.007290959358215332,0.0006157606840133667,-0.006478250026702881,0.009540677070617676,0.21188258038654692
Stage1,S1_036,5.0,0.005,0.0,0.0,33,1.7461674213409424,110,monotonic_hybrid,0.7101516723632812,0.2194894701242447,0.07454583048820496,1.2576048374176025,0.15761376917362213,0.05823175236582756,0.08538461476564407,0.027152862399816513,0.18689832091331482,0.19658119976520538,0.009682878851890564,0.3956788182258606,0.29502907395362854,0.30929213762283325,0.9274662852455802,0.6699671594042677,0,0,0.5547505617141724,0.3146435618400574,0.0007818937301635742,0.00021532177925109863,-0.0012307539582252502,0.00044476985931396484,-0.002163901925086975,-0.014754153788089752,-0.038483768701553345,0.11022371599621889
Stage1,S1_037,5.0,0.01,0.0,0.0,43,1.7239633798599243,101,monotonic_hybrid,0.7694839835166931,0.23072141408920288,0.07828664779663086,1.244070053100586,0.15671369433403015,0.05349400267004967,0.08692307770252228,0.03342907503247261,0.18611390888690948,0.19847328960895538,0.012359380722045898,0.3924528956413269,0.29551154375076294,0.31203553080558777,0.9186301242375776,0.6503382871599889,0,0,0.5549622774124146,0.31408798694610596,0.00043904781341552734,-0.0004795193672180176,-0.0005638226866722107,0.0011821985244750977,-0.002430558204650879,-0.00948256254196167,-0.034274324774742126,0.057090007752801354
Stage1,S1_037,5.0,0.01,0.0,0.0,43,1.5895217657089233,102,monotonic_hybrid,0.7368462681770325,0.2169552445411682,0.07926392555236816,1.4773378372192383,0.19844475388526917,0.045225828886032104,0.08923076838254929,0.04400493949651718,0.17253237962722778,0.2539682686328888,0.08143588900566101,0.39607247710227966,0.29529085755348206,0.30863669514656067,0.9235790244352056,0.6424457513013493,0,0,0.554962694644928,0.3140832185745239,-0.0006676912307739258,-0.0001373291015625,-0.0012314915657043457,-0.01592695713043213,-0.007030129432678223,-0.009442944079637527,-0.034891530871391296,-0.09053269056901032
Stage1,S1_037,5.0,0.01,0.0,0.0,50,1.6632490158081055,103,monotonic_hybrid,0.7089667916297913,0.22197233140468597,0.07853482663631439,1.1730409860610962,0.12895473837852478,0.04503975063562393,0.08538461476564407,0.04034486413002014,0.15790309011936188,0.14159291982650757,0.01631017029285431,0.398852676153183,0.29472118616104126,0.30642610788345337,0.9166165823868663,0.6445249057814225,0,0,0.5549607872962952,0.31406351923942566,0.0003933906555175781,-0.0008472353219985962,-0.00040981918573379517,0.0013816356658935547,0.0009635835886001587,-0.007490340620279312,-0.002571903169155121,0.05551868796890684
Stage1,S1_037,5.0,0.01,0.0,0.0,49,1.784219741821289,104,monotonic_hybrid,0.7199246287345886,0.22699598968029022,0.0721919909119606,1.2361726760864258,0.1503198742866516,0.06096803396940231,0.07999999821186066,0.019031964242458344,0.1847468763589859,0.18110236525535583,0.003644511103630066,0.39563390612602234,0.2944123148918152,0.3099537491798401,0.9174752936355896,0.6708878228537803,0,0,0.5549595355987549,0.3140815496444702,0.0018819570541381836,-0.0012515336275100708,-0.00039740651845932007,0.006474614143371582,-0.0006933510303497314,-0.013438485562801361,-0.026871025562286377,0.26209543365073273
Stage1,S1_037,5.0,0.01,0.0,0.0,43,1.7063668966293335,105,monotonic_hybrid,0.703288733959198,0.2201087325811386,0.07118286937475204,1.1453149318695068,0.13013839721679688,0.05521951615810394,0.07538461685180664,0.020165100693702698,0.19942167401313782,0.1376146823167801,0.06180699169635773,0.403008371591568,0.2943223714828491,0.30266931653022766,0.9155620748541212,0.6730518541707865,0,0,0.5549622774124146,0.31408560276031494,0.0016826391220092773,0.0002234727144241333,0.00022076815366744995,0.0053446292877197266,0.0027899593114852905,-0.008342664688825607,0.027804940938949585,0.23982675384251648
Stage1,S1_037,5.0,0.01,0.0,0.0,50,1.648655891418457,106,monotonic_hybrid,0.7453718185424805,0.22512444853782654,0.07655776292085648,1.1949281692504883,0.12274137139320374,0.05010228604078293,0.08384615182876587,0.03374386578798294,0.1953093409538269,0.14851485192775726,0.04679448902606964,0.39866766333580017,0.2969529926776886,0.3043793737888336,0.9160256587040487,0.669448237183371,0,0,0.5549604892730713,0.31406041979789734,0.0009080767631530762,0.00015529990196228027,-0.00021757185459136963,0.007359147071838379,0.0018761977553367615,-0.007730614393949509,0.03740982711315155,0.12197729885174806
Stage1,S1_037,5.0,0.01,0.0,0.0,42,1.8263118267059326,107,monotonic_hybrid,0.7793484926223755,0.22359025478363037,0.09066552668809891,1.2835688591003418,0.15299798548221588,0.04996490478515625,0.10076922923326492,0.05080432444810867,0.17238953709602356,0.19130434095859528,0.018914803862571716,0.39398983120918274,0.2968760132789612,0.3091341555118561,0.9224272555086096,0.6788965286774697,0,0,0.5549634695053101,0.3140856623649597,-0.0006796121597290039,0.00020606815814971924,-0.000994265079498291,-1.0132789611816406e-05,-0.0020762234926223755,-0.008972864598035812,-0.028747349977493286,-0.0871266247411494
Stage1,S1_037,5.0,0.01,0.0,0.0,50,1.6601802110671997,108,monotonic_hybrid,0.7351287603378296,0.22280721366405487,0.08285977691411972,1.2926604747772217,0.1897231787443161,0.052145399153232574,0.0930769219994545,0.040931522846221924,0.18673188984394073,0.25,0.06326811015605927,0.39861220121383667,0.2940346896648407,0.3073531687259674,0.9175798609877489,0.6928201531631755,0,0,0.5549605488777161,0.3140612840652466,-0.00014597177505493164,-0.0006125420331954956,-0.0008089691400527954,-0.0005812644958496094,-0.005176424980163574,-0.008785594254732132,-0.031954020261764526,-0.019852684810134483
Stage1,S1_037,5.0,0.01,0.0,0.0,40,1.7221710681915283,109,monotonic_hybrid,0.7262839078903198,0.22133749723434448,0.08137639611959457,1.063778042793274,0.1368982195854187,0.047304607927799225,0.08769230544567108,0.04038769751787186,0.17883411049842834,0.1599999964237213,0.01883411407470703,0.3972700238227844,0.29649582505226135,0.30623412132263184,0.9174290893460487,0.6999546939015988,0,0,0.5549638271331787,0.3140965700149536,0.0015454888343811035,-0.00012880563735961914,-0.0001539662480354309,0.0073364973068237305,0.0006218105554580688,-0.006539713591337204,0.00973065197467804,0.21324781379663763
Stage1,S1_037,5.0,0.01,0.0,0.0,33,1.7457088232040405,110,monotonic_hybrid,0.7101565599441528,0.2194933146238327,0.0745418444275856,1.257616639137268,0.1576094627380371,0.058297060430049896,0.08538461476564407,0.027087554335594177,0.18708060681819916,0.19658119976520538,0.009500592947006226,0.39417678117752075,0.29506784677505493,0.3107553720474243,0.9277035164250168,0.6697124988934126,0,0,0.5549675226211548,0.31413039565086365,0.0007867813110351562,0.00021916627883911133,-0.0012347400188446045,0.0004565715789794922,-0.002168208360671997,-0.014819461852312088,-0.03866605460643768,0.1109127192521794
Stage1,S1_038,5.0,0.02,0.0,0.0,43,1.7230088710784912,101,monotonic_hybrid,0.7694979906082153,0.2307271808385849,0.07828105986118317,1.244088053703308,0.15670105814933777,0.053626760840415955,0.08692307770252228,0.03329631686210632,0.18649962544441223,0.19847328960895538,0.011973664164543152,0.38932687044143677,0.29562583565711975,0.3150472640991211,0.9191666245343483,0.6496618322788571,0,0,0.5553591251373291,0.3130001425743103,0.00045305490493774414,-0.00047375261783599854,-0.0005694106221199036,0.0012001991271972656,-0.0024431943893432617,-0.009615320712327957,-0.03466004133224487,0.05891136966183045
Stage1,S1_038,5.0,0.02,0.0,0.0,43,1.5881425142288208,102,monotonic_hybrid,0.7368454933166504,0.21696223318576813,0.07925517857074738,1.4772059917449951,0.19839151203632355,0.04530475288629532,0.08923076838254929,0.04392601549625397,0.17284543812274933,0.2539682686328888,0.08112283051013947,0.39293113350868225,0.2954259216785431,0.31164294481277466,0.9240722497046787,0.6418226621989934,0,0,0.5553596615791321,0.31299054622650146,-0.0006684660911560059,-0.00013034045696258545,-0.0012402385473251343,-0.016058802604675293,-0.00708337128162384,-0.009521868079900742,-0.03520458936691284,-0.09063775439488045
Stage1,S1_038,5.0,0.02,0.0,0.0,50,1.66199791431427,103,monotonic_hybrid,0.7089825868606567,0.22197850048542023,0.07853053510189056,1.1730701923370361,0.12896740436553955,0.0451311431825161,0.08538461476564407,0.040253471583127975,0.15821467339992523,0.14159291982650757,0.016621753573417664,0.3956405818462372,0.29489195346832275,0.3094674348831177,0.9171743067992927,0.6438181008942445,0,0,0.55535489320755,0.31295040249824524,0.00040918588638305664,-0.0008410662412643433,-0.0004141107201576233,0.001410841941833496,0.0009762495756149292,-0.007581733167171478,-0.0022603198885917664,0.057747847410082646
Stage1,S1_038,5.0,0.02,0.0,0.0,49,1.783491611480713,104,monotonic_hybrid,0.7199627161026001,0.22700077295303345,0.07219083607196808,1.2362608909606934,0.1503230482339859,0.061121854931116104,0.07999999821186066,0.018878143280744553,0.18509656190872192,0.18110236525535583,0.003994196653366089,0.3924872875213623,0.29456084966659546,0.31295186281204224,0.918021315988622,0.6702625967135482,0,0,0.5553540587425232,0.31298673152923584,0.0019200444221496582,-0.0012467503547668457,-0.00039856135845184326,0.00656282901763916,-0.0006901770830154419,-0.013592306524515152,-0.026521340012550354,0.26739976576268615
Stage1,S1_038,5.0,0.02,0.0,0.0,43,1.7054252624511719,105,monotonic_hybrid,0.7033225297927856,0.22011607885360718,0.07118700444698334,1.1454107761383057,0.13018284738063812,0.05535413324832916,0.07538461685180664,0.020030483603477478,0.19978612661361694,0.1376146823167801,0.06217144429683685,0.39986735582351685,0.29448771476745605,0.3056448996067047,0.9160687661278446,0.6724637113447917,0,0,0.5553590059280396,0.3129953145980835,0.0017164349555969238,0.0002308189868927002,0.00022490322589874268,0.005440473556518555,0.002834409475326538,-0.008477281779050827,0.02816939353942871,0.2446436780163991
Stage1,S1_038,5.0,0.02,0.0,0.0,50,1.6473774909973145,106,monotonic_hybrid,0.7453858256340027,0.22512894868850708,0.07655507326126099,1.1950932741165161,0.12278192490339279,0.05020306631922722,0.08384615182876587,0.03364308550953865,0.1956956833600998,0.14851485192775726,0.04718083143234253,0.3954581916332245,0.29713115096092224,0.30741065740585327,0.9165656951800646,0.6688480239359371,0,0,0.555354118347168,0.3129442036151886,0.000922083854675293,0.00015980005264282227,-0.00022026151418685913,0.007524251937866211,0.0019167512655258179,-0.007831394672393799,0.03779616951942444,0.1238587996873346
Stage1,S1_038,5.0,0.02,0.0,0.0,42,1.8255062103271484,107,monotonic_hybrid,0.7793458104133606,0.2235974818468094,0.09065645933151245,1.283538579940796,0.15298433601856232,0.05006582289934158,0.10076922923326492,0.05070340633392334,0.1726812720298767,0.19130434095859528,0.018623068928718567,0.3908674418926239,0.2969937026500702,0.31213879585266113,0.9229261924310507,0.6783262317604308,0,0,0.5553611516952515,0.31299567222595215,-0.0006822943687438965,0.00021329522132873535,-0.0010033324360847473,-4.0411949157714844e-05,-0.00208987295627594,-0.009073782712221146,-0.029039084911346436,-0.08747048530187136
Stage1,S1_038,5.0,0.02,0.0,0.0,50,1.6590420007705688,108,monotonic_hybrid,0.7351402044296265,0.2228148728609085,0.08285418897867203,1.2926498651504517,0.18968690931797028,0.05222820118069649,0.0930769219994545,0.04084872081875801,0.1870075911283493,0.25,0.0629924088716507,0.3954123556613922,0.29419949650764465,0.31038814783096313,0.9180946332843402,0.6923112735057743,0,0,0.5553542375564575,0.3129459321498871,-0.00013452768325805664,-0.0006048828363418579,-0.0008145570755004883,-0.0005918741226196289,-0.005212694406509399,-0.008868396282196045,-0.032229721546173096,-0.018296247291332595
Stage1,S1_038,5.0,0.02,0.0,0.0,40,1.7214076519012451,109,monotonic_hybrid,0.7263036370277405,0.2213461548089981,0.0813710168004036,1.063869595527649,0.13691046833992004,0.047427646815776825,0.08769230544567108,0.04026465862989426,0.17921359837055206,0.1599999964237213,0.01921360194683075,0.3941653072834015,0.29661795496940613,0.3092166781425476,0.9179561320768816,0.6993867288204644,0,0,0.5553625226020813,0.31301766633987427,0.0015652179718017578,-0.00012014806270599365,-0.0001593455672264099,0.0074280500411987305,0.0006340593099594116,-0.006662752479314804,0.010110139846801758,0.21597005631916788
Stage1,S1_038,5.0,0.02,0.0,0.0,33,1.7447867393493652,110,monotonic_hybrid,0.7101665735244751,0.2195010781288147,0.07453393936157227,1.2576401233673096,0.15760110318660736,0.05842766538262367,0.08538461476564407,0.0269569493830204,0.18744464218616486,0.19658119976520538,0.009136557579040527,0.3911744952201843,0.2951340675354004,0.3136914074420929,0.9281757658109208,0.6692043447012195,0,0,0.5553712844848633,0.3130866289138794,0.0007967948913574219,0.00022692978382110596,-0.0012426450848579407,0.0004800558090209961,-0.0021765679121017456,-0.014950066804885864,-0.03903008997440338,0.1123243356790253
Stage1,S1_039,5.0,0.05,0.0,0.0,43,1.7201220989227295,101,monotonic_hybrid,0.7695443034172058,0.23074719309806824,0.07826456427574158,1.2441729307174683,0.15666645765304565,0.05402711033821106,0.08692307770252228,0.03289596736431122,0.18764078617095947,0.19847328960895538,0.01083250343799591,0.37996894121170044,0.2958717346191406,0.32415932416915894,0.9207610879070216,0.647641444550463,0,0,0.5562984347343445,0.3095893859863281,0.0004993677139282227,-0.00045374035835266113,-0.0005859062075614929,0.0012850761413574219,-0.002477794885635376,-0.010015670210123062,-0.035801202058792114,0.06493348967593941
Stage1,S1_039,5.0,0.05,0.0,0.0,43,1.5839756727218628,102,monotonic_hybrid,0.736844539642334,0.216983363032341,0.07922936230897903,1.476815104484558,0.19823382794857025,0.045539259910583496,0.08923076838254929,0.04369150847196579,0.17377649247646332,0.2539682686328888,0.08019177615642548,0.38352933526039124,0.29573461413383484,0.3207360506057739,0.9255352835593533,0.6399666875755133,0,0,0.5562970638275146,0.30956554412841797,-0.0006694197654724121,-0.00010921061038970947,-0.0012660548090934753,-0.016449689865112305,-0.007241055369377136,-0.009756375104188919,-0.03613564372062683,-0.09076706371902829
Stage1,S1_039,5.0,0.05,0.0,0.0,50,1.6582183837890625,103,monotonic_hybrid,0.7090302109718323,0.22199717164039612,0.07851791381835938,1.173160195350647,0.12900596857070923,0.045404188334941864,0.08538461476564407,0.03998042643070221,0.15914270281791687,0.14159291982650757,0.017549782991409302,0.38602736592292786,0.2953050136566162,0.31866759061813354,0.9188306179095982,0.6417087675582059,0,0,0.5562788248062134,0.3094598054885864,0.00045680999755859375,-0.0008223950862884521,-0.00042673200368881226,0.001500844955444336,0.001014813780784607,-0.007854778319597244,-0.0013322904706001282,0.0644689734232882
Stage1,S1_039,5.0,0.05,0.0,0.0,49,1.7812713384628296,104,monotonic_hybrid,0.7200788855552673,0.22701536118984222,0.07218781858682632,1.2365285158157349,0.15033389627933502,0.06158502399921417,0.07999999821186066,0.018414974212646484,0.18614332377910614,0.18110236525535583,0.005040958523750305,0.3830640912055969,0.29490533471107483,0.32203057408332825,0.9196420430520661,0.6683898122809333,0,0,0.5562873482704163,0.3095529079437256,0.0020362138748168945,-0.0012321621179580688,-0.0004015788435935974,0.006830453872680664,-0.0006793290376663208,-0.01405547559261322,-0.025474578142166138,0.2835783937536052
Stage1,S1_039,5.0,0.05,0.0,0.0,43,1.7025753259658813,105,monotonic_hybrid,0.7034246325492859,0.2201380729675293,0.07119965553283691,1.1457017660140991,0.13031671941280365,0.05575769767165184,0.07538461685180664,0.0196269191801548,0.2008742392063141,0.1376146823167801,0.063259556889534,0.39046069979667664,0.294887512922287,0.3146517872810364,0.9175761285438001,0.6707076755388449,0,0,0.5562974214553833,0.3095771372318268,0.001818537712097168,0.00025281310081481934,0.00023755431175231934,0.005731463432312012,0.0029682815074920654,-0.008880846202373505,0.029257506132125854,0.25919639602320854
Stage1,S1_039,5.0,0.05,0.0,0.0,50,1.6435136795043945,106,monotonic_hybrid,0.7454286217689514,0.2251424640417099,0.07654719054698944,1.1955920457839966,0.12290459126234055,0.05050436779856682,0.08384615182876587,0.03334178403019905,0.1968456655740738,0.14851485192775726,0.04833081364631653,0.3858531713485718,0.2975655496120453,0.31658121943473816,0.9181694134458876,0.6670556044642033,0,0,0.5562758445739746,0.30944377183914185,0.0009648799896240234,0.0001733154058456421,-0.00022814422845840454,0.00802302360534668,0.0020394176244735718,-0.008132696151733398,0.03894615173339844,0.12960738521904153
Stage1,S1_039,5.0,0.05,0.0,0.0,42,1.8230535984039307,107,monotonic_hybrid,0.7793386578559875,0.22361929714679718,0.0906294509768486,1.2834498882293701,0.1529444307088852,0.05036897957324982,0.10076922923326492,0.050400249660015106,0.17355342209339142,0.19130434095859528,0.017750918865203857,0.3815235197544098,0.29725033044815063,0.3212261497974396,0.924406485409536,0.6766242303106695,0,0,0.5563015937805176,0.3095793128013611,-0.0006894469261169434,0.00023511052131652832,-0.0010303407907485962,-0.0001291036605834961,-0.002129778265953064,-0.00937693938612938,-0.029911234974861145,-0.08838744679712991
Stage1,S1_039,5.0,0.05,0.0,0.0,50,1.6555901765823364,108,monotonic_hybrid,0.7351749539375305,0.2228381186723709,0.08283763378858566,1.2926198244094849,0.18957972526550293,0.052476488053798676,0.0930769219994545,0.04060043394565582,0.18782863020896912,0.25,0.062171369791030884,0.3858354687690735,0.29459574818611145,0.3195687532424927,0.9196238818947672,0.6907897342465498,0,0,0.556276261806488,0.30944788455963135,-9.97781753540039e-05,-0.0005816370248794556,-0.000831112265586853,-0.0006219148635864258,-0.005319878458976746,-0.009116683155298233,-0.03305076062679291,-0.013570189617053951
Stage1,S1_039,5.0,0.05,0.0,0.0,40,1.7190923690795898,109,monotonic_hybrid,0.7263641953468323,0.2213726043701172,0.08135505020618439,1.0641474723815918,0.1369483321905136,0.04779776185750961,0.08769230544567108,0.03989454358816147,0.18034832179546356,0.1599999964237213,0.02034832537174225,0.3848690092563629,0.29688867926597595,0.3182423412799835,0.9195207440834984,0.6976872699848121,0,0,0.5563092827796936,0.30963611602783203,0.0016257762908935547,-9.369850158691406e-05,-0.00017531216144561768,0.0077059268951416016,0.0006719231605529785,-0.007032867521047592,0.011244863271713257,0.2243259427327351
Stage1,S1_039,5.0,0.05,0.0,0.0,44,1.7419050931930542,110,monotonic_hybrid,0.7099142074584961,0.2196400761604309,0.07470975071191788,1.2575117349624634,0.157440185546875,0.05496696010231972,0.08538461476564407,0.030417654663324356,0.18262320756912231,0.19658119976520538,0.013957992196083069,0.38149553537368774,0.29555249214172363,0.322952002286911,0.9296862354244917,0.6677250280857,0,0,0.5562934875488281,0.30954378843307495,0.000544428825378418,0.0003659278154373169,-0.001066833734512329,0.0003516674041748047,-0.0023374855518341064,-0.01148936152458191,-0.03420865535736084,0.07674824073101565
Stage1,S1_040,5.0,0.1,0.0,0.0,43,1.7152312994003296,101,monotonic_hybrid,0.7696217894554138,0.23077678680419922,0.07823821157217026,1.2442916631698608,0.15661150217056274,0.054693467915058136,0.08692307770252228,0.03222960978746414,0.18955565989017487,0.19847328960895538,0.008917629718780518,0.3644593358039856,0.29595544934272766,0.33958518505096436,0.9233668271023464,0.6443053632663984,0,0,0.557026743888855,0.3034290075302124,0.0005768537521362305,-0.0004241466522216797,-0.0006122589111328125,0.00140380859375,-0.002532750368118286,-0.010682027786970139,-0.03771607577800751,0.0750091087471642
Stage1,S1_040,5.0,0.1,0.0,0.0,43,1.576941967010498,102,monotonic_hybrid,0.7368466258049011,0.21701936423778534,0.07918775081634521,1.4761810302734375,0.19797854125499725,0.04592203348875046,0.08923076838254929,0.04330873489379883,0.1752995103597641,0.2539682686328888,0.0786687582731247,0.36795148253440857,0.29592397809028625,0.33612459897994995,0.9279174324364516,0.6369179692592313,0,0,0.5570176839828491,0.3033822774887085,-0.0006673336029052734,-7.320940494537354e-05,-0.001307666301727295,-0.01708376407623291,-0.007496342062950134,-0.01013914868235588,-0.03765866160392761,-0.09048419957245488
Stage1,S1_040,5.0,0.1,0.0,0.0,50,1.6518419981002808,103,monotonic_hybrid,0.7091108560562134,0.22202852368354797,0.07849759608507156,1.1733165979385376,0.12907204031944275,0.045855049043893814,0.08538461476564407,0.03952956572175026,0.160665363073349,0.14159291982650757,0.01907244324684143,0.37010082602500916,0.2956588864326477,0.3342403173446655,0.9215335537297324,0.6382308630633372,0,0,0.5569607019424438,0.3031541705131531,0.0005374550819396973,-0.0007910430431365967,-0.00044704973697662354,0.001657247543334961,0.0010808855295181274,-0.008305639028549194,0.00019036978483200073,0.0758503044569141
Stage1,S1_040,5.0,0.1,0.0,0.0,49,1.7774542570114136,104,monotonic_hybrid,0.7202788591384888,0.22704052925109863,0.07218433916568756,1.2369844913482666,0.150356262922287,0.062361568212509155,0.07999999821186066,0.0176384299993515,0.1878778636455536,0.18110236525535583,0.006775498390197754,0.36743584275245667,0.2951412796974182,0.3374228775501251,0.9222838105891058,0.6652816791304922,0,0,0.5570071339607239,0.30334657430648804,0.00223618745803833,-0.0012069940567016602,-0.00040505826473236084,0.007286429405212402,-0.0006569623947143555,-0.014832019805908203,-0.02374003827571869,0.311428212588666
Stage1,S1_040,5.0,0.1,0.0,0.0,49,1.6977392435073853,105,monotonic_hybrid,0.7045947909355164,0.22018025815486908,0.0714879184961319,1.1510924100875854,0.13263489305973053,0.060495879501104355,0.07538461685180664,0.014888737350702286,0.21479086577892303,0.1376146823167801,0.07717618346214294,0.37438106536865234,0.2954331636428833,0.33018577098846436,0.9201283783833859,0.6678250015118471,0,0,0.5569713711738586,0.30320000648498535,0.0029886960983276367,0.00029499828815460205,0.0005258172750473022,0.01112210750579834,0.005286455154418945,-0.01361902803182602,0.0431741327047348,0.4259792097474836
Stage1,S1_040,5.0,0.1,0.0,0.0,50,1.6369868516921997,106,monotonic_hybrid,0.745502769947052,0.22516559064388275,0.07653484493494034,1.1964409351348877,0.12311365455389023,0.05100056156516075,0.08384615182876587,0.03284559026360512,0.19874058663845062,0.14851485192775726,0.05022573471069336,0.36994120478630066,0.2979525923728943,0.33210617303848267,0.9207867566372672,0.664095661629766,0,0,0.5569514036178589,0.303119957447052,0.0010390281677246094,0.00019644200801849365,-0.00024048984050750732,0.008871912956237793,0.0022484809160232544,-0.008628889918327332,0.04084107279777527,0.13956733006784852
Stage1,S1_040,5.0,0.1,0.0,0.0,42,1.818852186203003,107,monotonic_hybrid,0.7793287634849548,0.22365567088127136,0.0905851423740387,1.2833094596862793,0.1528816521167755,0.05087488144636154,0.10076922923326492,0.04989434778690338,0.17499475181102753,0.19130434095859528,0.01630958914756775,0.3660452663898468,0.29735299944877625,0.33660173416137695,0.9268174565662421,0.6738172288463301,0,0,0.5570285320281982,0.3034132122993469,-0.0006993412971496582,0.00027148425579071045,-0.0010746493935585022,-0.0002695322036743164,-0.002192556858062744,-0.009882841259241104,-0.03135256469249725,-0.08965591019890423
Stage1,S1_040,5.0,0.1,0.0,0.0,50,1.6497198343276978,108,monotonic_hybrid,0.7352306246757507,0.22287574410438538,0.08281096071004868,1.2925655841827393,0.18940697610378265,0.052891675382852554,0.0930769219994545,0.040185246616601944,0.189185231924057,0.25,0.06081476807594299,0.36996784806251526,0.2949254512786865,0.33510667085647583,0.9221212397091008,0.6882704197176608,0,0,0.5569527745246887,0.3031277656555176,-4.410743713378906e-05,-0.0005440115928649902,-0.0008577853441238403,-0.0006761550903320312,-0.0054926276206970215,-0.009531870484352112,-0.0344073623418808,-0.0059987696037156054
Stage1,S1_040,5.0,0.1,0.0,0.0,40,1.7151503562927246,109,monotonic_hybrid,0.7264686226844788,0.22141805291175842,0.0813288539648056,1.064620018005371,0.13701485097408295,0.04841764271259308,0.08769230544567108,0.039274662733078,0.18222513794898987,0.1599999964237213,0.022225141525268555,0.3694528043270111,0.29701754450798035,0.33352968096733093,0.9220722007376378,0.6948704600468232,0,0,0.5570564866065979,0.30353155732154846,0.001730203628540039,-4.824995994567871e-05,-0.00020150840282440186,0.008178472518920898,0.0007384419441223145,-0.007652748376131058,0.013121679425239563,0.2387349122175478
Stage1,S1_040,5.0,0.1,0.0,0.0,44,1.7368987798690796,110,monotonic_hybrid,0.7099317312240601,0.21966660022735596,0.07466783374547958,1.2575786113739014,0.15738274157047272,0.055536624044179916,0.08538461476564407,0.029847990721464157,0.18445304036140442,0.19658119976520538,0.012128159403800964,0.36592304706573486,0.2957121729850769,0.33836477994918823,0.9320643981721217,0.6652634818355365,0,0,0.5570061802864075,0.30333492159843445,0.0005619525909423828,0.0003924518823623657,-0.0011087507009506226,0.00041854381561279297,-0.002394929528236389,-0.012059025466442108,-0.036038488149642944,0.079218569477996
Stage1,S1_041,5.0,0.2,0.0,0.0,43,1.7051993608474731,101,monotonic_hybrid,0.7697927355766296,0.2308400720357895,0.07819138467311859,1.2445749044418335,0.15652810037136078,0.05600827559828758,0.08692307770252228,0.030914802104234695,0.19326995313167572,0.19847328960895538,0.005203336477279663,0.33390524983406067,0.29488953948020935,0.37120521068573,0.9283750243694903,0.6377579797011728,0,0,0.5553763508796692,0.28945672512054443,0.0007477998733520508,-0.0003608614206314087,-0.0006590858101844788,0.0016870498657226562,-0.0026161521673202515,-0.011996835470199585,-0.04143036901950836,0.0972374745135278
Stage1,S1_041,5.0,0.2,0.0,0.0,48,1.5625187158584595,102,monotonic_hybrid,0.7369861006736755,0.2169959843158722,0.07910358905792236,1.4768866300582886,0.19788824021816254,0.04822298139333725,0.08923076838254929,0.041007786989212036,0.18034020066261292,0.2539682686328888,0.07362806797027588,0.3365204930305481,0.295390248298645,0.3680892586708069,0.9325974133045465,0.6310220054456065,0,0,0.5552007555961609,0.28898686170578003,-0.0005278587341308594,-9.658932685852051e-05,-0.0013918280601501465,-0.016378164291381836,-0.007586643099784851,-0.012440096586942673,-0.04269935190677643,-0.07157271091583248
Stage1,S1_041,5.0,0.2,0.0,0.0,50,1.6388592720031738,103,monotonic_hybrid,0.709274172782898,0.22209249436855316,0.07845841348171234,1.1736340522766113,0.12920081615447998,0.04673371464014053,0.08538461476564407,0.03865090012550354,0.16355285048484802,0.14159291982650757,0.021959930658340454,0.3387444019317627,0.2950955927371979,0.36616000533103943,0.926715694368579,0.6314206986176452,0,0,0.5551533699035645,0.28885626792907715,0.0007007718086242676,-0.0007270723581314087,-0.00048623234033584595,0.0019747018814086914,0.0012096613645553589,-0.009184304624795914,0.003077857196331024,0.09889897188642996
Stage1,S1_041,5.0,0.2,0.0,0.0,49,1.769418716430664,104,monotonic_hybrid,0.7207010388374329,0.22709409892559052,0.07218343019485474,1.2379271984100342,0.15041647851467133,0.06392408162355423,0.07999999821186066,0.016075916588306427,0.19128865003585815,0.18110236525535583,0.01018628478050232,0.3366204500198364,0.2943425476551056,0.3690369725227356,0.9273360892983021,0.6591356074845061,0,0,0.5553306341171265,0.2892586588859558,0.002658367156982422,-0.0011534243822097778,-0.00040596723556518555,0.00822913646697998,-0.0005967468023300171,-0.016394533216953278,-0.020329251885414124,0.3702241192380655
Stage1,S1_041,5.0,0.2,0.0,0.0,49,1.687650442123413,105,monotonic_hybrid,0.7050139307975769,0.22027958929538727,0.07155341655015945,1.1522570848464966,0.1331373006105423,0.061802297830581665,0.07538461685180664,0.013582319021224976,0.21821145713329315,0.1376146823167801,0.08059677481651306,0.34314674139022827,0.29505693912506104,0.3617962598800659,0.9249722828790753,0.6621520664712611,0,0,0.5551924705505371,0.2889484465122223,0.0034078359603881836,0.00039432942867279053,0.0005913153290748596,0.012286782264709473,0.005788862705230713,-0.01492544636130333,0.04659472405910492,0.48571926405214444
Stage1,S1_041,5.0,0.2,0.0,0.0,50,1.6236600875854492,106,monotonic_hybrid,0.7456507682800293,0.22521062195301056,0.07651126384735107,1.1981440782546997,0.12353797256946564,0.051981061697006226,0.08384615182876587,0.031865090131759644,0.20238521695137024,0.14851485192775726,0.053870365023612976,0.3386162221431732,0.29744547605514526,0.3639383614063263,0.9258091744040573,0.6582793518683474,0,0,0.5551234483718872,0.2887815833091736,0.0011870265007019043,0.00024147331714630127,-0.00026407092809677124,0.010575056076049805,0.0026727989315986633,-0.009609390050172806,0.044485703110694885,0.15944718783279047
Stage1,S1_041,5.0,0.2,0.0,0.0,42,1.8100513219833374,107,monotonic_hybrid,0.7793170809745789,0.22372853755950928,0.09049942344427109,1.283053994178772,0.15276998281478882,0.05188557505607605,0.10076922923326492,0.04888365417718887,0.1778215765953064,0.19130434095859528,0.01348276436328888,0.3355754315853119,0.29632627964019775,0.36809831857681274,0.9314226231676073,0.6683146357504306,0,0,0.5553741455078125,0.2894454300403595,-0.0007110238075256348,0.0003443509340286255,-0.0011603683233261108,-0.0005249977111816406,-0.0023042261600494385,-0.010893534868955612,-0.03417938947677612,-0.09115361397449319
Stage1,S1_041,5.0,0.2,0.0,0.0,50,1.6376008987426758,108,monotonic_hybrid,0.7353569865226746,0.2229582518339157,0.0827590823173523,1.2924975156784058,0.18908239901065826,0.053714316338300705,0.0930769219994545,0.03936260566115379,0.19179286062717438,0.25,0.05820713937282562,0.3387196958065033,0.2943284213542938,0.3669518530368805,0.9269169434958778,0.6832913417754831,0,0,0.5551266074180603,0.28879302740097046,8.225440979003906e-05,-0.00046150386333465576,-0.000909663736820221,-0.0007442235946655273,-0.005817204713821411,-0.010354511439800262,-0.03701499104499817,0.011186894666388562
Stage1,S1_041,5.0,0.2,0.0,0.0,40,1.7069817781448364,109,monotonic_hybrid,0.7266899347305298,0.22151397168636322,0.0812782347202301,1.0655946731567383,0.13715989887714386,0.049665674567222595,0.08769230544567108,0.038026630878448486,0.18591254949569702,0.1599999964237213,0.025912553071975708,0.3390474319458008,0.2960521876811981,0.3649003803730011,0.9269572127304865,0.6893002776052531,0,0,0.5554695725440979,0.2896946668624878,0.0019515156745910645,4.766881465911865e-05,-0.00025212764739990234,0.009153127670288086,0.0008834898471832275,-0.008900780230760574,0.016809090971946716,0.26927172939626337
Stage1,S1_041,5.0,0.2,0.0,0.0,44,1.7265498638153076,110,monotonic_hybrid,0.7099807262420654,0.21972061693668365,0.07458939403295517,1.2577627897262573,0.15729041397571564,0.05666903033852577,0.08538461476564407,0.0287155844271183,0.18803103268146515,0.19658119976520538,0.008550167083740234,0.33526626229286194,0.294796347618103,0.36993736028671265,0.9365752251614319,0.6604436579825141,0,0,0.5553042888641357,0.28926247358322144,0.0006109476089477539,0.0004464685916900635,-0.0011871904134750366,0.00060272216796875,-0.0024872571229934692,-0.013191431760787964,-0.039616480469703674,0.08612540699506355
Stage1,S1_042,5.0,0.4,0.0,0.0,43,1.6844658851623535,101,monotonic_hybrid,0.7701893448829651,0.23097844421863556,0.07811760902404785,1.2453086376190186,0.15644867718219757,0.058563232421875,0.08692307770252228,0.028359845280647278,0.20024187862873077,0.19847328960895538,0.0017685890197753906,0.27566611766815186,0.28787124156951904,0.4364626705646515,0.9375392139636254,0.625204052677649,0,0,0.5402798652648926,0.2562098205089569,0.0011444091796875,-0.00022248923778533936,-0.0007328614592552185,0.002420783042907715,-0.0026955753564834595,-0.014551792293787003,-0.044865116477012634,0.14880914320578142
Stage1,S1_042,5.0,0.4,0.0,0.0,48,1.5329276323318481,102,monotonic_hybrid,0.7371265292167664,0.2172577828168869,0.07889343798160553,1.4741833209991455,0.19676609337329865,0.05055874213576317,0.08923076838254929,0.03867202624678612,0.18768788874149323,0.2539682686328888,0.06628037989139557,0.2774234116077423,0.2889779210090637,0.43359866738319397,0.9409679682579354,0.6198506350384437,0,0,0.539728581905365,0.2551876902580261,-0.00038743019104003906,0.00016520917415618896,-0.00160197913646698,-0.019081473350524902,-0.008708789944648743,-0.014775857329368591,-0.05004703998565674,-0.05253191293506223
Stage1,S1_042,5.0,0.4,0.0,0.0,50,1.612390160560608,103,monotonic_hybrid,0.709609866142273,0.22222252190113068,0.07839272171258926,1.174350380897522,0.12948474287986755,0.048404283821582794,0.08538461476564407,0.03698033094406128,0.16896462440490723,0.14159291982650757,0.027371704578399658,0.2790296673774719,0.2889042794704437,0.43206605315208435,0.9361599002359957,0.6184146496843292,0,0,0.5395730137825012,0.254894882440567,0.0010364651679992676,-0.000597044825553894,-0.0005519241094589233,0.002691030502319336,0.0014935880899429321,-0.010854873806238174,0.008489631116390228,0.14627491895323047
Stage1,S1_042,5.0,0.4,0.0,0.0,49,1.7520955801010132,104,monotonic_hybrid,0.7216117978096008,0.22720853984355927,0.07220570743083954,1.2398957014083862,0.15059472620487213,0.0670214518904686,0.07999999821186066,0.01297854632139206,0.19775110483169556,0.18110236525535583,0.01664873957633972,0.27781882882118225,0.28775063157081604,0.4344305098056793,0.9364984565586517,0.647229721177693,0,0,0.5401115417480469,0.25572270154953003,0.0035691261291503906,-0.0010389834642410278,-0.0003836899995803833,0.010197639465332031,-0.0004184991121292114,-0.019491903483867645,-0.013866797089576721,0.4970632345285955
Stage1,S1_042,5.0,0.4,0.0,0.0,49,1.6668699979782104,105,monotonic_hybrid,0.7058719992637634,0.22047795355319977,0.07168803364038467,1.1546109914779663,0.1341085135936737,0.06429583579301834,0.07538461685180664,0.0110887810587883,0.22455918788909912,0.1376146823167801,0.08694450557231903,0.2834664583206177,0.2892838418483734,0.4272496700286865,0.9339219044680204,0.6512422030753813,0,0,0.5396840572357178,0.2550661265850067,0.004265904426574707,0.0005926936864852905,0.0007259324193000793,0.0146406888961792,0.006760075688362122,-0.017418984323740005,0.05294245481491089,0.608019864417602
Stage1,S1_042,5.0,0.4,0.0,0.0,50,1.5964112281799316,106,monotonic_hybrid,0.7459505796432495,0.22529886662960052,0.07646967470645905,1.2015674114227295,0.12440269440412521,0.05386948212981224,0.08384615182876587,0.02997666969895363,0.20912642776966095,0.14851485192775726,0.060611575841903687,0.2789647877216339,0.29132184386253357,0.4297133684158325,0.9350031140361761,0.6470699728991445,0,0,0.5394822359085083,0.2547348141670227,0.0014868378639221191,0.0003297179937362671,-0.00030566006898880005,0.01399838924407959,0.0035375207662582397,-0.01149781048297882,0.051226913928985596,0.19971931210087662
Stage1,S1_042,5.0,0.4,0.0,0.0,42,1.7911630868911743,107,monotonic_hybrid,0.7793263792991638,0.22387544810771942,0.09034068882465363,1.2826448678970337,0.15259738266468048,0.053874675184488297,0.10076922923326492,0.04689455404877663,0.18319299817085266,0.19130434095859528,0.008111342787742615,0.27753695845603943,0.2893807291984558,0.4330822825431824,0.9397534655144015,0.6577595718715203,0,0,0.5403084754943848,0.2562776207923889,-0.0007017254829406738,0.0004912614822387695,-0.001319102942943573,-0.0009341239929199219,-0.002476826310157776,-0.012882634997367859,-0.03955081105232239,-0.08996156403065708
Stage1,S1_042,5.0,0.4,0.0,0.0,50,1.6123024225234985,108,monotonic_hybrid,0.7356308698654175,0.22313465178012848,0.08266405761241913,1.292427659034729,0.18851782381534576,0.05533073469996452,0.0930769219994545,0.037746187299489975,0.19661535322666168,0.25,0.05338464677333832,0.27916470170021057,0.2881264090538025,0.43270888924598694,0.9356979553891402,0.6735649358935821,0,0,0.5394773483276367,0.25472939014434814,0.000356137752532959,-0.0002851039171218872,-0.0010046884417533875,-0.0008140802383422852,-0.006381779909133911,-0.01197092980146408,-0.041837483644485474,0.0484360113272983
Stage1,S1_042,5.0,0.4,0.0,0.0,47,1.6896722316741943,109,monotonic_hybrid,0.7279845476150513,0.22242309153079987,0.08093961328268051,1.0696486234664917,0.13744984567165375,0.05405443534255028,0.08769230544567108,0.033637870103120804,0.19652961194515228,0.1599999964237213,0.03652961552143097,0.27876418828964233,0.2900705337524414,0.43116530776023865,0.936267686722194,0.6784861508971589,0,0,0.5398403406143188,0.25537264347076416,0.003246128559112549,0.0009567886590957642,-0.0005907490849494934,0.013207077980041504,0.0011734366416931152,-0.013289541006088257,0.027426153421401978,0.4479034743792156
Stage1,S1_042,5.0,0.4,0.0,0.0,44,1.7048648595809937,110,monotonic_hybrid,0.710124671459198,0.2198302000761032,0.07445516437292099,1.258287787437439,0.15718913078308105,0.05886857956647873,0.08538461476564407,0.026516035199165344,0.1947673261165619,0.19658119976520538,0.0018138736486434937,0.2768765389919281,0.2880552113056183,0.435068279504776,0.9446139940153212,0.6511975649609033,0,0,0.5400711297988892,0.2558289170265198,0.0007548928260803223,0.0005560517311096191,-0.0013214200735092163,0.0011277198791503906,-0.0025885403156280518,-0.015390980988740921,-0.046352773904800415,0.10641739313097363
Stage1,S1_043,6.0,0.005,0.0,0.0,43,1.9229024648666382,101,monotonic_hybrid,0.7696459889411926,0.23065155744552612,0.07825074344873428,1.2451757192611694,0.15661554038524628,0.05442877113819122,0.08692307770252228,0.032494306564331055,0.18917517364025116,0.19847328960895538,0.009298115968704224,0.39401671290397644,0.2954483926296234,0.31053483486175537,0.9183609988124393,0.6506770199192514,0,0,0.5547481775283813,0.31462252140045166,0.0006010532379150391,-0.0005493760108947754,-0.0005997270345687866,0.0022878646850585938,-0.0025287121534347534,-0.010417331010103226,-0.0373355895280838,0.07815580208786978
Stage1,S1_043,6.0,0.005,0.0,0.0,43,1.7736104726791382,102,monotonic_hybrid,0.7369771599769592,0.21696007251739502,0.07916436344385147,1.4763307571411133,0.1978900283575058,0.04614684358239174,0.08923076838254929,0.04308392480015755,0.17564429342746735,0.2539682686328888,0.07832397520542145,0.3976441025733948,0.295217365026474,0.3071385622024536,0.9233314076975154,0.6427581265513502,0,0,0.5547484159469604,0.31462013721466064,-0.000536799430847168,-0.00013250112533569336,-0.0013310536742210388,-0.01693403720855713,-0.007584854960441589,-0.010363958775997162,-0.03800344467163086,-0.07278498582971853
Stage1,S1_043,6.0,0.005,0.0,0.0,50,1.857580542564392,103,monotonic_hybrid,0.7091666460037231,0.22198604047298431,0.07850177586078644,1.173492193222046,0.12908920645713806,0.04579867422580719,0.08538461476564407,0.039585940539836884,0.16083818674087524,0.14159291982650757,0.019245266914367676,0.40045982599258423,0.29462969303131104,0.30491048097610474,0.9163367037302312,0.6448789921953221,0,0,0.5547475814819336,0.3146103620529175,0.0005932450294494629,-0.0008335262537002563,-0.00044286996126174927,0.0018328428268432617,0.00109805166721344,-0.00824926421046257,0.00036319345235824585,0.08372386384159543
Stage1,S1_043,6.0,0.005,0.0,0.0,49,1.9931217432022095,104,monotonic_hybrid,0.7202376127243042,0.2269415259361267,0.07218296825885773,1.23720121383667,0.15031644701957703,0.06192556023597717,0.07999999821186066,0.018074437975883484,0.18730047345161438,0.18110236525535583,0.006198108196258545,0.3972075581550598,0.2943316102027893,0.3084608316421509,0.9172012810533312,0.6712003995936685,0,0,0.5547468662261963,0.3146192133426666,0.0021949410438537598,-0.001305997371673584,-0.0004064291715621948,0.007503151893615723,-0.0006967782974243164,-0.01439601182937622,-0.024317428469657898,0.3056839280480216
Stage1,S1_043,6.0,0.005,0.0,0.0,43,1.904805064201355,105,monotonic_hybrid,0.7035552263259888,0.22013084590435028,0.07120699435472488,1.1462411880493164,0.1303899884223938,0.05600109323859215,0.07538461685180664,0.019383523613214493,0.20181694626808167,0.1376146823167801,0.06420226395130157,0.40457937121391296,0.2942337691783905,0.30118685960769653,0.9153079917335292,0.6733464247077889,0,0,0.5547481775283813,0.31462129950523376,0.0019491314888000488,0.0002455860376358032,0.0002448931336402893,0.006270885467529297,0.0030415505170822144,-0.009124241769313812,0.030200213193893433,0.2778099425222859
Stage1,S1_043,6.0,0.005,0.0,0.0,50,1.8377392292022705,106,monotonic_hybrid,0.7455523014068604,0.22513079643249512,0.07654247432947159,1.1961864233016968,0.12302537262439728,0.0508112758398056,0.08384615182876587,0.033034875988960266,0.19830280542373657,0.14851485192775726,0.04978795349597931,0.4002735912799835,0.29685771465301514,0.30286869406700134,0.9157546389291563,0.6697488465923317,0,0,0.5547474026679993,0.3146088123321533,0.001088559627532959,0.00016164779663085938,-0.00023286044597625732,0.008617401123046875,0.002160198986530304,-0.008439604192972183,0.04040329158306122,0.14622063727794388
Stage1,S1_043,6.0,0.005,0.0,0.0,42,2.0373682975769043,107,monotonic_hybrid,0.7794032692909241,0.22361008822917938,0.09058323502540588,1.2842402458190918,0.15289360284805298,0.05083877965807915,0.10076922923326492,0.049930449575185776,0.17498794198036194,0.19130434095859528,0.016316398978233337,0.3955521285533905,0.29681119322776794,0.30763664841651917,0.9221767948364703,0.6791822256167047,0,0,0.5547488331794739,0.3146213889122009,-0.0006248354911804199,0.00022590160369873047,-0.0010765567421913147,0.0006612539291381836,-0.0021806061267852783,-0.00984673947095871,-0.031345754861831665,-0.08010422795662772
Stage1,S1_043,6.0,0.005,0.0,0.0,50,1.853797197341919,108,monotonic_hybrid,0.7352656722068787,0.2227359265089035,0.0827939435839653,1.2934184074401855,0.18935760855674744,0.05301973968744278,0.0930769219994545,0.04005718231201172,0.18955574929714203,0.25,0.06044425070285797,0.40021321177482605,0.29394620656967163,0.30584055185317993,0.9173215663775913,0.6930749275198932,0,0,0.554747462272644,0.3146092891693115,-9.059906005859375e-06,-0.0006838291883468628,-0.0008748024702072144,0.0001766681671142578,-0.005541995167732239,-0.009659934788942337,-0.03477787971496582,-0.001232179702384827
Stage1,S1_043,6.0,0.005,0.0,0.0,40,1.9218827486038208,109,monotonic_hybrid,0.7265477776527405,0.22133710980415344,0.08135922253131866,1.0650349855422974,0.13698409497737885,0.04793865606188774,0.08769230544567108,0.03975364938378334,0.1813381165266037,0.1599999964237213,0.021338120102882385,0.3988231122493744,0.2964288294315338,0.3047481179237366,0.9171645953106649,0.7002389285246307,0,0,0.5547488331794739,0.31462669372558594,0.0018093585968017578,-0.00012919306755065918,-0.00017113983631134033,0.008593440055847168,0.0007076859474182129,-0.00717376172542572,0.012234658002853394,0.24965677949827345
Stage1,S1_043,6.0,0.005,0.0,0.0,33,1.9453967809677124,110,monotonic_hybrid,0.7104484438896179,0.2195265144109726,0.07449034601449966,1.258453130722046,0.1575438529253006,0.059263505041599274,0.08538461476564407,0.0261211097240448,0.18967628479003906,0.19658119976520538,0.006904914975166321,0.39567849040031433,0.2950291931629181,0.30929234623908997,0.9274663281825423,0.6699671453612084,0,0,0.5547505617141724,0.3146434426307678,0.0010786652565002441,0.0002523660659790039,-0.001286238431930542,0.0012930631637573242,-0.0022338181734085083,-0.015785906463861465,-0.04126173257827759,0.1520596575989917
Stage1,S1_044,6.0,0.01,0.0,0.0,43,1.9223299026489258,101,monotonic_hybrid,0.7696545720100403,0.23065434396266937,0.07824797928333282,1.245193362236023,0.15661002695560455,0.05450042709708214,0.08692307770252228,0.03242265060544014,0.18938033282756805,0.19847328960895538,0.009092956781387329,0.39245232939720154,0.2955116629600525,0.31203603744506836,0.9186302185351194,0.6503382095128135,0,0,0.5549622774124146,0.31408774852752686,0.0006096363067626953,-0.0005465894937515259,-0.0006024911999702454,0.0023055076599121094,-0.002534225583076477,-0.01048898696899414,-0.037540748715400696,0.07927187066191314
Stage1,S1_044,6.0,0.01,0.0,0.0,43,1.772783637046814,102,monotonic_hybrid,0.7369779348373413,0.21696382761001587,0.07915984839200974,1.476263403892517,0.19786235690116882,0.046189360320568085,0.08923076838254929,0.0430414080619812,0.17581160366535187,0.2539682686328888,0.07815666496753693,0.39607205986976624,0.295291006565094,0.30863699316978455,0.9235790895076174,0.6424457426473414,0,0,0.5549626350402832,0.3140830099582672,-0.0005360245704650879,-0.00012874603271484375,-0.0013355687260627747,-0.01700139045715332,-0.0076125264167785645,-0.010406475514173508,-0.03817075490951538,-0.0726799220038484
Stage1,S1_044,6.0,0.01,0.0,0.0,50,1.8568298816680908,103,monotonic_hybrid,0.7091761827468872,0.22198936343193054,0.07849960029125214,1.173511028289795,0.12909650802612305,0.04584795609116554,0.08538461476564407,0.03953665867447853,0.16100576519966125,0.14159291982650757,0.019412845373153687,0.3988524079322815,0.2947213053703308,0.3064262866973877,0.9166166353386931,0.6445248972852834,0,0,0.5549607276916504,0.3140633702278137,0.0006027817726135254,-0.0008302032947540283,-0.000445045530796051,0.0018516778945922852,0.0011053532361984253,-0.008298546075820923,0.0005307719111442566,0.08506977142872044
Stage1,S1_044,6.0,0.01,0.0,0.0,49,1.9926841259002686,104,monotonic_hybrid,0.7202593088150024,0.22694392502307892,0.07218258082866669,1.2372528314590454,0.15031881630420685,0.06200873851776123,0.07999999821186066,0.017991259694099426,0.1874871850013733,0.18110236525535583,0.006384819746017456,0.3956328332424164,0.2944120764732361,0.30995506048202515,0.9174754290537551,0.670887490228375,0,0,0.5549596548080444,0.3140811324119568,0.002216637134552002,-0.0013035982847213745,-0.00040681660175323486,0.007554769515991211,-0.0006944090127944946,-0.014479190111160278,-0.024130716919898987,0.3087054881243143
Stage1,S1_044,6.0,0.01,0.0,0.0,43,1.9042396545410156,105,monotonic_hybrid,0.7035744786262512,0.22013476490974426,0.07120935618877411,1.1462968587875366,0.1304141879081726,0.05607377365231514,0.07538461685180664,0.0193108431994915,0.20201097428798676,0.1376146823167801,0.06439629197120667,0.4030078053474426,0.2943224608898163,0.3026697337627411,0.9155621568413241,0.673051811844905,0,0,0.5549622178077698,0.3140853941440582,0.0019683837890625,0.00024950504302978516,0.00024725496768951416,0.006326556205749512,0.003065750002861023,-0.009196922183036804,0.030394241213798523,0.2805539751645506
Stage1,S1_044,6.0,0.01,0.0,0.0,50,1.8369733095169067,106,monotonic_hybrid,0.745560884475708,0.22513318061828613,0.07654115557670593,1.1962804794311523,0.12304810434579849,0.050865013152360916,0.08384615182876587,0.03298113867640495,0.19850610196590424,0.14851485192775726,0.04999125003814697,0.3986673653125763,0.296953022480011,0.30437949299812317,0.9160256947225128,0.6694482314172616,0,0,0.5549604296684265,0.31406036019325256,0.0010971426963806152,0.000164031982421875,-0.00023417919874191284,0.008711457252502441,0.0021829307079315186,-0.008493341505527496,0.04060658812522888,0.14737355693889903
Stage1,S1_044,6.0,0.01,0.0,0.0,42,2.0368847846984863,107,monotonic_hybrid,0.7794026136398315,0.2236139327287674,0.09057847410440445,1.2842289209365845,0.15288706123828888,0.05089333653450012,0.10076922923326492,0.0498758926987648,0.17514370381832123,0.19130434095859528,0.016160637140274048,0.39398953318595886,0.29687613248825073,0.3091343641281128,0.9224273100676451,0.678896526011058,0,0,0.5549634695053101,0.31408554315567017,-0.0006254911422729492,0.00022974610328674316,-0.001081317663192749,0.0006499290466308594,-0.0021871477365493774,-0.009901296347379684,-0.031501516699790955,-0.08018828276035976
Stage1,S1_044,6.0,0.01,0.0,0.0,50,1.8531150817871094,108,monotonic_hybrid,0.7352727055549622,0.2227398157119751,0.08279110491275787,1.2934186458587646,0.18933922052383423,0.05306418612599373,0.0930769219994545,0.04001273587346077,0.18970130383968353,0.25,0.06029869616031647,0.39861196279525757,0.2940347194671631,0.30735328793525696,0.9175799008124665,0.692820164394922,0,0,0.5549604892730713,0.3140612840652466,-2.0265579223632812e-06,-0.0006799399852752686,-0.0008776411414146423,0.00017690658569335938,-0.005560383200645447,-0.009704381227493286,-0.034923434257507324,-0.0002756191439545008
Stage1,S1_044,6.0,0.01,0.0,0.0,40,1.9214253425598145,109,monotonic_hybrid,0.7265593409538269,0.22134175896644592,0.08135645091533661,1.065089225769043,0.13699130713939667,0.04800492525100708,0.08769230544567108,0.039687380194664,0.18153978884220123,0.1599999964237213,0.02153979241847992,0.3972695767879486,0.2964959144592285,0.30623453855514526,0.9174291728061449,0.6999546520502129,0,0,0.5549638271331787,0.3140963912010193,0.0018209218978881836,-0.0001245439052581787,-0.000173911452293396,0.008647680282592773,0.0007148981094360352,-0.007240030914545059,0.012436330318450928,0.2512522932425963
Stage1,S1_044,6.0,0.01,0.0,0.0,33,1.9448432922363281,110,monotonic_hybrid,0.7104554176330566,0.21953073143959045,0.07448631525039673,1.2584725618362427,0.15754026174545288,0.059334106743335724,0.08538461476564407,0.02605050802230835,0.18987137079238892,0.19658119976520538,0.006709828972816467,0.3941761553287506,0.29506802558898926,0.31075578927993774,0.9277036067904058,0.6697124853144847,0,0,0.5549675226211548,0.31413018703460693,0.0010856389999389648,0.0002565830945968628,-0.0012902691960334778,0.0013124942779541016,-0.0022374093532562256,-0.015856508165597916,-0.04145681858062744,0.15304274761054512
Stage1,S1_045,6.0,0.02,0.0,0.0,43,1.9211814403533936,101,monotonic_hybrid,0.7696719765663147,0.23065988719463348,0.07824249565601349,1.2452296018600464,0.1565992683172226,0.0546436607837677,0.08692307770252228,0.03227941691875458,0.18978974223136902,0.19847328960895538,0.008683547377586365,0.38932564854621887,0.29562604427337646,0.3150482773780823,0.9191668049994981,0.6496616762867187,0,0,0.5553591847419739,0.3129997253417969,0.0006270408630371094,-0.0005410462617874146,-0.0006079748272895813,0.002341747283935547,-0.002544984221458435,-0.010632220655679703,-0.03795015811920166,0.0815350097148344
Stage1,S1_045,6.0,0.02,0.0,0.0,43,1.771125078201294,102,monotonic_hybrid,0.7369796633720398,0.21697138249874115,0.07915086299180984,1.4761292934417725,0.19780726730823517,0.04627406597137451,0.08923076838254929,0.042956702411174774,0.1761450320482254,0.2539682686328888,0.07782323658466339,0.3929302990436554,0.29542621970176697,0.3116435110569,0.9240723822535419,0.64182264918406,0,0,0.5553596019744873,0.3129902184009552,-0.0005342960357666016,-0.00012119114398956299,-0.0013445541262626648,-0.01713550090789795,-0.007667616009712219,-0.010491181164979935,-0.038504183292388916,-0.07244554885383044
Stage1,S1_045,6.0,0.02,0.0,0.0,50,1.8553245067596436,103,monotonic_hybrid,0.7091951370239258,0.22199603915214539,0.07849529385566711,1.1735490560531616,0.12911121547222137,0.04594632610678673,0.08538461476564407,0.039438288658857346,0.16133983433246613,0.14159291982650757,0.019746914505958557,0.39563998579978943,0.29489216208457947,0.30946779251098633,0.91717441361332,0.6438180914336123,0,0,0.5553547739982605,0.3129501938819885,0.0006217360496520996,-0.0008235275745391846,-0.000449351966381073,0.0018897056579589844,0.001120060682296753,-0.008396916091442108,0.0008648410439491272,0.08774476275813141
Stage1,S1_045,6.0,0.02,0.0,0.0,49,1.9918034076690674,104,monotonic_hybrid,0.7203029990196228,0.2269488126039505,0.07218188792467117,1.237356424331665,0.15032368898391724,0.062175311148166656,0.07999999821186066,0.017824687063694,0.18786020576953888,0.18110236525535583,0.006757840514183044,0.39248520135879517,0.29456040263175964,0.3129543960094452,0.9180215892807084,0.6702619768583604,0,0,0.5553542375564575,0.31298601627349854,0.0022603273391723633,-0.0012987107038497925,-0.0004075095057487488,0.00765836238861084,-0.0006895363330841064,-0.014645762741565704,-0.0237576961517334,0.31479011322300265
Stage1,S1_045,6.0,0.02,0.0,0.0,43,1.9031054973602295,105,monotonic_hybrid,0.7036129832267761,0.22014263272285461,0.07121410965919495,1.1464087963104248,0.130462646484375,0.05621907114982605,0.07538461685180664,0.01916554570198059,0.20239819586277008,0.1376146823167801,0.06478351354598999,0.3998662829399109,0.29448792338371277,0.30564576387405396,0.9160689220809216,0.6724636146591056,0,0,0.5553589463233948,0.31299489736557007,0.0020068883895874023,0.0002573728561401367,0.00025200843811035156,0.006438493728637695,0.0031142085790634155,-0.009342219680547714,0.030781462788581848,0.28604204044908005
Stage1,S1_045,6.0,0.02,0.0,0.0,50,1.835436224937439,106,monotonic_hybrid,0.7455780506134033,0.22513791918754578,0.07653851807117462,1.1964690685272217,0.12309370934963226,0.05097232386469841,0.08384615182876587,0.03287382796406746,0.19891129434108734,0.14851485192775726,0.05039644241333008,0.39545777440071106,0.2971312999725342,0.30741092562675476,0.9165657686055736,0.6688480218932966,0,0,0.555354118347168,0.31294411420822144,0.0011143088340759277,0.00016877055168151855,-0.00023681670427322388,0.008900046348571777,0.0022285357117652893,-0.00860065221786499,0.04101178050041199,0.1496793962608093
Stage1,S1_045,6.0,0.02,0.0,0.0,42,2.0359127521514893,107,monotonic_hybrid,0.7794013619422913,0.2236216813325882,0.09056899696588516,1.284206748008728,0.15287412703037262,0.051002468913793564,0.10076922923326492,0.04976676031947136,0.1754547357559204,0.19130434095859528,0.015849605202674866,0.39086684584617615,0.2969939708709717,0.3121391832828522,0.9229263019088176,0.6783262388706256,0,0,0.5553611516952515,0.31299543380737305,-0.0006267428398132324,0.00023749470710754395,-0.0010907948017120361,0.0006277561187744141,-0.002200081944465637,-0.010010428726673126,-0.03181254863739014,-0.08034875102203
Stage1,S1_045,6.0,0.02,0.0,0.0,50,1.8517450094223022,108,monotonic_hybrid,0.7352866530418396,0.22274766862392426,0.0827854573726654,1.2934190034866333,0.1893027275800705,0.053153034299612045,0.0930769219994545,0.03992388769984245,0.18999145925045013,0.25,0.060008540749549866,0.3954119384288788,0.2941996157169342,0.310388445854187,0.9180947057335043,0.6923112833261331,0,0,0.555354118347168,0.31294572353363037,1.1920928955078125e-05,-0.0006720870733261108,-0.0008832886815071106,0.00017726421356201172,-0.00559687614440918,-0.009793229401111603,-0.035213589668273926,0.0016212890820852988
Stage1,S1_045,6.0,0.02,0.0,0.0,40,1.9205068349838257,109,monotonic_hybrid,0.726582944393158,0.22135108709335327,0.0813508853316307,1.0651979446411133,0.13700589537620544,0.04813758283853531,0.08769230544567108,0.03955472260713577,0.18194250762462616,0.1599999964237213,0.021942511200904846,0.3941642940044403,0.29661819338798523,0.30921754240989685,0.9179562919919105,0.6993866470239106,0,0,0.5553624629974365,0.313017338514328,0.0018445253372192383,-0.00011521577835083008,-0.0001794770359992981,0.008756399154663086,0.000729486346244812,-0.007372688502073288,0.012839049100875854,0.2545091151124512
Stage1,S1_045,6.0,0.02,0.0,0.0,33,1.9437319040298462,110,monotonic_hybrid,0.7104695439338684,0.21953918039798737,0.07447835057973862,1.2585117816925049,0.15753333270549774,0.05947525426745415,0.08538461476564407,0.025909360498189926,0.1902608424425125,0.19658119976520538,0.006320357322692871,0.3911733627319336,0.29513445496559143,0.31369221210479736,0.9281759429868042,0.669204323350403,0,0,0.5553712844848633,0.3130861818790436,0.0010997653007507324,0.0002650320529937744,-0.0012982338666915894,0.0013517141342163086,-0.0022443383932113647,-0.01599765568971634,-0.04184629023075104,0.1550341350698456
Stage1,S1_046,6.0,0.05,0.0,0.0,43,1.9177064895629883,101,monotonic_hybrid,0.7697258591651917,0.2306767851114273,0.07822652161121368,1.2453439235687256,0.15656907856464386,0.055072832852602005,0.08692307770252228,0.03185024484992027,0.19101086258888245,0.19847328960895538,0.007462427020072937,0.379966139793396,0.29587212204933167,0.32416173815727234,0.9207615248856513,0.6476411119639777,0,0,0.5562983155250549,0.3095882833003998,0.0006809234619140625,-0.0005241483449935913,-0.000623948872089386,0.002456068992614746,-0.0025751739740371704,-0.011061392724514008,-0.03917127847671509,0.08854144020743994
Stage1,S1_046,6.0,0.05,0.0,0.0,43,1.7661144733428955,102,monotonic_hybrid,0.7369861602783203,0.21699434518814087,0.07912442088127136,1.4757336378097534,0.19764460623264313,0.04652533307671547,0.08923076838254929,0.042705435305833817,0.17713508009910583,0.2539682686328888,0.07683318853378296,0.3835272789001465,0.29573529958724976,0.32073742151260376,0.9255356117584878,0.6399666701835324,0,0,0.5562969446182251,0.3095646798610687,-0.000527799129486084,-9.822845458984375e-05,-0.0013709962368011475,-0.017531156539916992,-0.00783027708530426,-0.010742448270320892,-0.03949423134326935,-0.07156462908307323
Stage1,S1_046,6.0,0.05,0.0,0.0,50,1.8507779836654663,103,monotonic_hybrid,0.7092527151107788,0.22201618552207947,0.07848264276981354,1.1736652851104736,0.12915587425231934,0.04623981937766075,0.08538461476564407,0.03914479538798332,0.1623331904411316,0.14159291982650757,0.020740270614624023,0.38602596521377563,0.2953054904937744,0.31866854429244995,0.9188308742079815,0.6417087470886413,0,0,0.5562787055969238,0.30945926904678345,0.000679314136505127,-0.0008033812046051025,-0.00046200305223464966,0.002005934715270996,0.0011647194623947144,-0.008690409362316132,0.0018581971526145935,0.09587067981539868
Stage1,S1_046,6.0,0.05,0.0,0.0,49,1.9891176223754883,104,monotonic_hybrid,0.7204368710517883,0.22696387767791748,0.07218033820390701,1.2376710176467896,0.15033993124961853,0.06267748028039932,0.07999999821186066,0.017322517931461334,0.1889762133359909,0.18110236525535583,0.00787384808063507,0.3830591142177582,0.2949044108390808,0.322036474943161,0.9196426844476345,0.6683884617119553,0,0,0.556287407875061,0.3095509707927704,0.0023941993713378906,-0.0012836456298828125,-0.00040905922651290894,0.007972955703735352,-0.0006732940673828125,-0.01514793187379837,-0.022641688585281372,0.3334341350124353
Stage1,S1_046,6.0,0.05,0.0,0.0,43,1.8996723890304565,105,monotonic_hybrid,0.7037299275398254,0.22016599774360657,0.07122865319252014,1.146748423576355,0.13060840964317322,0.05665441229939461,0.07538461685180664,0.018730204552412033,0.20355314016342163,0.1376146823167801,0.06593845784664154,0.3904581069946289,0.2948880195617676,0.3146539330482483,0.9175765176499743,0.6707074727730066,0,0,0.5562973022460938,0.3095760941505432,0.0021238327026367188,0.00028073787689208984,0.0002665519714355469,0.006778120994567871,0.0032599717378616333,-0.009777560830116272,0.0319364070892334,0.3027101272729914
Stage1,S1_046,6.0,0.05,0.0,0.0,50,1.8307912349700928,106,monotonic_hybrid,0.7456299662590027,0.2251521646976471,0.0765308141708374,1.197038173675537,0.12323149293661118,0.05129291117191315,0.08384615182876587,0.03255324065685272,0.20011596381664276,0.14851485192775726,0.0516011118888855,0.3858520984649658,0.2975659966468811,0.3165819048881531,0.9181695961565954,0.6670556072845093,0,0,0.5562758445739746,0.30944329500198364,0.001166224479675293,0.00018301606178283691,-0.0002445206046104431,0.009469151496887207,0.0023663192987442017,-0.008921239525079727,0.04221644997596741,0.1566529589322811
Stage1,S1_046,6.0,0.05,0.0,0.0,42,2.032953977584839,107,monotonic_hybrid,0.7793983221054077,0.2236449271440506,0.0905407965183258,1.2841429710388184,0.1528366059064865,0.05133014917373657,0.10076922923326492,0.04943908005952835,0.17638365924358368,0.19130434095859528,0.014920681715011597,0.38152191042900085,0.297250896692276,0.321227103471756,0.924406756018649,0.6766242512530006,0,0,0.5563014149665833,0.30957871675491333,-0.0006297826766967773,0.0002607405185699463,-0.0011189952492713928,0.0005639791488647461,-0.0022376030683517456,-0.010338108986616135,-0.032741472125053406,-0.08073845965751489
Stage1,S1_046,6.0,0.05,0.0,0.0,50,1.8475894927978516,108,monotonic_hybrid,0.7353249192237854,0.2227696180343628,0.08276912569999695,1.2934114933013916,0.18919536471366882,0.05342114344239235,0.0930769219994545,0.03965577855706215,0.19086392223834991,0.25,0.059136077761650085,0.3858344554901123,0.2945961356163025,0.3195694088935852,0.9196240567205114,0.6907897548070363,0,0,0.5562762022018433,0.3094474673271179,5.0187110900878906e-05,-0.0006501376628875732,-0.0008996203541755676,0.0001697540283203125,-0.005704239010810852,-0.010061338543891907,-0.036086052656173706,0.006825627035579108
Stage1,S1_046,6.0,0.05,0.0,0.0,40,1.917720079421997,109,monotonic_hybrid,0.7266545295715332,0.22137948870658875,0.08133435249328613,1.065527319908142,0.13705074787139893,0.048536647111177444,0.08769230544567108,0.03915565833449364,0.18314558267593384,0.1599999964237213,0.023145586252212524,0.38486647605895996,0.2968892753124237,0.3182443380355835,0.9195211556500781,0.6976871062560397,0,0,0.5563091039657593,0.30963510274887085,0.0019161105155944824,-8.681416511535645e-05,-0.00019600987434387207,0.009085774421691895,0.0007743388414382935,-0.007771752774715424,0.014042124152183533,0.26438649659148095
Stage1,S1_046,6.0,0.05,0.0,0.0,44,1.9402496814727783,110,monotonic_hybrid,0.710146963596344,0.2196594923734665,0.0746522769331932,1.2583160400390625,0.15733996033668518,0.055808018893003464,0.08538461476564407,0.02957659587264061,0.18540021777153015,0.19658119976520538,0.011180981993675232,0.38149362802505493,0.2955530881881714,0.3229532241821289,0.9296865226506063,0.6677250291909813,0,0,0.5562933087348938,0.30954301357269287,0.0007771849632263184,0.0003853440284729004,-0.0011243075132369995,0.0011559724807739258,-0.0024377107620239258,-0.012330420315265656,-0.03698566555976868,0.10955992017645205
Stage1,S1_047,6.0,0.1,0.0,0.0,43,1.9118220806121826,101,monotonic_hybrid,0.7698212265968323,0.23070529103279114,0.07820100337266922,1.245557427406311,0.15652458369731903,0.055789507925510406,0.08692307770252228,0.03113356977701187,0.19303417205810547,0.19847328960895538,0.0054391175508499146,0.36445391178131104,0.2959563136100769,0.33958977460861206,0.9233676768894817,0.6443048288417098,0,0,0.5570262670516968,0.3034266233444214,0.0007762908935546875,-0.0004956424236297607,-0.0006494671106338501,0.0026695728302001953,-0.0026196688413619995,-0.011778067797422409,-0.04119458794593811,0.10094220214125506
Stage1,S1_047,6.0,0.1,0.0,0.0,43,1.7576572895050049,102,monotonic_hybrid,0.7370014190673828,0.21703363955020905,0.07908203452825546,1.4750951528549194,0.19738224148750305,0.04693404585123062,0.08923076838254929,0.042296722531318665,0.1787487119436264,0.2539682686328888,0.07521955668926239,0.3679473102092743,0.2959253489971161,0.33612731099128723,0.9279180946355322,0.6369179464146757,0,0,0.5570172667503357,0.30338045954704285,-0.000512540340423584,-5.893409252166748e-05,-0.0014133825898170471,-0.018169641494750977,-0.008092641830444336,-0.011151161044836044,-0.04110786318778992,-0.06949567989670771
Stage1,S1_047,6.0,0.1,0.0,0.0,50,1.8431137800216675,103,monotonic_hybrid,0.7093486785888672,0.22205045819282532,0.07846095412969589,1.17384934425354,0.12922349572181702,0.046721450984478,0.08538461476564407,0.03866316378116608,0.16390371322631836,0.14159291982650757,0.02231079339981079,0.3700979948043823,0.2956598699092865,0.3342421352863312,0.9215340629075507,0.6382308369455518,0,0,0.5569603443145752,0.30315297842025757,0.0007752776145935059,-0.0007691085338592529,-0.0004836916923522949,0.0021899938583374023,0.001232340931892395,-0.009172040969133377,0.003428719937801361,0.10941387491084413
Stage1,S1_047,6.0,0.1,0.0,0.0,49,1.9845021963119507,104,monotonic_hybrid,0.7206664085388184,0.22698946297168732,0.07217955589294434,1.2382053136825562,0.15037138760089874,0.06351734697818756,0.07999999821186066,0.016482651233673096,0.1908208280801773,0.18110236525535583,0.009718462824821472,0.36742666363716125,0.2951398491859436,0.33743345737457275,0.9222849875318508,0.6652795101437803,0,0,0.5570064187049866,0.3033426105976105,0.00262373685836792,-0.001258060336112976,-0.00040984153747558594,0.008507251739501953,-0.0006418377161026001,-0.01598779857158661,-0.02079707384109497,0.36540124450090594
Stage1,S1_047,6.0,0.1,0.0,0.0,49,1.8938394784927368,105,monotonic_hybrid,0.7049035429954529,0.22019346058368683,0.07153084874153137,1.1522737741470337,0.13295334577560425,0.06129378080368042,0.07538461685180664,0.01409083604812622,0.21727226674556732,0.1376146823167801,0.07965758442878723,0.37437692284584045,0.2954340875148773,0.3301889896392822,0.9201290096583942,0.6678247734758752,0,0,0.5569708943367004,0.3031982183456421,0.00329744815826416,0.0003082007169723511,0.0005687475204467773,0.012303471565246582,0.005604907870292664,-0.014416929334402084,0.04565553367137909,0.46998567750888054
Stage1,S1_047,6.0,0.1,0.0,0.0,50,1.8229436874389648,106,monotonic_hybrid,0.7457178235054016,0.2251759171485901,0.07651849836111069,1.1979955434799194,0.12346406280994415,0.05182240903377533,0.08384615182876587,0.03202374279499054,0.2020859271287918,0.14851485192775726,0.053571075201034546,0.3699391186237335,0.297953337430954,0.3321074843406677,0.9207871285289018,0.6640956820180933,0,0,0.5569512248039246,0.30311912298202515,0.0012540817260742188,0.00020676851272583008,-0.0002568364143371582,0.010426521301269531,0.002598889172077179,-0.00945073738694191,0.044186413288116455,0.16845437268400257
Stage1,S1_047,6.0,0.1,0.0,0.0,42,2.027885913848877,107,monotonic_hybrid,0.7793959975242615,0.223683699965477,0.09049461036920547,1.2840445041656494,0.15277822315692902,0.05187665671110153,0.10076922923326492,0.04889257252216339,0.17791618406772614,0.19130434095859528,0.01338815689086914,0.36604204773902893,0.29735419154167175,0.3366037607192993,0.9268179987147482,0.6738172761020047,0,0,0.5570282340049744,0.3034118115901947,-0.0006321072578430176,0.0002995133399963379,-0.0011651813983917236,0.0004655122756958008,-0.0022959858179092407,-0.010884616523981094,-0.03427399694919586,-0.08103647214347391
Stage1,S1_047,6.0,0.1,0.0,0.0,50,1.8405286073684692,108,monotonic_hybrid,0.7353980541229248,0.22281047701835632,0.08274185657501221,1.2934242486953735,0.1890224665403366,0.05386402830481529,0.0930769219994545,0.039212893694639206,0.1922760158777237,0.25,0.057723984122276306,0.3699657618999481,0.294926255941391,0.3351080119609833,0.9221215934623337,0.688270461100971,0,0,0.5569525957107544,0.30312687158584595,0.0001233220100402832,-0.000609278678894043,-0.0009268894791603088,0.0001825094223022461,-0.005877137184143066,-0.01050422340631485,-0.037498146295547485,0.016772235554172416
Stage1,S1_047,6.0,0.1,0.0,0.0,40,1.9129753112792969,109,monotonic_hybrid,0.726777970790863,0.22142848372459412,0.0813072919845581,1.0660861730575562,0.13712920248508453,0.049204930663108826,0.08769230544567108,0.038487374782562256,0.18513184785842896,0.1599999964237213,0.02513185143470764,0.3694477677345276,0.2970186769962311,0.3335335850715637,0.9220730049027948,0.6948701798845249,0,0,0.5570559501647949,0.3035293221473694,0.0020395517349243164,-3.781914710998535e-05,-0.00022307038307189941,0.009644627571105957,0.0008527934551239014,-0.008440036326646805,0.01602838933467865,0.28141901702701017
Stage1,S1_047,6.0,0.1,0.0,0.0,44,1.9342138767242432,110,monotonic_hybrid,0.7101812362670898,0.21968895196914673,0.07460954040288925,1.258458137512207,0.15728922188282013,0.05642122030258179,0.08538461476564407,0.028963394463062286,0.18735267221927643,0.19658119976520538,0.009228527545928955,0.365919291973114,0.2957133650779724,0.3383673131465912,0.9320649669090731,0.665263504917328,0,0,0.557005763053894,0.3033333122730255,0.000811457633972168,0.0004148036241531372,-0.0011670440435409546,0.001298069953918457,-0.002488449215888977,-0.012943621724843979,-0.038938120007514954,0.11439134544690684
Stage1,S1_048,6.0,0.2,0.0,0.0,43,1.8997509479522705,101,monotonic_hybrid,0.7700291872024536,0.23076654970645905,0.07815644145011902,1.2460354566574097,0.15646423399448395,0.05720105767250061,0.08692307770252228,0.029722020030021667,0.19693966209888458,0.19847328960895538,0.0015336275100708008,0.33389541506767273,0.2948912978172302,0.37121331691741943,0.9283766200244631,0.6377572520327672,0,0,0.5553743243217468,0.2894516885280609,0.0009842514991760254,-0.00043438374996185303,-0.0006940290331840515,0.003147602081298828,-0.0026800185441970825,-0.013189617544412613,-0.045100077986717224,0.12798361363318064
Stage1,S1_048,6.0,0.2,0.0,0.0,48,1.740294337272644,102,monotonic_hybrid,0.7372322082519531,0.21708543598651886,0.07898211479187012,1.47576904296875,0.19721826910972595,0.04947309195995331,0.08923076838254929,0.03975767642259598,0.18432587385177612,0.2539682686328888,0.06964239478111267,0.33651357889175415,0.29539254307746887,0.368093878030777,0.9325985356228728,0.6310220385009987,0,0,0.5551994442939758,0.2889832854270935,-0.0002817511558532715,-7.137656211853027e-06,-0.0015133023262023926,-0.01749575138092041,-0.008256614208221436,-0.013690207153558731,-0.046685025095939636,-0.0382028234529291
Stage1,S1_048,6.0,0.2,0.0,0.0,50,1.8274881839752197,103,monotonic_hybrid,0.7095471620559692,0.22211965918540955,0.07842350751161575,1.1742680072784424,0.12937921285629272,0.04766319319605827,0.08538461476564407,0.0377214215695858,0.16702324151992798,0.14159291982650757,0.02543032169342041,0.3387388288974762,0.2950974404811859,0.3661637008190155,0.9267167100008089,0.6314206532387714,0,0,0.5551522374153137,0.2888534367084503,0.0009737610816955566,-0.0006999075412750244,-0.0005211383104324341,0.002608656883239746,0.001388058066368103,-0.010113783180713654,0.00654824823141098,0.1374255765678835
Stage1,S1_048,6.0,0.2,0.0,0.0,49,1.9747838973999023,104,monotonic_hybrid,0.7211496233940125,0.22704355418682098,0.07218525558710098,1.2393138408660889,0.15045283734798431,0.0652061253786087,0.07999999821186066,0.014793872833251953,0.1944456845521927,0.18110236525535583,0.013343319296836853,0.336604505777359,0.2943410575389862,0.3690544068813324,0.9273381840280377,0.6591327583571397,0,0,0.5553270578384399,0.2892504930496216,0.0031069517135620117,-0.001203969120979309,-0.0004041418433189392,0.009615778923034668,-0.0005603879690170288,-0.01767657697200775,-0.01717221736907959,0.4326973641121839
Stage1,S1_048,6.0,0.2,0.0,0.0,49,1.8816856145858765,105,monotonic_hybrid,0.7053725719451904,0.22029852867126465,0.07160287350416183,1.153595209121704,0.1334887146949768,0.062686987221241,0.07538461685180664,0.012697629630565643,0.22086051106452942,0.1376146823167801,0.08324582874774933,0.34313899278640747,0.2950587868690491,0.36180225014686584,0.9249735088163746,0.6621517866810633,0,0,0.5551907420158386,0.2889444828033447,0.003766477108001709,0.0004132688045501709,0.00064077228307724,0.013624906539916992,0.006140276789665222,-0.015810135751962662,0.049243777990341187,0.5368364294035586
Stage1,S1_048,6.0,0.2,0.0,0.0,50,1.8069218397140503,106,monotonic_hybrid,0.7458967566490173,0.22522294521331787,0.07649567723274231,1.1999335289001465,0.12393701821565628,0.052860066294670105,0.08384615182876587,0.030986085534095764,0.20586954057216644,0.14851485192775726,0.05735468864440918,0.3386121988296509,0.2974468469619751,0.363940954208374,0.9258098982335616,0.6582793772866657,0,0,0.5551227331161499,0.28877949714660645,0.0014330148696899414,0.0002537965774536133,-0.0002796575427055359,0.012364506721496582,0.0030718445777893066,-0.010488394647836685,0.04797002673149109,0.1924895450603037
Stage1,S1_048,6.0,0.2,0.0,0.0,42,2.0172698497772217,107,monotonic_hybrid,0.7794007062911987,0.2237616628408432,0.09040558338165283,1.2838777303695679,0.15267683565616608,0.05296711251139641,0.10076922923326492,0.047802116721868515,0.18091198801994324,0.19130434095859528,0.010392352938652039,0.3355690836906433,0.29632851481437683,0.36810246109962463,0.9314237033714314,0.6683147195836011,0,0,0.5553727746009827,0.28944215178489685,-0.0006273984909057617,0.00037747621536254883,-0.0012542083859443665,0.0002987384796142578,-0.00239737331867218,-0.01197507232427597,-0.037269800901412964,-0.08043280582576204
Stage1,S1_048,6.0,0.2,0.0,0.0,50,1.8259453773498535,108,monotonic_hybrid,0.735551655292511,0.22289611399173737,0.08268973231315613,1.2934741973876953,0.1887001395225525,0.054744720458984375,0.0930769219994545,0.03833220154047012,0.19500026106834412,0.25,0.054999738931655884,0.338715523481369,0.2943299412727356,0.3669545352458954,0.9269176610576325,0.6832914269745688,0,0,0.5551257729530334,0.28879088163375854,0.00027692317962646484,-0.0005236417055130005,-0.000979013741016388,0.00023245811462402344,-0.006199464201927185,-0.011384915560483932,-0.04022239148616791,0.03766254537684149
Stage1,S1_048,6.0,0.2,0.0,0.0,40,1.903141736984253,109,monotonic_hybrid,0.7270390391349792,0.2215322107076645,0.08125508576631546,1.067233920097351,0.1372988522052765,0.05055059492588043,0.08769230544567108,0.03714171051979065,0.18902181088924408,0.1599999964237213,0.029021814465522766,0.3390379846096039,0.29605430364608765,0.3649076819419861,0.9269587577723776,0.6892998626991353,0,0,0.5554676055908203,0.2896898090839386,0.0023006200790405273,6.590783596038818e-05,-0.0002752766013145447,0.010792374610900879,0.001022443175315857,-0.009785700589418411,0.019918352365493774,0.31744144073904196
Stage1,S1_048,6.0,0.2,0.0,0.0,44,1.9217338562011719,110,monotonic_hybrid,0.7102646231651306,0.21974855661392212,0.07453037053346634,1.2587984800338745,0.15721306204795837,0.057636089622974396,0.08538461476564407,0.027748525142669678,0.19116425514221191,0.19658119976520538,0.005416944622993469,0.3352590501308441,0.2947986125946045,0.3699423372745514,0.9365763424176973,0.6604437290820692,0,0,0.5553028583526611,0.289258748292923,0.0008948445320129395,0.00047440826892852783,-0.0012462139129638672,0.0016384124755859375,-0.0025646090507507324,-0.014158491045236588,-0.04274970293045044,0.1261464131918916
Stage1,S1_049,6.0,0.4,0.0,0.0,43,1.8747979402542114,101,monotonic_hybrid,0.7705047130584717,0.2309017926454544,0.0780891478061676,1.2471665143966675,0.15643621981143951,0.059935491532087326,0.08692307770252228,0.026987586170434952,0.20420882105827332,0.19847328960895538,0.005735531449317932,0.27564966678619385,0.2878742516040802,0.4364760220050812,0.9375420752907375,0.6252032173819362,0,0,0.5402731895446777,0.2561989724636078,0.0014597773551940918,-0.0002991408109664917,-0.0007613226771354675,0.004278659820556641,-0.002708032727241516,-0.01592405140399933,-0.04089817404747009,0.1898169128256663
Stage1,S1_049,6.0,0.4,0.0,0.0,48,1.704712986946106,102,monotonic_hybrid,0.7374602556228638,0.21737292408943176,0.07876980304718018,1.4731087684631348,0.19608311355113983,0.05199643597006798,0.08923076838254929,0.03723433241248131,0.19208571314811707,0.2539682686328888,0.06188255548477173,0.2774105668067932,0.28898170590400696,0.43360769748687744,0.9409701884369391,0.6198507167099945,0,0,0.539723813533783,0.2551792860031128,-5.370378494262695e-05,0.0002803504467010498,-0.001725614070892334,-0.020156025886535645,-0.009391769766807556,-0.0162135511636734,-0.05444486439228058,-0.007281731316075549
Stage1,S1_049,6.0,0.4,0.0,0.0,50,1.7956510782241821,103,monotonic_hybrid,0.7099486589431763,0.2222616821527481,0.07835953682661057,1.1751422882080078,0.1296929568052292,0.049428459256887436,0.08538461476564407,0.03595615550875664,0.17267733812332153,0.14159291982650757,0.031084418296813965,0.27901944518089294,0.28890737891197205,0.4320732355117798,0.9361618875029232,0.618414556814527,0,0,0.5395692586898804,0.25488829612731934,0.0013752579689025879,-0.0005578845739364624,-0.0005851089954376221,0.0034829378128051758,0.0017018020153045654,-0.011879049241542816,0.012202344834804535,0.1940882859858466
Stage1,S1_049,6.0,0.4,0.0,0.0,49,1.953857183456421,104,monotonic_hybrid,0.7221930623054504,0.22716209292411804,0.0722227543592453,1.2415833473205566,0.15066885948181152,0.06853984296321869,0.07999999821186066,0.011460155248641968,0.2012321799993515,0.18110236525535583,0.020129814743995667,0.27779319882392883,0.28775036334991455,0.4344564974308014,0.9365022203195918,0.6472269965409534,0,0,0.5400995016098022,0.25570589303970337,0.004150390625,-0.001085430383682251,-0.0003666430711746216,0.011885285377502441,-0.00034436583518981934,-0.021010294556617737,-0.010385721921920776,0.5780144814077349
Stage1,S1_049,6.0,0.4,0.0,0.0,49,1.8566540479660034,105,monotonic_hybrid,0.7063294053077698,0.22050805389881134,0.07174989581108093,1.1562422513961792,0.13451434671878815,0.06533557176589966,0.07538461685180664,0.010049045085906982,0.22746983170509338,0.1376146823167801,0.0898551493883133,0.28345298767089844,0.28928691148757935,0.42726007103919983,0.9339242423038133,0.6512419413600098,0,0,0.5396788120269775,0.2550573945045471,0.004723310470581055,0.0006227940320968628,0.0007877945899963379,0.01627194881439209,0.0071659088134765625,-0.018458720296621323,0.05585309863090515,0.6732140021784051
Stage1,S1_049,6.0,0.4,0.0,0.0,50,1.7741577625274658,106,monotonic_hybrid,0.7462555170059204,0.22531498968601227,0.07645522803068161,1.2038010358810425,0.12489103525876999,0.05485735833644867,0.08384615182876587,0.0289887934923172,0.2128233164548874,0.14851485192775726,0.06430846452713013,0.2789575755596161,0.29132404923439026,0.42971840500831604,0.9350045100662233,0.6470699877169847,0,0,0.5394796133041382,0.2547301948070526,0.0017917752265930176,0.00034584105014801025,-0.00032010674476623535,0.016232013702392578,0.004025861620903015,-0.01248568668961525,0.054923802614212036,0.24067998561092213
Stage1,S1_049,6.0,0.4,0.0,0.0,42,1.9944897890090942,107,monotonic_hybrid,0.7794464826583862,0.22391819953918457,0.09024225920438766,1.2836512327194214,0.15253150463104248,0.055109474807977676,0.10076922923326492,0.04565975442528725,0.1865585595369339,0.19130434095859528,0.004745781421661377,0.27752524614334106,0.2893843352794647,0.4330904483795166,0.9397555803548295,0.6577596528860699,0,0,0.5403040647506714,0.2562699317932129,-0.0005816221237182617,0.0005340129137039185,-0.0014175325632095337,7.224082946777344e-05,-0.0025427043437957764,-0.014117434620857239,-0.042916372418403625,-0.07456425225610734
Stage1,S1_049,6.0,0.4,0.0,0.0,50,1.7955207824707031,108,monotonic_hybrid,0.7358821630477905,0.22308072447776794,0.08259529620409012,1.293641448020935,0.1881517767906189,0.05646840110421181,0.0930769219994545,0.03660852089524269,0.1999543458223343,0.25,0.05004565417766571,0.27915695309638977,0.2881288528442383,0.43271419405937195,0.9356993975190043,0.6735650425211692,0,0,0.5394744873046875,0.25472432374954224,0.0006074309349060059,-0.0003390312194824219,-0.0010734498500823975,0.00039970874786376953,-0.006747826933860779,-0.013108596205711365,-0.04517647624015808,0.0826127851776564
Stage1,S1_049,6.0,0.4,0.0,0.0,47,1.8821862936019897,109,monotonic_hybrid,0.7284826636314392,0.222451314330101,0.08091782033443451,1.0718681812286377,0.13767829537391663,0.05521983653306961,0.08769230544567108,0.03247246891260147,0.1999908983707428,0.1599999964237213,0.039990901947021484,0.27875182032585144,0.2900732755661011,0.4311748743057251,0.9362698934583075,0.6784858057267291,0,0,0.5398353934288025,0.2553645372390747,0.0037442445755004883,0.0009850114583969116,-0.0006125420331954956,0.0154266357421875,0.0014018863439559937,-0.01445494219660759,0.030887439846992493,0.5166339298498662
Stage1,S1_049,6.0,0.4,0.0,0.0,44,1.8955953121185303,110,monotonic_hybrid,0.7104854583740234,0.2198707014322281,0.07439769059419632,1.2596534490585327,0.1571517139673233,0.05998434126377106,0.08538461476564407,0.025400273501873016,0.1982509195804596,0.19658119976520538,0.0016697198152542114,0.27686336636543274,0.28805890679359436,0.4350777566432953,0.9446161247903176,0.6511976783917962,0,0,0.5400662422180176,0.25582024455070496,0.0011156797409057617,0.0005965530872344971,-0.0013788938522338867,0.0024933815002441406,-0.0026259571313858032,-0.01650674268603325,-0.0464969277381897,0.15727759689108287
Stage1,S1_050,8.0,0.005,0.0,0.0,43,2.3197922706604004,101,monotonic_hybrid,0.7699837684631348,0.23053283989429474,0.0781961977481842,1.2473793029785156,0.15649466216564178,0.05602608993649483,0.08692307770252228,0.03089698776602745,0.19424238801002502,0.19847328960895538,0.004230901598930359,0.39401620626449585,0.2954484820365906,0.3105352818965912,0.9183610723235014,0.6506769547043033,0,0,0.5547481775283813,0.31462228298187256,0.0009388327598571777,-0.0006680935621261597,-0.000654272735118866,0.004491448402404785,-0.0026495903730392456,-0.01201464980840683,-0.042402803897857666,0.1220777507622012
Stage1,S1_050,8.0,0.005,0.0,0.0,43,2.140310287475586,102,monotonic_hybrid,0.7372760772705078,0.21698343753814697,0.07900478690862656,1.4748473167419434,0.19700586795806885,0.04768863320350647,0.08923076838254929,0.041542135179042816,0.1807360202074051,0.2539682686328888,0.0732322484254837,0.3976437747478485,0.29521748423576355,0.30713874101638794,0.9233314605712999,0.6427581146453053,0,0,0.5547484159469604,0.3146199584007263,-0.00023788213729858398,-0.00010913610458374023,-0.0014906302094459534,-0.01841747760772705,-0.00846901535987854,-0.011905748397111893,-0.043095171451568604,-0.03225459454212821
Stage1,S1_050,8.0,0.005,0.0,0.0,50,2.2448723316192627,103,monotonic_hybrid,0.7095652222633362,0.22202305495738983,0.07845085114240646,1.1744612455368042,0.12933073937892914,0.0470719076693058,0.08538461476564407,0.03831270709633827,0.16565707325935364,0.14159291982650757,0.02406415343284607,0.4004595875740051,0.2946297526359558,0.3049106001853943,0.9163367491835259,0.6448789909330014,0,0,0.5547475814819336,0.3146103024482727,0.0009918212890625,-0.0007965117692947388,-0.0004937946796417236,0.0028018951416015625,0.0013395845890045166,-0.009522497653961182,0.005182079970836639,0.1399743890610015
Stage1,S1_050,8.0,0.005,0.0,0.0,49,2.409985303878784,104,monotonic_hybrid,0.7208390235900879,0.2268613576889038,0.07217305898666382,1.2391364574432373,0.15032367408275604,0.06357649713754654,0.07999999821186066,0.016423501074314117,0.1915699541568756,0.18110236525535583,0.010467588901519775,0.39720669388771057,0.29433149099349976,0.30846187472343445,0.9172013934809239,0.671200154015993,0,0,0.5547468662261963,0.31461891531944275,0.002796351909637451,-0.0013861656188964844,-0.0004163384437561035,0.009438395500183105,-0.0006895512342453003,-0.016046948730945587,-0.020047947764396667,0.38944090928371844
Stage1,S1_050,8.0,0.005,0.0,0.0,43,2.300611972808838,105,monotonic_hybrid,0.7040696144104004,0.2201765775680542,0.07124827802181244,1.1480088233947754,0.13081301748752594,0.05736216530203819,0.07538461685180664,0.018022451549768448,0.2058376669883728,0.1376146823167801,0.06822298467159271,0.40457895398139954,0.29423385858535767,0.3011872172355652,0.9153080595538741,0.6733463924017233,0,0,0.5547481179237366,0.3146211504936218,0.00246351957321167,0.0002913177013397217,0.00028617680072784424,0.008038520812988281,0.0034645795822143555,-0.010485313832759857,0.03422093391418457,0.3511257372676248
Stage1,S1_050,8.0,0.005,0.0,0.0,50,2.2145655155181885,106,monotonic_hybrid,0.7458965182304382,0.22514180839061737,0.07651521265506744,1.198562741279602,0.12352511286735535,0.052010733634233475,0.08384615182876587,0.031835418194532394,0.2030683010816574,0.14851485192775726,0.054553449153900146,0.4002733826637268,0.2968578040599823,0.3028688430786133,0.9157546708602579,0.6697488524597977,0,0,0.5547473430633545,0.3146088123321533,0.0014327764511108398,0.0001726597547531128,-0.0002601221203804016,0.010993719100952148,0.002659939229488373,-0.009639061987400055,0.045168787240982056,0.19245751951416606
Stage1,S1_050,8.0,0.005,0.0,0.0,42,2.458503484725952,107,monotonic_hybrid,0.7795528173446655,0.22364896535873413,0.09044962376356125,1.2856011390686035,0.15275205671787262,0.05231834575533867,0.10076922923326492,0.048450883477926254,0.1792718470096588,0.19130434095859528,0.012032493948936462,0.395551860332489,0.2968112826347351,0.3076368272304535,0.9221768413361962,0.6791822314697232,0,0,0.5547487735748291,0.3146212100982666,-0.00047528743743896484,0.000264778733253479,-0.0012101680040359497,0.0020221471786499023,-0.002322152256965637,-0.011326305568218231,-0.03562965989112854,-0.06093209135993031
Stage1,S1_050,8.0,0.005,0.0,0.0,50,2.239764928817749,108,monotonic_hybrid,0.7355735301971436,0.22262802720069885,0.0826900377869606,1.294988751411438,0.1887994110584259,0.05448335409164429,0.0930769219994545,0.03859356790781021,0.19412773847579956,0.25,0.05587226152420044,0.40021300315856934,0.2939462661743164,0.30584070086479187,0.9173215931907365,0.6930749288029359,0,0,0.5547474026679993,0.31460922956466675,0.0002987980842590332,-0.0007917284965515137,-0.000978708267211914,0.0017470121383666992,-0.006100192666053772,-0.011123549193143845,-0.03934986889362335,0.04063761084246802
Stage1,S1_050,8.0,0.005,0.0,0.0,40,2.320474863052368,109,monotonic_hybrid,0.7270331978797913,0.22134435176849365,0.08132722228765488,1.067347526550293,0.1371387243270874,0.049054283648729324,0.08769230544567108,0.03863802179694176,0.1855015605688095,0.1599999964237213,0.025501564145088196,0.3988226652145386,0.2964288890361786,0.3047484755516052,0.9171646634297365,0.7002388972631225,0,0,0.5547488927841187,0.3146266043186188,0.002294778823852539,-0.00012195110321044922,-0.00020314007997512817,0.010905981063842773,0.00086231529712677,-0.008289389312267303,0.016398102045059204,0.3166354595692294
Stage1,S1_050,8.0,0.005,0.0,0.0,33,2.343703031539917,110,monotonic_hybrid,0.7110261917114258,0.21959644556045532,0.07441069930791855,1.2601430416107178,0.1574631929397583,0.06092362478375435,0.08538461476564407,0.024460989981889725,0.1940026879310608,0.19658119976520538,0.0025785118341445923,0.3956780433654785,0.29502931237220764,0.30929264426231384,0.9274664048121688,0.6699671413736842,0,0,0.5547505617141724,0.31464332342147827,0.0016564130783081055,0.00032229721546173096,-0.0013658851385116577,0.0029829740524291992,-0.0023144781589508057,-0.01744602620601654,-0.045588135719299316,0.23350488394076252
Stage1,S1_051,8.0,0.01,0.0,0.0,43,2.319025993347168,101,monotonic_hybrid,0.7699955105781555,0.23053528368473053,0.07819359004497528,1.2474150657653809,0.15649092197418213,0.05610521137714386,0.08692307770252228,0.030817866325378418,0.19446244835853577,0.19847328960895538,0.004010841250419617,0.39245134592056274,0.29551175236701965,0.3120368421077728,0.9186303661433829,0.6503380921515692,0,0,0.5549623370170593,0.314087450504303,0.0009505748748779297,-0.0006656497716903687,-0.0006568804383277893,0.0045272111892700195,-0.0026533305644989014,-0.012093771249055862,-0.04262286424636841,0.12360459457530219
Stage1,S1_051,8.0,0.01,0.0,0.0,43,2.1392040252685547,102,monotonic_hybrid,0.7372793555259705,0.21698768436908722,0.07900021225214005,1.4747815132141113,0.1969774067401886,0.04773513227701187,0.08923076838254929,0.041495636105537415,0.18091659247875214,0.2539682686328888,0.07305167615413666,0.39607134461402893,0.2952912151813507,0.30863744020462036,0.9235791945327574,0.6424457340925794,0,0,0.554962694644928,0.3140828013420105,-0.0002346038818359375,-0.00010488927364349365,-0.0014952048659324646,-0.018483281135559082,-0.008497476577758789,-0.011952247470617294,-0.04327574372291565,-0.03181009374036999
Stage1,S1_051,8.0,0.01,0.0,0.0,50,2.2438676357269287,103,monotonic_hybrid,0.7095777988433838,0.2220267951488495,0.07844872027635574,1.1744884252548218,0.12933959066867828,0.04712604358792305,0.08538461476564407,0.038258571177721024,0.16583989560604095,0.14159291982650757,0.024246975779533386,0.3988519310951233,0.29472148418426514,0.3064265847206116,0.9166167170719924,0.6445248904978693,0,0,0.5549606680870056,0.3140631914138794,0.0010043978691101074,-0.000792771577835083,-0.0004959255456924438,0.0028290748596191406,0.0013484358787536621,-0.00957663357257843,0.005364902317523956,0.1417493046915226
Stage1,S1_051,8.0,0.01,0.0,0.0,49,2.4093949794769287,104,monotonic_hybrid,0.7208657264709473,0.22686375677585602,0.072173111140728,1.2392020225524902,0.15032750368118286,0.06366924196481705,0.07999999821186066,0.01633075624704361,0.19177289307117462,0.18110236525535583,0.010670527815818787,0.39563119411468506,0.2944117486476898,0.30995702743530273,0.9174756489544091,0.6708870043828511,0,0,0.5549598336219788,0.31408053636550903,0.002823054790496826,-0.001383766531944275,-0.00041628628969192505,0.009503960609436035,-0.0006857216358184814,-0.016139693558216095,-0.019845008850097656,0.39315975245454027
Stage1,S1_051,8.0,0.01,0.0,0.0,43,2.299854040145874,105,monotonic_hybrid,0.7040932178497314,0.22018089890480042,0.07125113159418106,1.1480793952941895,0.1308402121067047,0.05744289606809616,0.07538461685180664,0.01794172078371048,0.20604737102985382,0.1376146823167801,0.06843268871307373,0.40300697088241577,0.2943226397037506,0.302670419216156,0.9155622827909335,0.6730517315682518,0,0,0.5549622774124146,0.31408512592315674,0.0024871230125427246,0.0002956390380859375,0.00028903037309646606,0.008109092712402344,0.0034917742013931274,-0.010566044598817825,0.03443063795566559,0.35448993827795555
Stage1,S1_051,8.0,0.01,0.0,0.0,50,2.2135510444641113,106,monotonic_hybrid,0.7459073066711426,0.22514450550079346,0.07651364803314209,1.1986771821975708,0.12355126440525055,0.05206875130534172,0.08384615182876587,0.03177740052342415,0.20326976478099823,0.14851485192775726,0.05475491285324097,0.3986670970916748,0.2969531714916229,0.30437973141670227,0.9160257532801263,0.6694482327353839,0,0,0.5549604892730713,0.31406018137931824,0.0014435648918151855,0.00017535686492919922,-0.0002616867423057556,0.011108160018920898,0.0026860907673835754,-0.0096970796585083,0.045370250940322876,0.1939066754768944
Stage1,S1_051,8.0,0.01,0.0,0.0,42,2.4578537940979004,107,monotonic_hybrid,0.7795537710189819,0.223653182387352,0.09044462442398071,1.2855987548828125,0.15274634957313538,0.052378974854946136,0.10076922923326492,0.04839025437831879,0.17944081127643585,0.19130434095859528,0.011863529682159424,0.3939889669418335,0.29687634110450745,0.30913472175598145,0.9224273983452215,0.6788965322577175,0,0,0.5549634099006653,0.31408536434173584,-0.0004743337631225586,0.0002689957618713379,-0.0012151673436164856,0.0020197629928588867,-0.002327859401702881,-0.011386934667825699,-0.03579862415790558,-0.06080982982722917
Stage1,S1_051,8.0,0.01,0.0,0.0,50,2.238851547241211,108,monotonic_hybrid,0.7355830073356628,0.2226320505142212,0.08268720656633377,1.2950003147125244,0.188781276345253,0.054532237350940704,0.0930769219994545,0.038544684648513794,0.1942821443080902,0.25,0.05571785569190979,0.3986116349697113,0.294034868478775,0.30735352635383606,0.9175799568526238,0.6928201661888563,0,0,0.5549604892730713,0.3140610456466675,0.0003082752227783203,-0.0007877051830291748,-0.0009815394878387451,0.001758575439453125,-0.006118327379226685,-0.011172432452440262,-0.039504274725914,0.041926535662725826
Stage1,S1_051,8.0,0.01,0.0,0.0,40,2.3198623657226562,109,monotonic_hybrid,0.7270482182502747,0.22134943306446075,0.08132431656122208,1.067416787147522,0.13714778423309326,0.04912780225276947,0.08769230544567108,0.03856450319290161,0.1857188642024994,0.1599999964237213,0.025718867778778076,0.39726871252059937,0.29649606347084045,0.30623525381088257,0.9174293063982821,0.6999545917177662,0,0,0.5549638867378235,0.3140960931777954,0.0023097991943359375,-0.00011686980724334717,-0.00020604580640792847,0.010975241661071777,0.0008713752031326294,-0.00836290791630745,0.016615405678749084,0.31870798257731886
Stage1,S1_051,8.0,0.01,0.0,0.0,33,2.342958927154541,110,monotonic_hybrid,0.711037278175354,0.21960119903087616,0.07440672814846039,1.260177731513977,0.1574610322713852,0.061001986265182495,0.08538461476564407,0.02438262850046158,0.19421543180942535,0.19658119976520538,0.0023657679557800293,0.3941752314567566,0.29506832361221313,0.31075647473335266,0.9277037509752152,0.6697124679365817,0,0,0.5549675226211548,0.3141298294067383,0.0016674995422363281,0.00032705068588256836,-0.0013698562979698181,0.0030176639556884766,-0.0023166388273239136,-0.017524387687444687,-0.04580087959766388,0.2350677449847705
Stage1,S1_052,8.0,0.02,0.0,0.0,43,2.317488193511963,101,monotonic_hybrid,0.7700192928314209,0.2305402308702469,0.0781884640455246,1.247487187385559,0.1564837098121643,0.056263357400894165,0.08692307770252228,0.030659720301628113,0.19490133225917816,0.19847328960895538,0.0035719573497772217,0.3893238306045532,0.29562631249427795,0.3150499165058136,0.9191670959281748,0.6496614447619076,0,0,0.5553591251373291,0.31299901008605957,0.0009743571281433105,-0.0006607025861740112,-0.0006620064377784729,0.004599332809448242,-0.0026605427265167236,-0.012251917272806168,-0.0430617481470108,0.12669703458254733
Stage1,S1_052,8.0,0.02,0.0,0.0,43,2.136986017227173,102,monotonic_hybrid,0.7372862696647644,0.21699625253677368,0.0789911299943924,1.4746507406234741,0.1969209462404251,0.04782764986157417,0.08923076838254929,0.04140311852097511,0.18127596378326416,0.2539682686328888,0.07269230484962463,0.39292895793914795,0.29542669653892517,0.3116443455219269,0.9240725987295102,0.6418226323380524,0,0,0.5553594827651978,0.3129897117614746,-0.0002276897430419922,-9.632110595703125e-05,-0.0015042871236801147,-0.01861405372619629,-0.008553937077522278,-0.012044765055179596,-0.04363511502742767,-0.030872601140298113
Stage1,S1_052,8.0,0.02,0.0,0.0,50,2.2418525218963623,103,monotonic_hybrid,0.7096030116081238,0.22203423082828522,0.07844451069831848,1.174543023109436,0.12935735285282135,0.04723400995135307,0.08538461476564407,0.038150604814291,0.16620397567749023,0.14159291982650757,0.024611055850982666,0.3956390917301178,0.2948925197124481,0.3094683885574341,0.9171745783142028,0.6438180715147516,0,0,0.5553548336029053,0.3129498064517975,0.0010296106338500977,-0.000785335898399353,-0.0005001351237297058,0.0028836727142333984,0.0013661980628967285,-0.009684599936008453,0.005728982388973236,0.14530754787498437
Stage1,S1_052,8.0,0.02,0.0,0.0,49,2.4082067012786865,104,monotonic_hybrid,0.7209194898605347,0.22686856985092163,0.07217328995466232,1.2393335103988647,0.1503353714942932,0.06385492533445358,0.07999999821186066,0.016145072877407074,0.1921781301498413,0.18110236525535583,0.011075764894485474,0.3924819231033325,0.2945597767829895,0.31295832991600037,0.9180220143807026,0.6702610255771804,0,0,0.5553544163703918,0.31298479437828064,0.0028768181800842285,-0.0013789534568786621,-0.0004161074757575989,0.009635448455810547,-0.0006778538227081299,-0.01632537692785263,-0.01943977177143097,0.4006472447315074
Stage1,S1_052,8.0,0.02,0.0,0.0,43,2.2983322143554688,105,monotonic_hybrid,0.7041405439376831,0.22018949687480927,0.07125689089298248,1.1482205390930176,0.13089464604854584,0.05760424584150314,0.07538461685180664,0.017780371010303497,0.2064656913280487,0.1376146823167801,0.06885100901126862,0.3998645842075348,0.2944882810115814,0.3056471347808838,0.9160691753812417,0.6724634733789354,0,0,0.5553589463233948,0.3129943013191223,0.0025344491004943848,0.0003042370080947876,0.0002947896718978882,0.008250236511230469,0.003546208143234253,-0.010727394372224808,0.034848958253860474,0.3612353312128106
Stage1,S1_052,8.0,0.02,0.0,0.0,50,2.211496114730835,106,monotonic_hybrid,0.745930016040802,0.22514954209327698,0.07651109248399734,1.1989046335220337,0.12360427528619766,0.05218574404716492,0.08384615182876587,0.03166040778160095,0.2036975473165512,0.14851485192775726,0.055182695388793945,0.39545711874961853,0.2971315383911133,0.3074113726615906,0.9165658935259595,0.6688480285904123,0,0,0.5553540587425232,0.31294381618499756,0.0014662742614746094,0.00018039345741271973,-0.0002642422914505005,0.011335611343383789,0.0027391016483306885,-0.009814072400331497,0.045798033475875854,0.1969571087465049
Stage1,S1_052,8.0,0.02,0.0,0.0,42,2.4565465450286865,107,monotonic_hybrid,0.7795555591583252,0.2236616462469101,0.09043465554714203,1.2855943441390991,0.1527351438999176,0.05250030383467674,0.10076922923326492,0.04826892539858818,0.17977796494960785,0.19130434095859528,0.011526376008987427,0.3908658027648926,0.2969943583011627,0.3121398389339447,0.9229264732229052,0.6783262433301633,0,0,0.5553610324859619,0.3129950165748596,-0.0004725456237792969,0.00027745962142944336,-0.0012251362204551697,0.002015352249145508,-0.0023390650749206543,-0.011508263647556305,-0.036135777831077576,-0.06058058945341453
Stage1,S1_052,8.0,0.02,0.0,0.0,50,2.2370176315307617,108,monotonic_hybrid,0.7356017827987671,0.22264012694358826,0.0826815590262413,1.2950236797332764,0.18874534964561462,0.05462992563843727,0.0930769219994545,0.03844699636101723,0.19458970427513123,0.25,0.055410295724868774,0.3954112231731415,0.2941999137401581,0.31038883328437805,0.9180948217305914,0.6923112993306249,0,0,0.5553541779518127,0.31294554471969604,0.00032705068588256836,-0.0007796287536621094,-0.0009871870279312134,0.0017819404602050781,-0.006154254078865051,-0.011270120739936829,-0.03981183469295502,0.04448006596701017
Stage1,S1_052,8.0,0.02,0.0,0.0,40,2.318631887435913,109,monotonic_hybrid,0.7270783185958862,0.22135977447032928,0.08131852000951767,1.0675559043884277,0.1371660828590393,0.04927501454949379,0.08769230544567108,0.03841729089617729,0.1861526072025299,0.1599999964237213,0.026152610778808594,0.394162654876709,0.29661858081817627,0.30921879410743713,0.9179565605102421,0.6993865331962983,0,0,0.5553624629974365,0.3130166232585907,0.0023398995399475098,-0.0001065284013748169,-0.0002118423581123352,0.011114358901977539,0.0008896738290786743,-0.008510120213031769,0.017049148678779602,0.32286125289114903
Stage1,S1_052,8.0,0.02,0.0,0.0,33,2.3414649963378906,110,monotonic_hybrid,0.7110594511032104,0.2196108102798462,0.07439887523651123,1.2602481842041016,0.15745697915554047,0.06115850433707237,0.08538461476564407,0.0242261104285717,0.19463978707790375,0.19658119976520538,0.0019414126873016357,0.39117148518562317,0.2951349914073944,0.3136935234069824,0.9281762331399065,0.6692042850172601,0,0,0.5553712248802185,0.31308549642562866,0.0016896724700927734,0.0003366619348526001,-0.0013777092099189758,0.0030881166458129883,-0.00232069194316864,-0.017680905759334564,-0.04622523486614227,0.23819346707278646
Stage1,S1_053,8.0,0.05,0.0,0.0,43,2.312835693359375,101,monotonic_hybrid,0.7700926661491394,0.23055528104305267,0.07817360758781433,1.2477108240127563,0.1564646065235138,0.05673660710453987,0.08692307770252228,0.030186470597982407,0.19620734453201294,0.19847328960895538,0.002265945076942444,0.37996163964271545,0.29587283730506897,0.32416555285453796,0.9207622352026971,0.6476406100134463,0,0,0.5562981367111206,0.3095865249633789,0.0010477304458618164,-0.0006456524133682251,-0.000676862895488739,0.004822969436645508,-0.0026796460151672363,-0.012725166976451874,-0.04436776041984558,0.13623787079537633
Stage1,S1_053,8.0,0.05,0.0,0.0,43,2.130284309387207,102,monotonic_hybrid,0.7373088002204895,0.21702232956886292,0.07896451652050018,1.4742666482925415,0.19675472378730774,0.048101264983415604,0.08923076838254929,0.04112950339913368,0.182339608669281,0.2539682686328888,0.07162865996360779,0.3835239112377167,0.2957364320755005,0.32073965668678284,0.9255361485488506,0.6399666269224018,0,0,0.556296706199646,0.3095633387565613,-0.00020515918731689453,-7.024407386779785e-05,-0.0015309005975723267,-0.018998146057128906,-0.008720159530639648,-0.012318380177021027,-0.04469875991344452,-0.027817668357305262
Stage1,S1_053,8.0,0.05,0.0,0.0,50,2.235767364501953,103,monotonic_hybrid,0.7096790671348572,0.22205676138401031,0.07843215018510818,1.1747090816497803,0.12941093742847443,0.04755537584424019,0.08538461476564407,0.037829238921403885,0.16728359460830688,0.14159291982650757,0.025690674781799316,0.386023610830307,0.29530632495880127,0.31867003440856934,0.9188312883060724,0.6417087138365071,0,0,0.5562785863876343,0.30945831537246704,0.001105666160583496,-0.0007628053426742554,-0.0005124956369400024,0.0030497312545776367,0.0014197826385498047,-0.010005965828895569,0.0068086013197898865,0.15604116088230635
Stage1,S1_053,8.0,0.05,0.0,0.0,49,2.404583215713501,104,monotonic_hybrid,0.7210832834243774,0.22688333690166473,0.07217452675104141,1.239732027053833,0.15036055445671082,0.06441344320774078,0.07999999821186066,0.015586555004119873,0.193387970328331,0.18110236525535583,0.012285605072975159,0.38305139541625977,0.294903039932251,0.32204559445381165,0.9196436960700053,0.6683863958570943,0,0,0.5562875270843506,0.30954796075820923,0.003040611743927002,-0.001364186406135559,-0.0004148706793785095,0.010033965110778809,-0.0006526708602905273,-0.01688389480113983,-0.018229931592941284,0.42345836310967344
Stage1,S1_053,8.0,0.05,0.0,0.0,43,2.293727159500122,105,monotonic_hybrid,0.7042837738990784,0.2202150821685791,0.07127446681261063,1.1486483812332153,0.13105805218219757,0.05808721110224724,0.07538461685180664,0.017297405749559402,0.20771124958992004,0.1376146823167801,0.07009656727313995,0.390453964471817,0.29488885402679443,0.31465721130371094,0.9175771461229839,0.6707071601799911,0,0,0.5562970638275146,0.3095744848251343,0.0026776790618896484,0.000329822301864624,0.0003123655915260315,0.008678078651428223,0.0037096142768859863,-0.011210359632968903,0.03609451651573181,0.38164991461640846
Stage1,S1_053,8.0,0.05,0.0,0.0,50,2.2052855491638184,106,monotonic_hybrid,0.7459986209869385,0.22516465187072754,0.07650361955165863,1.1995902061462402,0.12376410514116287,0.05253486707806587,0.08384615182876587,0.0313112847507,0.20496663451194763,0.14851485192775726,0.05645178258419037,0.3858503997325897,0.29756662249565125,0.31658297777175903,0.9181698987155867,0.6670556235164553,0,0,0.5562757253646851,0.3094426393508911,0.001534879207611084,0.00019550323486328125,-0.0002717152237892151,0.012021183967590332,0.0028989315032958984,-0.010163195431232452,0.04706712067127228,0.20617245964761172
Stage1,S1_053,8.0,0.05,0.0,0.0,42,2.4525692462921143,107,monotonic_hybrid,0.7795621156692505,0.22368699312210083,0.09040502458810806,1.285584807395935,0.1527029573917389,0.05286429077386856,0.10076922923326492,0.04790493845939636,0.18078310787677765,0.19130434095859528,0.010521233081817627,0.3815193176269531,0.2972519099712372,0.3212287425994873,0.9244071881225409,0.6766242688475531,0,0,0.5563012957572937,0.3095776438713074,-0.0004659891128540039,0.0003028064966201782,-0.0012547671794891357,0.0020058155059814453,-0.0023712515830993652,-0.011872250586748123,-0.037140920758247375,-0.0597400414160942
Stage1,S1_053,8.0,0.05,0.0,0.0,50,2.231452465057373,108,monotonic_hybrid,0.7356593608856201,0.22266484797000885,0.08266479521989822,1.295097827911377,0.1886388659477234,0.05492308363318443,0.0930769219994545,0.038153838366270065,0.19551105797290802,0.25,0.05448894202709198,0.38583269715309143,0.294596791267395,0.31957048177719116,0.9196243492323951,0.6907897961122116,0,0,0.5562760829925537,0.3094468116760254,0.0003846287727355957,-0.0007549077272415161,-0.001003950834274292,0.001856088638305664,-0.006260737776756287,-0.01156327873468399,-0.04073318839073181,0.05231089223348216
Stage1,S1_053,8.0,0.05,0.0,0.0,40,2.3148984909057617,109,monotonic_hybrid,0.7271702885627747,0.2213912457227707,0.08130129426717758,1.067976474761963,0.13722214102745056,0.04971771314740181,0.08769230544567108,0.03797459229826927,0.18744626641273499,0.1599999964237213,0.027446269989013672,0.38486233353614807,0.29689016938209534,0.318247526884079,0.9195218132875138,0.6976868523386465,0,0,0.5563088655471802,0.3096334636211395,0.0024318695068359375,-7.505714893341064e-05,-0.0002290681004524231,0.011534929275512695,0.0009457319974899292,-0.008952818810939789,0.01834280788898468,0.33555134416687166
Stage1,S1_053,8.0,0.05,0.0,0.0,44,2.3367810249328613,110,monotonic_hybrid,0.7106137871742249,0.21970126032829285,0.07456855475902557,1.259939193725586,0.15721233189105988,0.05714826658368111,0.08538461476564407,0.028236348181962967,0.18970006704330444,0.19658119976520538,0.00688113272190094,0.38149064779281616,0.2955540716648102,0.32295528054237366,0.9296869912620028,0.667725048704521,0,0,0.5562931299209595,0.30954182147979736,0.0012440085411071777,0.00042711198329925537,-0.0012080296874046326,0.0027791261672973633,-0.002565339207649231,-0.013670668005943298,-0.04128551483154297,0.17536813359941184
Stage1,S1_054,8.0,0.1,0.0,0.0,43,2.3049564361572266,101,monotonic_hybrid,0.7702208757400513,0.23058126866817474,0.0781506672501564,1.2481049299240112,0.1564408838748932,0.05752070993185043,0.08692307770252228,0.029402367770671844,0.19834645092487335,0.19847328960895538,0.00012683868408203125,0.3644453287124634,0.2959577739238739,0.3395968973636627,0.9233690389673044,0.6443040158758322,0,0,0.5570252537727356,0.3034229278564453,0.0011759400367736816,-0.0006196647882461548,-0.0006998032331466675,0.005217075347900391,-0.002703368663787842,-0.013509269803762436,-0.046506866812705994,0.15290914512014905
Stage1,S1_054,8.0,0.1,0.0,0.0,43,2.118973970413208,102,monotonic_hybrid,0.7373520731925964,0.21706709265708923,0.07892221212387085,1.4736546277999878,0.19648848474025726,0.04854351654648781,0.08923076838254929,0.04068725183606148,0.18406172096729279,0.2539682686328888,0.06990654766559601,0.36794060468673706,0.29592764377593994,0.3361317813396454,0.9279191681221431,0.6369179123290968,0,0,0.5570164918899536,0.3033774495124817,-0.00016188621520996094,-2.5480985641479492e-05,-0.0015732049942016602,-0.019610166549682617,-0.008986398577690125,-0.012760631740093231,-0.0464208722114563,-0.021950257774096774
Stage1,S1_054,8.0,0.1,0.0,0.0,50,2.2255005836486816,103,monotonic_hybrid,0.7098073363304138,0.22209477424621582,0.07841259986162186,1.1749920845031738,0.12950101494789124,0.048081982880830765,0.08538461476564407,0.03730263188481331,0.1690385639667511,0.14159291982650757,0.02744564414024353,0.37009337544441223,0.2956615388393402,0.33424508571624756,0.9215348916962086,0.6382307866372645,0,0,0.556959867477417,0.3031509518623352,0.0012339353561401367,-0.00072479248046875,-0.0005320459604263306,0.0033327341079711914,0.0015098601579666138,-0.010532572865486145,0.0085635706782341,0.1741436179291378
Stage1,S1_054,8.0,0.1,0.0,0.0,49,2.3983490467071533,104,monotonic_hybrid,0.7213618159294128,0.2269079089164734,0.07217878848314285,1.2404049634933472,0.15040573477745056,0.06534226983785629,0.07999999821186066,0.014657728374004364,0.1953783929347992,0.18110236525535583,0.01427602767944336,0.3674122989177704,0.295137882232666,0.337449848651886,0.9222868614419645,0.6652762195351538,0,0,0.5570054054260254,0.30333635210990906,0.0033191442489624023,-0.0013396143913269043,-0.0004106089472770691,0.010706901550292969,-0.0006074905395507812,-0.01781272143125534,-0.016239508986473083,0.4622488857374644
Stage1,S1_054,8.0,0.1,0.0,0.0,49,2.2858970165252686,105,monotonic_hybrid,0.7054492831230164,0.22021594643592834,0.07159502804279327,1.1543574333190918,0.13342532515525818,0.06253968924283981,0.07538461685180664,0.012844927608966827,0.22104792296886444,0.1376146823167801,0.08343324065208435,0.37437036633491516,0.2954355776309967,0.3301940858364105,0.9201300172754702,0.6678244361131197,0,0,0.5569702386856079,0.30319535732269287,0.0038431882858276367,0.0003306865692138672,0.0006329268217086792,0.014387130737304688,0.006076887249946594,-0.015662837773561478,0.04943118989467621,0.5477700826871335
Stage1,S1_054,8.0,0.1,0.0,0.0,50,2.1947929859161377,106,monotonic_hybrid,0.7461143732070923,0.22518984973430634,0.07649169862270355,1.200741171836853,0.12403254210948944,0.05311025306582451,0.08384615182876587,0.03073589876294136,0.20703314244747162,0.14851485192775726,0.058518290519714355,0.3699357807636261,0.2979546785354614,0.33210960030555725,0.9207877248365504,0.6640957064110954,0,0,0.5569508671760559,0.3031176030635834,0.0016506314277648926,0.00022070109844207764,-0.0002836361527442932,0.013172149658203125,0.003167368471622467,-0.010738581418991089,0.049133628606796265,0.22172086229743743
Stage1,S1_054,8.0,0.1,0.0,0.0,42,2.44575572013855,107,monotonic_hybrid,0.7795761823654175,0.2237294316291809,0.09035667777061462,1.2855790853500366,0.15265408158302307,0.053470492362976074,0.10076922923326492,0.04729873687028885,0.18243616819381714,0.19130434095859528,0.008868172764778137,0.36603689193725586,0.29735609889030457,0.3366070091724396,0.926818861566813,0.6738173406473297,0,0,0.5570276975631714,0.3034095764160156,-0.0004519224166870117,0.00034524500370025635,-0.0013031139969825745,0.002000093460083008,-0.0024201273918151855,-0.012478452175855637,-0.038793981075286865,-0.057936683808752394
Stage1,S1_054,8.0,0.1,0.0,0.0,50,2.221998929977417,108,monotonic_hybrid,0.7357577681541443,0.22270704805850983,0.08263777196407318,1.295229434967041,0.18847081065177917,0.055408693850040436,0.0930769219994545,0.03766822814941406,0.1969948410987854,0.25,0.0530051589012146,0.36996233463287354,0.29492753744125366,0.3351101279258728,0.9221221756675351,0.6882705408675583,0,0,0.5569521188735962,0.30312544107437134,0.0004830360412597656,-0.0007127076387405396,-0.0010309740900993347,0.0019876956939697266,-0.0064287930727005005,-0.012048888951539993,-0.04221697151660919,0.0656946336060963
Stage1,S1_054,8.0,0.1,0.0,0.0,40,2.3085410594940186,109,monotonic_hybrid,0.7273283004760742,0.22144566476345062,0.0812731385231018,1.0686880350112915,0.1373194456100464,0.05045899748802185,0.08769230544567108,0.03723330795764923,0.18957559764385223,0.1599999964237213,0.02957560122013092,0.3694397807121277,0.29702049493789673,0.3335397243499756,0.922074291175402,0.6948697610732756,0,0,0.5570551156997681,0.3035258650779724,0.002589881420135498,-2.0638108253479004e-05,-0.00025722384452819824,0.012246489524841309,0.0010430365800857544,-0.00969410315155983,0.02047213912010193,0.3573539572400672
Stage1,S1_054,8.0,0.1,0.0,0.0,44,2.3286705017089844,110,monotonic_hybrid,0.7106801867485046,0.2197350412607193,0.07452554255723953,1.260229229927063,0.1571751832962036,0.057823557406663895,0.08538461476564407,0.02756105735898018,0.1918279230594635,0.19658119976520538,0.004753276705741882,0.3659133017063141,0.2957153916358948,0.3383713364601135,0.9320658941557393,0.6652635493539253,0,0,0.5570051074028015,0.303330659866333,0.0013104081153869629,0.000460892915725708,-0.0012510418891906738,0.003069162368774414,-0.002602487802505493,-0.014345958828926086,-0.043413370847702026,0.18472849490599727
Stage1,S1_055,8.0,0.2,0.0,0.0,43,2.2887887954711914,101,monotonic_hybrid,0.7704988718032837,0.2306358963251114,0.07811102271080017,1.2489681243896484,0.15642035007476807,0.05907082185149193,0.08692307770252228,0.02785225585103035,0.20248562097549438,0.19847328960895538,0.0040123313665390015,0.333879679441452,0.294894278049469,0.371226042509079,0.9283791719729992,0.6377561449898463,0,0,0.5553709268569946,0.2894435524940491,0.0014539361000061035,-0.0005650371313095093,-0.0007394477725028992,0.006080269813537598,-0.002723902463912964,-0.01505938172340393,-0.04262137413024902,0.1890573661572201
Stage1,S1_055,8.0,0.2,0.0,0.0,48,2.0957303047180176,102,monotonic_hybrid,0.7377541661262512,0.21723289787769318,0.07880140095949173,1.4743852615356445,0.19622966647148132,0.051460083574056625,0.08923076838254929,0.03777068480849266,0.19043269753456116,0.2539682686328888,0.06353557109832764,0.3365024924278259,0.29539620876312256,0.3681012988090515,0.932600336522177,0.6310220992815987,0,0,0.5551971793174744,0.28897759318351746,0.00024020671844482422,0.00014032423496246338,-0.00169401615858078,-0.01887953281402588,-0.009245216846466064,-0.01567719876766205,-0.05279184877872467,0.03256978601973858
Stage1,S1_055,8.0,0.2,0.0,0.0,50,2.204582452774048,103,monotonic_hybrid,0.7100530862808228,0.22216829657554626,0.07837449014186859,1.175512433052063,0.12966039776802063,0.049090586602687836,0.08538461476564407,0.03629402816295624,0.17231322824954987,0.14159291982650757,0.030720308423042297,0.33872994780540466,0.29510051012039185,0.3661695420742035,0.9267183416746034,0.6314205850443699,0,0,0.5551504492759705,0.2888489067554474,0.0014796853065490723,-0.0006512701511383057,-0.000570155680179596,0.0038530826568603516,0.0016692429780960083,-0.011541176587343216,0.011838234961032867,0.2088259740648655
Stage1,S1_055,8.0,0.2,0.0,0.0,49,2.3852529525756836,104,monotonic_hybrid,0.721953809261322,0.22696241736412048,0.0721958801150322,1.2417981624603271,0.15051990747451782,0.0672135129570961,0.07999999821186066,0.012786485254764557,0.19926223158836365,0.18110236525535583,0.018159866333007812,0.33657941222190857,0.2943391799926758,0.36908140778541565,0.9273415254505561,0.6591284768079406,0,0,0.5553213357925415,0.2892376184463501,0.003911137580871582,-0.0012851059436798096,-0.00039351731538772583,0.01210010051727295,-0.0004933178424835205,-0.019683964550495148,-0.01235567033290863,0.544694310676309
Stage1,S1_055,8.0,0.2,0.0,0.0,49,2.2695937156677246,105,monotonic_hybrid,0.7060032486915588,0.22032921016216278,0.07167673856019974,1.1559535264968872,0.13400490581989288,0.06405697762966156,0.07538461685180664,0.01132763922214508,0.2248404324054718,0.1376146823167801,0.08722575008869171,0.3431267738342285,0.2950616776943207,0.3618115484714508,0.9249754589756048,0.6621513768905197,0,0,0.5551882386207581,0.2889382243156433,0.004397153854370117,0.0004439502954483032,0.0007146373391151428,0.015983223915100098,0.006656467914581299,-0.017180126160383224,0.05322369933128357,0.6267268609447441
Stage1,S1_055,8.0,0.2,0.0,0.0,50,2.173367500305176,106,monotonic_hybrid,0.7463489174842834,0.22523976862430573,0.07646960020065308,1.2030596733093262,0.12457357347011566,0.05423571541905403,0.08384615182876587,0.029610436409711838,0.21097910404205322,0.14851485192775726,0.06246425211429596,0.33860573172569275,0.29744914174079895,0.3639450669288635,0.9258110658440858,0.6582794341150036,0,0,0.5551215410232544,0.2887762784957886,0.0018851757049560547,0.0002706199884414673,-0.0003057345747947693,0.01549065113067627,0.0037083998322486877,-0.011864043772220612,0.05307959020137787,0.2532259933103438
Stage1,S1_055,8.0,0.2,0.0,0.0,42,2.431485891342163,107,monotonic_hybrid,0.7796157598495483,0.22381500899791718,0.0902639850974083,1.2856037616729736,0.15257354080677032,0.054677125066518784,0.10076922923326492,0.04609210416674614,0.18564826250076294,0.19130434095859528,0.005656078457832336,0.33555904030799866,0.2963320314884186,0.36810895800590515,0.9314254127818269,0.6683148473865625,0,0,0.5553708672523499,0.28943708539009094,-0.00041234493255615234,0.00043082237243652344,-0.0013958066701889038,0.0020247697830200195,-0.002500668168067932,-0.013685084879398346,-0.042006075382232666,-0.052862830201655116
Stage1,S1_055,8.0,0.2,0.0,0.0,50,2.2024834156036377,108,monotonic_hybrid,0.7359633445739746,0.22279603779315948,0.08258657902479172,1.2955209016799927,0.18816307187080383,0.056370750069618225,0.0930769219994545,0.03670617192983627,0.19981880486011505,0.25,0.05018119513988495,0.33870887756347656,0.294332355260849,0.3669587969779968,0.9269188159486085,0.683291567401024,0,0,0.5551244616508484,0.2887875437736511,0.0006886124610900879,-0.0006237179040908813,-0.0010821670293807983,0.0022791624069213867,-0.006736531853675842,-0.013010945171117783,-0.04504093527793884,0.09365376382665729
Stage1,S1_055,8.0,0.2,0.0,0.0,40,2.295362949371338,109,monotonic_hybrid,0.7276613116264343,0.221561461687088,0.08121901750564575,1.0701398849487305,0.13752716779708862,0.051951814442873,0.08769230544567108,0.03574049100279808,0.19372253119945526,0.1599999964237213,0.03372253477573395,0.3390229642391205,0.29605787992477417,0.36491918563842773,0.9269612336601907,0.6892992519536799,0,0,0.555464506149292,0.28968217968940735,0.0029228925704956055,9.515881538391113e-05,-0.00031134486198425293,0.013698339462280273,0.0012507587671279907,-0.01118692010641098,0.024619072675704956,0.4033031082170356
Stage1,S1_055,8.0,0.2,0.0,0.0,44,2.311915874481201,110,monotonic_hybrid,0.7108350396156311,0.2198047786951065,0.07444721460342407,1.2608811855316162,0.15712997317314148,0.05915658175945282,0.08538461476564407,0.026228033006191254,0.19591958820819855,0.19658119976520538,0.0006616115570068359,0.33524736762046814,0.29480230808258057,0.3699503242969513,0.9365781416034721,0.6604438608419256,0,0,0.5553004741668701,0.28925272822380066,0.0014652609825134277,0.000530630350112915,-0.001329369843006134,0.0037211179733276367,-0.002647697925567627,-0.01567898318171501,-0.04750503599643707,0.20655813464972167
Stage1,S1_056,8.0,0.4,0.0,0.0,43,2.2553577423095703,101,monotonic_hybrid,0.7711196541786194,0.2307600975036621,0.07805659621953964,1.2508573532104492,0.15647780895233154,0.06205017492175102,0.08692307770252228,0.024872902780771255,0.21004977822303772,0.19847328960895538,0.011576488614082336,0.2756238281726837,0.28787916898727417,0.43649694323539734,0.9375466021517167,0.625201957317049,0,0,0.5402626395225525,0.2561820149421692,0.002074718475341797,-0.00044083595275878906,-0.0007938742637634277,0.007969498634338379,-0.0026664435863494873,-0.018038734793663025,-0.03505721688270569,0.2697785758701479
Stage1,S1_056,8.0,0.4,0.0,0.0,48,2.048146963119507,102,monotonic_hybrid,0.738154411315918,0.2175607532262802,0.07859296351671219,1.471959114074707,0.19511093199253082,0.054246097803115845,0.08923076838254929,0.03498467057943344,0.1986595094203949,0.2539682686328888,0.055308759212493896,0.27739033102989197,0.2889876961708069,0.43362197279930115,0.9409737064136579,0.6198508638542064,0,0,0.5397162437438965,0.2551659941673279,0.0006404519081115723,0.0004681795835494995,-0.001902453601360321,-0.02130568027496338,-0.010363951325416565,-0.018463212996721268,-0.06101866066455841,0.08683929299803748
Stage1,S1_056,8.0,0.4,0.0,0.0,50,2.1619908809661865,103,monotonic_hybrid,0.7105802893638611,0.2223321944475174,0.07831425219774246,1.176682710647583,0.13000909984111786,0.0509752482175827,0.08538461476564407,0.03440936654806137,0.178216814994812,0.14159291982650757,0.03662389516830444,0.2790031433105469,0.2889123260974884,0.4320845305919647,0.9361650487264156,0.6184144196957804,0,0,0.5395632982254028,0.2548776865005493,0.0020068883895874023,-0.0004873722791671753,-0.0006303936243057251,0.005023360252380371,0.0020179450511932373,-0.013425838202238083,0.017741821706295013,0.2832294278656202
Stage1,S1_056,8.0,0.4,0.0,0.0,49,2.3570716381073,104,monotonic_hybrid,0.7232220768928528,0.22708214819431305,0.07226066291332245,1.2446222305297852,0.1508009284734726,0.07087989151477814,0.07999999821186066,0.00912010669708252,0.20642876625061035,0.18110236525535583,0.025326400995254517,0.2777527868747711,0.28775063157081604,0.43449661135673523,0.9365082316022344,0.6472229169064051,0,0,0.5400808453559875,0.25567930936813354,0.005179405212402344,-0.0011653751134872437,-0.00032873451709747314,0.014924168586730957,-0.00021229684352874756,-0.023350343108177185,-0.005189135670661926,0.7213227593119045
Stage1,S1_056,8.0,0.4,0.0,0.0,49,2.236022710800171,105,monotonic_hybrid,0.7071284055709839,0.22055383026599884,0.07184189558029175,1.1591076850891113,0.1350984126329422,0.06692233681678772,0.07538461685180664,0.008462280035018921,0.2317354679107666,0.1376146823167801,0.09412078559398651,0.28343191742897034,0.28929176926612854,0.4272763431072235,0.9339279259975318,0.6512415558596725,0,0,0.5396705269813538,0.25504371523857117,0.005522310733795166,0.0006685703992843628,0.0008797943592071533,0.01913738250732422,0.007749974727630615,-0.020045485347509384,0.06011873483657837,0.7870956045609391
Stage1,S1_056,8.0,0.4,0.0,0.0,50,2.129544734954834,106,monotonic_hybrid,0.7468129992485046,0.22533507645130157,0.07642971724271774,1.2076404094696045,0.12564612925052643,0.05639025196433067,0.08384615182876587,0.027455899864435196,0.21810849010944366,0.14851485192775726,0.0695936381816864,0.2789461612701416,0.29132765531539917,0.42972618341445923,0.935006735818076,0.6470700215068983,0,0,0.5394755005836487,0.2547227144241333,0.002349257469177246,0.0003659278154373169,-0.00034561753273010254,0.02007138729095459,0.004780955612659454,-0.014018580317497253,0.06020897626876831,0.31556371886726603
Stage1,S1_056,8.0,0.4,0.0,0.0,42,2.4008727073669434,107,monotonic_hybrid,0.7797379493713379,0.22398871183395386,0.09009571373462677,1.2857725620269775,0.15247398614883423,0.05703749880194664,0.10076922923326492,0.04373173043131828,0.1916312873363495,0.19130434095859528,0.0003269463777542114,0.2775067090988159,0.28939002752304077,0.43310320377349854,0.9397589242941474,0.6577597851277334,0,0,0.540297269821167,0.2562578320503235,-0.00029015541076660156,0.0006045252084732056,-0.0015640780329704285,0.0021935701370239258,-0.0026002228260040283,-0.016045458614826202,-0.04733520746231079,-0.03719807132432164
Stage1,S1_056,8.0,0.4,0.0,0.0,50,2.1617743968963623,108,monotonic_hybrid,0.7364014387130737,0.22299152612686157,0.08249502629041672,1.2961745262145996,0.18765302002429962,0.05824541673064232,0.0930769219994545,0.03483150526881218,0.20486648380756378,0.25,0.04513351619243622,0.2791445553302765,0.28813281655311584,0.4327225983142853,0.9357017057866448,0.6735652127137903,0,0,0.5394699573516846,0.25471627712249756,0.001126706600189209,-0.00042822957038879395,-0.0011737197637557983,0.0029327869415283203,-0.007246583700180054,-0.014885611832141876,-0.05008861422538757,0.15323613759329202
Stage1,S1_056,8.0,0.4,0.0,0.0,47,2.2670860290527344,109,monotonic_hybrid,0.7293726205825806,0.2224999964237213,0.08088552951812744,1.075760006904602,0.13803735375404358,0.05703158304095268,0.08769230544567108,0.0306607224047184,0.2050890326499939,0.1599999964237213,0.04508903622627258,0.27873244881629944,0.2900777757167816,0.43118971586227417,0.9362733640965984,0.6784853024330414,0,0,0.5398277044296265,0.2553519010543823,0.004634201526641846,0.001033693552017212,-0.0006448328495025635,0.019318461418151855,0.0017609447240829468,-0.01626668870449066,0.03598557412624359,0.6394309180791692
Stage1,S1_056,8.0,0.4,0.0,0.0,44,2.276827096939087,110,monotonic_hybrid,0.7112011909484863,0.21994560956954956,0.07432053983211517,1.2623660564422607,0.15713973343372345,0.06170620396733284,0.08538461476564407,0.023678410798311234,0.20342108607292175,0.19658119976520538,0.00683988630771637,0.2768423557281494,0.2880648374557495,0.4350928068161011,0.9446195203579975,0.6511978857745885,0,0,0.5400582551956177,0.25580644607543945,0.0018314123153686523,0.0006714612245559692,-0.001456044614315033,0.005205988883972168,-0.0026379376649856567,-0.018228605389595032,-0.04132676124572754,0.2581745614956412
Stage2,S2_001,3.0,0.1,0.0,0.0,43,1.3219859600067139,101,monotonic_hybrid,0.7692502737045288,0.23093444108963013,0.0783582329750061,1.2420668601989746,0.15697923302650452,0.051786135882139206,0.08692307770252228,0.03513694182038307,0.17996659874916077,0.19847328960895538,0.018506690859794617,0.3644735813140869,0.29595327377319336,0.3395731747150421,0.9233645962373359,0.6443068353463678,0,0,0.5570282340049744,0.30343520641326904,0.0002053380012512207,-0.0002664923667907715,-0.0004922375082969666,-0.0008209943771362305,-0.0021650195121765137,-0.0077746957540512085,-0.028127014636993408,0.026700390538745677
Stage2,S2_001,3.0,0.1,0.0,0.0,43,1.2153643369674683,102,monotonic_hybrid,0.7366745471954346,0.2169995754957199,0.07949566841125488,1.4798192977905273,0.19972367584705353,0.043191779404878616,0.08923076838254929,0.04603898897767067,0.16569079458713531,0.2539682686328888,0.08827747404575348,0.36796215176582336,0.29592040181159973,0.3361174464225769,0.9279157291558463,0.636918050047492,0,0,0.5570188760757446,0.303386926651001,-0.0008394122123718262,-9.299814701080322e-05,-0.000999748706817627,-0.013445496559143066,-0.00575120747089386,-0.007408894598484039,-0.028049945831298828,-0.11381645074838176
Stage2,S2_001,3.0,0.1,0.0,0.0,50,1.2690898180007935,103,monotonic_hybrid,0.7086142301559448,0.22198481857776642,0.07860501855611801,1.1723157167434692,0.12867505848407745,0.04350835084915161,0.08538461476564407,0.04187626391649246,0.15166977047920227,0.14159291982650757,0.010076850652694702,0.37010830640792847,0.2956562340259552,0.33423542976379395,0.9215322066573082,0.6382309662004033,0,0,0.5569614768028259,0.30315738916397095,4.082918167114258e-05,-0.0008347481489181519,-0.0003396272659301758,0.0006563663482666016,0.000683903694152832,-0.005958940833806992,-0.008805222809314728,0.005762166857378968
Stage2,S2_001,3.0,0.1,0.0,0.0,49,1.363005518913269,104,monotonic_hybrid,0.7194254994392395,0.22717508673667908,0.07221507281064987,1.2343511581420898,0.15036410093307495,0.0592966303229332,0.07999999821186066,0.02070336788892746,0.17983415722846985,0.18110236525535583,0.0012682080268859863,0.3674605190753937,0.29514583945274353,0.3373936712741852,0.9222806831421033,0.6652878851401764,0,0,0.5570088028907776,0.3033573031425476,0.0013828277587890625,-0.0010724365711212158,-0.00037432461977005005,0.0046530961990356445,-0.0006491243839263916,-0.011767081916332245,-0.029247328639030457,0.19258294991755873
Stage2,S2_001,3.0,0.1,0.0,0.0,43,1.3053103685379028,105,monotonic_hybrid,0.7028679251670837,0.22010211646556854,0.07113814353942871,1.143723487854004,0.12968818843364716,0.05391893908381462,0.07538461685180664,0.02146567776799202,0.1950145810842514,0.1376146823167801,0.057399898767471313,0.37486913800239563,0.29522705078125,0.32990381121635437,0.9200424991886816,0.6678104427746754,0,0,0.5570244193077087,0.30341023206710815,0.0012618303298950195,0.00021685659885406494,0.0001760423183441162,0.003753185272216797,0.0023397505283355713,-0.007042087614536285,0.02339784801006317,0.17984882673914537
Stage2,S2_001,3.0,0.1,0.0,0.0,50,1.2649548053741455,106,monotonic_hybrid,0.745039701461792,0.22513176500797272,0.07657893002033234,1.1929042339324951,0.12224020808935165,0.048785578459501266,0.08384615182876587,0.0350605733692646,0.18907061219215393,0.14851485192775726,0.04055576026439667,0.36994674801826477,0.2979505658149719,0.3321026861667633,0.9207857777808088,0.6640956256683371,0,0,0.5569520592689514,0.3031224012374878,0.0005759596824645996,0.00016261637210845947,-0.00019640475511550903,0.005335211753845215,0.0013750344514846802,-0.006413906812667847,0.031171098351478577,0.07736571308201126
Stage2,S2_001,3.0,0.1,0.0,0.0,42,1.4005039930343628,107,monotonic_hybrid,0.7792961597442627,0.2235838621854782,0.09083795547485352,1.282144546508789,0.15325072407722473,0.04823276400566101,0.10076922923326492,0.05253646522760391,0.16702894866466522,0.19130434095859528,0.024275392293930054,0.3660537600517273,0.2973499000072479,0.3365963399410248,0.9268160346643151,0.6738171503905904,0,0,0.5570294857025146,0.303416907787323,-0.0007319450378417969,0.0001996755599975586,-0.0008218362927436829,-0.0014344453811645508,-0.0018234848976135254,-0.007240723818540573,-0.02338676154613495,-0.09383572634812443
Stage2,S2_001,3.0,0.1,0.0,0.0,50,1.2678905725479126,108,monotonic_hybrid,0.7349793314933777,0.22304747998714447,0.08300773799419403,1.2912342548370361,0.19056957960128784,0.05032225325703621,0.0930769219994545,0.04275466874241829,0.1805892288684845,0.25,0.0694107711315155,0.36997321248054504,0.29492342472076416,0.335103303194046,0.9221203276438671,0.6882703036431432,0,0,0.5569534301757812,0.3031300902366638,-0.00029540061950683594,-0.000372275710105896,-0.0006610080599784851,-0.0020074844360351562,-0.0043300241231918335,-0.006962448358535767,-0.02581135928630829,-0.0401755434540737
Stage2,S2_001,3.0,0.1,0.0,0.0,40,1.3194040060043335,109,monotonic_hybrid,0.7257932424545288,0.22140511870384216,0.08138254284858704,1.0614029169082642,0.13673625886440277,0.046355899423360825,0.08769230544567108,0.04133640602231026,0.17425674200057983,0.1599999964237213,0.01425674557685852,0.36946624517440796,0.29701459407806396,0.3335191607475281,0.922070041678894,0.6948712425227415,0,0,0.5570579171180725,0.30353739857673645,0.0010548233985900879,-6.118416786193848e-05,-0.00014781951904296875,0.004961371421813965,0.00045984983444213867,-0.005591005086898804,0.005153283476829529,0.14554539553238058
Stage2,S2_001,3.0,0.1,0.0,0.0,44,1.342012643814087,110,monotonic_hybrid,0.709481954574585,0.21962574124336243,0.07484398782253265,1.2560453414916992,0.15772183239459991,0.05317217484116554,0.08538461476564407,0.03221243992447853,0.1764441877603531,0.19658119976520538,0.020137012004852295,0.3659326136112213,0.29570913314819336,0.3383582532405853,0.9320629331044724,0.6652634513628499,0,0,0.5570072531700134,0.3033391833305359,0.00011217594146728516,0.00035159289836883545,-0.0009325966238975525,-0.0011147260665893555,-0.002055838704109192,-0.009694576263427734,-0.028029635548591614,0.01581346497216679
Stage2,S2_002,3.0,0.1,0.0,0.005,43,1.3214786052703857,101,monotonic_hybrid,0.7692445516586304,0.23093262314796448,0.07836083322763443,1.2420785427093506,0.15699122846126556,0.05172852799296379,0.08692307770252228,0.03519454970955849,0.1797541230916977,0.19847328960895538,0.01871916651725769,0.36400675773620605,0.2965139150619507,0.3394792973995209,0.9233645471084728,0.6443068684372861,0,0,0.5486727952957153,0.2988838851451874,0.0001996159553527832,-0.0002683103084564209,-0.0004896372556686401,-0.0008093118667602539,-0.0021530240774154663,-0.0077170878648757935,-0.027914538979530334,0.02595634482271677
Stage2,S2_002,3.0,0.1,0.0,0.005,43,1.2148405313491821,102,monotonic_hybrid,0.7366803288459778,0.2169971913099289,0.07950189709663391,1.4799147844314575,0.19976270198822021,0.043138232082128525,0.08923076838254929,0.04609253630042076,0.16547216475009918,0.2539682686328888,0.08849610388278961,0.3674429655075073,0.29648151993751526,0.3360755145549774,0.9279156900116666,0.6369180582291591,0,0,0.5486637353897095,0.29883623123168945,-0.0008336305618286133,-9.538233280181885e-05,-0.0009935200214385986,-0.01335000991821289,-0.005712181329727173,-0.007355347275733948,-0.027831315994262695,-0.11303251297073544
Stage2,S2_002,3.0,0.1,0.0,0.005,50,1.2685505151748657,103,monotonic_hybrid,0.7086092233657837,0.22198322415351868,0.0786070004105568,1.1722962856292725,0.12866219878196716,0.04345538094639778,0.08538461476564407,0.04192923381924629,0.1514490693807602,0.14159291982650757,0.009856149554252625,0.36955684423446655,0.2962213456630707,0.33422181010246277,0.9215321749853345,0.6382309729910243,0,0,0.5486071109771729,0.2986101508140564,3.5822391510009766e-05,-0.0008363425731658936,-0.00033764541149139404,0.0006369352340698242,0.0006710439920425415,-0.005905970931053162,-0.009025923907756805,0.0050555653741383355
Stage2,S2_002,3.0,0.1,0.0,0.005,49,1.3622318506240845,104,monotonic_hybrid,0.7194184064865112,0.22717547416687012,0.07221534848213196,1.2343186140060425,0.1503632813692093,0.059249989688396454,0.07999999821186066,0.020750008523464203,0.1796818971633911,0.18110236525535583,0.0014204680919647217,0.36694902181625366,0.2957187294960022,0.33733224868774414,0.9222806277570981,0.6652879911887064,0,0,0.5486536622047424,0.2988070845603943,0.001375734806060791,-0.0010720491409301758,-0.00037404894828796387,0.004620552062988281,-0.0006499439477920532,-0.011720441281795502,-0.02909506857395172,0.1915951322003092
Stage2,S2_002,3.0,0.1,0.0,0.005,43,1.3046972751617432,105,monotonic_hybrid,0.7028526067733765,0.22009766101837158,0.07113509625196457,1.1436736583709717,0.12966273725032806,0.05387118458747864,0.07538461685180664,0.021513432264328003,0.19485996663570404,0.1376146823167801,0.05724528431892395,0.3742464482784271,0.29579854011535645,0.32995501160621643,0.9200424540227127,0.6678104552646004,0,0,0.5486690402030945,0.29885920882225037,0.0012465119361877441,0.0002124011516571045,0.00017299503087997437,0.0037033557891845703,0.0023142993450164795,-0.006994333118200302,0.023243233561515808,0.17766549426526912
Stage2,S2_002,3.0,0.1,0.0,0.005,50,1.2645089626312256,106,monotonic_hybrid,0.7450308799743652,0.22512903809547424,0.0765785425901413,1.1928380727767944,0.12222152203321457,0.04873735457658768,0.08384615182876587,0.03510879725217819,0.18879616260528564,0.14851485192775726,0.04028131067752838,0.36939769983291626,0.2984812557697296,0.3321210443973541,0.9207857500770894,0.6640956272284066,0,0,0.5485978722572327,0.29857558012008667,0.0005671381950378418,0.00015988945960998535,-0.00019679218530654907,0.005269050598144531,0.0013563483953475952,-0.006365682929754257,0.03089664876461029,0.07618076787491847
Stage2,S2_002,3.0,0.1,0.0,0.005,42,1.3998063802719116,107,monotonic_hybrid,0.7792977094650269,0.22358037531375885,0.090842604637146,1.2821600437164307,0.15325966477394104,0.04818121716380119,0.10076922923326492,0.05258801206946373,0.16685515642166138,0.19130434095859528,0.0244491845369339,0.36556315422058105,0.2978895306587219,0.33654728531837463,0.9268159971241501,0.673817145275052,0,0,0.5486741065979004,0.29886576533317566,-0.0007303953170776367,0.00019618868827819824,-0.0008171871304512024,-0.0014189481735229492,-0.0018145442008972168,-0.007189176976680756,-0.023212969303131104,-0.09363705135748508
Stage2,S2_002,3.0,0.1,0.0,0.005,50,1.2671977281570435,108,monotonic_hybrid,0.734976589679718,0.22304652631282806,0.08301004022359848,1.291242241859436,0.1905938982963562,0.05028045177459717,0.0930769219994545,0.04279647022485733,0.1804107278585434,0.25,0.0695892721414566,0.3694237470626831,0.2954995632171631,0.3350767195224762,0.9221203086618532,0.6882703005848371,0,0,0.5485990643501282,0.29858317971229553,-0.0002981424331665039,-0.00037322938442230225,-0.0006587058305740356,-0.001999497413635254,-0.004305705428123474,-0.0069206468760967255,-0.025632858276367188,-0.040548439942953325
Stage2,S2_002,3.0,0.1,0.0,0.005,40,1.318800687789917,109,monotonic_hybrid,0.7257832884788513,0.22140361368656158,0.08138187229633331,1.061358094215393,0.13672742247581482,0.04631948471069336,0.08769230544567108,0.04137282073497772,0.17407916486263275,0.1599999964237213,0.014079168438911438,0.3689245581626892,0.29755929112434387,0.3335161507129669,0.9220699959328569,0.6948712632918216,0,0,0.5487021207809448,0.2989844083786011,0.0010448694229125977,-6.268918514251709e-05,-0.0001484900712966919,0.004916548728942871,0.000451013445854187,-0.0055545903742313385,0.004975706338882446,0.14417193782463872
Stage2,S2_002,3.0,0.1,0.0,0.005,44,1.3413643836975098,110,monotonic_hybrid,0.70948326587677,0.21962378919124603,0.07484818994998932,1.2560416460037231,0.1577300727367401,0.05312829837203026,0.08538461476564407,0.032256316393613815,0.17626500129699707,0.19658119976520538,0.020316198468208313,0.3654438555240631,0.29627344012260437,0.3382827639579773,0.9320628989975266,0.6652634476994596,0,0,0.548652172088623,0.29878920316696167,0.00011348724365234375,0.0003496408462524414,-0.0009283944964408875,-0.0011184215545654297,-0.002047598361968994,-0.00965069979429245,-0.027850449085235596,0.015998319504253754
Stage2,S2_003,3.0,0.1,0.0,0.01,43,1.320970892906189,101,monotonic_hybrid,0.7692392468452454,0.23093083500862122,0.07836351543664932,1.2420899868011475,0.15700356662273407,0.05167078971862793,0.08692307770252228,0.03525228798389435,0.17954467236995697,0.19847328960895538,0.018928617238998413,0.3635399341583252,0.2970745861530304,0.3393855094909668,0.9233645001935221,0.6443068981770035,0,0,0.5403174757957458,0.2943324148654938,0.00019431114196777344,-0.0002700984477996826,-0.00048695504665374756,-0.0007978677749633789,-0.0021406859159469604,-0.007659349590539932,-0.027705088257789612,0.025266552440148304
Stage2,S2_003,3.0,0.1,0.0,0.01,43,1.2143163681030273,102,monotonic_hybrid,0.736686110496521,0.21699479222297668,0.07950814813375473,1.4800106287002563,0.19980178773403168,0.043084677308797836,0.08923076838254929,0.04614609107375145,0.16525347530841827,0.2539682686328888,0.08871479332447052,0.3669237792491913,0.2970426082611084,0.3360336124897003,0.9279156450571683,0.6369180562139192,0,0,0.5403083562850952,0.2942855656147003,-0.0008278489112854004,-9.778141975402832e-05,-0.0009872689843177795,-0.013254165649414062,-0.0056730955839157104,-0.007301792502403259,-0.027612626552581787,-0.11224857519308913
Stage2,S2_003,3.0,0.1,0.0,0.01,50,1.2680110931396484,103,monotonic_hybrid,0.7086042165756226,0.22198159992694855,0.07860898971557617,1.1722768545150757,0.12864939868450165,0.04340246692299843,0.08538461476564407,0.041982147842645645,0.15122853219509125,0.14159291982650757,0.00963561236858368,0.3690054416656494,0.29678642749786377,0.3342081606388092,0.921532141348359,0.6382309872908938,0,0,0.540252685546875,0.29406285285949707,3.081560134887695e-05,-0.000837966799736023,-0.0003356561064720154,0.0006175041198730469,0.0006582438945770264,-0.005853056907653809,-0.00924646109342575,0.004348963890897703
Stage2,S2_003,3.0,0.1,0.0,0.01,49,1.3614579439163208,104,monotonic_hybrid,0.719411313533783,0.22717590630054474,0.07221562415361404,1.234285831451416,0.15036246180534363,0.05920327454805374,0.07999999821186066,0.020796723663806915,0.17952939867973328,0.18110236525535583,0.0015729665756225586,0.36643752455711365,0.29629161953926086,0.3372708559036255,0.9222805706354881,0.665288101851008,0,0,0.5402985215187073,0.29425692558288574,0.0013686418533325195,-0.0010716170072555542,-0.0003737732768058777,0.004587769508361816,-0.0006507635116577148,-0.01167372614145279,-0.028942570090293884,0.19060731448305962
Stage2,S2_003,3.0,0.1,0.0,0.01,43,1.304084062576294,105,monotonic_hybrid,0.7028372287750244,0.22009322047233582,0.07113204151391983,1.143623948097229,0.12963725626468658,0.05382339656352997,0.07538461685180664,0.021561220288276672,0.1947050839662552,0.1376146823167801,0.0570904016494751,0.37362366914749146,0.29637008905410767,0.3300062417984009,0.9200424080236982,0.6678104841067553,0,0,0.5403137803077698,0.29430824518203735,0.0012311339378356934,0.0002079606056213379,0.0001699402928352356,0.0036536455154418945,0.002288818359375,-0.006946545094251633,0.023088350892066956,0.17547366633429606
Stage2,S2_003,3.0,0.1,0.0,0.01,50,1.2640630006790161,106,monotonic_hybrid,0.745022177696228,0.22512637078762054,0.07657817751169205,1.1927725076675415,0.12220297753810883,0.04868897423148155,0.08384615182876587,0.03515717759728432,0.18852119147777557,0.14851485192775726,0.04000633955001831,0.368848592042923,0.2990119457244873,0.33213943243026733,0.920785725307567,0.6640956345242582,0,0,0.5402434468269348,0.2940288186073303,0.0005584359169006348,0.00015722215175628662,-0.00019715726375579834,0.0052034854888916016,0.0013378039002418518,-0.006317302584648132,0.03062167763710022,0.07501183544089449
Stage2,S2_003,3.0,0.1,0.0,0.01,42,1.3991085290908813,107,monotonic_hybrid,0.7792993783950806,0.2235768884420395,0.09084727615118027,1.282175898551941,0.15326865017414093,0.048129647970199585,0.10076922923326492,0.05263958126306534,0.1666812002658844,0.19130434095859528,0.024623140692710876,0.3650725483894348,0.2984292507171631,0.3364982306957245,0.9268159680551205,0.6738171451155672,0,0,0.5403186678886414,0.2943146228790283,-0.0007287263870239258,0.0001927018165588379,-0.0008125156164169312,-0.0014030933380126953,-0.0018055588006973267,-0.007137607783079147,-0.023039013147354126,-0.09342309367525808
Stage2,S2_003,3.0,0.1,0.0,0.01,50,1.2665045261383057,108,monotonic_hybrid,0.7349737882614136,0.22304558753967285,0.08301235735416412,1.2912501096725464,0.19061829149723053,0.05023857206106186,0.0930769219994545,0.04283834993839264,0.18023203313350677,0.25,0.06976796686649323,0.36887428164482117,0.29607564210891724,0.3350500464439392,0.9221202823394031,0.6882703062119605,0,0,0.5402447581291199,0.294036328792572,-0.00030094385147094727,-0.00037416815757751465,-0.0006563887000083923,-0.0019916296005249023,-0.0042813122272491455,-0.006878767162561417,-0.025454163551330566,-0.040929442877243365
Stage2,S2_003,3.0,0.1,0.0,0.01,40,1.31819748878479,109,monotonic_hybrid,0.7257734537124634,0.22140216827392578,0.08138121664524078,1.061313509941101,0.13671861588954926,0.046283092349767685,0.08769230544567108,0.0414092130959034,0.17390155792236328,0.1599999964237213,0.013901561498641968,0.36838284134864807,0.29810404777526855,0.33351314067840576,0.9220699467282354,0.6948712783493134,0,0,0.5403463840484619,0.29443150758743286,0.0010350346565246582,-6.413459777832031e-05,-0.0001491457223892212,0.004871964454650879,0.00044220685958862305,-0.005518198013305664,0.004798099398612976,0.14281492871219917
Stage2,S2_003,3.0,0.1,0.0,0.01,44,1.340716004371643,110,monotonic_hybrid,0.7094843983650208,0.21962183713912964,0.07485242187976837,1.2560381889343262,0.1577383577823639,0.053084347397089005,0.08538461476564407,0.03230026736855507,0.17608575522899628,0.19658119976520538,0.020495444536209106,0.3649550676345825,0.296837717294693,0.33820727467536926,0.9320628676485919,0.6652634494279421,0,0,0.5402970910072327,0.2942391633987427,0.00011461973190307617,0.00034768879413604736,-0.0009241625666618347,-0.0011218786239624023,-0.002039313316345215,-0.009606748819351196,-0.027671203017234802,0.016157966600147042
Stage2,S2_004,3.0,0.1,0.0,0.02,43,1.3199554681777954,101,monotonic_hybrid,0.7692286372184753,0.23092733323574066,0.07836896181106567,1.242113709449768,0.15702857077121735,0.05155515298247337,0.08692307770252228,0.035367924720048904,0.17912498116493225,0.19847328960895538,0.019348308444023132,0.3626062572002411,0.2981959283351898,0.3391978442668915,0.9233644177132356,0.6443069478668052,0,0,0.5236065983772278,0.2852295935153961,0.0001837015151977539,-0.0002736002206802368,-0.00048150867223739624,-0.0007741451263427734,-0.002115681767463684,-0.007543712854385376,-0.027285397052764893,0.02388696767501137
Stage2,S2_004,3.0,0.1,0.0,0.02,43,1.2132678031921387,102,monotonic_hybrid,0.7366979122161865,0.21699005365371704,0.07952069491147995,1.4802027940750122,0.19988016784191132,0.042977601289749146,0.08923076838254929,0.04625316709280014,0.16481606662273407,0.2539682686328888,0.08915220201015472,0.36588534712791443,0.29816487431526184,0.33594977855682373,0.9279155770473572,0.6369180331119205,0,0,0.5235978364944458,0.28518420457839966,-0.000816047191619873,-0.00010251998901367188,-0.0009747222065925598,-0.013062000274658203,-0.005594715476036072,-0.0071947164833545685,-0.027175217866897583,-0.11064837230675954
Stage2,S2_004,3.0,0.1,0.0,0.02,50,1.2669316530227661,103,monotonic_hybrid,0.7085943222045898,0.22197842597961426,0.07861301302909851,1.172239065170288,0.12862400710582733,0.04329683631658554,0.08538461476564407,0.04208777844905853,0.15078800916671753,0.14159291982650757,0.009195089340209961,0.3679025173187256,0.29791662096977234,0.33418089151382446,0.9215320859068363,0.6382309696200424,0,0,0.5235438346862793,0.2849682867527008,2.092123031616211e-05,-0.0008411407470703125,-0.0003316327929496765,0.0005797147750854492,0.00063285231590271,-0.005747426301240921,-0.009686984121799469,0.0029525847692555003
Stage2,S2_004,3.0,0.1,0.0,0.02,49,1.3599095344543457,104,monotonic_hybrid,0.719397246837616,0.22717677056789398,0.07221619039773941,1.23422110080719,0.1503608673810959,0.05910971015691757,0.07999999821186066,0.020890288054943085,0.17922371625900269,0.18110236525535583,0.0018786489963531494,0.36541447043418884,0.2974374294281006,0.33714812994003296,0.922280477559182,0.665288311570526,0,0,0.5235882997512817,0.28515660762786865,0.0013545751571655273,-0.001070752739906311,-0.0003732070326805115,0.004523038864135742,-0.0006523579359054565,-0.01158016175031662,-0.028636887669563293,0.1886482810270017
Stage2,S2_004,3.0,0.1,0.0,0.02,43,1.302857518196106,105,monotonic_hybrid,0.7028067111968994,0.2200843244791031,0.07112592458724976,1.1435248851776123,0.12958620488643646,0.05372776463627815,0.07538461685180664,0.021656852215528488,0.19439466297626495,0.1376146823167801,0.05677998065948486,0.3723781108856201,0.2975131869316101,0.3301087021827698,0.9200423238908232,0.6678105000913308,0,0,0.5236030220985413,0.285206139087677,0.0012006163597106934,0.00019906461238861084,0.00016382336616516113,0.0035545825958251953,0.002237766981124878,-0.006850913166999817,0.02277792990207672,0.17112399230073713
Stage2,S2_004,3.0,0.1,0.0,0.02,50,1.2631707191467285,106,monotonic_hybrid,0.7450050115585327,0.22512103617191315,0.07657750695943832,1.192642331123352,0.12216627597808838,0.0485917329788208,0.08384615182876587,0.03525441884994507,0.18796983361244202,0.14851485192775726,0.03945498168468475,0.36775046586990356,0.3000733554363251,0.33217620849609375,0.9207856922050603,0.6640956163445138,0,0,0.5235349535942078,0.2849352955818176,0.0005412697792053223,0.00015188753604888916,-0.00019782781600952148,0.0050733089447021484,0.001301102340221405,-0.006220061331987381,0.030070319771766663,0.07270599611898419
Stage2,S2_004,3.0,0.1,0.0,0.02,42,1.3977128267288208,107,monotonic_hybrid,0.7793026566505432,0.22356989979743958,0.0908566489815712,1.282207727432251,0.1532868891954422,0.048026420176029205,0.10076922923326492,0.05274280905723572,0.1663326919078827,0.19130434095859528,0.024971649050712585,0.36409127712249756,0.29950863122940063,0.3364001214504242,0.9268159111139601,0.6738171311897935,0,0,0.5236078500747681,0.28521227836608887,-0.0007254481315612793,0.00018571317195892334,-0.000803142786026001,-0.0013712644577026367,-0.0017873197793960571,-0.007034379988908768,-0.022690504789352417,-0.09300281965659792
Stage2,S2_004,3.0,0.1,0.0,0.02,50,1.2651182413101196,108,monotonic_hybrid,0.7349684238433838,0.22304370999336243,0.08301704376935959,1.291266918182373,0.19066734611988068,0.050154611468315125,0.0930769219994545,0.042922310531139374,0.17987410724163055,0.25,0.07012589275836945,0.3677753210067749,0.2972278296947479,0.3349968194961548,0.922120247122834,0.688270281968375,0,0,0.523536205291748,0.28494250774383545,-0.0003063082695007324,-0.00037604570388793945,-0.0006517022848129272,-0.001974821090698242,-0.004232257604598999,-0.006794806569814682,-0.025096237659454346,-0.04165902296418175
Stage2,S2_004,3.0,0.1,0.0,0.02,40,1.316990852355957,109,monotonic_hybrid,0.7257539629936218,0.22139930725097656,0.08137989789247513,1.0612248182296753,0.13670115172863007,0.04621030017733574,0.08769230544567108,0.04148200526833534,0.17354610562324524,0.1599999964237213,0.013546109199523926,0.3672993779182434,0.29919347167015076,0.33350715041160583,0.9220698623929342,0.6948712983608394,0,0,0.5236345529556274,0.28532567620277405,0.0010155439376831055,-6.699562072753906e-05,-0.0001504644751548767,0.004783272743225098,0.0004247426986694336,-0.005445405840873718,0.004442647099494934,0.1401255833802735
Stage2,S2_004,3.0,0.1,0.0,0.02,44,1.339418888092041,110,monotonic_hybrid,0.7094871401786804,0.21961796283721924,0.07486090809106827,1.2560317516326904,0.15775518119335175,0.0529961995780468,0.08538461476564407,0.032388415187597275,0.17572693526744843,0.19658119976520538,0.020854264497756958,0.36397746205329895,0.2979663014411926,0.3380562663078308,0.9320628106629792,0.6652634260320627,0,0,0.5235868096351624,0.28513914346694946,0.00011736154556274414,0.00034381449222564697,-0.0009156763553619385,-0.0011283159255981445,-0.002022489905357361,-0.00951860100030899,-0.02731238305568695,0.016544480621783427
Stage2,S2_005,3.0,0.1,0.0,0.05,43,1.316908359527588,101,monotonic_hybrid,0.769197940826416,0.23091696202754974,0.07838566601276398,1.2421923875808716,0.15710602700710297,0.05120743811130524,0.08692307770252228,0.03571563959121704,0.17786158621311188,0.19847328960895538,0.020611703395843506,0.35980507731437683,0.3015599250793457,0.33863508701324463,0.9233641375435095,0.644307126772042,0,0,0.4734742343425751,0.257921040058136,0.00015300512313842773,-0.0002839714288711548,-0.000464804470539093,-0.0006954669952392578,-0.002038225531578064,-0.007195997983217239,-0.02602200210094452,0.01989547242756463
Stage2,S2_005,3.0,0.1,0.0,0.05,43,1.2101181745529175,102,monotonic_hybrid,0.7367343902587891,0.21697603166103363,0.07955865561962128,1.4807827472686768,0.20011717081069946,0.04265640676021576,0.08923076838254929,0.04657436162233353,0.16350336372852325,0.2539682686328888,0.09046490490436554,0.3627699613571167,0.3015316426753998,0.3356984853744507,0.9279153353222517,0.6369180422292364,0,0,0.47346633672714233,0.2578798532485962,-0.000779569149017334,-0.00011654198169708252,-0.0009367614984512329,-0.012482047080993652,-0.005357712507247925,-0.006873521953821182,-0.025862514972686768,-0.10570229065810445
Stage2,S2_005,3.0,0.1,0.0,0.05,50,1.2636889219284058,103,monotonic_hybrid,0.7085657715797424,0.22196896374225616,0.07862529903650284,1.1721304655075073,0.1285494863986969,0.04298160597681999,0.08538461476564407,0.04240300878882408,0.14947101473808289,0.14159291982650757,0.007878094911575317,0.36459365487098694,0.3013072907924652,0.334099143743515,0.9215318875697952,0.6382309888404792,0,0,0.47341740131378174,0.25768449902534485,-7.62939453125e-06,-0.0008506029844284058,-0.0003193467855453491,0.0004711151123046875,0.0005583316087722778,-0.005432195961475372,-0.011003978550434113,-0.0010767260697000115
Stage2,S2_005,3.0,0.1,0.0,0.05,49,1.3552603721618652,104,monotonic_hybrid,0.7193551659584045,0.227179616689682,0.07221817225217819,1.2340255975723267,0.15035630762577057,0.05882490798830986,0.07999999821186066,0.021175090223550797,0.1782955825328827,0.18110236525535583,0.0028067827224731445,0.3623450696468353,0.3008747398853302,0.33678027987480164,0.9222801527006084,0.6652889810516172,0,0,0.4734576940536499,0.25785529613494873,0.0013124942779541016,-0.0010679066181182861,-0.00037122517824172974,0.004327535629272461,-0.0006569176912307739,-0.011295359581708908,-0.0277087539434433,0.1827877826372691
Stage2,S2_005,3.0,0.1,0.0,0.05,43,1.2991752624511719,105,monotonic_hybrid,0.7027157545089722,0.22005775570869446,0.07110763341188431,1.1432301998138428,0.1294325590133667,0.05344030633568764,0.07538461685180664,0.021944310516119003,0.19345757365226746,0.1376146823167801,0.055842891335487366,0.36864134669303894,0.30094242095947266,0.3304162621498108,0.9200420459609493,0.6678106064775559,0,0,0.47347110509872437,0.25789982080459595,0.0011096596717834473,0.00017249584197998047,0.00014553219079971313,0.003259897232055664,0.0020841211080551147,-0.006563454866409302,0.021840840578079224,0.1581599247710283
Stage2,S2_005,3.0,0.1,0.0,0.05,50,1.2604938745498657,106,monotonic_hybrid,0.7449541687965393,0.22510625422000885,0.07657512277364731,1.192255973815918,0.12205737829208374,0.048299796879291534,0.08384615182876587,0.035546354949474335,0.18630199134349823,0.14851485192775726,0.03778713941574097,0.36445584893226624,0.3032575845718384,0.3322865962982178,0.9207855542261794,0.6640956095065624,0,0,0.47340935468673706,0.25765448808670044,0.0004904270172119141,0.00013710558414459229,-0.0002002120018005371,0.004686951637268066,0.0011922046542167664,-0.005928125232458115,0.028402477502822876,0.06587654840513181
Stage2,S2_005,3.0,0.1,0.0,0.05,42,1.3935235738754272,107,monotonic_hybrid,0.7793136835098267,0.22354896366596222,0.09088509529829025,1.2823079824447632,0.15334318578243256,0.04771619290113449,0.10076922923326492,0.05305303633213043,0.16528281569480896,0.19130434095859528,0.026021525263786316,0.361147403717041,0.3027467727661133,0.3361058533191681,0.9268157028084102,0.6738171108303413,0,0,0.47347524762153625,0.25790518522262573,-0.000714421272277832,0.00016477704048156738,-0.0007746964693069458,-0.0012710094451904297,-0.0017310231924057007,-0.006724152714014053,-0.021640628576278687,-0.091589170684741
Stage2,S2_005,3.0,0.1,0.0,0.05,50,1.2609565258026123,108,monotonic_hybrid,0.7349531650543213,0.2230381965637207,0.08303144574165344,1.2913213968276978,0.1908164918422699,0.049901124089956284,0.0930769219994545,0.043175797909498215,0.17879649996757507,0.25,0.07120350003242493,0.36447834968566895,0.30068448185920715,0.3348371684551239,0.9221201099932855,0.688270261799772,0,0,0.4734104871749878,0.25766104459762573,-0.0003215670585632324,-0.0003815591335296631,-0.0006373003125190735,-0.0019203424453735352,-0.004083111882209778,-0.006541319191455841,-0.024018630385398865,-0.043734272989250936
Stage2,S2_005,3.0,0.1,0.0,0.05,40,1.3133701086044312,109,monotonic_hybrid,0.7256965041160583,0.22139118611812592,0.08137606829404831,1.0609630346298218,0.1366497278213501,0.04599197208881378,0.08769230544567108,0.0417003333568573,0.1724778711795807,0.1599999964237213,0.012477874755859375,0.3640487790107727,0.3024618625640869,0.33348941802978516,0.9220695831110783,0.694871411296123,0,0,0.4734995365142822,0.25800785422325134,0.0009580850601196289,-7.511675357818604e-05,-0.00015429407358169556,0.004521489143371582,0.00037331879138946533,-0.005227077752351761,0.0033744126558303833,0.13219736044456606
Stage2,S2_005,3.0,0.1,0.0,0.05,44,1.3355237245559692,110,monotonic_hybrid,0.7094959020614624,0.21960629522800446,0.07488676905632019,1.2560182809829712,0.1578071415424347,0.05272975191473961,0.08538461476564407,0.032654862850904465,0.17464812099933624,0.19658119976520538,0.02193307876586914,0.3610445261001587,0.3013521432876587,0.3376033902168274,0.932062613490752,0.6652634203230346,0,0,0.47345638275146484,0.2578390836715698,0.00012612342834472656,0.00033214688301086426,-0.0008898153901100159,-0.0011417865753173828,-0.001970529556274414,-0.0092521533370018,-0.026233568787574768,0.017779644995273607
Stage2,S2_006,3.0,0.1,0.0,0.1,43,1.3118269443511963,101,monotonic_hybrid,0.769150972366333,0.23090052604675293,0.07841535657644272,1.2423453330993652,0.15724463760852814,0.05062221735715866,0.08692307770252228,0.03630086034536362,0.1757311224937439,0.19847328960895538,0.022742167115211487,0.35513564944267273,0.3071666359901428,0.33769774436950684,0.9233636581007224,0.644307439499559,0,0,0.3899202048778534,0.2124064564704895,0.00010603666305541992,-0.00030040740966796875,-0.00043511390686035156,-0.0005425214767456055,-0.001899614930152893,-0.0066107772290706635,-0.023891538381576538,0.013788097175160685
Stage2,S2_006,3.0,0.1,0.0,0.1,43,1.2048566341400146,102,monotonic_hybrid,0.7367987632751465,0.21695342659950256,0.07962310314178467,1.4817605018615723,0.2005181759595871,0.04212166368961334,0.08923076838254929,0.047109104692935944,0.16131529211997986,0.2539682686328888,0.09265297651290894,0.3575769364833832,0.30714303255081177,0.33528000116348267,0.9279149314672648,0.636918060523115,0,0,0.3899136185646057,0.2123723328113556,-0.0007151961326599121,-0.00013914704322814941,-0.0008723139762878418,-0.011504292488098145,-0.0049567073583602905,-0.006338778883218765,-0.02367444336414337,-0.09697391127812488
Stage2,S2_006,3.0,0.1,0.0,0.1,50,1.258269190788269,103,monotonic_hybrid,0.7085217833518982,0.22195377945899963,0.07864648848772049,1.171966791152954,0.1284308284521103,0.042462460696697235,0.08538461476564407,0.04292215406894684,0.14729292690753937,0.14159291982650757,0.005700007081031799,0.35907837748527527,0.30695846676826477,0.33396318554878235,0.9215315471683099,0.6382310179852033,0,0,0.38987329602241516,0.21221128106117249,-5.161762237548828e-05,-0.0008657872676849365,-0.00029815733432769775,0.00030744075775146484,0.00043967366218566895,-0.004913050681352615,-0.01318206638097763,-0.00728472481531414
Stage2,S2_006,3.0,0.1,0.0,0.1,49,1.3475004434585571,104,monotonic_hybrid,0.7192888855934143,0.2271852195262909,0.07222188264131546,1.2337074279785156,0.1503501683473587,0.05835007131099701,0.07999999821186066,0.021649926900863647,0.17673850059509277,0.18110236525535583,0.0043638646602630615,0.3572283089160919,0.3066033124923706,0.3361683487892151,0.9222796132241657,0.6652901287176554,0,0,0.38990655541419983,0.2123526632785797,0.0012462139129638672,-0.0010623037815093994,-0.00036751478910446167,0.004009366035461426,-0.0006630569696426392,-0.010820522904396057,-0.02615167200565338,0.17355708262397923
Stage2,S2_006,3.0,0.1,0.0,0.1,43,1.2930275201797485,105,monotonic_hybrid,0.7025666236877441,0.22001399099826813,0.0710773766040802,1.142746090888977,0.12917448580265045,0.0529613196849823,0.07538461685180664,0.02242329716682434,0.1918812394142151,0.1376146823167801,0.054266557097435,0.3624126613140106,0.306657999753952,0.33092936873435974,0.9200415640702688,0.6678107798729905,0,0,0.3899175822734833,0.2123890221118927,0.0009605288505554199,0.0001287311315536499,0.00011527538299560547,0.0027757883071899414,0.0018260478973388672,-0.006084468215703964,0.020264506340026855,0.13690429111484778
Stage2,S2_006,3.0,0.1,0.0,0.1,50,1.256011724472046,106,monotonic_hybrid,0.744877815246582,0.22508075833320618,0.07657502591609955,1.1916415691375732,0.12189076840877533,0.04779289662837982,0.08384615182876587,0.03605325520038605,0.18348027765750885,0.14851485192775726,0.03496542572975159,0.3589645326137543,0.3085647225379944,0.33247071504592896,0.9207853182061134,0.6640956242864627,0,0,0.3898666501045227,0.21218645572662354,0.00041407346725463867,0.00011160969734191895,-0.00020030885934829712,0.00407254695892334,0.0010255947709083557,-0.005421224981546402,0.025580763816833496,0.05562036725455161
Stage2,S2_006,3.0,0.1,0.0,0.1,42,1.386535406112671,107,monotonic_hybrid,0.7793353199958801,0.22351405024528503,0.0909336507320404,1.2824896574020386,0.15344251692295074,0.04719764366745949,0.10076922923326492,0.053571585565805435,0.16351939737796783,0.19130434095859528,0.02778494358062744,0.3562404215335846,0.30814388394355774,0.33561569452285767,0.9268153592956293,0.6738170975744765,0,0,0.38992100954055786,0.21239310503005981,-0.0006927847862243652,0.00012986361980438232,-0.0007261410355567932,-0.001089334487915039,-0.0016316920518875122,-0.00620560348033905,-0.01987721025943756,-0.0888153621615839
Stage2,S2_006,3.0,0.1,0.0,0.1,50,1.2540037631988525,108,monotonic_hybrid,0.7349234819412231,0.22302494943141937,0.08305729180574417,1.2914197444915771,0.19107072055339813,0.04947114363312721,0.0930769219994545,0.043605778366327286,0.17700812220573425,0.25,0.07299187779426575,0.3589830696582794,0.3064456284046173,0.3345712423324585,0.9221198787019995,0.6882702268980914,0,0,0.38986754417419434,0.2121918499469757,-0.00035125017166137695,-0.00039480626583099365,-0.0006114542484283447,-0.0018219947814941406,-0.003828883171081543,-0.00611133873462677,-0.022230252623558044,-0.04777128280364333
Stage2,S2_006,3.0,0.1,0.0,0.1,40,1.3073327541351318,109,monotonic_hybrid,0.7256045937538147,0.22137974202632904,0.08137044310569763,1.0605486631393433,0.1365671306848526,0.04562831670045853,0.08769230544567108,0.042063988745212555,0.17071889340877533,0.1599999964237213,0.010718896985054016,0.3586304783821106,0.3079093098640442,0.3334602117538452,0.9220690917698773,0.6948715888108934,0,0,0.3899410367012024,0.21247795224189758,0.0008661746978759766,-8.656084537506104e-05,-0.00015991926193237305,0.004107117652893066,0.0002907216548919678,-0.004863422363996506,0.0016154348850250244,0.11951549346649458
Stage2,S2_006,3.0,0.1,0.0,0.1,44,1.329018235206604,110,monotonic_hybrid,0.7095139622688293,0.21958667039871216,0.07493125647306442,1.2560158967971802,0.1578986942768097,0.05227857083082199,0.08538461476564407,0.03310604393482208,0.17284618318080902,0.19658119976520538,0.023735016584396362,0.35615575313568115,0.3069953918457031,0.3368488550186157,0.932062282035235,0.6652634108762338,0,0,0.3899054229259491,0.21233868598937988,0.00014418363571166992,0.0003125220537185669,-0.0008453279733657837,-0.0011441707611083984,-0.001878976821899414,-0.008800972253084183,-0.024431630969047546,0.020325596050834997
Stage2,S2_007,3.0,0.05,0.0,0.0,43,1.3249017000198364,101,monotonic_hybrid,0.7692091464996338,0.23090505599975586,0.07838363945484161,1.2421237230300903,0.15704971551895142,0.05127638578414917,0.08692307770252228,0.03564669191837311,0.1784381866455078,0.19847328960895538,0.02003510296344757,0.3799763321876526,0.29587072134017944,0.3241529166698456,0.9207599368910924,0.6476423485944929,0,0,0.5562986731529236,0.3095923066139221,0.00016421079635620117,-0.00029587745666503906,-0.0004668310284614563,-0.0007641315460205078,-0.0020945370197296143,-0.0072649456560611725,-0.026598602533340454,0.021352561954787908
Stage2,S2_007,3.0,0.05,0.0,0.0,43,1.219561219215393,102,monotonic_hybrid,0.7366931438446045,0.21697194874286652,0.07953204959630966,1.4803743362426758,0.1999429166316986,0.04289358854293823,0.08923076838254929,0.04633717983961105,0.16448456048965454,0.2539682686328888,0.08948370814323425,0.383534699678421,0.2957327961921692,0.3207325339317322,0.9255344378883109,0.6399667533419365,0,0,0.5562974214553833,0.30956757068634033,-0.0008208155632019043,-0.00012062489986419678,-0.0009633675217628479,-0.012890458106994629,-0.005531966686248779,-0.007110703736543655,-0.026843711733818054,-0.11129491892749876
Stage2,S2_007,3.0,0.05,0.0,0.0,50,1.2728898525238037,103,monotonic_hybrid,0.7085692286491394,0.22196045517921448,0.07862391322851181,1.1722471714019775,0.12863558530807495,0.04315997660160065,0.08538461476564407,0.042224638164043427,0.1504823863506317,0.14159291982650757,0.008889466524124146,0.3860311508178711,0.295303612947464,0.3186652362346649,0.918829946472083,0.6417088375097016,0,0,0.5562790036201477,0.30946123600006104,-4.172325134277344e-06,-0.0008591115474700928,-0.00032073259353637695,0.0005878210067749023,0.0006444305181503296,-0.005610566586256027,-0.009992606937885284,-0.0005888345693671938
Stage2,S2_007,3.0,0.05,0.0,0.0,49,1.365247130393982,104,monotonic_hybrid,0.7192941308021545,0.22715280950069427,0.07222341001033783,1.2340691089630127,0.15036173164844513,0.05870269238948822,0.07999999821186066,0.021297305822372437,0.17845405638217926,0.18110236525535583,0.0026483088731765747,0.3830774426460266,0.2949082851409912,0.3220142424106598,0.9196403431849224,0.6683936727454602,0,0,0.5562870502471924,0.30955827236175537,0.0012514591217041016,-0.001094713807106018,-0.0003659874200820923,0.004371047019958496,-0.0006514936685562134,-0.011173143982887268,-0.027867227792739868,0.17428756967539064
Stage2,S2_007,3.0,0.05,0.0,0.0,43,1.3081766366958618,105,monotonic_hybrid,0.7027522921562195,0.22007261216640472,0.07112431526184082,1.1434096097946167,0.12951979041099548,0.05339927226305008,0.07538461685180664,0.02198534458875656,0.1935678869485855,0.1376146823167801,0.05595320463180542,0.3904676139354706,0.29488620162010193,0.3146462142467499,0.917575100089438,0.670708242068704,0,0,0.5562976598739624,0.30957990884780884,0.0011461973190307617,0.00018735229969024658,0.00016221404075622559,0.00343930721282959,0.002171352505683899,-0.006522420793771744,0.021951153874397278,0.16336763997136353
Stage2,S2_007,3.0,0.05,0.0,0.0,50,1.2688511610031128,106,monotonic_hybrid,0.7450008392333984,0.22511343657970428,0.07659194618463516,1.19235360622406,0.12210294604301453,0.04838531091809273,0.08384615182876587,0.03546084091067314,0.1875077486038208,0.14851485192775726,0.03899289667606354,0.3858559727668762,0.2975645065307617,0.3165794909000397,0.9181689185648885,0.6670555905897171,0,0,0.5562760233879089,0.3094448447227478,0.0005370974540710449,0.00014428794384002686,-0.0001833885908126831,0.004784584045410156,0.0012377724051475525,-0.006013639271259308,0.029608234763145447,0.07214554906157544
Stage2,S2_007,3.0,0.05,0.0,0.0,42,1.4029898643493652,107,monotonic_hybrid,0.7793172001838684,0.22355477511882782,0.09087521582841873,1.2823419570922852,0.1533174216747284,0.04784481227397919,0.10076922923326492,0.052924416959285736,0.1658831685781479,0.19130434095859528,0.025421172380447388,0.38152775168418884,0.2972487211227417,0.3212234675884247,0.9244057768250602,0.6766241958847996,0,0,0.5563018321990967,0.3095809817314148,-0.000710904598236084,0.00017058849334716797,-0.0007845759391784668,-0.001237034797668457,-0.0017567873001098633,-0.006852772086858749,-0.022240981459617615,-0.09113833128290555
Stage2,S2_007,3.0,0.05,0.0,0.0,50,1.2713850736618042,108,monotonic_hybrid,0.7349461913108826,0.2230130285024643,0.08303242921829224,1.2913689613342285,0.19072958827018738,0.04999793320894241,0.0930769219994545,0.043078988790512085,0.17948347330093384,0.25,0.07051652669906616,0.38583821058273315,0.2945947051048279,0.31956711411476135,0.9196234313799325,0.6907896887602101,0,0,0.5562763810157776,0.3094489574432373,-0.0003285408020019531,-0.0004067271947860718,-0.0006363168358802795,-0.0018727779388427734,-0.004170015454292297,-0.006638128310441971,-0.02470560371875763,-0.044682727102270836
Stage2,S2_007,3.0,0.05,0.0,0.0,40,1.3217500448226929,109,monotonic_hybrid,0.725730836391449,0.2213699370622635,0.08140526711940765,1.0611258745193481,0.1366996020078659,0.04587608203291893,0.08769230544567108,0.04181622341275215,0.17274680733680725,0.1599999964237213,0.012746810913085938,0.38487592339515686,0.29688721895217896,0.3182368874549866,0.9195196506878143,0.6976877469084224,0,0,0.5563095808029175,0.3096388280391693,0.000992417335510254,-9.636580944061279e-05,-0.00012509524822235107,0.004684329032897949,0.00042319297790527344,-0.005111187696456909,0.003643348813056946,0.13693455589162778
Stage2,S2_007,3.0,0.05,0.0,0.0,44,1.344976782798767,110,monotonic_hybrid,0.7094935774803162,0.21960629522800446,0.07488098740577698,1.2561105489730835,0.1577884703874588,0.052732501178979874,0.08538461476564407,0.0326521135866642,0.17500680685043335,0.19658119976520538,0.021574392914772034,0.3815003037452698,0.2955509126186371,0.32294875383377075,0.9296855002537184,0.6677250378661046,0,0,0.5562936663627625,0.3095456659793854,0.00012379884719848633,0.00033214688301086426,-0.0008955970406532288,-0.0010495185852050781,-0.001989200711250305,-0.009254902601242065,-0.026592254638671875,0.017451948324755804
Stage2,S2_008,3.0,0.05,0.0,0.005,43,1.3243498802185059,101,monotonic_hybrid,0.7692046761512756,0.2309037446975708,0.07838604599237442,1.242135763168335,0.15706154704093933,0.05122615024447441,0.08692307770252228,0.03569692745804787,0.17825067043304443,0.19847328960895538,0.02022261917591095,0.3792768716812134,0.29643264412879944,0.32429051399230957,0.9207599138140661,0.6476423592041132,0,0,0.547954261302948,0.30494850873947144,0.00015974044799804688,-0.00029718875885009766,-0.0004644244909286499,-0.0007520914077758789,-0.0020827054977416992,-0.007214710116386414,-0.026411086320877075,0.020771276239140324
Stage2,S2_008,3.0,0.05,0.0,0.005,43,1.2189736366271973,102,monotonic_hybrid,0.7366989254951477,0.21696999669075012,0.07953780889511108,1.4804621934890747,0.19997894763946533,0.04284453019499779,0.08923076838254929,0.0463862381875515,0.1642841100692749,0.2539682686328888,0.08968415856361389,0.3827817738056183,0.29629677534103394,0.32092148065567017,0.9255344183858559,0.6399667563369713,0,0,0.5479530096054077,0.3049241900444031,-0.0008150339126586914,-0.00012257695198059082,-0.0009576082229614258,-0.012802600860595703,-0.005495935678482056,-0.0070616453886032104,-0.026643261313438416,-0.11051098114985246
Stage2,S2_008,3.0,0.05,0.0,0.005,50,1.2722928524017334,103,monotonic_hybrid,0.7085651159286499,0.2219592034816742,0.07862568646669388,1.1722296476364136,0.1286236196756363,0.043112125247716904,0.08538461476564407,0.04227248951792717,0.15027937293052673,0.14159291982650757,0.008686453104019165,0.38524073362350464,0.29587405920028687,0.3188852071762085,0.9188299324644079,0.6417088464500036,0,0,0.547934889793396,0.3048194348812103,-8.285045623779297e-06,-0.000860363245010376,-0.0003189593553543091,0.0005702972412109375,0.0006324648857116699,-0.005562715232372284,-0.010195620357990265,-0.0011692572163148562
Stage2,S2_008,3.0,0.05,0.0,0.005,49,1.3644388914108276,104,monotonic_hybrid,0.7192891836166382,0.22715358436107635,0.07222364842891693,1.2340413331985474,0.15036113560199738,0.058664824813604355,0.07999999821186066,0.021335173398256302,0.1783217489719391,0.18110236525535583,0.002780616283416748,0.3823314905166626,0.2954847514629364,0.3221837878227234,0.9196403178353288,0.6683937382566406,0,0,0.5479426383972168,0.3049149215221405,0.0012465119361877441,-0.001093938946723938,-0.0003657490015029907,0.004343271255493164,-0.0006520897150039673,-0.011135276407003403,-0.027734920382499695,0.17359858757008215
Stage2,S2_008,3.0,0.05,0.0,0.005,43,1.3075199127197266,105,monotonic_hybrid,0.7027389407157898,0.2200685739517212,0.07112151384353638,1.1433652639389038,0.12949684262275696,0.05335892736911774,0.07538461685180664,0.022025689482688904,0.19343329966068268,0.1376146823167801,0.05581861734390259,0.3896107077598572,0.2954629361629486,0.3149263858795166,0.9175750768858278,0.6707082529021076,0,0,0.5479533076286316,0.3049362897872925,0.0011328458786010742,0.00018331408500671387,0.00015941262245178223,0.0033949613571166992,0.0021484047174453735,-0.006482075899839401,0.021816566586494446,0.1614646575816815
Stage2,S2_008,3.0,0.05,0.0,0.005,50,1.2683463096618652,106,monotonic_hybrid,0.7449929714202881,0.22511103749275208,0.07659149169921875,1.1922976970672607,0.1220870241522789,0.04834224283695221,0.08384615182876587,0.03550390899181366,0.1872541457414627,0.14851485192775726,0.038739293813705444,0.38506820797920227,0.298101007938385,0.3168307840824127,0.9181689078691876,0.6670555856716598,0,0,0.5479319095611572,0.30480319261550903,0.0005292296409606934,0.00014188885688781738,-0.00018384307622909546,0.00472867488861084,0.0012218505144119263,-0.00597057119011879,0.029354631900787354,0.07108870603903322
Stage2,S2_008,3.0,0.05,0.0,0.005,42,1.4022542238235474,107,monotonic_hybrid,0.779318630695343,0.22355173528194427,0.09087938815355301,1.282355546951294,0.15332576632499695,0.04779897630214691,0.10076922923326492,0.05297025293111801,0.1657259166240692,0.19130434095859528,0.025578424334526062,0.38080495595932007,0.29778996109962463,0.3214050829410553,0.9244057613093764,0.6766241974281755,0,0,0.5479572415351868,0.30493733286857605,-0.0007094740867614746,0.00016754865646362305,-0.0007804036140441895,-0.001223444938659668,-0.0017484426498413086,-0.006806936115026474,-0.02208372950553894,-0.09095493898385383
Stage2,S2_008,3.0,0.05,0.0,0.005,50,1.2706390619277954,108,monotonic_hybrid,0.7349440455436707,0.22301258146762848,0.0830344408750534,1.291375756263733,0.19075199961662292,0.049960725009441376,0.0930769219994545,0.04311619699001312,0.17932049930095673,0.25,0.07067950069904327,0.3850506544113159,0.29517579078674316,0.3197735548019409,0.9196234171472599,0.690789675872393,0,0,0.5479322671890259,0.30480730533599854,-0.0003306865692138672,-0.0004071742296218872,-0.0006343051791191101,-0.001865983009338379,-0.0041476041078567505,-0.006600920110940933,-0.024542629718780518,-0.04497455913704619
Stage2,S2_008,3.0,0.05,0.0,0.005,40,1.3211114406585693,109,monotonic_hybrid,0.725722074508667,0.22136899828910828,0.08140435069799423,1.0610862970352173,0.136691614985466,0.045846350491046906,0.08769230544567108,0.041845954954624176,0.1725902408361435,0.1599999964237213,0.01259024441242218,0.38410288095474243,0.29743388295173645,0.3184632658958435,0.919519628818045,0.6976877523537551,0,0,0.5479649901390076,0.30499428510665894,0.0009836554527282715,-9.73045825958252e-05,-0.0001260116696357727,0.00464475154876709,0.0004152059555053711,-0.005081456154584885,0.0034867823123931885,0.13572558413690888
Stage2,S2_008,3.0,0.05,0.0,0.005,44,1.3442832231521606,110,monotonic_hybrid,0.7094948887825012,0.21960468590259552,0.07488473504781723,1.2561073303222656,0.15779615938663483,0.05269516631960869,0.08538461476564407,0.032689448446035385,0.17484906315803528,0.19658119976520538,0.021732136607170105,0.38077792525291443,0.2961176335811615,0.32310447096824646,0.9296854866858245,0.6677250419509425,0,0,0.5479493141174316,0.3049025535583496,0.00012511014938354492,0.0003305375576019287,-0.0008918493986129761,-0.0010527372360229492,-0.00198151171207428,-0.00921756774187088,-0.026434510946273804,0.017636802856842767
Stage2,S2_009,3.0,0.05,0.0,0.01,43,1.3237980604171753,101,monotonic_hybrid,0.7692001461982727,0.23090238869190216,0.07838847488164902,1.2421481609344482,0.15707343816757202,0.05117589607834816,0.08692307770252228,0.03574718162417412,0.1780630201101303,0.19847328960895538,0.020410269498825073,0.378577321767807,0.29699456691741943,0.32442811131477356,0.9207598865422044,0.6476423910281108,0,0,0.5396097302436829,0.30030468106269836,0.0001552104949951172,-0.0002985447645187378,-0.00046199560165405273,-0.0007396936416625977,-0.002070814371109009,-0.007164455950260162,-0.02622343599796295,0.020182240047284104
Stage2,S2_009,3.0,0.05,0.0,0.01,43,1.218385934829712,102,monotonic_hybrid,0.7367046475410461,0.21696802973747253,0.0795435830950737,1.4805504083633423,0.2000150829553604,0.042795464396476746,0.08923076838254929,0.04643530398607254,0.16408362984657288,0.2539682686328888,0.08988463878631592,0.38202884793281555,0.2968607544898987,0.32111042737960815,0.9255343956311256,0.6399667612013413,0,0,0.5396085977554321,0.30028074979782104,-0.0008093118667602539,-0.0001245439052581787,-0.0009518340229988098,-0.012714385986328125,-0.005459800362586975,-0.007012579590082169,-0.02644278109073639,-0.10973512520496538
Stage2,S2_009,3.0,0.05,0.0,0.01,50,1.271695852279663,103,monotonic_hybrid,0.7085610032081604,0.2219580113887787,0.07862747460603714,1.1722121238708496,0.12861168384552002,0.04306434094905853,0.08538461476564407,0.04232027381658554,0.15007655322551727,0.14159291982650757,0.008483633399009705,0.38445034623146057,0.29644450545310974,0.3191051483154297,0.9188299096602017,0.641708846415111,0,0,0.5395907163619995,0.3001774847507477,-1.239776611328125e-05,-0.0008615553379058838,-0.00031717121601104736,0.0005527734756469727,0.000620529055595398,-0.005514930933713913,-0.010398440062999725,-0.0017496798632625186
Stage2,S2_009,3.0,0.05,0.0,0.01,49,1.3636305332183838,104,monotonic_hybrid,0.7192842960357666,0.22715437412261963,0.07222386449575424,1.2340134382247925,0.15036052465438843,0.058626897633075714,0.07999999821186066,0.021373100578784943,0.17818918824195862,0.18110236525535583,0.002913177013397217,0.3815855383872986,0.29606112837791443,0.3223533630371094,0.919640290223458,0.6683937989479563,0,0,0.5395983457565308,0.300271600484848,0.0012416243553161621,-0.001093149185180664,-0.00036553293466567993,0.004315376281738281,-0.000652700662612915,-0.011097349226474762,-0.027602359652519226,0.1729179064539942
Stage2,S2_009,3.0,0.05,0.0,0.01,43,1.3068629503250122,105,monotonic_hybrid,0.7027255296707153,0.22006455063819885,0.07111871242523193,1.14332115650177,0.12947386503219604,0.0533185750246048,0.07538461685180664,0.022066041827201843,0.19329847395420074,0.1376146823167801,0.055683791637420654,0.38875383138656616,0.2960395812988281,0.3152066171169281,0.9175750499786186,0.6707082626953512,0,0,0.5396088361740112,0.30029261112213135,0.0011194348335266113,0.000179290771484375,0.00015661120414733887,0.00335085391998291,0.0021254271268844604,-0.006441723555326462,0.021681740880012512,0.15955317973490266
Stage2,S2_009,3.0,0.05,0.0,0.01,50,1.2678414583206177,106,monotonic_hybrid,0.7449851632118225,0.22510868310928345,0.07659105211496353,1.1922422647476196,0.12207122147083282,0.04829907417297363,0.08384615182876587,0.035547077655792236,0.18700018525123596,0.14851485192775726,0.0384853333234787,0.38428041338920593,0.2986375689506531,0.3170820474624634,0.9181688943002427,0.6670555992103704,0,0,0.5395877957344055,0.30016154050827026,0.0005214214324951172,0.00013953447341918945,-0.00018428266048431396,0.0046732425689697266,0.0012060478329658508,-0.005927402526140213,0.029100671410560608,0.07003986940302541
Stage2,S2_009,3.0,0.05,0.0,0.01,42,1.40151846408844,107,monotonic_hybrid,0.7793201208114624,0.22354869544506073,0.09088357537984848,1.2823692560195923,0.1533341407775879,0.04775312542915344,0.10076922923326492,0.05301610380411148,0.1655684858560562,0.19130434095859528,0.025735855102539062,0.3800821304321289,0.29833120107650757,0.3215866684913635,0.924405743880297,0.6766242022365397,0,0,0.5396128296852112,0.3002936542034149,-0.0007079839706420898,0.00016450881958007812,-0.0007762163877487183,-0.0012097358703613281,-0.0017400681972503662,-0.006761085242033005,-0.02192629873752594,-0.0907639053390083
Stage2,S2_009,3.0,0.05,0.0,0.01,50,1.269892930984497,108,monotonic_hybrid,0.7349418997764587,0.22301214933395386,0.08303645998239517,1.291382908821106,0.19077447056770325,0.04992344230413437,0.0930769219994545,0.04315347969532013,0.17915739119052887,0.25,0.07084260880947113,0.38426312804222107,0.29575681686401367,0.31998005509376526,0.9196234059109963,0.6907896756842397,0,0,0.539588212966919,0.300165593624115,-0.00033283233642578125,-0.0004076063632965088,-0.0006322860717773438,-0.001858830451965332,-0.004125133156776428,-0.006563637405633926,-0.02437952160835266,-0.04526639117182154
Stage2,S2_009,3.0,0.05,0.0,0.01,40,1.3204724788665771,109,monotonic_hybrid,0.7257133722305298,0.22136810421943665,0.08140341937541962,1.0610469579696655,0.13668367266654968,0.04581664875149727,0.08769230544567108,0.04187565669417381,0.17243358492851257,0.1599999964237213,0.01243358850479126,0.38332992792129517,0.29798054695129395,0.31868958473205566,0.9195196046521882,0.6976877731982948,0,0,0.5396202802658081,0.30034977197647095,0.0009749531745910645,-9.819865226745605e-05,-0.00012694299221038818,0.004605412483215332,0.0004072636365890503,-0.005051754415035248,0.003330126404762268,0.13452483667984116
Stage2,S2_009,3.0,0.05,0.0,0.01,44,1.343589425086975,110,monotonic_hybrid,0.709496259689331,0.21960307657718658,0.07488849014043808,1.2561041116714478,0.15780389308929443,0.05265776440501213,0.08538461476564407,0.03272685036063194,0.17469128966331482,0.19658119976520538,0.021889910101890564,0.3800554871559143,0.2966843247413635,0.3232601583003998,0.9296854656537152,0.6677250399446347,0,0,0.539604902267456,0.30025938153266907,0.0001264810562133789,0.00032892823219299316,-0.0008880943059921265,-0.0010559558868408203,-0.001973778009414673,-0.009180165827274323,-0.026276737451553345,0.01783005986766096
Stage2,S2_010,3.0,0.05,0.0,0.02,43,1.3226944208145142,101,monotonic_hybrid,0.769191324710846,0.23089972138404846,0.07839335501194,1.242173671722412,0.1570974588394165,0.051075279712677,0.08692307770252228,0.035847797989845276,0.17768724262714386,0.19847328960895538,0.020786046981811523,0.3771783113479614,0.2981184124946594,0.32470327615737915,0.9207598616040912,0.6476423987818457,0,0,0.5229207873344421,0.29101693630218506,0.00014638900756835938,-0.0003012120723724365,-0.0004571154713630676,-0.0007141828536987305,-0.0020467936992645264,-0.0070638395845890045,-0.0258476585149765,0.019035169568406205
Stage2,S2_010,3.0,0.05,0.0,0.02,43,1.2172099351882935,102,monotonic_hybrid,0.7367162108421326,0.21696415543556213,0.07955516874790192,1.480727195739746,0.2000875025987625,0.04269735515117645,0.08923076838254929,0.04653341323137283,0.16368265450000763,0.2539682686328888,0.09028561413288116,0.38052305579185486,0.2979887127876282,0.32148832082748413,0.9255343721292119,0.6399667410992758,0,0,0.5229196548461914,0.2909937798976898,-0.0007977485656738281,-0.0001284182071685791,-0.0009402483701705933,-0.012537598609924316,-0.0053873807191848755,-0.006914470344781876,-0.026041805744171143,-0.10816724964967275
Stage2,S2_010,3.0,0.05,0.0,0.02,50,1.2705012559890747,103,monotonic_hybrid,0.7085528373718262,0.22195552289485931,0.07863109558820724,1.172178030014038,0.1285880208015442,0.0429689958691597,0.08538461476564407,0.042415618896484375,0.1496715545654297,0.14159291982650757,0.00807863473892212,0.3828696012496948,0.2975853681564331,0.31954509019851685,0.9188298959108959,0.6417088373837276,0,0,0.522902250289917,0.2908937931060791,-2.0563602447509766e-05,-0.0008640438318252563,-0.0003135502338409424,0.0005186796188354492,0.0005968660116195679,-0.005419585853815079,-0.01080343872308731,-0.002902113234738312
Stage2,S2_010,3.0,0.05,0.0,0.02,49,1.3620126247406006,104,monotonic_hybrid,0.7192738056182861,0.22715596854686737,0.07222443073987961,1.233956217765808,0.15035928785800934,0.05854812636971474,0.07999999821186066,0.02145187184214592,0.17791801691055298,0.18110236525535583,0.0031843483448028564,0.38009360432624817,0.29721397161483765,0.3226923942565918,0.9196402458172446,0.6683939111267728,0,0,0.5229097008705139,0.2909850478172302,0.0012311339378356934,-0.0010915547609329224,-0.0003649666905403137,0.004258155822753906,-0.0006539374589920044,-0.011018577963113785,-0.027331188321113586,0.17145693235117135
Stage2,S2_010,3.0,0.05,0.0,0.02,43,1.305548906326294,105,monotonic_hybrid,0.7026987671852112,0.2200564593076706,0.07111311703920364,1.1432329416275024,0.12942785024642944,0.05323781445622444,0.07538461685180664,0.0221468023955822,0.19302819669246674,0.1376146823167801,0.055413514375686646,0.3870401084423065,0.2971929609775543,0.31576699018478394,0.9175750199571218,0.6707082660789344,0,0,0.5229198932647705,0.29100534319877625,0.001092672348022461,0.00017119944095611572,0.00015101581811904907,0.003262639045715332,0.002079412341117859,-0.006360962986946106,0.021411463618278503,0.1557387194984418
Stage2,S2_010,3.0,0.05,0.0,0.02,50,1.266831398010254,106,monotonic_hybrid,0.7449696660041809,0.2251039743423462,0.07659022510051727,1.192132592201233,0.12203995883464813,0.04821233078837395,0.08384615182876587,0.03563382104039192,0.18649110198020935,0.14851485192775726,0.03797625005245209,0.38270485401153564,0.29971054196357727,0.3175846040248871,0.9181688799801763,0.6670555719030464,0,0,0.5228994488716125,0.29087817668914795,0.0005059242248535156,0.0001348257064819336,-0.0001851096749305725,0.004563570022583008,0.0011747851967811584,-0.005840659141540527,0.028591588139533997,0.06795820890407861
Stage2,S2_010,3.0,0.05,0.0,0.02,42,1.400046944618225,107,monotonic_hybrid,0.7793232798576355,0.22354257106781006,0.09089197218418121,1.2823971509933472,0.1533510982990265,0.047661375254392624,0.10076922923326492,0.0531078539788723,0.16525313258171082,0.19130434095859528,0.02605120837688446,0.3786364793777466,0.29941368103027344,0.32194986939430237,0.9244057219038028,0.6766241727647413,0,0,0.5229237079620361,0.29100626707077026,-0.0007048249244689941,0.00015838444232940674,-0.0007678195834159851,-0.0011818408966064453,-0.0017231106758117676,-0.006669335067272186,-0.021610945463180542,-0.09035891401193578
Stage2,S2_010,3.0,0.05,0.0,0.02,50,1.2684004306793213,108,monotonic_hybrid,0.734937846660614,0.22301128506660461,0.08304053544998169,1.2913973331451416,0.190819650888443,0.04984871670603752,0.0930769219994545,0.04322820529341698,0.1788308024406433,0.25,0.07116919755935669,0.38268813490867615,0.29691895842552185,0.3203929364681244,0.91962340030834,0.6907896661645346,0,0,0.522899866104126,0.2908821702003479,-0.0003368854522705078,-0.00040847063064575195,-0.0006282106041908264,-0.0018444061279296875,-0.004079952836036682,-0.006488911807537079,-0.024052932858467102,-0.045817629459730544
Stage2,S2_010,3.0,0.05,0.0,0.02,40,1.3191947937011719,109,monotonic_hybrid,0.7256959676742554,0.22136634588241577,0.08140157908201218,1.0609686374664307,0.1366678923368454,0.04575730115175247,0.08769230544567108,0.04193500429391861,0.17212024331092834,0.1599999964237213,0.012120246887207031,0.3817838728427887,0.2990739047527313,0.31914228200912476,0.9195195732426275,0.6976877697950512,0,0,0.5229310393333435,0.29106074571609497,0.0009575486183166504,-9.995698928833008e-05,-0.00012878328561782837,0.004527091979980469,0.0003914833068847656,-0.004992406815290451,0.0030167847871780396,0.13212334176570573
Stage2,S2_010,3.0,0.05,0.0,0.02,44,1.3422017097473145,110,monotonic_hybrid,0.7094991207122803,0.21959984302520752,0.07489603757858276,1.2560988664627075,0.15781950950622559,0.05258271470665932,0.08538461476564407,0.032801900058984756,0.17437538504600525,0.19658119976520538,0.022205814719200134,0.3786107003688812,0.29781776666641235,0.3235715925693512,0.9296854495296849,0.6677250202612227,0,0,0.5229160785675049,0.29097312688827515,0.00012934207916259766,0.0003256946802139282,-0.0008805468678474426,-0.0010612010955810547,-0.0019581615924835205,-0.009105116128921509,-0.025960832834243774,0.018233378846759796
Stage2,S2_011,3.0,0.05,0.0,0.05,43,1.319382905960083,101,monotonic_hybrid,0.7691658139228821,0.23089227080345154,0.07840879261493683,1.2422534227371216,0.1571730077266693,0.05076893791556358,0.08692307770252228,0.036154139786958694,0.17654436826705933,0.19847328960895538,0.021928921341896057,0.37298113107681274,0.3014899492263794,0.32552897930145264,0.9207597191149827,0.6476425048251611,0,0,0.47285395860671997,0.26315397024154663,0.00012087821960449219,-0.00030866265296936035,-0.00044167786836624146,-0.0006344318389892578,-0.0019712448120117188,-0.006757497787475586,-0.024704784154891968,0.015717965751110664
Stage2,S2_011,3.0,0.05,0.0,0.05,43,1.213679313659668,102,monotonic_hybrid,0.7367520332336426,0.21695272624492645,0.07959020882844925,1.4812604188919067,0.20030632615089417,0.04240316152572632,0.08923076838254929,0.04682760685682297,0.1624794602394104,0.2539682686328888,0.0914888083934784,0.3760054409503937,0.3013725280761719,0.32262206077575684,0.9255342573347096,0.6399667483966928,0,0,0.472852885723114,0.2631329298019409,-0.0007619261741638184,-0.00013984739780426025,-0.0009052082896232605,-0.012004375457763672,-0.005168557167053223,-0.006620276719331741,-0.024838611483573914,-0.10331006816136931
Stage2,S2_011,3.0,0.05,0.0,0.05,50,1.2669134140014648,103,monotonic_hybrid,0.7085292935371399,0.2219482958316803,0.07864208519458771,1.1720798015594482,0.1285184621810913,0.04268477112054825,0.08538461476564407,0.042699843645095825,0.1484614610671997,0.14159291982650757,0.006868541240692139,0.37812718749046326,0.30100786685943604,0.3208649754524231,0.9188297966038054,0.6417088464333583,0,0,0.47283726930618286,0.2630423903465271,-4.410743713378906e-05,-0.0008712708950042725,-0.00030256062746047974,0.00042045116424560547,0.000527307391166687,-0.0051353611052036285,-0.012013532221317291,-0.006224822590453191
Stage2,S2_011,3.0,0.05,0.0,0.05,49,1.3571580648422241,104,monotonic_hybrid,0.7192452549934387,0.22716104984283447,0.07222594320774078,1.2337908744812012,0.15035603940486908,0.058318909257650375,0.07999999821186066,0.02168108895421028,0.1771158128976822,0.18110236525535583,0.003986552357673645,0.3756175935268402,0.3006725013256073,0.3237098753452301,0.9196400865538804,0.6683942973350515,0,0,0.4728439450263977,0.2631252110004425,0.0012025833129882812,-0.0010864734649658203,-0.0003634542226791382,0.004092812538146973,-0.0006571859121322632,-0.010789360851049423,-0.026528984308242798,0.1674807585145114
Stage2,S2_011,3.0,0.05,0.0,0.05,43,1.3016048669815063,105,monotonic_hybrid,0.7026190757751465,0.2200324386358261,0.07109631597995758,1.1429704427719116,0.12928934395313263,0.05299536511301994,0.07538461685180664,0.022389251738786697,0.19221314787864685,0.1376146823167801,0.05459846556186676,0.3818986713886261,0.30065304040908813,0.31744834780693054,0.9175748872611961,0.6707083289231097,0,0,0.4728531837463379,0.2631434202194214,0.0010129809379577637,0.0001471787691116333,0.00013421475887298584,0.0030001401901245117,0.001940906047821045,-0.006118513643741608,0.020596414804458618,0.1443802933600272
Stage2,S2_011,3.0,0.05,0.0,0.05,50,1.2638016939163208,106,monotonic_hybrid,0.7449237108230591,0.22509101033210754,0.07658727467060089,1.1918061971664429,0.12194698303937912,0.04795270785689354,0.08384615182876587,0.03589344397187233,0.18495255708694458,0.14851485192775726,0.03643770515918732,0.3779780864715576,0.30292966961860657,0.3190923035144806,0.9181688151935335,0.6670555792689364,0,0,0.47283467650413513,0.2630283534526825,0.00045996904373168945,0.00012186169624328613,-0.00018806010484695435,0.004237174987792969,0.001081809401512146,-0.00558103621006012,0.027053043246269226,0.061785284886047905
Stage2,S2_011,3.0,0.05,0.0,0.05,42,1.3956307172775269,107,monotonic_hybrid,0.7793334126472473,0.22352424263954163,0.09091745316982269,1.282484531402588,0.15340325236320496,0.04738570749759674,0.10076922923326492,0.05338352173566818,0.1643035113811493,0.19130434095859528,0.027000829577445984,0.37429940700531006,0.30266115069389343,0.3230395019054413,0.9244056282958377,0.676624177120464,0,0,0.47285664081573486,0.26314419507980347,-0.0006946921348571777,0.00014005601406097412,-0.0007423385977745056,-0.0010944604873657227,-0.0016709566116333008,-0.006393667310476303,-0.02066132426261902,-0.08905988522698617
Stage2,S2_011,3.0,0.05,0.0,0.05,50,1.2639214992523193,108,monotonic_hybrid,0.7349262237548828,0.22300878167152405,0.0830531045794487,1.2914447784423828,0.1909566968679428,0.04962315037846565,0.0930769219994545,0.043453771620988846,0.1778482347726822,0.25,0.07215176522731781,0.37796294689178467,0.300405353307724,0.3216317892074585,0.9196233321851404,0.6907896608014195,0,0,0.47283506393432617,0.26303187012672424,-0.000348508358001709,-0.00041097402572631836,-0.0006156414747238159,-0.0017969608306884766,-0.003942906856536865,-0.00626334547996521,-0.02307036519050598,-0.04739838631476371
Stage2,S2_011,3.0,0.05,0.0,0.05,40,1.3153607845306396,109,monotonic_hybrid,0.7256448864936829,0.2213614583015442,0.08139609545469284,1.0607374906539917,0.13662132620811462,0.04557974636554718,0.08769230544567108,0.0421125590801239,0.17118018865585327,0.1599999964237213,0.011180192232131958,0.3771457076072693,0.3023538887500763,0.3205004334449768,0.9195194335382028,0.6976878333022283,0,0,0.47286319732666016,0.2631934881210327,0.0009064674377441406,-0.00010484457015991211,-0.0001342669129371643,0.004295945167541504,0.0003449171781539917,-0.004814852029085159,0.0020767301321029663,0.1250751186786712
Stage2,S2_011,3.0,0.05,0.0,0.05,44,1.3380353450775146,110,monotonic_hybrid,0.7095084190368652,0.21959014236927032,0.07491899281740189,1.2560867071151733,0.1578676402568817,0.05235568806529045,0.08538461476564407,0.03302892670035362,0.17342565953731537,0.19658119976520538,0.023155540227890015,0.37427613139152527,0.3012180030345917,0.32450589537620544,0.9296853567340131,0.667725023273962,0,0,0.4728497862815857,0.26311421394348145,0.0001386404037475586,0.0003159940242767334,-0.0008575916290283203,-0.0010733604431152344,-0.0019100308418273926,-0.008878089487552643,-0.025011107325553894,0.019544165528831006
Stage2,S2_012,3.0,0.05,0.0,0.1,43,1.3138622045516968,101,monotonic_hybrid,0.7691266536712646,0.23087982833385468,0.07843490689992905,1.2424113750457764,0.1573030650615692,0.05026349052786827,0.08692307770252228,0.03665958717465401,0.17464987933635712,0.19847328960895538,0.023823410272598267,0.3659854233264923,0.3071092367172241,0.32690533995628357,0.9207594923775007,0.647642700039265,0,0,0.3894091844558716,0.21671542525291443,8.171796798706055e-05,-0.00032110512256622314,-0.00041556358337402344,-0.00047647953033447266,-0.0018411874771118164,-0.0062520503997802734,-0.02281029522418976,0.01062590288203783
Stage2,S2_012,3.0,0.05,0.0,0.1,43,1.2077841758728027,102,monotonic_hybrid,0.7368148565292358,0.21693433821201324,0.07964954525232315,1.4821580648422241,0.20067599415779114,0.04191355034708977,0.08923076838254929,0.04731721803545952,0.16047431528568268,0.2539682686328888,0.09349395334720612,0.36847585439682007,0.3070124089717865,0.32451173663139343,0.925534065982825,0.6399667686233441,0,0,0.38940832018852234,0.21669799089431763,-0.0006991028785705566,-0.00015823543071746826,-0.0008458718657493591,-0.011106729507446289,-0.00479888916015625,-0.00613066554069519,-0.02283346652984619,-0.09479181643312999
Stage2,S2_012,3.0,0.05,0.0,0.1,50,1.260920524597168,103,monotonic_hybrid,0.7084932327270508,0.22193679213523865,0.07866089046001434,1.1719317436218262,0.12840740382671356,0.04221770539879799,0.08538461476564407,0.043166909366846085,0.1464623361825943,0.14159291982650757,0.004869416356086731,0.37022295594215393,0.3067121207714081,0.3230648934841156,0.9188296369051346,0.6417088724277789,0,0,0.38939544558525085,0.21662333607673645,-8.016824722290039e-05,-0.0008827745914459229,-0.000283755362033844,0.00027239322662353516,0.00041624903678894043,-0.004668295383453369,-0.014012657105922699,-0.011314035654269652
Stage2,S2_012,3.0,0.05,0.0,0.1,49,1.3490568399429321,104,monotonic_hybrid,0.7192000150680542,0.22717022895812988,0.07222884893417358,1.2335186004638672,0.1503514051437378,0.057932768017053604,0.07999999821186066,0.022067230194807053,0.17576222121715546,0.18110236525535583,0.005340144038200378,0.36815714836120605,0.30643653869628906,0.32540634274482727,0.9196398137219757,0.6683949429008247,0,0,0.389400839805603,0.21669188141822815,0.0011573433876037598,-0.0010772943496704102,-0.0003605484962463379,0.0038205385208129883,-0.0006618201732635498,-0.010403219610452652,-0.025175392627716064,0.16118030769608785
Stage2,S2_012,3.0,0.05,0.0,0.1,43,1.2950230836868286,105,monotonic_hybrid,0.7024884223937988,0.21999295055866241,0.07106844335794449,1.1425384283065796,0.12905658781528473,0.05259239673614502,0.07538461685180664,0.02279222011566162,0.1908445954322815,0.1376146823167801,0.053229913115501404,0.3733293116092682,0.30641990900039673,0.3202507495880127,0.9175746592783839,0.6707084430608409,0,0,0.38940855860710144,0.21670672297477722,0.0008823275566101074,0.00010769069194793701,0.0001063421368598938,0.0025681257247924805,0.0017081499099731445,-0.005715545266866684,0.01922786235809326,0.12575825140385305
Stage2,S2_012,3.0,0.05,0.0,0.1,50,1.2587319612503052,106,monotonic_hybrid,0.7448550462722778,0.22506847977638245,0.07658597081899643,1.191286325454712,0.12180539965629578,0.047501806169748306,0.08384615182876587,0.03634434565901756,0.18235346674919128,0.14851485192775726,0.03383861482143402,0.3701000213623047,0.3082948327064514,0.3216050863265991,0.9181687005210732,0.6670555961057453,0,0,0.38939329981803894,0.21661174297332764,0.00039130449295043945,9.933114051818848e-05,-0.00018936395645141602,0.0037173032760620117,0.0009402260184288025,-0.0051301345229148865,0.02445395290851593,0.052561927598406694
Stage2,S2_012,3.0,0.05,0.0,0.1,42,1.3882659673690796,107,monotonic_hybrid,0.7793532609939575,0.22349368035793304,0.09096085280179977,1.282642126083374,0.15349477529525757,0.046925127506256104,0.10076922923326492,0.05384410172700882,0.16270919144153595,0.19130434095859528,0.028595149517059326,0.367070734500885,0.30807358026504517,0.32485562562942505,0.924405461079896,0.6766241809652399,0,0,0.38941138982772827,0.2167072296142578,-0.0006748437881469727,0.00010949373245239258,-0.0006989389657974243,-0.0009368658065795898,-0.0015794336795806885,-0.005933087319135666,-0.019067004323005676,-0.08651531707764372
Stage2,S2_012,3.0,0.05,0.0,0.1,50,1.2564408779144287,108,monotonic_hybrid,0.7349023818969727,0.22300070524215698,0.08307569473981857,1.2915284633636475,0.19118951261043549,0.04924046993255615,0.0930769219994545,0.043836452066898346,0.17622162401676178,0.25,0.07377837598323822,0.37008753418922424,0.30621597170829773,0.32369646430015564,0.9196232209279122,0.6907896491647987,0,0,0.38939356803894043,0.21661457419395447,-0.00037235021591186523,-0.0004190504550933838,-0.0005930513143539429,-0.0017132759094238281,-0.0037100911140441895,-0.00588066503405571,-0.02144375443458557,-0.050640964478934306
Stage2,S2_012,3.0,0.05,0.0,0.1,40,1.3089689016342163,109,monotonic_hybrid,0.7255632877349854,0.22135545313358307,0.08138754963874817,1.0603710412979126,0.13654610514640808,0.0452854186296463,0.08769230544567108,0.04240688681602478,0.16963891685009003,0.1599999964237213,0.009638920426368713,0.3694151043891907,0.3078206181526184,0.3227643072605133,0.9195191997403384,0.6976879375995525,0,0,0.38941678404808044,0.2167479693889618,0.0008248686790466309,-0.00011084973812103271,-0.00014281272888183594,0.003929495811462402,0.00026969611644744873,-0.00452052429318428,0.0005354583263397217,0.11381605519424845
Stage2,S2_012,3.0,0.05,0.0,0.1,44,1.3310801982879639,110,monotonic_hybrid,0.709526538848877,0.21957364678382874,0.0749584287405014,1.256082534790039,0.15795159339904785,0.05197049677371979,0.08538461476564407,0.033414117991924286,0.1718396097421646,0.19658119976520538,0.02474159002304077,0.3670515716075897,0.30688515305519104,0.32606324553489685,0.9296851951629399,0.667725025853756,0,0,0.3894056975841522,0.2166825234889984,0.00015676021575927734,0.00029949843883514404,-0.0008181557059288025,-0.0010775327682495117,-0.0018260776996612549,-0.00849289819598198,-0.023425057530403137,0.02209851906312362
Stage2,S2_013,3.0,0.02,0.0,0.0,43,1.3266239166259766,101,monotonic_hybrid,0.7691864371299744,0.23088787496089935,0.07839939743280411,1.2421631813049316,0.15709465742111206,0.050970658659935,0.08692307770252228,0.03595241904258728,0.17751865088939667,0.19847328960895538,0.020954638719558716,0.3893298804759979,0.2956254780292511,0.315044641494751,0.9191661580154837,0.6496622426109492,0,0,0.5553591847419739,0.31300127506256104,0.00014150142669677734,-0.0003130584955215454,-0.0004510730504989624,-0.0007246732711791992,-0.0020495951175689697,-0.006959218531847,-0.02567906677722931,0.01839963051929818
Stage2,S2_013,3.0,0.02,0.0,0.0,43,1.2220474481582642,102,monotonic_hybrid,0.736705482006073,0.21695561707019806,0.07955439388751984,1.4807130098342896,0.20007705688476562,0.04271230101585388,0.08923076838254929,0.046518467366695404,0.1637527346611023,0.2539682686328888,0.0902155339717865,0.3929332494735718,0.2954252064228058,0.31164154410362244,0.9240719139745008,0.6418227034697518,0,0,0.5553596615791321,0.31299132108688354,-0.0008084774017333984,-0.0001369565725326538,-0.0009410232305526733,-0.01255178451538086,-0.005397826433181763,-0.006929416209459305,-0.026111885905265808,-0.10962197954633601
Stage2,S2_013,3.0,0.02,0.0,0.0,50,1.275141954421997,103,monotonic_hybrid,0.7085428237915039,0.22194597125053406,0.07863547652959824,1.17220938205719,0.12861299514770508,0.042950280010700226,0.08538461476564407,0.04243433475494385,0.14976371824741364,0.14159291982650757,0.008170798420906067,0.39564210176467896,0.2948914170265198,0.3094664514064789,0.9171740418068206,0.6438181472740815,0,0,0.5553549528121948,0.3129509687423706,-3.057718276977539e-05,-0.0008735954761505127,-0.00030916929244995117,0.0005500316619873047,0.0006218403577804565,-0.005400869995355606,-0.010711275041103363,-0.004315316201219577
Stage2,S2_013,3.0,0.02,0.0,0.0,49,1.366550087928772,104,monotonic_hybrid,0.7192169427871704,0.22713980078697205,0.0722290650010109,1.2339022159576416,0.15036197006702423,0.05834604799747467,0.07999999821186066,0.021653950214385986,0.17761923372745514,0.18110236525535583,0.003483131527900696,0.3924929201602936,0.2945622205734253,0.31294482946395874,0.918020590569641,0.6702643601671795,0,0,0.5553535223007202,0.31298887729644775,0.0011742711067199707,-0.001107722520828247,-0.0003603324294090271,0.004204154014587402,-0.0006512552499771118,-0.010816499590873718,-0.027032405138015747,0.1635377886347338
Stage2,S2_013,3.0,0.02,0.0,0.0,43,1.3098690509796143,105,monotonic_hybrid,0.702684223651886,0.22005479037761688,0.0711163580417633,1.1432262659072876,0.12941978871822357,0.053087521344423294,0.07538461685180664,0.022297095507383347,0.1926945298910141,0.1376146823167801,0.05507984757423401,0.3998701274394989,0.29448720812797546,0.30564260482788086,0.916068349262762,0.672463969830318,0,0,0.5553590059280396,0.31299638748168945,0.0010781288146972656,0.00016953051090240479,0.00015425682067871094,0.0032559633255004883,0.0020713508129119873,-0.0062106698751449585,0.021077796816825867,0.15366582796682388
Stage2,S2_013,3.0,0.02,0.0,0.0,50,1.2711577415466309,106,monotonic_hybrid,0.7449780106544495,0.22510243952274323,0.07659997045993805,1.19202721118927,0.12202230095863342,0.04814416915178299,0.08384615182876587,0.03570198267698288,0.1865600049495697,0.14851485192775726,0.03804515302181244,0.39545926451683044,0.2971307039260864,0.30741000175476074,0.9165654964937904,0.6688480237133281,0,0,0.555354118347168,0.3129446506500244,0.0005142688751220703,0.00013329088687896729,-0.00017536431550979614,0.004458189010620117,0.001157127320766449,-0.00577249750494957,0.028660491108894348,0.06907910301889611
Stage2,S2_013,3.0,0.02,0.0,0.0,42,1.4044411182403564,107,monotonic_hybrid,0.7793304920196533,0.22353731095790863,0.0908978134393692,1.2824629545211792,0.15335890650749207,0.047612596303224564,0.10076922923326492,0.05315663293004036,0.1651924103498459,0.19130434095859528,0.02611193060874939,0.3908692002296448,0.29699307680130005,0.3121377229690552,0.9229259053086166,0.6783262190232208,0,0,0.555361270904541,0.3129963278770447,-0.0006976127624511719,0.00015312433242797852,-0.0007619783282279968,-0.001116037368774414,-0.0017153024673461914,-0.006620556116104126,-0.021550223231315613,-0.08943431117088342
Stage2,S2_013,3.0,0.02,0.0,0.0,50,1.2734400033950806,108,monotonic_hybrid,0.7349268794059753,0.2229926735162735,0.08304744213819504,1.2914516925811768,0.1908276379108429,0.04980351775884628,0.0930769219994545,0.043273404240608215,0.17881394922733307,0.25,0.07118605077266693,0.39541342854499817,0.29419904947280884,0.310387521982193,0.9180944531764283,0.6923112539904354,0,0,0.5553542971611023,0.3129463493824005,-0.0003478527069091797,-0.0004270821809768677,-0.000621303915977478,-0.0017900466918945312,-0.00407196581363678,-0.0064437128603458405,-0.02403607964515686,-0.04730921541524902
Stage2,S2_013,3.0,0.02,0.0,0.0,40,1.323128581047058,109,monotonic_hybrid,0.7256947159767151,0.2213493287563324,0.08141906559467316,1.0609639883041382,0.13667908310890198,0.045589614659547806,0.08769230544567108,0.042102690786123276,0.17183759808540344,0.1599999964237213,0.011837601661682129,0.3941681385040283,0.29661738872528076,0.3092144727706909,0.9179556834330771,0.6993869365873991,0,0,0.5553626418113708,0.3130187392234802,0.0009562969207763672,-0.0001169741153717041,-0.00011129677295684814,0.004522442817687988,0.0004026740789413452,-0.004824720323085785,0.002734139561653137,0.13195063151503159
Stage2,S2_013,3.0,0.02,0.0,0.0,33,1.3466665744781494,110,monotonic_hybrid,0.7095850110054016,0.21942096948623657,0.07470082491636276,1.2560747861862183,0.15785956382751465,0.055703066289424896,0.08538461476564407,0.029681548476219177,0.1798056960105896,0.19658119976520538,0.016775503754615784,0.3911775052547455,0.29513320326805115,0.31368932127952576,0.9281753101787424,0.6692044157422119,0,0,0.5553713440895081,0.31308773159980774,0.00021523237228393555,0.00014682114124298096,-0.0010757595300674438,-0.0010852813720703125,-0.001918107271194458,-0.012225467711687088,-0.031391143798828125,0.030341350698456046
Stage2,S2_014,3.0,0.02,0.0,0.005,43,1.326046109199524,101,monotonic_hybrid,0.7691823840141296,0.2308867871761322,0.07840163260698318,1.2421756982803345,0.15710611641407013,0.05092494562268257,0.08692307770252228,0.035998132079839706,0.1773444265127182,0.19847328960895538,0.021128863096237183,0.3884899914264679,0.29619109630584717,0.31531888246536255,0.9191661461456125,0.6496622545566964,0,0,0.5470287203788757,0.30830633640289307,0.00013744831085205078,-0.0003141462802886963,-0.00044883787631988525,-0.0007121562957763672,-0.002038136124610901,-0.006913505494594574,-0.025504842400550842,0.017872598137111038
Stage2,S2_014,3.0,0.02,0.0,0.005,43,1.2214220762252808,102,monotonic_hybrid,0.7367111444473267,0.21695387363433838,0.07955986261367798,1.4807963371276855,0.2001112699508667,0.0426659993827343,0.08923076838254929,0.04656476899981499,0.16356341540813446,0.2539682686328888,0.09040485322475433,0.39203932881355286,0.2959938049316406,0.3119668960571289,0.9240719071241282,0.6418227047709382,0,0,0.5470293164253235,0.3082965016365051,-0.0008028149604797363,-0.00013870000839233398,-0.0009355545043945312,-0.012468457221984863,-0.0053636133670806885,-0.006883114576339722,-0.025922566652297974,-0.10885420543420818
Stage2,S2_014,3.0,0.02,0.0,0.005,50,1.2745108604431152,103,monotonic_hybrid,0.7085391283035278,0.22194495797157288,0.07863713800907135,1.1721926927566528,0.12860152125358582,0.042905546724796295,0.08538461476564407,0.04247906804084778,0.14957158267498016,0.14159291982650757,0.007978662848472595,0.39470750093460083,0.2954680323600769,0.30982446670532227,0.9171740325717662,0.6438181394452326,0,0,0.5470245480537415,0.30825674533843994,-3.427267074584961e-05,-0.0008746087551116943,-0.00030750781297683716,0.0005333423614501953,0.0006103664636611938,-0.005356136709451675,-0.010903410613536835,-0.00483685539123052
Stage2,S2_014,3.0,0.02,0.0,0.005,49,1.3657218217849731,104,monotonic_hybrid,0.7192131876945496,0.22714078426361084,0.07222925126552582,1.2338770627975464,0.15036147832870483,0.05831335857510567,0.07999999821186066,0.02168663963675499,0.17749880254268646,0.18110236525535583,0.0036035627126693726,0.39160558581352234,0.29514384269714355,0.3132505714893341,0.918020580075643,0.6702643743512423,0,0,0.5470232963562012,0.3082941174507141,0.001170516014099121,-0.0011067390441894531,-0.000360146164894104,0.0041790008544921875,-0.0006517469882965088,-0.010783810168504715,-0.02691197395324707,0.16301482631383699
Stage2,S2_014,3.0,0.02,0.0,0.005,43,1.3091864585876465,105,monotonic_hybrid,0.7026718854904175,0.22005100548267365,0.0711137056350708,1.1431852579116821,0.12939831614494324,0.053051650524139404,0.07538461685180664,0.022332966327667236,0.19257204234600067,0.1376146823167801,0.05495736002922058,0.39887216687202454,0.2950698733329773,0.3060579299926758,0.9160683441373747,0.6724639731148416,0,0,0.547028660774231,0.3083013892173767,0.0010657906532287598,0.00016574561595916748,0.00015160441398620605,0.0032149553298950195,0.002049878239631653,-0.006174799054861069,0.02095530927181244,0.15190726834778737
Stage2,S2_014,3.0,0.02,0.0,0.005,50,1.270618200302124,106,monotonic_hybrid,0.7449706792831421,0.22510023415088654,0.07659946382045746,1.1919775009155273,0.12200799584388733,0.04810426011681557,0.08384615182876587,0.0357418917119503,0.1863192766904831,0.14851485192775726,0.03780442476272583,0.3945274353027344,0.2976737320423126,0.3077988028526306,0.9165654943064007,0.6688480267214424,0,0,0.5470238924026489,0.3082504868507385,0.0005069375038146973,0.00013108551502227783,-0.00017587095499038696,0.004408478736877441,0.0011428222060203552,-0.005732588469982147,0.02841976284980774,0.06809431747516359
Stage2,S2_014,3.0,0.02,0.0,0.005,42,1.4036833047866821,107,monotonic_hybrid,0.7793319225311279,0.22353452444076538,0.0909016951918602,1.282475233078003,0.1533668339252472,0.047570180147886276,0.10076922923326492,0.05319904908537865,0.1650451123714447,0.19130434095859528,0.026259228587150574,0.3900061845779419,0.297538161277771,0.3124556541442871,0.9229259011189501,0.6783262186165456,0,0,0.5470308065414429,0.3083013892173767,-0.0006961822509765625,0.000150337815284729,-0.0007580965757369995,-0.0011037588119506836,-0.0017073750495910645,-0.006578139960765839,-0.02140292525291443,-0.0892509188718317
Stage2,S2_014,3.0,0.02,0.0,0.005,50,1.2726631164550781,108,monotonic_hybrid,0.7349251508712769,0.22299250960350037,0.08304926753044128,1.2914578914642334,0.19084885716438293,0.049769069999456406,0.0930769219994545,0.04330785199999809,0.1786605268716812,0.25,0.07133947312831879,0.39448222517967224,0.2947860658168793,0.3107317090034485,0.9180944497765066,0.6923112568400854,0,0,0.5470240116119385,0.30825212597846985,-0.000349581241607666,-0.00042724609375,-0.0006194785237312317,-0.0017838478088378906,-0.004050746560096741,-0.006409265100955963,-0.023882657289505005,-0.047544302332151386
Stage2,S2_014,3.0,0.02,0.0,0.005,40,1.3224689960479736,109,monotonic_hybrid,0.7256866097450256,0.22134871780872345,0.0814179852604866,1.060927391052246,0.13667158782482147,0.045563869178295135,0.08769230544567108,0.042128436267375946,0.17169366776943207,0.1599999964237213,0.011693671345710754,0.39325565099716187,0.297168105840683,0.30957621335983276,0.9179556748836888,0.6993869421630337,0,0,0.5470321774482727,0.3083234429359436,0.0009481906890869141,-0.00011758506298065186,-0.0001123771071434021,0.0044858455657958984,0.00039517879486083984,-0.004798974841833115,0.0025902092456817627,0.13083212703447536
Stage2,S2_014,3.0,0.02,0.0,0.005,33,1.3459460735321045,110,monotonic_hybrid,0.7095831036567688,0.2194177210330963,0.0747046023607254,1.2560675144195557,0.15786544978618622,0.05565463751554489,0.08538461476564407,0.029729977250099182,0.17965194582939148,0.19658119976520538,0.016929253935813904,0.3903099298477173,0.295706182718277,0.3139839172363281,0.928175297976682,0.6692044129563492,0,0,0.5470407605171204,0.3083915114402771,0.00021332502365112305,0.00014357268810272217,-0.0010719820857048035,-0.0010925531387329102,-0.0019122213125228882,-0.012177038937807083,-0.031237393617630005,0.03007247137905682
Stage2,S2_015,3.0,0.02,0.0,0.01,43,1.3254681825637817,101,monotonic_hybrid,0.7691783905029297,0.23088571429252625,0.07840389758348465,1.2421886920928955,0.15711764991283417,0.05087919905781746,0.08692307770252228,0.03604387864470482,0.177170068025589,0.19847328960895538,0.021303221583366394,0.3876500725746155,0.2967567443847656,0.3155932128429413,0.9191661335615295,0.6496622649565379,0,0,0.5386983752250671,0.30361127853393555,0.0001334547996520996,-0.0003152191638946533,-0.0004465728998184204,-0.000699162483215332,-0.002026602625846863,-0.006867758929729462,-0.02533048391342163,0.01735331623113253
Stage2,S2_015,3.0,0.02,0.0,0.01,43,1.2207967042922974,102,monotonic_hybrid,0.7367168068885803,0.21695218980312347,0.07956533879041672,1.4808796644210815,0.20014552772045135,0.04261969029903412,0.08923076838254929,0.04661107808351517,0.163374125957489,0.2539682686328888,0.09059414267539978,0.39114534854888916,0.29656246304512024,0.312292218208313,0.9240718942463948,0.6418227130154596,0,0,0.5386989116668701,0.30360159277915955,-0.0007971525192260742,-0.00014038383960723877,-0.0009300783276557922,-0.012385129928588867,-0.005329355597496033,-0.006836805492639542,-0.025733277201652527,-0.10808643132208035
Stage2,S2_015,3.0,0.02,0.0,0.01,50,1.2738797664642334,103,monotonic_hybrid,0.7085354328155518,0.2219438999891281,0.07863880693912506,1.172176480293274,0.12859009206295013,0.04286086931824684,0.08538461476564407,0.04252374544739723,0.14937956631183624,0.14159291982650757,0.007786646485328674,0.3937729001045227,0.2960446774959564,0.31018245220184326,0.9171740235790462,0.6438181388721537,0,0,0.5386942028999329,0.3035625219345093,-3.796815872192383e-05,-0.0008756667375564575,-0.0003058388829231262,0.0005171298980712891,0.0005989372730255127,-0.005311459302902222,-0.011095426976680756,-0.005358394581241464
Stage2,S2_015,3.0,0.02,0.0,0.01,49,1.3648934364318848,104,monotonic_hybrid,0.719209611415863,0.22714176774024963,0.07222943007946014,1.2338521480560303,0.15036094188690186,0.05828064680099487,0.07999999821186066,0.021719351410865784,0.17737829685211182,0.18110236525535583,0.0037240684032440186,0.3907182812690735,0.29572543501853943,0.3135562837123871,0.9180205694569188,0.6702644123247459,0,0,0.5386928915977478,0.3035992383956909,0.0011669397354125977,-0.0011057555675506592,-0.00035996735095977783,0.004154086112976074,-0.0006522834300994873,-0.010751098394393921,-0.026791468262672424,0.16251676696060194
Stage2,S2_015,3.0,0.02,0.0,0.01,43,1.3085037469863892,105,monotonic_hybrid,0.702659547328949,0.2200472354888916,0.0711110383272171,1.1431442499160767,0.1293768286705017,0.05301577225327492,0.07538461685180664,0.022368844598531723,0.1924494355916977,0.1376146823167801,0.0548347532749176,0.39787420630455017,0.2956525683403015,0.3064732551574707,0.9160683265310926,0.6724639904549189,0,0,0.5386981964111328,0.3036065101623535,0.001053452491760254,0.00016197562217712402,0.00014893710613250732,0.0031739473342895508,0.0020283907651901245,-0.006138920783996582,0.02083270251750946,0.15014870872875086
Stage2,S2_015,3.0,0.02,0.0,0.01,50,1.2700783014297485,106,monotonic_hybrid,0.7449634075164795,0.22509807348251343,0.07659897208213806,1.1919280290603638,0.1219937726855278,0.04806423932313919,0.08384615182876587,0.03578191250562668,0.18607816100120544,0.14851485192775726,0.03756330907344818,0.3935956060886383,0.2982167899608612,0.3081876337528229,0.9165654867635108,0.6688480296202566,0,0,0.5386934876441956,0.30355626344680786,0.0004996657371520996,0.00012892484664916992,-0.00017636269330978394,0.004359006881713867,0.0011285990476608276,-0.005692567676305771,0.02817864716053009,0.06711753831796548
Stage2,S2_015,3.0,0.02,0.0,0.01,42,1.4029253721237183,107,monotonic_hybrid,0.7793333530426025,0.22353172302246094,0.09090560674667358,1.2824876308441162,0.1533748060464859,0.047527749091386795,0.10076922923326492,0.05324148014187813,0.16489768028259277,0.19130434095859528,0.026406660676002502,0.389143168926239,0.29808327555656433,0.31277355551719666,0.9229258907053229,0.6783262275629816,0,0,0.5387004613876343,0.30360645055770874,-0.0006947517395019531,0.00014753639698028564,-0.0007541850209236145,-0.0010913610458374023,-0.001699402928352356,-0.006535708904266357,-0.0212554931640625,-0.08906752657278
Stage2,S2_015,3.0,0.02,0.0,0.01,50,1.271885633468628,108,monotonic_hybrid,0.7349234819412231,0.22299236059188843,0.08305110037326813,1.2914642095565796,0.19087012112140656,0.04973455145955086,0.0930769219994545,0.04334237053990364,0.17850694060325623,0.25,0.07149305939674377,0.3935510814189911,0.2953730523586273,0.3110758662223816,0.9180944415504931,0.6923112640449891,0,0,0.5386935472488403,0.3035579323768616,-0.00035125017166137695,-0.0004273951053619385,-0.0006176456809043884,-0.0017775297164916992,-0.00402948260307312,-0.006374746561050415,-0.023729071021080017,-0.04777128280364333
Stage2,S2_015,3.0,0.02,0.0,0.01,40,1.32180917263031,109,monotonic_hybrid,0.725678563117981,0.2213481068611145,0.08141690492630005,1.0608911514282227,0.13666412234306335,0.045538149774074554,0.08769230544567108,0.04215415567159653,0.1715497225522995,0.1599999964237213,0.011549726128578186,0.3923431932926178,0.2977188229560852,0.309937983751297,0.9179556622227784,0.6993869455533912,0,0,0.5387017726898193,0.30362820625305176,0.0009401440620422363,-0.00011819601058959961,-0.00011345744132995605,0.004449605941772461,0.00038771331310272217,-0.004773255437612534,0.0024462640285491943,0.12972184685157026
Stage2,S2_015,3.0,0.02,0.0,0.01,33,1.34522545337677,110,monotonic_hybrid,0.7095811367034912,0.21941450238227844,0.07470838725566864,1.2560604810714722,0.15787139534950256,0.05560622736811638,0.08538461476564407,0.029778387397527695,0.17949818074703217,0.19658119976520538,0.017083019018173218,0.3894423246383667,0.2962791919708252,0.3142785131931305,0.9281752853529021,0.6692044170948721,0,0,0.5387102365493774,0.3036951422691345,0.00021135807037353516,0.00014035403728485107,-0.0010681971907615662,-0.0010995864868164062,-0.001906275749206543,-0.01212862879037857,-0.03108362853527069,0.029795189580926373
Stage2,S2_016,3.0,0.02,0.0,0.02,43,1.324312686920166,101,monotonic_hybrid,0.7691706418991089,0.23088352382183075,0.07840842008590698,1.2422150373458862,0.15714097023010254,0.05078761652112007,0.08692307770252228,0.036135461181402206,0.17682094871997833,0.19847328960895538,0.02165234088897705,0.3859702944755554,0.2978879511356354,0.3161417841911316,0.9191661358381824,0.649662266472569,0,0,0.5220376253128052,0.29422128200531006,0.00012570619583129883,-0.0003174096345901489,-0.00044205039739608765,-0.0006728172302246094,-0.002003282308578491,-0.006776176393032074,-0.024981364607810974,0.016345754324010052
Stage2,S2_016,3.0,0.02,0.0,0.02,43,1.2195453643798828,102,monotonic_hybrid,0.736728310585022,0.21694882214069366,0.07957631349563599,1.4810470342636108,0.2002142369747162,0.04252711310982704,0.08923076838254929,0.046703655272722244,0.16299547255039215,0.2539682686328888,0.09097279608249664,0.38935744762420654,0.29769963026046753,0.3129429221153259,0.92407189356798,0.6418226927616373,0,0,0.5220380425453186,0.2942119836807251,-0.0007856488227844238,-0.00014375150203704834,-0.0009191036224365234,-0.01221776008605957,-0.005260646343231201,-0.006744228303432465,-0.025354623794555664,-0.10652663759954696
Stage2,S2_016,3.0,0.02,0.0,0.02,50,1.272616982460022,103,monotonic_hybrid,0.7085283398628235,0.22194187343120575,0.07864215224981308,1.1721445322036743,0.1285674124956131,0.042771752923727036,0.08538461476564407,0.04261286184191704,0.1489962339401245,0.14159291982650757,0.007403314113616943,0.39190369844436646,0.2971978783607483,0.31089839339256287,0.9171740299795109,0.6438181352433423,0,0,0.5220336318016052,0.2941738963127136,-4.506111145019531e-05,-0.0008776932954788208,-0.0003024935722351074,0.0004851818084716797,0.0005762577056884766,-0.005222342908382416,-0.011478759348392487,-0.006359413349165693
Stage2,S2_016,3.0,0.02,0.0,0.02,49,1.3632363080978394,104,monotonic_hybrid,0.7192023396492004,0.22714383900165558,0.07222981005907059,1.2338021993637085,0.15035998821258545,0.05821513757109642,0.07999999821186066,0.021784860640764236,0.17713674902915955,0.18110236525535583,0.003965616226196289,0.388943612575531,0.2968885600566864,0.3141677975654602,0.9180205609324985,0.6702644519086308,0,0,0.5220323801040649,0.29420965909957886,0.00115966796875,-0.0011036843061447144,-0.0003595873713493347,0.004104137420654297,-0.0006532371044158936,-0.010685589164495468,-0.026549920439720154,0.16150404627569062
Stage2,S2_016,3.0,0.02,0.0,0.02,43,1.3071379661560059,105,monotonic_hybrid,0.7026351094245911,0.22003966569900513,0.07110574096441269,1.1430624723434448,0.12933380901813507,0.05294398218393326,0.07538461685180664,0.022440634667873383,0.19220364093780518,0.1376146823167801,0.054588958621025085,0.3958781659603119,0.29681795835494995,0.30730387568473816,0.9160683271301907,0.6724639784157092,0,0,0.5220374464988708,0.2942166328430176,0.0010290145874023438,0.00015440583229064941,0.00014363974332809448,0.003092169761657715,0.0019853711128234863,-0.0060671307146549225,0.020586907863616943,0.146665571319065
Stage2,S2_016,3.0,0.02,0.0,0.02,50,1.268998622894287,106,monotonic_hybrid,0.7449488639831543,0.2250937521457672,0.07659803330898285,1.1918301582336426,0.1219656839966774,0.04798387363553047,0.08384615182876587,0.0358622781932354,0.18559497594833374,0.14851485192775726,0.03708012402057648,0.391731858253479,0.2993028461933136,0.3089653253555298,0.9165654887106441,0.6688480096447501,0,0,0.5220328569412231,0.29416802525520325,0.0004851222038269043,0.0001246035099029541,-0.00017730146646499634,0.004261136054992676,0.0011005103588104248,-0.005612201988697052,0.027695462107658386,0.06516398000356925
Stage2,S2_016,3.0,0.02,0.0,0.02,42,1.40140962600708,107,monotonic_hybrid,0.7793363332748413,0.22352613508701324,0.09091338515281677,1.2825130224227905,0.15339089930057526,0.04744286090135574,0.10076922923326492,0.05332636833190918,0.16460245847702026,0.19130434095859528,0.026701882481575012,0.38741716742515564,0.2991734445095062,0.31340938806533813,0.9229258944148125,0.6783262090341453,0,0,0.522039532661438,0.2942165732383728,-0.0006917715072631836,0.00014194846153259277,-0.000746406614780426,-0.001065969467163086,-0.0016833096742630005,-0.006450820714235306,-0.02096027135848999,-0.08868545928308894
Stage2,S2_016,3.0,0.02,0.0,0.02,50,1.2703310251235962,108,monotonic_hybrid,0.7349200248718262,0.22299207746982574,0.08305482566356659,1.2914774417877197,0.19091281294822693,0.049665361642837524,0.0930769219994545,0.043411560356616974,0.17819954454898834,0.25,0.07180045545101166,0.3916887044906616,0.2965471148490906,0.3117642104625702,0.918094446491736,0.6923112383460196,0,0,0.5220329165458679,0.2941696047782898,-0.0003547072410583496,-0.0004276782274246216,-0.0006139203906059265,-0.0017642974853515625,-0.003986790776252747,-0.006305556744337082,-0.023421674966812134,-0.04824145663744806
Stage2,S2_016,3.0,0.02,0.0,0.02,40,1.3204896450042725,109,monotonic_hybrid,0.725662350654602,0.22134697437286377,0.08141472935676575,1.0608186721801758,0.1366492658853531,0.04548680782318115,0.08769230544567108,0.04220549762248993,0.17126193642616272,0.1599999964237213,0.011261940002441406,0.3905182480812073,0.29882028698921204,0.3106614351272583,0.9179556608388306,0.699386947555976,0,0,0.5220407843589783,0.29423773288726807,0.0009239315986633301,-0.00011932849884033203,-0.00011563301086425781,0.004377126693725586,0.00037285685539245605,-0.0047219134867191315,0.0021584779024124146,0.12748483789045778
Stage2,S2_016,3.0,0.02,0.0,0.02,33,1.343783974647522,110,monotonic_hybrid,0.7095774412155151,0.21940812468528748,0.0747159868478775,1.2560467720031738,0.157883420586586,0.05550941452383995,0.08538461476564407,0.029875200241804123,0.17919056117534637,0.19658119976520538,0.01739063858985901,0.38770708441734314,0.29742515087127686,0.3148678243160248,0.9281752833996677,0.6692044093473589,0,0,0.522049069404602,0.2943025529384613,0.00020766258239746094,0.00013397634029388428,-0.0010605975985527039,-0.001113295555114746,-0.001894250512123108,-0.012031815946102142,-0.0307760089635849,0.02927423589959038
Stage2,S2_017,3.0,0.02,0.0,0.05,43,1.3208448886871338,101,monotonic_hybrid,0.7691479921340942,0.23087754845619202,0.07842276245355606,1.2422962188720703,0.15721413493156433,0.050508446991443634,0.08692307770252228,0.036414630711078644,0.17575840651988983,0.19847328960895538,0.022714883089065552,0.3809308707714081,0.3012816309928894,0.3177875280380249,0.9191660775517875,0.6496623088229012,0,0,0.4720553159713745,0.2660512626171112,0.00010305643081665039,-0.00032338500022888184,-0.0004277080297470093,-0.0005916357040405273,-0.0019301176071166992,-0.006497006863355637,-0.023918822407722473,0.013400573364728963
Stage2,S2_017,3.0,0.02,0.0,0.05,43,1.2157888412475586,102,monotonic_hybrid,0.7367635369300842,0.21693885326385498,0.07960951328277588,1.481551170349121,0.2004217654466629,0.04224947839975357,0.08923076838254929,0.046981289982795715,0.16185921430587769,0.2539682686328888,0.09210905432701111,0.38399365544319153,0.3011113107204437,0.31489506363868713,0.9240718487505418,0.6418226956715763,0,0,0.47205573320388794,0.2660427689552307,-0.000750422477722168,-0.00015372037887573242,-0.0008859038352966309,-0.011713624000549316,-0.005053117871284485,-0.0064665935933589935,-0.0242183655500412,-0.10175027443883593
Stage2,S2_017,3.0,0.02,0.0,0.05,50,1.268824815750122,103,monotonic_hybrid,0.7085078358650208,0.2219359576702118,0.07865232229232788,1.172052264213562,0.12850072979927063,0.04250630736351013,0.08538461476564407,0.04287830740213394,0.14785127341747284,0.14159291982650757,0.006258353590965271,0.3862960934638977,0.30065762996673584,0.31304630637168884,0.9171739880029937,0.6438181340852773,0,0,0.472051739692688,0.2660083770751953,-6.556510925292969e-05,-0.0008836090564727783,-0.0002923235297203064,0.000392913818359375,0.0005095750093460083,-0.004956897348165512,-0.012623719871044159,-0.009253114661484475
Stage2,S2_017,3.0,0.02,0.0,0.05,49,1.3582621812820435,104,monotonic_hybrid,0.71918123960495,0.22715012729167938,0.07223101705312729,1.23365318775177,0.150357186794281,0.058017414063215256,0.07999999821186066,0.0219825841486454,0.1764073669910431,0.18110236525535583,0.004694998264312744,0.38361966609954834,0.30037811398506165,0.3160022497177124,0.918020495574759,0.6702646233464454,0,0,0.4720504879951477,0.2660408318042755,0.0011385679244995117,-0.0010973960161209106,-0.00035838037729263306,0.00395512580871582,-0.0006560385227203369,-0.010487865656614304,-0.0258205384016037,0.15856549609160375
Stage2,S2_017,3.0,0.02,0.0,0.05,43,1.30303955078125,105,monotonic_hybrid,0.7025620341300964,0.22001716494560242,0.07108978927135468,1.142818808555603,0.12920431792736053,0.052728600800037384,0.07538461685180664,0.022656016051769257,0.19146272540092468,0.1376146823167801,0.05384804308414459,0.3898901641368866,0.3003140687942505,0.30979588627815247,0.9160682724846169,0.6724640092738363,0,0,0.47205519676208496,0.26604703068733215,0.0009559392929077148,0.00013190507888793945,0.00012768805027008057,0.002848505973815918,0.0018558800220489502,-0.0058517493307590485,0.01984599232673645,0.1362501409183946
Stage2,S2_017,3.0,0.02,0.0,0.05,50,1.2657599449157715,106,monotonic_hybrid,0.7449057102203369,0.22508186101913452,0.07659472525119781,1.19153892993927,0.12188200652599335,0.04774383082985878,0.08384615182876587,0.03610232099890709,0.18413551151752472,0.14851485192775726,0.035620659589767456,0.3861406445503235,0.30256104469299316,0.3112983703613281,0.9165654608705387,0.6688480244156874,0,0,0.4720510244369507,0.2660030424594879,0.0004419684410095215,0.00011271238327026367,-0.00018060952425003052,0.003969907760620117,0.0010168328881263733,-0.00537215918302536,0.026235997676849365,0.05936735615265585
Stage2,S2_017,3.0,0.02,0.0,0.05,42,1.39686119556427,107,monotonic_hybrid,0.7793458700180054,0.22350938618183136,0.0909370630979538,1.2825922966003418,0.1534404158592224,0.04718784615397453,0.10076922923326492,0.05358138307929039,0.16371341049671173,0.19130434095859528,0.027590930461883545,0.38223910331726074,0.3024440407752991,0.31531691551208496,0.9229258502575314,0.6783262099708868,0,0,0.4720570743083954,0.26604700088500977,-0.0006822347640991211,0.000125199556350708,-0.0007227286696434021,-0.0009866952896118164,-0.0016337931156158447,-0.0061958059668540955,-0.020071223378181458,-0.08746284395607755
Stage2,S2_017,3.0,0.02,0.0,0.05,50,1.265656590461731,108,monotonic_hybrid,0.7349032163619995,0.22298705577850342,0.08306679129600525,1.2915130853652954,0.191041499376297,0.04945419356226921,0.0930769219994545,0.04362272843718529,0.17729346454143524,0.25,0.07270653545856476,0.3861016035079956,0.300069123506546,0.31382930278778076,0.9180944213029602,0.6923112505022856,0,0,0.47205114364624023,0.26600444316864014,-0.00037151575088500977,-0.00043269991874694824,-0.0006019547581672668,-0.001728653907775879,-0.0038581043481826782,-0.006094388663768768,-0.022515594959259033,-0.05052747424318833
Stage2,S2_017,3.0,0.02,0.0,0.05,40,1.3165303468704224,109,monotonic_hybrid,0.7256149649620056,0.221343994140625,0.08140825480222702,1.0606054067611694,0.1366053968667984,0.04533353075385094,0.08769230544567108,0.042358774691820145,0.17039939761161804,0.1599999964237213,0.010399401187896729,0.3850434124469757,0.3021247088909149,0.31283193826675415,0.9179556056731103,0.6993869756757648,0,0,0.4720582962036133,0.2660660743713379,0.0008765459060668945,-0.00012230873107910156,-0.00012210756540298462,0.004163861274719238,0.00032898783683776855,-0.004568636417388916,0.0012959390878677368,0.12094652125779448
Stage2,S2_017,3.0,0.02,0.0,0.05,33,1.339457631111145,110,monotonic_hybrid,0.7095675468444824,0.21938903629779816,0.07473905384540558,1.256010890007019,0.1579206883907318,0.05521902069449425,0.08538461476564407,0.030165594071149826,0.17826634645462036,0.19658119976520538,0.018314853310585022,0.38250142335891724,0.3008630573749542,0.3166355788707733,0.9281752235272114,0.6692044144130441,0,0,0.4720657467842102,0.26612478494644165,0.0001977682113647461,0.00011488795280456543,-0.0010375306010246277,-0.0011491775512695312,-0.001856982707977295,-0.01174142211675644,-0.029851794242858887,0.02787942443020691
Stage2,S2_018,3.0,0.02,0.0,0.1,43,1.3150649070739746,101,monotonic_hybrid,0.7691131234169006,0.23086760938167572,0.0784468799829483,1.2424540519714355,0.157339408993721,0.05004842206835747,0.08692307770252228,0.03687465563416481,0.17399899661540985,0.19847328960895538,0.024474292993545532,0.3725316822528839,0.30693772435188293,0.32053056359291077,0.9191659787778234,0.6496624041776756,0,0,0.38875141739845276,0.2191011607646942,6.818771362304688e-05,-0.0003333240747451782,-0.00040359050035476685,-0.00043380260467529297,-0.001804843544960022,-0.00603698194026947,-0.022159412503242493,0.00886654478267781
Stage2,S2_018,3.0,0.02,0.0,0.1,43,1.2095186710357666,102,monotonic_hybrid,0.736825168132782,0.21692295372486115,0.07966569066047668,1.4823999404907227,0.20077210664749146,0.04178749397397041,0.08923076838254929,0.04744327440857887,0.1599656641483307,0.2539682686328888,0.0940026044845581,0.37505391240119934,0.30679744482040405,0.318148672580719,0.9240717703758555,0.6418227203826498,0,0,0.3887518346309662,0.2190941870212555,-0.0006887912750244141,-0.00016961991786956787,-0.0008297264575958252,-0.010864853858947754,-0.004702776670455933,-0.006004609167575836,-0.0223248153924942,-0.09339365936578141
Stage2,S2_018,3.0,0.02,0.0,0.1,50,1.262492299079895,103,monotonic_hybrid,0.7084763050079346,0.22192661464214325,0.07866965234279633,1.1719127893447876,0.12839406728744507,0.04207069054245949,0.08538461476564407,0.043313924223184586,0.14596085250377655,0.14159291982650757,0.004367932677268982,0.3769499361515045,0.3064238429069519,0.3166262209415436,0.9171739166747529,0.6438181569551888,0,0,0.3887484669685364,0.2190658152103424,-9.709596633911133e-05,-0.0008929520845413208,-0.00027499347925186157,0.00025343894958496094,0.0004029124975204468,-0.004521280527114868,-0.014514140784740448,-0.013703021621416553
Stage2,S2_018,3.0,0.02,0.0,0.1,49,1.3499623537063599,104,monotonic_hybrid,0.7191480994224548,0.22716134786605835,0.07223331928253174,1.2334074974060059,0.15035311877727509,0.05768401920795441,0.07999999821186066,0.02231597900390625,0.17517633736133575,0.18110236525535583,0.005926027894020081,0.374746173620224,0.30619385838508606,0.31905990839004517,0.9180203853337999,0.670264910826871,0,0,0.3887474238872528,0.21909263730049133,0.0011054277420043945,-0.0010861754417419434,-0.0003560781478881836,0.00370943546295166,-0.0006601065397262573,-0.010154470801353455,-0.024589508771896362,0.1539501460849588
Stage2,S2_018,3.0,0.02,0.0,0.1,43,1.2962013483047485,105,monotonic_hybrid,0.7024421691894531,0.21998023986816406,0.07106328010559082,1.142417073249817,0.12898659706115723,0.052371297031641006,0.07538461685180664,0.023013319820165634,0.19022010266780853,0.1376146823167801,0.05260542035102844,0.379909873008728,0.3061408996582031,0.31394919753074646,0.9160681788657205,0.6724640615719187,0,0,0.388751357793808,0.21909773349761963,0.0008360743522644043,9.498000144958496e-05,0.00010117888450622559,0.002446770668029785,0.001638159155845642,-0.005494445562362671,0.0186033695936203,0.1191657766967403
Stage2,S2_018,3.0,0.02,0.0,0.1,50,1.2603425979614258,106,monotonic_hybrid,0.7448413968086243,0.22506113350391388,0.07659263908863068,1.1910747289657593,0.12175504863262177,0.04732678458094597,0.08384615182876587,0.0365193672478199,0.1816720813512802,0.14851485192775726,0.03315722942352295,0.3768218457698822,0.3079913854598999,0.3151867687702179,0.9165654095967365,0.6688480368259082,0,0,0.388747900724411,0.21906137466430664,0.000377655029296875,9.198486804962158e-05,-0.0001826956868171692,0.003505706787109375,0.0008898749947547913,-0.004955112934112549,0.02377256751060486,0.05072846508202663
Stage2,S2_018,3.0,0.02,0.0,0.1,42,1.3892769813537598,107,monotonic_hybrid,0.7793644070625305,0.22348137199878693,0.09097731113433838,1.282734751701355,0.1535269170999527,0.04676190763711929,0.10076922923326492,0.05400732159614563,0.1622212827205658,0.19130434095859528,0.02908305823802948,0.37360891699790955,0.3078950047492981,0.31849610805511475,0.9229257831945059,0.6783262260441238,0,0,0.38875290751457214,0.2190975844860077,-0.0006636977195739746,9.718537330627441e-05,-0.0006824806332588196,-0.0008442401885986328,-0.001547291874885559,-0.005769867449998856,-0.018579095602035522,-0.08508638541419915
Stage2,S2_018,3.0,0.02,0.0,0.1,50,1.2578741312026978,108,monotonic_hybrid,0.7348901033401489,0.22298626601696014,0.08308682590723038,1.291594386100769,0.19126182794570923,0.04910226911306381,0.0930769219994545,0.043974652886390686,0.17574675381183624,0.25,0.07425324618816376,0.3767896890640259,0.3059392273426056,0.31727108359336853,0.918094372071804,0.6923112524382811,0,0,0.3887479305267334,0.21906253695487976,-0.0003846287727355957,-0.00043348968029022217,-0.0005819201469421387,-0.001647353172302246,-0.0036377757787704468,-0.00574246421456337,-0.020968884229660034,-0.05231089223348216
Stage2,S2_018,3.0,0.02,0.0,0.1,40,1.3099305629730225,109,monotonic_hybrid,0.7255392074584961,0.2213410884141922,0.0813978984951973,1.0602668523788452,0.13653428852558136,0.04508053883910179,0.08769230544567108,0.04261176660656929,0.16898956894874573,0.1599999964237213,0.008989572525024414,0.375918447971344,0.3076320290565491,0.3164495527744293,0.917955507603092,0.6993870294056063,0,0,0.38875383138656616,0.21911337971687317,0.000800788402557373,-0.00012521445751190186,-0.00013246387243270874,0.0038253068923950195,0.00025787949562072754,-0.0043156445026397705,-0.00011388957500457764,0.11049343894318434
Stage2,S2_018,3.0,0.02,0.0,0.1,33,1.3322391510009766,110,monotonic_hybrid,0.7095552682876587,0.21935774385929108,0.07477844506502151,1.2559667825698853,0.1579865962266922,0.05473512411117554,0.08538461476564407,0.030649490654468536,0.1767234355211258,0.19658119976520538,0.01985776424407959,0.3738250732421875,0.3065929412841797,0.3195819854736328,0.9281751294512571,0.6692044464071092,0,0,0.388759970664978,0.2191617786884308,0.00018548965454101562,8.359551429748535e-05,-0.0009981393814086914,-0.0011932849884033203,-0.0017910748720169067,-0.011257525533437729,-0.02830888330936432,0.026148513811574414
Stage2,S2_019,3.0,0.01,0.0,0.0,43,1.327193260192871,101,monotonic_hybrid,0.7691792249679565,0.23088224232196808,0.0784047320485115,1.2421773672103882,0.15711000561714172,0.05086888372898102,0.08692307770252228,0.03605419397354126,0.1772116720676422,0.19847328960895538,0.02126161754131317,0.39245444536209106,0.2955113649368286,0.31203415989875793,0.9186298888082172,0.6503385056692109,0,0,0.5549622774124146,0.3140885829925537,0.00013428926467895508,-0.0003186911344528198,-0.00044573843479156494,-0.0007104873657226562,-0.0020342469215393066,-0.006857443600893021,-0.025372087955474854,0.017461822898053415
Stage2,S2_019,3.0,0.01,0.0,0.0,43,1.2228702306747437,102,monotonic_hybrid,0.7367097735404968,0.2169502079486847,0.07956191897392273,1.480826735496521,0.2001221477985382,0.04265151917934418,0.08923076838254929,0.04657924920320511,0.1635076403617859,0.2539682686328888,0.0904606282711029,0.39607352018356323,0.295290470123291,0.30863597989082336,0.9235788531675639,0.642445783371991,0,0,0.554962694644928,0.3140835762023926,-0.0008041858673095703,-0.0001423656940460205,-0.0009334981441497803,-0.012438058853149414,-0.00535273551940918,-0.0068686343729496,-0.025866791605949402,-0.10904008758767071
Stage2,S2_019,3.0,0.01,0.0,0.0,50,1.2758876085281372,103,monotonic_hybrid,0.7085340023040771,0.22194115817546844,0.07863937318325043,1.1721972227096558,0.1286056488752365,0.04288031905889511,0.08538461476564407,0.04250429570674896,0.1495233029127121,0.14159291982650757,0.007930383086204529,0.39885348081588745,0.29472091794013977,0.30642563104629517,0.9166164476354406,0.64452493005062,0,0,0.5549608469009399,0.3140637278556824,-3.93986701965332e-05,-0.0008784085512161255,-0.00030527263879776,0.000537872314453125,0.0006144940853118896,-0.005330909043550491,-0.010951690375804901,-0.0055602807193102155
Stage2,S2_019,3.0,0.01,0.0,0.0,49,1.366977572441101,104,monotonic_hybrid,0.7191919088363647,0.2271355241537094,0.07223100960254669,1.2338478565216064,0.15036235749721527,0.05822855979204178,0.07999999821186066,0.021771438419818878,0.17734266817569733,0.18110236525535583,0.0037596970796585083,0.39563679695129395,0.29441308975219727,0.30995017290115356,0.9174749260409264,0.6708887358216177,0,0,0.5549593567848206,0.3140825927257538,0.0011492371559143066,-0.0011119991540908813,-0.00035838782787323,0.004149794578552246,-0.0006508678197860718,-0.010699011385440826,-0.026755839586257935,0.16005137316208834
Stage2,S2_019,3.0,0.01,0.0,0.0,43,1.310428261756897,105,monotonic_hybrid,0.7026617527008057,0.22004882991313934,0.07111376523971558,1.143166184425354,0.12938663363456726,0.05298367887735367,0.07538461685180664,0.022400937974452972,0.1924026757478714,0.1376146823167801,0.05478799343109131,0.4030097723007202,0.29432213306427,0.30266812443733215,0.9155618673964456,0.6730519942710349,0,0,0.5549622178077698,0.31408607959747314,0.0010556578636169434,0.00016357004642486572,0.00015166401863098145,0.0031958818435668945,0.0020381957292556763,-0.006106827408075333,0.020785942673683167,0.15046304064133226
Stage2,S2_019,3.0,0.01,0.0,0.0,50,1.271920919418335,106,monotonic_hybrid,0.7449705004692078,0.22509878873825073,0.07660267502069473,1.191919207572937,0.1219957247376442,0.04806366190314293,0.08384615182876587,0.03578248992562294,0.18624258041381836,0.14851485192775726,0.037727728486061096,0.39866819977760315,0.2969527542591095,0.30437904596328735,0.9160255543059386,0.6694482317995162,0,0,0.5549605488777161,0.31406065821647644,0.0005067586898803711,0.0001296401023864746,-0.0001726597547531128,0.004350185394287109,0.0011305510997772217,-0.005691990256309509,0.028343066573143005,0.06807029831556036
Stage2,S2_019,3.0,0.01,0.0,0.0,42,1.4049179553985596,107,monotonic_hybrid,0.7793352007865906,0.22353146970272064,0.09090539813041687,1.282503604888916,0.15337295830249786,0.04753531143069267,0.10076922923326492,0.05323391780257225,0.16496169567108154,0.19130434095859528,0.026342645287513733,0.3939906656742096,0.2968757152557373,0.3091336190700531,0.9224271111326056,0.67889652625856,0,0,0.5549634695053101,0.3140859603881836,-0.000692903995513916,0.00014728307723999023,-0.0007543936371803284,-0.0010753870010375977,-0.001701250672340393,-0.006543271243572235,-0.02131950855255127,-0.08883064485317153
Stage2,S2_019,3.0,0.01,0.0,0.0,50,1.2741178274154663,108,monotonic_hybrid,0.7349206209182739,0.22298593819141388,0.08305247128009796,1.291479468345642,0.19086067378520966,0.04973876476287842,0.0930769219994545,0.04333815723657608,0.17858988046646118,0.25,0.07141011953353882,0.39861270785331726,0.2940344512462616,0.30735281109809875,0.9175797752491589,0.6928201560722526,0,0,0.5549604892730713,0.3140614628791809,-0.0003541111946105957,-0.0004338175058364868,-0.0006162747740745544,-0.0017622709274291992,-0.0040389299392700195,-0.0063789598643779755,-0.023812010884284973,-0.0481603921833438
Stage2,S2_019,3.0,0.01,0.0,0.0,40,1.3235831260681152,109,monotonic_hybrid,0.7256829142570496,0.2213425189256668,0.08142369240522385,1.060910701751709,0.1366724818944931,0.04549439251422882,0.08769230544567108,0.04219791293144226,0.17153412103652954,0.1599999964237213,0.011534124612808228,0.39727145433425903,0.2964954972267151,0.3062330484390259,0.9174288642053723,0.6999548108974126,0,0,0.5549638867378235,0.3140971064567566,0.0009444952011108398,-0.00012378394603729248,-0.00010666996240615845,0.004469156265258789,0.0003960728645324707,-0.0047294981777668,0.002430662512779236,0.13032222058010412
Stage2,S2_019,3.0,0.01,0.0,0.0,33,1.3472119569778442,110,monotonic_hybrid,0.7095828056335449,0.21941499412059784,0.07470794767141342,1.2560796737670898,0.15787020325660706,0.05560312047600746,0.08538461476564407,0.029781494289636612,0.17952081561088562,0.19658119976520538,0.017060384154319763,0.39417824149131775,0.2950674295425415,0.31075435876846313,0.9277032845061923,0.6697125380946279,0,0,0.5549675226211548,0.3141310214996338,0.0002130270004272461,0.00014084577560424805,-0.0010686367750167847,-0.0010803937911987305,-0.0019074678421020508,-0.012125521898269653,-0.031106263399124146,0.030030458985400695
Stage2,S2_020,3.0,0.01,0.0,0.005,43,1.3266068696975708,101,monotonic_hybrid,0.7691753506660461,0.2308812290430069,0.0784069076180458,1.2421900033950806,0.15712137520313263,0.05082463100552559,0.08692307770252228,0.03609844669699669,0.17704182863235474,0.19847328960895538,0.021431460976600647,0.3915676772594452,0.29607871174812317,0.3123536705970764,0.9186298871254905,0.6503385106582817,0,0,0.5466378927230835,0.3093772530555725,0.0001304149627685547,-0.00031970441341400146,-0.0004435628652572632,-0.0006978511810302734,-0.002022877335548401,-0.0068131908774375916,-0.025202244520187378,0.016958041944492176
Stage2,S2_020,3.0,0.01,0.0,0.005,43,1.222232460975647,102,monotonic_hybrid,0.7367154359817505,0.21694856882095337,0.07956728339195251,1.4809085130691528,0.20015576481819153,0.042606137692928314,0.08923076838254929,0.04662463068962097,0.1633220613002777,0.2539682686328888,0.09064620733261108,0.3951323926448822,0.2958611249923706,0.3090064525604248,0.9235788525559246,0.6424457863000078,0,0,0.5466382503509521,0.30937230587005615,-0.0007985234260559082,-0.00014400482177734375,-0.0009281337261199951,-0.012356281280517578,-0.005319118499755859,-0.006823252886533737,-0.025681212544441223,-0.10827231347554288
Stage2,S2_020,3.0,0.01,0.0,0.005,50,1.2752453088760376,103,monotonic_hybrid,0.7085304856300354,0.22194018959999084,0.07864098995923996,1.1721810102462769,0.1285943239927292,0.04283661022782326,0.08538461476564407,0.042548004537820816,0.14933472871780396,0.14159291982650757,0.007741808891296387,0.39787065982818604,0.29530009627342224,0.30682921409606934,0.9166164456989024,0.6445249292826504,0,0,0.5466364622116089,0.3093528151512146,-4.291534423828125e-05,-0.0008793771266937256,-0.00030365586280822754,0.0005216598510742188,0.0006031692028045654,-0.005287200212478638,-0.011140264570713043,-0.006056584142062565
Stage2,S2_020,3.0,0.01,0.0,0.005,49,1.3661426305770874,104,monotonic_hybrid,0.7191886305809021,0.22713661193847656,0.07223117351531982,1.2338237762451172,0.15036186575889587,0.05819764360785484,0.07999999821186066,0.021802354604005814,0.17722636461257935,0.18110236525535583,0.0038760006427764893,0.3947022557258606,0.29499685764312744,0.3103008568286896,0.9174749180538303,0.6708887450072009,0,0,0.5466348528862,0.30937132239341736,0.0011459589004516602,-0.0011109113693237305,-0.00035822391510009766,0.004125714302062988,-0.0006513595581054688,-0.010668095201253891,-0.026639536023139954,0.1595948187549562
Stage2,S2_020,3.0,0.01,0.0,0.005,43,1.3097370862960815,105,monotonic_hybrid,0.7026497721672058,0.22004514932632446,0.07111115753650665,1.1431260108947754,0.12936566770076752,0.052949290722608566,0.07538461685180664,0.022435326129198074,0.1922842562198639,0.1376146823167801,0.0546695739030838,0.40196463465690613,0.2949073314666748,0.30312809348106384,0.9155618658803759,0.6730520036847782,0,0,0.5466378331184387,0.30937474966049194,0.0010436773300170898,0.00015988945960998535,0.0001490563154220581,0.0031557083129882812,0.0020172297954559326,-0.006072439253330231,0.02066752314567566,0.1487554537648765
Stage2,S2_020,3.0,0.01,0.0,0.005,50,1.2713696956634521,106,monotonic_hybrid,0.7449634075164795,0.2250966727733612,0.07660216093063354,1.1918714046478271,0.12198193371295929,0.04802480712532997,0.08384615182876587,0.0358213447034359,0.18600614368915558,0.14851485192775726,0.037491291761398315,0.3976881802082062,0.2974984645843506,0.30481335520744324,0.9160255524900722,0.6694482314964951,0,0,0.5466361045837402,0.30934977531433105,0.0004996657371520996,0.00012752413749694824,-0.00017317384481430054,0.004302382469177246,0.0011167600750923157,-0.0056531354784965515,0.028106629848480225,0.06711753831796548
Stage2,S2_020,3.0,0.01,0.0,0.005,42,1.4041528701782227,107,monotonic_hybrid,0.7793365716934204,0.22352877259254456,0.09090916812419891,1.282515525817871,0.15338075160980225,0.04749405011534691,0.10076922923326492,0.053275179117918015,0.16481778025627136,0.19130434095859528,0.026486560702323914,0.39308083057403564,0.29742252826690674,0.30949661135673523,0.9224271055852332,0.6788965246861766,0,0,0.5466390252113342,0.30937469005584717,-0.000691533088684082,0.0001445859670639038,-0.0007506236433982849,-0.0010634660720825195,-0.0016934573650360107,-0.006502009928226471,-0.02117559313774109,-0.08865489389991366
Stage2,S2_020,3.0,0.01,0.0,0.005,50,1.2733303308486938,108,monotonic_hybrid,0.7349189519882202,0.2229858934879303,0.08305425196886063,1.2914854288101196,0.19088147580623627,0.04970523715019226,0.0930769219994545,0.04337168484926224,0.1784396767616272,0.25,0.0715603232383728,0.39763352274894714,0.2946239411830902,0.30774253606796265,0.9175797712258184,0.6928201553335381,0,0,0.5466361045837402,0.3093506097793579,-0.00035578012466430664,-0.00043386220932006836,-0.0006144940853118896,-0.0017563104629516602,-0.004018127918243408,-0.006345432251691818,-0.02366180717945099,-0.04838737265483574
Stage2,S2_020,3.0,0.01,0.0,0.005,40,1.3229165077209473,109,monotonic_hybrid,0.7256750464439392,0.2213420271873474,0.08142255991697311,1.0608751773834229,0.13666515052318573,0.0454699769616127,0.08769230544567108,0.04222232848405838,0.17139442265033722,0.1599999964237213,0.011394426226615906,0.3963123857975006,0.29704809188842773,0.30663949251174927,0.9174288617157277,0.6999548105901443,0,0,0.5466394424438477,0.30938562750816345,0.0009366273880004883,-0.00012427568435668945,-0.00010780245065689087,0.004433631896972656,0.00038874149322509766,-0.0047050826251506805,0.002290964126586914,0.12923661329015249
Stage2,S2_020,3.0,0.01,0.0,0.005,33,1.3464831113815308,110,monotonic_hybrid,0.7095808982849121,0.2194119095802307,0.0747116357088089,1.2560725212097168,0.15787599980831146,0.05555619299411774,0.08538461476564407,0.029828421771526337,0.17937132716178894,0.19658119976520538,0.017209872603416443,0.39326563477516174,0.29564139246940613,0.3110930025577545,0.9277032790811912,0.6697125431187039,0,0,0.546643078327179,0.30941903591156006,0.0002111196517944336,0.00013776123523712158,-0.0010649487376213074,-0.0010875463485717773,-0.001901671290397644,-0.012078594416379929,-0.030956774950027466,0.02976157966600147
Stage2,S2_021,3.0,0.01,0.0,0.01,43,1.3260204792022705,101,monotonic_hybrid,0.7691715359687805,0.23088021576404572,0.0784090980887413,1.242202877998352,0.15713278949260712,0.050780393183231354,0.08692307770252228,0.036142684519290924,0.17687192559242249,0.19847328960895538,0.021601364016532898,0.39068087935447693,0.2966460585594177,0.31267309188842773,0.9186298784507169,0.6503385276410726,0,0,0.5383133888244629,0.3046659231185913,0.0001266002655029297,-0.0003207176923751831,-0.0004413723945617676,-0.0006849765777587891,-0.0020114630460739136,-0.006768953055143356,-0.025032341480255127,0.01646201146713957
Stage2,S2_021,3.0,0.01,0.0,0.01,43,1.2215946912765503,102,monotonic_hybrid,0.7367212176322937,0.21694694459438324,0.0795726627111435,1.4809901714324951,0.20018939673900604,0.04256077855825424,0.08923076838254929,0.046669989824295044,0.1631365269422531,0.2539682686328888,0.09083174169063568,0.39419132471084595,0.2964317500591278,0.30937686562538147,0.92357884395407,0.6424457881250077,0,0,0.5383138656616211,0.3046610951423645,-0.0007927417755126953,-0.00014562904834747314,-0.0009227544069290161,-0.012274622917175293,-0.005285486578941345,-0.006777893751859665,-0.025495678186416626,-0.10748837569789657
Stage2,S2_021,3.0,0.01,0.0,0.01,50,1.274603009223938,103,monotonic_hybrid,0.7085270881652832,0.22193925082683563,0.07864262163639069,1.172165036201477,0.12858305871486664,0.04279297962784767,0.08538461476564407,0.0425916351377964,0.14914637804031372,0.14159291982650757,0.007553458213806152,0.396887868642807,0.2958792746067047,0.3072328567504883,0.9166164363767587,0.644524941673333,0,0,0.5383120179176331,0.30464184284210205,-4.6312808990478516e-05,-0.000880315899848938,-0.0003020241856575012,0.0005056858062744141,0.0005919039249420166,-0.005243569612503052,-0.011328615248203278,-0.0065360637199758514
Stage2,S2_021,3.0,0.01,0.0,0.01,49,1.3653075695037842,104,monotonic_hybrid,0.7191852927207947,0.22713765501976013,0.07223134487867355,1.2337995767593384,0.15036140382289886,0.05816667526960373,0.07999999821186066,0.021833322942256927,0.17710986733436584,0.18110236525535583,0.00399249792098999,0.3937678039073944,0.2955806851387024,0.310651570558548,0.9174749108878508,0.6708887649094623,0,0,0.5383104085922241,0.3046600818634033,0.0011426210403442383,-0.0011098682880401611,-0.0003580525517463684,0.00410151481628418,-0.000651821494102478,-0.010637126863002777,-0.026523038744926453,0.1591299633586035
Stage2,S2_021,3.0,0.01,0.0,0.01,43,1.309045672416687,105,monotonic_hybrid,0.7026378512382507,0.2200414538383484,0.07110854238271713,1.1430861949920654,0.12934467196464539,0.052914898842573166,0.07538461685180664,0.022469718009233475,0.19216571748256683,0.1376146823167801,0.05455103516578674,0.40091952681541443,0.2954924702644348,0.30358803272247314,0.9155618530635823,0.6730520003588677,0,0,0.5383133888244629,0.30466359853744507,0.0010317564010620117,0.00015619397163391113,0.00014644116163253784,0.0031158924102783203,0.0019962340593338013,-0.00603804737329483,0.0205489844083786,0.14705636234551756
Stage2,S2_021,3.0,0.01,0.0,0.01,50,1.2708184719085693,106,monotonic_hybrid,0.7449561953544617,0.22509455680847168,0.07660164684057236,1.191823959350586,0.12196824699640274,0.047985851764678955,0.08384615182876587,0.035860300064086914,0.18576940894126892,0.14851485192775726,0.03725455701351166,0.3967081904411316,0.2980441749095917,0.3052476644515991,0.9160255478612745,0.6694482471462506,0,0,0.5383117198944092,0.3046388030052185,0.0004924535751342773,0.00012540817260742188,-0.00017368793487548828,0.004254937171936035,0.0011030733585357666,-0.005614180117845535,0.027869895100593567,0.06614876554730177
Stage2,S2_021,3.0,0.01,0.0,0.01,42,1.4033877849578857,107,monotonic_hybrid,0.7793378829956055,0.22352607548236847,0.09091296046972275,1.2825275659561157,0.1533885896205902,0.047452740371227264,0.10076922923326492,0.05331648886203766,0.16467367112636566,0.19130434095859528,0.026630669832229614,0.3921710252761841,0.29796940088272095,0.30985960364341736,0.9224271038120523,0.6788965299376774,0,0,0.5383145809173584,0.30466336011886597,-0.0006902217864990234,0.00014188885688781738,-0.0007468312978744507,-0.0010514259338378906,-0.0016856193542480469,-0.006460700184106827,-0.021031484007835388,-0.08848678429244959
Stage2,S2_021,3.0,0.01,0.0,0.01,50,1.2725430727005005,108,monotonic_hybrid,0.7349173426628113,0.22298583388328552,0.0830560177564621,1.2914917469024658,0.19090230762958527,0.049671635031700134,0.0930769219994545,0.043405286967754364,0.17828930914402008,0.25,0.07171069085597992,0.396654337644577,0.29521340131759644,0.30813223123550415,0.9175797626899325,0.6928201606918554,0,0,0.5383116006851196,0.30463966727256775,-0.0003573894500732422,-0.00043392181396484375,-0.0006127282977104187,-0.0017499923706054688,-0.003997296094894409,-0.006311830133199692,-0.023511439561843872,-0.04860624668091726
Stage2,S2_021,3.0,0.01,0.0,0.01,40,1.3222500085830688,109,monotonic_hybrid,0.7256671786308289,0.22134153544902802,0.08142142742872238,1.0608397722244263,0.13665784895420074,0.04544556140899658,0.08769230544567108,0.0422467440366745,0.1712547242641449,0.1599999964237213,0.011254727840423584,0.39535340666770935,0.2976006269454956,0.3070460259914398,0.9174288561770192,0.6999548241266623,0,0,0.5383149981498718,0.3046742081642151,0.0009287595748901367,-0.00012476742267608643,-0.00010893493890762329,0.004398226737976074,0.0003814399242401123,-0.004680667072534561,0.0021512657403945923,0.12815100600020085
Stage2,S2_021,3.0,0.01,0.0,0.01,33,1.3457542657852173,110,monotonic_hybrid,0.7095790505409241,0.21940878033638,0.07471533864736557,1.2560657262802124,0.15788185596466064,0.05550926923751831,0.08538461476564407,0.029875345528125763,0.1792217493057251,0.19658119976520538,0.017359450459480286,0.3923529386520386,0.29621538519859314,0.3114316761493683,0.9277032688716323,0.6697125449489797,0,0,0.5383185148239136,0.30470699071884155,0.00020927190780639648,0.00013463199138641357,-0.0010612457990646362,-0.0010943412780761719,-0.001895815134048462,-0.012031670659780502,-0.030807197093963623,0.029501102825333473
Stage2,S2_022,3.0,0.01,0.0,0.02,43,1.3248475790023804,101,monotonic_hybrid,0.769163966178894,0.23087824881076813,0.07841350138187408,1.2422294616699219,0.1571558266878128,0.05069182813167572,0.08692307770252228,0.03623124957084656,0.17653171718120575,0.19847328960895538,0.021941572427749634,0.3889072835445404,0.29778072237968445,0.3133120536804199,0.9186298813066404,0.6503385099630415,0,0,0.5216646194458008,0.2952432632446289,0.00011903047561645508,-0.000322684645652771,-0.0004369691014289856,-0.0006583929061889648,-0.001988425850868225,-0.006680388003587723,-0.02469213306903839,0.015477700988642994
Stage2,S2_022,3.0,0.01,0.0,0.02,43,1.2203184366226196,102,monotonic_hybrid,0.7367324829101562,0.21694375574588776,0.07958342880010605,1.481154441833496,0.20025686919689178,0.042470041662454605,0.08923076838254929,0.04676072672009468,0.16276530921459198,0.2539682686328888,0.09120295941829681,0.39230915904045105,0.2975730001926422,0.31011781096458435,0.9235788490573401,0.6424457698911202,0,0,0.5216649770736694,0.2952384948730469,-0.0007814764976501465,-0.00014881789684295654,-0.0009119883179664612,-0.012110352516174316,-0.005218014121055603,-0.006687156856060028,-0.025124460458755493,-0.10596090930640015
Stage2,S2_022,3.0,0.01,0.0,0.02,50,1.2733174562454224,103,monotonic_hybrid,0.7085202932357788,0.2219373732805252,0.07864587008953094,1.1721336841583252,0.12856072187423706,0.0427059642970562,0.08538461476564407,0.042678650468587875,0.1487703174352646,0.14159291982650757,0.007177397608757019,0.39492228627204895,0.29703769087791443,0.308040052652359,0.9166164465433938,0.6445249160802263,0,0,0.5216631889343262,0.29521989822387695,-5.310773849487305e-05,-0.0008821934461593628,-0.00029877573251724243,0.0004743337631225586,0.000569567084312439,-0.005156554281711578,-0.011704675853252411,-0.007495022875802424
Stage2,S2_022,3.0,0.01,0.0,0.02,49,1.3636375665664673,104,monotonic_hybrid,0.7191789150238037,0.22713980078697205,0.07223168015480042,1.233751654624939,0.15036046504974365,0.058104630559682846,0.07999999821186066,0.02189536765217781,0.17687638103961945,0.18110236525535583,0.004225984215736389,0.3918987214565277,0.2967483103275299,0.3113529682159424,0.9174749158470461,0.6708887815042371,0,0,0.521661639213562,0.29523760080337524,0.0011362433433532715,-0.001107722520828247,-0.00035771727561950684,0.004053592681884766,-0.0006527602672576904,-0.010575082153081894,-0.026289552450180054,0.15824175751200095
Stage2,S2_022,3.0,0.01,0.0,0.02,43,1.3076632022857666,105,monotonic_hybrid,0.7026140689849854,0.22003406286239624,0.07110332697629929,1.1430063247680664,0.12930265069007874,0.05284611135721207,0.07538461685180664,0.022538505494594574,0.1919281780719757,0.1376146823167801,0.05431349575519562,0.39882925152778625,0.2966627776622772,0.30450794100761414,0.9155618616161356,0.6730519925733868,0,0,0.5216645002365112,0.29524096846580505,0.0010079741477966309,0.0001488029956817627,0.00014122575521469116,0.003036022186279297,0.001954212784767151,-0.005969259887933731,0.020311444997787476,0.14366667496389643
Stage2,S2_022,3.0,0.01,0.0,0.02,50,1.269715666770935,106,monotonic_hybrid,0.7449420690536499,0.22509035468101501,0.07660067826509476,1.19173002243042,0.12194120138883591,0.04790761321783066,0.08384615182876587,0.03593853861093521,0.18529494106769562,0.14851485192775726,0.036780089139938354,0.3947482109069824,0.29913559556007385,0.3061162531375885,0.9160255583699723,0.669448221322642,0,0,0.5216628313064575,0.29521697759628296,0.00047832727432250977,0.00012120604515075684,-0.00017465651035308838,0.0041610002517700195,0.001076027750968933,-0.005535941570997238,0.027395427227020264,0.06425125193864642
Stage2,S2_022,3.0,0.01,0.0,0.02,42,1.4018574953079224,107,monotonic_hybrid,0.7793407440185547,0.2235206514596939,0.09092056751251221,1.282551884651184,0.1534043848514557,0.04737013578414917,0.10076922923326492,0.05339909344911575,0.16438515484333038,0.19130434095859528,0.026919186115264893,0.3903513252735138,0.299063116312027,0.31058555841445923,0.922427108544337,0.6788965124959679,0,0,0.521665632724762,0.2952408194541931,-0.0006873607635498047,0.00013646483421325684,-0.0007392242550849915,-0.0010271072387695312,-0.0016698241233825684,-0.006378095597028732,-0.02074296772480011,-0.08811999969434617
Stage2,S2_022,3.0,0.01,0.0,0.02,50,1.2709674835205078,108,monotonic_hybrid,0.7349141836166382,0.22298574447631836,0.08305960893630981,1.2915043830871582,0.19094416499137878,0.04960431158542633,0.0930769219994545,0.04347261041402817,0.17798836529254913,0.25,0.07201163470745087,0.3946959972381592,0.29639238119125366,0.30891165137290955,0.9175797724084247,0.6928201417230511,0,0,0.5216627717018127,0.2952177822589874,-0.0003605484962463379,-0.00043401122093200684,-0.0006091371178627014,-0.001737356185913086,-0.003955438733100891,-0.006244506686925888,-0.023210495710372925,-0.04903588828766986
Stage2,S2_022,3.0,0.01,0.0,0.02,40,1.3209165334701538,109,monotonic_hybrid,0.7256515026092529,0.2213405966758728,0.08141914755105972,1.0607695579528809,0.13664329051971436,0.04539690911769867,0.08769230544567108,0.04229539632797241,0.17097550630569458,0.1599999964237213,0.010975509881973267,0.3934352993965149,0.2987057566642761,0.30785897374153137,0.917428859615324,0.6999548043062838,0,0,0.5216659903526306,0.2952512800693512,0.000913083553314209,-0.00012570619583129883,-0.00011121481657028198,0.004328012466430664,0.00036688148975372314,-0.0046320147812366486,0.001872047781944275,0.1259880157179487
Stage2,S2_022,3.0,0.01,0.0,0.02,33,1.3442962169647217,110,monotonic_hybrid,0.7095755934715271,0.21940256655216217,0.0747227594256401,1.2560524940490723,0.15789373219013214,0.055415425449609756,0.08538461476564407,0.029969189316034317,0.17892250418663025,0.19658119976520538,0.017658695578575134,0.3905276358127594,0.2973633408546448,0.31210899353027344,0.927703276250959,0.6697125236682179,0,0,0.5216695070266724,0.29528310894966125,0.00020581483840942383,0.0001284182071685791,-0.0010538250207901,-0.0011075735092163086,-0.0018839389085769653,-0.011937826871871948,-0.030507951974868774,0.02901375905892238
Stage2,S2_023,3.0,0.01,0.0,0.05,43,1.3213284015655518,101,monotonic_hybrid,0.7691422700881958,0.23087270557880402,0.07842747867107391,1.2423112392425537,0.15722815692424774,0.05042169988155365,0.08692307770252228,0.03650137782096863,0.17549602687358856,0.19847328960895538,0.02297726273536682,0.38358649611473083,0.30118468403816223,0.3152288496494293,0.91862985108463,0.6503385377128144,0,0,0.4717179536819458,0.2669753432273865,9.733438491821289e-05,-0.0003282278776168823,-0.0004229918122291565,-0.0005766153335571289,-0.0019160956144332886,-0.0064102597534656525,-0.023656442761421204,0.012656527648700054
Stage2,S2_023,3.0,0.01,0.0,0.05,43,1.216487169265747,102,monotonic_hybrid,0.736767590045929,0.21693424880504608,0.0796160027384758,1.4816488027572632,0.2004605531692505,0.042197998613119125,0.08923076838254929,0.04703276976943016,0.1616516262292862,0.2539682686328888,0.0923166424036026,0.38666269183158875,0.300996869802475,0.31234049797058105,0.9235788210885086,0.6424457714465517,0,0,0.47171837091445923,0.26697108149528503,-0.0007463693618774414,-0.00015832483768463135,-0.0008794143795967102,-0.011615991592407227,-0.005014330148696899,-0.006415113806724548,-0.024010777473449707,-0.10120070981120757
Stage2,S2_023,3.0,0.01,0.0,0.05,50,1.2694576978683472,103,monotonic_hybrid,0.7085006237030029,0.22193187475204468,0.07865575700998306,1.1720436811447144,0.1284949779510498,0.042446788400411606,0.08538461476564407,0.04293782636523247,0.14764723181724548,0.14159291982650757,0.006054311990737915,0.38902559876441956,0.30051273107528687,0.31046169996261597,0.9166164227942607,0.6445249334705063,0,0,0.47171664237976074,0.266954243183136,-7.277727127075195e-05,-0.0008876919746398926,-0.0002888888120651245,0.00038433074951171875,0.0005038231611251831,-0.004897378385066986,-0.012827761471271515,-0.010270957274247766
Stage2,S2_023,3.0,0.01,0.0,0.05,49,1.3586241006851196,104,monotonic_hybrid,0.7191601395606995,0.22714650630950928,0.07223276793956757,1.2336080074310303,0.15035782754421234,0.05791734531521797,0.07999999821186066,0.022082652896642685,0.17617131769657135,0.18110236525535583,0.004931047558784485,0.38629165291786194,0.30025121569633484,0.313457190990448,0.9174748789131271,0.6708888656521637,0,0,0.47171536087989807,0.26697027683258057,0.0011174678802490234,-0.0011010169982910156,-0.00035662949085235596,0.003909945487976074,-0.0006553977727890015,-0.01038779690861702,-0.025584489107131958,0.15562694590751686
Stage2,S2_023,3.0,0.01,0.0,0.05,43,1.3035136461257935,105,monotonic_hybrid,0.7025431394577026,0.22001206874847412,0.07108766585588455,1.1427690982818604,0.12917611002922058,0.05263975262641907,0.07538461685180664,0.022744864225387573,0.19121207296848297,0.1376146823167801,0.05359739065170288,0.3925585448741913,0.3001737594604492,0.3072677254676819,0.9155618294022151,0.6730520051085418,0,0,0.4717179238796234,0.26697325706481934,0.000937044620513916,0.00012680888175964355,0.00012556463479995728,0.002798795700073242,0.0018276721239089966,-0.005762901157140732,0.01959533989429474,0.13355708101871064
Stage2,S2_023,3.0,0.01,0.0,0.05,50,1.26640784740448,106,monotonic_hybrid,0.7448998093605042,0.22507883608341217,0.07659722864627838,1.1914502382278442,0.1218605637550354,0.04767413064837456,0.08384615182876587,0.03617202118039131,0.18386203050613403,0.14851485192775726,0.03534717857837677,0.388868123292923,0.302409827709198,0.3087221086025238,0.916025538692696,0.6694482300129471,0,0,0.47171640396118164,0.26695162057876587,0.0004360675811767578,0.0001096874475479126,-0.0001781061291694641,0.003881216049194336,0.0009953901171684265,-0.005302459001541138,0.02596251666545868,0.058574723885749184
Stage2,S2_023,3.0,0.01,0.0,0.05,42,1.3972656726837158,107,monotonic_hybrid,0.7793501615524292,0.22350440919399261,0.09094361215829849,1.2826282978057861,0.15345294773578644,0.04712199047207832,0.10076922923326492,0.0536472387611866,0.16351641714572906,0.19130434095859528,0.02778792381286621,0.3848922848701477,0.30234426259994507,0.312763512134552,0.922427088673876,0.6788965229479926,0,0,0.471718966960907,0.2669731080532074,-0.000677943229675293,0.00012022256851196289,-0.0007161796092987061,-0.0009506940841674805,-0.0016212612390518188,-0.006129950284957886,-0.01987423002719879,-0.08691266705892242
Stage2,S2_023,3.0,0.01,0.0,0.05,50,1.2662315368652344,108,monotonic_hybrid,0.7348980903625488,0.2229813039302826,0.08307120203971863,1.2915383577346802,0.1910702884197235,0.04939870908856392,0.0930769219994545,0.04367821291089058,0.17710189521312714,0.25,0.07289810478687286,0.38882094621658325,0.29992926120758057,0.31124985218048096,0.9175797556395325,0.6928201458201991,0,0,0.47171640396118164,0.2669523358345032,-0.00037664175033569336,-0.00043845176696777344,-0.0005975440144538879,-0.0017033815383911133,-0.0038293153047561646,-0.0060389041900634766,-0.022324025630950928,-0.051224628548485016
Stage2,S2_023,3.0,0.01,0.0,0.05,40,1.3169158697128296,109,monotonic_hybrid,0.7256051301956177,0.22133824229240417,0.08141231536865234,1.0605618953704834,0.1366002857685089,0.04525168612599373,0.08769230544567108,0.04244061931967735,0.1701388955116272,0.1599999964237213,0.010138899087905884,0.3876809775829315,0.30202117562294006,0.3102979063987732,0.917428829223737,0.6999548202554022,0,0,0.47171932458877563,0.2669825851917267,0.0008667111396789551,-0.00012806057929992676,-0.00011804699897766113,0.004120349884033203,0.0003238767385482788,-0.004486791789531708,0.001035436987876892,0.11958951214535492
Stage2,S2_023,3.0,0.01,0.0,0.05,33,1.3399194478988647,110,monotonic_hybrid,0.7095664143562317,0.21938404440879822,0.07474541664123535,1.2560179233551025,0.15793021023273468,0.05513344332575798,0.08538461476564407,0.030251171439886093,0.17802484333515167,0.19658119976520538,0.01855635643005371,0.38505175709724426,0.3008072078227997,0.31414103507995605,0.9277032473782355,0.6697125410753568,0,0,0.47172248363494873,0.2670113742351532,0.00019663572311401367,0.00010989606380462646,-0.0010311678051948547,-0.0011421442031860352,-0.0018474608659744263,-0.011655844748020172,-0.029610291123390198,0.027719777334313623
Stage2,S2_024,3.0,0.01,0.0,0.1,43,1.315462589263916,101,monotonic_hybrid,0.769108772277832,0.23086360096931458,0.07845091819763184,1.2424689531326294,0.15735174715518951,0.049976807087659836,0.08692307770252228,0.03694627061486244,0.1737818419933319,0.19847328960895538,0.024691447615623474,0.37471848726272583,0.3068578839302063,0.3184235990047455,0.9186298021570627,0.6503385931098358,0,0,0.3884735703468323,0.21986213326454163,6.383657455444336e-05,-0.00033733248710632324,-0.00039955228567123413,-0.0004189014434814453,-0.0017925053834915161,-0.005965366959571838,-0.02194225788116455,0.008300760019447495
Stage2,S2_024,3.0,0.01,0.0,0.1,43,1.210092544555664,102,monotonic_hybrid,0.7368286848068237,0.2169191837310791,0.07967110723257065,1.4824810028076172,0.20080438256263733,0.04174527898430824,0.08923076838254929,0.04748548939824104,0.15979552268981934,0.2539682686328888,0.09417274594306946,0.3772517740726471,0.30670323967933655,0.31604501605033875,0.9235787799097928,0.6424458001371903,0,0,0.38847386837005615,0.2198585867881775,-0.000685274600982666,-0.00017338991165161133,-0.0008243098855018616,-0.010783791542053223,-0.004670500755310059,-0.005962394177913666,-0.02215467393398285,-0.09291683123298623
Stage2,S2_024,3.0,0.01,0.0,0.1,50,1.2630125284194946,103,monotonic_hybrid,0.7084707021713257,0.22192326188087463,0.07867258042097092,1.17190682888031,0.12838973104953766,0.04202168807387352,0.08538461476564407,0.043362926691770554,0.14579328894615173,0.14159291982650757,0.004200369119644165,0.3791976273059845,0.30630454421043396,0.31449776887893677,0.916616381925993,0.6445249497776399,0,0,0.3884725570678711,0.2198447287082672,-0.00010269880294799805,-0.0008963048458099365,-0.0002720654010772705,0.0002474784851074219,0.0003985762596130371,-0.0044722780585289,-0.014681704342365265,-0.014493742328852498
Stage2,S2_024,3.0,0.01,0.0,0.1,49,1.3502594232559204,104,monotonic_hybrid,0.7191309332847595,0.22715844213962555,0.07223484665155411,1.2333710193634033,0.15035386383533478,0.05760146677494049,0.07999999821186066,0.022398531436920166,0.17498117685317993,0.18110236525535583,0.006121188402175903,0.3769463300704956,0.30608928203582764,0.31696435809135437,0.917474819481638,0.6708890156345308,0,0,0.388471394777298,0.21985796093940735,0.001088261604309082,-0.0010890811681747437,-0.0003545507788658142,0.003672957420349121,-0.0006593614816665649,-0.010071918368339539,-0.02439434826374054,0.15155946118943048
Stage2,S2_024,3.0,0.01,0.0,0.1,43,1.296590805053711,105,monotonic_hybrid,0.7024268507957458,0.219976007938385,0.07106158882379532,1.142377257347107,0.1289634108543396,0.0522976815700531,0.07538461685180664,0.02308693528175354,0.1900116503238678,0.1376146823167801,0.05239696800708771,0.3821072280406952,0.3060254454612732,0.311867356300354,0.9155617816591396,0.6730520486039798,0,0,0.38847365975379944,0.21986040472984314,0.0008207559585571289,9.074807167053223e-05,9.948760271072388e-05,0.0024069547653198242,0.0016149729490280151,-0.005420830100774765,0.018394917249679565,0.11698244422286404
Stage2,S2_024,3.0,0.01,0.0,0.1,50,1.2608755826950073,106,monotonic_hybrid,0.7448369264602661,0.2250586599111557,0.07659488916397095,1.1910046339035034,0.12173841148614883,0.04726840928196907,0.08384615182876587,0.0365777425467968,0.18144412338733673,0.14851485192775726,0.03292927145957947,0.37906792759895325,0.3078669011592865,0.31306523084640503,0.9160255169392044,0.6694482501193757,0,0,0.38847240805625916,0.21984249353408813,0.0003731846809387207,8.951127529144287e-05,-0.0001804456114768982,0.0034356117248535156,0.0008732378482818604,-0.004896737635135651,0.023544609546661377,0.050127986091945825
Stage2,S2_024,3.0,0.01,0.0,0.1,42,1.3896092176437378,107,monotonic_hybrid,0.7793681621551514,0.22347727417945862,0.09098280966281891,1.2827657461166382,0.15353775024414062,0.04670758172869682,0.10076922923326492,0.0540616475045681,0.16205842792987823,0.19130434095859528,0.02924591302871704,0.3757936954498291,0.30781289935112,0.3163933753967285,0.922427049554295,0.6788965339175038,0,0,0.3884744942188263,0.2198602557182312,-0.000659942626953125,9.308755397796631e-05,-0.0006769821047782898,-0.0008132457733154297,-0.0015364587306976318,-0.0057155415415763855,-0.01841624081134796,-0.0846049806291884
Stage2,S2_024,3.0,0.01,0.0,0.1,50,1.2583467960357666,108,monotonic_hybrid,0.7348859906196594,0.22298146784305573,0.08309055864810944,1.2916163206100464,0.19128607213497162,0.049056269228458405,0.0930769219994545,0.044020652770996094,0.17558810114860535,0.25,0.07441189885139465,0.3790290653705597,0.30582407116889954,0.31514689326286316,0.9175797347036234,0.6928201578965125,0,0,0.38847237825393677,0.2198430597782135,-0.00038874149322509766,-0.0004382878541946411,-0.0005781874060630798,-0.0016254186630249023,-0.0036135315895080566,-0.005696464329957962,-0.020810231566429138,-0.05287023696680159
Stage2,S2_024,3.0,0.01,0.0,0.1,40,1.310247540473938,109,monotonic_hybrid,0.7255313396453857,0.22133633494377136,0.08140136301517487,1.0602326393127441,0.13653048872947693,0.04501241073012352,0.08769230544567108,0.04267989471554756,0.16877295076847076,0.1599999964237213,0.00877295434474945,0.37809041142463684,0.30754679441452026,0.3143628239631653,0.9174287770538937,0.6999548526165654,0,0,0.388474702835083,0.21986809372901917,0.0007929205894470215,-0.00012996792793273926,-0.00012899935245513916,0.0037910938262939453,0.0002540796995162964,-0.004247516393661499,-0.000330507755279541,0.10940783165323269
Stage2,S2_024,3.0,0.01,0.0,0.1,33,1.3326187133789062,110,monotonic_hybrid,0.7095546126365662,0.219353586435318,0.07478371262550354,1.2559741735458374,0.15799519419670105,0.05466510355472565,0.08538461476564407,0.030719511210918427,0.17652320861816406,0.19658119976520538,0.02005799114704132,0.3759251534938812,0.30654704570770264,0.31752774119377136,0.9277031898661481,0.6697125680049184,0,0,0.3884773254394531,0.21989181637763977,0.00018483400344848633,7.943809032440186e-05,-0.0009928718209266663,-0.0011858940124511719,-0.0017824769020080566,-0.011187504976987839,-0.028108656406402588,0.026056086545530932
Stage2,S2_025,3.0,0.005,0.0,0.0,43,1.327476978302002,101,monotonic_hybrid,0.7691755294799805,0.23087942600250244,0.0784073993563652,1.2421845197677612,0.15711776912212372,0.05081797018647194,0.08692307770252228,0.03610510751605034,0.17705802619457245,0.19847328960895538,0.021415263414382935,0.3940178155899048,0.29544827342033386,0.31053391098976135,0.9183608362943504,0.6506771852187953,0,0,0.5547481775283813,0.3146228790283203,0.00013059377670288086,-0.00032150745391845703,-0.0004430711269378662,-0.0007033348083496094,-0.002026483416557312,-0.006806530058383942,-0.02521844208240509,0.016981293373118076
Stage2,S2_025,3.0,0.005,0.0,0.0,43,1.223280668258667,102,monotonic_hybrid,0.7367119789123535,0.2169474959373474,0.07956571131944656,1.4808838367462158,0.20014481246471405,0.04262105002999306,0.08923076838254929,0.04660971835255623,0.1633848249912262,0.2539682686328888,0.0905834436416626,0.39764484763145447,0.2952171266078949,0.30713802576065063,0.9233312870347786,0.6427581444720567,0,0,0.5547484159469604,0.31462037563323975,-0.0008019804954528809,-0.00014507770538330078,-0.000929705798625946,-0.01238095760345459,-0.005330070853233337,-0.00683816522359848,-0.02574397623538971,-0.10874105977557882
Stage2,S2_025,3.0,0.005,0.0,0.0,50,1.2762595415115356,103,monotonic_hybrid,0.7085297107696533,0.22193875908851624,0.07864132523536682,1.1721911430358887,0.12860199809074402,0.04284531995654106,0.08538461476564407,0.04253929480910301,0.1494029015302658,0.14159291982650757,0.00780998170375824,0.4004603922367096,0.2946294844150543,0.3049101233482361,0.9163366124496937,0.6448790166125812,0,0,0.5547475218772888,0.3146105110645294,-4.369020462036133e-05,-0.000880807638168335,-0.00030332058668136597,0.0005317926406860352,0.000610843300819397,-0.005295909941196442,-0.01107209175825119,-0.006165939133516472
Stage2,S2_025,3.0,0.005,0.0,0.0,49,1.367189884185791,104,monotonic_hybrid,0.7191793918609619,0.2271333932876587,0.07223200052976608,1.233820915222168,0.15036262571811676,0.05816992372274399,0.07999999821186066,0.02183007448911667,0.1772044152021408,0.18110236525535583,0.003897950053215027,0.3972095251083374,0.2943321168422699,0.3084583878517151,0.9172010303792305,0.671201031976184,0,0,0.5547465682029724,0.31461992859840393,0.0011367201805114746,-0.0011141300201416016,-0.0003573969006538391,0.0041228532791137695,-0.0006505995988845825,-0.010640375316143036,-0.026617586612701416,0.15830816542576562
Stage2,S2_025,3.0,0.005,0.0,0.0,43,1.3107069730758667,105,monotonic_hybrid,0.7026505470275879,0.22004584968090057,0.07111247628927231,1.1431361436843872,0.1293700784444809,0.0529317632317543,0.07538461685180664,0.022452853620052338,0.1922566145658493,0.1376146823167801,0.054641932249069214,0.40458035469055176,0.29423362016677856,0.3011860251426697,0.9153078473923252,0.6733465312824525,0,0,0.5547481775283813,0.31462162733078003,0.00104445219039917,0.0001605898141860962,0.00015037506818771362,0.0031658411026000977,0.0020216405391693115,-0.006054911762475967,0.020639881491661072,0.14886589470713482
Stage2,S2_025,3.0,0.005,0.0,0.0,50,1.272301435470581,106,monotonic_hybrid,0.7449668049812317,0.2250969558954239,0.07660403847694397,1.1918652057647705,0.12198247760534286,0.04802338406443596,0.08384615182876587,0.03582276776432991,0.1860835701227188,0.14851485192775726,0.03756871819496155,0.40027400851249695,0.2968575358390808,0.30286845564842224,0.915754568294308,0.6697488531423527,0,0,0.5547474026679993,0.3146090507507324,0.0005030632019042969,0.00012780725955963135,-0.00017129629850387573,0.0042961835861206055,0.0011173039674758911,-0.005651712417602539,0.028184056282043457,0.06757390235042689
Stage2,S2_025,3.0,0.005,0.0,0.0,42,1.405155062675476,107,monotonic_hybrid,0.779337465763092,0.22352856397628784,0.0909091904759407,1.2825239896774292,0.15338003635406494,0.04749670624732971,0.10076922923326492,0.05327252298593521,0.164846271276474,0.19130434095859528,0.026458069682121277,0.39555275440216064,0.29681095480918884,0.3076362907886505,0.9221766973145504,0.6791822387664475,0,0,0.5547488927841187,0.31462159752845764,-0.0006906390190124512,0.00014437735080718994,-0.0007506012916564941,-0.001055002212524414,-0.0016941726207733154,-0.006504666060209274,-0.021204084157943726,-0.08854027371300634
Stage2,S2_025,3.0,0.005,0.0,0.0,50,1.2744553089141846,108,monotonic_hybrid,0.7349175810813904,0.22298257052898407,0.08305500447750092,1.2914936542510986,0.19087724387645721,0.049706410616636276,0.0930769219994545,0.04337051138281822,0.17847773432731628,0.25,0.07152226567268372,0.4002136290073395,0.2939460277557373,0.30584031343460083,0.9173215011594935,0.6930749237642115,0,0,0.5547474026679993,0.3146094083786011,-0.0003571510314941406,-0.0004371851682662964,-0.0006137415766716003,-0.0017480850219726562,-0.004022359848022461,-0.006346605718135834,-0.023699864745140076,-0.048573820899275554
Stage2,S2_025,3.0,0.005,0.0,0.0,40,1.323809266090393,109,monotonic_hybrid,0.7256770730018616,0.221339151263237,0.08142601698637009,1.0608841180801392,0.13666924834251404,0.045446839183568954,0.08769230544567108,0.04224546626210213,0.17138229310512543,0.1599999964237213,0.011382296681404114,0.3988240957260132,0.2964285910129547,0.3047473132610321,0.9171644395304844,0.7002390139191115,0,0,0.5547488927841187,0.31462711095809937,0.0009386539459228516,-0.00012715160846710205,-0.00010434538125991821,0.004442572593688965,0.00039283931255340576,-0.004681944847106934,0.002278834581375122,0.12951623941029153
Stage2,S2_025,3.0,0.005,0.0,0.0,33,1.347483515739441,110,monotonic_hybrid,0.709581732749939,0.21941204369068146,0.07471153140068054,1.25608229637146,0.15787555277347565,0.05555316060781479,0.08538461476564407,0.029831454157829285,0.17937830090522766,0.19658119976520538,0.017202898859977722,0.3956795632839203,0.29502883553504944,0.3092916011810303,0.9274661646502385,0.6699671822218332,0,0,0.5547506213188171,0.314643919467926,0.00021195411682128906,0.0001378953456878662,-0.0010650530457496643,-0.0010777711868286133,-0.0019021183252334595,-0.01207556203007698,-0.030963748693466187,0.02987921436823863
Stage2,S2_026,3.0,0.005,0.0,0.005,43,1.3268862962722778,101,monotonic_hybrid,0.7691718339920044,0.23087845742702484,0.07840954512357712,1.2421973943710327,0.15712904930114746,0.05077451094985008,0.08692307770252228,0.036148566752672195,0.17689047753810883,0.19847328960895538,0.021582812070846558,0.3931075930595398,0.2960165739059448,0.31087589263916016,0.918360831451129,0.6506771829544817,0,0,0.5464269518852234,0.3099035620689392,0.00012689828872680664,-0.00032247602939605713,-0.00044092535972595215,-0.000690460205078125,-0.0020152032375335693,-0.006763070821762085,-0.025050893425941467,0.01650076384818274
Stage2,S2_026,3.0,0.005,0.0,0.005,43,1.2226364612579346,102,monotonic_hybrid,0.7367176413536072,0.21694591641426086,0.07957100868225098,1.4809647798538208,0.20017807185649872,0.04257615655660629,0.08923076838254929,0.04665461182594299,0.16320118308067322,0.2539682686328888,0.09076708555221558,0.39668020606040955,0.29578885436058044,0.3075309693813324,0.9233312857518289,0.6427581506865813,0,0,0.5464271903038025,0.3099011182785034,-0.0007963180541992188,-0.00014665722846984863,-0.0009244084358215332,-0.01230001449584961,-0.005296811461448669,-0.006793271750211716,-0.02556033432483673,-0.10797328566345099
Stage2,S2_026,3.0,0.005,0.0,0.005,50,1.2756116390228271,103,monotonic_hybrid,0.7085263133049011,0.22193782031536102,0.07864291965961456,1.1721752882003784,0.12859076261520386,0.042802147567272186,0.08538461476564407,0.04258246719837189,0.1492162048816681,0.14159291982650757,0.0076232850551605225,0.3994534909725189,0.295210063457489,0.30533644556999207,0.9163366103067726,0.6448790125639897,0,0,0.5464262962341309,0.30989134311676025,-4.7087669372558594e-05,-0.0008817464113235474,-0.00030172616243362427,0.0005159378051757812,0.0005996078252792358,-0.0052527375519275665,-0.011258788406848907,-0.006645418711429758
Stage2,S2_026,3.0,0.005,0.0,0.005,49,1.3663517236709595,104,monotonic_hybrid,0.7191763520240784,0.22713446617126465,0.07223214954137802,1.233797311782837,0.15036214888095856,0.05813988298177719,0.07999999821186066,0.021860115230083466,0.1770901381969452,0.18110236525535583,0.0040122270584106445,0.3962514102458954,0.29491713643074036,0.30883145332336426,0.9172010245194957,0.6712010447742781,0,0,0.546425461769104,0.3099006116390228,0.0011336803436279297,-0.0011130571365356445,-0.00035724788904190063,0.004099249839782715,-0.0006510764360427856,-0.010610334575176239,-0.0265033096075058,0.15788481497551582
Stage2,S2_026,3.0,0.005,0.0,0.005,43,1.3100115060806274,105,monotonic_hybrid,0.7026388049125671,0.2200421839952469,0.07110989093780518,1.143096685409546,0.12934936583042145,0.052898112684488297,0.07538461685180664,0.022486504167318344,0.19214023649692535,0.1376146823167801,0.054525554180145264,0.4035116732120514,0.294820100069046,0.301668256521225,0.9153078396315056,0.6733465241921405,0,0,0.5464268922805786,0.3099023103713989,0.001032710075378418,0.00015692412853240967,0.00014778971672058105,0.003126382827758789,0.0020009279251098633,-0.006021261215209961,0.02052350342273712,0.14719228965906625
Stage2,S2_026,3.0,0.005,0.0,0.005,50,1.2717446088790894,106,monotonic_hybrid,0.7449597120285034,0.22509488463401794,0.07660350948572159,1.1918185949325562,0.12196896970272064,0.047985054552555084,0.08384615182876587,0.035861097276210785,0.18584930896759033,0.14851485192775726,0.03733445703983307,0.39926981925964355,0.2974047064781189,0.30332544445991516,0.915754570072583,0.6697488554427721,0,0,0.5464262366294861,0.30988988280296326,0.0004959702491760254,0.00012573599815368652,-0.00017182528972625732,0.00424957275390625,0.0011037960648536682,-0.005613382905721664,0.027949795126914978,0.06662114235283201
Stage2,S2_026,3.0,0.005,0.0,0.005,42,1.404386281967163,107,monotonic_hybrid,0.7793388366699219,0.22352588176727295,0.09091290831565857,1.2825356721878052,0.15338774025440216,0.047455985099077225,0.10076922923326492,0.0533132441341877,0.16470396518707275,0.19130434095859528,0.026600375771522522,0.3946194648742676,0.29735881090164185,0.30802175402641296,0.9221766951869548,0.679182232421584,0,0,0.5464274883270264,0.30990225076675415,-0.0006892681121826172,0.00014169514179229736,-0.0007468834519386292,-0.0010433197021484375,-0.0016864687204360962,-0.006463944911956787,-0.02106177806854248,-0.08836452275974845
Stage2,S2_026,3.0,0.005,0.0,0.005,50,1.2736626863479614,108,monotonic_hybrid,0.7349159717559814,0.22298260033130646,0.0830567330121994,1.2914994955062866,0.1908978372812271,0.04967332258820534,0.0930769219994545,0.04340359941124916,0.17832905054092407,0.25,0.07167094945907593,0.39921045303344727,0.294536828994751,0.30625271797180176,0.9173214998949961,0.6930749211658874,0,0,0.5464261770248413,0.3098903298377991,-0.00035876035690307617,-0.0004371553659439087,-0.000612013041973114,-0.001742243766784668,-0.0040017664432525635,-0.006313517689704895,-0.023551180958747864,-0.048792694925357066
Stage2,S2_026,3.0,0.005,0.0,0.005,40,1.3231391906738281,109,monotonic_hybrid,0.7256693243980408,0.22133868932724,0.08142484724521637,1.0608491897583008,0.13666197657585144,0.04542309045791626,0.08769230544567108,0.04226921498775482,0.1712447702884674,0.1599999964237213,0.011244773864746094,0.39784175157546997,0.29698219895362854,0.30517610907554626,0.9171644360526644,0.7002390211436844,0,0,0.5464277267456055,0.3099076449871063,0.0009309053421020508,-0.00012761354446411133,-0.00010551512241363525,0.004407644271850586,0.0003855675458908081,-0.004658196121454239,0.002141311764717102,0.1284470807156422
Stage2,S2_026,3.0,0.005,0.0,0.005,33,1.3467503786087036,110,monotonic_hybrid,0.7095798254013062,0.21940898895263672,0.07471517473459244,1.2560752630233765,0.15788133442401886,0.055506978183984756,0.08538461476564407,0.029877636581659317,0.17923083901405334,0.19658119976520538,0.01735036075115204,0.3947443962097168,0.2956034243106842,0.3096522092819214,0.9274661644768659,0.6699671848615354,0,0,0.5464293956756592,0.30992424488067627,0.00021004676818847656,0.00013484060764312744,-0.0010614097118377686,-0.0010848045349121094,-0.0018963366746902466,-0.012029379606246948,-0.03081628680229187,0.029610335048839406
Stage2,S2_027,3.0,0.005,0.0,0.01,43,1.3262957334518433,101,monotonic_hybrid,0.7691681385040283,0.23087750375270844,0.07841171324253082,1.2422105073928833,0.15714041888713837,0.05073101446032524,0.08692307770252228,0.03619206324219704,0.17672279477119446,0.19847328960895538,0.021750494837760925,0.39219731092453003,0.2965848445892334,0.31121787428855896,0.9183608233435414,0.6506771805505507,0,0,0.5381057262420654,0.30518415570259094,0.00012320280075073242,-0.0003234297037124634,-0.0004387572407722473,-0.0006773471832275391,-0.0020038336515426636,-0.006719574332237244,-0.0248832106590271,0.016020234323247406
Stage2,S2_027,3.0,0.005,0.0,0.01,43,1.2219924926757812,102,monotonic_hybrid,0.7367232441902161,0.2169443517923355,0.07957633584737778,1.4810459613800049,0.20021142065525055,0.04253124073147774,0.08923076838254929,0.04669952765107155,0.16301745176315308,0.2539682686328888,0.09095081686973572,0.3957155644893646,0.296360582113266,0.3079238831996918,0.9233312796446586,0.6427581470065457,0,0,0.5381059646606445,0.30518174171447754,-0.000790715217590332,-0.00014822185039520264,-0.0009190812706947327,-0.012218832969665527,-0.005263462662696838,-0.00674835592508316,-0.02537660300731659,-0.1072135933840824
Stage2,S2_027,3.0,0.005,0.0,0.01,50,1.27496337890625,103,monotonic_hybrid,0.7085228562355042,0.2219369262456894,0.0786445140838623,1.1721596717834473,0.12857960164546967,0.04275904595851898,0.08538461476564407,0.04262556880712509,0.1490296721458435,0.14159291982650757,0.0074367523193359375,0.39844661951065063,0.29579058289527893,0.3057628273963928,0.9163366024338865,0.6448790234656646,0,0,0.5381051301956177,0.30517226457595825,-5.054473876953125e-05,-0.0008826404809951782,-0.00030013173818588257,0.0005003213882446289,0.0005884468555450439,-0.005209635943174362,-0.011445321142673492,-0.007133310211762577
Stage2,S2_027,3.0,0.005,0.0,0.01,49,1.365513563156128,104,monotonic_hybrid,0.7191733121871948,0.227135568857193,0.07223230600357056,1.2337737083435059,0.15036168694496155,0.05810978263616562,0.07999999821186066,0.021890215575695038,0.17697565257549286,0.18110236525535583,0.004126712679862976,0.3952932357788086,0.2955021262168884,0.3092045783996582,0.9172010187672731,0.671201059043271,0,0,0.5381041765213013,0.3051813840866089,0.0011306405067443848,-0.0011119544506072998,-0.00035709142684936523,0.00407564640045166,-0.0006515383720397949,-0.010580234229564667,-0.026388823986053467,0.15746146452526602
Stage2,S2_027,3.0,0.005,0.0,0.01,43,1.3093160390853882,105,monotonic_hybrid,0.7026270031929016,0.2200385481119156,0.07110730558633804,1.1430573463439941,0.129328653216362,0.05286448448896408,0.07538461685180664,0.02252013236284256,0.19202375411987305,0.1376146823167801,0.05440907180309296,0.40244296193122864,0.2954065799713135,0.3021504282951355,0.915307836345275,0.6733465305381569,0,0,0.5381057262420654,0.30518296360969543,0.0010209083557128906,0.00015328824520111084,0.00014520436525344849,0.0030870437622070312,0.001980215311050415,-0.005987633019685745,0.020407021045684814,0.1455101891539009
Stage2,S2_027,3.0,0.005,0.0,0.01,50,1.2711875438690186,106,monotonic_hybrid,0.7449526786804199,0.2250927984714508,0.0766029804944992,1.1917719841003418,0.12195555120706558,0.047946639358997345,0.08384615182876587,0.035899512469768524,0.18561474978923798,0.14851485192775726,0.03709989786148071,0.3982657194137573,0.2979518473148346,0.3037824332714081,0.9157545613233233,0.6697488611704883,0,0,0.5381050109863281,0.30517077445983887,0.0004889369010925293,0.00012364983558654785,-0.00017235428094863892,0.0042029619216918945,0.0010903775691986084,-0.005574967712163925,0.027715235948562622,0.06567638874177154
Stage2,S2_027,3.0,0.005,0.0,0.01,42,1.4036176204681396,107,monotonic_hybrid,0.7793402075767517,0.22352322936058044,0.09091665595769882,1.2825474739074707,0.15339548885822296,0.04741527885198593,0.10076922923326492,0.05335395038127899,0.16456162929534912,0.19130434095859528,0.026742711663246155,0.3936861455440521,0.29790666699409485,0.308407187461853,0.9221766860691462,0.6791822379622654,0,0,0.5381063222885132,0.30518287420272827,-0.0006878972053527832,0.00013904273509979248,-0.0007431358098983765,-0.0010315179824829102,-0.0016787201166152954,-0.006423238664865494,-0.020919442176818848,-0.08818877180649055
Stage2,S2_027,3.0,0.005,0.0,0.01,50,1.2728701829910278,108,monotonic_hybrid,0.7349143028259277,0.22298255562782288,0.08305848389863968,1.2915055751800537,0.1909184753894806,0.049640193581581116,0.0930769219994545,0.04343672841787338,0.17818035185337067,0.25,0.07181964814662933,0.3982072174549103,0.29512766003608704,0.3066651225090027,0.9173214930585711,0.6930749236092429,0,0,0.5381050109863281,0.3051711916923523,-0.0003604292869567871,-0.00043720006942749023,-0.0006102621555328369,-0.0017361640930175781,-0.0039811283349990845,-0.006280388683080673,-0.023402482271194458,-0.04901967539684901
Stage2,S2_027,3.0,0.005,0.0,0.01,40,1.3224692344665527,109,monotonic_hybrid,0.7256614565849304,0.22133827209472656,0.08142369240522385,1.0608142614364624,0.13665473461151123,0.045399341732263565,0.08769230544567108,0.042292963713407516,0.1711072325706482,0.1599999964237213,0.01110723614692688,0.39685937762260437,0.2975357472896576,0.3056049048900604,0.9171644322161427,0.700239021491032,0,0,0.5381064414978027,0.30518826842308044,0.0009230375289916992,-0.00012803077697753906,-0.00010666996240615845,0.004372715950012207,0.00037832558155059814,-0.004634447395801544,0.002003774046897888,0.12736147342569054
Stage2,S2_027,3.0,0.005,0.0,0.01,33,1.3460174798965454,110,monotonic_hybrid,0.7095780968666077,0.2194058895111084,0.07471883296966553,1.2560685873031616,0.15788716077804565,0.05546080321073532,0.08538461476564407,0.029923811554908752,0.1790834367275238,0.19658119976520538,0.01749776303768158,0.39380916953086853,0.2961779832839966,0.3100128173828125,0.9274661553206115,0.669967187041005,0,0,0.5381081104278564,0.3052045702934265,0.00020831823348999023,0.00013174116611480713,-0.001057751476764679,-0.0010914802551269531,-0.0018905103206634521,-0.011983204632997513,-0.03066888451576233,0.029366663165633862
Stage2,S2_028,3.0,0.005,0.0,0.02,43,1.325114130973816,101,monotonic_hybrid,0.7691607475280762,0.23087555170059204,0.07841607183218002,1.2422369718551636,0.1571633219718933,0.050643954426050186,0.08692307770252228,0.03627912327647209,0.1763870120048523,0.19847328960895538,0.02208627760410309,0.39037683606147766,0.29772135615348816,0.31190186738967896,0.9183608338753858,0.6506771754038181,0,0,0.5214632749557495,0.29574549198150635,0.00011581182479858398,-0.0003253817558288574,-0.0004343986511230469,-0.0006508827209472656,-0.0019809305667877197,-0.006632514297962189,-0.024547427892684937,0.015059175273376734
Stage2,S2_028,3.0,0.005,0.0,0.02,43,1.2207038402557373,102,monotonic_hybrid,0.7367346882820129,0.21694119274616241,0.07958700507879257,1.481208324432373,0.20027823746204376,0.04244145750999451,0.08923076838254929,0.04678931087255478,0.16265009343624115,0.2539682686328888,0.09131817519664764,0.39378622174263,0.29750409722328186,0.3087097108364105,0.923331290555013,0.6427581363307592,0,0,0.5214635133743286,0.2957431375980377,-0.000779271125793457,-0.00015138089656829834,-0.0009084120392799377,-0.012056469917297363,-0.0051966458559036255,-0.00665857270359993,-0.025009244680404663,-0.10566188149430825
Stage2,S2_028,3.0,0.005,0.0,0.02,50,1.2736667394638062,103,monotonic_hybrid,0.7085162401199341,0.22193509340286255,0.07864773273468018,1.1721285581588745,0.12855741381645203,0.042673055082559586,0.08538461476564407,0.04271155968308449,0.14865726232528687,0.14159291982650757,0.007064342498779297,0.3964327871799469,0.2969517111778259,0.3066155016422272,0.9163366185853602,0.6448790061989553,0,0,0.5214626789093018,0.2957339286804199,-5.716085433959961e-05,-0.0008844733238220215,-0.0002969130873680115,0.000469207763671875,0.0005662590265274048,-0.005123645067214966,-0.011817730963230133,-0.008067033600330556
Stage2,S2_028,3.0,0.005,0.0,0.02,49,1.3638368844985962,104,monotonic_hybrid,0.7191672325134277,0.22713783383369446,0.07223262637853622,1.2337262630462646,0.15036076307296753,0.05804944410920143,0.07999999821186066,0.021950554102659225,0.1767461895942688,0.18110236525535583,0.004356175661087036,0.39337703585624695,0.29667219519615173,0.3099507689476013,0.9172010272456592,0.6712010554505368,0,0,0.5214618444442749,0.2957426905632019,0.001124560832977295,-0.001109689474105835,-0.0003567710518836975,0.004028201103210449,-0.0006524622440338135,-0.010519895702600479,-0.026159361004829407,0.1566147636247664
Stage2,S2_028,3.0,0.005,0.0,0.02,43,1.3079248666763306,105,monotonic_hybrid,0.7026036381721497,0.2200312465429306,0.07110213488340378,1.1429786682128906,0.12928710877895355,0.05279719457030296,0.07538461685180664,0.022587422281503677,0.1917903572320938,0.1376146823167801,0.05417567491531372,0.4003055989742279,0.29657959938049316,0.3031148612499237,0.9153078478071482,0.6733465129093589,0,0,0.5214632153511047,0.2957443594932556,0.0009975433349609375,0.0001459866762161255,0.00014003366231918335,0.0030083656311035156,0.0019386708736419678,-0.005920343101024628,0.02017362415790558,0.14217996997195734
Stage2,S2_028,3.0,0.005,0.0,0.02,50,1.2700731754302979,106,monotonic_hybrid,0.7449386119842529,0.22508864104747772,0.07660199701786041,1.1916799545288086,0.12192901968955994,0.047869473695755005,0.08384615182876587,0.035976678133010864,0.18514469265937805,0.14851485192775726,0.03662984073162079,0.39625751972198486,0.299046128988266,0.30469635128974915,0.9157545741941605,0.6697488485836331,0,0,0.5214625597000122,0.29573243856430054,0.0004748702049255371,0.00011949241161346436,-0.00017333775758743286,0.004110932350158691,0.0010638460516929626,-0.005497802048921585,0.027245178818702698,0.06378688151965059
Stage2,S2_028,3.0,0.005,0.0,0.02,42,1.4020801782608032,107,monotonic_hybrid,0.7793430685997009,0.22351792454719543,0.09092415869235992,1.28257155418396,0.1534111648797989,0.047333791851997375,0.10076922923326492,0.05343543738126755,0.16427643597126007,0.19130434095859528,0.027027904987335205,0.3918195962905884,0.2990023195743561,0.30917808413505554,0.9221766958820931,0.6791822205647141,0,0,0.5214638113975525,0.2957442104816437,-0.0006850361824035645,0.00013373792171478271,-0.0007356330752372742,-0.0010074377059936523,-0.0016630440950393677,-0.006341751664876938,-0.020634248852729797,-0.08782198720838715
Stage2,S2_028,3.0,0.005,0.0,0.02,50,1.2712846994400024,108,monotonic_hybrid,0.734911322593689,0.22298257052898407,0.08306200802326202,1.2915178537368774,0.19095993041992188,0.04957377910614014,0.0930769219994545,0.04350314289331436,0.177882581949234,0.25,0.07211741805076599,0.3962008059024811,0.29630929231643677,0.30748990178108215,0.9173215051674463,0.6930749055534466,0,0,0.5214625597000122,0.29573291540145874,-0.00036340951919555664,-0.0004371851682662964,-0.0006067380309104919,-0.0017238855361938477,-0.0039396733045578,-0.006213974207639694,-0.0231047123670578,-0.04942499766737033
Stage2,S2_028,3.0,0.005,0.0,0.02,40,1.3211290836334229,109,monotonic_hybrid,0.7256459593772888,0.2213374227285385,0.08142135292291641,1.0607448816299438,0.13664034008979797,0.045351989567279816,0.08769230544567108,0.042340315878391266,0.17083223164081573,0.1599999964237213,0.010832235217094421,0.39489462971687317,0.29864293336868286,0.30646243691444397,0.9171644371198202,0.7002390035739079,0,0,0.521463930606842,0.2957494854927063,0.0009075403213500977,-0.00012888014316558838,-0.00010900944471359253,0.004303336143493652,0.0003639310598373413,-0.004587095230817795,0.0017287731170654297,0.12522315603639186
Stage2,S2_028,3.0,0.005,0.0,0.02,33,1.3445509672164917,110,monotonic_hybrid,0.7095746397972107,0.21939973533153534,0.0747261643409729,1.256055474281311,0.1578989326953888,0.05536844581365585,0.08538461476564407,0.03001616895198822,0.17878839373588562,0.19658119976520538,0.017792806029319763,0.39193880558013916,0.2973271310329437,0.3107340633869171,0.9274661662044194,0.6699671784960345,0,0,0.521465539932251,0.2957652509212494,0.00020486116409301758,0.00012558698654174805,-0.001050420105457306,-0.001104593276977539,-0.0018787384033203125,-0.011890847235918045,-0.030373841524124146,0.02887931939922277
Stage2,S2_029,3.0,0.005,0.0,0.05,43,1.3215693235397339,101,monotonic_hybrid,0.7691394090652466,0.2308702915906906,0.07842984795570374,1.2423186302185059,0.15723522007465363,0.05037833750247955,0.08692307770252228,0.036544740200042725,0.17536476254463196,0.19847328960895538,0.023108527064323425,0.384915292263031,0.3011310398578644,0.3139537274837494,0.9183608196204468,0.6506771945730876,0,0,0.47153592109680176,0.2674294710159302,9.447336196899414e-05,-0.00033064186573028564,-0.0004206225275993347,-0.0005692243576049805,-0.0019090324640274048,-0.006366897374391556,-0.0235251784324646,0.012284504790685602
Stage2,S2_029,3.0,0.005,0.0,0.05,43,1.216835379600525,102,monotonic_hybrid,0.7367694973945618,0.21693196892738342,0.07961925864219666,1.4816977977752686,0.20047999918460846,0.04217221587896347,0.08923076838254929,0.047058552503585815,0.1615477055311203,0.2539682686328888,0.0924205631017685,0.38799822330474854,0.3009345531463623,0.31106728315353394,0.9233312788424939,0.6427581443635371,0,0,0.47153621912002563,0.26742732524871826,-0.0007444620132446289,-0.00016060471534729004,-0.0008761584758758545,-0.011566996574401855,-0.004994884133338928,-0.006389331072568893,-0.023906856775283813,-0.10094209116291189
Stage2,S2_029,3.0,0.005,0.0,0.05,50,1.269773244857788,103,monotonic_hybrid,0.7084971070289612,0.22192983329296112,0.07865748554468155,1.17203950881958,0.12849211692810059,0.04241703078150749,0.08538461476564407,0.04296758398413658,0.14754514396190643,0.14159291982650757,0.005952224135398865,0.39039140939712524,0.30043503642082214,0.309173583984375,0.9163366047554977,0.6448790144556633,0,0,0.47153544425964355,0.2674190402030945,-7.62939453125e-05,-0.0008897334337234497,-0.0002871602773666382,0.0003801584243774414,0.0005009621381759644,-0.004867620766162872,-0.012929849326610565,-0.010767260697000115
Stage2,S2_029,3.0,0.005,0.0,0.05,49,1.3588039875030518,104,monotonic_hybrid,0.7191497683525085,0.2271447479724884,0.0722336620092392,1.2335854768753052,0.1503581553697586,0.0578673891723156,0.07999999821186066,0.02213260903954506,0.17605333030223846,0.18110236525535583,0.005049034953117371,0.3876282572746277,0.3001823425292969,0.3121894299983978,0.917201009549393,0.671201104012636,0,0,0.4715346693992615,0.2674270272254944,0.0011070966720581055,-0.0011027753353118896,-0.0003557354211807251,0.0038874149322509766,-0.0006550699472427368,-0.010337840765714645,-0.025466501712799072,0.15418257378313516
Stage2,S2_029,3.0,0.005,0.0,0.05,43,1.3037497997283936,105,monotonic_hybrid,0.7025337815284729,0.22000949084758759,0.07108660042285919,1.1427443027496338,0.12916207313537598,0.0525953508913517,0.07538461685180664,0.02278926596045494,0.19108667969703674,0.1376146823167801,0.05347199738025665,0.39389342069625854,0.3000985383987427,0.30600807070732117,0.915307830786118,0.6733465391707106,0,0,0.47153598070144653,0.2674283981323242,0.0009276866912841797,0.0001242309808731079,0.00012449920177459717,0.0027740001678466797,0.001813635230064392,-0.005718499422073364,0.01946994662284851,0.13222329425451387
Stage2,S2_029,3.0,0.005,0.0,0.05,50,1.2667309045791626,106,monotonic_hybrid,0.7448968887329102,0.225077286362648,0.07659849524497986,1.1914061307907104,0.1218498945236206,0.04763927683234215,0.08384615182876587,0.03620687499642372,0.18372508883476257,0.14851485192775726,0.03521023690700531,0.3902329206466675,0.3023289740085602,0.3074381649494171,0.915754562353833,0.6697488474190609,0,0,0.4715352952480316,0.26741766929626465,0.00043314695358276367,0.00010813772678375244,-0.00017683953046798706,0.003837108612060547,0.0009847208857536316,-0.005267605185508728,0.02582557499408722,0.058182410945563055
Stage2,S2_029,3.0,0.005,0.0,0.05,42,1.3974666595458984,107,monotonic_hybrid,0.7793522477149963,0.22350189089775085,0.09094690531492233,1.2826464176177979,0.15345926582813263,0.04708908870816231,0.10076922923326492,0.053680140525102615,0.16341787576675415,0.19130434095859528,0.027886465191841125,0.38621991872787476,0.30228933691978455,0.3114908039569855,0.9221766861760262,0.6791822302375043,0,0,0.4715365171432495,0.26742836833000183,-0.0006758570671081543,0.00011770427227020264,-0.0007128864526748657,-0.0009325742721557617,-0.0016149431467056274,-0.00609704852104187,-0.019775688648223877,-0.08664521995613868
Stage2,S2_029,3.0,0.005,0.0,0.05,50,1.266517996788025,108,monotonic_hybrid,0.7348954677581787,0.22297842800617218,0.08307339996099472,1.2915509939193726,0.19108469784259796,0.049370985478162766,0.0930769219994545,0.04370593652129173,0.17700596153736115,0.25,0.07299403846263885,0.39018163084983826,0.2998541593551636,0.30996426939964294,0.9173214958390771,0.6930749151699992,0,0,0.471535325050354,0.2674180865287781,-0.00037926435470581055,-0.00044132769107818604,-0.0005953460931777954,-0.0016907453536987305,-0.003814905881881714,-0.006011180579662323,-0.022228091955184937,-0.05158131214654378
Stage2,S2_029,3.0,0.005,0.0,0.05,40,1.3171080350875854,109,monotonic_hybrid,0.7256002426147461,0.22133535146713257,0.0814143642783165,1.0605401992797852,0.13659778237342834,0.045210812240839005,0.08769230544567108,0.04248149320483208,0.17000864446163177,0.1599999964237213,0.010008648037910461,0.3890005648136139,0.30196431279182434,0.30903518199920654,0.9171644214580799,0.7002390218247267,0,0,0.47153663635253906,0.2674330472946167,0.000861823558807373,-0.0001309514045715332,-0.00011599808931350708,0.004098653793334961,0.0003213733434677124,-0.004445917904376984,0.0009051859378814697,0.11891511973796072
Stage2,S2_029,3.0,0.005,0.0,0.05,33,1.3401495218276978,110,monotonic_hybrid,0.7095658183097839,0.21938149631023407,0.07474854588508606,1.2560213804244995,0.15793511271476746,0.055090948939323425,0.08538461476564407,0.030293665826320648,0.1779034286737442,0.19658119976520538,0.01867777109146118,0.38632771372795105,0.300774484872818,0.31289777159690857,0.9274661495582995,0.6699671808690933,0,0,0.4715380072593689,0.26744741201400757,0.00019603967666625977,0.00010734796524047852,-0.0010280385613441467,-0.0011386871337890625,-0.0018425583839416504,-0.011613350361585617,-0.029488876461982727,0.027635752547001364
Stage2,S2_030,3.0,0.005,0.0,0.1,43,1.3156607151031494,101,monotonic_hybrid,0.7691066265106201,0.2308615744113922,0.0784529373049736,1.242476224899292,0.15735796093940735,0.04994101822376251,0.08692307770252228,0.036982059478759766,0.17367319762706757,0.19847328960895538,0.024800091981887817,0.3758126497268677,0.3068137764930725,0.3173735737800598,0.9183607899916134,0.6506772228481611,0,0,0.38832366466522217,0.22023612260818481,6.16908073425293e-05,-0.0003393590450286865,-0.0003975331783294678,-0.00041162967681884766,-0.0017862915992736816,-0.005929578095674515,-0.021833613514900208,0.008021742875936655
Stage2,S2_030,3.0,0.005,0.0,0.1,43,1.2103790044784546,102,monotonic_hybrid,0.736830472946167,0.21691730618476868,0.07967383414506912,1.4825217723846436,0.20082056522369385,0.041724156588315964,0.08923076838254929,0.04750661179423332,0.1597103476524353,0.2539682686328888,0.09425792098045349,0.3783515691757202,0.30665192008018494,0.31499651074409485,0.9233312475450873,0.6427581600929886,0,0,0.38832393288612366,0.22023433446884155,-0.0006834864616394043,-0.00017526745796203613,-0.0008215829730033875,-0.010743021965026855,-0.00465431809425354,-0.005941271781921387,-0.022069498896598816,-0.09267437625020902
Stage2,S2_030,3.0,0.005,0.0,0.1,50,1.2632721662521362,103,monotonic_hybrid,0.7084679007530212,0.22192154824733734,0.07867405563592911,1.1719038486480713,0.12838758528232574,0.041997186839580536,0.08538461476564407,0.04338742792606354,0.14570941030979156,0.14159291982650757,0.004116490483283997,0.3803223669528961,0.30624061822891235,0.31343701481819153,0.9163365775332305,0.6448790226239256,0,0,0.3883233368396759,0.2202274203300476,-0.0001055002212524414,-0.000898018479347229,-0.0002705901861190796,0.00024449825286865234,0.00039643049240112305,-0.004447776824235916,-0.014765582978725433,-0.014889102682570472
Stage2,S2_030,3.0,0.005,0.0,0.1,49,1.3504071235656738,104,monotonic_hybrid,0.7191224694252014,0.22715698182582855,0.07223562151193619,1.233352780342102,0.15035425126552582,0.05756025388836861,0.07999999821186066,0.02243974432349205,0.1748836636543274,0.18110236525535583,0.006218701601028442,0.3780469596385956,0.30603253841400146,0.31592047214508057,0.9172009724286301,0.6712011792961452,0,0,0.388322651386261,0.22023403644561768,0.0010797977447509766,-0.0010905414819717407,-0.00035377591848373413,0.0036547183990478516,-0.0006589740514755249,-0.010030705481767654,-0.024296835064888,0.1503807207201075
Stage2,S2_030,3.0,0.005,0.0,0.1,43,1.2967849969863892,105,monotonic_hybrid,0.7024191617965698,0.2199738770723343,0.07106075435876846,1.142357349395752,0.12895183265209198,0.05226089432835579,0.07538461685180664,0.02312372252345085,0.18990738689899445,0.1376146823167801,0.052292704582214355,0.38320642709732056,0.3059634864330292,0.3108300566673279,0.9153078039164168,0.6733465588761512,0,0,0.38832372426986694,0.2202351689338684,0.0008130669593811035,8.861720561981201e-05,9.865313768386841e-05,0.0023870468139648438,0.0016033947467803955,-0.005384042859077454,0.018290653824806213,0.11588653025737752
Stage2,S2_030,3.0,0.005,0.0,0.1,50,1.2611411809921265,106,monotonic_hybrid,0.7448346614837646,0.22505739331245422,0.07659601420164108,1.1909695863723755,0.12173013389110565,0.04723923280835152,0.08384615182876587,0.03660691902041435,0.18133006989955902,0.14851485192775726,0.03281521797180176,0.3801918625831604,0.30780029296875,0.312007874250412,0.915754545588854,0.6697488741762974,0,0,0.38832318782806396,0.22022637724876404,0.00037091970443725586,8.824467658996582e-05,-0.0001793205738067627,0.003400564193725586,0.000864960253238678,-0.004867561161518097,0.023430556058883667,0.04982374340363822
Stage2,S2_030,3.0,0.005,0.0,0.1,42,1.389774203300476,107,monotonic_hybrid,0.7793700695037842,0.22347520291805267,0.09098556637763977,1.2827813625335693,0.15354318916797638,0.046680428087711334,0.10076922923326492,0.05408880114555359,0.16197694838047028,0.19130434095859528,0.029327392578125,0.3768870532512665,0.3077676296234131,0.31534531712532043,0.9221766635823465,0.6791822467844342,0,0,0.38832414150238037,0.22023510932922363,-0.0006580352783203125,9.101629257202148e-05,-0.000674225389957428,-0.0007976293563842773,-0.0015310198068618774,-0.005688387900590897,-0.018334761261940002,-0.08436045756378613
Stage2,S2_030,3.0,0.005,0.0,0.1,50,1.2585822343826294,108,monotonic_hybrid,0.7348840236663818,0.2229790836572647,0.08309242874383926,1.2916274070739746,0.191298246383667,0.0490332655608654,0.0930769219994545,0.044043656438589096,0.17550864815711975,0.25,0.07449135184288025,0.38014960289001465,0.3057622015476227,0.3140881657600403,0.9173214785914426,0.6930749284087748,0,0,0.38832318782806396,0.22022661566734314,-0.00039070844650268555,-0.00044067203998565674,-0.000576317310333252,-0.0016143321990966797,-0.003601357340812683,-0.00567346066236496,-0.020730778574943542,-0.053137749665345665
Stage2,S2_030,3.0,0.005,0.0,0.1,40,1.3104053735733032,109,monotonic_hybrid,0.7255273461341858,0.22133396565914154,0.08140309900045395,1.0602153539657593,0.1365286260843277,0.04497838020324707,0.08769230544567108,0.04271392524242401,0.16866466403007507,0.1599999964237213,0.00866466760635376,0.379177063703537,0.3075000047683716,0.3133229613304138,0.9171643917966424,0.7002390408450699,0,0,0.38832423090934753,0.2202390432357788,0.0007889270782470703,-0.00013233721256256104,-0.0001272633671760559,0.003773808479309082,0.00025221705436706543,-0.0042134858667850494,-0.00043879449367523193,0.10885680371060572
Stage2,S2_030,3.0,0.005,0.0,0.1,33,1.3328076601028442,110,monotonic_hybrid,0.7095543146133423,0.21935150027275085,0.07478635013103485,1.2559778690338135,0.15799951553344727,0.05463012680411339,0.08538461476564407,0.030754487961530685,0.1764231026172638,0.19658119976520538,0.02015809714794159,0.3769759237766266,0.30652016401290894,0.31650394201278687,0.9274661197919517,0.6699672018488315,0,0,0.38832545280456543,0.22025075554847717,0.00018453598022460938,7.735192775726318e-05,-0.0009902343153953552,-0.0011821985244750977,-0.0017781555652618408,-0.01115252822637558,-0.02800855040550232,0.026014074151874803
Stage3,S3_001,3.0,0.1,0.0,0.0,43,1.3219859600067139,101,monotonic_hybrid,0.7692502737045288,0.23093444108963013,0.0783582329750061,1.2420668601989746,0.15697923302650452,0.051786135882139206,0.08692307770252228,0.03513694182038307,0.17996659874916077,0.19847328960895538,0.018506690859794617,0.3644735813140869,0.29595327377319336,0.3395731747150421,0.9233645962373359,0.6443068353463678,0,0,0.5570282340049744,0.30343520641326904,0.0002053380012512207,-0.0002664923667907715,-0.0004922375082969666,-0.0008209943771362305,-0.0021650195121765137,-0.0077746957540512085,-0.028127014636993408,0.026700390538745677
Stage3,S3_001,3.0,0.1,0.0,0.0,43,1.2153643369674683,102,monotonic_hybrid,0.7366745471954346,0.2169995754957199,0.07949566841125488,1.4798192977905273,0.19972367584705353,0.043191779404878616,0.08923076838254929,0.04603898897767067,0.16569079458713531,0.2539682686328888,0.08827747404575348,0.36796215176582336,0.29592040181159973,0.3361174464225769,0.9279157291558463,0.636918050047492,0,0,0.5570188760757446,0.303386926651001,-0.0008394122123718262,-9.299814701080322e-05,-0.000999748706817627,-0.013445496559143066,-0.00575120747089386,-0.007408894598484039,-0.028049945831298828,-0.11381645074838176
Stage3,S3_001,3.0,0.1,0.0,0.0,50,1.2690898180007935,103,monotonic_hybrid,0.7086142301559448,0.22198481857776642,0.07860501855611801,1.1723157167434692,0.12867505848407745,0.04350835084915161,0.08538461476564407,0.04187626391649246,0.15166977047920227,0.14159291982650757,0.010076850652694702,0.37010830640792847,0.2956562340259552,0.33423542976379395,0.9215322066573082,0.6382309662004033,0,0,0.5569614768028259,0.30315738916397095,4.082918167114258e-05,-0.0008347481489181519,-0.0003396272659301758,0.0006563663482666016,0.000683903694152832,-0.005958940833806992,-0.008805222809314728,0.005762166857378968
Stage3,S3_001,3.0,0.1,0.0,0.0,49,1.363005518913269,104,monotonic_hybrid,0.7194254994392395,0.22717508673667908,0.07221507281064987,1.2343511581420898,0.15036410093307495,0.0592966303229332,0.07999999821186066,0.02070336788892746,0.17983415722846985,0.18110236525535583,0.0012682080268859863,0.3674605190753937,0.29514583945274353,0.3373936712741852,0.9222806831421033,0.6652878851401764,0,0,0.5570088028907776,0.3033573031425476,0.0013828277587890625,-0.0010724365711212158,-0.00037432461977005005,0.0046530961990356445,-0.0006491243839263916,-0.011767081916332245,-0.029247328639030457,0.19258294991755873
Stage3,S3_001,3.0,0.1,0.0,0.0,43,1.3053103685379028,105,monotonic_hybrid,0.7028679251670837,0.22010211646556854,0.07113814353942871,1.143723487854004,0.12968818843364716,0.05391893908381462,0.07538461685180664,0.02146567776799202,0.1950145810842514,0.1376146823167801,0.057399898767471313,0.37486913800239563,0.29522705078125,0.32990381121635437,0.9200424991886816,0.6678104427746754,0,0,0.5570244193077087,0.30341023206710815,0.0012618303298950195,0.00021685659885406494,0.0001760423183441162,0.003753185272216797,0.0023397505283355713,-0.007042087614536285,0.02339784801006317,0.17984882673914537
Stage3,S3_001,3.0,0.1,0.0,0.0,50,1.2649548053741455,106,monotonic_hybrid,0.745039701461792,0.22513176500797272,0.07657893002033234,1.1929042339324951,0.12224020808935165,0.048785578459501266,0.08384615182876587,0.0350605733692646,0.18907061219215393,0.14851485192775726,0.04055576026439667,0.36994674801826477,0.2979505658149719,0.3321026861667633,0.9207857777808088,0.6640956256683371,0,0,0.5569520592689514,0.3031224012374878,0.0005759596824645996,0.00016261637210845947,-0.00019640475511550903,0.005335211753845215,0.0013750344514846802,-0.006413906812667847,0.031171098351478577,0.07736571308201126
Stage3,S3_001,3.0,0.1,0.0,0.0,42,1.4005039930343628,107,monotonic_hybrid,0.7792961597442627,0.2235838621854782,0.09083795547485352,1.282144546508789,0.15325072407722473,0.04823276400566101,0.10076922923326492,0.05253646522760391,0.16702894866466522,0.19130434095859528,0.024275392293930054,0.3660537600517273,0.2973499000072479,0.3365963399410248,0.9268160346643151,0.6738171503905904,0,0,0.5570294857025146,0.303416907787323,-0.0007319450378417969,0.0001996755599975586,-0.0008218362927436829,-0.0014344453811645508,-0.0018234848976135254,-0.007240723818540573,-0.02338676154613495,-0.09383572634812443
Stage3,S3_001,3.0,0.1,0.0,0.0,50,1.2678905725479126,108,monotonic_hybrid,0.7349793314933777,0.22304747998714447,0.08300773799419403,1.2912342548370361,0.19056957960128784,0.05032225325703621,0.0930769219994545,0.04275466874241829,0.1805892288684845,0.25,0.0694107711315155,0.36997321248054504,0.29492342472076416,0.335103303194046,0.9221203276438671,0.6882703036431432,0,0,0.5569534301757812,0.3031300902366638,-0.00029540061950683594,-0.000372275710105896,-0.0006610080599784851,-0.0020074844360351562,-0.0043300241231918335,-0.006962448358535767,-0.02581135928630829,-0.0401755434540737
Stage3,S3_001,3.0,0.1,0.0,0.0,40,1.3194040060043335,109,monotonic_hybrid,0.7257932424545288,0.22140511870384216,0.08138254284858704,1.0614029169082642,0.13673625886440277,0.046355899423360825,0.08769230544567108,0.04133640602231026,0.17425674200057983,0.1599999964237213,0.01425674557685852,0.36946624517440796,0.29701459407806396,0.3335191607475281,0.922070041678894,0.6948712425227415,0,0,0.5570579171180725,0.30353739857673645,0.0010548233985900879,-6.118416786193848e-05,-0.00014781951904296875,0.004961371421813965,0.00045984983444213867,-0.005591005086898804,0.005153283476829529,0.14554539553238058
Stage3,S3_001,3.0,0.1,0.0,0.0,44,1.342012643814087,110,monotonic_hybrid,0.709481954574585,0.21962574124336243,0.07484398782253265,1.2560453414916992,0.15772183239459991,0.05317217484116554,0.08538461476564407,0.03221243992447853,0.1764441877603531,0.19658119976520538,0.020137012004852295,0.3659326136112213,0.29570913314819336,0.3383582532405853,0.9320629331044724,0.6652634513628499,0,0,0.5570072531700134,0.3033391833305359,0.00011217594146728516,0.00035159289836883545,-0.0009325966238975525,-0.0011147260665893555,-0.002055838704109192,-0.009694576263427734,-0.028029635548591614,0.01581346497216679
Stage3,S3_002,3.0,0.1,0.0,0.005,43,1.3214786052703857,101,monotonic_hybrid,0.7692445516586304,0.23093262314796448,0.07836083322763443,1.2420785427093506,0.15699122846126556,0.05172852799296379,0.08692307770252228,0.03519454970955849,0.1797541230916977,0.19847328960895538,0.01871916651725769,0.36400675773620605,0.2965139150619507,0.3394792973995209,0.9233645471084728,0.6443068684372861,0,0,0.5486727952957153,0.2988838851451874,0.0001996159553527832,-0.0002683103084564209,-0.0004896372556686401,-0.0008093118667602539,-0.0021530240774154663,-0.0077170878648757935,-0.027914538979530334,0.02595634482271677
Stage3,S3_002,3.0,0.1,0.0,0.005,43,1.2148405313491821,102,monotonic_hybrid,0.7366803288459778,0.2169971913099289,0.07950189709663391,1.4799147844314575,0.19976270198822021,0.043138232082128525,0.08923076838254929,0.04609253630042076,0.16547216475009918,0.2539682686328888,0.08849610388278961,0.3674429655075073,0.29648151993751526,0.3360755145549774,0.9279156900116666,0.6369180582291591,0,0,0.5486637353897095,0.29883623123168945,-0.0008336305618286133,-9.538233280181885e-05,-0.0009935200214385986,-0.01335000991821289,-0.005712181329727173,-0.007355347275733948,-0.027831315994262695,-0.11303251297073544
Stage3,S3_002,3.0,0.1,0.0,0.005,50,1.2685505151748657,103,monotonic_hybrid,0.7086092233657837,0.22198322415351868,0.0786070004105568,1.1722962856292725,0.12866219878196716,0.04345538094639778,0.08538461476564407,0.04192923381924629,0.1514490693807602,0.14159291982650757,0.009856149554252625,0.36955684423446655,0.2962213456630707,0.33422181010246277,0.9215321749853345,0.6382309729910243,0,0,0.5486071109771729,0.2986101508140564,3.5822391510009766e-05,-0.0008363425731658936,-0.00033764541149139404,0.0006369352340698242,0.0006710439920425415,-0.005905970931053162,-0.009025923907756805,0.0050555653741383355
Stage3,S3_002,3.0,0.1,0.0,0.005,49,1.3622318506240845,104,monotonic_hybrid,0.7194184064865112,0.22717547416687012,0.07221534848213196,1.2343186140060425,0.1503632813692093,0.059249989688396454,0.07999999821186066,0.020750008523464203,0.1796818971633911,0.18110236525535583,0.0014204680919647217,0.36694902181625366,0.2957187294960022,0.33733224868774414,0.9222806277570981,0.6652879911887064,0,0,0.5486536622047424,0.2988070845603943,0.001375734806060791,-0.0010720491409301758,-0.00037404894828796387,0.004620552062988281,-0.0006499439477920532,-0.011720441281795502,-0.02909506857395172,0.1915951322003092
Stage3,S3_002,3.0,0.1,0.0,0.005,43,1.3046972751617432,105,monotonic_hybrid,0.7028526067733765,0.22009766101837158,0.07113509625196457,1.1436736583709717,0.12966273725032806,0.05387118458747864,0.07538461685180664,0.021513432264328003,0.19485996663570404,0.1376146823167801,0.05724528431892395,0.3742464482784271,0.29579854011535645,0.32995501160621643,0.9200424540227127,0.6678104552646004,0,0,0.5486690402030945,0.29885920882225037,0.0012465119361877441,0.0002124011516571045,0.00017299503087997437,0.0037033557891845703,0.0023142993450164795,-0.006994333118200302,0.023243233561515808,0.17766549426526912
Stage3,S3_002,3.0,0.1,0.0,0.005,50,1.2645089626312256,106,monotonic_hybrid,0.7450308799743652,0.22512903809547424,0.0765785425901413,1.1928380727767944,0.12222152203321457,0.04873735457658768,0.08384615182876587,0.03510879725217819,0.18879616260528564,0.14851485192775726,0.04028131067752838,0.36939769983291626,0.2984812557697296,0.3321210443973541,0.9207857500770894,0.6640956272284066,0,0,0.5485978722572327,0.29857558012008667,0.0005671381950378418,0.00015988945960998535,-0.00019679218530654907,0.005269050598144531,0.0013563483953475952,-0.006365682929754257,0.03089664876461029,0.07618076787491847
Stage3,S3_002,3.0,0.1,0.0,0.005,42,1.3998063802719116,107,monotonic_hybrid,0.7792977094650269,0.22358037531375885,0.090842604637146,1.2821600437164307,0.15325966477394104,0.04818121716380119,0.10076922923326492,0.05258801206946373,0.16685515642166138,0.19130434095859528,0.0244491845369339,0.36556315422058105,0.2978895306587219,0.33654728531837463,0.9268159971241501,0.673817145275052,0,0,0.5486741065979004,0.29886576533317566,-0.0007303953170776367,0.00019618868827819824,-0.0008171871304512024,-0.0014189481735229492,-0.0018145442008972168,-0.007189176976680756,-0.023212969303131104,-0.09363705135748508
Stage3,S3_002,3.0,0.1,0.0,0.005,50,1.2671977281570435,108,monotonic_hybrid,0.734976589679718,0.22304652631282806,0.08301004022359848,1.291242241859436,0.1905938982963562,0.05028045177459717,0.0930769219994545,0.04279647022485733,0.1804107278585434,0.25,0.0695892721414566,0.3694237470626831,0.2954995632171631,0.3350767195224762,0.9221203086618532,0.6882703005848371,0,0,0.5485990643501282,0.29858317971229553,-0.0002981424331665039,-0.00037322938442230225,-0.0006587058305740356,-0.001999497413635254,-0.004305705428123474,-0.0069206468760967255,-0.025632858276367188,-0.040548439942953325
Stage3,S3_002,3.0,0.1,0.0,0.005,40,1.318800687789917,109,monotonic_hybrid,0.7257832884788513,0.22140361368656158,0.08138187229633331,1.061358094215393,0.13672742247581482,0.04631948471069336,0.08769230544567108,0.04137282073497772,0.17407916486263275,0.1599999964237213,0.014079168438911438,0.3689245581626892,0.29755929112434387,0.3335161507129669,0.9220699959328569,0.6948712632918216,0,0,0.5487021207809448,0.2989844083786011,0.0010448694229125977,-6.268918514251709e-05,-0.0001484900712966919,0.004916548728942871,0.000451013445854187,-0.0055545903742313385,0.004975706338882446,0.14417193782463872
Stage3,S3_002,3.0,0.1,0.0,0.005,44,1.3413643836975098,110,monotonic_hybrid,0.70948326587677,0.21962378919124603,0.07484818994998932,1.2560416460037231,0.1577300727367401,0.05312829837203026,0.08538461476564407,0.032256316393613815,0.17626500129699707,0.19658119976520538,0.020316198468208313,0.3654438555240631,0.29627344012260437,0.3382827639579773,0.9320628989975266,0.6652634476994596,0,0,0.548652172088623,0.29878920316696167,0.00011348724365234375,0.0003496408462524414,-0.0009283944964408875,-0.0011184215545654297,-0.002047598361968994,-0.00965069979429245,-0.027850449085235596,0.015998319504253754
Stage3,S3_003,3.0,0.1,0.0,0.01,43,1.320970892906189,101,monotonic_hybrid,0.7692392468452454,0.23093083500862122,0.07836351543664932,1.2420899868011475,0.15700356662273407,0.05167078971862793,0.08692307770252228,0.03525228798389435,0.17954467236995697,0.19847328960895538,0.018928617238998413,0.3635399341583252,0.2970745861530304,0.3393855094909668,0.9233645001935221,0.6443068981770035,0,0,0.5403174757957458,0.2943324148654938,0.00019431114196777344,-0.0002700984477996826,-0.00048695504665374756,-0.0007978677749633789,-0.0021406859159469604,-0.007659349590539932,-0.027705088257789612,0.025266552440148304
Stage3,S3_003,3.0,0.1,0.0,0.01,43,1.2143163681030273,102,monotonic_hybrid,0.736686110496521,0.21699479222297668,0.07950814813375473,1.4800106287002563,0.19980178773403168,0.043084677308797836,0.08923076838254929,0.04614609107375145,0.16525347530841827,0.2539682686328888,0.08871479332447052,0.3669237792491913,0.2970426082611084,0.3360336124897003,0.9279156450571683,0.6369180562139192,0,0,0.5403083562850952,0.2942855656147003,-0.0008278489112854004,-9.778141975402832e-05,-0.0009872689843177795,-0.013254165649414062,-0.0056730955839157104,-0.007301792502403259,-0.027612626552581787,-0.11224857519308913
Stage3,S3_003,3.0,0.1,0.0,0.01,50,1.2680110931396484,103,monotonic_hybrid,0.7086042165756226,0.22198159992694855,0.07860898971557617,1.1722768545150757,0.12864939868450165,0.04340246692299843,0.08538461476564407,0.041982147842645645,0.15122853219509125,0.14159291982650757,0.00963561236858368,0.3690054416656494,0.29678642749786377,0.3342081606388092,0.921532141348359,0.6382309872908938,0,0,0.540252685546875,0.29406285285949707,3.081560134887695e-05,-0.000837966799736023,-0.0003356561064720154,0.0006175041198730469,0.0006582438945770264,-0.005853056907653809,-0.00924646109342575,0.004348963890897703
Stage3,S3_003,3.0,0.1,0.0,0.01,49,1.3614579439163208,104,monotonic_hybrid,0.719411313533783,0.22717590630054474,0.07221562415361404,1.234285831451416,0.15036246180534363,0.05920327454805374,0.07999999821186066,0.020796723663806915,0.17952939867973328,0.18110236525535583,0.0015729665756225586,0.36643752455711365,0.29629161953926086,0.3372708559036255,0.9222805706354881,0.665288101851008,0,0,0.5402985215187073,0.29425692558288574,0.0013686418533325195,-0.0010716170072555542,-0.0003737732768058777,0.004587769508361816,-0.0006507635116577148,-0.01167372614145279,-0.028942570090293884,0.19060731448305962
Stage3,S3_003,3.0,0.1,0.0,0.01,43,1.304084062576294,105,monotonic_hybrid,0.7028372287750244,0.22009322047233582,0.07113204151391983,1.143623948097229,0.12963725626468658,0.05382339656352997,0.07538461685180664,0.021561220288276672,0.1947050839662552,0.1376146823167801,0.0570904016494751,0.37362366914749146,0.29637008905410767,0.3300062417984009,0.9200424080236982,0.6678104841067553,0,0,0.5403137803077698,0.29430824518203735,0.0012311339378356934,0.0002079606056213379,0.0001699402928352356,0.0036536455154418945,0.002288818359375,-0.006946545094251633,0.023088350892066956,0.17547366633429606
Stage3,S3_003,3.0,0.1,0.0,0.01,50,1.2640630006790161,106,monotonic_hybrid,0.745022177696228,0.22512637078762054,0.07657817751169205,1.1927725076675415,0.12220297753810883,0.04868897423148155,0.08384615182876587,0.03515717759728432,0.18852119147777557,0.14851485192775726,0.04000633955001831,0.368848592042923,0.2990119457244873,0.33213943243026733,0.920785725307567,0.6640956345242582,0,0,0.5402434468269348,0.2940288186073303,0.0005584359169006348,0.00015722215175628662,-0.00019715726375579834,0.0052034854888916016,0.0013378039002418518,-0.006317302584648132,0.03062167763710022,0.07501183544089449
Stage3,S3_003,3.0,0.1,0.0,0.01,42,1.3991085290908813,107,monotonic_hybrid,0.7792993783950806,0.2235768884420395,0.09084727615118027,1.282175898551941,0.15326865017414093,0.048129647970199585,0.10076922923326492,0.05263958126306534,0.1666812002658844,0.19130434095859528,0.024623140692710876,0.3650725483894348,0.2984292507171631,0.3364982306957245,0.9268159680551205,0.6738171451155672,0,0,0.5403186678886414,0.2943146228790283,-0.0007287263870239258,0.0001927018165588379,-0.0008125156164169312,-0.0014030933380126953,-0.0018055588006973267,-0.007137607783079147,-0.023039013147354126,-0.09342309367525808
Stage3,S3_003,3.0,0.1,0.0,0.01,50,1.2665045261383057,108,monotonic_hybrid,0.7349737882614136,0.22304558753967285,0.08301235735416412,1.2912501096725464,0.19061829149723053,0.05023857206106186,0.0930769219994545,0.04283834993839264,0.18023203313350677,0.25,0.06976796686649323,0.36887428164482117,0.29607564210891724,0.3350500464439392,0.9221202823394031,0.6882703062119605,0,0,0.5402447581291199,0.294036328792572,-0.00030094385147094727,-0.00037416815757751465,-0.0006563887000083923,-0.0019916296005249023,-0.0042813122272491455,-0.006878767162561417,-0.025454163551330566,-0.040929442877243365
Stage3,S3_003,3.0,0.1,0.0,0.01,40,1.31819748878479,109,monotonic_hybrid,0.7257734537124634,0.22140216827392578,0.08138121664524078,1.061313509941101,0.13671861588954926,0.046283092349767685,0.08769230544567108,0.0414092130959034,0.17390155792236328,0.1599999964237213,0.013901561498641968,0.36838284134864807,0.29810404777526855,0.33351314067840576,0.9220699467282354,0.6948712783493134,0,0,0.5403463840484619,0.29443150758743286,0.0010350346565246582,-6.413459777832031e-05,-0.0001491457223892212,0.004871964454650879,0.00044220685958862305,-0.005518198013305664,0.004798099398612976,0.14281492871219917
Stage3,S3_003,3.0,0.1,0.0,0.01,44,1.340716004371643,110,monotonic_hybrid,0.7094843983650208,0.21962183713912964,0.07485242187976837,1.2560381889343262,0.1577383577823639,0.053084347397089005,0.08538461476564407,0.03230026736855507,0.17608575522899628,0.19658119976520538,0.020495444536209106,0.3649550676345825,0.296837717294693,0.33820727467536926,0.9320628676485919,0.6652634494279421,0,0,0.5402970910072327,0.2942391633987427,0.00011461973190307617,0.00034768879413604736,-0.0009241625666618347,-0.0011218786239624023,-0.002039313316345215,-0.009606748819351196,-0.027671203017234802,0.016157966600147042
