Stage,Config ID,lambda_fin,hybrid_delta,prior_kl_weight,min_allocation,Best Epoch,Best Validation Objective,CRPS,Direction Brier,Tail Brier,Stress CRPS,Stress Tail Brier,Mean predicted tail probability,Observed tail frequency,Tail calibration gap,Stress predicted tail probability,Stress observed tail frequency,Stress tail calibration gap,Mean pi_D,Mean pi_N,Mean pi_T,"Corr(risk, pi_T)","Corr(dir_unc, pi_D)",Risk monotonic violations,Dir monotonic violations,Delta pi_T risk 0->1,Delta pi_D dir 0->1,CRPS Delta,Direction Brier Delta,Tail Brier Delta,Stress CRPS Delta,Stress Tail Brier Delta,Tail calibration gap Delta,Stress tail calibration gap Delta,CRPS Delta %,Best Epoch STD,Best Validation Objective STD,CRPS STD,Direction Brier STD,Tail Brier STD,Stress CRPS STD,Stress Tail Brier STD,Mean predicted tail probability STD,Observed tail frequency STD,Tail calibration gap STD,Stress predicted tail probability STD,Stress observed tail frequency STD,Stress tail calibration gap STD,Mean pi_D STD,Mean pi_N STD,Mean pi_T STD,"Corr(risk, pi_T) STD","Corr(dir_unc, pi_D) STD",Risk monotonic violations STD,Dir monotonic violations STD,Delta pi_T risk 0->1 STD,Delta pi_D dir 0->1 STD,CRPS Delta STD,Direction Brier Delta STD,Tail Brier Delta STD,Stress CRPS Delta STD,Stress Tail Brier Delta STD,Tail calibration gap Delta STD,Stress tail calibration gap Delta STD,CRPS Delta % STD,Monotonic OK,CRPS Constraint OK,Eligible,Rank
Stage1,S1_026,3.0,0.1,0.0,0.0,45.4,1.3069522023200988,0.7331422865390778,0.2229990005493164,0.07864632904529571,1.2356007814407348,0.15259488597512244,0.04985705055296421,0.08676922991871834,0.036912179365754125,0.17595656216144562,0.1859151914715767,0.03441648036241531,0.36862462759017944,0.2960850417613983,0.33529032766819,0.9238990829253633,0.6638871953096778,0.0,0.0,0.5570041954517364,0.30332930386066437,0.0002767026424407959,-0.00017693936824798585,-0.00047895610332489015,5.360841751098633e-05,-0.0011916160583496094,-0.007585436105728149,-0.0111735038459301,0.03957911870888075,3.8930136855083823,0.05438381377346429,0.025628758461969183,0.004008836782810595,0.005700062729717884,0.11054399254639186,0.02578520733937849,0.004958815756406114,0.006916425583905123,0.010196704295792251,0.012319035926318854,0.04140524049780575,0.028575517944079146,0.0029505503086517905,0.0010155113659250483,0.0029444718785285704,0.00381332124933206,0.019554510343016487,0.0,0.0,3.632988856804442e-05,0.0001433697473708323,0.0007864970800259634,0.00047055612238966206,0.00037664759526760954,0.005557828552118582,0.002545815483610125,0.0018499102299044592,0.023110543673976774,0.10817024843086392,True,True,True,1
Stage2,S2_001,3.0,0.1,0.0,0.0,45.4,1.3069522023200988,0.7331422865390778,0.2229990005493164,0.07864632904529571,1.2356007814407348,0.15259488597512244,0.04985705055296421,0.08676922991871834,0.036912179365754125,0.17595656216144562,0.1859151914715767,0.03441648036241531,0.36862462759017944,0.2960850417613983,0.33529032766819,0.9238990829253633,0.6638871953096778,0.0,0.0,0.5570041954517364,0.30332930386066437,0.0002767026424407959,-0.00017693936824798585,-0.00047895610332489015,5.360841751098633e-05,-0.0011916160583496094,-0.007585436105728149,-0.0111735038459301,0.03957911870888075,3.8930136855083823,0.05438381377346429,0.025628758461969183,0.004008836782810595,0.005700062729717884,0.11054399254639186,0.02578520733937849,0.004958815756406114,0.006916425583905123,0.010196704295792251,0.012319035926318854,0.04140524049780575,0.028575517944079146,0.0029505503086517905,0.0010155113659250483,0.0029444718785285704,0.00381332124933206,0.019554510343016487,0.0,0.0,3.632988856804442e-05,0.0001433697473708323,0.0007864970800259634,0.00047055612238966206,0.00037664759526760954,0.005557828552118582,0.002545815483610125,0.0018499102299044592,0.023110543673976774,0.10817024843086392,True,True,True,2
Stage3,S3_001,3.0,0.1,0.0,0.0,45.4,1.3069522023200988,0.7331422865390778,0.2229990005493164,0.07864632904529571,1.2356007814407348,0.15259488597512244,0.04985705055296421,0.08676922991871834,0.036912179365754125,0.17595656216144562,0.1859151914715767,0.03441648036241531,0.36862462759017944,0.2960850417613983,0.33529032766819,0.9238990829253633,0.6638871953096778,0.0,0.0,0.5570041954517364,0.30332930386066437,0.0002767026424407959,-0.00017693936824798585,-0.00047895610332489015,5.360841751098633e-05,-0.0011916160583496094,-0.007585436105728149,-0.0111735038459301,0.03957911870888075,3.8930136855083823,0.05438381377346429,0.025628758461969183,0.004008836782810595,0.005700062729717884,0.11054399254639186,0.02578520733937849,0.004958815756406114,0.006916425583905123,0.010196704295792251,0.012319035926318854,0.04140524049780575,0.028575517944079146,0.0029505503086517905,0.0010155113659250483,0.0029444718785285704,0.00381332124933206,0.019554510343016487,0.0,0.0,3.632988856804442e-05,0.0001433697473708323,0.0007864970800259634,0.00047055612238966206,0.00037664759526760954,0.005557828552118582,0.002545815483610125,0.0018499102299044592,0.023110543673976774,0.10817024843086392,True,True,True,3
Stage2,S2_002,3.0,0.1,0.0,0.005,45.4,1.3063476920127868,0.7331376850605011,0.22299695163965225,0.078648142516613,1.2355921983718872,0.15259747281670571,0.049809012189507486,0.08676922991871834,0.036960217729210855,0.17576234340667723,0.1859151914715767,0.03444523066282272,0.36809550523757933,0.29664371311664584,0.33526078462600706,0.9238990444678761,0.6638872130190353,0.0,0.0,0.5486491680145263,0.29877946972846986,0.00027210116386413576,-0.0001789882779121399,-0.0004771426320075989,4.502534866333008e-05,-0.0011890292167663573,-0.0075373977422714235,-0.01114475354552269,0.03894055575950705,3.8930136855083823,0.05431990200323521,0.025630932591450047,0.0040093109765220476,0.005701530587250955,0.11058517133861696,0.025804440390256766,0.0049598461402416034,0.006916425583905123,0.010197479648397872,0.012324100806564327,0.04140524049780575,0.028611180311789143,0.0029062961185723104,0.001000252693050673,0.002900274563731403,0.0038133219356695455,0.019554508457496473,0.0,0.0,3.579406783091631e-05,0.00014124702894957022,0.0007810790928955443,0.00046953004324894464,0.0003739282561271797,0.005512865013001482,0.00252592678507137,0.0018496811241274283,0.022927130906908767,0.10741548094452186,True,True,True,4
Stage3,S3_002,3.0,0.1,0.0,0.005,45.4,1.3063476920127868,0.7331376850605011,0.22299695163965225,0.078648142516613,1.2355921983718872,0.15259747281670571,0.049809012189507486,0.08676922991871834,0.036960217729210855,0.17576234340667723,0.1859151914715767,0.03444523066282272,0.36809550523757933,0.29664371311664584,0.33526078462600706,0.9238990444678761,0.6638872130190353,0.0,0.0,0.5486491680145263,0.29877946972846986,0.00027210116386413576,-0.0001789882779121399,-0.0004771426320075989,4.502534866333008e-05,-0.0011890292167663573,-0.0075373977422714235,-0.01114475354552269,0.03894055575950705,3.8930136855083823,0.05431990200323521,0.025630932591450047,0.0040093109765220476,0.005701530587250955,0.11058517133861696,0.025804440390256766,0.0049598461402416034,0.006916425583905123,0.010197479648397872,0.012324100806564327,0.04140524049780575,0.028611180311789143,0.0029062961185723104,0.001000252693050673,0.002900274563731403,0.0038133219356695455,0.019554508457496473,0.0,0.0,3.579406783091631e-05,0.00014124702894957022,0.0007810790928955443,0.00046953004324894464,0.0003739282561271797,0.005512865013001482,0.00252592678507137,0.0018496811241274283,0.022927130906908767,0.10741548094452186,True,True,True,5
Stage2,S2_003,3.0,0.1,0.0,0.01,45.4,1.3057429909706115,0.7331331312656403,0.22299492061138154,0.07864997684955596,1.235583746433258,0.15260013639926912,0.04976092390716076,0.08676922991871834,0.03700830601155758,0.17556829005479813,0.1859151914715767,0.03447368443012237,0.36756636798381803,0.29720239341259,0.33523125052452085,0.9238990055337153,0.6638872341268621,0.0,0.0,0.5402941167354584,0.29422964453697203,0.0002675473690032959,-0.00018101930618286133,-0.00047530829906463625,3.657341003417969e-05,-0.001186365634202957,-0.007489309459924698,-0.011116299778223038,0.03830801161560518,3.8930136855083823,0.054256130333775396,0.0256332252443173,0.004009800320654176,0.005703004718301237,0.11062637717469924,0.02582368267574749,0.004960849412845372,0.006916425583905123,0.01019823591983605,0.012329244281099893,0.04140524049780575,0.028648411347572067,0.0028620233457632613,0.0009850171686173726,0.0028560871734081327,0.003813323893206043,0.019554508340399575,0.0,0.0,3.5305336586845006e-05,0.00013912158449168094,0.000775671038190703,0.0004685069448182187,0.0003712016965737506,0.005467889698207711,0.0025060177600733156,0.0018494509890892253,0.02274414247054095,0.10666209682600238,True,True,True,6
Stage3,S3_003,3.0,0.1,0.0,0.01,45.4,1.3057429909706115,0.7331331312656403,0.22299492061138154,0.07864997684955596,1.235583746433258,0.15260013639926912,0.04976092390716076,0.08676922991871834,0.03700830601155758,0.17556829005479813,0.1859151914715767,0.03447368443012237,0.36756636798381803,0.29720239341259,0.33523125052452085,0.9238990055337153,0.6638872341268621,0.0,0.0,0.5402941167354584,0.29422964453697203,0.0002675473690032959,-0.00018101930618286133,-0.00047530829906463625,3.657341003417969e-05,-0.001186365634202957,-0.007489309459924698,-0.011116299778223038,0.03830801161560518,3.8930136855083823,0.054256130333775396,0.0256332252443173,0.004009800320654176,0.005703004718301237,0.11062637717469924,0.02582368267574749,0.004960849412845372,0.006916425583905123,0.01019823591983605,0.012329244281099893,0.04140524049780575,0.028648411347572067,0.0028620233457632613,0.0009850171686173726,0.0028560871734081327,0.003813323893206043,0.019554508340399575,0.0,0.0,3.5305336586845006e-05,0.00013912158449168094,0.000775671038190703,0.0004685069448182187,0.0003712016965737506,0.005467889698207711,0.0025060177600733156,0.0018494509890892253,0.02274414247054095,0.10666209682600238,True,True,True,7
Stage2,S2_004,3.0,0.1,0.0,0.02,45.4,1.304533350467682,0.7331242024898529,0.222990882396698,0.07865367904305458,1.2355675101280212,0.15260566622018815,0.04966463297605515,0.08676922991871834,0.037104596942663194,0.17517971098423005,0.1859151914715767,0.03453071266412735,0.36650806069374087,0.29831976294517515,0.3351721912622452,0.9238989405615202,0.6638872516156209,0.0,0.0,0.523583996295929,0.2851299732923508,0.00025861859321594236,-0.00018505752086639404,-0.0004716061055660248,2.033710479736328e-05,-0.0011808358132839203,-0.007393018528819084,-0.011059271544218064,0.03706776709655076,3.8930136855083823,0.05412894341422984,0.025637714785924828,0.004010781428991674,0.005705962569818157,0.11070877148982033,0.02586219546743391,0.004962800513356697,0.006916425583905123,0.010199715663230424,0.012339440911242365,0.04140524049780575,0.02872693911662708,0.0027734906898199845,0.000954523782847257,0.0027676942883401935,0.0038133258127497306,0.01955451012815137,0.0,0.0,3.418563881684066e-05,0.0001348740003806698,0.0007649118060079185,0.00046645553205178843,0.0003657420889874437,0.005378057954489525,0.002466151926344479,0.00184901344873001,0.022378713198570682,0.10516327404066823,True,True,True,8
Stage1,S1_025,3.0,0.05,0.0,0.0,45.4,1.310072946548462,0.7331006586551666,0.22297203540802002,0.07866731733083725,1.2355524897575378,0.15261477679014207,0.04942685551941395,0.08676922991871834,0.03734237439930439,0.1746055081486702,0.1859151914715767,0.034626159071922305,0.38426854014396666,0.2958547681570053,0.31987668573856354,0.921374304223726,0.6668302114269549,0.0,0.0,0.5562917292118073,0.3095418572425842,0.0002350747585296631,-0.00020390450954437255,-0.0004579678177833557,5.316734313964844e-06,-0.0011717252433300017,-0.007155241072177887,-0.01096382513642311,0.033783501299745874,3.8930136855083823,0.0537760860569169,0.025653158835486335,0.004009218106880489,0.0057103975048476115,0.11080470602475813,0.025900111557269956,0.004883628508432932,0.006916425583905123,0.010122383274830607,0.012217421596708888,0.04140524049780575,0.02868027945935518,0.0030266110980903477,0.001041644366202406,0.0029310769370465817,0.0038964953895909587,0.019325872447066884,0.0,0.0,1.1577604523672919e-05,6.701065837120265e-05,0.0007401241632422357,0.0004705610808469096,0.0003626484873905861,0.005259934186086773,0.00242574775374166,0.0018010158784177717,0.021823538030112135,0.10168475009504274,True,True,True,9
Stage2,S2_007,3.0,0.05,0.0,0.0,45.4,1.310072946548462,0.7331006586551666,0.22297203540802002,0.07866731733083725,1.2355524897575378,0.15261477679014207,0.04942685551941395,0.08676922991871834,0.03734237439930439,0.1746055081486702,0.1859151914715767,0.034626159071922305,0.38426854014396666,0.2958547681570053,0.31987668573856354,0.921374304223726,0.6668302114269549,0.0,0.0,0.5562917292118073,0.3095418572425842,0.0002350747585296631,-0.00020390450954437255,-0.0004579678177833557,5.316734313964844e-06,-0.0011717252433300017,-0.007155241072177887,-0.01096382513642311,0.033783501299745874,3.8930136855083823,0.0537760860569169,0.025653158835486335,0.004009218106880489,0.0057103975048476115,0.11080470602475813,0.025900111557269956,0.004883628508432932,0.006916425583905123,0.010122383274830607,0.012217421596708888,0.04140524049780575,0.02868027945935518,0.0030266110980903477,0.001041644366202406,0.0029310769370465817,0.0038964953895909587,0.019325872447066884,0.0,0.0,1.1577604523672919e-05,6.701065837120265e-05,0.0007401241632422357,0.0004705610808469096,0.0003626484873905861,0.005259934186086773,0.00242574775374166,0.0018010158784177717,0.021823538030112135,0.10168475009504274,True,True,True,10
Stage2,S2_008,3.0,0.05,0.0,0.005,45.4,1.3094209432601929,0.7330969452857972,0.22297041416168212,0.07866891101002693,1.2355456829071045,0.1526174657046795,0.04938500188291073,0.08676922991871834,0.03738422803580761,0.17443090677261353,0.1859151914715767,0.03465120643377304,0.3835046201944351,0.2964169442653656,0.3200784534215927,0.9213742861215181,0.6668302206426763,0.0,0.0,0.5479473829269409,0.304898801445961,0.00023136138916015624,-0.0002055257558822632,-0.0004563741385936737,-1.4901161193847656e-06,-0.001169036328792572,-0.007113387435674667,-0.010938777774572372,0.033267587793662144,3.8930136855083823,0.05372139674721282,0.025655047314739603,0.004009703783195601,0.005711716713229529,0.11084190280172458,0.02591765278229626,0.004885776394861816,0.006916425583905123,0.010124219223158643,0.012223645506706049,0.04140524049780575,0.02872363795945332,0.0029811815258976087,0.0010259946365089245,0.002887099597874488,0.003896496551876205,0.01932586964552379,0.0,0.0,1.1409103366604683e-05,6.600348903755718e-05,0.000735431732472597,0.00046953740858654813,0.0003601381351942276,0.005219709057286739,0.002407598211113649,0.0018015597129567471,0.021660631310850564,0.10103194122965886,True,True,True,11
Stage2,S2_009,3.0,0.05,0.0,0.01,45.4,1.3087688088417053,0.7330932438373565,0.22296880632638932,0.07867051064968109,1.2355390787124634,0.1526201993227005,0.04934312291443348,0.08676922991871834,0.03742610700428486,0.17425618022680284,0.1859151914715767,0.034676280617713925,0.3827406972646713,0.2969790995121002,0.32028021812438967,0.9213742646433047,0.666830235056195,0.0,0.0,0.5396030247211456,0.30025570690631864,0.0002276599407196045,-0.00020713359117507935,-0.0004547744989395142,-8.094310760498048e-06,-0.0011663027107715607,-0.0070715084671974186,-0.010913703590631485,0.03275329906076508,3.8930136855083823,0.05366679004135934,0.025656937905064257,0.004010182050975477,0.005713041956196818,0.11087913406529408,0.02593520945277853,0.004887904045456917,0.006916425583905123,0.010126044318793123,0.012229851529038844,0.04140524049780575,0.02876807438085532,0.0029357857835721627,0.0010103830186240208,0.0028431159632580794,0.0038964968532020534,0.019325870102552344,0.0,0.0,1.1214626190223182e-05,6.501991047423935e-05,0.0007307632788568687,0.00046850916776692983,0.0003576236609777364,0.00517945868133332,0.002389429558391432,0.0018021032345222484,0.021497920075422828,0.10038247641769112,True,True,True,12
Stage2,S2_005,3.0,0.1,0.0,0.05,45.4,1.3009018898010254,0.7330982446670532,0.22297902256250382,0.078664992749691,1.2355228066444397,0.15262354761362076,0.04937495030462742,0.08676922991871834,0.03739427961409092,0.17400964200496674,0.1859151914715767,0.03470274955034256,0.36333300173282623,0.3016718864440918,0.3349951684474945,0.9238987122726818,0.6638873559126763,0.0,0.0,0.47345377802848815,0.25783081650733947,0.00023266077041625977,-0.0001969173550605774,-0.00046029239892959596,-2.4366378784179688e-05,-0.0011629544198513031,-0.007103335857391357,-0.010887234658002853,0.03345942732790371,3.8930136855083823,0.053750312594475755,0.025651394953693906,0.00401380611531656,0.0057149189404209185,0.11095605248553753,0.025978199746054097,0.004967494738712807,0.006916425583905123,0.010203400124884915,0.012368788017806038,0.04140524049780575,0.028994228153220263,0.0025078975659301303,0.0008630553676420278,0.0025025449471841473,0.0038133320167617695,0.019554509613934002,0.0,0.0,3.0955358547981125e-05,0.00012209748372251622,0.0007327291600322714,0.00046039391606265484,0.0003492553570455969,0.0051085322628938445,0.0023460037453273256,0.001846834146454614,0.021286613755109766,0.10068311469461931,True,True,True,13
Stage2,S2_010,3.0,0.05,0.0,0.02,45.4,1.3074642419815063,0.7330858826637268,0.2229655846953392,0.07867375165224075,1.2355262637138367,0.15262582302093505,0.04925900101661682,0.08676922991871834,0.03751022890210152,0.1739058330655098,0.1859151914715767,0.03472708761692047,0.3812128722667694,0.29810342788696287,0.32068373560905455,0.9213742420383196,0.6668302355359153,0.0,0.0,0.5229142427444458,0.29096953868865966,0.00022029876708984375,-0.00021035522222518922,-0.0004515334963798523,-2.0909309387207032e-05,-0.0011606790125370027,-0.00698738656938076,-0.010862896591424942,0.031729984457848616,3.8930136855083823,0.05355798399697542,0.025660821754640344,0.0040111473031976,0.005715682486697804,0.11095357899420226,0.02597033594896952,0.0048915085335842386,0.006916425583905123,0.01012916117364371,0.01224199264399247,0.04140524049780575,0.028859471799999186,0.0028449813828637176,0.0009791054289981344,0.002755151631158097,0.0038964984764458294,0.019325871028929936,0.0,0.0,1.0899189149916646e-05,6.302988538472812e-05,0.0007212967932679687,0.00046646183892304496,0.00035259762535973043,0.005098891600049496,0.002353064632574376,0.0018025109593484837,0.021172655526187908,0.09906583855391778,True,True,True,14
Stage1,S1_024,3.0,0.02,0.0,0.0,44.3,1.31190664768219,0.7330851018428802,0.22293867766857148,0.07865998074412346,1.2355194687843323,0.15263139605522155,0.04949197731912136,0.08676922991871834,0.03727725259959698,0.17435585260391234,0.1859151914715767,0.034186019003391264,0.39373558163642886,0.29550649523735045,0.3107579112052917,0.9198217902219863,0.6686108272408875,0.0,0.0,0.5553589999675751,0.312992262840271,0.00021951794624328614,-0.00023726224899291992,-0.0004653044044971466,-2.7704238891601563e-05,-0.0011551059782505036,-0.007220362871885299,-0.011403965204954148,0.03162935100195516,5.53875236653326,0.053406140295960615,0.02565934487381674,0.004026052694094149,0.0057317524251953265,0.11095977609323382,0.025970138659162784,0.0051802895157534185,0.006916425583905123,0.010294621135662183,0.012306214551150423,0.04140524049780575,0.029101452835164746,0.0030477473261485612,0.0010677344191102193,0.0029059065612432058,0.003934504616477203,0.019185025628001562,0.0,0.0,5.411924504244772e-06,4.2193414254763326e-05,0.0007123476629060629,0.0004511269729898936,0.00038588393717676057,0.005083733253388287,0.002352289165335457,0.002386641645312958,0.02156886932620078,0.09779112114670996,True,True,True,15
Stage2,S2_013,3.0,0.02,0.0,0.0,44.3,1.31190664768219,0.7330851018428802,0.22293867766857148,0.07865998074412346,1.2355194687843323,0.15263139605522155,0.04949197731912136,0.08676922991871834,0.03727725259959698,0.17435585260391234,0.1859151914715767,0.034186019003391264,0.39373558163642886,0.29550649523735045,0.3107579112052917,0.9198217902219863,0.6686108272408875,0.0,0.0,0.5553589999675751,0.312992262840271,0.00021951794624328614,-0.00023726224899291992,-0.0004653044044971466,-2.7704238891601563e-05,-0.0011551059782505036,-0.007220362871885299,-0.011403965204954148,0.03162935100195516,5.53875236653326,0.053406140295960615,0.02565934487381674,0.004026052694094149,0.0057317524251953265,0.11095977609323382,0.025970138659162784,0.0051802895157534185,0.006916425583905123,0.010294621135662183,0.012306214551150423,0.04140524049780575,0.029101452835164746,0.0030477473261485612,0.0010677344191102193,0.0029059065612432058,0.003934504616477203,0.019185025628001562,0.0,0.0,5.411924504244772e-06,4.2193414254763326e-05,0.0007123476629060629,0.0004511269729898936,0.00038588393717676057,0.005083733253388287,0.002352289165335457,0.002386641645312958,0.02156886932620078,0.09779112114670996,True,True,True,16
Stage2,S2_014,3.0,0.02,0.0,0.005,44.3,1.3112267017364503,0.7330815196037292,0.22293711155653,0.07866146042943001,1.2355132579803467,0.1526339426636696,0.04945235177874565,0.08676922991871834,0.037316878139972684,0.17419207990169525,0.1859151914715767,0.03420993536710739,0.3928295999765396,0.2960738897323608,0.31109650433063507,0.9198217828116754,0.6686108303536408,0.0,0.0,0.5470286190509797,0.3082974046468735,0.00021593570709228517,-0.0002388283610343933,-0.00046382471919059753,-3.3915042877197266e-05,-0.001152559369802475,-0.00718073733150959,-0.011380048841238022,0.031130732665800936,5.53875236653326,0.05335693978522778,0.02566139154488475,0.004026709361459358,0.005732948910142189,0.11099454510674824,0.025986628045065324,0.0051812164776389395,0.006916425583905123,0.010295957192947071,0.012313440038564879,0.04140524049780575,0.029144485551951285,0.0030020329157471543,0.0010517099770420068,0.002862303114671022,0.003934503353390529,0.019185026805074973,0.0,0.0,5.3107296234013244e-06,4.158237979852304e-05,0.0007081077465960121,0.00044988672308182064,0.00038352213331164923,0.005046385878021042,0.002335242429372075,0.0023845441141604543,0.021417330511536034,0.09720248731512057,True,True,True,17
Stage1,S1_023,3.0,0.01,0.0,0.0,44.3,1.312510871887207,0.7330768704414368,0.22293316721916198,0.07866429835557938,1.235510802268982,0.15263588353991508,0.0494048211723566,0.08676922991871834,0.03736440874636173,0.1740837052464485,0.1859151914715767,0.0342275321483612,0.3968749284744263,0.2953683823347092,0.30775669515132903,0.9193026572447861,0.6692082212306844,0.0,0.0,0.5549623310565949,0.3140840768814087,0.0002112865447998047,-0.0002427726984024048,-0.00046098679304122924,-3.637075424194336e-05,-0.0011506184935569763,-0.007133206725120545,-0.011362452059984207,0.030480780923904292,5.53875236653326,0.053281890340186384,0.025664793343493503,0.0040263749233661935,0.005733811177425901,0.11101179574824191,0.025993241165070794,0.005165074380849921,0.006916425583905123,0.010279361073626352,0.012285825957767896,0.04140524049780575,0.02913475772179181,0.0030777137706094406,0.0010737041582398466,0.0029120728934314646,0.003955865938732038,0.01913754096432057,0.0,0.0,2.3198129788547364e-06,2.0757311243594094e-05,0.0007035471269982171,0.0004508265924228558,0.0003832213290281484,0.005024909196506168,0.0023282526735779597,0.0023771547142471695,0.02131254441999993,0.09656313034105862,True,True,True,18
Stage2,S2_019,3.0,0.01,0.0,0.0,44.3,1.312510871887207,0.7330768704414368,0.22293316721916198,0.07866429835557938,1.235510802268982,0.15263588353991508,0.0494048211723566,0.08676922991871834,0.03736440874636173,0.1740837052464485,0.1859151914715767,0.0342275321483612,0.3968749284744263,0.2953683823347092,0.30775669515132903,0.9193026572447861,0.6692082212306844,0.0,0.0,0.5549623310565949,0.3140840768814087,0.0002112865447998047,-0.0002427726984024048,-0.00046098679304122924,-3.637075424194336e-05,-0.0011506184935569763,-0.007133206725120545,-0.011362452059984207,0.030480780923904292,5.53875236653326,0.053281890340186384,0.025664793343493503,0.0040263749233661935,0.005733811177425901,0.11101179574824191,0.025993241165070794,0.005165074380849921,0.006916425583905123,0.010279361073626352,0.012285825957767896,0.04140524049780575,0.02913475772179181,0.0030777137706094406,0.0010737041582398466,0.0029120728934314646,0.003955865938732038,0.01913754096432057,0.0,0.0,2.3198129788547364e-06,2.0757311243594094e-05,0.0007035471269982171,0.0004508265924228558,0.0003832213290281484,0.005024909196506168,0.0023282526735779597,0.0023771547142471695,0.02131254441999993,0.09656313034105862,True,True,True,19
Stage2,S2_015,3.0,0.02,0.0,0.01,44.3,1.3105465769767761,0.7330779731273651,0.22293555736541748,0.07866294831037521,1.2355072736740111,0.15263652577996253,0.049412709474563596,0.08676922991871834,0.03735652044415474,0.174028217792511,0.1859151914715767,0.03423386067152023,0.3919236183166504,0.29664130210876466,0.3114350974559784,0.9198217713969988,0.6686108403500306,0.0,0.0,0.5386982083320617,0.30360251367092134,0.00021238923072814942,-0.0002403825521469116,-0.00046233683824539187,-3.989934921264648e-05,-0.0011499762535095216,-0.007141095027327538,-0.01135612353682518,0.030636973139120234,5.53875236653326,0.053307874591379395,0.025663445318030106,0.004027359477301002,0.005734155871695335,0.11102923346706024,0.026003122085441425,0.005182144460579331,0.006916425583905123,0.010297295776790056,0.012320675704731516,0.04140524049780575,0.02918847119966376,0.00295633058070635,0.0010356958042733917,0.0028187055713354585,0.00393450299076268,0.019185027332450713,0.0,0.0,5.284183251282859e-06,4.094162414650321e-05,0.0007039087813019005,0.00044866239174048576,0.0003811559275485391,0.005009123384062863,0.002318186769743312,0.002382471180380781,0.0212660121273914,0.0966195369194281,True,True,True,20
Stage1,S1_022,3.0,0.005,0.0,0.0,44.3,1.3128118634223938,0.7330727815628052,0.22293042093515397,0.07866646945476533,1.2355065822601319,0.15263818427920342,0.049361252784729005,0.08676922991871834,0.037407977133989335,0.17394749522209169,0.1859151914715767,0.034248282015323636,0.39844569861888884,0.29529325664043427,0.3062610447406769,0.9190420984499454,0.6695074121376026,0.0,0.0,0.5547482073307037,0.314620640873909,0.00020719766616821288,-0.0002455189824104309,-0.0004588156938552856,-4.0590763092041016e-05,-0.0011483177542686463,-0.007089638337492943,-0.011341702193021774,0.029910361611359838,5.53875236653326,0.053219696937609286,0.02566746986176553,0.004026532561784828,0.005734838032655837,0.11103788126828154,0.026004813407137426,0.005157506769466399,0.006916425583905123,0.010271753187387756,0.012275664424902213,0.04140524049780575,0.02915252053105268,0.0030930161671187647,0.0010771022951485323,0.002915270972200577,0.003966520836362527,0.019113685386464112,0.0,0.0,1.1187234152570784e-06,1.0297481797111758e-05,0.0006991620523137604,0.0004506795863797781,0.0003818877762705174,0.004995483000681431,0.00231621669866559,0.0023724714437485654,0.02118452399151449,0.0959510789056263,True,True,True,21
Stage2,S2_025,3.0,0.005,0.0,0.0,44.3,1.3128118634223938,0.7330727815628052,0.22293042093515397,0.07866646945476533,1.2355065822601319,0.15263818427920342,0.049361252784729005,0.08676922991871834,0.037407977133989335,0.17394749522209169,0.1859151914715767,0.034248282015323636,0.39844569861888884,0.29529325664043427,0.3062610447406769,0.9190420984499454,0.6695074121376026,0.0,0.0,0.5547482073307037,0.314620640873909,0.00020719766616821288,-0.0002455189824104309,-0.0004588156938552856,-4.0590763092041016e-05,-0.0011483177542686463,-0.007089638337492943,-0.011341702193021774,0.029910361611359838,5.53875236653326,0.053219696937609286,0.02566746986176553,0.004026532561784828,0.005734838032655837,0.11103788126828154,0.026004813407137426,0.005157506769466399,0.006916425583905123,0.010271753187387756,0.012275664424902213,0.04140524049780575,0.02915252053105268,0.0030930161671187647,0.0010771022951485323,0.002915270972200577,0.003966520836362527,0.019113685386464112,0.0,0.0,1.1187234152570784e-06,1.0297481797111758e-05,0.0006991620523137604,0.0004506795863797781,0.0003818877762705174,0.004995483000681431,0.00231621669866559,0.0023724714437485654,0.02118452399151449,0.0959510789056263,True,True,True,22
Stage2,S2_020,3.0,0.01,0.0,0.005,44.3,1.3118216872215271,0.7330734550952911,0.22293170243501664,0.07866572886705399,1.235504937171936,0.15263843089342116,0.049366457760334014,0.08676922991871834,0.03740277215838432,0.173923859000206,0.1859151914715767,0.03425075262784958,0.3959218174219131,0.29593785405158995,0.30814032852649687,0.9193026539412565,0.6692082240157977,0.0,0.0,0.5466379046440124,0.3093728184700012,0.0002078711986541748,-0.00024423748254776,-0.00045955628156661986,-4.22358512878418e-05,-0.001148071140050888,-0.007094843313097954,-0.011339231580495834,0.03000528815660895,5.53875236653326,0.053234572966620534,0.025666767389951467,0.004027019117594997,0.005734977227556367,0.11104578224187313,0.02600939424865281,0.0051662336818912,0.006916425583905123,0.010280920114357547,0.012293285193303046,0.04140524049780575,0.02917885563609741,0.0030315326967214973,0.0010575948379974904,0.002868393125275861,0.0039558653384928495,0.019137540142265642,0.0,0.0,2.318681119831152e-06,2.042293909642073e-05,0.0006994581235755998,0.0004495983627919318,0.00038090166547086554,0.004988485825043068,0.002311552048033839,0.002375205796880685,0.02116509942377817,0.0959955526294191,True,True,True,23
Stage2,S2_026,3.0,0.005,0.0,0.005,44.3,1.3121180772781371,0.7330694615840911,0.22292898893356322,0.07866786867380142,1.235500967502594,0.15264072567224501,0.04932352416217327,0.08676922991871834,0.037445705756545065,0.17378961741924287,0.1859151914715767,0.03427118808031082,0.39746902585029603,0.2958638697862625,0.3066671252250671,0.9190420957344797,0.6695074130206935,0.0,0.0,0.5464269816875458,0.30990132987499236,0.00020387768745422363,-0.00024695098400115965,-0.00045741647481918336,-4.6205520629882815e-05,-0.0011457763612270355,-0.00705190971493721,-0.011318796128034592,0.029448050454009216,5.53875236653326,0.053173325444913176,0.025669410589091706,0.004027171808877185,0.005735987260593827,0.11107140552115519,0.02602078239116717,0.0051587746133612165,0.006916425583905123,0.010273424995742646,0.012283215133096357,0.04140524049780575,0.029197095364086215,0.003046611301596316,0.001060959928603852,0.0028715288520578365,0.003966521903444858,0.01911368580349455,0.0,0.0,1.0890428135607035e-06,1.0133017996326374e-05,0.000695141343551981,0.0004494575034922892,0.00037959000518886053,0.004959580850184935,0.002299705197502532,0.0023705911557841066,0.021039124505420774,0.09539321688499316,True,True,True,24
Stage2,S2_021,3.0,0.01,0.0,0.01,44.3,1.3111325025558471,0.7330700635910035,0.22293023020029068,0.07866716608405114,1.2354992628097534,0.15264101698994637,0.04932807832956314,0.08676922991871834,0.037441151589155196,0.17376392781734468,0.1859151914715767,0.03427401930093765,0.39496873021125795,0.29650732278823855,0.30852396190166476,0.9193026462144889,0.6692082329559168,0.0,0.0,0.5383134484291077,0.3046615570783615,0.00020447969436645507,-0.00024570971727371215,-0.00045811906456947324,-4.791021347045898e-05,-0.0011454850435256958,-0.00705646388232708,-0.011315964907407761,0.02953317411528574,5.53875236653326,0.053187337510692406,0.025668712835759683,0.004027660789238634,0.0057361473427107535,0.11107969198552305,0.026025539208876194,0.005167383944052489,0.006916425583905123,0.010282480068364264,0.012300738769304573,0.04140524049780575,0.029223825211364934,0.002985368197738383,0.0010414918495713276,0.002824700688935994,0.003955865453186525,0.019137539815954323,0.0,0.0,2.290625101933419e-06,2.010720897726511e-05,0.0006953519989204463,0.00044837183779669913,0.0003785777015929884,0.004952148530586021,0.002294854994182905,0.0023732738338873797,0.021017877247892624,0.09542561784696077,True,True,True,25
Stage2,S2_016,3.0,0.02,0.0,0.02,44.3,1.3091862201690674,0.7330709755420685,0.22293247878551484,0.07866593971848487,1.2354957342147828,0.1526418499648571,0.049333392083644866,0.08676922991871834,0.03743583783507347,0.1737002521753311,0.1859151914715767,0.03428180664777756,0.3901116281747818,0.2977760821580887,0.312112295627594,0.9198217721304054,0.6686108338730138,0.0,0.0,0.5220374286174774,0.294212794303894,0.00020539164543151856,-0.00024346113204956054,-0.00045934543013572695,-5.143880844116211e-05,-0.0011446520686149598,-0.007061777636408806,-0.011308177560567855,0.02966254588431334,5.53875236653326,0.05321017789888723,0.02566754198918783,0.0040286538117691555,0.00573655414757648,0.11109876557027981,0.02603612008874451,0.0051839715583603145,0.006916425583905123,0.010299953649329662,0.01233509577188567,0.04140524049780575,0.029279187772443108,0.0028648787410720973,0.0010036534926109177,0.0027315285943763225,0.003934502275950578,0.019185026672645898,0.0,0.0,5.085645982206746e-06,3.9683111997555164e-05,0.0006954935983235847,0.00044618866075819266,0.0003764321903443055,0.004934523801321999,0.0022840536316036776,0.002378372722248663,0.020964058938384413,0.09545172644229462,True,True,True,26
Stage2,S2_027,3.0,0.005,0.0,0.01,44.3,1.3114243268966674,0.7330661296844483,0.2229275643825531,0.07866928204894066,1.2354955077171326,0.15264331921935081,0.049285782501101494,0.08676922991871834,0.03748344741761685,0.17363167256116868,0.1859151914715767,0.034294110536575315,0.3964923322200775,0.2964344620704651,0.3070732057094574,0.9190420888522428,0.6695074171878223,0.0,0.0,0.5381057620048523,0.30518201887607577,0.0002005457878112793,-0.0002483755350112915,-0.0004560030996799469,-5.166530609130859e-05,-0.0011431828141212463,-0.007014168053865432,-0.011295873671770096,0.028984106253632576,5.53875236653326,0.05312710451569585,0.02567135356260729,0.004027814031026838,0.0057371454124849845,0.1111049923881325,0.026036758921920956,0.00516003772828409,0.006916425583905123,0.010275092361464604,0.012290786288438209,0.04140524049780575,0.02924254205315441,0.0030002248544958913,0.0010448090028459208,0.0028277976255861328,0.003966520937210655,0.019113686082480423,0.0,0.0,1.0736927466425644e-06,9.961617149134641e-06,0.0006911299803651639,0.0004482286508177433,0.0003772857862338706,0.004923618785671907,0.002283182731798845,0.002368724506740698,0.020893963980034912,0.09483655667577656,True,True,True,27
Stage2,S2_011,3.0,0.05,0.0,0.05,45.4,1.3035488605499268,0.7330648124217987,0.22295624166727065,0.07868362665176391,1.2354914665222168,0.15264390781521797,0.0490068145096302,0.08676922991871834,0.03776241540908813,0.17285244017839432,0.1859151914715767,0.03487973213195801,0.3766292303800583,0.30147639513015745,0.3218944162130356,0.9213741312815301,0.6668302999680383,0.0,0.0,0.47284806072711943,0.2631110042333603,0.00019922852516174316,-0.0002196982502937317,-0.00044165849685668946,-5.570650100708008e-05,-0.0011425942182540893,-0.006735200062394142,-0.010710252076387405,0.0287990424425627,3.8930136855083823,0.053234498852169396,0.02567236582063853,0.004014201566115075,0.0057237478451560644,0.11117694262370875,0.02607613658228629,0.004903331493245875,0.006916425583905123,0.010139684872230909,0.01227799404275209,0.04140524049780575,0.029160453697966306,0.0025725505711883157,0.0008853244014751259,0.0024912674374728914,0.0038965034378886185,0.019325872568358923,0.0,0.0,9.84022812873589e-06,5.705376304525258e-05,0.0006935445667075632,0.0004603822187416414,0.0003373842589346798,0.004857903616754018,0.002243453296729549,0.001805571879691844,0.020202804452506478,0.09520845521708927,True,True,True,28
Stage2,S2_022,3.0,0.01,0.0,0.02,44.3,1.3097537636756897,0.733063381910324,0.22292731553316117,0.07867005690932274,1.2354883909225465,0.15264633074402809,0.0492512971162796,0.08676922991871834,0.03751793280243874,0.17344383746385575,0.1859151914715767,0.0343206524848938,0.3930625170469284,0.29764626920223236,0.3092912256717682,0.9193026529559573,0.6692082173528175,0.0,0.0,0.5216645658016205,0.2952390193939209,0.0001977980136871338,-0.0002486243844032288,-0.0004552282392978668,-5.878210067749024e-05,-0.0011401712894439698,-0.006979682669043541,-0.011269331723451615,0.02860273400158393,5.53875236653326,0.05309347183932453,0.02567262235260336,0.0040289506262141,0.005738494894183392,0.11114761448545017,0.026057850814517038,0.005169652877696642,0.006916425583905123,0.010285573528191896,0.01231562390189638,0.04140524049780575,0.029316386687577634,0.0028930351953470605,0.0010092761619767382,0.0027373408696273276,0.0039558646298336895,0.019137541023808123,0.0,0.0,2.222302248782758e-06,1.9505058782096805e-05,0.0006872532138855966,0.0004459148738814089,0.00037393282594355275,0.004879427250953939,0.0022614283836985723,0.0023694423850983055,0.02072412262550428,0.09430182434320371,True,True,True,29
Stage2,S2_028,3.0,0.005,0.0,0.02,44.3,1.3100364565849305,0.7330596148967743,0.22292472124099733,0.07867212519049645,1.2354848504066467,0.15264862328767775,0.04921025857329368,0.08676922991871834,0.03755897134542465,0.17331552505493164,0.1859151914715767,0.0343400850892067,0.3945389837026596,0.29757567644119265,0.30788535475730894,0.9190420996636506,0.6695074043065165,0.0,0.0,0.521463292837143,0.295743390917778,0.0001940310001373291,-0.00025121867656707764,-0.00045315995812416076,-6.232261657714843e-05,-0.0011378787457942963,-0.006938644126057625,-0.011249899119138717,0.02807673658549694,5.53875236653326,0.05303506264275094,0.02567520164819869,0.00402910278007772,0.005739461344653488,0.11117206596815149,0.026068726128798368,0.005162525010202916,0.006916425583905123,0.010278404762295265,0.012305895840018422,0.04140524049780575,0.02933594576757775,0.002907425110927124,0.0010124891729001327,0.0027403389722814317,0.003966520589961042,0.019113683655675798,0.0,0.0,1.0181563616860878e-06,9.665557290343311e-06,0.0006831002044905978,0.00044576706042237946,0.0003726818766958411,0.004851865655531496,0.002250109832305714,0.0023650282528060057,0.020604317002496993,0.09372284059800008,True,True,True,30
Stage2,S2_006,3.0,0.1,0.0,0.1,45.4,1.294838261604309,0.7330582201480865,0.2229593113064766,0.07868518754839897,1.2354641675949096,0.15265881270170212,0.04888863041996956,0.08676922991871834,0.03788059949874878,0.17205319553613663,0.1859151914715767,0.03499217331409454,0.35804061889648436,0.3072588384151459,0.3347005367279053,0.9238983244039586,0.6638875375044682,0.0,0.0,0.3899032920598984,0.21233198046684265,0.00019263625144958497,-0.00021662861108779908,-0.0004400976002216339,-8.300542831420898e-05,-0.0011276893317699432,-0.0066170159727334974,-0.01059781089425087,0.027886564662720263,3.8930136855083823,0.053131801777230814,0.025674647700033797,0.004018846931170195,0.005730063154164051,0.11136602818043782,0.026171543296656163,0.004974593374963319,0.006916425583905123,0.010209266570588174,0.012415798328709683,0.04140524049780575,0.029541486796029484,0.002065284158309879,0.0007106588019837413,0.002060714892308611,0.0038133468311509623,0.019554506390026986,0.0,0.0,2.5540716828927426e-05,0.00010073497093037335,0.0006811610190092773,0.0004503494528537747,0.0003218150662132127,0.0046633107961521906,0.0021452206239542977,0.0018449231099279305,0.019492600521563482,0.09350955481728457,True,True,True,31
Stage2,S2_017,3.0,0.02,0.0,0.05,44.3,1.3051025986671447,0.7330499947071075,0.2229230985045433,0.07867512926459312,1.2354632258415221,0.15265881419181823,0.04909486696124077,0.08676922991871834,0.03767436295747757,0.17271471172571182,0.1859151914715767,0.034425771236419676,0.3846756637096405,0.30118047297000883,0.3141439139842987,0.9198217243996052,0.6686108646177705,0.0,0.0,0.4720551759004593,0.2660435616970062,0.00018441081047058106,-0.00025284141302108767,-0.0004501558840274811,-8.394718170166016e-05,-0.001127687841653824,-0.006823252514004707,-0.011164212971925736,0.02674158049157983,5.53875236653326,0.052920669810281394,0.02567973044057692,0.004032677357375106,0.005743921523049199,0.11130674522955603,0.026135389430088737,0.005188947555868064,0.006916425583905123,0.010307939228124494,0.012378406750250377,0.04140524049780575,0.029569956264785098,0.002590568526765944,0.0009075504852837359,0.0024699382306236054,0.003934498932485309,0.019185030841545995,0.0,0.0,4.627120214672521e-06,3.590931335290924e-05,0.0006711835323609766,0.0004390809644295204,0.00036212895348078063,0.004711454903487502,0.0021812767772041355,0.0023662539747414304,0.02006408448676936,0.09207900655823426,True,True,True,32
Stage2,S2_023,3.0,0.01,0.0,0.05,44.3,1.3056151390075683,0.7330433368682862,0.22291842401027678,0.0786789447069168,1.235457754135132,0.152663192152977,0.04902035444974899,0.08676922991871834,0.037748875468969344,0.17248223572969437,0.1859151914715767,0.03446051180362701,0.38734390735626223,0.3010630995035172,0.31159303784370423,0.9193026262890818,0.6692082373502476,0.0,0.0,0.4717179834842682,0.2669715225696564,0.0001777529716491699,-0.00025751590728759763,-0.0004463404417037964,-8.941888809204102e-05,-0.0011233098804950715,-0.006748740002512932,-0.011129472404718399,0.02581156052474825,5.53875236653326,0.05281521322221873,0.02568437461090453,0.004032938475280627,0.00574566553776377,0.11135079380935156,0.02615504210700885,0.0051758900629707925,0.006916425583905123,0.01029483436615026,0.012360408189563084,0.04140524049780575,0.029611483511296624,0.0026160373690491366,0.0009126390932986565,0.0024752288375068793,0.003955864580062656,0.019137540410372234,0.0,0.0,2.0231462883001253e-06,1.762321751497636e-05,0.0006636714721349198,0.00043883345924379747,0.000359851459156889,0.004661942516355839,0.002160797197674647,0.002358026754666808,0.01984895444505588,0.0910317084875138,True,True,True,33
Stage2,S2_029,3.0,0.005,0.0,0.05,44.3,1.305870485305786,0.7330400228500367,0.2229160785675049,0.07868085652589799,1.235455083847046,0.15266543179750441,0.048983143642544746,0.08676922991871834,0.037786086276173594,0.17236586213111876,0.1859151914715767,0.034477950632572175,0.38867893517017366,0.3009992778301239,0.3103218287229538,0.9190420858939266,0.6695074192096019,0.0,0.0,0.4715360015630722,0.267427584528923,0.0001744389533996582,-0.0002598613500595093,-0.0004444286227226257,-9.208917617797852e-05,-0.001121070235967636,-0.006711529195308685,-0.011112033575773238,0.025348777209626534,5.53875236653326,0.05276245133444781,0.025686654635195635,0.004033078537775835,0.005746544311996982,0.1113728346704932,0.026164867820076484,0.005169425220446754,0.006916425583905123,0.010288322203018617,0.012351385573799301,0.04140524049780575,0.029632991153592268,0.0026290501627513566,0.0009155507600475937,0.002477949637318245,0.003966520779383357,0.01911368531704245,0.0,0.0,9.302112783803539e-07,8.754130861609134e-06,0.0006599964424032783,0.0004386850446836282,0.0003587250370075729,0.004637210639110492,0.0021505597685650547,0.0023540192874191516,0.01974149861384113,0.09051922364243584,True,True,True,34
Stage2,S2_012,3.0,0.05,0.0,0.1,45.4,1.2970134735107421,0.7330323696136475,0.2229406103491783,0.0787011131644249,1.2354468703269958,0.15267818421125412,0.04858432300388813,0.08676922991871834,0.03818490691483021,0.17109561562538148,0.1859151914715767,0.035134948790073395,0.3689895659685135,0.3070980370044708,0.32391237914562226,0.921373944569798,0.6668304116741146,0.0,0.0,0.38940430879592897,0.2166799396276474,0.00016678571701049804,-0.0002353295683860779,-0.00042417198419570924,-0.00010030269622802734,-0.0011083178222179412,-0.006312708556652069,-0.010455035418272019,0.024277883019377982,3.8930136855083823,0.05270781433269757,0.025692085689554195,0.004019107186606194,0.0057373677124675235,0.11154712680881476,0.02625222670302358,0.004921776490552019,0.006916425583905123,0.010156464370784563,0.012338131777432945,0.04140524049780575,0.029740952283362657,0.0021185372156246524,0.000729026246889852,0.0020515295808406246,0.00389651014114886,0.019325869657312384,0.0,0.0,8.11567576433642e-06,4.708371453050958e-05,0.0006492543261129488,0.0004503386491315336,0.00031209917210764073,0.004459512167011225,0.0020606195781594917,0.0018112060120906146,0.018615602347609343,0.08905746059813577,True,True,True,35
Stage2,S2_018,3.0,0.02,0.0,0.1,44.3,1.2982903003692627,0.7330195248126984,0.22290863692760468,0.07869119420647622,1.2354228854179383,0.15269099771976472,0.04869685471057892,0.08676922991871834,0.03807237520813942,0.1710675075650215,0.1859151914715767,0.03467171490192413,0.3756155550479889,0.30685443580150606,0.3175300061702728,0.9198216431945347,0.6686109245035332,0.0,0.0,0.38875130414962766,0.21909481883049012,0.00015394091606140136,-0.0002673029899597168,-0.0004340909421443939,-0.00012428760528564452,-0.0010955043137073517,-0.0064252402633428575,-0.01091826930642128,0.022485892676628302,5.53875236653326,0.05244864414637989,0.025700457957856818,0.004039147552172542,0.0057562435054016965,0.11165267325540758,0.026300885382311467,0.005196864597248268,0.006916425583905123,0.010320625583281338,0.012449044763420559,0.04140524049780575,0.030128693119406358,0.00213336383052842,0.0007473781567905802,0.002034012615943383,0.003934496431960811,0.019185028054244622,0.0,0.0,3.806923148576848e-06,2.961135916703485e-05,0.0006306301191838391,0.0004268769108521004,0.0003385015250233841,0.0043418248259972855,0.0020096370447642846,0.0023472116585169824,0.018589597429305854,0.08645858647100695,True,True,True,36
Stage2,S2_024,3.0,0.01,0.0,0.1,44.3,1.2987115740776063,0.7330142974853515,0.22290478199720382,0.07869443744421005,1.2354198575019837,0.1526951052248478,0.04863526970148087,0.08676922991871834,0.03813396021723747,0.17087502926588058,0.1859151914715767,0.034700074791908266,0.37781277000904084,0.30675781071186065,0.3154294162988663,0.9193025833250792,0.6692082769818052,0.0,0.0,0.3884736359119415,0.21985895335674285,0.0001487135887145996,-0.00027115792036056516,-0.000430847704410553,-0.00012731552124023438,-0.0010913968086242675,-0.006363655254244804,-0.010889909416437148,0.021754877856462275,5.53875236653326,0.052362052579120646,0.025704298085837487,0.004039372118864607,0.005757696738154985,0.11168873229835488,0.02631705880485374,0.005186120789548471,0.006916425583905123,0.01030979163939445,0.012433562810376574,0.04140524049780575,0.030173304680179844,0.0021543717249149852,0.0007515770811565128,0.0020383918939965062,0.003955860467515521,0.019137538136825127,0.0,0.0,1.6607379619114506e-06,1.4546593644721958e-05,0.0006244835621783116,0.00042664874276340483,0.0003366594626059152,0.004301606399259014,0.0019927530331414626,0.0023405056088856993,0.018415508982674255,0.0856024383763691,True,True,True,37
Stage2,S2_030,3.0,0.005,0.0,0.1,44.3,1.2989214658737183,0.7330117046833038,0.2229028433561325,0.07869606614112853,1.2354183554649354,0.15269719064235687,0.04860449433326721,0.08676922991871834,0.03816473558545112,0.17077874392271042,0.1859151914715767,0.03471426367759704,0.37891214787960054,0.3067052632570267,0.3143825888633728,0.9190420590766216,0.669507443580078,0.0,0.0,0.3883237510919571,0.22023449838161469,0.00014612078666687012,-0.0002730965614318848,-0.00042921900749206545,-0.0001288175582885742,-0.0010893113911151886,-0.006332879886031151,-0.010875720530748367,0.021392192895762913,5.53875236653326,0.052318636643205366,0.02570622463952618,0.00403947798375505,0.005758422832983822,0.11170686466992162,0.02632515319239897,0.005180771190077502,0.006916425583905123,0.010304392679668897,0.01242585249355604,0.04140524049780575,0.030196146240165346,0.002165085496350443,0.0007539717607344295,0.0020406513385780372,0.003966519299898172,0.019113686023548914,0.0,0.0,7.699349863816186e-07,7.2021696757021705e-06,0.0006214072211338542,0.000426535948820768,0.0003357392982045242,0.0042814340851237975,0.001984305179920158,0.0023371880627214357,0.018328648452190593,0.08517407799195147,True,True,True,38
Stage1,S1_019,2.0,0.1,0.0,0.0,45.4,1.111442232131958,0.7329502820968627,0.22301164716482164,0.07874062284827232,1.2350677609443665,0.15277426987886428,0.0481115572154522,0.08676922991871834,0.038657672703266144,0.1698005571961403,0.1859151914715767,0.035640332102775577,0.3686324268579483,0.2960837990045547,0.33528379201889036,0.923897892548337,0.6638878895285593,0.0,0.0,0.5570049464702607,0.30333271622657776,8.469820022583008e-05,-0.00016429275274276733,-0.00038466230034828186,-0.00047941207885742186,-0.0010122321546077728,-0.005839942768216133,-0.009949652105569839,0.012838010527253401,3.8930136855083823,0.045967902571041025,0.025744998032183802,0.004042437494049128,0.005753614698683175,0.111769188091122,0.026379528834837615,0.004853726667521637,0.006916425583905123,0.010139950365897949,0.012340286439765934,0.04140524049780575,0.030181795615007397,0.0029500470905164354,0.001014910093711667,0.0029431017008490863,0.003813389226789199,0.019554508878726014,0.0,0.0,3.655754839595055e-05,0.00014434248297876714,0.0006088027358761787,0.0004364816361711001,0.00029734951033683933,0.004198797838664118,0.0019414855672764467,0.0017096798487990855,0.01759161199820351,0.08353238954934708,True,True,True,39
Stage1,S1_018,2.0,0.05,0.0,0.0,45.4,1.1135091304779052,0.7329261541366577,0.22298981696367265,0.07875900864601135,1.2350712895393372,0.15280035957694055,0.047778254747390746,0.08676922991871834,0.03899097517132759,0.16873615682125093,0.1859151914715767,0.03580053001642227,0.3842725306749344,0.29585420787334443,0.3198732554912567,0.9213736979542031,0.6668306458233889,0.0,0.0,0.5562918901443481,0.30954346656799314,6.0570240020751956e-05,-0.00018612295389175415,-0.00036627650260925295,-0.00047588348388671875,-0.0009861424565315246,-0.005506640300154686,-0.009789454191923142,0.009460618514281415,3.8930136855083823,0.045565290118245734,0.025763352772459107,0.004041972667063612,0.005761470987614525,0.11196894620561373,0.026469658910580358,0.004795470813932112,0.006916425583905123,0.01008235178755256,0.012250177095510165,0.04140524049780575,0.030484729165246815,0.0030262496988721957,0.0010412859123043496,0.0029302513923460797,0.0038965368345940496,0.019325873121044505,0.0,0.0,1.1639240529413595e-05,6.748182209212478e-05,0.0005741778992786697,0.0004365531515796617,0.0002866470928739279,0.003970310612754567,0.0018470475192051425,0.0016726899286516861,0.016657334454191784,0.0787087091491401,True,True,True,40
Stage1,S1_017,2.0,0.02,0.0,0.0,44.3,1.1147228121757506,0.7329115092754364,0.22295675426721573,0.07875000312924385,1.2350559949874877,0.15281352773308754,0.04786733202636242,0.08676922991871834,0.038901897892355916,0.16864742934703827,0.1859151914715767,0.03534424751996994,0.39373729228973386,0.29550626277923586,0.3107564300298691,0.9198215339770484,0.6686110329882886,0.0,0.0,0.5553589761257172,0.31299289464950564,4.5925378799438477e-05,-0.00021918565034866332,-0.00037528201937675476,-0.000491178035736084,-0.0009729743003845214,-0.005595717579126358,-0.010245736688375473,0.007407380708742188,5.53875236653326,0.0453192801012356,0.02577528643375176,0.004060974777381798,0.005781054527940718,0.11208478838063905,0.026523114697406532,0.005068720680168597,0.006916425583905123,0.01024102938716628,0.012362333105869976,0.04140524049780575,0.030900206466439956,0.0030475332577215995,0.001067578207873293,0.0029054611798627426,0.00393449696248662,0.019185032142572375,0.0,0.0,5.4629462533299005e-06,4.235387068591697e-05,0.0005540640894034093,0.0004147425984683735,0.0003163534697716326,0.0038399982032443535,0.0017918053825317914,0.0022309522750082454,0.01660489924449435,0.07591197736492028,True,True,True,41
Stage1,S1_016,2.0,0.01,0.0,0.0,44.3,1.1151230931282043,0.7329066932201386,0.2229522779583931,0.0787537544965744,1.2350572347640991,0.15281904190778733,0.04779992438852787,0.08676922991871834,0.03896930553019047,0.16843364089727403,0.1859151914715767,0.035376033186912535,0.39687579572200776,0.29536826610565187,0.30775594115257265,0.9193025267509359,0.6692083340031367,0.0,0.0,0.5549623072147369,0.3140844017267227,4.110932350158692e-05,-0.00022366195917129518,-0.0003715306520462036,-0.0004899382591247558,-0.0009674601256847382,-0.005528309941291809,-0.010213951021432877,0.006731600685595007,5.53875236653326,0.04523685722264308,0.025779344987568318,0.004061072323553551,0.0057826172853512004,0.11212452666989357,0.02654117228169427,0.005056873135381945,0.006916425583905123,0.010229207283727603,0.012344405927721208,0.04140524049780575,0.03096647707346679,0.003077589601502806,0.0010736301818406351,0.0029118562008234954,0.003955863859721551,0.019137541814853352,0.0,0.0,2.379752713420218e-06,2.0820358545952172e-05,0.000547474490781427,0.0004145220074911569,0.0003143419522960468,0.0037950567541869596,0.001772984845914649,0.0022236907119909245,0.016421384612776358,0.07499643091545394,True,True,True,42
Stage1,S1_015,2.0,0.005,0.0,0.0,44.3,1.1153224229812622,0.7329043209552765,0.22295004427433013,0.07875563278794288,1.2350579142570495,0.1528218261897564,0.04776623845100403,0.08676922991871834,0.03900299146771431,0.16832669526338578,0.1859151914715767,0.03539191782474518,0.39844611287117004,0.29529320895671846,0.30626066625118253,0.9190420319738237,0.6695074741579389,0.0,0.0,0.5547482013702393,0.3146207958459854,3.8737058639526366e-05,-0.00022589564323425294,-0.0003696523606777191,-0.0004892587661743164,-0.0009646758437156678,-0.005494624003767967,-0.010198066383600235,0.00639868368996372,5.53875236653326,0.045195590683958904,0.025781353504661125,0.004061105720813281,0.005783396160833175,0.11214439151695756,0.026550195502381132,0.005050973038374317,0.006916425583905123,0.010223311560901808,0.012335474093906907,0.04140524049780575,0.031000236913907835,0.003092965783595168,0.0010770630942580704,0.0029151382321009572,0.003966519261851122,0.019113686316856473,0.0,0.0,1.1137547837340574e-06,1.0314306360167374e-05,0.0005441839968866261,0.0004144163277753949,0.0003133450107517567,0.0037726089746398777,0.0017635819255392925,0.002220096401441547,0.016329961893037485,0.07453929265431887,True,True,True,43
Stage1,S1_020,2.0,0.2,0.0,0.0,46.0,1.1071843385696412,0.7331085979938508,0.22306412160396577,0.07872669175267219,1.2355299234390258,0.15293018370866776,0.04923655763268471,0.08676922991871834,0.03753267228603363,0.17322005778551103,0.1859151914715767,0.03663778305053711,0.33772695660591123,0.2953334450721741,0.3669395953416824,0.9287492046300418,0.6581104554783459,0.0,0.0,0.55528684258461,0.2892049789428711,0.0002430140972137451,-0.00011181831359863281,-0.00039859339594841006,-1.7249584197998046e-05,-0.0008563183248043061,-0.006964943185448646,-0.008952201157808305,0.0352542630813336,3.9440531887330774,0.0467633332277754,0.02557144392597394,0.00403710240752074,0.005706541916711272,0.11096309503667433,0.02600932706279894,0.005583511897659634,0.006916425583905123,0.01110280509001218,0.015243753049540053,0.04140524049780575,0.03090068198139206,0.002592054502012766,0.00097803166935112,0.0028543568831848436,0.00362051587679601,0.01998892739587512,0.0,0.0,0.00012370544490539767,0.00032556915114024404,0.0008859562853813337,0.00044408337221999637,0.00036457670612297343,0.005207561515033656,0.00250891351718242,0.0022226752023384727,0.022055437039886532,0.12355523484554093,True,True,True,44
Stage1,S1_013,1.0,0.2,0.0,0.0,45.4,0.9136773824691773,0.7328377902507782,0.22305651754140854,0.07885219380259514,1.2348766088485719,0.1530543237924576,0.04626399427652359,0.08676922991871834,0.04050523564219475,0.16290939897298812,0.1859151914715767,0.03767272531986236,0.33783845603466034,0.2952923834323883,0.3668691605329514,0.9287295661303965,0.6581089052730892,0.0,0.0,0.5553083777427673,0.28926150798797606,-2.779364585876465e-05,-0.00011942237615585327,-0.0002730913460254669,-0.0006705641746520997,-0.0007321782410144806,-0.003992379829287529,-0.007917258888483047,-0.0030718965607089118,3.8930136855083823,0.03806360673256015,0.0258686281404242,0.0040767714660453515,0.005814352971314783,0.113150358843998,0.02706749283710423,0.0047893183029309545,0.006916425583905123,0.010132355179898411,0.012428783852502888,0.04140524049780575,0.03266880741151108,0.0028132604393621935,0.0009960469170746766,0.002964109862701757,0.0036402506932018595,0.0199882807562794,0.0,0.0,0.00012372339992396768,0.0003236505550098467,0.0004182388822495482,0.00039967064641806613,0.00020730295331663427,0.002713610883895248,0.0012421494111273569,0.0015917173329539445,0.011802811968274514,0.05748459866366752,True,True,True,45
Stage1,S1_009,1.0,0.01,0.0,0.0,40.9,0.9175974011421204,0.7328541040420532,0.22306789010763167,0.07886740267276764,1.2349376320838927,0.15311939716339112,0.045845259353518485,0.08676922991871834,0.04092397056519985,0.16060376167297363,0.1859151914715767,0.03835484832525253,0.39697030186653137,0.2953256040811539,0.3077040910720825,0.9192843247316095,0.669207871901208,0.0,0.0,0.5549654722213745,0.3141195476055145,-1.1479854583740234e-05,-0.00010804980993270875,-0.0002578824758529663,-0.0006095409393310547,-0.0006671048700809479,-0.003573644906282425,-0.00723513588309288,-0.0007789727011673347,10.159286939107051,0.03732130331183592,0.025853174279745195,0.0040801753207561535,0.005846402436026425,0.11358687603442633,0.027277522589440252,0.004816689988913291,0.006916425583905123,0.010126857758315625,0.013354221885539044,0.04140524049780575,0.032973868390482636,0.0031572510631157577,0.0011098384976730349,0.0029416453860638013,0.003969848796736923,0.019138441028782517,0.0,0.0,9.830097252535466e-06,0.00010438638071722328,0.000332348508499448,0.00028777852315386,0.00022552637231510554,0.0022222038959600387,0.001027453822450798,0.001996395261833161,0.010056685701999255,0.04534122314238382,True,True,True,46
Stage1,S1_008,1.0,0.005,0.0,0.0,40.9,0.9176926732063293,0.7328531742095947,0.2230664983391762,0.07886869013309479,1.2349404215812683,0.15312181785702705,0.04582529030740261,0.08676922991871834,0.040943939611315726,0.16054051667451857,0.1859151914715767,0.03838839828968048,0.3984934836626053,0.2952717900276184,0.30623471140861513,0.9190329077572148,0.6695072676965318,0.0,0.0,0.5547496318817139,0.3146382838487625,-1.2409687042236327e-05,-0.00010944157838821411,-0.00025659501552581786,-0.0006067514419555664,-0.0006646841764450073,-0.0035536758601665496,-0.007201585918664932,-0.000911103689456286,10.159286939107051,0.03730409869402091,0.02585434530901399,0.004080161030767262,0.005846856182515285,0.11359849110199673,0.027282879102094506,0.004813207672708051,0.006916425583905123,0.010123367941951667,0.013346160553747611,0.04140524049780575,0.03297653322931066,0.0031300379444796026,0.001093628406042005,0.002929142023386965,0.00397345943974073,0.019114115867627252,0.0,0.0,4.40072663403002e-06,5.1824159130625686e-05,0.00033042913097825193,0.00028776346567135804,0.00022499886435572145,0.002209110265925692,0.0010218652955634902,0.0019944489647704426,0.010001756889861211,0.04507463266184325,True,True,True,47
Stage1,S1_012,1.0,0.1,0.0,0.0,45.2,0.9157846391201019,0.732803463935852,0.22299991101026534,0.07890513241291046,1.2349492073059083,0.15312526375055313,0.04552524201571941,0.08676922991871834,0.04124398790299892,0.16114425510168076,0.1859151914715767,0.038564246892929074,0.3686610758304596,0.29607410430908204,0.33526481986045836,0.9238933646616703,0.6638878641442577,0.0,0.0,0.5570079386234283,0.30334520936012266,-6.211996078491211e-05,-0.00017602890729904175,-0.00022015273571014405,-0.0005979657173156739,-0.00066123828291893,-0.0032536275684833527,-0.007025737315416336,-0.00791779457430353,4.022160834399562,0.0376709266822127,0.025904588036178337,0.0041033789385372796,0.005804085381824746,0.11338338499208513,0.027179445268383496,0.0045536240174854385,0.006916425583905123,0.009933068083339972,0.012336388888068919,0.04140524049780575,0.03296956019163918,0.002931185866822003,0.0010177548784620653,0.002929463008609751,0.0038064071961830593,0.019554433282793986,0.0,0.0,3.7582357920272854e-05,0.0001483949689412672,0.00038458813953043847,0.0003721362123398147,0.00015734517563633648,0.002439715992506448,0.0011197241148325101,0.0013395250706685175,0.010438763229481564,0.05289095578310997,True,True,True,48
Stage1,S1_011,1.0,0.05,0.0,0.0,45.2,0.9168075382709503,0.7327943921089173,0.22298576980829238,0.07891743704676628,1.234979271888733,0.15314922779798507,0.04533306136727333,0.08676922991871834,0.04143616855144501,0.1605132684111595,0.1859151914715767,0.038754627108573914,0.3842871427536011,0.2958492964506149,0.3198635786771774,0.9213713960590963,0.6668307345147555,0.0,0.0,0.556292724609375,0.30954925119876864,-7.119178771972657e-05,-0.00019017010927200318,-0.00020784810185432435,-0.0005679011344909668,-0.0006372742354869843,-0.0030614469200372697,-0.0068353570997714995,-0.009203928090568744,4.022160834399562,0.03747121317667676,0.025915260589237845,0.004103036110101726,0.005808824272270199,0.11349851665769979,0.02723285903939365,0.004518038828409741,0.006916425583905123,0.009899213059057353,0.012273069335097336,0.04140524049780575,0.033167694504159725,0.0030163932202117486,0.0010422399446213617,0.002923163186633308,0.0038930066046782086,0.019325853095768543,0.0,0.0,1.201328292572765e-05,6.932479300767911e-05,0.00036514632757451797,0.000371389354101776,0.00015168069918518583,0.002307447259405914,0.0010635619401715764,0.0013123316834620351,0.00991095082368359,0.05019938137029622,True,True,True,49
Stage1,S1_010,1.0,0.02,0.0,0.0,41.8,0.9174057006835937,0.7328511893749237,0.22306365966796876,0.07891305238008499,1.2349852085113526,0.15315327122807504,0.04529848136007786,0.08676922991871834,0.04147074855864048,0.15970868915319442,0.1859151914715767,0.03930929899215698,0.3939014315605164,0.2954326063394547,0.3106659471988678,0.9197891808247242,0.66861130255716,0.0,0.0,0.5553656101226807,0.31305513978004457,-1.4394521713256836e-05,-0.00011228024959564209,-0.00021223276853561402,-0.0005619645118713379,-0.0006332308053970337,-0.003026866912841797,-0.006280685216188431,-0.0011888691601570141,9.772978620211504,0.037355249366915505,0.025855957409071553,0.004087501764725308,0.005812059907502506,0.11357460880764243,0.027275619958372306,0.004391474531243904,0.006916425583905123,0.009844341302218387,0.013187968456985036,0.04140524049780575,0.032811189094613405,0.003251969925090209,0.001148981198389541,0.002987485766294101,0.003972200121203848,0.019186891364446495,0.0,0.0,2.3594905159220544e-05,0.00021278770864665292,0.0003391413491555559,0.00028392577128621917,0.0001456802201029499,0.0022256800136118506,0.0010214122028058626,0.0012610531464918502,0.009334649450054005,0.04632077366976545,True,True,True,50
Stage1,S1_014,1.0,0.4,0.0,0.0,46.0,0.909296715259552,0.7329886853694916,0.22312213629484176,0.07882425785064698,1.2352212905883788,0.15316979289054872,0.04751510992646217,0.08676922991871834,0.03925411999225616,0.16671028286218642,0.1859151914715767,0.03825443685054779,0.27892543375492096,0.28882029056549074,0.43225426971912384,0.9375570252416257,0.6469965395128592,0.0,0.0,0.5400186061859131,0.25569792091846466,0.00012310147285461427,-5.380362272262573e-05,-0.0003010272979736328,-0.0003258824348449707,-0.0006167091429233551,-0.005243495479226113,-0.007335547357797623,0.018351935676316055,3.9440531887330774,0.03881266723543887,0.025689691468871054,0.004071710200281473,0.005769560278081056,0.11232348940534066,0.02667729822298995,0.005592482444310795,0.006916425583905123,0.011158884019643036,0.015544795040518998,0.04140524049780575,0.032974082382173996,0.0021725125703455604,0.001063735377256683,0.002755473269872938,0.0032288813659770367,0.020758984349179672,0.0,0.0,0.00040610496272865235,0.0007455528836384882,0.0007256623964894154,0.000410369947930397,0.0002697266729966322,0.0038274278812610216,0.0018520094002452557,0.0022128876748825597,0.016878034154109378,0.10163661237138799,True,True,True,51
Stage1,S1_007,0.5,0.4,0.0,0.0,45.4,0.8146593868732452,0.7328161418437957,0.22308555394411086,0.07892684191465378,1.2349895715713501,0.1532704196870327,0.04513060487806797,0.08676922991871834,0.04163862504065037,0.1585526317358017,0.1859151914715767,0.03966463357210159,0.2791166424751282,0.2887537658214569,0.4321295917034149,0.9375205030579504,0.6469932339684894,0.0,0.0,0.5400862455368042,0.25582109689712523,-4.9442052841186523e-05,-9.038597345352173e-05,-0.00019844323396682738,-0.0005576014518737793,-0.0005160823464393615,-0.0028589904308319093,-0.00592535063624382,-0.0063596030400882315,3.8930136855083823,0.034166899831522164,0.025944150448795836,0.004093983061283108,0.005852974469761433,0.11401888165486415,0.027504221955144657,0.004748468439465456,0.006916425583905123,0.01012588405148454,0.012469780531300155,0.04140524049780575,0.03394695651171218,0.0025959235239340294,0.0010525621504147839,0.0029819096136697244,0.0032713688955211652,0.020758013951421295,0.0,0.0,0.0004037708867220012,0.000736247342876122,0.0003069466331520234,0.00038077778460542973,0.00015454683681126406,0.001805738734873439,0.0007973722555982947,0.0015267376058453175,0.008151519553027061,0.0424474533510366,True,True,True,52
Stage1,S1_006,0.5,0.2,0.0,0.0,45.2,0.8168309032917023,0.7327902615070343,0.22302822321653365,0.0789832554757595,1.2351047277450562,0.15335314199328423,0.044375491142272946,0.08676922991871834,0.04239373877644539,0.15672904551029204,0.1859151914715767,0.040857426822185516,0.3378864973783493,0.29527524411678313,0.3668382465839386,0.928721833313794,0.6581079740916819,0.0,0.0,0.5553177714347839,0.28928618133068085,-7.532238960266114e-05,-0.0001477167010307312,-0.00014202967286109925,-0.0004424452781677246,-0.0004333600401878357,-0.002103876695036888,-0.004732557386159897,-0.010027285127202442,4.022160834399562,0.03379558404342037,0.025974517675310848,0.004117306032765447,0.0058433431815618705,0.11426112410653806,0.027621285832911603,0.004498745111496894,0.006916425583905123,0.009918627526494304,0.012331707580599047,0.04140524049780575,0.03403705861846568,0.002779631039656428,0.001004932339060539,0.0029397214449370357,0.003626539044616495,0.01998804253707803,0.0,0.0,0.00012672502518602352,0.0003320312652786777,0.00027208074985054907,0.00035498018311419646,9.79170509767904e-05,0.001507999330797218,0.0006663804730930243,0.0012322016322238068,0.006721240618677704,0.03768080210232081,True,True,True,53
Stage1,S1_005,0.5,0.1,0.0,0.0,44.7,0.8178764760494233,0.7327633678913117,0.2230374574661255,0.07898672595620156,1.2351812481880189,0.15336986109614373,0.044265894964337346,0.08676922991871834,0.04250333495438099,0.15617040246725084,0.1859151914715767,0.041090115904808044,0.36870352029800413,0.2960569947957993,0.33523950278759,0.9238855482742,0.6638873972096488,0.0,0.0,0.5570125639438629,0.30336356461048125,-0.00010221600532531739,-0.0001384824514389038,-0.0001385591924190521,-0.0003659248352050781,-0.0004166409373283386,-0.0019942805171012878,-0.004499868303537369,-0.013839151550961363,3.6530048514126623,0.03360154959250453,0.026006611630823094,0.004110157902072229,0.005848770742379081,0.11436463326707841,0.027693016291569873,0.00432966237639565,0.006916425583905123,0.009838784436375913,0.011981524871570797,0.04140524049780575,0.03425521950616864,0.0029528097903980914,0.0010259304457446935,0.0029367232234858397,0.003811246504067363,0.019556095294186226,0.0,0.0,3.4381869290851604e-05,0.00013542927213050268,0.00029358237709166873,0.0003039198511315725,8.947423691095983e-05,0.0013811636396724844,0.0005952834825455122,0.0011685326138631792,0.0062687281462095994,0.04091854680211494,True,True,True,54
Stage1,S1_004,0.5,0.05,0.0,0.0,41.8,0.8183800756931305,0.7328376591205596,0.22309092581272125,0.07899561151862144,1.2351524710655213,0.15339516699314118,0.04412479475140572,0.08676922991871834,0.04264443516731262,0.15530110150575638,0.1859151914715767,0.0417948454618454,0.3847530364990234,0.2956422299146652,0.31960471868515017,0.9212815364768765,0.6668282222973858,0.0,0.0,0.5563223004341126,0.3097353130578995,-2.7924776077270508e-05,-8.501410484313965e-05,-0.00012967362999916077,-0.0003947019577026367,-0.00039133504033088683,-0.0018531803041696548,-0.0037951387465000154,-0.0033644068071211645,9.772978620211504,0.03350770632182326,0.025930849612929553,0.00410068717353944,0.005851269744325636,0.11445901765296723,0.027712568909916902,0.0043535490485277755,0.006916425583905123,0.009833831513728568,0.013084896110023597,0.04140524049780575,0.033773749618468143,0.003610324201056185,0.0013282793515217621,0.003143031659269968,0.003967431659188428,0.01933011186798277,0.0,0.0,8.911044877212706e-05,0.000557350875052889,0.00019874399186319973,0.00025569921320824454,8.647229251280645e-05,0.0012878202288035103,0.0005712326341687581,0.0011560126198060937,0.00555766443301731,0.02709802038672893,True,True,True,55
Stage1,S1_003,0.5,0.02,0.0,0.0,41.8,0.8186692833900452,0.7328356444835663,0.2230861708521843,0.07900006398558616,1.2351670861244202,0.15340487584471701,0.04406156465411186,0.08676922991871834,0.042707665264606474,0.15509483963251114,0.1859151914715767,0.04190206825733185,0.39390309154987335,0.29543238282203677,0.3106645315885544,0.9197889163914519,0.6686115744012928,0.0,0.0,0.555365651845932,0.3130558401346207,-2.993941307067871e-05,-8.976906538009644e-05,-0.0001252211630344391,-0.00038008689880371095,-0.0003816261887550354,-0.001789950206875801,-0.003687915951013565,-0.0036551540343058133,9.772978620211504,0.03345825140244635,0.025934425661327892,0.004100547818603591,0.005852807779788424,0.11449638810334045,0.027730141258373652,0.004342080862562593,0.006916425583905123,0.009822853269637503,0.0130566277041443,0.04140524049780575,0.03380614551731686,0.0032521429826996855,0.0011489755013275153,0.0029872968218525456,0.003972259957474775,0.019186817174665083,0.0,0.0,2.3650908908469747e-05,0.0002131231647539959,0.00019223275310608455,0.000255651683423589,8.492148540380716e-05,0.0012454609336697202,0.000552796410850183,0.0011478535097612535,0.005377240684233963,0.026193108934160717,True,True,True,56
Stage1,S1_002,0.5,0.01,0.0,0.0,41.8,0.8187647342681885,0.7328349709510803,0.22308457195758818,0.07900154888629914,1.2351719975471496,0.15340813547372817,0.04404052123427391,0.08676922991871834,0.04272870868444443,0.15502607971429824,0.1859151914715767,0.041937786340713504,0.3969589978456497,0.2953310400247574,0.30770995914936067,0.9192861574754423,0.6692086723169284,0.0,0.0,0.5549650549888611,0.31411548554897306,-3.0612945556640626e-05,-9.13679599761963e-05,-0.00012373626232147216,-0.00037517547607421873,-0.0003783665597438812,-0.0017689067870378494,-0.0036521978676319123,-0.003752339644896788,9.772978620211504,0.03344175316665718,0.025935618437957674,0.004100496811217443,0.0058533192087435884,0.11450882515641714,0.027736001307598922,0.004338280965676561,0.006916425583905123,0.009819212712885632,0.013047191722662877,0.04140524049780575,0.033817235546560256,0.003169509568734991,0.0011085167205725835,0.0029492712409027095,0.003974547161525369,0.01913839767446254,0.0,0.0,9.837162323222476e-06,0.00010498838905379388,0.00019009042357877936,0.0002556471776842559,8.44111250469382e-05,0.0012314209950896285,0.0005466571975522629,0.0011451786684321854,0.005317216444499947,0.025895336971536693,True,True,True,57
Stage1,S1_001,0.5,0.005,0.0,0.0,41.8,0.8188122808933258,0.7328346312046051,0.22308377772569657,0.07900229394435883,1.2351744174957275,0.15340977162122726,0.044030002504587176,0.08676922991871834,0.042739227414131165,0.15499168187379836,0.1859151914715767,0.04195565283298493,0.3984878957271576,0.29527451395988463,0.30623759329319,0.919033812962662,0.6695077101707438,0.0,0.0,0.5547494530677796,0.3146363258361816,-3.095269203186035e-05,-9.216219186782836e-05,-0.00012299120426177977,-0.0003727555274963379,-0.00037673041224479676,-0.0017583880573511124,-0.003634331375360489,-0.0038011902668536116,9.772978620211504,0.03343351233727975,0.025936179540060063,0.004100482951607493,0.005853575287543537,0.1145150497517627,0.027738931970276496,0.004336390967369985,0.006916425583905123,0.009817401801280812,0.013042476892233975,0.04140524049780575,0.03382283835104859,0.0031362521522536662,0.0010929681107113,0.0029329755287279633,0.003975819537856694,0.019114067781150382,0.0,0.0,4.414340005096219e-06,5.2204421497416604e-05,0.00018905245979690256,0.0002556350503133004,8.415639715246465e-05,0.0012243986451515817,0.000543588612813342,0.0011438554068597796,0.005287216445626833,0.025750865399234817,True,True,True,58
Stage1,S1_053,8.0,0.05,0.0,0.0,45.4,2.291818451881409,0.734145176410675,0.22293417900800705,0.07844625562429428,1.2393255472183227,0.152358927577734,0.054208212345838544,0.08676922991871834,0.03256101757287979,0.19053369015455246,0.1859151914715767,0.033775681257247926,0.38425699174404143,0.2958567053079605,0.3198863059282303,0.9213760754870648,0.6668291096328828,0.0,0.0,0.5562913119792938,0.30953730046749117,0.001279592514038086,-0.00024176090955734252,-0.0006790295243263245,0.003778374195098877,-0.0014275744557380675,-0.011936597898602486,-0.011814302951097488,0.17792324292777423,3.8930136855083823,0.09540754562076095,0.025322383730166754,0.003876382064644633,0.005566588263957393,0.10764149651628285,0.02440143064031053,0.005175443517913829,0.006916425583905123,0.010242659949840454,0.011932685143426542,0.04140524049780575,0.026914476127924542,0.00302765194793731,0.0010425017728253943,0.0029333995384520292,0.003896398904709347,0.019325872518088538,0.0,0.0,1.1406613681787188e-05,6.572699197002718e-05,0.0011825832284851467,0.0006034009515494212,0.0005667966347647787,0.008941011615444042,0.003940443383362384,0.0022285149169264575,0.035819157128051185,0.1647393007290313,True,False,False,59
Stage1,S1_050,8.0,0.005,0.0,0.0,44.3,2.2992583990097044,0.7340815961360931,0.22289368659257888,0.07844659686088562,1.239047634601593,0.15236464589834214,0.05405156351625919,0.08676922991871834,0.03271766640245914,0.18940152376890182,0.1859151914715767,0.033075615763664246,0.3984444171190262,0.29529346227645875,0.3062621206045151,0.9190422908742221,0.669507265806959,0.0,0.0,0.5547482132911682,0.314620178937912,0.0012160122394561767,-0.00028225332498550416,-0.0006786882877349854,0.0035004615783691406,-0.0014218561351299285,-0.011779949069023132,-0.012514368444681168,0.16926675743391134,5.53875236653326,0.09392850977497391,0.025313566522559398,0.0038892745859385124,0.005597058037631351,0.1080082243269793,0.024554428381987587,0.0055210625267521065,0.006916425583905123,0.010434993355774918,0.011950273945173513,0.04140524049780575,0.027250844068189634,0.003093205538431838,0.0010772038545819429,0.0029155803856119496,0.00396652956266441,0.01911368652193931,0.0,0.0,1.0525279446446802e-06,1.0174400155706266e-05,0.0011255171796564491,0.0005914054047200756,0.0005715368610961449,0.008526022701029182,0.003779792708453969,0.002878248919167135,0.03479179970634912,0.15676021896075795,True,False,False,60
Stage1,S1_051,8.0,0.01,0.0,0.0,44.3,2.2984424352645876,0.7340941190719604,0.22289747893810272,0.07844432890415191,1.23908371925354,0.1523663341999054,0.05411882773041725,0.08676922991871834,0.032650402188301085,0.18959662169218064,0.1859151914715767,0.033083364367485046,0.39687244296073915,0.2953687608242035,0.3077588021755219,0.9193030375344945,0.6692079443529426,0.0,0.0,0.5549623608589173,0.3140831619501114,0.0012285351753234864,-0.00027846097946166993,-0.0006809562444686889,0.003536546230316162,-0.0014201678335666657,-0.01184721328318119,-0.012506619840860368,0.1709992605133431,5.53875236653326,0.09409307300343363,0.025308674009410937,0.003888495367370661,0.00559538834065918,0.10796846749060958,0.02453791302215619,0.00553318449281779,0.006916425583905123,0.010447245141930801,0.011959117307034965,0.04140524049780575,0.027290074344188182,0.0030780828827956398,0.0010738904708558533,0.0029127122142848026,0.003955881731397778,0.019137539238138403,0.0,0.0,2.2717981062930583e-06,2.053520320378676e-05,0.001132819093304738,0.0005919453940822662,0.0005735254477244792,0.008571707473750934,0.003796980352838249,0.002885886896719434,0.03497268727555738,0.15779739860384762,True,False,False,61
Stage1,S1_052,8.0,0.02,0.0,0.0,44.3,2.296802282333374,0.7341193735599518,0.22290506809949875,0.07843989878892899,1.239156174659729,0.15236998572945595,0.05425336807966232,0.08676922991871834,0.03251586183905601,0.18998827040195465,0.1859151914715767,0.033101548254489896,0.3937306672334671,0.2955072969198227,0.31076204776763916,0.9198225444863437,0.6686103037035587,0.0,0.0,0.5553589761257172,0.3129904121160507,0.0012537896633148192,-0.00027087181806564333,-0.0006853863596916199,0.003609001636505127,-0.0014165163040161133,-0.011981753632426262,-0.012488435953855515,0.17449258624855876,5.53875236653326,0.09442385102779782,0.02529893464291511,0.0038869036156135156,0.0055920139659554865,0.10788917713414103,0.024504930687806153,0.005557523362290574,0.006916425583905123,0.010471826517756404,0.011980320665662262,0.04140524049780575,0.027375291770225366,0.0030484551256601006,0.001068078542615021,0.0029071485539197833,0.003934536148736373,0.019185027361595858,0.0,0.0,5.289965858363549e-06,4.177111633770635e-05,0.0011475232757883667,0.0005930103713230891,0.0005775474973067679,0.008662885375680914,0.0038313124387027303,0.0029012714463928766,0.035338970067288616,0.1598847485465781,True,False,False,62
Stage1,S1_046,6.0,0.05,0.0,0.0,45.4,1.8992693424224854,0.7337286233901977,0.22294228821992873,0.07850699424743653,1.2377598285675049,0.15239720717072486,0.052755874767899516,0.08676922991871834,0.034013355150818825,0.18589178323745728,0.1859151914715767,0.033883263170719144,0.3842605173587799,0.2958560734987259,0.3198834091424942,0.921375530014617,0.6668294212512681,0.0,0.0,0.5562914550304413,0.3095386892557144,0.000863039493560791,-0.00023365169763565064,-0.0006182909011840821,0.0022126555442810057,-0.0013892948627471924,-0.010484260320663453,-0.011706721037626266,0.12056782963034704,3.8930136855083823,0.07870189388229941,0.02542554278731184,0.003923791627783497,0.005609491443369526,0.10856314002486711,0.02482999138364736,0.0050773656484506685,0.006916425583905123,0.010202242138725342,0.012039594450115619,0.04140524049780575,0.02658616533219464,0.003027335688682008,0.0010422675200042648,0.0029327045703482005,0.003896424413097876,0.019325869380483376,0.0,0.0,1.1454140494940129e-05,6.610646186684443e-05,0.0010558251728268152,0.0005568379551305967,0.0005079017235165101,0.007830490889248998,0.003508202796300923,0.002089023205465998,0.03158990661268891,0.14629005868441017,True,False,False,63
Stage1,S1_043,6.0,0.005,0.0,0.0,44.3,1.904820454120636,0.733680009841919,0.22290104776620864,0.07850760668516159,1.2375774264335633,0.1524105742573738,0.0526172898709774,0.08676922991871834,0.034151940047740935,0.1848635971546173,0.1859151914715767,0.03320593684911728,0.3984448105096817,0.29529339671134947,0.3062617927789688,0.9190422306663472,0.669507303658215,0.0,0.0,0.5547482311725617,0.31462031602859497,0.0008144259452819824,-0.0002748921513557434,-0.0006176784634590148,0.0020302534103393555,-0.0013759277760982513,-0.010345675423741341,-0.012384047359228134,0.11391892173862508,5.53875236653326,0.07758973295757493,0.02542567591097979,0.00393753261118347,0.005638386875407106,0.10889637889246727,0.024971926012286816,0.005399426130173665,0.006916425583905123,0.010379483625441714,0.012064217810848406,0.04140524049780575,0.027135567117030142,0.003093147042136961,0.001077181510863134,0.002915487992682466,0.003966526599536876,0.019113685571329423,0.0,0.0,1.0413105633507034e-06,1.0202139740033669e-05,0.0009998945852719276,0.0005425848255859075,0.0005163522262644487,0.007453593856984594,0.0033592469509275257,0.0027143030427221253,0.030704296738877177,0.13844807171598755,True,False,False,64
Stage1,S1_044,6.0,0.01,0.0,0.0,44.3,1.904210901260376,0.7336893439292907,0.2229045644402504,0.0785052865743637,1.2376007318496705,0.1524107851088047,0.05267818234860897,0.08676922991871834,0.03409104757010937,0.18504581302404405,0.1859151914715767,0.033214378356933597,0.39687320291996003,0.2953686326742172,0.30775815844535825,0.9193029214475684,0.6692080210706657,0.0,0.0,0.5549623250961304,0.31408344209194183,0.0008237600326538086,-0.00027137547731399537,-0.000619998574256897,0.002053558826446533,-0.0013757169246673584,-0.010406567901372909,-0.012375605851411819,0.11521258792633764,5.53875236653326,0.0777140494632914,0.02542150073764566,0.003936996015317879,0.005636893094508951,0.10886003820146123,0.02495648698216198,0.005410171635903694,0.006916425583905123,0.010390346125506073,0.012074962759746625,0.04140524049780575,0.027139377393739894,0.0030779521138148335,0.001073845184084219,0.002912528044256956,0.003955875958621262,0.0191375408286967,0.0,0.0,2.293346317073448e-06,2.057963594110077e-05,0.0010063060951386621,0.0005429448610607309,0.0005182061997029018,0.0074949492479699795,0.003375293614781005,0.002721062893600524,0.030867743307261702,0.13935265941016156,True,False,False,65
Stage1,S1_045,6.0,0.02,0.0,0.0,44.3,1.902987265586853,0.733708131313324,0.2229116290807724,0.0785006858408451,1.2376477718353271,0.152411387860775,0.052799909934401514,0.08676922991871834,0.03396931998431683,0.1854093849658966,0.1859151914715767,0.03323125094175339,0.39373216331005095,0.2955070286989212,0.3107608050107956,0.91982231234546,0.6686104522886226,0.0,0.0,0.5553589880466461,0.31299098432064054,0.0008425474166870117,-0.00026431083679199217,-0.0006245993077754975,0.0021005988121032713,-0.0013751141726970673,-0.01052829548716545,-0.012358733266592026,0.11781615617943794,5.53875236653326,0.07796286998842168,0.02541316753832088,0.003935912376021691,0.00563389683637387,0.10878740999070119,0.024925673614571823,0.0054317948439238355,0.006916425583905123,0.010412146265725175,0.01209652443802876,0.04140524049780575,0.027151160185354784,0.0030482436226947343,0.001067994660863502,0.0029067743631570027,0.0039345241647990034,0.019185026692933232,0.0,0.0,5.334684154255274e-06,4.1903471407797314e-05,0.0010192272518315827,0.000543651138707645,0.0005219028433419688,0.007577728361339427,0.003407331004211689,0.0027347829820045834,0.031194787236277593,0.14117554132431673,True,False,False,66
Stage1,S1_039,5.0,0.05,0.0,0.0,45.4,1.702931773662567,0.7335143208503723,0.2229493722319603,0.07854783907532692,1.2369699478149414,0.15243741348385811,0.05184278376400471,0.08676922991871834,0.03492644615471363,0.18287767916917802,0.1859151914715767,0.03394339978694916,0.38426271378993987,0.29585570096969604,0.3198815792798996,0.921375192123002,0.6668296254595896,0.0,0.0,0.5562915563583374,0.30953956544399264,0.0006487369537353516,-0.00022656768560409547,-0.0005774460732936859,0.0014227747917175293,-0.0013490885496139527,-0.009571169316768647,-0.011646584421396256,0.09101341214256214,3.8930136855083823,0.07036700372708594,0.02548919090864723,0.003950388132371665,0.0056369112110636775,0.1091575517609942,0.025110675553740434,0.005018706336081794,0.006916425583905123,0.01017814209609637,0.012094209967996648,0.04140524049780575,0.02684693168518538,0.003027122190859825,0.0010421022699821966,0.002932283862414427,0.003896441313371221,0.019325868704612947,0.0,0.0,1.1505230206770663e-05,6.634069564798177e-05,0.0009722056109353263,0.0005301204398377362,0.00046961060853099797,0.007133921143476957,0.0032246548003989307,0.0020055299769673554,0.028941183392706116,0.134322711667755,True,False,False,67
Stage1,S1_038,5.0,0.02,0.0,0.0,44.3,1.7060186266899109,0.7334953367710113,0.22291733026504518,0.07854152917861938,1.236882734298706,0.15245306119322777,0.05188910476863384,0.08676922991871834,0.0348801251500845,0.18244852125644684,0.1859151914715767,0.03330303579568863,0.39373310208320617,0.29550686478614807,0.31076000928878783,0.9198221681938044,0.6686105506154261,0.0,0.0,0.5553590059280396,0.3129913240671158,0.0006297528743743896,-0.0002586096525192261,-0.0005837559700012207,0.0013355612754821777,-0.0013334408402442932,-0.009617490321397781,-0.012286948412656784,0.08844513655484418,5.53875236653326,0.06975062113827628,0.02548229588366344,0.003963214084731547,0.005660594277484907,0.10936394196263234,0.025200429352407783,0.005356540465574009,0.006916425583905123,0.010376711394748312,0.012159186016880423,0.04140524049780575,0.027455858364370356,0.0030481093971462944,0.0010679230394092449,0.002906542504954912,0.003934517333000534,0.019185027191487045,0.0,0.0,5.335346378478549e-06,4.1987511927903534e-05,0.0009371957461789547,0.0005153794465792362,0.0004857848460251872,0.0069002498213666,0.003130125200801372,0.0026345237827901814,0.028614550502298816,0.12941533926560078,True,False,False,68
Stage1,S1_037,5.0,0.01,0.0,0.0,44.3,1.7070348620414735,0.7334799945354462,0.22291064411401748,0.07854615673422813,1.2368488669395448,0.1524541676044464,0.05177613906562328,0.08676922991871834,0.03499309085309506,0.18210634142160415,0.1859151914715767,0.03328690528869629,0.39687368273735046,0.29536856412887574,0.3077577590942383,0.9193028480520834,0.6692080733086355,0.0,0.0,0.5549623429775238,0.31408362090587616,0.0006144106388092041,-0.00026529580354690553,-0.0005791284143924713,0.0013016939163208007,-0.00133233442902565,-0.009504524618387222,-0.012303078919649124,0.08631567149952282,5.53875236653326,0.06954318525371501,0.025489857639718654,0.003964040160529366,0.005663342343440109,0.10943151241546696,0.025229478699248457,0.005336666024907417,0.006916425583905123,0.01035668237209466,0.012137608565239754,0.04140524049780575,0.027485589966222933,0.003077894918042944,0.0010738144543750645,0.0029123983576246535,0.00395587301054064,0.01913754007697504,0.0,0.0,2.294662708019985e-06,2.0624873476269237e-05,0.0009253652510595673,0.0005148331202524221,0.0004823337627124727,0.006823519464667512,0.003099932940275744,0.0026219611370531313,0.028317615778709584,0.12775175543252262,True,False,False,69
Stage1,S1_036,5.0,0.005,0.0,0.0,44.3,1.7075411200523376,0.7334723889827728,0.22290730774402617,0.07854848504066467,1.236832082271576,0.15245481058955193,0.051719652488827705,0.08676922991871834,0.035049577429890635,0.18193494230508805,0.1859151914715767,0.0332788348197937,0.3984450489282608,0.29529336988925936,0.30626159608364106,0.9190421944793918,0.6695073321028346,0.0,0.0,0.5547482311725617,0.31462039351463317,0.0006068050861358643,-0.000268632173538208,-0.0005768001079559326,0.0012849092483520508,-0.0013316914439201355,-0.009448038041591644,-0.012311149388551712,0.08526013325403112,5.53875236653326,0.06943938581883816,0.025493586300574446,0.003964449001535679,0.005664708993941486,0.10946532156069781,0.025244044123402004,0.005326789612928079,0.006916425583905123,0.010346703235890414,0.012126860017061725,0.04140524049780575,0.027502278651714313,0.0030931044545693233,0.0010771602306923948,0.002915424551065145,0.003966525415072166,0.01911368601317332,0.0,0.0,1.0589777193093287e-06,1.02243077208484e-05,0.0009194949164558708,0.0005145541547677188,0.0004806073191013257,0.00678517067204848,0.003084797048544766,0.0026157708036097797,0.02816941276936163,0.126926608835038,True,False,False,70
Stage1,S1_033,4.0,0.1,0.0,0.0,45.4,1.5023563265800477,0.7333618819713592,0.22298944145441055,0.07857760637998581,1.2363310217857362,0.15249327197670937,0.05125415176153183,0.08676922991871834,0.035515078157186505,0.18074705004692077,0.1859151914715767,0.03408849686384201,0.36861842274665835,0.2960860997438431,0.33529548943042753,0.9239000363754141,0.6638866748946624,0.0,0.0,0.5570035874843597,0.3033266246318817,0.00049629807472229,-0.00018649846315383912,-0.0005476787686347961,0.000783848762512207,-0.0012932300567626953,-0.008982537314295769,-0.011501487344503403,0.06999142192222482,3.8930136855083823,0.06286549641527672,0.025534858135687583,0.003977757609560931,0.005657627852171821,0.10958608065645811,0.025328009639141127,0.005044377612261953,0.006916425583905123,0.010240166540993524,0.012260144779674336,0.04140524049780575,0.02739162275871516,0.002950988332862104,0.001015943260616625,0.0029455696598763383,0.003813270974168224,0.019554510478716855,0.0,0.0,3.617998391916306e-05,0.00014261647847838832,0.0009250064234477954,0.0005017779961860611,0.00043846750260726706,0.0066405477869177065,0.0030093141867306708,0.0019687055682581058,0.02714922176370979,0.12757895252392445,True,False,False,71
Stage1,S1_032,4.0,0.05,0.0,0.0,45.4,1.5065385103225708,0.7333015918731689,0.22295843213796615,0.07859964594244957,1.2362170815467834,0.15250455141067504,0.05075270272791386,0.08676922991871834,0.03601652719080448,0.17919788658618926,0.1859151914715767,0.03401779979467392,0.3842653602361679,0.2958552688360214,0.3198793798685074,0.9213747888461207,0.6668298822841762,0.0,0.0,0.5562916278839112,0.3095406025648117,0.0004360079765319824,-0.0002175077795982361,-0.0005256392061710358,0.0006699085235595704,-0.0012819506227970123,-0.008481088280677795,-0.011572184413671494,0.0616262593252981,3.8930136855083823,0.06205315837957475,0.025563589858689315,0.003978430518660018,0.005669961680792343,0.10989025292275235,0.02545966185361437,0.004955658201116073,0.006916425583905123,0.010152616798053866,0.012154924941385136,0.04140524049780575,0.027664321450886886,0.003026884008470036,0.0010418969505060762,0.0029317314517636204,0.0038964633041510066,0.019325869353644984,0.0,0.0,1.1514442220220958e-05,6.664165133266388e-05,0.00086981360212011,0.0005013481600882959,0.00042209528992825343,0.006292619362951551,0.0028718070192146517,0.0019103084969654416,0.02585619619717437,0.11983458044034728,True,False,False,72
Stage1,S1_031,4.0,0.02,0.0,0.0,44.3,1.5089977622032165,0.7332847416400909,0.22292583137750627,0.07859303876757621,1.2361591577529907,0.1525212422013283,0.050805214792490005,0.08676922991871834,0.035964015126228335,0.17883970737457275,0.1859151914715767,0.03339261263608932,0.3937342375516891,0.2955066949129105,0.3107590705156326,0.9198219969820828,0.6686106733055244,0.0,0.0,0.5553590059280396,0.3129917621612549,0.0004191577434539795,-0.000250108540058136,-0.0005322463810443878,0.0006119847297668457,-0.0012652598321437835,-0.008533600345253944,-0.012197371572256088,0.0593219042781057,5.53875236653326,0.061559326965106256,0.02556335930790772,0.003993289470899259,0.00569265422756607,0.11007488793375113,0.02554143100439741,0.005274305620598155,0.006916425583905123,0.010338637273771966,0.012227546739872074,0.04140524049780575,0.028294617466373472,0.003047958315791601,0.0010678310313884732,0.002906255501330548,0.003934509761720553,0.01918502655705565,0.0,0.0,5.390111591915878e-06,4.208458393572397e-05,0.0008373247651631302,0.00048446699681584695,0.0004411925006879878,0.006082803170912589,0.0027857891049643067,0.0025194075286043326,0.025618798182803437,0.11527434222340631,True,False,False,73
Stage1,S1_030,4.0,0.01,0.0,0.0,44.3,1.5098074436187745,0.7332729279994965,0.22291968613862992,0.07859763950109482,1.2361379981040954,0.15252427160739898,0.05070302933454514,0.08676922991871834,0.0360662005841732,0.17852543890476227,0.1859151914715767,0.03337878435850143,0.3968742430210114,0.2953684747219086,0.3077572762966156,0.9193027621807932,0.669208139942269,0.0,0.0,0.5549623310565949,0.3140838235616684,0.0004073441028594971,-0.0002562537789344788,-0.0005276456475257873,0.000590825080871582,-0.0012622304260730744,-0.008431414887309075,-0.012211199849843979,0.0576791537341936,5.53875236653326,0.061393347132384035,0.025569874498209275,0.003993941222769013,0.005695090469651237,0.110135850569788,0.025568059720183955,0.005256375868910731,0.006916425583905123,0.01032066767677304,0.012205786846880477,0.04140524049780575,0.028363830936653543,0.0030778178922979795,0.001073757687216982,0.002912263325633906,0.00395586885724126,0.019137539466530126,0.0,0.0,2.3367673075548463e-06,2.0676326591947005e-05,0.0008268293859823004,0.0004840487923552455,0.0004380736669848636,0.006013759701420856,0.002758074865570186,0.0025082356820135565,0.0253625651668174,0.11380407234616367,True,False,False,74
Stage1,S1_029,4.0,0.005,0.0,0.0,44.3,1.5102108120918274,0.7332670748233795,0.22291658967733383,0.07859993129968643,1.2361278057098388,0.15252577513456345,0.05065214484930038,0.08676922991871834,0.03611708506941795,0.1783687710762024,0.1859151914715767,0.03337121158838272,0.3984453290700912,0.2952933222055435,0.30626134276390077,0.9190421520108852,0.6695073696305605,0.0,0.0,0.5547482311725617,0.31462051868438723,0.0004014909267425537,-0.0002593502402305603,-0.0005253538489341736,0.0005806326866149902,-0.001260726898908615,-0.008380530402064323,-0.012218772619962692,0.05686504423598056,5.53875236653326,0.061310390365142596,0.02557314918137036,0.003994220712787588,0.0056963063294612325,0.11016631786390402,0.025581383498660352,0.005247530097826669,0.006916425583905123,0.01031174628368755,0.012195174069648974,0.04140524049780575,0.028400352137613678,0.0030930683223158607,0.00107712920542778,0.002915355422648448,0.003966523802809069,0.019113685458036638,0.0,0.0,1.0671469591033284e-06,1.026308022353602e-05,0.0008216261028839661,0.0004838412701728435,0.0004365091402737111,0.005979304424878168,0.0027442276096587177,0.002502712940363892,0.025235453335149077,0.11307505970424213,True,False,False,75
Stage1,S1_054,8.0,0.1,0.0,0.0,46.0,2.2833436250686647,0.7343648195266723,0.22296740263700485,0.0784544125199318,1.2401980996131896,0.1525913506746292,0.055230016261339186,0.08676922991871834,0.03153921365737915,0.19357407242059707,0.1859151914715767,0.03499087989330292,0.36855500638484956,0.2961094617843628,0.3353355497121811,0.9239108924905131,0.6638870268843651,0.0,0.0,0.5569968163967133,0.303299218416214,0.0014992356300354004,-0.0002085372805595398,-0.0006708726286888123,0.004650926589965821,-0.0011951513588428497,-0.012958401814103127,-0.010599104315042495,0.20866827379406336,3.9440531887330774,0.0970306902264149,0.025160310142339007,0.003872922885418068,0.005509036556792118,0.10679504515962979,0.024046811005831538,0.005714020286127272,0.006916425583905123,0.011008843523657845,0.014178456315242146,0.04140524049780575,0.029385163003038853,0.0028430646875408708,0.0009997741640184476,0.0028944823900246227,0.00380387050777722,0.01955487502730714,0.0,0.0,3.631891700361944e-05,0.0001427087173311093,0.0014074474760036688,0.0006025596971691718,0.0006488451020705676,0.009826567232088449,0.0044526703971845836,0.002487116481949796,0.03941243910291578,0.19752628058410432,True,False,False,76
Stage1,S1_047,6.0,0.1,0.0,0.0,46.0,1.8929482221603393,0.7339212357997894,0.2229759842157364,0.0785126194357872,1.2384989619255067,0.15261382311582566,0.05374453775584698,0.08676922991871834,0.033024692162871364,0.18885423392057418,0.1859151914715767,0.03513891100883484,0.3685616791248322,0.29610812962055205,0.3353301823139191,0.9239098524140662,0.6638874999844515,0.0,0.0,0.5569974958896637,0.30330213308334353,0.001055651903152466,-0.00019995570182800292,-0.0006126657128334046,0.002951788902282715,-0.001172678917646408,-0.011472923308610916,-0.010451073199510575,0.14762478177337962,3.9440531887330774,0.07992136775576367,0.02526247242679759,0.003920430670597232,0.00555529893432808,0.10775397425251763,0.024483857114196723,0.005650543925564659,0.006916425583905123,0.011009539722141751,0.01443803656798457,0.04140524049780575,0.02862714850065938,0.0028421721053671863,0.0009993618253728341,0.002893058440689829,0.0038038837502271643,0.019554864219076387,0.0,0.0,3.647416885245096e-05,0.0001434272377079874,0.0012860470975558777,0.0005573466448041437,0.0005855439573702881,0.00870723145263148,0.004019860745504235,0.002386933209648587,0.035165713657539184,0.1798058690079257,True,False,False,77
Stage1,S1_040,5.0,0.1,0.0,0.0,46.0,1.6976816773414611,0.733691543340683,0.2229827120900154,0.07855234518647194,1.2376380801200866,0.15264531150460242,0.05280493833124637,0.08676922991871834,0.03396429158747196,0.18577880114316941,0.1859151914715767,0.0352313905954361,0.3685658723115921,0.29610735177993774,0.3353267788887024,0.9239092054063391,0.6638878128307423,0.0,0.0,0.5569979012012481,0.30330394506454467,0.0008259594440460205,-0.0001932278275489807,-0.0005729399621486664,0.002090907096862793,-0.001141190528869629,-0.010533323884010315,-0.010358593612909316,0.11596487679285454,3.9440531887330774,0.0713836576362863,0.025326747782304343,0.003947055901960331,0.005585256331342424,0.10837580062938006,0.02477125851418277,0.005611699317008341,0.006916425583905123,0.011007941492110823,0.014572289015874634,0.04140524049780575,0.028576855216612393,0.002841602446964748,0.00099909421081185,0.002892131132234099,0.0038038946121993497,0.019554860431371942,0.0,0.0,3.656594174565847e-05,0.00014392371713113094,0.0012045146370355641,0.0005318819961675932,0.0005437621756375291,0.007999651460859762,0.003733426276686437,0.0023290152743662947,0.032491192250546384,0.16811288034639157,True,False,False,78
Stage1,S1_055,8.0,0.2,0.0,0.0,46.5,2.265856385231018,0.7346687555313111,0.2230545774102211,0.07841459289193153,1.2411822915077209,0.15268025547266006,0.05672839693725109,0.08676922991871834,0.030040832981467248,0.1975422501564026,0.1859151914715767,0.03563394993543625,0.3375962287187576,0.2953765571117401,0.3670272171497345,0.9287709504434124,0.6581107644712472,0.0,0.0,0.5552609980106353,0.2891381710767746,0.0018031716346740723,-0.00012136250734329224,-0.0007106922566890717,0.005635118484497071,-0.0011062465608119964,-0.01445678249001503,-0.009956034272909165,0.250575246766498,3.8369548110737792,0.10027094169053402,0.025073480744781794,0.0038451040782824333,0.005472313156680606,0.10648105374929957,0.023786860091980264,0.005720187354840839,0.006916425583905123,0.011059525314456389,0.014158065078361063,0.04140524049780575,0.02948918207314504,0.0026220243395008017,0.0009762365443641225,0.0028791421967949826,0.0036353923850532847,0.0199839490170592,0.0,0.0,0.000120392130092575,0.000317089126472163,0.0015408212615551995,0.0006148985568629218,0.0007018447116190465,0.010237885695059791,0.004737032570505803,0.0027220777174605977,0.04244129214806667,0.2167997651615753,True,False,False,79
Stage1,S1_048,6.0,0.2,0.0,0.0,46.5,1.8799015641212464,0.7341483533382416,0.22304752171039582,0.07847266420722007,1.239229941368103,0.15268291756510735,0.05509890392422676,0.08676922991871834,0.03167032599449158,0.19255628287792206,0.1859151914715767,0.03503810316324234,0.3376085162162781,0.29537393450737,0.36701755225658417,0.9287689921345258,0.6581113604436781,0.0,0.0,0.5552635550498962,0.2891444474458694,0.0012827694416046142,-0.0001284182071685791,-0.000652620941400528,0.0036827683448791503,-0.0011035844683647156,-0.012827289476990699,-0.010551881045103073,0.1790047298806194,3.8369548110737792,0.08235059246532246,0.025183592955422874,0.003915223194166549,0.005522255322729665,0.10749473390526561,0.024255372705749373,0.005655875399606286,0.006916425583905123,0.011060413809683738,0.014440778353413123,0.04140524049780575,0.02910609608191002,0.002620714965424203,0.0009756989070515786,0.002876968069070788,0.0036354267474796283,0.019983933479435542,0.0,0.0,0.00012112022718524918,0.0003186078108700572,0.0014141474125248339,0.0005621921206388609,0.0006321625520991543,0.009052141028383686,0.004273412943586453,0.002580966491299561,0.03857904022777244,0.19814152972501048,True,False,False,80
Stage1,S1_041,5.0,0.2,0.0,0.0,46.5,1.686849045753479,0.7338763475418091,0.22304342389106752,0.07851276323199272,1.2382332921028136,0.15270116031169892,0.05406070090830326,0.08676922991871834,0.03270852901041508,0.1892606347799301,0.1859151914715767,0.03515973836183548,0.3376162379980087,0.29537235796451566,0.3670113980770111,0.9287677683179455,0.6581117622702221,0.0,0.0,0.5552651643753052,0.28914841413497927,0.001010763645172119,-0.0001325160264968872,-0.0006125219166278839,0.0026861190795898437,-0.0010853417217731476,-0.011789086461067199,-0.010430245846509933,0.14153847236903477,3.8369548110737792,0.07340502805003417,0.02525401427598637,0.003956203527132811,0.005554839563572095,0.10817004917609918,0.02457060360762549,0.005618135703744791,0.006916425583905123,0.011058989463164689,0.014609899178762181,0.04140524049780575,0.02864412321007397,0.0026199254800198402,0.0009753390437061035,0.0028755962140498592,0.003635449371555799,0.019983926178738398,0.0,0.0,0.00012158736279029452,0.0003195708660159495,0.0013289834877741806,0.0005343680038366817,0.0005856904014933918,0.008288717372751126,0.003961091926515372,0.002499305132400404,0.035613603699023146,0.1858311300353552,True,False,False,81
Stage1,S1_034,4.0,0.2,0.0,0.0,46.5,1.493727719783783,0.7336033582687378,0.22303885370492935,0.07856485694646835,1.237274742126465,0.1527449071407318,0.0528087317943573,0.08676922991871834,0.03396049812436104,0.18518594205379485,0.1859151914715767,0.03530551344156265,0.33762547969818113,0.2953705132007599,0.3670039802789688,0.9287663074674235,0.6581122668164345,0.0,0.0,0.5552670955657959,0.28915314078330995,0.00073777437210083,-0.0001370862126350403,-0.0005604282021522522,0.0017275691032409668,-0.0010415948927402496,-0.010537117347121238,-0.010284470766782761,0.1038747154230927,3.8369548110737792,0.06447759942204483,0.02533854575141678,0.004001439740375915,0.005594422915495008,0.10901727383237739,0.02496718851031543,0.005578038586720228,0.006916425583905123,0.011056875156132318,0.0147885221348571,0.04140524049780575,0.02863717912811048,0.0026189853878271813,0.0009748264867819825,0.002873935643334547,0.0036354824751652116,0.019983915996790346,0.0,0.0,0.00012215708868166392,0.0003207665033393121,0.0012221868758777541,0.0005066642640269135,0.0005276343975695137,0.007351731223864842,0.0035678377559110086,0.0024098309150535112,0.032065564472917446,0.1705888795406851,True,False,False,82
Stage1,S1_042,5.0,0.4,0.0,0.0,47.2,1.6643163084983825,0.7343426585197449,0.22327075004577637,0.07841667085886002,1.2392925381660462,0.1527559630572796,0.0564841452986002,0.08676922991871834,0.03028508462011814,0.19594364017248153,0.1859151914715767,0.03594649732112885,0.27847116589546206,0.2889742642641068,0.4325545698404312,0.9376423659161462,0.6470019458175805,0.0,0.0,0.5398556590080261,0.25540246069431305,0.0014770746231079102,9.48101282119751e-05,-0.0007086142897605896,0.003745365142822266,-0.0010305389761924744,-0.014212530851364136,-0.009643486887216567,0.2060149875077854,3.084008934992101,0.07729510092864549,0.02508645951491626,0.0039018849540982904,0.005479659445687714,0.10638740177021358,0.023993632475357334,0.005805549806557688,0.006916425583905123,0.01127422108516957,0.01481425407170825,0.04140524049780575,0.029791177340582554,0.0020785302934273075,0.001118349620332402,0.0026850751776131953,0.0032337594787165878,0.020757298483690362,0.0,0.0,0.000317136471529321,0.0005791470596882562,0.0016862283829452626,0.0006173523220130257,0.0006665743336284797,0.010156866090455787,0.004571006991637105,0.002713406531605601,0.0414922936053298,0.23591606240475566,True,False,False,83
Stage1,S1_035,4.0,0.4,0.0,0.0,46.5,1.4757838487625121,0.7339059948921204,0.22318235039710999,0.0784913033246994,1.237847363948822,0.15275978073477745,0.05483697466552258,0.08676922991871834,0.03193225525319576,0.19106252789497374,0.1859151914715767,0.0353881761431694,0.27870517075061796,0.28888924419879913,0.4324055701494217,0.9375963407762951,0.6469989672994181,0.0,0.0,0.5399377584457398,0.2555543065071106,0.0010404109954833985,6.4104795455932615e-06,-0.0006339818239212037,0.0023001909255981447,-0.0010267212986946107,-0.012565360218286515,-0.01020180806517601,0.14580739011726512,3.8369548110737792,0.06758980963970161,0.025210720903157537,0.003978127320090489,0.00553859353366827,0.10770367100618289,0.024424004834551524,0.0058503390063251275,0.006916425583905123,0.011324135810823947,0.015037448391551243,0.04140524049780575,0.029220952886473386,0.002220803295666559,0.00105722203171022,0.002793265462676722,0.0032569977602303515,0.020751395162145792,0.0,0.0,0.00039555922061956984,0.000727077413029849,0.0014765273997581513,0.0005116940261604843,0.0006107349592360273,0.008891567685634491,0.004140913252238088,0.002716631885853699,0.037345483390296606,0.20654538616798365,True,False,False,84
Stage1,S1_027,3.0,0.2,0.0,0.0,46.0,1.3005189299583435,0.7333407163619995,0.22306092083454132,0.07863137274980544,1.2362035870552064,0.1527750924229622,0.051155929639935496,0.08676922991871834,0.035613300278782845,0.1798911988735199,0.1859151914715767,0.03557601124048233,0.33771237134933474,0.29533614218235016,0.3669514685869217,0.928751489738913,0.658109573496971,0.0,0.0,0.5552837967872619,0.2891975104808807,0.0004751324653625488,-0.00011501908302307129,-0.000493912398815155,0.0006564140319824218,-0.0010114096105098725,-0.008884315192699433,-0.010013972967863083,0.06754096462410053,3.9440531887330774,0.055584081782976226,0.02544142068634824,0.004003779149906632,0.005643470559011931,0.10959441103136727,0.025362328958224663,0.005680955598479952,0.006916425583905123,0.01115153958482809,0.01509657777217822,0.04140524049780575,0.02974418691750196,0.0025934682369774253,0.0009788861491364165,0.0028570089370120503,0.0036204806266392285,0.019988947002637026,0.0,0.0,0.0001227911099939554,0.0003236781880127781,0.0010798571248360255,0.0004768600473792109,0.00045795573350253314,0.0066849356242338395,0.0031605803969151705,0.0023309645378019133,0.02774881197928536,0.15054419147449763,True,False,False,85
Stage1,S1_049,6.0,0.4,0.0,0.0,47.2,1.8527623176574708,0.7346988379955292,0.22328424751758574,0.07837994322180748,1.2405858516693116,0.15277998223900796,0.05768752135336399,0.08676922991871834,0.029081708565354348,0.19952519237995148,0.1859151914715767,0.03694479912519455,0.27845808267593386,0.28897700309753416,0.43256492018699644,0.9376446120042686,0.647001559605017,0.0,0.0,0.5398504376411438,0.2553939074277878,0.001833254098892212,0.0001083076000213623,-0.0007453419268131257,0.0050386786460876465,-0.0010065197944641112,-0.01541590690612793,-0.008645185083150864,0.25504919963549977,3.084008934992101,0.08701440842434692,0.025001586579248163,0.0038539246878753516,0.0054425575939134295,0.10559870657366556,0.023654509124572613,0.005863509944865191,0.006916425583905123,0.011291163835516172,0.014639765776359854,0.04140524049780575,0.029670959053527186,0.0020797505868929275,0.001118542546568654,0.0026872751697022495,0.003233791727369083,0.02075735325180172,0.0,0.0,0.00031565232168781824,0.0005772840826585079,0.0017992032359527743,0.0006475495784035566,0.0007180318571192451,0.011038810137304957,0.004908495338198566,0.0028219176926725063,0.04381931596390622,0.2522188320752271,True,False,False,86
Stage1,S1_028,3.0,0.4,0.0,0.0,46.5,1.2871328234672545,0.7335541844367981,0.22315747141838074,0.07856179028749466,1.236706829071045,0.1528008058667183,0.053015242144465444,0.08676922991871834,0.03375398777425289,0.18520599454641343,0.1859151914715767,0.035560664534568784,0.27872548401355746,0.28888517022132876,0.4323893368244171,0.9375928748547281,0.6469996364600676,0.0,0.0,0.5399459183216095,0.2555676132440567,0.0006886005401611328,-1.8468499183654787e-05,-0.000563494861125946,0.0011596560478210449,-0.0009856961667537689,-0.010743627697229386,-0.010029319673776627,0.0972042408786291,3.8369548110737792,0.05791161614767913,0.025332529589367183,0.004035596796056179,0.005596301988134359,0.10894656532506738,0.024994118074404603,0.005764844800792065,0.006916425583905123,0.011283566760878124,0.015249860273492694,0.04140524049780575,0.02896576683859185,0.0022198766465529886,0.0010567301033837604,0.0027906225897437447,0.003257034176540815,0.020751376052796536,0.0,0.0,0.00039780197284065036,0.0007300529729655893,0.0013035651365476454,0.0004814481348941884,0.0005260765505567074,0.007524480527138991,0.003571628053872618,0.0025677297405416783,0.032196708546286895,0.18204430331306276,True,False,False,87
Stage1,S1_056,8.0,0.4,0.0,0.0,47.2,2.2294694900512697,0.7353731036186218,0.22330499440431595,0.07832928970456124,1.243094265460968,0.15284474045038224,0.05954847037792206,0.08676922991871834,0.02722075954079628,0.2048206716775894,0.1859151914715767,0.03899393528699875,0.2784374237060547,0.2889814704656601,0.43258109092712405,0.9376481765245022,0.6470009921189165,0.0,0.0,0.5398422241210937,0.25538038909435273,0.002507519721984863,0.0001290544867515564,-0.0007959954440593719,0.0075470924377441405,-0.0009417615830898285,-0.017276855930685998,-0.006596048921346664,0.3477472925317696,3.084008934992101,0.1064743412563441,0.024868768876643087,0.0037709040586722106,0.0053859233626770715,0.10444245754017346,0.023164699765435313,0.005959275093099131,0.006916425583905123,0.011313480080555854,0.014347356801308745,0.04140524049780575,0.029419350196386466,0.0020817411809670883,0.0011187768590439878,0.002690750387621217,0.0032338458427879544,0.020757437910906843,0.0,0.0,0.0003133786063613064,0.0005744373712336633,0.0019689366131779578,0.0007064553238162855,0.0007938838551917346,0.012376689972523783,0.005395706649464753,0.0030027359356814523,0.04696410347874034,0.27709928927369326,True,False,False,88
Stage1,S1_021,2.0,0.4,0.0,0.0,46.5,1.098328423500061,0.7332271814346314,0.22312218695878983,0.07866634875535965,1.235807681083679,0.15292904004454613,0.050677623227238656,0.08676922991871834,0.036091606691479684,0.17742491215467454,0.1859151914715767,0.03586192429065704,0.27875161468982695,0.2888800412416458,0.4323683470487595,0.9375884345470199,0.647000535120334,0.0,0.0,0.53995640873909,0.25558469593524935,0.0003615975379943848,-5.375295877456665e-05,-0.0004589363932609558,0.0002605080604553223,-0.0008574619889259339,-0.008406008780002593,-0.00972805991768837,0.05184337785281686,3.8369548110737792,0.048295441226210885,0.02548688617437652,0.004098099923354326,0.005670978818059295,0.11060215062220229,0.025762459031787022,0.005652439605661887,0.006916425583905123,0.01121488555299408,0.015428746865934826,0.04140524049780575,0.030394756644138925,0.0022189400798162525,0.001055977836493968,0.002787410543992987,0.003257099423622164,0.020751349449205016,0.0,0.0,0.0004008511278030221,0.000733994599664548,0.001071309486900403,0.0004553816575963566,0.0004136042961891699,0.005739863702240362,0.0028038235078204792,0.0023922299347962955,0.025887108877924496,0.14948381757492982,True,False,False,89
