Stage,Config ID,lambda_fin,hybrid_delta,prior_kl_weight,min_allocation,Best Epoch,Best Validation Objective,Seed,Method,CRPS,Direction Brier,Tail Brier,Stress CRPS,Stress Tail Brier,Mean predicted tail probability,Observed tail frequency,Tail calibration gap,Stress predicted tail probability,Stress observed tail frequency,Stress tail calibration gap,Mean pi_D,Mean pi_N,Mean pi_T,"Corr(risk, pi_T)","Corr(dir_unc, pi_D)",Risk monotonic violations,Dir monotonic violations,Delta pi_T risk 0->1,Delta pi_D dir 0->1,CRPS Delta,Direction Brier Delta,Tail Brier Delta,Stress CRPS Delta,Stress Tail Brier Delta,Tail calibration gap Delta,Stress tail calibration gap Delta,CRPS Delta %
Stage1,S1_001,0.5,0.005,0.0,0.0,43,0.83118736743927,101,monotonic_hybrid,0.7690008282661438,0.23112696409225464,0.07873091846704483,1.2420834302902222,0.1585274636745453,0.045539818704128265,0.08692307770252228,0.04138325899839401,0.1579199880361557,0.19847328960895538,0.04055330157279968,0.39401957392692566,0.2954481244087219,0.3105323016643524,0.9183605747566089,0.6506775076969942,0,0,0.5547482967376709,0.31462362408638,-4.410743713378906e-05,-7.396936416625977e-05,-0.00011955946683883667,-0.0008043050765991211,-0.0006167888641357422,-0.0015283823013305664,-0.006080418825149536,-0.005735352394389492
Stage1,S1_001,0.5,0.005,0.0,0.0,43,0.7641163468360901,102,monotonic_hybrid,0.7371756434440613,0.21703115105628967,0.08026386797428131,1.490114688873291,0.20413705706596375,0.03737157583236694,0.08923076838254929,0.05185919255018234,0.1438438892364502,0.2539682686328888,0.1101243793964386,0.3976460099220276,0.29521676898002625,0.30713722109794617,0.9233311026000643,0.6427582705088463,0,0,0.55474853515625,0.3146209120750427,-0.0003383755683898926,-6.139278411865234e-05,-0.00023154914379119873,-0.0031502246856689453,-0.0013378709554672241,-0.0015886984765529633,-0.006203055381774902,-0.04588056086621723
Stage1,S1_001,0.5,0.005,0.0,0.0,16,0.7908399105072021,103,monotonic_hybrid,0.708645224571228,0.22281181812286377,0.07880833745002747,1.1715173721313477,0.12799836695194244,0.03913511335849762,0.08538461476564407,0.046249501407146454,0.12810277938842773,0.14159291982650757,0.013490140438079834,0.4009300768375397,0.2944154143333435,0.3046545386314392,0.9162458514389668,0.6448764997259316,0,0,0.5547618865966797,0.3147839903831482,7.18235969543457e-05,-7.718801498413086e-06,-0.00013631582260131836,-0.00014209747314453125,7.227063179016113e-06,-0.0015857182443141937,-0.005391970276832581,0.010136366515535265
Stage1,S1_001,0.5,0.005,0.0,0.0,49,0.8444265723228455,104,monotonic_hybrid,0.718230128288269,0.22744311392307281,0.07238467037677765,1.2308707237243652,0.15065082907676697,0.05250114947557449,0.07999999821186066,0.027498848736286163,0.16095460951328278,0.18110236525535583,0.02014775574207306,0.3972128629684448,0.2943330407142639,0.30845412611961365,0.9172006469880165,0.671202145937854,0,0,0.5547465085983276,0.314621239900589,0.00018745660781860352,-0.0008044242858886719,-0.00020471960306167603,0.001172780990600586,-0.000362396240234375,-0.004971612244844437,-0.010367810726165771,0.026106611098738026
Stage1,S1_001,0.5,0.005,0.0,0.0,43,0.8149452805519104,105,monotonic_hybrid,0.701793372631073,0.2199578583240509,0.07098177075386047,1.140281081199646,0.12774629890918732,0.04834659397602081,0.07538461685180664,0.027038022875785828,0.1768026351928711,0.1376146674156189,0.0391879677772522,0.40458205342292786,0.2942333519458771,0.30118462443351746,0.9153076087052526,0.6733467552748139,0,0,0.5547481775283813,0.3146223723888397,0.00018733739852905273,7.259845733642578e-05,1.9669532775878906e-05,0.0003107786178588867,0.00039787590503692627,-0.0014697499573230743,0.005185917019844055,0.026701223923617
Stage1,S1_001,0.5,0.005,0.0,0.0,50,0.8006851673126221,106,monotonic_hybrid,0.7445268630981445,0.22502249479293823,0.07672839611768723,1.1881951093673706,0.12097533047199249,0.04362006485462189,0.08384615182876587,0.04022608697414398,0.1644875854253769,0.14851485192775726,0.01597273349761963,0.4002746641635895,0.2968573570251465,0.3028680086135864,0.9157544416154312,0.66974892488884,0,0,0.5547475218772888,0.3146093189716339,6.312131881713867e-05,5.336105823516846e-05,-4.693865776062012e-05,0.0006260871887207031,0.00011016428470611572,-0.0012484043836593628,0.006588071584701538,0.008478763339941004
Stage1,S1_001,0.5,0.005,0.0,0.0,42,0.8774857521057129,107,monotonic_hybrid,0.7797709107398987,0.22340013086795807,0.09146375209093094,1.282943844795227,0.15458551049232483,0.04252803698182106,0.10076922923326492,0.05824119225144386,0.148660808801651,0.19130434095859528,0.042643532156944275,0.3955537676811218,0.2968106269836426,0.3076356053352356,0.9221765048223373,0.6791823418189862,0,0,0.5547487735748291,0.31462210416793823,-0.00025719404220581055,1.595914363861084e-05,-0.00019603967666625977,-0.0006351470947265625,-0.0004886984825134277,-0.0015360116958618164,-0.005018636584281921,-0.03297240710033851
Stage1,S1_001,0.5,0.005,0.0,0.0,50,0.7909450531005859,108,monotonic_hybrid,0.735098123550415,0.2233453392982483,0.0835166871547699,1.2922219038009644,0.19384068250656128,0.04478584975004196,0.0930769219994545,0.04829107224941254,0.1604410856962204,0.25,0.0895589143037796,0.400214284658432,0.2939458191394806,0.3058398962020874,0.9173213903625826,0.6930749774784062,0,0,0.554747462272644,0.31460967659950256,-0.0001766681671142578,-7.44163990020752e-05,-0.00015205144882202148,-0.0010200738906860352,-0.0010589510202407837,-0.001426059752702713,-0.005663231015205383,-0.024027502248727774
Stage1,S1_001,0.5,0.005,0.0,0.0,40,0.8251069784164429,109,monotonic_hybrid,0.7248750329017639,0.22141465544700623,0.08151727169752121,1.0570989847183228,0.13634951412677765,0.04181911051273346,0.08769230544567108,0.04587319493293762,0.1555870622396469,0.1599999964237213,0.004412934184074402,0.3988257646560669,0.2964283227920532,0.3047459125518799,0.9171641692014473,0.7002392324907918,0,0,0.5547489523887634,0.3146277666091919,0.0001366138458251953,-5.1647424697875977e-05,-1.3090670108795166e-05,0.0006573200225830078,7.31050968170166e-05,-0.0010542236268520355,-0.0046905577182769775,0.018850090216433083
Stage1,S1_001,0.5,0.005,0.0,0.0,42,0.8483846187591553,110,monotonic_hybrid,0.709230363368988,0.2192842662334442,0.07562725245952606,1.2564176321029663,0.1592867076396942,0.04465271905064583,0.08538461476564407,0.040731895714998245,0.15311643481254578,0.19658119976520538,0.04346476495265961,0.3956199288368225,0.29505637288093567,0.3093236982822418,0.9274758359262812,0.6699704321451004,0,0,0.5547485947608948,0.31462231278419495,-0.00013947486877441406,1.0117888450622559e-05,-0.00014931708574295044,-0.0007423162460327148,-0.0004909634590148926,-0.001175127923488617,-0.0047019124031066895,-0.019661798578989722
Stage1,S1_002,0.5,0.01,0.0,0.0,43,0.8311405777931213,101,monotonic_hybrid,0.7690010666847229,0.23112797737121582,0.078730009496212,1.2420761585235596,0.1585240513086319,0.0455520823597908,0.08692307770252228,0.041370995342731476,0.15795907378196716,0.19847328960895538,0.04051421582698822,0.3924577832221985,0.29551106691360474,0.3120311498641968,0.9186293905786671,0.6503390701090308,0,0,0.5549623966217041,0.3140898644924164,-4.38690185546875e-05,-7.295608520507812e-05,-0.00012046843767166138,-0.0008115768432617188,-0.0006202012300491333,-0.001540645956993103,-0.0061195045709609985,-0.005704350489554954
Stage1,S1_002,0.5,0.01,0.0,0.0,43,0.7640488147735596,102,monotonic_hybrid,0.7371745705604553,0.21703191101551056,0.08026278018951416,1.4900990724563599,0.20413066446781158,0.03737880289554596,0.08923076838254929,0.051851965487003326,0.14387373626232147,0.2539682686328888,0.11009453237056732,0.3960757255554199,0.2952897846698761,0.308634489774704,0.9235785026750984,0.6424459230435019,0,0,0.5549628734588623,0.3140844702720642,-0.0003394484519958496,-6.063282489776611e-05,-0.0002326369285583496,-0.0031658411026000977,-0.0013442635536193848,-0.0015959255397319794,-0.006232902407646179,-0.04602603384412667
Stage1,S1_002,0.5,0.01,0.0,0.0,16,0.7907965779304504,103,monotonic_hybrid,0.7086457014083862,0.22281230986118317,0.07880762964487076,1.171518087387085,0.12799875438213348,0.03914381191134453,0.08538461476564407,0.046240802854299545,0.12812715768814087,0.14159291982650757,0.0134657621383667,0.3997904658317566,0.2942945957183838,0.30591490864753723,0.9164354838691965,0.6445192185248309,0,0,0.55499267578125,0.31441235542297363,7.230043411254883e-05,-7.227063179016113e-06,-0.00013702362775802612,-0.00014138221740722656,7.614493370056152e-06,-0.0015944167971611023,-0.005416348576545715,0.010203661894891516
Stage1,S1_002,0.5,0.01,0.0,0.0,49,0.8443928956985474,104,monotonic_hybrid,0.7182324528694153,0.22744382917881012,0.07238414138555527,1.2308751344680786,0.15064993500709534,0.05251571163535118,0.07999999821186066,0.027484286576509476,0.16099075973033905,0.18110236525535583,0.020111605525016785,0.3956432640552521,0.2944149076938629,0.309941828250885,0.9174741456482249,0.6708909345920697,0,0,0.5549587607383728,0.3140850365161896,0.00018978118896484375,-0.0008037090301513672,-0.00020524859428405762,0.0011771917343139648,-0.00036329030990600586,-0.004986174404621124,-0.010403960943222046,0.02643034967834082
Stage1,S1_002,0.5,0.01,0.0,0.0,43,0.8148999214172363,105,monotonic_hybrid,0.7017956376075745,0.21995873749256134,0.07098191231489182,1.1402859687805176,0.12775002419948578,0.04835982248187065,0.07538461685180664,0.02702479436993599,0.17684219777584076,0.1376146674156189,0.03922753036022186,0.4030129313468933,0.2943216562271118,0.30266544222831726,0.915561411339475,0.6730523784775165,0,0,0.5549623370170593,0.3140873312950134,0.00018960237503051758,7.347762584686279e-05,1.981109380722046e-05,0.00031566619873046875,0.0004016011953353882,-0.0014829784631729126,0.005225479602813721,0.027024051320720863
Stage1,S1_002,0.5,0.01,0.0,0.0,50,0.8006225824356079,106,monotonic_hybrid,0.7445269227027893,0.22502298653125763,0.07672779262065887,1.1882035732269287,0.1209767758846283,0.04363095387816429,0.08384615182876587,0.04021519795060158,0.1645306795835495,0.14851485192775726,0.016015827655792236,0.3986695408821106,0.29695233702659607,0.3043781816959381,0.9160253258356604,0.669448300281528,0,0,0.5549605488777161,0.31406116485595703,6.318092346191406e-05,5.385279655456543e-05,-4.754215478897095e-05,0.0006345510482788086,0.00011160969734191895,-0.001259293407201767,0.0066311657428741455,0.008486769726475414
Stage1,S1_002,0.5,0.01,0.0,0.0,42,0.8774474263191223,107,monotonic_hybrid,0.7797698378562927,0.22340095043182373,0.091462641954422,1.2829350233078003,0.15458276867866516,0.04253759980201721,0.10076922923326492,0.05823162943124771,0.14869071543216705,0.19130434095859528,0.04261362552642822,0.3939926326274872,0.296875,0.3091323971748352,0.9224267738800136,0.6788966277272886,0,0,0.5549635291099548,0.31408679485321045,-0.0002582669258117676,1.677870750427246e-05,-0.00019714981317520142,-0.0006439685821533203,-0.0004914402961730957,-0.0015455745160579681,-0.005048543214797974,-0.033109951324627296
Stage1,S1_002,0.5,0.01,0.0,0.0,50,0.7908897995948792,108,monotonic_hybrid,0.7350984811782837,0.22334645688533783,0.08351583778858185,1.2922145128250122,0.19383518397808075,0.044794268906116486,0.0930769219994545,0.04828265309333801,0.160471111536026,0.25,0.089528888463974,0.39861392974853516,0.29403403401374817,0.30735206604003906,0.9175795700028462,0.6928201919338964,0,0,0.5549605488777161,0.3140619695186615,-0.00017631053924560547,-7.329881191253662e-05,-0.0001529008150100708,-0.0010274648666381836,-0.0010644495487213135,-0.001434478908777237,-0.005693256855010986,-0.023978863580208083
Stage1,S1_002,0.5,0.01,0.0,0.0,40,0.8250699043273926,109,monotonic_hybrid,0.7248757481575012,0.22141556441783905,0.08151651173830032,1.0571016073226929,0.1363493949174881,0.0418313592672348,0.08769230544567108,0.04586094617843628,0.1556273251771927,0.1599999964237213,0.0043726712465286255,0.3972746729850769,0.29649490118026733,0.3062303960323334,0.9174283548624558,0.6999551479902819,0,0,0.5549638867378235,0.31409838795661926,0.0001373291015625,-5.073845386505127e-05,-1.3850629329681396e-05,0.000659942626953125,7.298588752746582e-05,-0.0010664723813533783,-0.004730820655822754,0.01894878178824687
Stage1,S1_002,0.5,0.01,0.0,0.0,42,0.8483390212059021,110,monotonic_hybrid,0.7092292904853821,0.2192850410938263,0.07562623172998428,1.2564113140106201,0.1592838019132614,0.04466080665588379,0.08538461476564407,0.040723808109760284,0.15314793586730957,0.19658119976520538,0.04343326389789581,0.39405912160873413,0.2951222062110901,0.3108186721801758,0.9277226143556319,0.6697189203474548,0,0,0.554963231086731,0.3140873610973358,-0.0001405477523803711,1.0892748832702637e-05,-0.000150337815284729,-0.0007486343383789062,-0.0004938691854476929,-0.0011832155287265778,-0.004733413457870483,-0.01981304318344349
Stage1,S1_003,0.5,0.02,0.0,0.0,43,0.8310467600822449,101,monotonic_hybrid,0.7690016031265259,0.231129989027977,0.07872817665338516,1.2420613765716553,0.1585172861814499,0.04557662829756737,0.08692307770252228,0.04134644940495491,0.15803726017475128,0.19847328960895538,0.0404360294342041,0.38933631777763367,0.29562485218048096,0.315038800239563,0.9191651865082363,0.6496632572901206,0,0,0.5553591847419739,0.313003808259964,-4.3332576751708984e-05,-7.094442844390869e-05,-0.00012230128049850464,-0.0008263587951660156,-0.0006269663572311401,-0.0015651918947696686,-0.006197690963745117,-0.005634596203677245
Stage1,S1_003,0.5,0.02,0.0,0.0,43,0.7639133334159851,102,monotonic_hybrid,0.7371724843978882,0.21703341603279114,0.08026061207056046,1.4900678396224976,0.20411789417266846,0.03739321604371071,0.08923076838254929,0.05183755233883858,0.14393335580825806,0.2539682686328888,0.11003491282463074,0.39293748140335083,0.29542383551597595,0.3116386830806732,0.9240712392475798,0.6418228728297973,0,0,0.5553598999977112,0.31299299001693726,-0.0003415346145629883,-5.91278076171875e-05,-0.00023480504751205444,-0.0031970739364624023,-0.0013570338487625122,-0.0016103386878967285,-0.006292521953582764,-0.046308897967839484
Stage1,S1_003,0.5,0.02,0.0,0.0,16,0.7907095551490784,103,monotonic_hybrid,0.7086467742919922,0.22281324863433838,0.07880622148513794,1.17151939868927,0.12799949944019318,0.039161231368780136,0.08538461476564407,0.04622338339686394,0.12817592918872833,0.14159291982650757,0.013416990637779236,0.3975105285644531,0.29404518008232117,0.3084443211555481,0.9168133005561262,0.6438061844556895,0,0,0.5554322004318237,0.3136584758758545,7.337331771850586e-05,-6.288290023803711e-06,-0.00013843178749084473,-0.00014007091522216797,8.359551429748535e-06,-0.0016118362545967102,-0.005465120077133179,0.01035507649844308
Stage1,S1_003,0.5,0.02,0.0,0.0,49,0.8443251848220825,104,monotonic_hybrid,0.7182371020317078,0.22744522988796234,0.0723830834031105,1.230883240699768,0.15064813196659088,0.052544884383678436,0.07999999821186066,0.02745511382818222,0.1610632836818695,0.18110236525535583,0.020039081573486328,0.39250558614730835,0.2945658564567566,0.31292858719825745,0.9180190436113862,0.6702686138043369,0,0,0.555352509021759,0.3129936158657074,0.00019443035125732422,-0.0008023083209991455,-0.0002063065767288208,0.001185297966003418,-0.0003650933504104614,-0.0050153471529483795,-0.010476484894752502,0.027077826837546403
Stage1,S1_003,0.5,0.02,0.0,0.0,43,0.8148087859153748,105,monotonic_hybrid,0.7018000483512878,0.21996049582958221,0.0709822028875351,1.1402958631515503,0.12775751948356628,0.04838629066944122,0.07538461685180664,0.026998326182365417,0.17692135274410248,0.1376146674156189,0.03930668532848358,0.39987632632255554,0.29448622465133667,0.3056374192237854,0.9160674559039202,0.6724646395843118,0,0,0.5553591847419739,0.3129987120628357,0.00019401311874389648,7.523596286773682e-05,2.0101666450500488e-05,0.0003255605697631836,0.00040909647941589355,-0.0015094466507434845,0.0053046345710754395,0.027652715199291546
Stage1,S1_003,0.5,0.02,0.0,0.0,50,0.8004970550537109,106,monotonic_hybrid,0.7445272207260132,0.22502398490905762,0.07672659307718277,1.188220500946045,0.12097970396280289,0.0436527319252491,0.08384615182876587,0.04019341990351677,0.16461677849292755,0.14851485192775726,0.016101926565170288,0.395461767911911,0.2971298098564148,0.3074083924293518,0.9165650635362397,0.6688480879353039,0,0,0.5553542375564575,0.3129456043243408,6.347894668579102e-05,5.485117435455322e-05,-4.8741698265075684e-05,0.0006514787673950195,0.00011453777551651001,-0.0012810714542865753,0.006717264652252197,0.008526801659147468
Stage1,S1_003,0.5,0.02,0.0,0.0,42,0.877370297908783,107,monotonic_hybrid,0.7797676920890808,0.22340261936187744,0.09146042168140411,1.2829174995422363,0.15457729995250702,0.04255670681595802,0.10076922923326492,0.0582125224173069,0.14875052869319916,0.19130434095859528,0.04255381226539612,0.39087289571762085,0.2969917356967926,0.31213539838790894,0.9229252711167644,0.6783263139208983,0,0,0.5553613901138306,0.3129977285861969,-0.00026041269302368164,1.84476375579834e-05,-0.00019937008619308472,-0.0006614923477172852,-0.0004969090223312378,-0.0015646815299987793,-0.005108356475830078,-0.03338503977320486
Stage1,S1_003,0.5,0.02,0.0,0.0,50,0.7907789349555969,108,monotonic_hybrid,0.7350991368293762,0.2233486920595169,0.08351413160562515,1.2921994924545288,0.19382420182228088,0.04481111466884613,0.0930769219994545,0.04826580733060837,0.160531148314476,0.25,0.08946885168552399,0.39541569352149963,0.29419824481010437,0.310386061668396,0.9180940713545898,0.692311274677407,0,0,0.5553542971611023,0.312947154045105,-0.00017565488815307617,-7.106363773345947e-05,-0.00015460699796676636,-0.001042485237121582,-0.0010754317045211792,-0.0014513246715068817,-0.0057532936334609985,-0.02388969268792198
Stage1,S1_003,0.5,0.02,0.0,0.0,40,0.8249953985214233,109,monotonic_hybrid,0.7248772978782654,0.22141742706298828,0.08151499927043915,1.057106852531433,0.1363491415977478,0.04185587167739868,0.08769230544567108,0.0458364337682724,0.15570789575576782,0.1599999964237213,0.004292100667953491,0.39417439699172974,0.29661619663238525,0.309209406375885,0.9179546978038224,0.6993875086106948,0,0,0.5553627014160156,0.3130212426185608,0.00013887882232666016,-4.887580871582031e-05,-1.5363097190856934e-05,0.0006651878356933594,7.273256778717041e-05,-0.0010909847915172577,-0.004811391234397888,0.019162613527176738
Stage1,S1_003,0.5,0.02,0.0,0.0,42,0.8482474684715271,110,monotonic_hybrid,0.7092270851135254,0.21928657591342926,0.07562419772148132,1.2563984394073486,0.15927806496620178,0.044676974415779114,0.08538461476564407,0.04070764034986496,0.15321093797683716,0.19658119976520538,0.043370261788368225,0.390939861536026,0.29524198174476624,0.31381815671920776,0.9282138487838911,0.6692170039248506,0,0,0.5553606748580933,0.31299877166748047,-0.00014275312423706055,1.2427568435668945e-05,-0.0001523718237876892,-0.0007615089416503906,-0.0004996061325073242,-0.0011993832886219025,-0.004796415567398071,-0.020123934870376232
Stage1,S1_004,0.5,0.05,0.0,0.0,43,0.8307629823684692,101,monotonic_hybrid,0.7690032720565796,0.23113605380058289,0.07872270047664642,1.2420172691345215,0.15849706530570984,0.04565032944083214,0.08692307770252228,0.04127274826169014,0.15827172994613647,0.19847328960895538,0.04020155966281891,0.37999191880226135,0.29586899280548096,0.3241390883922577,0.9207575591812014,0.6476445056652653,0,0,0.5562993288040161,0.30959856510162354,-4.166364669799805e-05,-6.48796558380127e-05,-0.00012777745723724365,-0.0008704662322998047,-0.0006471872329711914,-0.001638893038034439,-0.00643216073513031,-0.0054175828698354795
Stage1,S1_004,0.5,0.05,0.0,0.0,43,0.7635042667388916,102,monotonic_hybrid,0.7371659874916077,0.21703796088695526,0.08025410771369934,1.4899743795394897,0.20407968759536743,0.037436410784721375,0.08923076838254929,0.05179435759782791,0.1441119760274887,0.2539682686328888,0.10985629260540009,0.3835451900959015,0.29572930932044983,0.3207254707813263,0.9255327653774803,0.6399669975574209,0,0,0.5562981367111206,0.30957192182540894,-0.00034803152084350586,-5.4582953453063965e-05,-0.00024130940437316895,-0.003290534019470215,-0.0013952404260635376,-0.0016535334289073944,-0.0064711421728134155,-0.04718981766740222
Stage1,S1_004,0.5,0.05,0.0,0.0,16,0.7904461026191711,103,monotonic_hybrid,0.7086498141288757,0.22281621396541595,0.07880198210477829,1.1715238094329834,0.12800182402133942,0.0392136313021183,0.08538461476564407,0.04617098346352577,0.12832249701023102,0.14159291982650757,0.01327042281627655,0.3906649947166443,0.29323434829711914,0.3161006569862366,0.9179349208457802,0.6416796262219552,0,0,0.5565738677978516,0.3113114833831787,7.641315460205078e-05,-3.3229589462280273e-06,-0.00014267116785049438,-0.00013566017150878906,1.068413257598877e-05,-0.0016642361879348755,-0.005611687898635864,0.010784084541839177
Stage1,S1_004,0.5,0.05,0.0,0.0,49,0.8441187739372253,104,monotonic_hybrid,0.7182512879371643,0.2274494767189026,0.072379931807518,1.2309085130691528,0.15064281225204468,0.05263268202543259,0.07999999821186066,0.02736731618642807,0.1612810492515564,0.18110236525535583,0.01982131600379944,0.38310739398002625,0.2949163317680359,0.3219762444496155,0.9196366448760567,0.6684030960759865,0,0,0.556286096572876,0.3095701336860657,0.0002086162567138672,-0.0007980614900588989,-0.00020945817232131958,0.0012105703353881836,-0.00037041306495666504,-0.00510314479470253,-0.010694250464439392,0.029053462272045496
Stage1,S1_004,0.5,0.05,0.0,0.0,43,0.8145331740379333,105,monotonic_hybrid,0.701813280582428,0.21996569633483887,0.07098309695720673,1.1403260231018066,0.12778007984161377,0.04846581816673279,0.07538461685180664,0.026918798685073853,0.17715877294540405,0.1376146674156189,0.039544105529785156,0.390482634305954,0.2948836386203766,0.31463369727134705,0.917572877868209,0.6707096248196273,0,0,0.5562984943389893,0.3095858693122864,0.0002072453498840332,8.043646812438965e-05,2.0995736122131348e-05,0.00035572052001953125,0.0004316568374633789,-0.0015889741480350494,0.005542054772377014,0.029538706835003595
Stage1,S1_004,0.5,0.05,0.0,0.0,50,0.8001177310943604,106,monotonic_hybrid,0.7445278763771057,0.2250269055366516,0.07672300189733505,1.188271403312683,0.12098851054906845,0.04371806979179382,0.08384615182876587,0.040128082036972046,0.16487456858158112,0.14851485192775726,0.016359716653823853,0.38586196303367615,0.2975623607635498,0.3165757358074188,0.9181678635491979,0.6670556372163817,0,0,0.5562764406204224,0.30944716930389404,6.413459777832031e-05,5.777180194854736e-05,-5.233287811279297e-05,0.0007023811340332031,0.00012334436178207397,-0.0013464093208312988,0.006975054740905762,0.008614871911025987
Stage1,S1_004,0.5,0.05,0.0,0.0,42,0.8771356344223022,107,monotonic_hybrid,0.7797613143920898,0.22340752184391022,0.09145374596118927,1.2828655242919922,0.15456096827983856,0.04261411353945732,0.10076922923326492,0.0581551156938076,0.14892984926700592,0.19130434095859528,0.042374491691589355,0.38153696060180664,0.2972453534603119,0.32121768593788147,0.9244042338028335,0.6766242251077849,0,0,0.5563024282455444,0.30958467721939087,-0.00026679039001464844,2.3350119590759277e-05,-0.00020604580640792847,-0.0007134675979614258,-0.0005132406949996948,-0.0016220882534980774,-0.005287677049636841,-0.034202663773143724
Stage1,S1_004,0.5,0.05,0.0,0.0,50,0.790442705154419,108,monotonic_hybrid,0.7351014018058777,0.22335536777973175,0.08350902050733566,1.2921547889709473,0.1937914341688156,0.04486169293522835,0.0930769219994545,0.04821522906422615,0.16071099042892456,0.25,0.08928900957107544,0.38584375381469727,0.29459261894226074,0.3195635974407196,0.9196224854476859,0.6907896400221442,0,0,0.5562768578529358,0.30945125222206116,-0.00017338991165161133,-6.438791751861572e-05,-0.0001597180962562561,-0.001087188720703125,-0.0011081993579864502,-0.0015019029378890991,-0.005933135747909546,-0.023581647787297266
Stage1,S1_004,0.5,0.05,0.0,0.0,40,0.8247694373130798,109,monotonic_hybrid,0.7248818874359131,0.22142289578914642,0.08151044696569443,1.057123064994812,0.13634848594665527,0.04192956164479256,0.08769230544567108,0.045762743800878525,0.1559496819972992,0.1599999964237213,0.004050314426422119,0.38489118218421936,0.296884149312973,0.3182246685028076,0.919517231413257,0.6976889207187388,0,0,0.5563104152679443,0.30964499711990356,0.00014346837997436523,-4.340708255767822e-05,-1.9915401935577393e-05,0.0006814002990722656,7.207691669464111e-05,-0.0011646747589111328,-0.00505317747592926,0.019795884446315196
Stage1,S1_004,0.5,0.05,0.0,0.0,42,0.8479699492454529,110,monotonic_hybrid,0.7092205882072449,0.21929116547107697,0.07561809569597244,1.256360411643982,0.1592608541250229,0.04472566023468971,0.08538461476564407,0.04065895453095436,0.1533999890089035,0.19658119976520538,0.04318121075630188,0.3816044330596924,0.29550525546073914,0.3228903114795685,0.9296687885895438,0.6677199589402724,0,0,0.5563009977340698,0.3095870316028595,-0.00014925003051757812,1.7017126083374023e-05,-0.00015847384929656982,-0.0007995367050170898,-0.0005168169736862183,-0.0012480691075325012,-0.0049854665994644165,-0.021039804975124043
Stage1,S1_005,0.5,0.1,0.0,0.0,43,0.8302830457687378,101,monotonic_hybrid,0.7690063714981079,0.2311462163925171,0.07871364802122116,1.2419445514678955,0.1584637314081192,0.04577315226197243,0.08692307770252228,0.04114992544054985,0.1586618721485138,0.19847328960895538,0.03981141746044159,0.36450374126434326,0.29594936966896057,0.33954691886901855,0.9233599271952208,0.6443103439750886,0,0,0.5570313930511475,0.30344852805137634,-3.8564205169677734e-05,-5.4717063903808594e-05,-0.0001368299126625061,-0.0009431838989257812,-0.0006805211305618286,-0.0017617158591747284,-0.006822302937507629,-0.005014558106986489
Stage1,S1_005,0.5,0.1,0.0,0.0,43,0.7628135085105896,102,monotonic_hybrid,0.7371554970741272,0.21704547107219696,0.08024337887763977,1.4898202419281006,0.2040165662765503,0.03750796616077423,0.08923076838254929,0.051722802221775055,0.1444081962108612,0.2539682686328888,0.10956007242202759,0.36798346042633057,0.29591336846351624,0.3361031413078308,0.9279123238997098,0.6369183272258945,0,0,0.5570212602615356,0.3033963441848755,-0.0003585219383239746,-4.7072768211364746e-05,-0.00025203824043273926,-0.003444671630859375,-0.0014583617448806763,-0.0017250888049602509,-0.006767362356185913,-0.048612220118072334
Stage1,S1_005,0.5,0.1,0.0,0.0,45,0.7898728251457214,103,monotonic_hybrid,0.7078770399093628,0.22220726311206818,0.07877980172634125,1.1720564365386963,0.12791134417057037,0.039656683802604675,0.08538461476564407,0.0457279309630394,0.13382847607135773,0.14159291982650757,0.007764443755149841,0.37048402428627014,0.29548874497413635,0.3340272307395935,0.9214610054247966,0.6382199339192504,0,0,0.5570028424263,0.3033190667629242,-0.0006963610649108887,-0.0006122738122940063,-0.00016485154628753662,0.00039696693420410156,-7.97957181930542e-05,-0.0021072886884212494,-0.011117666959762573,-0.09827648962738464
Stage1,S1_005,0.5,0.1,0.0,0.0,49,0.8437638282775879,104,monotonic_hybrid,0.718275249004364,0.22745664417743683,0.07237472385168076,1.2309515476226807,0.1506342887878418,0.05277978628873825,0.07999999821186066,0.027220211923122406,0.1616445779800415,0.18110236525535583,0.01945778727531433,0.36751583218574524,0.2951587736606598,0.33732539415359497,0.922273877026844,0.665303179837337,0,0,0.557012140750885,0.30338138341903687,0.00023257732391357422,-0.0007908940315246582,-0.00021466612815856934,0.0012536048889160156,-0.0003789365291595459,-0.005250249058008194,-0.0110577791929245,0.03239045993872044
Stage1,S1_005,0.5,0.1,0.0,0.0,43,0.8140665292739868,105,monotonic_hybrid,0.701835572719574,0.2199743241071701,0.07098463922739029,1.1403777599334717,0.12781816720962524,0.04859864339232445,0.07538461685180664,0.026785973459482193,0.17755402624607086,0.1376146674156189,0.039939358830451965,0.3748988211154938,0.29522156715393066,0.32987961173057556,0.9200380606046089,0.6678126611179472,0,0,0.5570274591445923,0.3034231960773468,0.0002295374870300293,8.906424045562744e-05,2.253800630569458e-05,0.0004074573516845703,0.0004697442054748535,-0.001721799373626709,0.005937308073043823,0.03271600805913111
Stage1,S1_005,0.5,0.1,0.0,0.0,50,0.7994771599769592,106,monotonic_hybrid,0.744529128074646,0.225031778216362,0.07671700417995453,1.1883562803268433,0.12100336700677872,0.04382692649960518,0.08384615182876587,0.04001922532916069,0.16530215740203857,0.14851485192775726,0.01678730547428131,0.36995863914489746,0.2979462742805481,0.33209511637687683,0.9207836770726621,0.6640956412817952,0,0,0.5569533705711365,0.30312758684158325,6.538629531860352e-05,6.264448165893555e-05,-5.833059549331665e-05,0.0007872581481933594,0.0001382008194923401,-0.0014552660286426544,0.00740264356136322,0.008783006028248613
Stage1,S1_005,0.5,0.1,0.0,0.0,42,0.8767338991165161,107,monotonic_hybrid,0.779750645160675,0.22341562807559967,0.09144268184900284,1.2827787399291992,0.1545339971780777,0.04270980879664421,0.10076922923326492,0.05805942043662071,0.14922794699668884,0.19130434095859528,0.04207639396190643,0.36607223749160767,0.2973431348800659,0.3365846276283264,0.9268129283089404,0.6738170642472827,0,0,0.557031512260437,0.30342501401901245,-0.00027745962142944336,3.14563512802124e-05,-0.00021710991859436035,-0.0008002519607543945,-0.0005402117967605591,-0.001717783510684967,-0.005585774779319763,-0.03557046467023772
Stage1,S1_005,0.5,0.1,0.0,0.0,50,0.789871096611023,108,monotonic_hybrid,0.7351050972938538,0.22336646914482117,0.08350051939487457,1.292080283164978,0.19373713433742523,0.0449461005628109,0.0930769219994545,0.0481308214366436,0.16100963950157166,0.25,0.08899036049842834,0.36998456716537476,0.2949192523956299,0.33509621024131775,0.9221184069246954,0.6882701362626786,0,0,0.556954562664032,0.3031350374221802,-0.0001696944236755371,-5.328655242919922e-05,-0.0001682192087173462,-0.0011616945266723633,-0.001162499189376831,-0.0015863105654716492,-0.006231784820556641,-0.023079048212593784
Stage1,S1_005,0.5,0.1,0.0,0.0,40,0.8243851065635681,109,monotonic_hybrid,0.7248896956443787,0.22143207490444183,0.08150289952754974,1.0571504831314087,0.13634762167930603,0.042052626609802246,0.08769230544567108,0.045639678835868835,0.15635234117507935,0.1599999964237213,0.0036476552486419678,0.3694963753223419,0.29700830578804016,0.3334953486919403,0.9220652421359959,0.6948731843377874,0,0,0.5570611953735352,0.3035506010055542,0.0001512765884399414,-3.4227967262268066e-05,-2.746284008026123e-05,0.0007088184356689453,7.121264934539795e-05,-0.0012877397239208221,-0.005455836653709412,0.020873267438615693
Stage1,S1_005,0.5,0.1,0.0,0.0,42,0.8474981784820557,110,monotonic_hybrid,0.7092098593711853,0.21929879486560822,0.07560795545578003,1.2562971115112305,0.1592324674129486,0.04480727016925812,0.08538461476564407,0.040577344596385956,0.1537148654460907,0.19658119976520538,0.042866334319114685,0.3661375343799591,0.2956210970878601,0.3382413387298584,0.9320300319535982,0.66525351987804,0,0,0.5570298433303833,0.30342864990234375,-0.00015997886657714844,2.4646520614624023e-05,-0.00016861408948898315,-0.0008628368377685547,-0.000545203685760498,-0.0013296790421009064,-0.005300343036651611,-0.022552251019661716
Stage1,S1_006,0.5,0.2,0.0,0.0,43,0.8292998671531677,101,monotonic_hybrid,0.7690138816833496,0.23116670548915863,0.07869589328765869,1.2418029308319092,0.15839871764183044,0.04601767286658287,0.08692307770252228,0.04090540483593941,0.15943603217601776,0.19847328960895538,0.03903725743293762,0.33398887515068054,0.2948758900165558,0.3711352050304413,0.9283616636320631,0.6377648712397505,0,0,0.5553942918777466,0.2894999086856842,-3.1054019927978516e-05,-3.4227967262268066e-05,-0.00015458464622497559,-0.0010848045349121094,-0.0007455348968505859,-0.0020062364637851715,-0.007596462965011597,-0.004037998104698548
Stage1,S1_006,0.5,0.2,0.0,0.0,43,0.7614055275917053,102,monotonic_hybrid,0.7371351718902588,0.21706026792526245,0.08022240549325943,1.4895187616348267,0.20389309525489807,0.03764892742037773,0.08923076838254929,0.051581840962171555,0.1449926197528839,0.2539682686328888,0.10897564888000488,0.3373376429080963,0.295048326253891,0.3676140308380127,0.9324570584035781,0.6309886286129022,0,0,0.5553562045097351,0.28940385580062866,-0.0003788471221923828,-3.2275915145874023e-05,-0.00027301162481307983,-0.0037461519241333008,-0.001581832766532898,-0.0018660500645637512,-0.007351785898208618,-0.05136812486624568
Stage1,S1_006,0.5,0.2,0.0,0.0,50,0.7886097431182861,103,monotonic_hybrid,0.708079993724823,0.2219676822423935,0.07887634634971619,1.171755075454712,0.12805674970149994,0.03881951794028282,0.08538461476564407,0.04656509682536125,0.13309241831302643,0.14159291982650757,0.00850050151348114,0.3387909531593323,0.2950800061225891,0.3661291003227234,0.9267072071667385,0.6314212676921664,0,0,0.5551624894142151,0.2888799011707306,-0.0004934072494506836,-0.000851854681968689,-6.830692291259766e-05,9.560585021972656e-05,6.560981273651123e-05,-0.0012701228260993958,-0.010381609201431274,-0.06963389378888044
Stage1,S1_006,0.5,0.2,0.0,0.0,49,0.8430168032646179,104,monotonic_hybrid,0.7183243036270142,0.22747108340263367,0.07236457616090775,1.231040358543396,0.15061858296394348,0.05307533219456673,0.07999999821186066,0.02692466601729393,0.1623697578907013,0.18110236525535583,0.01873260736465454,0.3367604613304138,0.2943635880947113,0.3688759207725525,0.927318442464576,0.659164163232648,0,0,0.5553624033927917,0.28933069109916687,0.0002816319465637207,-0.0007764548063278198,-0.0002248138189315796,0.0013424158096313477,-0.00039464235305786133,-0.00554579496383667,-0.01178295910358429,0.039222174067261424
Stage1,S1_006,0.5,0.2,0.0,0.0,43,0.8131100535392761,105,monotonic_hybrid,0.7018804550170898,0.21999122202396393,0.07098793983459473,1.140486478805542,0.12789568305015564,0.048864223062992096,0.07538461685180664,0.026520393788814545,0.17833925783634186,0.1376146674156189,0.04072459042072296,0.3441406488418579,0.2946653664112091,0.3611939549446106,0.9247947800489668,0.6621271976026573,0,0,0.5553825497627258,0.2894514501094818,0.00027441978454589844,0.00010596215724945068,2.5838613510131836e-05,0.0005161762237548828,0.000547260046005249,-0.0019873790442943573,0.006722539663314819,0.039113087796478735
Stage1,S1_006,0.5,0.2,0.0,0.0,50,0.7981702089309692,106,monotonic_hybrid,0.7445315718650818,0.22504135966300964,0.07670511305332184,1.1885250806808472,0.12103356420993805,0.04404374212026596,0.08384615182876587,0.03980240970849991,0.1661466509103775,0.14851485192775726,0.01763179898262024,0.3386504352092743,0.2974335551261902,0.36391597986221313,0.925802998883466,0.6582791991595751,0,0,0.555130124092102,0.28879910707473755,6.783008575439453e-05,7.222592830657959e-05,-7.022172212600708e-05,0.0009560585021972656,0.00016839802265167236,-0.0016720816493034363,0.008247137069702148,0.009111267876159455
Stage1,S1_006,0.5,0.2,0.0,0.0,42,0.8758933544158936,107,monotonic_hybrid,0.779729962348938,0.22343137860298157,0.09142085164785385,1.2826077938079834,0.15448130667209625,0.042900536209344864,0.10076922923326492,0.05786869302392006,0.14981867372989655,0.19130434095859528,0.04148566722869873,0.33562973141670227,0.2963073253631592,0.36806294322013855,0.9314133692459666,0.6683141583929101,0,0,0.5553848743438721,0.28947341442108154,-0.0002981424331665039,4.7206878662109375e-05,-0.00023894011974334717,-0.0009711980819702148,-0.0005929023027420044,-0.0019085109233856201,-0.006176501512527466,-0.03822201166069368
Stage1,S1_006,0.5,0.2,0.0,0.0,50,0.7886903285980225,108,monotonic_hybrid,0.7351127862930298,0.22338853776454926,0.08348368853330612,1.2919316291809082,0.19363027811050415,0.045114610344171524,0.0930769219994545,0.047962311655282974,0.1616005003452301,0.25,0.0883994996547699,0.33875367045402527,0.2943163514137268,0.36692994832992554,0.9269110576576345,0.6832907046275862,0,0,0.5551333427429199,0.28881049156188965,-0.00016200542449951172,-3.121793270111084e-05,-0.00018505007028579712,-0.0013103485107421875,-0.0012693554162979126,-0.0017548203468322754,-0.006822645664215088,-0.02203331683942041
Stage1,S1_006,0.5,0.2,0.0,0.0,40,0.8235896229743958,109,monotonic_hybrid,0.7249058485031128,0.22145023941993713,0.08148795366287231,1.057207465171814,0.13634668290615082,0.04229872301220894,0.08769230544567108,0.04539358243346214,0.15715321898460388,0.1599999964237213,0.0028467774391174316,0.3391316533088684,0.2960337698459625,0.36483457684516907,0.9269434628976922,0.689304289643194,0,0,0.555487334728241,0.2897378206253052,0.00016742944717407227,-1.6063451766967773e-05,-4.240870475769043e-05,0.0007658004760742188,7.027387619018555e-05,-0.0015338361263275146,-0.006256714463233948,0.023102052102077022
Stage1,S1_006,0.5,0.2,0.0,0.0,42,0.8465237021446228,110,monotonic_hybrid,0.7091888785362244,0.2193138748407364,0.07558780163526535,1.2561719417572021,0.15917682647705078,0.04497164860367775,0.08538461476564407,0.040412966161966324,0.15434134006500244,0.19658119976520538,0.04223985970020294,0.33568087220191956,0.2946283519268036,0.36969077587127686,0.9365082945442402,0.6604252811345424,0,0,0.5553838610649109,0.2894752025604248,-0.00018095970153808594,3.972649574279785e-05,-0.0001887679100036621,-0.000988006591796875,-0.0006008446216583252,-0.0014940574765205383,-0.0059268176555633545,-0.02550992328453538
Stage1,S1_007,0.5,0.4,0.0,0.0,43,0.8272725343704224,101,monotonic_hybrid,0.7690333127975464,0.23120765388011932,0.07866227626800537,1.2415391206741333,0.15827703475952148,0.04649470001459122,0.08692307770252228,0.04042837768793106,0.16093629598617554,0.19847328960895538,0.037536993622779846,0.2758137285709381,0.28784510493278503,0.43634116649627686,0.9375136179547893,0.6252120111383128,0,0,0.5403405427932739,0.2563070058822632,-1.1622905731201172e-05,6.720423698425293e-06,-0.0001882016658782959,-0.0013486146926879883,-0.0008672177791595459,-0.002483263611793518,-0.009096726775169373,-0.0015113428606837176
Stage1,S1_007,0.5,0.4,0.0,0.0,43,0.7585344910621643,102,monotonic_hybrid,0.7370977401733398,0.21708808839321136,0.0801829993724823,1.4889518022537231,0.20366045832633972,0.037917669862508774,0.08923076838254929,0.05131309852004051,0.14611245691776276,0.2539682686328888,0.10785581171512604,0.2789229154586792,0.2884153723716736,0.43266168236732483,0.940694017296479,0.6197973326406685,0,0,0.5402511358261108,0.256164014339447,-0.0004162788391113281,-4.455447196960449e-06,-0.00031241774559020996,-0.004313111305236816,-0.0018144696950912476,-0.0021347925066947937,-0.008471623063087463,-0.056443515428864034
Stage1,S1_007,0.5,0.4,0.0,0.0,50,0.7860214114189148,103,monotonic_hybrid,0.7080975770950317,0.2219916731119156,0.07885215431451797,1.1717699766159058,0.12807421386241913,0.039147861301898956,0.08538461476564407,0.04623675346374512,0.13419251143932343,0.14159291982650757,0.007400408387184143,0.27911925315856934,0.2888775169849396,0.4320032596588135,0.936142562414471,0.6184156018405834,0,0,0.5396062135696411,0.2549530863761902,-0.00047582387924194336,-0.0008278638124465942,-9.249895811080933e-05,0.00011050701141357422,8.307397365570068e-05,-0.0015984661877155304,-0.011481702327728271,-0.06715237667511868
Stage1,S1_007,0.5,0.4,0.0,0.0,49,0.8414049744606018,104,monotonic_hybrid,0.718425452709198,0.22749997675418854,0.07234565913677216,1.2312268018722534,0.15059290826320648,0.05366034805774689,0.07999999821186066,0.02633965015411377,0.16378545761108398,0.18110236525535583,0.01731690764427185,0.27804723381996155,0.2877630293369293,0.43418973684310913,0.936466281900512,0.6472576415467185,0,0,0.5402206778526306,0.2558727562427521,0.0003827810287475586,-0.0007475614547729492,-0.0002437308430671692,0.0015288591384887695,-0.00042031705379486084,-0.0061308108270168304,-0.01319865882396698,0.053308952774593195
Stage1,S1_007,0.5,0.4,0.0,0.0,43,0.8111402988433838,105,monotonic_hybrid,0.7019686698913574,0.22002342343330383,0.07099435478448868,1.1407147645950317,0.12804946303367615,0.049387477338314056,0.07538461685180664,0.025997139513492584,0.17986898124217987,0.1376146674156189,0.042254313826560974,0.28527528047561646,0.2886354625225067,0.42608925700187683,0.9335739527963474,0.6512032349248336,0,0,0.5403181314468384,0.2562294602394104,0.00036263465881347656,0.00013816356658935547,3.225356340408325e-05,0.0007444620132446289,0.0007010400295257568,-0.0025106333196163177,0.008252263069152832,0.0516863653678924
Stage1,S1_007,0.5,0.4,0.0,0.0,50,0.7955015301704407,106,monotonic_hybrid,0.7445363402366638,0.2250596433877945,0.07668203115463257,1.188853144645691,0.12109477072954178,0.04446776583790779,0.08384615182876587,0.03937838599085808,0.16777093708515167,0.14851485192775726,0.01925608515739441,0.2790292203426361,0.2913021147251129,0.429668664932251,0.9349906464990194,0.647069913693658,0,0,0.5395057201385498,0.25477683544158936,7.259845733642578e-05,9.050965309143066e-05,-9.33036208152771e-05,0.0012841224670410156,0.0002296045422554016,-0.0020961053669452667,0.009871423244476318,0.009751778798912316
Stage1,S1_007,0.5,0.4,0.0,0.0,42,0.8740933537483215,107,monotonic_hybrid,0.779692530632019,0.22346121072769165,0.09137944132089615,1.2822823524475098,0.15438418090343475,0.04327286407351494,0.10076922923326492,0.057496365159749985,0.15095147490501404,0.19130434095859528,0.04035286605358124,0.277643084526062,0.28934818506240845,0.43300876021385193,0.9397342972373717,0.6577590021483447,0,0,0.5403475761413574,0.2563471794128418,-0.0003355741500854492,7.703900337219238e-05,-0.0002803504467010498,-0.0012966394424438477,-0.0006900280714035034,-0.0022808387875556946,-0.0073093026876449585,-0.0430207768192134
Stage1,S1_007,0.5,0.4,0.0,0.0,50,0.7862297892570496,108,monotonic_hybrid,0.735136091709137,0.22343571484088898,0.0834505558013916,1.2916501760482788,0.19342808425426483,0.04544772580265999,0.0930769219994545,0.04762919619679451,0.16272053122520447,0.25,0.08727946877479553,0.2792321741580963,0.2881050705909729,0.4326627850532532,0.9356854175299717,0.6735640655978491,0,0,0.5395019054412842,0.2547733783721924,-0.00013870000839233398,1.595914363861084e-05,-0.00021818280220031738,-0.001591801643371582,-0.0014715492725372314,-0.0020879358053207397,-0.007942676544189453,-0.018863696940887156
Stage1,S1_007,0.5,0.4,0.0,0.0,40,0.821918785572052,109,monotonic_hybrid,0.7249375581741333,0.2214847058057785,0.08145881444215775,1.057324767112732,0.13634870946407318,0.0427880696952343,0.08769230544567108,0.04490423575043678,0.15871626138687134,0.1599999964237213,0.0012837350368499756,0.28109437227249146,0.2892218828201294,0.4296838045120239,0.935808409710724,0.6784567940735403,0,0,0.5406568050384521,0.25688430666923523,0.00019913911819458008,1.8402934074401855e-05,-7.154792547225952e-05,0.0008831024169921875,7.230043411254883e-05,-0.0020231828093528748,-0.007819756865501404,0.027477378452488193
Stage1,S1_007,0.5,0.4,0.0,0.0,44,0.8444771766662598,110,monotonic_hybrid,0.7092364430427551,0.2196035236120224,0.07526016235351562,1.2555829286575317,0.15879444777965546,0.04872159659862518,0.08538461476564407,0.03666301816701889,0.16047151386737823,0.19658119976520538,0.03610968589782715,0.2769891023635864,0.288023978471756,0.43498694896698,0.9445958291490612,0.6511967472986322,0,0,0.5401138067245483,0.25590309500694275,-0.00013339519500732422,0.0003293752670288086,-0.0005164071917533875,-0.0015770196914672852,-0.00098322331905365,-0.005244005471467972,-0.012056991457939148,-0.018804745820418373
Stage1,S1_008,1.0,0.005,0.0,0.0,43,0.930453896522522,101,monotonic_hybrid,0.7690019011497498,0.23107433319091797,0.07863852381706238,1.241686224937439,0.15809078514575958,0.046860575675964355,0.08692307770252228,0.04006250202655792,0.16286037862300873,0.19847328960895538,0.035612910985946655,0.39401906728744507,0.2954481542110443,0.3105327785015106,0.9183606496899038,0.6506773935782979,0,0,0.5547480583190918,0.3146233558654785,-4.303455352783203e-05,-0.0001266002655029297,-0.00021195411682128906,-0.0012015104293823242,-0.0010534673929214478,-0.0028491392731666565,-0.011020809412002563,-0.0055958438226340725
Stage1,S1_008,1.0,0.005,0.0,0.0,43,0.8560206294059753,102,monotonic_hybrid,0.7369765639305115,0.2169971466064453,0.08007609099149704,1.4875513315200806,0.20305529236793518,0.038694679737091064,0.08923076838254929,0.05053608864545822,0.14890852570533752,0.2539682686328888,0.10505974292755127,0.3976456820964813,0.2952168583869934,0.30713748931884766,0.9233311574477554,0.6427582031547437,0,0,0.55474853515625,0.3146207332611084,-0.0005374550819396973,-9.53972339630127e-05,-0.00041932612657546997,-0.0057135820388793945,-0.0024196356534957886,-0.0029118023812770844,-0.011267691850662231,-0.07287388010052506
Stage1,S1_008,1.0,0.005,0.0,0.0,16,0.8880382776260376,103,monotonic_hybrid,0.7087622284889221,0.22280001640319824,0.07871152460575104,1.1716111898422241,0.12805578112602234,0.04038117453455925,0.08538461476564407,0.045003440231084824,0.13216009736061096,0.14159291982650757,0.009432822465896606,0.40092867612838745,0.29441580176353455,0.3046554923057556,0.9162461605766392,0.644876065451949,0,0,0.5547617673873901,0.3147832453250885,0.0001888275146484375,-1.952052116394043e-05,-0.00023312866687774658,-4.8279762268066406e-05,6.464123725891113e-05,-0.002831779420375824,-0.009449288249015808,0.026648970225075286
Stage1,S1_008,1.0,0.005,0.0,0.0,49,0.9491168260574341,104,monotonic_hybrid,0.7184110879898071,0.22736182808876038,0.07233606278896332,1.2314188480377197,0.1505475491285324,0.053957171738147736,0.07999999821186066,0.02604282647371292,0.16523179411888123,0.18110236525535583,0.01587057113647461,0.3972119092941284,0.2943328022956848,0.3084552586078644,0.9172007389133616,0.6712018498656359,0,0,0.5547463893890381,0.3146207928657532,0.00036841630935668945,-0.0008857101202011108,-0.0002533271908760071,0.0017209053039550781,-0.0004656761884689331,-0.006427634507417679,-0.014644995331764221,0.051308414372432345
Stage1,S1_008,1.0,0.005,0.0,0.0,43,0.9141770601272583,105,monotonic_hybrid,0.701966404914856,0.21997682750225067,0.07101280242204666,1.1408319473266602,0.1281643509864807,0.04951751232147217,0.07538461685180664,0.025867104530334473,0.1808781921863556,0.1376146674156189,0.043263524770736694,0.40458154678344727,0.29423341155052185,0.3011850416660309,0.9153076764189627,0.6733466736960159,0,0,0.5547481775283813,0.31462210416793823,0.0003603696823120117,9.156763553619385e-05,5.070120096206665e-05,0.0008616447448730469,0.0008159279823303223,-0.0026406683027744293,0.009261474013328552,0.05136353797078854
Stage1,S1_008,1.0,0.005,0.0,0.0,50,0.8950663208961487,106,monotonic_hybrid,0.7445957660675049,0.22504453361034393,0.07669015228748322,1.1887954473495483,0.12113957852125168,0.04476330801844597,0.08384615182876587,0.0390828438103199,0.17031997442245483,0.14851485192775726,0.02180512249469757,0.4002744257450104,0.29685738682746887,0.30286815762519836,0.9157544836221738,0.6697488790928384,0,0,0.554747462272644,0.31460922956466675,0.00013202428817749023,7.539987564086914e-05,-8.518248796463013e-05,0.0012264251708984375,0.0002744123339653015,-0.002391647547483444,0.01242046058177948,0.017734146173719854
Stage1,S1_008,1.0,0.005,0.0,0.0,42,0.9831100702285767,107,monotonic_hybrid,0.7796086072921753,0.22343286871910095,0.0913139209151268,1.282531976699829,0.1542210429906845,0.04379584267735481,0.10076922923326492,0.05697338655591011,0.1529032289981842,0.19130434095859528,0.03840111196041107,0.39555343985557556,0.29681071639060974,0.3076358139514923,0.9221765710534948,0.6791822816734229,0,0,0.5547487735748291,0.31462180614471436,-0.0004194974899291992,4.869699478149414e-05,-0.00034587085247039795,-0.0010470151901245117,-0.0008531659841537476,-0.002803817391395569,-0.009261056780815125,-0.05377979169691366
Stage1,S1_008,1.0,0.005,0.0,0.0,50,0.8877348303794861,108,monotonic_hybrid,0.7349838614463806,0.22325247526168823,0.0833902508020401,1.2916779518127441,0.19300512969493866,0.04603416845202446,0.0930769219994545,0.04704275354743004,0.16517309844493866,0.25,0.08482690155506134,0.4002141058444977,0.29394590854644775,0.30584004521369934,0.9173214254148936,0.6930749429567231,0,0,0.554747462272644,0.3146096169948578,-0.00029093027114868164,-0.0001672804355621338,-0.00027848780155181885,-0.00156402587890625,-0.0018945038318634033,-0.002674378454685211,-0.010395243763923645,-0.03956755684076932
Stage1,S1_008,1.0,0.005,0.0,0.0,40,0.9248861074447632,109,monotonic_hybrid,0.7250287532806396,0.22138597071170807,0.0814935564994812,1.0578266382217407,0.13640807569026947,0.042735494673252106,0.08769230544567108,0.044956810772418976,0.15970660746097565,0.1599999964237213,0.0002933889627456665,0.3988252282142639,0.2964284121990204,0.3047463893890381,0.9171642498672643,0.7002391467337502,0,0,0.5547488927841187,0.3146275579929352,0.00029033422470092773,-8.033215999603271e-05,-3.680586814880371e-05,0.0013849735260009766,0.0001316666603088379,-0.0019706077873706818,-0.008810102939605713,0.04006055385874588
Stage1,S1_008,1.0,0.005,0.0,0.0,33,0.9483231902122498,110,monotonic_hybrid,0.7091966867446899,0.21933893859386444,0.07502399384975433,1.2554731369018555,0.1585306078195572,0.05151298642158508,0.08538461476564407,0.03387162834405899,0.16726335883140564,0.19658119976520538,0.029317840933799744,0.3956807255744934,0.29502853751182556,0.30929073691368103,0.9274659759266194,0.6699672710612995,0,0,0.5547505617141724,0.31464430689811707,-0.00017315149307250977,6.479024887084961e-05,-0.000752575695514679,-0.0016868114471435547,-0.0012470632791519165,-0.008035395294427872,-0.018848836421966553,-0.024409198663232965
Stage1,S1_009,1.0,0.01,0.0,0.0,43,0.9303601384162903,101,monotonic_hybrid,0.7690026164054871,0.23107603192329407,0.07863695919513702,1.2416750192642212,0.15808524191379547,0.04688325524330139,0.08692307770252228,0.040039822459220886,0.16293181478977203,0.19847328960895538,0.03554147481918335,0.39245685935020447,0.2955111563205719,0.312032014131546,0.9186295251483555,0.6503388906526113,0,0,0.5549622774124146,0.31408944725990295,-4.2319297790527344e-05,-0.00012490153312683105,-0.00021351873874664307,-0.0012127161026000977,-0.001059010624885559,-0.0028718188405036926,-0.01109224557876587,-0.005502838108130459
Stage1,S1_009,1.0,0.01,0.0,0.0,43,0.8558851480484009,102,monotonic_hybrid,0.7369747161865234,0.21699847280979156,0.08007416129112244,1.4875229597091675,0.2030438780784607,0.03870811685919762,0.08923076838254929,0.05052265152335167,0.1489637792110443,0.2539682686328888,0.10500448942184448,0.3960750997066498,0.2952899634838104,0.3086349368095398,0.9235785988852139,0.6424458486145694,0,0,0.5549627542495728,0.3140842318534851,-0.0005393028259277344,-9.407103061676025e-05,-0.00042125582695007324,-0.0057419538497924805,-0.002431049942970276,-0.0029252395033836365,-0.011322945356369019,-0.07312441689581355
Stage1,S1_009,1.0,0.01,0.0,0.0,16,0.8879511952400208,103,monotonic_hybrid,0.7087634801864624,0.2228008508682251,0.07871029525995255,1.171613335609436,0.12805676460266113,0.04039738327264786,0.08538461476564407,0.044987231492996216,0.13220517337322235,0.14159291982650757,0.009387746453285217,0.39978843927383423,0.29429522156715393,0.30591633915901184,0.9164359269843855,0.6445187216545657,0,0,0.5549926161766052,0.31441137194633484,0.0001900792121887207,-1.868605613708496e-05,-0.00023435801267623901,-4.6133995056152344e-05,6.562471389770508e-05,-0.0028479881584644318,-0.009494364261627197,0.026825620595885443
Stage1,S1_009,1.0,0.01,0.0,0.0,49,0.9490486979484558,104,monotonic_hybrid,0.7184156179428101,0.22736302018165588,0.07233523577451706,1.231427550315857,0.15054631233215332,0.05398375913500786,0.07999999821186066,0.0260162390768528,0.16529719531536102,0.18110236525535583,0.015805169939994812,0.3956415355205536,0.2944144010543823,0.3099440932273865,0.9174743403143358,0.6708903450783459,0,0,0.5549587607383728,0.3140842914581299,0.00037294626235961914,-0.000884518027305603,-0.0002541542053222656,0.0017296075820922852,-0.00046691298484802246,-0.0064542219042778015,-0.014710396528244019,0.051939289553196766
Stage1,S1_009,1.0,0.01,0.0,0.0,43,0.9140856862068176,105,monotonic_hybrid,0.7019705772399902,0.21997836232185364,0.07101314514875412,1.1408418416976929,0.1281713843345642,0.049541495740413666,0.07538461685180664,0.025843121111392975,0.18094894289970398,0.1376146674156189,0.04333427548408508,0.4030120372772217,0.294321745634079,0.30266621708869934,0.9155615318785866,0.6730522536971093,0,0,0.5549623370170593,0.3140869736671448,0.00036454200744628906,9.310245513916016e-05,5.1043927669525146e-05,0.0008715391159057617,0.0008229613304138184,-0.002664651721715927,0.009332224726676941,0.05195822001808513
Stage1,S1_009,1.0,0.01,0.0,0.0,50,0.8949406147003174,106,monotonic_hybrid,0.7445963025093079,0.22504542768001556,0.07668919861316681,1.188813328742981,0.12114324420690536,0.04478283226490021,0.08384615182876587,0.03906331956386566,0.17039766907691956,0.14851485192775726,0.021882817149162292,0.39866915345191956,0.29695242643356323,0.3043784201145172,0.9160253937243339,0.6694482593844067,0,0,0.5549604892730713,0.3140609860420227,0.00013256072998046875,7.62939453125e-05,-8.613616228103638e-05,0.0012443065643310547,0.00027807801961898804,-0.002411171793937683,0.012498155236244202,0.01780620365252955
Stage1,S1_009,1.0,0.01,0.0,0.0,42,0.983032763004303,107,monotonic_hybrid,0.779606819152832,0.22343440353870392,0.09131195396184921,1.2825177907943726,0.15421642363071442,0.043813254684209824,0.10076922923326492,0.0569559745490551,0.152957484126091,0.19130434095859528,0.03834685683250427,0.3939920663833618,0.2968751788139343,0.30913272500038147,0.9224268756356577,0.6788965627797372,0,0,0.5549635291099548,0.31408652663230896,-0.00042128562927246094,5.023181438446045e-05,-0.00034783780574798584,-0.0010612010955810547,-0.0008577853441238403,-0.00282122939825058,-0.009315311908721924,-0.0540090320707283
Stage1,S1_009,1.0,0.01,0.0,0.0,50,0.8876237273216248,108,monotonic_hybrid,0.7349846363067627,0.22325435280799866,0.0833887979388237,1.2916659116744995,0.19299574196338654,0.04604937136173248,0.0930769219994545,0.047027550637722015,0.1652272641658783,0.25,0.0847727358341217,0.3986135721206665,0.2940341532230377,0.30735230445861816,0.9175796283082788,0.6928201588575249,0,0,0.5549605488777161,0.31406188011169434,-0.00029015541076660156,-0.00016540288925170898,-0.000279940664768219,-0.001576066017150879,-0.0019038915634155273,-0.0026895813643932343,-0.010449409484863281,-0.03946217305897665
Stage1,S1_009,1.0,0.01,0.0,0.0,40,0.9248115420341492,109,monotonic_hybrid,0.7250304222106934,0.2213876098394394,0.08149226754903793,1.057833194732666,0.13640832901000977,0.04275763779878616,0.08769230544567108,0.04493466764688492,0.15977917611598969,0.1599999964237213,0.00022082030773162842,0.39727380871772766,0.29649507999420166,0.30623114109039307,0.9174284994218348,0.6999550229065129,0,0,0.5549638867378235,0.3140980005264282,0.00029200315475463867,-7.869303226470947e-05,-3.809481859207153e-05,0.0013915300369262695,0.0001319199800491333,-0.0019927509129047394,-0.008882671594619751,0.04029083419297805
Stage1,S1_009,1.0,0.01,0.0,0.0,33,0.9482345581054688,110,monotonic_hybrid,0.7091957330703735,0.21934035420417786,0.07502200454473495,1.2554656267166138,0.15852662920951843,0.05153548717498779,0.08538461476564407,0.03384912759065628,0.16732913255691528,0.19658119976520538,0.0292520672082901,0.3941805362701416,0.2950667440891266,0.3107526898384094,0.9277029248942987,0.6697126580437451,0,0,0.5549676418304443,0.31413185596466064,-0.00017410516738891602,6.620585918426514e-05,-0.0007545650005340576,-0.001694321632385254,-0.0012510418891906738,-0.008057896047830582,-0.018914610147476196,-0.024543638311636314
Stage1,S1_010,1.0,0.02,0.0,0.0,43,0.9301719665527344,101,monotonic_hybrid,0.7690040469169617,0.23107942938804626,0.07863383740186691,1.2416523694992065,0.15807420015335083,0.04692861810326576,0.08692307770252228,0.039994459599256516,0.16307470202445984,0.19847328960895538,0.035398587584495544,0.3893345892429352,0.29562506079673767,0.31504037976264954,0.919165440467504,0.6496629637368062,0,0,0.5553591251373291,0.3130030333995819,-4.088878631591797e-05,-0.00012150406837463379,-0.00021664053201675415,-0.001235365867614746,-0.0010700523853302002,-0.0029171817004680634,-0.011235132813453674,-0.005316826679123232
Stage1,S1_010,1.0,0.02,0.0,0.0,43,0.8556134104728699,102,monotonic_hybrid,0.7369710803031921,0.21700112521648407,0.08007029443979263,1.48746657371521,0.2030210644006729,0.03873497620224953,0.08923076838254929,0.05049579218029976,0.1490742266178131,0.2539682686328888,0.10489404201507568,0.3929364085197449,0.2954241633415222,0.3116394281387329,0.924071416857145,0.6418227919114848,0,0,0.5553598403930664,0.31299257278442383,-0.0005429387092590332,-9.141862392425537e-05,-0.0004251226782798767,-0.00579833984375,-0.0024538636207580566,-0.002952098846435547,-0.011433392763137817,-0.07361740865428444
Stage1,S1_010,1.0,0.02,0.0,0.0,16,0.8877764344215393,103,monotonic_hybrid,0.7087658643722534,0.22280259430408478,0.07870782911777496,1.1716173887252808,0.1280587911605835,0.040429819375276566,0.08538461476564407,0.04495479539036751,0.13229532539844513,0.14159291982650757,0.009297594428062439,0.397506982088089,0.29404622316360474,0.3084467351436615,0.9168140133782364,0.643805568737359,0,0,0.5554320216178894,0.31365692615509033,0.00019246339797973633,-1.6942620277404785e-05,-0.0002368241548538208,-4.208087921142578e-05,6.765127182006836e-05,-0.0028804242610931396,-0.009584516286849976,0.027162097492666695
Stage1,S1_010,1.0,0.02,0.0,0.0,49,0.9489113688468933,104,monotonic_hybrid,0.7184247970581055,0.2273654341697693,0.07233358174562454,1.2314447164535522,0.15054383873939514,0.054036982357501984,0.07999999821186066,0.025963015854358673,0.1654280424118042,0.18110236525535583,0.015674322843551636,0.39250215888023376,0.2945648729801178,0.3129329979419708,0.9180194419655336,0.6702674524132053,0,0,0.5553528070449829,0.3129923343658447,0.0003821253776550293,-0.0008821040391921997,-0.0002558082342147827,0.0017467737197875977,-0.00046938657760620117,-0.006507445126771927,-0.014841243624687195,0.053217641893166766
Stage1,S1_010,1.0,0.02,0.0,0.0,43,0.9139024019241333,105,monotonic_hybrid,0.7019791603088379,0.21998140215873718,0.07101386785507202,1.1408621072769165,0.12818549573421478,0.049589503556489944,0.07538461685180664,0.025795113295316696,0.18109053373336792,0.1376146674156189,0.04347586631774902,0.39987465739250183,0.29448649287223816,0.30563884973526,0.9160676944345926,0.6724644337874816,0,0,0.5553591251373291,0.31299805641174316,0.0003731250762939453,9.614229202270508e-05,5.176663398742676e-05,0.0008918046951293945,0.0008370727300643921,-0.002712659537792206,0.009473815560340881,0.05318156594395241
Stage1,S1_010,1.0,0.02,0.0,0.0,50,0.8946887254714966,106,monotonic_hybrid,0.7445976138114929,0.22504721581935883,0.076687291264534,1.1888489723205566,0.12115059047937393,0.044821880757808685,0.08384615182876587,0.039024271070957184,0.17055299878120422,0.14851485192775726,0.02203814685344696,0.3954611122608185,0.2971300482749939,0.3074088394641876,0.9165651831045415,0.6688480522423852,0,0,0.5553542375564575,0.31294530630111694,0.00013387203216552734,7.808208465576172e-05,-8.804351091384888e-05,0.0012799501419067383,0.00028542429208755493,-0.002450220286846161,0.01265348494052887,0.017982344156286585
Stage1,S1_010,1.0,0.02,0.0,0.0,42,0.9828763008117676,107,monotonic_hybrid,0.7796041965484619,0.22343853116035461,0.09130777418613434,1.2824914455413818,0.1542055606842041,0.04384683445096016,0.10076922923326492,0.056922394782304764,0.1530665159225464,0.19130434095859528,0.03823782503604889,0.39087188243865967,0.29699209332466125,0.31213605403900146,0.9229254531672093,0.6783262439764739,0,0,0.5553613901138306,0.31299734115600586,-0.0004239082336425781,5.435943603515625e-05,-0.0003520175814628601,-0.0010875463485717773,-0.0008686482906341553,-0.0028548091650009155,-0.009424343705177307,-0.05434525128565643
Stage1,S1_010,1.0,0.02,0.0,0.0,50,0.8874009251594543,108,monotonic_hybrid,0.7349863648414612,0.22325816750526428,0.08338591456413269,1.2916420698165894,0.19297701120376587,0.04607979580760002,0.0930769219994545,0.04699712619185448,0.1653352975845337,0.25,0.08466470241546631,0.3954150974750519,0.2941984534263611,0.3103864789009094,0.9180941739248696,0.6923112477054499,0,0,0.5553542375564575,0.31294697523117065,-0.00028842687606811523,-0.00016158819198608398,-0.0002828240394592285,-0.0015999078750610352,-0.0019226223230361938,-0.0027200058102607727,-0.010557442903518677,-0.03922708616113148
Stage1,S1_010,1.0,0.02,0.0,0.0,40,0.9246618747711182,109,monotonic_hybrid,0.7250338196754456,0.22139087319374084,0.0814896896481514,1.0578465461730957,0.13640888035297394,0.04280198737978935,0.08769230544567108,0.04489031806588173,0.15992440283298492,0.1599999964237213,7.559359073638916e-05,0.39417269825935364,0.29661649465560913,0.30921080708503723,0.9179549666798354,0.6993873305531085,0,0,0.5553627610206604,0.3130205273628235,0.00029540061950683594,-7.542967796325684e-05,-4.067271947860718e-05,0.001404881477355957,0.00013247132301330566,-0.0020371004939079285,-0.00902789831161499,0.04075961915909353
Stage1,S1_010,1.0,0.02,0.0,0.0,42,0.9480535984039307,110,monotonic_hybrid,0.7091450095176697,0.21927189826965332,0.07550045847892761,1.2559804916381836,0.15890724956989288,0.04571444168686867,0.08538461476564407,0.039670173078775406,0.15724489092826843,0.19658119976520538,0.03933630883693695,0.39093875885009766,0.2952423095703125,0.31381896138191223,0.9282140219736812,0.6692169385092124,0,0,0.5553606152534485,0.31299835443496704,-0.00022482872009277344,-2.250075340270996e-06,-0.00027611106634140015,-0.0011794567108154297,-0.0008704215288162231,-0.0022368505597114563,-0.008830368518829346,-0.031694147111089414
Stage1,S1_011,1.0,0.05,0.0,0.0,43,0.929602861404419,101,monotonic_hybrid,0.7690086960792542,0.23108971118927002,0.07862451672554016,1.2415854930877686,0.1580413579940796,0.04706486687064171,0.08692307770252228,0.03985821083188057,0.16350331902503967,0.19847328960895538,0.03496997058391571,0.37998783588409424,0.2958694100379944,0.324142724275589,0.9207581756304339,0.6476438971323164,0,0,0.556299090385437,0.3095969557762146,-3.62396240234375e-05,-0.0001112222671508789,-0.00022596120834350586,-0.0013022422790527344,-0.0011028945446014404,-0.0030534304678440094,-0.011663749814033508,-0.004712289534849745
Stage1,S1_011,1.0,0.05,0.0,0.0,43,0.8547924160957336,102,monotonic_hybrid,0.7369603514671326,0.21700911223888397,0.0800587609410286,1.4872980117797852,0.20295295119285583,0.03881535306572914,0.08923076838254929,0.050415415316820145,0.14940494298934937,0.2539682686328888,0.10456332564353943,0.383542537689209,0.29573020339012146,0.32072728872299194,0.9255331917221796,0.6399668954577569,0,0,0.5562978982925415,0.3095707297325134,-0.0005536675453186035,-8.343160152435303e-05,-0.0004366561770439148,-0.005966901779174805,-0.0025219768285751343,-0.003032475709915161,-0.011764109134674072,-0.07507213843337887
Stage1,S1_011,1.0,0.05,0.0,0.0,50,0.8870758414268494,103,monotonic_hybrid,0.7081449627876282,0.22194164991378784,0.07882028818130493,1.171739935874939,0.12816990911960602,0.03971581161022186,0.08538461476564407,0.04566880315542221,0.1368878334760666,0.14159291982650757,0.004705086350440979,0.3860369622707367,0.295301616191864,0.3186614513397217,0.918828905963733,0.6417089850719847,0,0,0.5562793612480164,0.30946362018585205,-0.0004284381866455078,-0.0008778870105743408,-0.00012436509132385254,8.046627044677734e-05,0.00017876923084259033,-0.002166416496038437,-0.014177024364471436,-0.06046489835159127
Stage1,S1_011,1.0,0.05,0.0,0.0,49,0.9484927654266357,104,monotonic_hybrid,0.718452513217926,0.2273726910352707,0.07232866436243057,1.2314971685409546,0.15053673088550568,0.05419733002781868,0.07999999821186066,0.025802668184041977,0.16582129895687103,0.18110236525535583,0.015281066298484802,0.38309937715530396,0.2949140667915344,0.3219865560531616,0.9196376116333835,0.6684005080727397,0,0,0.5562862157821655,0.3095669150352478,0.00040984153747558594,-0.0008748471736907959,-0.00026072561740875244,0.0017992258071899414,-0.0004764944314956665,-0.006667792797088623,-0.015234500169754028,0.05707760188073852
Stage1,S1_011,1.0,0.05,0.0,0.0,43,0.9133477807044983,105,monotonic_hybrid,0.7020047903060913,0.21999049186706543,0.07101606577634811,1.1409236192703247,0.128228098154068,0.04973373934626579,0.07538461685180664,0.025650877505540848,0.18151500821113586,0.1376146674156189,0.04390034079551697,0.3904786705970764,0.2948843240737915,0.31463706493377686,0.9175734640928651,0.6707092304832893,0,0,0.5562981963157654,0.30958425998687744,0.0003987550735473633,0.00010523200035095215,5.396455526351929e-05,0.0009533166885375977,0.0008796751499176025,-0.002856895327568054,0.009898290038108826,0.05683461280591719
Stage1,S1_011,1.0,0.05,0.0,0.0,50,0.8939270973205566,106,monotonic_hybrid,0.7446011900901794,0.22505249083042145,0.07668159157037735,1.1889564990997314,0.12117287516593933,0.0449390709400177,0.08384615182876587,0.03890708088874817,0.17101790010929108,0.14851485192775726,0.022503048181533813,0.3858603537082672,0.29756292700767517,0.3165767192840576,0.9181681463946015,0.6670556034961315,0,0,0.5562763810157776,0.3094465732574463,0.00013744831085205078,8.335709571838379e-05,-9.37432050704956e-05,0.001387476921081543,0.0003077089786529541,-0.0025674104690551758,0.013118386268615723,0.01846272734835123
Stage1,S1_011,1.0,0.05,0.0,0.0,42,0.9824031591415405,107,monotonic_hybrid,0.7795937657356262,0.22344721853733063,0.09129607677459717,1.2824056148529053,0.15417857468128204,0.043951984494924545,0.10076922923326492,0.05681724473834038,0.15339171886444092,0.19130434095859528,0.03791262209415436,0.38153451681137085,0.29724621772766113,0.32121923565864563,0.9244046489964091,0.6766241786727805,0,0,0.5563023090362549,0.3095836639404297,-0.0004343390464782715,6.304681301116943e-05,-0.0003637149930000305,-0.0011733770370483398,-0.0008956342935562134,-0.0029599592089653015,-0.009749546647071838,-0.05568248679957514
Stage1,S1_011,1.0,0.05,0.0,0.0,50,0.8867313861846924,108,monotonic_hybrid,0.734998881816864,0.22327381372451782,0.08337666094303131,1.2915793657302856,0.19292250275611877,0.04617340862751007,0.0930769219994545,0.04690351337194443,0.16563968360424042,0.25,0.08436031639575958,0.38584229350090027,0.2945931553840637,0.319564551115036,0.9196227363125922,0.6907896203697278,0,0,0.5562766790390015,0.30945056676864624,-0.0002759099006652832,-0.00014594197273254395,-0.0002920776605606079,-0.001662611961364746,-0.0019771307706832886,-0.002813618630170822,-0.010861828923225403,-0.03752473276294226
Stage1,S1_011,1.0,0.05,0.0,0.0,40,0.9242081046104431,109,monotonic_hybrid,0.7250440716743469,0.2214006930589676,0.08148198574781418,1.0578869581222534,0.1364106982946396,0.04293530434370041,0.08769230544567108,0.04475700110197067,0.16036009788513184,0.1599999964237213,0.00036010146141052246,0.38488709926605225,0.2968849539756775,0.31822797656059265,0.9195178755244713,0.6976885713303708,0,0,0.5563101768493652,0.30964329838752747,0.0003056526184082031,-6.560981273651123e-05,-4.8376619815826416e-05,0.0014452934265136719,0.00013428926467895508,-0.002170417457818985,-0.008743390440940857,0.042174198355091126
Stage1,S1_011,1.0,0.05,0.0,0.0,42,0.9474943280220032,110,monotonic_hybrid,0.7091346383094788,0.21927988529205322,0.07548975944519043,1.255920171737671,0.15887854993343353,0.04580376669764519,0.08538461476564407,0.039580848067998886,0.15759089589118958,0.19658119976520538,0.03899030387401581,0.3816017508506775,0.295506089925766,0.3228921890258789,0.9296692027850799,0.6677198828390418,0,0,0.5563008189201355,0.30958589911460876,-0.0002351999282836914,5.736947059631348e-06,-0.00028681010007858276,-0.001239776611328125,-0.0008991211652755737,-0.002326175570487976,-0.009176373481750488,-0.03315617828747583
Stage1,S1_012,1.0,0.1,0.0,0.0,43,0.9286399483680725,101,monotonic_hybrid,0.7690171599388123,0.23110704123973846,0.0786091759800911,1.2414764165878296,0.15798760950565338,0.04729215055704117,0.08692307770252228,0.03963092714548111,0.1642165184020996,0.19847328960895538,0.034256771206855774,0.3644958436489105,0.295950323343277,0.3395538330078125,0.9233611432684116,0.6443093694691645,0,0,0.5570304989814758,0.3034449815750122,-2.777576446533203e-05,-9.389221668243408e-05,-0.00024130195379257202,-0.0014113187789916992,-0.001156643033027649,-0.0032807141542434692,-0.012376949191093445,-0.0036117219132236534
Stage1,S1_012,1.0,0.1,0.0,0.0,43,0.8534063696861267,102,monotonic_hybrid,0.7369428873062134,0.21702240407466888,0.08003975450992584,1.4870195388793945,0.2028406709432602,0.038948431611061096,0.08923076838254929,0.05028233677148819,0.149953231215477,0.2539682686328888,0.1040150374174118,0.3679780960083008,0.2959151566028595,0.3361067473888397,0.9279131898598861,0.6369182267158193,0,0,0.5570206046104431,0.3033939599990845,-0.000571131706237793,-7.013976573944092e-05,-0.0004556626081466675,-0.00624537467956543,-0.0026342570781707764,-0.003165554255247116,-0.012312397360801697,-0.07744011524046036
Stage1,S1_012,1.0,0.1,0.0,0.0,50,0.885822594165802,103,monotonic_hybrid,0.7081557512283325,0.22195316851139069,0.07880949974060059,1.1717431545257568,0.12817803025245667,0.03987111151218414,0.08538461476564407,0.04551350325345993,0.13742110133171082,0.14159291982650757,0.004171818494796753,0.37012001872062683,0.2956521809101105,0.3342278003692627,0.9215301089911241,0.6382311789586184,0,0,0.5569627285003662,0.30316251516342163,-0.0004176497459411621,-0.0008663684129714966,-0.00013515353202819824,8.368492126464844e-05,0.0001868903636932373,-0.002321716398000717,-0.014710292220115662,-0.0589423403936561
Stage1,S1_012,1.0,0.1,0.0,0.0,49,0.9477728605270386,104,monotonic_hybrid,0.7184998989105225,0.22738496959209442,0.07232066243886948,1.2315868139266968,0.15052570402622223,0.05446629971265793,0.07999999821186066,0.02553369849920273,0.1664777398109436,0.18110236525535583,0.014624625444412231,0.36750102043151855,0.29515504837036133,0.33734390139579773,0.9222756733622319,0.6652989494917877,0,0,0.5570111870765686,0.3033749461174011,0.0004572272300720215,-0.0008625686168670654,-0.00026872754096984863,0.001888871192932129,-0.00048752129077911377,-0.006936762481927872,-0.0158909410238266,0.06367688831110314
Stage1,S1_012,1.0,0.1,0.0,0.0,43,0.9124086499214172,105,monotonic_hybrid,0.7020482420921326,0.2200055867433548,0.07101987302303314,1.1410294771194458,0.1283000409603119,0.049974676221609116,0.07538461685180664,0.025409940630197525,0.18222124874591827,0.1376146674156189,0.04460658133029938,0.37489089369773865,0.2952229678630829,0.3298861086368561,0.9200392452832022,0.6678120292300117,0,0,0.5570266246795654,0.30341970920562744,0.00044220685958862305,0.00012032687664031982,5.777180194854736e-05,0.0010591745376586914,0.000951617956161499,-0.003097832202911377,0.010604530572891235,0.06302780155562027
Stage1,S1_012,1.0,0.1,0.0,0.0,50,0.8926408886909485,106,monotonic_hybrid,0.7446073889732361,0.225061297416687,0.07667215168476105,1.1891366243362427,0.1212107390165329,0.04513434320688248,0.08384615182876587,0.03871180862188339,0.17178891599178314,0.14851485192775726,0.02327406406402588,0.36995548009872437,0.29794737696647644,0.3320970833301544,0.9207842313244093,0.6640956098386838,0,0,0.556952953338623,0.30312615633010864,0.0001436471939086914,9.216368198394775e-05,-0.0001031830906867981,0.0015676021575927734,0.000345572829246521,-0.0027626827359199524,0.013889402151107788,0.019295391547929953
Stage1,S1_012,1.0,0.1,0.0,0.0,42,0.9815932512283325,107,monotonic_hybrid,0.7795766592025757,0.22346153855323792,0.09127672016620636,1.2822630405426025,0.15413425862789154,0.04412752017378807,0.10076922923326492,0.05664170905947685,0.1539323478937149,0.19130434095859528,0.03737199306488037,0.3660673499107361,0.2973448932170868,0.3365877568721771,0.9268137538291161,0.673817047617238,0,0,0.557030975818634,0.30342283844947815,-0.0004514455795288086,7.736682891845703e-05,-0.0003830716013908386,-0.0013159513473510742,-0.0009399503469467163,-0.003135494887828827,-0.010290175676345825,-0.05787555304240183
Stage1,S1_012,1.0,0.1,0.0,0.0,50,0.8855822086334229,108,monotonic_hybrid,0.7350074052810669,0.22329282760620117,0.08336229622364044,1.2914597988128662,0.19282987713813782,0.04632600024342537,0.0930769219994545,0.04675092175602913,0.1661781668663025,0.25,0.08382183313369751,0.369981586933136,0.2949203550815582,0.3350980877876282,0.9221189153691461,0.6882701598884591,0,0,0.5569542646408081,0.30313366651535034,-0.00026738643646240234,-0.00012692809104919434,-0.00030644237995147705,-0.0017821788787841797,-0.0020697563886642456,-0.0029662102460861206,-0.011400312185287476,-0.03636551116322294
Stage1,S1_012,1.0,0.1,0.0,0.0,40,0.9234358668327332,109,monotonic_hybrid,0.7250617742538452,0.2214171439409256,0.08146920800209045,1.057956337928772,0.13641437888145447,0.04315827041864395,0.08769230544567108,0.04453403502702713,0.16108590364456177,0.1599999964237213,0.001085907220840454,0.36948832869529724,0.2970099449157715,0.33350175619125366,0.9220665239460204,0.6948726229952463,0,0,0.5570603609085083,0.3035470247268677,0.00032335519790649414,-4.915893077850342e-05,-6.115436553955078e-05,0.0015146732330322266,0.00013796985149383545,-0.0023933835327625275,-0.008017584681510925,0.044616814757482325
Stage1,S1_012,1.0,0.1,0.0,0.0,42,0.946543276309967,110,monotonic_hybrid,0.709117591381073,0.21929314732551575,0.07547198235988617,1.255820631980896,0.15883131325244904,0.045953650027513504,0.08538461476564407,0.03943096473813057,0.15816743671894073,0.19658119976520538,0.03841376304626465,0.3661321699619293,0.29562273621559143,0.33824509382247925,0.932030861455986,0.6652534625743834,0,0,0.5570292472839355,0.30342620611190796,-0.0002522468566894531,1.8998980522155762e-05,-0.000304587185382843,-0.0013393163681030273,-0.0009463578462600708,-0.0024760589003562927,-0.009752914309501648,-0.03555928700268569
Stage1,S1_013,1.0,0.2,0.0,0.0,43,0.9266670942306519,101,monotonic_hybrid,0.7690372467041016,0.2311423271894455,0.07857929915189743,1.2412673234939575,0.15788426995277405,0.04774557426571846,0.08692307770252228,0.03917750343680382,0.16563259065151215,0.19847328960895538,0.03284069895744324,0.33397382497787476,0.2948782444000244,0.3711479902267456,0.928364064436488,0.6377635269466467,0,0,0.5553911924362183,0.28949201107025146,-7.68899917602539e-06,-5.860626697540283e-05,-0.00027117878198623657,-0.0016204118728637695,-0.0012599825859069824,-0.003734137862920761,-0.013793021440505981,-0.0009998114309138439
Stage1,S1_013,1.0,0.2,0.0,0.0,43,0.8505809307098389,102,monotonic_hybrid,0.7369098663330078,0.2170487642288208,0.08000274747610092,1.4864760637283325,0.20262153446674347,0.03921009972691536,0.08923076838254929,0.050020668655633926,0.15103422105312347,0.2539682686328888,0.10293404757976532,0.3373265564441681,0.2950518727302551,0.36762160062789917,0.9324588653250712,0.6309885538934553,0,0,0.555354118347168,0.28939807415008545,-0.0006041526794433594,-4.3779611587524414e-05,-0.0004926696419715881,-0.006788849830627441,-0.0028533935546875,-0.0034272223711013794,-0.013393387198448181,-0.0819174502272288
Stage1,S1_013,1.0,0.2,0.0,0.0,50,0.8832705020904541,103,monotonic_hybrid,0.708177924156189,0.22197604179382324,0.07878822088241577,1.1717580556869507,0.12819692492485046,0.040181007236242294,0.08538461476564407,0.04520360752940178,0.13847598433494568,0.14159291982650757,0.0031169354915618896,0.33878257870674133,0.29508277773857117,0.3661346435546875,0.9267087363225306,0.6314211385766775,0,0,0.5551608800888062,0.28887566924095154,-0.0003954768180847168,-0.0008434951305389404,-0.0001564323902130127,9.85860824584961e-05,0.00020578503608703613,-0.0026316121220588684,-0.015765175223350525,-0.05581310525359044
Stage1,S1_013,1.0,0.2,0.0,0.0,49,0.9462571144104004,104,monotonic_hybrid,0.718597948551178,0.22741000354290009,0.07230541855096817,1.2317737340927124,0.1505068689584732,0.055007852613925934,0.07999999821186066,0.024992145597934723,0.1677873581647873,0.18110236525535583,0.013315007090568542,0.3367345333099365,0.29435890913009644,0.36890658736228943,0.9273216357333041,0.6591584837412717,0,0,0.555356502532959,0.2893173098564148,0.0005552768707275391,-0.0008375346660614014,-0.0002839714288711548,0.002075791358947754,-0.0005063563585281372,-0.007478315383195877,-0.017200559377670288,0.07733201557896453
Stage1,S1_013,1.0,0.2,0.0,0.0,43,0.9104830026626587,105,monotonic_hybrid,0.7021365761756897,0.22003524005413055,0.07102806866168976,1.1412525177001953,0.1284467726945877,0.05045664682984352,0.07538461685180664,0.02492797002196312,0.18362323939800262,0.1376146674156189,0.04600857198238373,0.3441251218318939,0.2946684956550598,0.36120641231536865,0.9247971926793622,0.6621263681018372,0,0,0.555379331111908,0.2894434928894043,0.000530540943145752,0.00014998018741607666,6.596744060516357e-05,0.0012822151184082031,0.001098349690437317,-0.0035798028111457825,0.012006521224975586,0.07561807004267099
Stage1,S1_013,1.0,0.2,0.0,0.0,50,0.890016496181488,106,monotonic_hybrid,0.7446202635765076,0.2250787764787674,0.07665357738733292,1.1894993782043457,0.12128880620002747,0.04552334547042847,0.08384615182876587,0.0383228063583374,0.17331090569496155,0.14851485192775726,0.024796053767204285,0.33864423632621765,0.2974356710910797,0.36392006278038025,0.9258041201274095,0.6582791901890674,0,0,0.5551289319992065,0.2887958586215973,0.00015652179718017578,0.00010964274406433105,-0.0001217573881149292,0.0019303560256958008,0.00042364001274108887,-0.0031516849994659424,0.015411391854286194,0.021024771039362677
Stage1,S1_013,1.0,0.2,0.0,0.0,42,0.9798979163169861,107,monotonic_hybrid,0.7795436382293701,0.2234896570444107,0.09123856574296951,1.281982660293579,0.15404841303825378,0.04447818920016289,0.10076922923326492,0.056291040033102036,0.15500441193580627,0.19130434095859528,0.036299929022789,0.33561980724334717,0.29631075263023376,0.3680694103240967,0.9314150715110854,0.6683141932025901,0,0,0.5553829669952393,0.28946828842163086,-0.000484466552734375,0.00010548532009124756,-0.00042122602462768555,-0.0015963315963745117,-0.0010257959365844727,-0.003486163914203644,-0.011362239718437195,-0.062108858612178776
Stage1,S1_013,1.0,0.2,0.0,0.0,50,0.8832082152366638,108,monotonic_hybrid,0.7350253462791443,0.22333094477653503,0.08333393186330795,1.2912226915359497,0.19264844059944153,0.046631135046482086,0.0930769219994545,0.04644578695297241,0.16724345088005066,0.25,0.08275654911994934,0.33874747157096863,0.2943185567855835,0.3669339716434479,0.926912138508974,0.683290792625487,0,0,0.5551320314407349,0.2888072729110718,-0.00024944543838500977,-8.881092071533203e-05,-0.00033480674028396606,-0.0020192861557006836,-0.0022511929273605347,-0.0032713450491428375,-0.012465596199035645,-0.03392547129248507
Stage1,S1_013,1.0,0.2,0.0,0.0,40,0.9218373894691467,109,monotonic_hybrid,0.7250989079475403,0.22145038843154907,0.08144402503967285,1.0581015348434448,0.13642416894435883,0.04360536113381386,0.08769230544567108,0.044086944311857224,0.1625300794839859,0.1599999964237213,0.0025300830602645874,0.3391159176826477,0.2960371673107147,0.36484694480895996,0.9269460358123109,0.6893034797903927,0,0,0.5554839968681335,0.2897297143936157,0.0003604888916015625,-1.5914440155029297e-05,-8.633732795715332e-05,0.0016598701477050781,0.00014775991439819336,-0.002840474247932434,-0.006573408842086792,0.04974055219414803
Stage1,S1_013,1.0,0.2,0.0,0.0,44,0.944555401802063,110,monotonic_hybrid,0.7092304229736328,0.219603031873703,0.07514806091785431,1.2554324865341187,0.15847714245319366,0.04980074241757393,0.08538461476564407,0.035583872348070145,0.16445183753967285,0.19658119976520538,0.03212936222553253,0.3353145718574524,0.2947814464569092,0.3699039816856384,0.9365677906676251,0.6604433216958707,0,0,0.5553140640258789,0.2892874479293823,-0.00013941526412963867,0.0003288835287094116,-0.0006285086274147034,-0.001727461814880371,-0.001300528645515442,-0.0063231512904167175,-0.016037315130233765,-0.01965339610096451
Stage1,S1_014,1.0,0.4,0.0,0.0,43,0.9225970506668091,101,monotonic_hybrid,0.769088625907898,0.23121429979801178,0.07852362096309662,1.2408897876739502,0.15769626200199127,0.0486341156065464,0.08692307770252228,0.038288962095975876,0.1683807671070099,0.19847328960895538,0.030092522501945496,0.27578604221343994,0.28784996271133423,0.43636399507522583,0.9375184244120314,0.6252104662528036,0,0,0.5403291583061218,0.2562887370586395,4.369020462036133e-05,1.3366341590881348e-05,-0.00032685697078704834,-0.0019979476928710938,-0.0014479905366897583,-0.004622679203748703,-0.016541197896003723,0.005681099060929051
Stage1,S1_014,1.0,0.4,0.0,0.0,43,0.8448192477226257,102,monotonic_hybrid,0.7368514537811279,0.21709968149662018,0.07993381470441818,1.48545503616333,0.20221076905727386,0.03970707952976227,0.08923076838254929,0.04952368885278702,0.1531023532152176,0.2539682686328888,0.1008659154176712,0.27890023589134216,0.28842201828956604,0.4326777458190918,0.9406979528475168,0.6197973560501794,0,0,0.540242612361908,0.2561490535736084,-0.0006625652313232422,7.137656211853027e-06,-0.0005616024136543274,-0.007809877395629883,-0.0032641589641571045,-0.003924202173948288,-0.015461519360542297,-0.08983764569118738
Stage1,S1_014,1.0,0.4,0.0,0.0,50,0.8780727386474609,103,monotonic_hybrid,0.7082228660583496,0.22201965749263763,0.07874748855829239,1.171818494796753,0.12824471294879913,0.040789004415273666,0.08538461476564407,0.04459561035037041,0.14050649106502533,0.14159291982650757,0.0010864287614822388,0.27910274267196655,0.28888246417045593,0.4320148229598999,0.9361457678705882,0.6184153989278693,0,0,0.5396000146865845,0.2549423575401306,-0.00035053491592407227,-0.0007998794317245483,-0.00019716471433639526,0.0001590251922607422,0.00025357306003570557,-0.0032396093010902405,-0.017795681953430176,-0.04947051574926381
Stage1,S1_014,1.0,0.4,0.0,0.0,49,0.9429853558540344,104,monotonic_hybrid,0.7188045382499695,0.22746117413043976,0.07227860391139984,1.2321693897247314,0.15048253536224365,0.05608542636036873,0.07999999821186066,0.023914571851491928,0.17034536600112915,0.18110236525535583,0.010756999254226685,0.27800458669662476,0.2877597212791443,0.43423566222190857,0.936472179639693,0.6472520244771541,0,0,0.5402002334594727,0.25584474205970764,0.000761866569519043,-0.0007863640785217285,-0.00031078606843948364,0.002471446990966797,-0.0005306899547576904,-0.008555889129638672,-0.019758567214012146,0.10610324421751016
Stage1,S1_014,1.0,0.4,0.0,0.0,49,0.9064712524414062,105,monotonic_hybrid,0.7033770084381104,0.22021076083183289,0.07122693210840225,1.1459592580795288,0.1306530237197876,0.05617043003439903,0.07538461685180664,0.019214186817407608,0.19980642199516296,0.1376146674156189,0.06219175457954407,0.28356730937957764,0.28926175832748413,0.42717093229293823,0.9339045162958141,0.6512444329941858,0,0,0.5397242903709412,0.2551315128803253,0.0017709732055664062,0.0003255009651184082,0.00026483088731765747,0.005988955497741699,0.003304600715637207,-0.009293586015701294,0.028189703822135925,0.2524170427039479
Stage1,S1_014,1.0,0.4,0.0,0.0,50,0.8846553564071655,106,monotonic_hybrid,0.7446473836898804,0.22511258721351624,0.07661812007427216,1.1902214288711548,0.12145117670297623,0.04628538712859154,0.08384615182876587,0.03756076470017433,0.17623712122440338,0.14851485192775726,0.027722269296646118,0.2790171802043915,0.2913057804107666,0.42967697978019714,0.9349929766888523,0.6470698994150521,0,0,0.5395013093948364,0.2547689378261566,0.00018364191055297852,0.0001434534788131714,-0.0001572147011756897,0.002652406692504883,0.0005860105156898499,-0.003913726657629013,0.018337607383728027,0.02466767691251958
Stage1,S1_014,1.0,0.4,0.0,0.0,42,0.9762604236602783,107,monotonic_hybrid,0.7794809937477112,0.22354139387607574,0.09116542339324951,1.2814390659332275,0.15388616919517517,0.04517025873064995,0.10076922923326492,0.055598970502614975,0.15710920095443726,0.19130434095859528,0.03419514000415802,0.27762311697006226,0.2893543541431427,0.43302255868911743,0.9397379226557019,0.6577590643261414,0,0,0.5403403043746948,0.2563340961933136,-0.0005471110343933105,0.00015722215175628662,-0.0004943683743476868,-0.0021399259567260742,-0.001188039779663086,-0.004178233444690704,-0.013467028737068176,-0.07013991304148487
Stage1,S1_014,1.0,0.4,0.0,0.0,50,0.8782495260238647,108,monotonic_hybrid,0.7350661754608154,0.22340764105319977,0.08327924460172653,1.2907601594924927,0.19230560958385468,0.0472339391708374,0.0930769219994545,0.045842982828617096,0.16929496824741364,0.25,0.08070503175258636,0.2792194187641144,0.2881091237068176,0.432671457529068,0.9356877985291514,0.6735642106217381,0,0,0.5394971966743469,0.25476503372192383,-0.0002086162567138672,-1.2114644050598145e-05,-0.00038949400186538696,-0.002481818199157715,-0.0025940239429473877,-0.0038741491734981537,-0.01451711356639862,-0.028372556636486912
Stage1,S1_014,1.0,0.4,0.0,0.0,40,0.9184754490852356,109,monotonic_hybrid,0.7251787185668945,0.22151637077331543,0.0813957080245018,1.0584089756011963,0.13645309209823608,0.044490665197372437,0.08769230544567108,0.043201640248298645,0.16533367335796356,0.1599999964237213,0.0053336769342422485,0.2810647785663605,0.28922805190086365,0.4297071397304535,0.935813619107362,0.6784556773538741,0,0,0.5406450033187866,0.256864994764328,0.00044029951095581055,5.0067901611328125e-05,-0.00013465434312820435,0.001967310905456543,0.00017668306827545166,-0.0037257783114910126,-0.003769814968109131,0.0607528867490363
Stage1,S1_014,1.0,0.4,0.0,0.0,44,0.9403811693191528,110,monotonic_hybrid,0.7091693878173828,0.21963782608509064,0.07507361471652985,1.2550917863845825,0.15831466019153595,0.050584811717271805,0.08538461476564407,0.03479980304837227,0.1669865995645523,0.19658119976520538,0.029594600200653076,0.27696895599365234,0.2880295515060425,0.4350014925003052,0.9445990919599957,0.6511968500180497,0,0,0.5401061773300171,0.2558898329734802,-0.00020045042037963867,0.0003636777400970459,-0.0007029548287391663,-0.002068161964416504,-0.0014630109071731567,-0.0071072205901145935,-0.01857207715511322,-0.028257533598778816
Stage1,S1_015,2.0,0.005,0.0,0.0,43,1.1289746761322021,101,monotonic_hybrid,0.7690643072128296,0.23097339272499084,0.07850180566310883,1.2416428327560425,0.1574907898902893,0.0490628145635128,0.08692307770252228,0.037860263139009476,0.17087170481681824,0.19847328960895538,0.027601584792137146,0.3940183222293854,0.2954482436180115,0.31053343415260315,0.9183607520856466,0.6506772631802636,0,0,0.5547481179237366,0.314623087644577,1.9371509552001953e-05,-0.0002275407314300537,-0.0003486722707748413,-0.0012449026107788086,-0.0016534626483917236,-0.005051378160715103,-0.019032135605812073,0.002518904767806196
Stage1,S1_015,2.0,0.005,0.0,0.0,43,1.0397062301635742,102,monotonic_hybrid,0.7367637753486633,0.21695995330810547,0.07978290319442749,1.4836419820785522,0.20137691497802734,0.040885794907808304,0.08923076838254929,0.04834497347474098,0.1570999175310135,0.2539682686328888,0.0968683511018753,0.3976452052593231,0.29521700739860535,0.30713778734207153,0.9233312320722304,0.6427581714712849,0,0,0.5547484159469604,0.3146204948425293,-0.0007502436637878418,-0.00013259053230285645,-0.0007125139236450195,-0.009622931480407715,-0.0040980130434036255,-0.005102917551994324,-0.019459083676338196,-0.10172602071923133
Stage1,S1_015,2.0,0.005,0.0,0.0,50,1.0822981595993042,103,monotonic_hybrid,0.7083195447921753,0.22192847728729248,0.07872060686349869,1.1718829870224,0.1283920258283615,0.04139324650168419,0.08538461476564407,0.043991368263959885,0.14368849992752075,0.14159291982650757,0.0020955801010131836,0.4004606306552887,0.29462942481040955,0.30490994453430176,0.9163365656481801,0.6448790360307376,0,0,0.5547475218772888,0.31461066007614136,-0.00025385618209838867,-0.0008910596370697021,-0.00022404640913009644,0.00022351741790771484,0.0004008859395980835,-0.003843851387500763,-0.01678653061389923,-0.03582637758478398
Stage1,S1_015,2.0,0.005,0.0,0.0,49,1.1582698822021484,104,monotonic_hybrid,0.7187921404838562,0.2272314876317978,0.07227101176977158,1.2326046228408813,0.15042538940906525,0.05632041394710541,0.07999999821186066,0.02367958426475525,0.17203450202941895,0.18110236525535583,0.00906786322593689,0.3972105085849762,0.2943323850631714,0.30845704674720764,0.9172009047550259,0.6712013831603137,0,0,0.5547465085983276,0.31462031602859497,0.0007494688034057617,-0.0010160505771636963,-0.000318378210067749,0.0029066801071166992,-0.0005878359079360962,-0.008790876716375351,-0.02144770324230194,0.10437663845962859
Stage1,S1_015,2.0,0.005,0.0,0.0,43,1.1125065088272095,105,monotonic_hybrid,0.7023137807846069,0.22001178562641144,0.0710674449801445,1.141995906829834,0.12884624302387238,0.051430970430374146,0.07538461685180664,0.023953646421432495,0.18734978139400482,0.1376146674156189,0.049735113978385925,0.40458089113235474,0.2942335307598114,0.30118560791015625,0.9153077726771669,0.6733465851802303,0,0,0.5547481775283813,0.31462186574935913,0.0007077455520629883,0.00012652575969696045,0.000105343759059906,0.002025604248046875,0.0014978200197219849,-0.004554126411676407,0.015733063220977783,0.10087506613713912
Stage1,S1_015,2.0,0.005,0.0,0.0,50,1.0837280750274658,106,monotonic_hybrid,0.7447724938392639,0.22507619857788086,0.07663847506046295,1.1902765035629272,0.12155622988939285,0.046606164425611496,0.08384615182876587,0.03723998740315437,0.1793956160545349,0.14851485192775726,0.03088076412677765,0.4002741277217865,0.29685747623443604,0.3028683364391327,0.9157545333649926,0.6697488589996297,0,0,0.554747462272644,0.3146090507507324,0.00030875205993652344,0.00010706484317779541,-0.0001368597149848938,0.0027074813842773438,0.0006910637021064758,-0.0042345039546489716,0.021496102213859558,0.041473082248247785
Stage1,S1_015,2.0,0.005,0.0,0.0,42,1.1942100524902344,107,monotonic_hybrid,0.7794176340103149,0.22348728775978088,0.09108161926269531,1.2822974920272827,0.15370973944664001,0.0458671860396862,0.10076922923326492,0.05490204319357872,0.15967798233032227,0.19130434095859528,0.03162635862827301,0.39555302262306213,0.2968108654022217,0.3076361119747162,0.9221766438366586,0.6791822451964545,0,0,0.5547487735748291,0.3146216571331024,-0.0006104707717895508,0.00010311603546142578,-0.000578172504901886,-0.0012814998626708984,-0.0013644695281982422,-0.004875160753726959,-0.016035810112953186,-0.07826266362031681
Stage1,S1_015,2.0,0.005,0.0,0.0,50,1.0811697244644165,108,monotonic_hybrid,0.7348989248275757,0.22310426831245422,0.08319612592458725,1.2913013696670532,0.19175602495670319,0.04808846861124039,0.0930769219994545,0.04498845338821411,0.17272625863552094,0.25,0.07727374136447906,0.4002138078212738,0.2939459979534149,0.3058401942253113,0.9173214693545844,0.6930749246754647,0,0,0.5547474026679993,0.3146095275878906,-0.0003758668899536133,-0.0003154873847961426,-0.0004726126790046692,-0.001940608024597168,-0.003143608570098877,-0.004728678613901138,-0.01794840395450592,-0.051119240614196135
Stage1,S1_015,2.0,0.005,0.0,0.0,40,1.1243780851364136,109,monotonic_hybrid,0.7253549695014954,0.22135381400585175,0.08145585656166077,1.059356689453125,0.13653959333896637,0.04424699768424034,0.08769230544567108,0.04344530776143074,0.16630564630031586,0.1599999964237213,0.0063056498765945435,0.398824542760849,0.29642853140830994,0.30474692583084106,0.9171643621955006,0.7002390595400908,0,0,0.5547489523887634,0.3146272897720337,0.0006165504455566406,-0.00011248886585235596,-7.450580596923828e-05,0.002915024757385254,0.0002631843090057373,-0.0034821107983589172,-0.002797842025756836,0.08507213490348334
Stage1,S1_015,2.0,0.005,0.0,0.0,33,1.1479830741882324,110,monotonic_hybrid,0.7093456387519836,0.21937373280525208,0.07484050840139389,1.2555794715881348,0.15812543034553528,0.0537603534758091,0.08538461476564407,0.031624261289834976,0.1741171032190323,0.19658119976520538,0.022464096546173096,0.3956800699234009,0.2950287461280823,0.30929121375083923,0.9274660880350719,0.6699672122522811,0,0,0.5547506213188171,0.3146440386772156,-2.4199485778808594e-05,9.958446025848389e-05,-0.0009360611438751221,-0.0015804767608642578,-0.0016522407531738281,-0.010282762348651886,-0.0257025808095932,-0.003411406078234969
Stage1,S1_016,2.0,0.01,0.0,0.0,43,1.1287862062454224,101,monotonic_hybrid,0.7690662741661072,0.23097588121891022,0.07849946618080139,1.2416309118270874,0.1574832797050476,0.04910183325409889,0.08692307770252228,0.037821244448423386,0.17099197208881378,0.19847328960895538,0.0274813175201416,0.39245548844337463,0.29551127552986145,0.3120332360267639,0.9186297303696771,0.6503386687008436,0,0,0.5549622178077698,0.31408894062042236,2.1338462829589844e-05,-0.00022505223751068115,-0.0003510117530822754,-0.0012568235397338867,-0.0016609728336334229,-0.005090396851301193,-0.019152402877807617,0.0027746704826911326
Stage1,S1_016,2.0,0.01,0.0,0.0,43,1.0394338369369507,102,monotonic_hybrid,0.7367613911628723,0.21696209907531738,0.07977981120347977,1.4835959672927856,0.20135849714279175,0.040909089148044586,0.08923076838254929,0.0483216792345047,0.15719471871852875,0.2539682686328888,0.09677354991436005,0.39607420563697815,0.2952902317047119,0.30863553285598755,0.9235787421348813,0.6424458033755889,0,0,0.5549627542495728,0.3140838146209717,-0.0007526278495788574,-0.00013044476509094238,-0.0007156059145927429,-0.009668946266174316,-0.004116430878639221,-0.005126211792230606,-0.019553884863853455,-0.10204929400347454
Stage1,S1_016,2.0,0.01,0.0,0.0,50,1.0820515155792236,103,monotonic_hybrid,0.7083221673965454,0.2219303548336029,0.07871894538402557,1.1718852519989014,0.12839414179325104,0.041419971734285355,0.08538461476564407,0.04396464303135872,0.14378082752227783,0.14159291982650757,0.0021879076957702637,0.39885398745536804,0.29472073912620544,0.3064253032207489,0.9166163552895223,0.6445249508923979,0,0,0.5549608469009399,0.3140639364719391,-0.0002512335777282715,-0.0008891820907592773,-0.00022570788860321045,0.0002257823944091797,0.00040300190448760986,-0.0038705766201019287,-0.01669420301914215,-0.0354562529983246
Stage1,S1_016,2.0,0.01,0.0,0.0,49,1.1581305265426636,104,monotonic_hybrid,0.7188009023666382,0.22723330557346344,0.072269968688488,1.232622504234314,0.15042439103126526,0.05636553838849068,0.07999999821186066,0.02363445982336998,0.17214304208755493,0.18110236525535583,0.008959323167800903,0.3956387937068939,0.29441359639167786,0.3099476099014282,0.9174746722082994,0.6708894127041866,0,0,0.5549591183662415,0.3140833377838135,0.0007582306861877441,-0.0010142326354980469,-0.00031942129135131836,0.0029245615005493164,-0.000588834285736084,-0.00883600115776062,-0.021556243300437927,0.1055968838750545
Stage1,S1_016,2.0,0.01,0.0,0.0,43,1.1123220920562744,105,monotonic_hybrid,0.7023217082023621,0.22001419961452484,0.07106827199459076,1.142016053199768,0.12885865569114685,0.05147122964262962,0.07538461685180664,0.023913387209177017,0.1874656230211258,0.1376146674156189,0.0498509556055069,0.4030107259750366,0.2943219840526581,0.3026673197746277,0.9155617241608422,0.6730520950989916,0,0,0.5549622774124146,0.3140864372253418,0.0007156729698181152,0.00012893974781036377,0.00010617077350616455,0.002045750617980957,0.00151023268699646,-0.004594385623931885,0.015848904848098755,0.10200496202700264
Stage1,S1_016,2.0,0.01,0.0,0.0,50,1.0834752321243286,106,monotonic_hybrid,0.7447745203971863,0.22507767379283905,0.07663720101118088,1.1903129816055298,0.12156486511230469,0.04663815349340439,0.08384615182876587,0.03720799833536148,0.17952293157577515,0.14851485192775726,0.031008079648017883,0.3986685872077942,0.29695260524749756,0.30437877774238586,0.9160254850969183,0.6694482392094833,0,0,0.5549604892730713,0.3140608072280884,0.0003107786178588867,0.00010854005813598633,-0.00013813376426696777,0.002743959426879883,0.0006996989250183105,-0.004266493022441864,0.021623417735099792,0.041745299390417746
Stage1,S1_016,2.0,0.01,0.0,0.0,42,1.1940534114837646,107,monotonic_hybrid,0.7794152498245239,0.22348961234092712,0.09107851982116699,1.2822777032852173,0.15370330214500427,0.04589691013097763,0.10076922923326492,0.05487231910228729,0.15976844727993011,0.19130434095859528,0.03153589367866516,0.39399129152297974,0.2968754768371582,0.30913326144218445,0.9224270129257365,0.6788965327444563,0,0,0.5549635291099548,0.3140861988067627,-0.0006128549575805664,0.00010544061660766602,-0.0005812719464302063,-0.0013012886047363281,-0.0013709068298339844,-0.004904884845018387,-0.016126275062561035,-0.07856831745206966
Stage1,S1_016,2.0,0.01,0.0,0.0,50,1.0809460878372192,108,monotonic_hybrid,0.7349007725715637,0.22310711443424225,0.08319396525621414,1.2912859916687012,0.19174185395240784,0.04811377823352814,0.0930769219994545,0.04496314376592636,0.17281542718410492,0.25,0.07718457281589508,0.3986130952835083,0.29403433203697205,0.30735257267951965,0.917579708901156,0.6928201472169585,0,0,0.5549604296684265,0.31406164169311523,-0.00037401914596557617,-0.0003126412630081177,-0.0004747733473777771,-0.0019559860229492188,-0.003157779574394226,-0.0047539882361888885,-0.018037572503089905,-0.05086794082684439
Stage1,S1_016,2.0,0.01,0.0,0.0,40,1.1242278814315796,109,monotonic_hybrid,0.7253587245941162,0.22135646641254425,0.08145390450954437,1.059372901916504,0.1365412324666977,0.04428400844335556,0.08769230544567108,0.04340829700231552,0.16642546653747559,0.1599999964237213,0.0064254701137542725,0.3972724378108978,0.29649531841278076,0.3062322437763214,0.917428712778238,0.6999548974711657,0,0,0.5549638271331787,0.31409749388694763,0.0006203055381774902,-0.00010983645915985107,-7.645785808563232e-05,0.00293123722076416,0.00026482343673706055,-0.0035191215574741364,-0.002678021788597107,0.08559026565550572
Stage1,S1_016,2.0,0.01,0.0,0.0,33,1.147803783416748,110,monotonic_hybrid,0.7093453407287598,0.21937605738639832,0.07483749091625214,1.2555721998214722,0.15812012553215027,0.053798746317625046,0.08538461476564407,0.03158586844801903,0.17422795295715332,0.19658119976520538,0.022353246808052063,0.39417925477027893,0.29506710171699524,0.31075364351272583,0.9277031269310211,0.6697125830704741,0,0,0.5549675822257996,0.31413137912750244,-2.4497509002685547e-05,0.00010190904140472412,-0.0009390786290168762,-0.0015877485275268555,-0.0016575455665588379,-0.010321155190467834,-0.025813430547714233,-0.003453418468361015
Stage1,S1_017,2.0,0.02,0.0,0.0,43,1.1284080743789673,101,monotonic_hybrid,0.7690703868865967,0.23098088800907135,0.07849481701850891,1.2416071891784668,0.15746837854385376,0.04917990416288376,0.08692307770252228,0.03774317353963852,0.1712324470281601,0.19847328960895538,0.027240842580795288,0.3893319368362427,0.2956252694129944,0.31504276394844055,0.9191658419322368,0.6496625513650566,0,0,0.5553591251373291,0.3130020499229431,2.5451183319091797e-05,-0.00022004544734954834,-0.00035566091537475586,-0.0012805461883544922,-0.0016758739948272705,-0.00516846776008606,-0.01939287781715393,0.0033094533410869095
Stage1,S1_017,2.0,0.02,0.0,0.0,43,1.0388875007629395,102,monotonic_hybrid,0.7367565631866455,0.21696636080741882,0.07977364212274551,1.4835035800933838,0.2013218104839325,0.04095560684800148,0.08923076838254929,0.048275161534547806,0.15738412737846375,0.2539682686328888,0.09658414125442505,0.392934650182724,0.29542475938796997,0.31164059042930603,0.924071692018156,0.6418227339396474,0,0,0.5553597211837769,0.3129918575286865,-0.0007574558258056641,-0.00012618303298950195,-0.0007217749953269958,-0.009761333465576172,-0.004153117537498474,-0.0051727294921875,-0.019743293523788452,-0.10270392240406703
Stage1,S1_017,2.0,0.02,0.0,0.0,50,1.0815566778182983,103,monotonic_hybrid,0.7083274126052856,0.22193413972854614,0.07871562987565994,1.171890139579773,0.12839840352535248,0.04147343710064888,0.08538461476564407,0.043911177664995193,0.14396528899669647,0.14159291982650757,0.002372369170188904,0.39564311504364014,0.2948910892009735,0.30946579575538635,0.917173859271395,0.6438181659266603,0,0,0.5553549528121948,0.31295132637023926,-0.0002459883689880371,-0.00088539719581604,-0.00022902339696884155,0.00023066997528076172,0.0004072636365890503,-0.003924041986465454,-0.01650974154472351,-0.034716003825405836
Stage1,S1_017,2.0,0.02,0.0,0.0,49,1.157849907875061,104,monotonic_hybrid,0.7188184261322021,0.22723694145679474,0.07226790487766266,1.2326583862304688,0.15042246878147125,0.05645592510700226,0.07999999821186066,0.0235440731048584,0.17236027121543884,0.18110236525535583,0.008742094039916992,0.39249688386917114,0.29456332325935364,0.3129397928714752,0.9180200968046608,0.6702656566340376,0,0,0.5553531050682068,0.31299036741256714,0.000775754451751709,-0.001010596752166748,-0.00032148510217666626,0.0029604434967041016,-0.0005907565355300903,-0.008926387876272202,-0.02177347242832184,0.10803737470590632
Stage1,S1_017,2.0,0.02,0.0,0.0,43,1.1119519472122192,105,monotonic_hybrid,0.7023376226425171,0.22001901268959045,0.07106994092464447,1.1420565843582153,0.12888360023498535,0.05155181884765625,0.07538461685180664,0.02383279800415039,0.18769727647304535,0.1376146674156189,0.05008260905742645,0.3998720943927765,0.2944868803024292,0.30564096570014954,0.9160680654253669,0.6724641627685541,0,0,0.5553590059280396,0.31299710273742676,0.0007315874099731445,0.00013375282287597656,0.00010783970355987549,0.0020862817764282227,0.001535177230834961,-0.004674974828958511,0.01608055830001831,0.10427324926454822
Stage1,S1_017,2.0,0.02,0.0,0.0,50,1.0829684734344482,106,monotonic_hybrid,0.7447787523269653,0.22508056461811066,0.07663466036319733,1.190386414527893,0.12158221006393433,0.04670209810137749,0.08384615182876587,0.03714405372738838,0.17977717518806458,0.14851485192775726,0.03126232326030731,0.3954600989818573,0.29713040590286255,0.30740949511528015,0.9165653606614867,0.6688480222258069,0,0,0.5553542375564575,0.3129449486732483,0.00031501054763793945,0.00011143088340759277,-0.0001406744122505188,0.002817392349243164,0.0007170438766479492,-0.004330437630414963,0.02187766134738922,0.04231375283436091
Stage1,S1_017,2.0,0.02,0.0,0.0,42,1.193738579750061,107,monotonic_hybrid,0.7794106006622314,0.223494291305542,0.09107234328985214,1.2822381258010864,0.15369053184986115,0.04595642536878586,0.10076922923326492,0.054812803864479065,0.15994934737682343,0.19130434095859528,0.03135499358177185,0.3908703327178955,0.2969926595687866,0.31213703751564026,0.9229257091411154,0.6783262255791873,0,0,0.555361270904541,0.31299668550491333,-0.0006175041198730469,0.00011011958122253418,-0.0005874484777450562,-0.0013408660888671875,-0.0013836771249771118,-0.004964400082826614,-0.016307175159454346,-0.07916434242398772
Stage1,S1_017,2.0,0.02,0.0,0.0,50,1.080496907234192,108,monotonic_hybrid,0.7349045872688293,0.2231127917766571,0.08318965137004852,1.2912554740905762,0.1917136162519455,0.04816441982984543,0.0930769219994545,0.04491250216960907,0.17299363017082214,0.25,0.07700636982917786,0.3954141438007355,0.29419881105422974,0.3103870451450348,0.9180943345705225,0.6923112461231525,0,0,0.5553542375564575,0.312946617603302,-0.00037020444869995117,-0.0003069639205932617,-0.000479087233543396,-0.0019865036010742188,-0.0031860172748565674,-0.00480462983250618,-0.01821577548980713,-0.050349128362634346
Stage1,S1_017,2.0,0.02,0.0,0.0,40,1.1239266395568848,109,monotonic_hybrid,0.7253662943840027,0.22136181592941284,0.08145001530647278,1.0594056844711304,0.1365446001291275,0.044358111917972565,0.08769230544567108,0.04333419352769852,0.16666513681411743,0.1599999964237213,0.006665140390396118,0.3941701054573059,0.2966170012950897,0.30921289324760437,0.9179553762879018,0.6993870944711676,0,0,0.5553626418113708,0.3130194842815399,0.0006278753280639648,-0.00010448694229125977,-8.034706115722656e-05,0.002964019775390625,0.0002681910991668701,-0.0035932250320911407,-0.0024383515119552612,0.08663475145720162
Stage1,S1_017,2.0,0.02,0.0,0.0,33,1.1474436521530151,110,monotonic_hybrid,0.709344744682312,0.2193807065486908,0.07483144104480743,1.2555581331253052,0.1581096351146698,0.05387559160590172,0.08538461476564407,0.031509023159742355,0.17444957792758942,0.19658119976520538,0.022131621837615967,0.39117953181266785,0.295132577419281,0.31368789076805115,0.9281749991831426,0.6692044757082768,0,0,0.5553714036941528,0.3130885660648346,-2.5093555450439453e-05,0.00010655820369720459,-0.0009451285004615784,-0.0016018152236938477,-0.0016680359840393066,-0.010398000478744507,-0.02603505551815033,-0.003537443248613108
Stage1,S1_018,2.0,0.05,0.0,0.0,43,1.127264380455017,101,monotonic_hybrid,0.7690832018852234,0.2309959977865219,0.07848101854324341,1.2415378093719482,0.15742440521717072,0.04941437765955925,0.08692307770252228,0.03750870004296303,0.1719532161951065,0.19847328960895538,0.026520073413848877,0.3799813985824585,0.2958701252937317,0.3241485059261322,0.9207591713539085,0.6476430062946239,0,0,0.5562989115715027,0.3095943331718445,3.826618194580078e-05,-0.00020493566989898682,-0.0003694593906402588,-0.0013499259948730469,-0.001719847321510315,-0.005402941256761551,-0.020113646984100342,0.0049758057259433166
Stage1,S1_018,2.0,0.05,0.0,0.0,43,1.0372365713119507,102,monotonic_hybrid,0.7367424368858337,0.2169792503118515,0.0797552689909935,1.4832284450531006,0.20121245086193085,0.04109462350606918,0.08923076838254929,0.0481361448764801,0.15795060992240906,0.2539682686328888,0.09601765871047974,0.3835381865501404,0.29573163390159607,0.32073017954826355,0.9255338784032812,0.6399668098730289,0,0,0.5562976002693176,0.3095690608024597,-0.0007715821266174316,-0.00011329352855682373,-0.00074014812707901,-0.010036468505859375,-0.004262477159500122,-0.005311746150255203,-0.020309776067733765,-0.10461931661320804
Stage1,S1_018,2.0,0.05,0.0,0.0,50,1.0800621509552002,103,monotonic_hybrid,0.7083433270454407,0.22194549441337585,0.07870575785636902,1.171905755996704,0.1284116506576538,0.041633863002061844,0.08538461476564407,0.04375075176358223,0.14451740682125092,0.14159291982650757,0.002924486994743347,0.38603368401527405,0.29530274868011475,0.3186635673046112,0.918829492514531,0.6417088957278324,0,0,0.5562792420387268,0.309462308883667,-0.0002300739288330078,-0.0008740425109863281,-0.00023889541625976562,0.00024628639221191406,0.00042051076889038086,-0.004084467887878418,-0.015957623720169067,-0.03247002053939097
Stage1,S1_018,2.0,0.05,0.0,0.0,49,1.1569945812225342,104,monotonic_hybrid,0.7188717722892761,0.22724796831607819,0.07226186990737915,1.2327677011489868,0.15041722357273102,0.0567283108830452,0.07999999821186066,0.02327168732881546,0.1730126440525055,0.18110236525535583,0.008089721202850342,0.3830868899822235,0.29491063952445984,0.32200250029563904,0.9196391623143695,0.6683965328140371,0,0,0.5562867522239685,0.30956190824508667,0.0008291006088256836,-0.0009995698928833008,-0.00032752007246017456,0.003069758415222168,-0.0005960017442703247,-0.00919877365231514,-0.02242584526538849,0.11546676005832938
Stage1,S1_018,2.0,0.05,0.0,0.0,43,1.1108320951461792,105,monotonic_hybrid,0.7023859024047852,0.2200334221124649,0.07107507437467575,1.1421805620193481,0.12895889580249786,0.05179386958479881,0.07538461685180664,0.023590747267007828,0.18839116394519806,0.1376146674156189,0.05077649652957916,0.3904723525047302,0.2948853373527527,0.3146422505378723,0.9175743896315529,0.6707086536352772,0,0,0.5562979578971863,0.30958178639411926,0.0007798671722412109,0.00014816224575042725,0.000112973153591156,0.002210259437561035,0.0016104727983474731,-0.004917025566101074,0.01677444577217102,0.11115457009755164
Stage1,S1_018,2.0,0.05,0.0,0.0,50,1.0814367532730103,106,monotonic_hybrid,0.7447912693023682,0.22508932650089264,0.07662710547447205,1.1906081438064575,0.12163490802049637,0.046893831342458725,0.08384615182876587,0.036952320486307144,0.18053749203681946,0.14851485192775726,0.032022640109062195,0.38585788011550903,0.2975637912750244,0.31657832860946655,0.9181685858789204,0.6670555912864669,0,0,0.5562761425971985,0.3094455599784851,0.0003275275230407715,0.0001201927661895752,-0.00014822930097579956,0.003039121627807617,0.0007697418332099915,-0.0045221708714962006,0.022637978196144104,0.043995094006587174
Stage1,S1_018,2.0,0.05,0.0,0.0,42,1.192780613899231,107,monotonic_hybrid,0.7793967723846436,0.22350825369358063,0.09105389565229416,1.2821205854415894,0.1536526083946228,0.046135250478982925,0.10076922923326492,0.054633978754282,0.16049140691757202,0.19130434095859528,0.030812934041023254,0.3815307021141052,0.29724764823913574,0.32122164964675903,0.9244052880721874,0.67662417858522,0,0,0.556302011013031,0.3095821738243103,-0.0006313323974609375,0.00012408196926116943,-0.0006058961153030396,-0.0014584064483642578,-0.001421600580215454,-0.005143225193023682,-0.016849234700202942,-0.08093713464815423
Stage1,S1_018,2.0,0.05,0.0,0.0,50,1.0791345834732056,108,monotonic_hybrid,0.7349163293838501,0.223130002617836,0.08317675441503525,1.291164517402649,0.19162943959236145,0.04831657558679581,0.0930769219994545,0.04476034641265869,0.17352694272994995,0.25,0.07647305727005005,0.3858399987220764,0.29459401965141296,0.3195659816265106,0.9196231272369085,0.6907896500429587,0,0,0.5562766194343567,0.3094496726989746,-0.0003584623336791992,-0.0002897530794143677,-0.0004919841885566711,-0.002077460289001465,-0.003270193934440613,-0.004956785589456558,-0.018749088048934937,-0.0487521587462378
Stage1,S1_018,2.0,0.05,0.0,0.0,40,1.123012661933899,109,monotonic_hybrid,0.725389301776886,0.22137796878814697,0.08143838495016098,1.0595053434371948,0.1365552395582199,0.044581059366464615,0.08769230544567108,0.04311124607920647,0.16738387942314148,0.1599999964237213,0.007383882999420166,0.3848807215690613,0.29688623547554016,0.31823307275772095,0.9195188868445086,0.6976880946601197,0,0,0.5563098788261414,0.3096407651901245,0.0006508827209472656,-8.83340835571289e-05,-9.197741746902466e-05,0.003063678741455078,0.00027883052825927734,-0.003816172480583191,-0.0017196089029312134,0.08980933035054506
Stage1,S1_018,2.0,0.05,0.0,0.0,44,1.1463372707366943,110,monotonic_hybrid,0.7093414664268494,0.21959054470062256,0.07501496374607086,1.255694031715393,0.15810677409172058,0.0511908084154129,0.08538461476564407,0.03419380635023117,0.16959688067436218,0.19658119976520538,0.0269843190908432,0.3815035820007324,0.2955498993396759,0.32294654846191406,0.9296850038128998,0.6677250490034764,0,0,0.5562938451766968,0.30954694747924805,-2.8371810913085938e-05,0.0003163963556289673,-0.0007616057991981506,-0.001465916633605957,-0.0016708970069885254,-0.0077132172882556915,-0.021182358264923096,-0.0039995795399996184
Stage1,S1_019,2.0,0.1,0.0,0.0,43,1.125328779220581,101,monotonic_hybrid,0.7691065669059753,0.2310217320919037,0.07845849543809891,1.2414275407791138,0.15735375881195068,0.04980550333857536,0.08692307770252228,0.037117574363946915,0.17315073311328888,0.19847328960895538,0.025322556495666504,0.3644832372665405,0.2959519624710083,0.33956480026245117,0.9233630940337371,0.644307914232866,0,0,0.5570292472839355,0.3034394383430481,6.16312026977539e-05,-0.00017920136451721191,-0.0003919824957847595,-0.0014601945877075195,-0.0017904937267303467,-0.005794066935777664,-0.021311163902282715,0.00801399239972802
Stage1,S1_019,2.0,0.1,0.0,0.0,43,1.0344499349594116,102,monotonic_hybrid,0.7367201447486877,0.21700091660022736,0.07972516864538193,1.4827759265899658,0.20103289186954498,0.041324108839035034,0.08923076838254929,0.04790665954351425,0.15888749063014984,0.2539682686328888,0.09508077800273895,0.367969274520874,0.2959180772304535,0.33611270785331726,0.9279145989664294,0.6369181256778613,0,0,0.5570195913314819,0.3033900260925293,-0.0007938742637634277,-9.162724018096924e-05,-0.0007702484726905823,-0.01048898696899414,-0.004442036151885986,-0.005541231483221054,-0.02124665677547455,-0.10764192182088203
Stage1,S1_019,2.0,0.1,0.0,0.0,50,1.0775408744812012,103,monotonic_hybrid,0.7083703279495239,0.2219645380973816,0.07868951559066772,1.17193603515625,0.12843509018421173,0.0419011116027832,0.08538461476564407,0.04348350316286087,0.1454324573278427,0.14159291982650757,0.003839537501335144,0.37011343240737915,0.2956544756889343,0.3342321217060089,0.9215312955905288,0.6382310601680816,0,0,0.5569619536399841,0.30315953493118286,-0.00020307302474975586,-0.0008549988269805908,-0.00025513768196105957,0.0002765655517578125,0.0004439502954483032,-0.004351716488599777,-0.01504257321357727,-0.028659419683343276
Stage1,S1_019,2.0,0.1,0.0,0.0,49,1.1555235385894775,104,monotonic_hybrid,0.7189632654190063,0.22726675868034363,0.07225234061479568,1.232954740524292,0.15041044354438782,0.0571855865418911,0.07999999821186066,0.02281441166996956,0.17410029470920563,0.18110236525535583,0.0070020705461502075,0.3674778938293457,0.2951495349407196,0.3373725414276123,0.9222785140231989,0.6652925034181217,0,0,0.5570098161697388,0.3033648729324341,0.0009205937385559082,-0.0009807795286178589,-0.00033704936504364014,0.0032567977905273438,-0.0006027817726135254,-0.009656049311161041,-0.023513495922088623,0.1282087785119265
Stage1,S1_019,2.0,0.1,0.0,0.0,43,1.1089351177215576,105,monotonic_hybrid,0.7024676203727722,0.22005732357501984,0.07108402252197266,1.1423934698104858,0.1290859431028366,0.05219787731766701,0.07538461685180664,0.023186739534139633,0.18954327702522278,0.1376146674156189,0.05192860960960388,0.37487855553627014,0.29522526264190674,0.3298961818218231,0.9200410892283425,0.6678111120126393,0,0,0.5570254921913147,0.30341434478759766,0.0008615851402282715,0.0001720637083053589,0.00012192130088806152,0.0024231672286987305,0.0017375200986862183,-0.005321033298969269,0.01792655885219574,0.12280184276674633
Stage1,S1_019,2.0,0.1,0.0,0.0,50,1.0788496732711792,106,monotonic_hybrid,0.7448127865791321,0.22510389983654022,0.07661473006010056,1.1909817457199097,0.12172473222017288,0.047212813049554825,0.08384615182876587,0.036633338779211044,0.1817953884601593,0.14851485192775726,0.03328053653240204,0.3699505627155304,0.2979491651058197,0.3321002721786499,0.920785105043346,0.6640956091927256,0,0,0.5569524765014648,0.30312401056289673,0.0003490447998046875,0.0001347661018371582,-0.00016060471534729004,0.0034127235412597656,0.0008595660328865051,-0.0048411525785923,0.023895874619483948,0.046885399545509465
Stage1,S1_019,2.0,0.1,0.0,0.0,42,1.191139578819275,107,monotonic_hybrid,0.7793745994567871,0.22353146970272064,0.09102338552474976,1.2819268703460693,0.15359097719192505,0.04643399640917778,0.10076922923326492,0.05433523282408714,0.16139180958271027,0.19130434095859528,0.02991253137588501,0.36605966091156006,0.2973477244377136,0.3365926444530487,0.9268150503925953,0.6738170914835914,0,0,0.557030200958252,0.3034195005893707,-0.0006535053253173828,0.00014729797840118408,-0.0006364062428474426,-0.0016521215438842773,-0.001483231782913208,-0.005441971123218536,-0.017749637365341187,-0.08377971528345572
Stage1,S1_019,2.0,0.1,0.0,0.0,50,1.0768181085586548,108,monotonic_hybrid,0.7349365949630737,0.22315892577171326,0.08315546065568924,1.2910144329071045,0.1914912462234497,0.048570599406957626,0.0930769219994545,0.04450632259249687,0.17441047728061676,0.25,0.07558952271938324,0.36997684836387634,0.2949221134185791,0.33510103821754456,0.9221197110960573,0.688270230880052,0,0,0.5569537878036499,0.30313166975975037,-0.0003381967544555664,-0.0002608299255371094,-0.0005132779479026794,-0.0022275447845458984,-0.003408387303352356,-0.005210809409618378,-0.019632622599601746,-0.045995967530121924
Stage1,S1_019,2.0,0.1,0.0,0.0,40,1.1214569807052612,109,monotonic_hybrid,0.725429117679596,0.22140540182590485,0.08141917735338211,1.0596760511398315,0.13657458126544952,0.04495438188314438,0.08769230544567108,0.0427379235625267,0.1685798615217209,0.1599999964237213,0.008579865097999573,0.36947572231292725,0.2970125675201416,0.33351171016693115,0.9220685307960298,0.694871819437528,0,0,0.5570589900016785,0.30354154109954834,0.0006906986236572266,-6.090104579925537e-05,-0.00011118501424789429,0.003234386444091797,0.0002981722354888916,-0.004189494997262955,-0.0005236268043518066,0.09530316118151247
Stage1,S1_019,2.0,0.1,0.0,0.0,44,1.1443804502487183,110,monotonic_hybrid,0.7093217372894287,0.21960552036762238,0.07498393952846527,1.2555910348892212,0.1580430418252945,0.05152960121631622,0.08538461476564407,0.03385501354932785,0.170713871717453,0.19658119976520538,0.02586732804775238,0.36593911051750183,0.2957070767879486,0.33835387229919434,0.9320619383286611,0.6652634361243305,0,0,0.557007908821106,0.30334198474884033,-4.8100948333740234e-05,0.0003313720226287842,-0.0007926300168037415,-0.001568913459777832,-0.0017346292734146118,-0.008052010089159012,-0.022299349308013916,-0.006780799766343891
Stage1,S1_020,2.0,0.2,0.0,0.0,43,1.121361255645752,101,monotonic_hybrid,0.7691605091094971,0.23107486963272095,0.07841549813747406,1.2412292957305908,0.1572226881980896,0.050585903227329254,0.08692307770252228,0.036337174475193024,0.17552168667316437,0.19847328960895538,0.022951602935791016,0.33394983410835266,0.29488199949264526,0.3711681365966797,0.9283678824443803,0.6377615058596774,0,0,0.555385947227478,0.28947967290878296,0.00011557340621948242,-0.00012606382369995117,-0.00043497979640960693,-0.0016584396362304688,-0.0019215643405914307,-0.006574466824531555,-0.023682117462158203,0.015028173368542197
Stage1,S1_020,2.0,0.2,0.0,0.0,43,1.0287681818008423,102,monotonic_hybrid,0.7366803288459778,0.2170446366071701,0.07966715842485428,1.481896162033081,0.20068517327308655,0.041772667318582535,0.08923076838254929,0.04745810106396675,0.16072601079940796,0.2539682686328888,0.09324225783348083,0.3373083472251892,0.2950577139854431,0.3676339387893677,0.9324618128404636,0.6309884999571637,0,0,0.5553503036499023,0.2893887460231781,-0.0008336901664733887,-4.7907233238220215e-05,-0.0008282586932182312,-0.011368751525878906,-0.004789754748344421,-0.005989789962768555,-0.023085176944732666,-0.1130405856677436
Stage1,S1_020,2.0,0.2,0.0,0.0,50,1.0724049806594849,103,monotonic_hybrid,0.7084260582923889,0.2220028042793274,0.07865794003009796,1.172011137008667,0.12848684191703796,0.04243302717804909,0.08538461476564407,0.042951587587594986,0.14723630249500275,0.14159291982650757,0.005643382668495178,0.3387692868709564,0.2950872480869293,0.36614346504211426,0.9267111557818646,0.6314209645577508,0,0,0.555158257484436,0.28886887431144714,-0.00014734268188476562,-0.00081673264503479,-0.00028671324253082275,0.0003516674041748047,0.0004957020282745361,-0.004883632063865662,-0.013238728046417236,-0.02079427222108147
Stage1,S1_020,2.0,0.2,0.0,0.0,49,1.1524251699447632,104,monotonic_hybrid,0.7191552519798279,0.22730562090873718,0.07223545759916306,1.2333447933197021,0.15040425956249237,0.05810771510004997,0.07999999821186066,0.021892283111810684,0.1762649118900299,0.18110236525535583,0.004837453365325928,0.33669397234916687,0.29435208439826965,0.3689539432525635,0.9273266797267361,0.6591498809435737,0,0,0.5553472638130188,0.2892964482307434,0.0011125802993774414,-0.0009419173002243042,-0.00035393238067626953,0.0036468505859375,-0.0006089657545089722,-0.010578177869319916,-0.025678113102912903,0.15494626479142892
Stage1,S1_020,2.0,0.2,0.0,0.0,49,1.1050081253051758,105,monotonic_hybrid,0.7036932110786438,0.22018811106681824,0.07131730020046234,1.1473711729049683,0.1313502937555313,0.05759849026799202,0.07538461685180664,0.01778612658381462,0.20498070120811462,0.1376146674156189,0.06736603379249573,0.3431823253631592,0.2950490713119507,0.36176860332489014,0.9249666895236092,0.6621534676742659,0,0,0.5551999807357788,0.288966566324234,0.0020871758460998535,0.00030285120010375977,0.0003551989793777466,0.007400870323181152,0.00400187075138092,-0.010721646249294281,0.033363983035087585,0.2974854464312111
Stage1,S1_020,2.0,0.2,0.0,0.0,50,1.0735691785812378,106,monotonic_hybrid,0.7448574304580688,0.22513306140899658,0.07659084349870682,1.1917413473129272,0.12191088497638702,0.047846607863903046,0.08384615182876587,0.035999543964862823,0.18426759541034698,0.14851485192775726,0.03575274348258972,0.3386343717575073,0.2974390983581543,0.363926500082016,0.9258058926664833,0.6582792311014617,0,0,0.5551270842552185,0.28879085183143616,0.0003936886787414551,0.00016392767429351807,-0.00018449127674102783,0.004172325134277344,0.001045718789100647,-0.005474947392940521,0.02636808156967163,0.05288218305978313
Stage1,S1_020,2.0,0.2,0.0,0.0,42,1.187703251838684,107,monotonic_hybrid,0.7793334126472473,0.2235773205757141,0.09096357971429825,1.281549334526062,0.15347379446029663,0.04703187942504883,0.10076922923326492,0.053737349808216095,0.16317473351955414,0.19130434095859528,0.028129607439041138,0.33560416102409363,0.2963162362575531,0.36807960271835327,0.9314177433955747,0.6683143355067175,0,0,0.5553797483444214,0.2894601821899414,-0.0006946921348571777,0.00019314885139465332,-0.0006962120532989502,-0.0020296573638916016,-0.001600414514541626,-0.006039854139089584,-0.01953256130218506,-0.08905988522698617
Stage1,S1_020,2.0,0.2,0.0,0.0,50,1.0720326900482178,108,monotonic_hybrid,0.7349796295166016,0.22321772575378418,0.08311373740434647,1.2907207012176514,0.19122350215911865,0.04907872527837753,0.0930769219994545,0.043998196721076965,0.17615163326263428,0.25,0.07384836673736572,0.3387377858161926,0.29432201385498047,0.3669402003288269,0.9269138167690958,0.6832909770528091,0,0,0.555130124092102,0.2888023257255554,-0.0002951622009277344,-0.00020202994346618652,-0.0005550011992454529,-0.0025212764739990234,-0.0036761313676834106,-0.005718935281038284,-0.021373778581619263,-0.04014311441825234
Stage1,S1_020,2.0,0.2,0.0,0.0,40,1.1182341575622559,109,monotonic_hybrid,0.7255128622055054,0.22146140038967133,0.08138161152601242,1.0600334405899048,0.13661955296993256,0.04570206254720688,0.08769230544567108,0.0419902428984642,0.17095115780830383,0.1599999964237213,0.01095116138458252,0.33909136056900024,0.29604247212409973,0.36486613750457764,0.926950036218378,0.689302294849039,0,0,0.5554788112640381,0.28971707820892334,0.0007744431495666504,-4.902482032775879e-06,-0.00014875084161758423,0.003591775894165039,0.00034314393997192383,-0.004937175661325455,0.0018476694822311401,0.10685829938137656
Stage1,S1_020,2.0,0.2,0.0,0.0,44,1.1403367519378662,110,monotonic_hybrid,0.7092875838279724,0.21963569521903992,0.0749237909913063,1.2554022073745728,0.1579248160123825,0.05220852792263031,0.08538461476564407,0.03317608684301376,0.17292597889900208,0.19658119976520538,0.023655220866203308,0.3352981209754944,0.2947864830493927,0.3699153959751129,0.9365703234449029,0.6604434047476617,0,0,0.5553107261657715,0.28927895426750183,-8.225440979003906e-05,0.0003615468740463257,-0.0008527785539627075,-0.0017577409744262695,-0.0018528550863265991,-0.008730936795473099,-0.02451145648956299,-0.01159541967478881
Stage1,S1_021,2.0,0.4,0.0,0.0,43,1.1131714582443237,101,monotonic_hybrid,0.7692981958389282,0.23118898272514343,0.07833828032016754,1.2409428358078003,0.15700408816337585,0.05211886018514633,0.08692307770252228,0.034804217517375946,0.18008847534656525,0.19847328960895538,0.018384814262390137,0.27574270963668823,0.28785765171051025,0.4363996684551239,0.9375259412890189,0.6252081195668554,0,0,0.540311336517334,0.2562602162361145,0.00025326013565063477,-1.195073127746582e-05,-0.0005121976137161255,-0.001944899559020996,-0.0021401643753051758,-0.008107423782348633,-0.028248906135559082,0.03293177341048777
Stage1,S1_021,2.0,0.4,0.0,0.0,48,1.0171160697937012,102,monotonic_hybrid,0.7364981770515442,0.21678365767002106,0.07957227528095245,1.482014536857605,0.20054274797439575,0.04391401261091232,0.08923076838254929,0.04531675577163696,0.1658031940460205,0.2539682686328888,0.08816507458686829,0.2774820029735565,0.28896069526672363,0.43355733156204224,0.9409578186141511,0.6198502398800987,0,0,0.5397505164146423,0.25522610545158386,-0.0010158419609069824,-0.00030888617038726807,-0.0009231418371200562,-0.01125037670135498,-0.004932180047035217,-0.008131135255098343,-0.028162360191345215,-0.13773866458392464
Stage1,S1_021,2.0,0.4,0.0,0.0,50,1.0619405508041382,103,monotonic_hybrid,0.7085416913032532,0.22207854688167572,0.07859918475151062,1.172215223312378,0.12860724329948425,0.043471336364746094,0.08538461476564407,0.04191327840089798,0.15069124102592468,0.14159291982650757,0.009098321199417114,0.27907678484916687,0.2888902425765991,0.4320329427719116,0.9361507953120366,0.6184151329603192,0,0,0.5395904183387756,0.2549254894256592,-3.170967102050781e-05,-0.0007409900426864624,-0.00034546852111816406,0.0005557537078857422,0.0006161034107208252,-0.005921941250562668,-0.0097837895154953,-0.004475142727190673
Stage1,S1_021,2.0,0.4,0.0,0.0,49,1.1457356214523315,104,monotonic_hybrid,0.719567596912384,0.22738724946975708,0.07221103459596634,1.2341722249984741,0.15042045712471008,0.059949181973934174,0.07999999821186066,0.020050816237926483,0.18047279119491577,0.18110236525535583,0.0006295740604400635,0.2779380977153778,0.28775522112846375,0.43430668115615845,0.9364814287806611,0.6472435696592477,0,0,0.540168046951294,0.2558010220527649,0.0015249252319335938,-0.0008602887392044067,-0.00037835538387298584,0.004474282264709473,-0.0005927681922912598,-0.012419644743204117,-0.029885992407798767,0.212372508219432
Stage1,S1_021,2.0,0.4,0.0,0.0,49,1.096850872039795,105,monotonic_hybrid,0.7041382789611816,0.2203153669834137,0.07138793170452118,1.148553490638733,0.1319652646780014,0.059193503111600876,0.07538461685180664,0.016191113740205765,0.20933552086353302,0.1376146674156189,0.07172085344791412,0.28353044390678406,0.2892697751522064,0.4271998107433319,0.9339108611685253,0.6512435809566438,0,0,0.5397095084190369,0.2551075518131256,0.0025322437286376953,0.00043010711669921875,0.00042583048343658447,0.0085831880569458,0.004616841673851013,-0.012316659092903137,0.03771880269050598,0.36092102996212044
Stage1,S1_021,2.0,0.4,0.0,0.0,50,1.062778115272522,106,monotonic_hybrid,0.7449512481689453,0.22519023716449738,0.07654673606157303,1.1932806968688965,0.12230100482702255,0.04908422753214836,0.08384615182876587,0.03476192429661751,0.18898315727710724,0.14851485192775726,0.040468305349349976,0.27899837493896484,0.2913115620613098,0.42969009280204773,0.9349966144698169,0.6470699196460228,0,0,0.5394943952560425,0.2547566890716553,0.0004875063896179199,0.00022110342979431152,-0.0002285987138748169,0.005711674690246582,0.0014358386397361755,-0.006712567061185837,0.031083643436431885,0.06548423546494568
Stage1,S1_021,2.0,0.4,0.0,0.0,42,1.1803314685821533,107,monotonic_hybrid,0.7792636156082153,0.22366595268249512,0.09085005521774292,1.280839443206787,0.15326422452926636,0.04821342974901199,0.10076922923326492,0.05255579948425293,0.1666243076324463,0.19130434095859528,0.024680033326148987,0.2775920331478119,0.28936389088630676,0.43304404616355896,0.9397435403150137,0.6577592374567806,0,0,0.5403288006782532,0.25631362199783325,-0.0007644891738891602,0.0002817809581756592,-0.0008097365498542786,-0.002739548683166504,-0.0018099844455718994,-0.00722140446305275,-0.02298213541507721,-0.09800790115155081
Stage1,S1_021,2.0,0.4,0.0,0.0,50,1.0620369911193848,108,monotonic_hybrid,0.7350741028785706,0.2233373522758484,0.08303461968898773,1.2901661396026611,0.19072775542736053,0.05008303001523018,0.0930769219994545,0.04299389198422432,0.17948727309703827,0.25,0.07051272690296173,0.27919983863830566,0.28811535239219666,0.4326848089694977,0.9356914421184093,0.6735644744009694,0,0,0.5394900441169739,0.2547523081302643,-0.00020068883895874023,-8.240342140197754e-05,-0.000634118914604187,-0.003075838088989258,-0.004171878099441528,-0.00672324001789093,-0.024709418416023254,-0.02729439948430041
Stage1,S1_021,2.0,0.4,0.0,0.0,40,1.1114554405212402,109,monotonic_hybrid,0.7256996035575867,0.22157859802246094,0.08131071925163269,1.0607986450195312,0.13673046231269836,0.047199003398418427,0.08769230544567108,0.040493302047252655,0.17557071149349213,0.1599999964237213,0.015570715069770813,0.2810193598270416,0.28923746943473816,0.4297431707382202,0.935821593087195,0.6784540212731525,0,0,0.5406268835067749,0.256835401058197,0.0009611845016479492,0.00011229515075683594,-0.00021964311599731445,0.004356980323791504,0.00045405328273773193,-0.0064341165125370026,0.006467223167419434,0.13262502392242578
Stage1,S1_021,2.0,0.4,0.0,0.0,44,1.1318676471710205,110,monotonic_hybrid,0.7092396020889282,0.21969585120677948,0.0748126357793808,1.2550934553146362,0.1577272117137909,0.05354966223239899,0.08538461476564407,0.03183495253324509,0.17719243466854095,0.19658119976520538,0.01938876509666443,0.2769365906715393,0.28803855180740356,0.4350248873233795,0.944604311152715,0.6511970796050214,0,0,0.5400938987731934,0.25586846470832825,-0.00013023614883422852,0.00042170286178588867,-0.0009639337658882141,-0.002066493034362793,-0.002050459384918213,-0.010072071105241776,-0.028777912259101868,-0.01835941448508228
Stage1,S1_022,3.0,0.005,0.0,0.0,43,1.3274770975112915,101,monotonic_hybrid,0.76917564868927,0.23087942600250244,0.0784074068069458,1.2421846389770508,0.1571177840232849,0.050817977637052536,0.08692307770252228,0.03610510006546974,0.17705802619457245,0.19847328960895538,0.021415263414382935,0.3940178155899048,0.29544827342033386,0.31053391098976135,0.9183608355495658,0.6506771820813309,0,0,0.5547481775283813,0.3146228790283203,0.00013071298599243164,-0.00032150745391845703,-0.0004430711269378662,-0.0007030963897705078,-0.002026468515396118,-0.006806541234254837,-0.025218456983566284,0.016996794325535348
Stage1,S1_022,3.0,0.005,0.0,0.0,43,1.2232805490493774,102,monotonic_hybrid,0.7367120981216431,0.2169475108385086,0.07956570386886597,1.4808839559555054,0.20014481246471405,0.042621057480573654,0.08923076838254929,0.04660971090197563,0.1633848398923874,0.2539682686328888,0.0905834287405014,0.39764484763145447,0.2952170968055725,0.30713802576065063,0.9233312874090658,0.6427581480696778,0,0,0.5547484159469604,0.31462037563323975,-0.0008019208908081055,-0.00014503300189971924,-0.000929713249206543,-0.01238095760345459,-0.005330115556716919,-0.006838180124759674,-0.025744006037712097,-0.10873296915520286
Stage1,S1_022,3.0,0.005,0.0,0.0,50,1.2762595415115356,103,monotonic_hybrid,0.7085296511650085,0.22193875908851624,0.07864132523536682,1.1721912622451782,0.12860199809074402,0.04284531995654106,0.08538461476564407,0.04253929480910301,0.1494029015302658,0.14159291982650757,0.00780998170375824,0.4004603326320648,0.2946294844150543,0.3049101233482361,0.9163366127781518,0.6448790146964268,0,0,0.5547475218772888,0.3146105706691742,-4.374980926513672e-05,-0.0008807778358459473,-0.0003033280372619629,0.0005317926406860352,0.0006108582019805908,-0.0052959248423576355,-0.011072129011154175,-0.006174351055936003
Stage1,S1_022,3.0,0.005,0.0,0.0,49,1.3671900033950806,104,monotonic_hybrid,0.7191793918609619,0.2271333932876587,0.07223200052976608,1.233820915222168,0.15036259591579437,0.058169931173324585,0.07999999821186066,0.021830067038536072,0.1772044152021408,0.18110236525535583,0.003897950053215027,0.3972095251083374,0.2943320870399475,0.3084583580493927,0.9172010316788579,0.671201037009968,0,0,0.5547465682029724,0.31461992859840393,0.0011367201805114746,-0.0011141449213027954,-0.0003573894500732422,0.00412297248840332,-0.0006506294012069702,-0.010640393942594528,-0.026617616415023804,0.15830816542576562
Stage1,S1_022,3.0,0.005,0.0,0.0,43,1.3107069730758667,105,monotonic_hybrid,0.7026505470275879,0.22004586458206177,0.07111247628927231,1.1431362628936768,0.1293700784444809,0.0529317632317543,0.07538461685180664,0.022452853620052338,0.1922565996646881,0.1376146674156189,0.054641932249069214,0.40458035469055176,0.2942335903644562,0.3011860251426697,0.915307845617624,0.6733465338475627,0,0,0.5547481775283813,0.31462162733078003,0.0010445117950439453,0.00016060471534729004,0.00015037506818771362,0.0031659603118896484,0.0020216554403305054,-0.006054919213056564,0.020639881491661072,0.14887440281179265
Stage1,S1_022,3.0,0.005,0.0,0.0,50,1.272301435470581,106,monotonic_hybrid,0.7449668049812317,0.22509697079658508,0.07660403847694397,1.1918652057647705,0.12198247760534286,0.04802338406443596,0.08384615182876587,0.03582276776432991,0.18608358502388,0.14851485192775726,0.03756873309612274,0.4002739489078522,0.2968575954437256,0.30286845564842224,0.9157545683486946,0.6697488557956508,0,0,0.554747462272644,0.3146090507507324,0.0005030632019042969,0.00012783706188201904,-0.00017129629850387573,0.0042961835861206055,0.001117311418056488,-0.0056517235934734344,0.02818407118320465,0.06757390235042689
Stage1,S1_022,3.0,0.005,0.0,0.0,42,1.405155062675476,107,monotonic_hybrid,0.779337465763092,0.22352857887744904,0.0909091904759407,1.2825239896774292,0.15338003635406494,0.04749670997262001,0.10076922923326492,0.05327251926064491,0.1648462861776352,0.19130434095859528,0.026458054780960083,0.39555269479751587,0.29681098461151123,0.3076362907886505,0.922176695922879,0.6791822342225563,0,0,0.5547488927841187,0.31462156772613525,-0.0006906390190124512,0.00014440715312957764,-0.0007506012916564941,-0.001055002212524414,-0.0016941726207733154,-0.006504684686660767,-0.021204113960266113,-0.08854027371300634
Stage1,S1_022,3.0,0.005,0.0,0.0,50,1.2744554281234741,108,monotonic_hybrid,0.7349175810813904,0.22298260033130646,0.08305500447750092,1.2914936542510986,0.1908772587776184,0.049706410616636276,0.0930769219994545,0.04337051138281822,0.17847773432731628,0.25,0.07152226567268372,0.4002136290073395,0.2939460575580597,0.3058403432369232,0.9173215013211106,0.6930749240992141,0,0,0.5547474026679993,0.3146094083786011,-0.000357210636138916,-0.0004371553659439087,-0.0006137341260910034,-0.0017483234405517578,-0.004022374749183655,-0.006346620619297028,-0.02369987964630127,-0.04858192340641888
Stage1,S1_022,3.0,0.005,0.0,0.0,40,1.323809266090393,109,monotonic_hybrid,0.7256771326065063,0.221339151263237,0.08142601698637009,1.0608842372894287,0.13666924834251404,0.045446835458278656,0.08769230544567108,0.042245469987392426,0.17138230800628662,0.1599999964237213,0.011382311582565308,0.3988240957260132,0.2964286208152771,0.3047473430633545,0.9171644411249772,0.700239012928653,0,0,0.5547488927841187,0.31462711095809937,0.000938713550567627,-0.00012715160846710205,-0.00010434538125991821,0.004442572593688965,0.00039283931255340576,-0.004681948572397232,0.0022788196802139282,0.12952446370794268
Stage1,S1_022,3.0,0.005,0.0,0.0,33,1.347483515739441,110,monotonic_hybrid,0.7095817923545837,0.21941204369068146,0.07471152395009995,1.25608229637146,0.15787556767463684,0.055553168058395386,0.08538461476564407,0.029831446707248688,0.17937828600406647,0.19658119976520538,0.017202913761138916,0.3956795632839203,0.2950288653373718,0.3092915713787079,0.9274661697074816,0.6699671854567507,0,0,0.5547505617141724,0.31464385986328125,0.00021195411682128906,0.0001378953456878662,-0.0010650455951690674,-0.0010776519775390625,-0.0019021034240722656,-0.012075576931238174,-0.03096376359462738,0.02987921185764421
Stage1,S1_023,3.0,0.01,0.0,0.0,43,1.3271933794021606,101,monotonic_hybrid,0.7691792249679565,0.23088224232196808,0.0784047320485115,1.2421773672103882,0.15711000561714172,0.05086888372898102,0.08692307770252228,0.03605419397354126,0.1772116720676422,0.19847328960895538,0.02126161754131317,0.3924544155597687,0.295511394739151,0.31203415989875793,0.9186298891576117,0.6503385144373227,0,0,0.5549622774124146,0.3140886127948761,0.00013428926467895508,-0.0003186911344528198,-0.00044574588537216187,-0.0007103681564331055,-0.0020342469215393066,-0.006857447326183319,-0.025372102856636047,0.017461822898053415
Stage1,S1_023,3.0,0.01,0.0,0.0,43,1.2228703498840332,102,monotonic_hybrid,0.7367098331451416,0.2169501930475235,0.07956192642450333,1.4808269739151,0.2001221776008606,0.04265151917934418,0.08923076838254929,0.04657924920320511,0.16350765526294708,0.2539682686328888,0.09046061336994171,0.39607352018356323,0.295290470123291,0.30863600969314575,0.9235788540703053,0.6424457823359845,0,0,0.554962694644928,0.3140835762023926,-0.0008041858673095703,-0.00014235079288482666,-0.0009334906935691833,-0.012437939643859863,-0.0053527504205703735,-0.006868641823530197,-0.02586682140827179,-0.1090400787752339
Stage1,S1_023,3.0,0.01,0.0,0.0,50,1.2758877277374268,103,monotonic_hybrid,0.7085340023040771,0.22194115817546844,0.07863937318325043,1.1721972227096558,0.12860563397407532,0.04288031533360481,0.08538461476564407,0.04250429943203926,0.1495233029127121,0.14159291982650757,0.007930383086204529,0.3988534212112427,0.29472091794013977,0.30642563104629517,0.9166164479220311,0.6445249273206466,0,0,0.5549608469009399,0.3140637278556824,-3.93986701965332e-05,-0.0008783787488937378,-0.00030528008937835693,0.0005377531051635742,0.0006144940853118896,-0.005330920219421387,-0.010951727628707886,-0.0055602807193102155
Stage1,S1_023,3.0,0.01,0.0,0.0,49,1.366977572441101,104,monotonic_hybrid,0.71919184923172,0.22713550925254822,0.07223100960254669,1.233847975730896,0.15036235749721527,0.058228570967912674,0.07999999821186066,0.021771427243947983,0.17734266817569733,0.18110236525535583,0.0037596970796585083,0.39563679695129395,0.2944130301475525,0.30995017290115356,0.9174749276164514,0.67088873566636,0,0,0.5549592971801758,0.31408262252807617,0.0011491775512695312,-0.001112028956413269,-0.00035838037729263306,0.004150032997131348,-0.0006508678197860718,-0.010699033737182617,-0.026755869388580322,0.16004307217286776
Stage1,S1_023,3.0,0.01,0.0,0.0,43,1.310428261756897,105,monotonic_hybrid,0.7026617527008057,0.22004882991313934,0.07111376523971558,1.143166184425354,0.12938661873340607,0.05298366770148277,0.07538461685180664,0.022400949150323868,0.1924026608467102,0.1376146674156189,0.05478799343109131,0.4030097424983978,0.29432213306427,0.30266812443733215,0.9155618671457181,0.6730520013136622,0,0,0.5549622178077698,0.31408607959747314,0.0010557174682617188,0.00016357004642486572,0.00015166401863098145,0.0031958818435668945,0.0020381957292556763,-0.006106823682785034,0.020785942673683167,0.1504715488816749
Stage1,S1_023,3.0,0.01,0.0,0.0,50,1.2719210386276245,106,monotonic_hybrid,0.7449706196784973,0.22509880363941193,0.07660267502069473,1.1919190883636475,0.1219957172870636,0.04806366562843323,0.08384615182876587,0.03578248620033264,0.18624259531497955,0.14851485192775726,0.03772774338722229,0.39866819977760315,0.2969527542591095,0.30437904596328735,0.9160255534179538,0.669448231127131,0,0,0.5549605488777161,0.31406065821647644,0.0005068778991699219,0.0001296699047088623,-0.0001726597547531128,0.004350066184997559,0.0011305510997772217,-0.005692005157470703,0.0283430814743042,0.06808631108862918
Stage1,S1_023,3.0,0.01,0.0,0.0,42,1.40491783618927,107,monotonic_hybrid,0.779335081577301,0.22353149950504303,0.09090539813041687,1.282503604888916,0.15337294340133667,0.047535307705402374,0.10076922923326492,0.05323392152786255,0.16496166586875916,0.19130434095859528,0.02634267508983612,0.3939906656742096,0.2968756854534149,0.3091336190700531,0.9224271147444154,0.6788965280731143,0,0,0.5549634695053101,0.3140859603881836,-0.0006930232048034668,0.00014732778072357178,-0.0007543936371803284,-0.0010753870010375977,-0.001701265573501587,-0.0065432824194431305,-0.021319493651390076,-0.08884592754475919
Stage1,S1_023,3.0,0.01,0.0,0.0,50,1.2741178274154663,108,monotonic_hybrid,0.7349206805229187,0.22298593819141388,0.08305247128009796,1.2914797067642212,0.19086067378520966,0.04973876476287842,0.0930769219994545,0.04333815723657608,0.17858989536762238,0.25,0.07141010463237762,0.39861270785331726,0.2940344512462616,0.30735281109809875,0.9175797724515009,0.6928201509028127,0,0,0.5549604892730713,0.3140614628791809,-0.0003541111946105957,-0.0004338175058364868,-0.0006162673234939575,-0.0017622709274291992,-0.004038959741592407,-0.006378974765539169,-0.02381204068660736,-0.04816038827924821
Stage1,S1_023,3.0,0.01,0.0,0.0,40,1.3235830068588257,109,monotonic_hybrid,0.7256829142570496,0.221342533826828,0.08142369240522385,1.060910701751709,0.1366724967956543,0.04549439623951912,0.08769230544567108,0.04219790920615196,0.17153412103652954,0.1599999964237213,0.011534124612808228,0.39727145433425903,0.2964954972267151,0.3062330484390259,0.9174288655324144,0.6999548085242724,0,0,0.5549638271331787,0.3140971064567566,0.0009444952011108398,-0.00012376904487609863,-0.00010666996240615845,0.004469037055969238,0.00039608776569366455,-0.004729509353637695,0.002430632710456848,0.13032222058010412
Stage1,S1_023,3.0,0.01,0.0,0.0,33,1.3472119569778442,110,monotonic_hybrid,0.7095828056335449,0.21941500902175903,0.07470795512199402,1.2560797929763794,0.15787021815776825,0.05560312047600746,0.08538461476564407,0.029781494289636612,0.17952080070972443,0.19658119976520538,0.017060399055480957,0.39417824149131775,0.2950673997402191,0.31075435876846313,0.927703283879634,0.6697125436544129,0,0,0.5549675226211548,0.3141309916973114,0.0002129673957824707,0.0001408606767654419,-0.001068614423274994,-0.001080155372619629,-0.001907452940940857,-0.01212552934885025,-0.03110627830028534,0.030022053984072768
Stage1,S1_024,3.0,0.02,0.0,0.0,43,1.3266239166259766,101,monotonic_hybrid,0.7691864967346191,0.23088790476322174,0.07839939743280411,1.2421633005142212,0.15709464251995087,0.05097066983580589,0.08692307770252228,0.035952407866716385,0.17751866579055786,0.19847328960895538,0.020954623818397522,0.3893299102783203,0.2956255078315735,0.3150446116924286,0.9191661572793036,0.6496622416475063,0,0,0.5553591251373291,0.31300127506256104,0.00014156103134155273,-0.0003130286931991577,-0.0004510805010795593,-0.0007244348526000977,-0.0020496100187301636,-0.006959233433008194,-0.025679096579551697,0.018407380995506817
Stage1,S1_024,3.0,0.02,0.0,0.0,43,1.2220473289489746,102,monotonic_hybrid,0.736705482006073,0.21695561707019806,0.07955440133810043,1.480713129043579,0.20007707178592682,0.04271229729056358,0.08923076838254929,0.0465184710919857,0.16375276446342468,0.2539682686328888,0.09021550416946411,0.3929332494735718,0.2954252362251282,0.31164151430130005,0.924071912690542,0.641822699529317,0,0,0.5553597211837769,0.31299135088920593,-0.0008085370063781738,-0.0001369267702102661,-0.0009410157799720764,-0.01255178451538086,-0.00539785623550415,-0.006929419934749603,-0.02611193060874939,-0.10963005251897776
Stage1,S1_024,3.0,0.02,0.0,0.0,50,1.2751420736312866,103,monotonic_hybrid,0.7085427641868591,0.22194594144821167,0.07863547652959824,1.17220938205719,0.12861299514770508,0.042950280010700226,0.08538461476564407,0.04243433475494385,0.14976374804973602,0.14159291982650757,0.008170828223228455,0.39564210176467896,0.2948914170265198,0.3094664514064789,0.9171740428464836,0.6438181418478301,0,0,0.55535489320755,0.31295090913772583,-3.063678741455078e-05,-0.0008735954761505127,-0.0003091767430305481,0.0005499124526977539,0.0006218552589416504,-0.0054008848965168,-0.01071128249168396,-0.004323728123639108
Stage1,S1_024,3.0,0.02,0.0,0.0,49,1.366550087928772,104,monotonic_hybrid,0.7192169427871704,0.22713977098464966,0.07222907245159149,1.2339022159576416,0.15036194026470184,0.05834605172276497,0.07999999821186066,0.021653946489095688,0.17761923372745514,0.18110236525535583,0.003483131527900696,0.3924929201602936,0.2945622503757477,0.31294485926628113,0.9180205932042583,0.670264362608974,0,0,0.5553535223007202,0.31298887729644775,0.0011742711067199707,-0.0011077672243118286,-0.00036031752824783325,0.004204273223876953,-0.0006512850522994995,-0.010816514492034912,-0.027032434940338135,0.1635377886347338
Stage1,S1_024,3.0,0.02,0.0,0.0,43,1.3098691701889038,105,monotonic_hybrid,0.702684223651886,0.22005479037761688,0.0711163580417633,1.1432263851165771,0.12941977381706238,0.053087521344423294,0.07538461685180664,0.022297095507383347,0.1926945447921753,0.1376146674156189,0.055079877376556396,0.3998701870441437,0.29448720812797546,0.30564260482788086,0.9160683475518032,0.6724639698146986,0,0,0.5553590059280396,0.31299635767936707,0.001078188419342041,0.00016953051090240479,0.00015425682067871094,0.003256082534790039,0.0020713508129119873,-0.006210677325725555,0.021077826619148254,0.153674336479258
Stage1,S1_024,3.0,0.02,0.0,0.0,50,1.2711578607559204,106,monotonic_hybrid,0.7449780702590942,0.22510243952274323,0.07659996300935745,1.19202721118927,0.12202228605747223,0.04814417287707329,0.08384615182876587,0.03570197895169258,0.1865600198507309,0.14851485192775726,0.03804516792297363,0.3954593241214752,0.2971307039260864,0.30740997195243835,0.916565496173522,0.6688480201983888,0,0,0.5553541779518127,0.3129446506500244,0.0005143284797668457,0.00013330578804016113,-0.00017537176609039307,0.004458189010620117,0.001157119870185852,-0.0057725124061107635,0.028660506010055542,0.06908710940543053
Stage1,S1_024,3.0,0.02,0.0,0.0,42,1.4044411182403564,107,monotonic_hybrid,0.7793306112289429,0.22353731095790863,0.0908978134393692,1.2824629545211792,0.15335887670516968,0.047612596303224564,0.10076922923326492,0.05315663293004036,0.1651923656463623,0.19130434095859528,0.02611197531223297,0.3908691704273224,0.29699307680130005,0.3121377229690552,0.922925906849164,0.6783262216475372,0,0,0.555361270904541,0.3129962682723999,-0.0006974935531616211,0.00015313923358917236,-0.0007619783282279968,-0.001116037368774414,-0.001715332269668579,-0.00662057101726532,-0.021550193428993225,-0.08941902847929577
Stage1,S1_024,3.0,0.02,0.0,0.0,50,1.2734401226043701,108,monotonic_hybrid,0.7349269986152649,0.2229926735162735,0.08304744213819504,1.2914516925811768,0.19082766771316528,0.04980352520942688,0.0930769219994545,0.04327339679002762,0.17881397902965546,0.25,0.07118602097034454,0.39541342854499817,0.29419904947280884,0.3103874921798706,0.9180944538768068,0.6923112551875731,0,0,0.5553541779518127,0.3129463493824005,-0.0003477931022644043,-0.0004270821809768677,-0.0006212964653968811,-0.0017902851104736328,-0.00407196581363678,-0.006443735212087631,-0.024036124348640442,-0.047301105135400326
Stage1,S1_024,3.0,0.02,0.0,0.0,40,1.3231287002563477,109,monotonic_hybrid,0.7256947755813599,0.2213493287563324,0.08141907304525375,1.0609639883041382,0.13667908310890198,0.045589614659547806,0.08769230544567108,0.042102690786123276,0.17183759808540344,0.1599999964237213,0.011837601661682129,0.3941681385040283,0.29661738872528076,0.3092144727706909,0.9179556849711721,0.6993869388128551,0,0,0.5553625822067261,0.3130187392234802,0.0009563565254211426,-0.0001169741153717041,-0.00011128932237625122,0.0045223236083984375,0.0004026740789413452,-0.004824727773666382,0.0027341097593307495,0.13195885581268274
Stage1,S1_024,3.0,0.02,0.0,0.0,33,1.3466664552688599,110,monotonic_hybrid,0.7095850706100464,0.21942096948623657,0.07470082491636276,1.2560749053955078,0.15785954892635345,0.055703066289424896,0.08538461476564407,0.029681548476219177,0.1798056960105896,0.19658119976520538,0.016775503754615784,0.3911775052547455,0.29513320326805115,0.31368929147720337,0.9281753075687269,0.6692044204992342,0,0,0.5553713440895081,0.31308770179748535,0.00021523237228393555,0.00014682114124298096,-0.00107574462890625,-0.001085042953491211,-0.0019181221723556519,-0.012225475162267685,-0.03139117360115051,0.03034134814903072
Stage1,S1_025,3.0,0.05,0.0,0.0,43,1.3249017000198364,101,monotonic_hybrid,0.7692091464996338,0.23090508580207825,0.07838363945484161,1.2421237230300903,0.1570497304201126,0.05127638578414917,0.08692307770252228,0.03564669191837311,0.1784382164478302,0.19847328960895538,0.020035073161125183,0.37997639179229736,0.29587069153785706,0.3241529166698456,0.9207599356749944,0.6476423501662221,0,0,0.5562986135482788,0.3095923066139221,0.00016421079635620117,-0.00029584765434265137,-0.0004668384790420532,-0.000764012336730957,-0.0020945221185684204,-0.007264949381351471,-0.026598647236824036,0.021352561954787908
Stage1,S1_025,3.0,0.05,0.0,0.0,43,1.2195613384246826,102,monotonic_hybrid,0.7366931438446045,0.21697194874286652,0.07953205704689026,1.4803743362426758,0.1999429315328598,0.04289358854293823,0.08923076838254929,0.04633717983961105,0.16448456048965454,0.2539682686328888,0.08948370814323425,0.38353466987609863,0.2957327961921692,0.3207325041294098,0.925534439500425,0.6399667550091749,0,0,0.5562974214553833,0.30956757068634033,-0.0008208751678466797,-0.00012059509754180908,-0.000963360071182251,-0.01289057731628418,-0.005531996488571167,-0.007110711187124252,-0.026843726634979248,-0.11130299176493635
Stage1,S1_025,3.0,0.05,0.0,0.0,50,1.2728897333145142,103,monotonic_hybrid,0.7085692882537842,0.22196047008037567,0.07862390577793121,1.1722471714019775,0.12863561511039734,0.04315997660160065,0.08538461476564407,0.042224638164043427,0.1504823863506317,0.14159291982650757,0.008889466524124146,0.3860311508178711,0.2953036427497864,0.31866520643234253,0.9188299489338957,0.6417088392241667,0,0,0.5562790632247925,0.30946123600006104,-4.112720489501953e-06,-0.0008590668439865112,-0.0003207474946975708,0.0005877017974853516,0.0006444752216339111,-0.005610581487417221,-0.009992644190788269,-0.0005804226469476625
Stage1,S1_025,3.0,0.05,0.0,0.0,49,1.3652472496032715,104,monotonic_hybrid,0.7192940711975098,0.22715280950069427,0.07222341746091843,1.2340691089630127,0.15036173164844513,0.05870269611477852,0.07999999821186066,0.021297302097082138,0.17845408618450165,0.18110236525535583,0.002648279070854187,0.3830774426460266,0.2949083149433136,0.3220142424106598,0.9196403455665414,0.6683936749479242,0,0,0.5562869906425476,0.30955827236175537,0.0012513995170593262,-0.001094728708267212,-0.00036597251892089844,0.004371166229248047,-0.0006514936685562134,-0.011173158884048462,-0.027867287397384644,0.17427926868617005
Stage1,S1_025,3.0,0.05,0.0,0.0,43,1.3081767559051514,105,monotonic_hybrid,0.7027522921562195,0.22007261216640472,0.07112432271242142,1.1434096097946167,0.12951979041099548,0.05339927226305008,0.07538461685180664,0.02198534458875656,0.1935679167509079,0.1376146674156189,0.055953249335289,0.3904676139354706,0.2948862314224243,0.3146461844444275,0.9175750970571106,0.6707082437881948,0,0,0.5562977194786072,0.30957990884780884,0.0011462569236755371,0.00018735229969024658,0.0001622214913368225,0.00343930721282959,0.0021713674068450928,-0.006522428244352341,0.02195119857788086,0.16337614930801098
Stage1,S1_025,3.0,0.05,0.0,0.0,50,1.2688511610031128,106,monotonic_hybrid,0.7450008392333984,0.22511343657970428,0.07659194618463516,1.19235360622406,0.12210294604301453,0.048385314643383026,0.08384615182876587,0.03546083718538284,0.1875077337026596,0.14851485192775726,0.038992881774902344,0.3858559727668762,0.2975645065307617,0.31657952070236206,0.9181689191264288,0.6670555986046497,0,0,0.5562760233879089,0.3094448447227478,0.0005370974540710449,0.0001443028450012207,-0.0001833885908126831,0.004784584045410156,0.0012377798557281494,-0.006013654172420502,0.029608219861984253,0.07214554906157544
Stage1,S1_025,3.0,0.05,0.0,0.0,42,1.4029899835586548,107,monotonic_hybrid,0.7793172597885132,0.22355477511882782,0.09087521582841873,1.2823420763015747,0.1533174216747284,0.04784481227397919,0.10076922923326492,0.052924416959285736,0.16588319838047028,0.19130434095859528,0.025421142578125,0.3815278112888336,0.2972487211227417,0.3212234675884247,0.9244057776935701,0.6766241940102912,0,0,0.5563018321990967,0.3095809817314148,-0.0007108449935913086,0.00017060339450836182,-0.0007845759391784668,-0.0012369155883789062,-0.0017567873001098633,-0.006852786988019943,-0.022241026163101196,-0.09113068993711172
Stage1,S1_025,3.0,0.05,0.0,0.0,50,1.2713850736618042,108,monotonic_hybrid,0.7349461913108826,0.2230130285024643,0.08303242921829224,1.2913689613342285,0.19072961807250977,0.04999793320894241,0.0930769219994545,0.043078988790512085,0.17948348820209503,0.25,0.07051651179790497,0.38583821058273315,0.29459473490715027,0.31956711411476135,0.9196234282934849,0.6907896837935045,0,0,0.5562764406204224,0.3094489574432373,-0.0003286004066467285,-0.0004067271947860718,-0.0006363093852996826,-0.001873016357421875,-0.004170015454292297,-0.006638143211603165,-0.024705633521080017,-0.04469082992484353
Stage1,S1_025,3.0,0.05,0.0,0.0,40,1.321750283241272,109,monotonic_hybrid,0.725730836391449,0.2213699072599411,0.08140526711940765,1.0611258745193481,0.1366996020078659,0.04587608203291893,0.08769230544567108,0.04181622341275215,0.17274680733680725,0.1599999964237213,0.012746810913085938,0.3848758935928345,0.29688721895217896,0.3182368874549866,0.9195196507626178,0.6976877469862915,0,0,0.5563095808029175,0.3096388280391693,0.000992417335510254,-9.639561176300049e-05,-0.00012509524822235107,0.0046842098236083984,0.00042319297790527344,-0.005111195147037506,0.003643319010734558,0.13693455589162778
Stage1,S1_025,3.0,0.05,0.0,0.0,44,1.344976782798767,110,monotonic_hybrid,0.7094935774803162,0.21960629522800446,0.07488099485635757,1.256110668182373,0.1577884703874588,0.052732501178979874,0.08538461476564407,0.0326521135866642,0.17500682175159454,0.19658119976520538,0.02157437801361084,0.38150033354759216,0.2955509126186371,0.32294875383377075,0.9296855018035101,0.6677250389202161,0,0,0.5562936067581177,0.309545636177063,0.00012373924255371094,0.00033214688301086426,-0.000895574688911438,-0.0010492801666259766,-0.001989200711250305,-0.009254910051822662,-0.026592299342155457,0.01744354438033447
Stage1,S1_026,3.0,0.1,0.0,0.0,43,1.3219859600067139,101,monotonic_hybrid,0.7692502737045288,0.23093444108963013,0.0783582329750061,1.2420668601989746,0.1569792479276657,0.051786139607429504,0.08692307770252228,0.03513693809509277,0.17996661365032196,0.19847328960895538,0.018506675958633423,0.3644735515117645,0.29595327377319336,0.3395731449127197,0.9233645974320644,0.6443068382901661,0,0,0.5570282936096191,0.30343520641326904,0.0002053380012512207,-0.0002664923667907715,-0.0004922449588775635,-0.0008208751678466797,-0.00216500461101532,-0.007774703204631805,-0.028127044439315796,0.026700390538745677
Stage1,S1_026,3.0,0.1,0.0,0.0,43,1.2153644561767578,102,monotonic_hybrid,0.7366745471954346,0.2169996052980423,0.07949566841125488,1.479819416999817,0.19972370564937592,0.043191779404878616,0.08923076838254929,0.04603898897767067,0.1656908094882965,0.2539682686328888,0.08827745914459229,0.367962121963501,0.29592040181159973,0.3361174464225769,0.9279157268789419,0.6369180506127853,0,0,0.5570188760757446,0.303386926651001,-0.0008394718170166016,-9.293854236602783e-05,-0.000999748706817627,-0.013445496559143066,-0.005751222372055054,-0.007408902049064636,-0.028049975633621216,-0.11382452338203337
Stage1,S1_026,3.0,0.1,0.0,0.0,50,1.269089937210083,103,monotonic_hybrid,0.7086142897605896,0.22198481857776642,0.07860501855611801,1.1723158359527588,0.12867505848407745,0.04350835084915161,0.08538461476564407,0.04187626391649246,0.15166977047920227,0.14159291982650757,0.010076850652694702,0.37010830640792847,0.2956562340259552,0.33423542976379395,0.9215322080123403,0.6382309701453851,0,0,0.5569614768028259,0.30315738916397095,4.088878631591797e-05,-0.0008347183465957642,-0.0003396347165107727,0.0006563663482666016,0.0006839185953140259,-0.005958955734968185,-0.008805260062217712,0.005770578779798499
Stage1,S1_026,3.0,0.1,0.0,0.0,49,1.3630056381225586,104,monotonic_hybrid,0.7194255590438843,0.22717508673667908,0.07221508026123047,1.2343511581420898,0.15036411583423615,0.0592966303229332,0.07999999821186066,0.02070336788892746,0.17983417212963104,0.18110236525535583,0.0012681931257247925,0.3674604892730713,0.29514583945274353,0.3373936712741852,0.9222806818960765,0.6652878843083955,0,0,0.5570086240768433,0.3033573031425476,0.0013828873634338379,-0.0010724514722824097,-0.0003743097186088562,0.004653215408325195,-0.0006491094827651978,-0.01176709309220314,-0.029247373342514038,0.1925912509067793
Stage1,S1_026,3.0,0.1,0.0,0.0,43,1.3053103685379028,105,monotonic_hybrid,0.7028679847717285,0.22010211646556854,0.07113815099000931,1.143723487854004,0.12968820333480835,0.053918950259685516,0.07538461685180664,0.021465666592121124,0.1950145810842514,0.1376146674156189,0.05739991366863251,0.374869167804718,0.29522705078125,0.32990381121635437,0.9200424986824959,0.6678104482451755,0,0,0.5570244789123535,0.30341026186943054,0.0012619495391845703,0.00021685659885406494,0.00017604976892471313,0.003753185272216797,0.002339780330657959,-0.007042106240987778,0.023397862911224365,0.17986583293376363
Stage1,S1_026,3.0,0.1,0.0,0.0,50,1.2649548053741455,106,monotonic_hybrid,0.745039701461792,0.22513176500797272,0.07657893002033234,1.1929042339324951,0.12224020808935165,0.04878558963537216,0.08384615182876587,0.03506056219339371,0.18907062709331512,0.14851485192775726,0.04055577516555786,0.36994674801826477,0.2979505658149719,0.3321026861667633,0.92078577527389,0.6640956307758664,0,0,0.5569521188735962,0.3031224012374878,0.0005759596824645996,0.00016263127326965332,-0.00019640475511550903,0.005335211753845215,0.001375041902065277,-0.0064139291644096375,0.03117111325263977,0.07736571308201126
Stage1,S1_026,3.0,0.1,0.0,0.0,42,1.400504231452942,107,monotonic_hybrid,0.7792962193489075,0.2235838621854782,0.09083795547485352,1.282144546508789,0.15325070917606354,0.04823276400566101,0.10076922923326492,0.05253646522760391,0.16702894866466522,0.19130434095859528,0.024275392293930054,0.3660537898540497,0.29734984040260315,0.3365963399410248,0.9268160328068715,0.6738171531420595,0,0,0.5570294857025146,0.303416907787323,-0.0007318854331970215,0.00019969046115875244,-0.0008218362927436829,-0.0014344453811645508,-0.0018234997987747192,-0.007240738719701767,-0.023386776447296143,-0.09382808500233061
Stage1,S1_026,3.0,0.1,0.0,0.0,50,1.2678906917572021,108,monotonic_hybrid,0.7349793910980225,0.22304747998714447,0.08300773799419403,1.2912343740463257,0.19056956470012665,0.05032225325703621,0.0930769219994545,0.04275466874241829,0.18058927357196808,0.25,0.06941072642803192,0.36997321248054504,0.29492345452308655,0.335103303194046,0.9221203280282007,0.688270306491943,0,0,0.5569534301757812,0.3031300902366638,-0.00029540061950683594,-0.000372275710105896,-0.0006610006093978882,-0.002007603645324707,-0.004330068826675415,-0.0069624632596969604,-0.025811418890953064,-0.04017554019726547
Stage1,S1_026,3.0,0.1,0.0,0.0,40,1.319403886795044,109,monotonic_hybrid,0.725793182849884,0.22140511870384216,0.08138254284858704,1.0614030361175537,0.13673625886440277,0.04635590314865112,0.08769230544567108,0.04133640229701996,0.17425674200057983,0.1599999964237213,0.01425674557685852,0.36946621537208557,0.29701459407806396,0.3335191607475281,0.9220700420965228,0.6948712464352985,0,0,0.5570578575134277,0.3035373389720917,0.0010547637939453125,-6.118416786193848e-05,-0.00014781951904296875,0.004961371421813965,0.00045984983444213867,-0.005591016262769699,0.005153253674507141,0.14553717123472942
Stage1,S1_026,3.0,0.1,0.0,0.0,44,1.342012643814087,110,monotonic_hybrid,0.7094820141792297,0.21962574124336243,0.07484398782253265,1.2560454607009888,0.1577218472957611,0.05317217484116554,0.08538461476564407,0.03221243992447853,0.17644420266151428,0.19658119976520538,0.0201369971036911,0.3659326136112213,0.29570910334587097,0.3383582830429077,0.9320629313203295,0.6652634481794081,0,0,0.5570072531700134,0.3033391833305359,0.00011217594146728516,0.00035159289836883545,-0.0009325817227363586,-0.001114487648010254,-0.002055823802947998,-0.009694583714008331,-0.028029680252075195,0.01581346364344387
Stage1,S1_027,3.0,0.2,0.0,0.0,43,1.316009521484375,101,monotonic_hybrid,0.769346296787262,0.23099815845489502,0.07831045240163803,1.242012858390808,0.15685540437698364,0.05280286446213722,0.08692307770252228,0.034120213240385056,0.18295899033546448,0.19847328960895538,0.015514299273490906,0.3339315354824066,0.2948850095272064,0.37118345499038696,0.9283708102565352,0.6377600243395559,0,0,0.5553820133209229,0.28947025537490845,0.000301361083984375,-0.0002027750015258789,-0.000540025532245636,-0.0008748769760131836,-0.0022888481616973877,-0.008791428059339523,-0.031119421124458313,0.039186407710855777
Stage1,S1_027,3.0,0.2,0.0,0.0,43,1.2068084478378296,102,monotonic_hybrid,0.736645519733429,0.21705608069896698,0.07942631840705872,1.4787490367889404,0.19930307567119598,0.04377025365829468,0.08923076838254929,0.04546051472425461,0.16804148256778717,0.2539682686328888,0.08592678606510162,0.33729392290115356,0.2950623035430908,0.3676437735557556,0.93246414519426,0.6309884757457889,0,0,0.5553474426269531,0.28938135504722595,-0.0008684992790222168,-3.6463141441345215e-05,-0.001069098711013794,-0.014515876770019531,-0.006171852350234985,-0.007987376302480698,-0.030400648713111877,-0.11776037561769442
Stage1,S1_027,3.0,0.2,0.0,0.0,50,1.2613489627838135,103,monotonic_hybrid,0.7087069749832153,0.2220340222120285,0.07856887578964233,1.1724720001220703,0.1287599802017212,0.04419815167784691,0.08538461476564407,0.041186463087797165,0.1539963185787201,0.14159291982650757,0.012403398752212524,0.3387591242790222,0.29509061574935913,0.36615025997161865,0.9267130100341197,0.6314208567699587,0,0,0.5551562905311584,0.2888637185096741,0.0001335740089416504,-0.0007855147123336792,-0.0003757774829864502,0.000812530517578125,0.0007688403129577637,-0.006648756563663483,-0.00647871196269989,0.01885111814216973
Stage1,S1_027,3.0,0.2,0.0,0.0,49,1.3582844734191895,104,monotonic_hybrid,0.7197024822235107,0.22722168266773224,0.07220200449228287,1.2349380254745483,0.1503797471523285,0.06049412116408348,0.07999999821186066,0.019505877047777176,0.18257036805152893,0.18110236525535583,0.0014680027961730957,0.3366635739803314,0.2943476438522339,0.3689887821674347,0.9273305261002017,0.6591437573399466,0,0,0.5553404092788696,0.28928083181381226,0.0016598105430603027,-0.001025855541229248,-0.0003873854875564575,0.005240082740783691,-0.0006334781646728516,-0.012964583933353424,-0.029047563672065735,0.23115764682561457
Stage1,S1_027,3.0,0.2,0.0,0.0,49,1.2993377447128296,105,monotonic_hybrid,0.7041834592819214,0.2202274203300476,0.07141546905040741,1.1491711139678955,0.13211773335933685,0.05936368554830551,0.07538461685180664,0.01602093130350113,0.21064844727516174,0.1376146674156189,0.07303377985954285,0.34316757321357727,0.29505228996276855,0.3617801070213318,0.9249690026180539,0.6621528683252192,0,0,0.5551968216896057,0.2889590859413147,0.0025774240493774414,0.0003421604633331299,0.00045336782932281494,0.009200811386108398,0.004769310355186462,-0.012486841529607773,0.039031729102134705,0.3673605869885607
Stage1,S1_027,3.0,0.2,0.0,0.0,50,1.2570011615753174,106,monotonic_hybrid,0.7451199293136597,0.22516845166683197,0.07655418664216995,1.1940251588821411,0.1225237101316452,0.049578070640563965,0.08384615182876587,0.034268081188201904,0.19212481379508972,0.14851485192775726,0.04360996186733246,0.3386269509792328,0.297441691160202,0.3639313578605652,0.9258072311714197,0.6582792682925267,0,0,0.5551256537437439,0.2887870669364929,0.0006561875343322754,0.00019931793212890625,-0.00022114813327789307,0.006456136703491211,0.0016585439443588257,-0.00720641016960144,0.03422529995441437,0.08814230935732816
Stage1,S1_027,3.0,0.2,0.0,0.0,42,1.395297884941101,107,monotonic_hybrid,0.7792592644691467,0.22364169359207153,0.09076526015996933,1.2817654609680176,0.1531265825033188,0.04900921881198883,0.10076922923326492,0.05176001042127609,0.1692911833524704,0.19130434095859528,0.022013157606124878,0.3355923295021057,0.296320378780365,0.3680873215198517,0.9314197491650007,0.6683144578951489,0,0,0.5553774833679199,0.2894541025161743,-0.0007688403129577637,0.0002575218677520752,-0.0008945316076278687,-0.0018135309219360352,-0.0019476264715194702,-0.008017193526029587,-0.02564901113510132,-0.09856571939449976
Stage1,S1_027,3.0,0.2,0.0,0.0,50,1.2606724500656128,108,monotonic_hybrid,0.7350499629974365,0.22311818599700928,0.08295974880456924,1.2909770011901855,0.1902630627155304,0.05097009614109993,0.0930769219994545,0.04210682585835457,0.18275563418865204,0.25,0.06724436581134796,0.3387303948402405,0.2943246364593506,0.36694496870040894,0.9269150899565183,0.6832911240204883,0,0,0.5551287531852722,0.288798451423645,-0.00022482872009277344,-0.00030156970024108887,-0.0007089897990226746,-0.0022649765014648438,-0.0046365708112716675,-0.007610306143760681,-0.027977779507637024,-0.030577509609379612
Stage1,S1_027,3.0,0.2,0.0,0.0,40,1.3145434856414795,109,monotonic_hybrid,0.7259259223937988,0.2214783877134323,0.08133828639984131,1.0619804859161377,0.13681843876838684,0.047321490943431854,0.08769230544567108,0.04037081450223923,0.17724497616291046,0.1599999964237213,0.017244979739189148,0.339073121547699,0.2960464656352997,0.36488041281700134,0.9269530112871438,0.6893014338817638,0,0,0.5554749369621277,0.2897077798843384,0.0011875033378601074,1.208484172821045e-05,-0.0001920759677886963,0.005538821220397949,0.0005420297384262085,-0.00655660405755043,0.008141487836837769,0.16385268210383785
Stage1,S1_027,3.0,0.2,0.0,0.0,44,1.335886001586914,110,monotonic_hybrid,0.7094674706459045,0.21966511011123657,0.0747731402516365,1.2559449672698975,0.1576031893491745,0.05405137315392494,0.08538461476564407,0.03133324161171913,0.1792798489332199,0.19658119976520538,0.017301350831985474,0.3352851867675781,0.29479047656059265,0.3699243366718292,0.9365723128615316,0.6604434997201902,0,0,0.5553081035614014,0.2892723083496094,9.763240814208984e-05,0.00039096176624298096,-0.0010034292936325073,-0.0012149810791015625,-0.002174481749534607,-0.01057378202676773,-0.030865326523780823,0.013763259005292804
Stage1,S1_028,3.0,0.4,0.0,0.0,43,1.3036623001098633,101,monotonic_hybrid,0.7695704102516174,0.2311285436153412,0.07822851091623306,1.2419843673706055,0.15666748583316803,0.05479171872138977,0.08692307770252228,0.03213135898113251,0.18871095776557922,0.19847328960895538,0.00976233184337616,0.2757108211517334,0.28786319494247437,0.43642598390579224,0.9375314534352366,0.6252063833936143,0,0,0.5402982234954834,0.25623923540115356,0.0005254745483398438,-7.238984107971191e-05,-0.0006219670176506042,-0.0009033679962158203,-0.0024767667055130005,-0.010780282318592072,-0.03687138855457306,0.0683281982553213
Stage1,S1_028,3.0,0.4,0.0,0.0,48,1.1891623735427856,102,monotonic_hybrid,0.7365984320640564,0.21696828305721283,0.07927217334508896,1.4783127307891846,0.1988706886768341,0.046641748398542404,0.08923076838254929,0.04258901998400688,0.17504936456680298,0.2539682686328888,0.07891890406608582,0.27745798230171204,0.2889677584171295,0.43357425928115845,0.9409619807634154,0.6198503970682986,0,0,0.5397415161132812,0.25521036982536316,-0.0009155869483947754,-0.0001242607831954956,-0.001223243772983551,-0.01495218276977539,-0.006604239344596863,-0.010858871042728424,-0.037408530712127686,-0.12414502298149778
Stage1,S1_028,3.0,0.4,0.0,0.0,50,1.2455768585205078,103,monotonic_hybrid,0.7088964581489563,0.22213205695152283,0.07850224524736404,1.1728293895721436,0.12893936038017273,0.045527879148721695,0.08538461476564407,0.03985673561692238,0.15835091471672058,0.14159291982650757,0.016757994890213013,0.2790572941303253,0.28889602422714233,0.43204665184020996,0.9361545576278066,0.618414931891217,0,0,0.5395833253860474,0.2549128532409668,0.0003230571746826172,-0.0006874799728393555,-0.00044240802526474,0.0011699199676513672,0.0009482204914093018,-0.007978484034538269,-0.002124115824699402,0.045592619513859865
Stage1,S1_028,3.0,0.4,0.0,0.0,49,1.3480924367904663,104,monotonic_hybrid,0.7203010320663452,0.22732095420360565,0.07219111174345016,1.2361805438995361,0.15045371651649475,0.06288377195596695,0.07999999821186066,0.017116226255893707,0.18785127997398376,0.18110236525535583,0.00674891471862793,0.27788856625556946,0.2877526879310608,0.43435874581336975,0.9364884241635841,0.64723759376153,0,0,0.5401444435119629,0.25576847791671753,0.0022583603858947754,-0.000926584005355835,-0.00039827823638916016,0.006482601165771484,-0.0005595088005065918,-0.015354234725236893,-0.0237666517496109,0.3145161805787234
Stage1,S1_028,3.0,0.4,0.0,0.0,49,1.2870030403137207,105,monotonic_hybrid,0.7047925591468811,0.2203879952430725,0.07151325047016144,1.1508102416992188,0.13289910554885864,0.061367761343717575,0.07538461685180664,0.014016855508089066,0.21598340570926666,0.1376146674156189,0.07836873829364777,0.2835035026073456,0.2892756164073944,0.42722082138061523,0.9339155047903046,0.6512429859892994,0,0,0.5396988391876221,0.2550901472568512,0.003186523914337158,0.0005027353763580322,0.0005511492490768433,0.01083993911743164,0.005550682544708252,-0.014490917325019836,0.044366687536239624,0.4541756704360447
Stage1,S1_028,3.0,0.4,0.0,0.0,50,1.2407485246658325,106,monotonic_hybrid,0.7452873587608337,0.22524015605449677,0.07650989294052124,1.1963177919387817,0.12311502546072006,0.05111245438456535,0.08384615182876587,0.032733697444200516,0.1978776752948761,0.14851485192775726,0.049362823367118835,0.2789844274520874,0.2913157641887665,0.4296998083591461,0.934999304012127,0.6470699393780524,0,0,0.5394892692565918,0.2547476291656494,0.0008236169815063477,0.00027102231979370117,-0.0002654418349266052,0.008748769760131836,0.0022498592734336853,-0.008740793913602829,0.039978161454200745,0.11063224913248801
Stage1,S1_028,3.0,0.4,0.0,0.0,42,1.3841253519058228,107,monotonic_hybrid,0.7792060375213623,0.2237548828125,0.09062892943620682,1.2810769081115723,0.15291644632816315,0.050542332231998444,0.10076922923326492,0.05022689700126648,0.17363974452018738,0.19130434095859528,0.017664596438407898,0.277569055557251,0.28937092423439026,0.43306002020835876,0.9397476759061272,0.6577593724541679,0,0,0.5403203368186951,0.25629866123199463,-0.0008220672607421875,0.000370711088180542,-0.0010308623313903809,-0.0025020837783813477,-0.00215776264667511,-0.0095503069460392,-0.0299975723028183,-0.1053894411883821
Stage1,S1_028,3.0,0.4,0.0,0.0,50,1.2455968856811523,108,monotonic_hybrid,0.7352004051208496,0.2232629656791687,0.08287021517753601,1.2905023097991943,0.1897083967924118,0.05225128307938576,0.0930769219994545,0.04082563892006874,0.1868676245212555,0.25,0.0631323754787445,0.27918535470962524,0.28811994194984436,0.43269476294517517,0.9356941283590363,0.6735646650500363,0,0,0.5394847393035889,0.254742830991745,-7.43865966796875e-05,-0.00015679001808166504,-0.0007985234260559082,-0.0027396678924560547,-0.005191236734390259,-0.008891493082046509,-0.03208976984024048,-0.010116843052095904
Stage1,S1_028,3.0,0.4,0.0,0.0,40,1.3043111562728882,109,monotonic_hybrid,0.7262194156646729,0.2216343879699707,0.0812557190656662,1.0632026195526123,0.137014240026474,0.049253787845373154,0.08769230544567108,0.03843851760029793,0.18301887810230255,0.1599999964237213,0.023018881678581238,0.28098616003990173,0.28924432396888733,0.42976948618888855,0.9358274118198047,0.6784528239158084,0,0,0.5406136512756348,0.25681382417678833,0.0014809966087341309,0.00016808509826660156,-0.00027464330196380615,0.006760954856872559,0.0007378309965133667,-0.00848890095949173,0.013915389776229858,0.2043491237380946
Stage1,S1_028,3.0,0.4,0.0,0.0,44,1.323049545288086,110,monotonic_hybrid,0.7094699740409851,0.2197445034980774,0.07464583218097687,1.2558518648147583,0.15742352604866028,0.05577968806028366,0.08538461476564407,0.029604926705360413,0.18471015989780426,0.19658119976520538,0.011871039867401123,0.27691182494163513,0.28804540634155273,0.43504273891448975,0.9446083031886207,0.6511972759077804,0,0,0.5400846004486084,0.2558521628379822,0.00010013580322265625,0.00047035515308380127,-0.0011307373642921448,-0.0013080835342407227,-0.002354145050048828,-0.01230209693312645,-0.03629563748836517,0.014116163082351595
Stage1,S1_029,4.0,0.005,0.0,0.0,43,1.5259648561477661,101,monotonic_hybrid,0.7693181037902832,0.2307945340871811,0.07834015786647797,1.2430424690246582,0.1568799465894699,0.052240390330553055,0.08692307770252228,0.03468268737196922,0.18193833529949188,0.19847328960895538,0.0165349543094635,0.39401736855506897,0.29544833302497864,0.3105342984199524,0.9183609025147035,0.6506771125189375,0,0,0.5547481775283813,0.31462275981903076,0.00027316808700561523,-0.00040639936923980713,-0.0005103200674057007,0.00015473365783691406,-0.0022643059492111206,-0.008228953927755356,-0.030098766088485718,0.03552043246417168
Stage1,S1_029,4.0,0.005,0.0,0.0,43,1.4067734479904175,102,monotonic_hybrid,0.7367519736289978,0.21694636344909668,0.07939933240413666,1.4788810014724731,0.1992063820362091,0.044026341289281845,0.08923076838254929,0.04520442709326744,0.16836044192314148,0.2539682686328888,0.08560782670974731,0.3976445496082306,0.29521721601486206,0.30713823437690735,0.9233313360162712,0.6427581413874492,0,0,0.5547483563423157,0.3146202564239502,-0.0007620453834533691,-0.0001461803913116455,-0.001096084713935852,-0.014383912086486816,-0.006268545985221863,-0.008243463933467865,-0.030719608068466187,-0.10332622347623521
Stage1,S1_029,4.0,0.005,0.0,0.0,50,1.4701045751571655,103,monotonic_hybrid,0.708743691444397,0.22195251286029816,0.07858207076787949,1.172579050064087,0.12878571450710297,0.04402615502476692,0.08538461476564407,0.04135845974087715,0.15401431918144226,0.14159291982650757,0.012421399354934692,0.4004601538181305,0.2946295738220215,0.304910272359848,0.9163366487770581,0.6448789999397367,0,0,0.5547475814819336,0.31461048126220703,0.00017029047012329102,-0.0008670240640640259,-0.0003625825047492981,0.0009195804595947266,0.0007945746183395386,-0.006476759910583496,-0.006460711359977722,0.024032862352601037
Stage1,S1_029,4.0,0.005,0.0,0.0,49,1.5759471654891968,104,monotonic_hybrid,0.7195541858673096,0.2270566076040268,0.07220775634050369,1.2350081205368042,0.15033194422721863,0.059663474559783936,0.07999999821186066,0.02033652365207672,0.1812809556722641,0.18110236525535583,0.00017859041690826416,0.39720872044563293,0.29433193802833557,0.3084593713283539,0.9172011333435771,0.6712007815311442,0,0,0.5547466278076172,0.31461966037750244,0.0015115141868591309,-0.0011909306049346924,-0.0003816336393356323,0.005310177803039551,-0.0006812810897827148,-0.012133937329053879,-0.030336976051330566,0.21050478564480052
Stage1,S1_029,4.0,0.005,0.0,0.0,43,1.5088086128234863,105,monotonic_hybrid,0.702970564365387,0.22007685899734497,0.07114975899457932,1.144229769706726,0.12978293001651764,0.05414659529924393,0.07538461685180664,0.021238021552562714,0.19611798226833344,0.1376146674156189,0.05850331485271454,0.4045799970626831,0.29423367977142334,0.30118635296821594,0.9153079077117634,0.673346487902832,0,0,0.5547481775283813,0.3146215081214905,0.0013645291328430176,0.00019159913063049316,0.00018765777349472046,0.004259467124938965,0.0024345070123672485,-0.007269751280546188,0.024501264095306396,0.1944865158394413
Stage1,S1_029,4.0,0.005,0.0,0.0,50,1.4608229398727417,106,monotonic_hybrid,0.7451658248901367,0.22511087357997894,0.07657855749130249,1.1934059858322144,0.12237346917390823,0.04914175346493721,0.08384615182876587,0.03470439836382866,0.1911388784646988,0.14851485192775726,0.04262402653694153,0.40027379989624023,0.296857625246048,0.3028685450553894,0.9157545978362028,0.669748851366341,0,0,0.5547474026679993,0.31460896134376526,0.0007020831108093262,0.0001417398452758789,-0.00019677728414535522,0.005836963653564453,0.0015083029866218567,-0.006770092993974686,0.03323936462402344,0.09430722698882445
Stage1,S1_029,4.0,0.005,0.0,0.0,42,1.6159815788269043,107,monotonic_hybrid,0.779322624206543,0.22355929017066956,0.09077634662389755,1.2829891443252563,0.15316034853458405,0.04881972819566727,0.10076922923326492,0.051949501037597656,0.1689288169145584,0.19130434095859528,0.022375524044036865,0.39555251598358154,0.296811044216156,0.30763643980026245,0.9221767368884509,0.679182232908517,0,0,0.5547488331794739,0.3146214485168457,-0.0007054805755615234,0.00017511844635009766,-0.000883445143699646,-0.0005898475646972656,-0.0019138604402542114,-0.007827702909708023,-0.02528664469718933,-0.09044296881566781
Stage1,S1_029,4.0,0.005,0.0,0.0,50,1.4676392078399658,108,monotonic_hybrid,0.7350015044212341,0.22288426756858826,0.08294740319252014,1.2919968366622925,0.1902320683002472,0.05101778358221054,0.0930769219994545,0.04205913841724396,0.1829797625541687,0.25,0.0670202374458313,0.40021345019340515,0.29394611716270447,0.3058404326438904,0.917321524965666,0.6930749255968255,0,0,0.5547475218772888,0.3146093487739563,-0.000273287296295166,-0.0005354881286621094,-0.0007213354110717773,-0.0012451410293579102,-0.004667565226554871,-0.007657993584871292,-0.028201907873153687,-0.037168049193797854
Stage1,S1_029,4.0,0.005,0.0,0.0,40,1.523197054862976,109,monotonic_hybrid,0.7259849309921265,0.2213338315486908,0.08140084147453308,1.0623513460159302,0.13678723573684692,0.04642648249864578,0.08769230544567108,0.0412658229470253,0.1753966063261032,0.1599999964237213,0.015396609902381897,0.398823618888855,0.2964286804199219,0.30474764108657837,0.9171645050857699,0.7002389832316209,0,0,0.5547490119934082,0.31462693214416504,0.0012465119361877441,-0.00013247132301330566,-0.00012952089309692383,0.00590968132019043,0.0005108267068862915,-0.0056615956127643585,0.006293118000030518,0.17199473677847518
Stage1,S1_029,4.0,0.005,0.0,0.0,33,1.546868920326233,110,monotonic_hybrid,0.7098574638366699,0.21945075690746307,0.07461712509393692,1.2567945718765259,0.1577177494764328,0.057012759149074554,0.08538461476564407,0.02837185561656952,0.18353156745433807,0.19658119976520538,0.01304963231086731,0.39567914605140686,0.295028954744339,0.30929189920425415,0.9274662326301247,0.6699671730933263,0,0,0.5547505021095276,0.3146437406539917,0.0004876255989074707,0.00017660856246948242,-0.0011594444513320923,-0.00036537647247314453,-0.002059921622276306,-0.013535168021917343,-0.03511704504489899,0.06874067272423715
Stage1,S1_030,4.0,0.01,0.0,0.0,43,1.5255851745605469,101,monotonic_hybrid,0.7693233489990234,0.23079745471477509,0.07833735644817352,1.2430424690246582,0.1568727046251297,0.05230005830526352,0.08692307770252228,0.03462301939725876,0.18211506307125092,0.19847328960895538,0.016358226537704468,0.3924535810947418,0.29551148414611816,0.3120349049568176,0.9186300196263398,0.6503383893779318,0,0,0.5549622774124146,0.31408828496932983,0.0002784132957458496,-0.000403478741645813,-0.000513121485710144,0.00015473365783691406,-0.0022715479135513306,-0.00828862190246582,-0.03027549386024475,0.036202474370531514
Stage1,S1_030,4.0,0.01,0.0,0.0,43,1.4062246084213257,102,monotonic_hybrid,0.7367504835128784,0.21694950759410858,0.07939515262842178,1.4788177013397217,0.19918115437030792,0.044062040746212006,0.08923076838254929,0.04516872763633728,0.16850315034389496,0.2539682686328888,0.08546511828899384,0.39607295393943787,0.29529067873954773,0.3086363971233368,0.9235789474013207,0.6424457750781303,0,0,0.5549628138542175,0.3140833377838135,-0.0007635354995727539,-0.00014303624629974365,-0.0011002644896507263,-0.014447212219238281,-0.006293773651123047,-0.008279163390398026,-0.030862316489219666,-0.10352826927888721
Stage1,S1_030,4.0,0.01,0.0,0.0,50,1.469606876373291,103,monotonic_hybrid,0.7087498903274536,0.2219553291797638,0.07857997715473175,1.1725890636444092,0.12879078090190887,0.04406729340553284,0.08538461476564407,0.04131732136011124,0.15415529906749725,0.14159291982650757,0.012562379240989685,0.398853063583374,0.2947210669517517,0.30642589926719666,0.9166165222319727,0.6445249207096507,0,0,0.5549607872962952,0.3140636086463928,0.00017648935317993164,-0.0008642077445983887,-0.0003646761178970337,0.0009295940399169922,0.0007996410131454468,-0.006517898291349411,-0.0063197314739227295,0.024907702284232298
Stage1,S1_030,4.0,0.01,0.0,0.0,49,1.5756605863571167,104,monotonic_hybrid,0.7195701003074646,0.22705888748168945,0.07220692932605743,1.2350437641143799,0.15033259987831116,0.05973229557275772,0.07999999821186066,0.020267702639102936,0.1814402937889099,0.18110236525535583,0.00033792853355407715,0.395635187625885,0.29441264271736145,0.30995216965675354,0.9174751255297382,0.6708882167239165,0,0,0.5549594759941101,0.31408196687698364,0.0015274286270141602,-0.0011886507272720337,-0.00038246065378189087,0.005345821380615234,-0.0006806254386901855,-0.012202758342027664,-0.030177637934684753,0.21272114976669654
Stage1,S1_030,4.0,0.01,0.0,0.0,43,1.5084350109100342,105,monotonic_hybrid,0.702984631061554,0.22008025646209717,0.07115145027637482,1.1442688703536987,0.1298026293516159,0.05420718714594841,0.07538461685180664,0.02117742970585823,0.1962852030992508,0.1376146674156189,0.0586705356836319,0.40300893783569336,0.29432228207588196,0.3026687800884247,0.9155619835046708,0.6730519197272359,0,0,0.554962158203125,0.31408581137657166,0.0013785958290100098,0.00019499659538269043,0.00018934905529022217,0.004298567771911621,0.002454206347465515,-0.007330343127250671,0.024668484926223755,0.19649144388461265
Stage1,S1_030,4.0,0.01,0.0,0.0,50,1.4603140354156494,106,monotonic_hybrid,0.7451712489128113,0.2251129448413849,0.07657718658447266,1.1934750080108643,0.122390516102314,0.04918788745999336,0.08384615182876587,0.03465826436877251,0.1913185864686966,0.14851485192775726,0.04280373454093933,0.39866793155670166,0.29695290327072144,0.3043792247772217,0.9160256088360315,0.6694482351088527,0,0,0.5549604892730713,0.3140604794025421,0.0007075071334838867,0.00014381110668182373,-0.0001981481909751892,0.0059059858322143555,0.0015253499150276184,-0.006816226989030838,0.03341907262802124,0.09503580816345583
Stage1,S1_030,4.0,0.01,0.0,0.0,42,1.6156630516052246,107,monotonic_hybrid,0.7793205976486206,0.2235625982284546,0.0907720997929573,1.2829705476760864,0.1531532257795334,0.04886499419808388,0.10076922923326492,0.051904235035181046,0.16906192898750305,0.19130434095859528,0.022242411971092224,0.3939901888370514,0.29687583446502686,0.309133917093277,0.9224271918681859,0.6788965312513453,0,0,0.5549635291099548,0.31408581137657166,-0.0007075071334838867,0.00017842650413513184,-0.0008876919746398926,-0.0006084442138671875,-0.0019209831953048706,-0.007872968912124634,-0.025419756770133972,-0.09070277457265774
Stage1,S1_030,4.0,0.01,0.0,0.0,50,1.4671872854232788,108,monotonic_hybrid,0.7350059151649475,0.22288790345191956,0.08294469118118286,1.2919865846633911,0.19021432101726532,0.051055293530225754,0.0930769219994545,0.042021628469228745,0.1831073760986328,0.25,0.06689262390136719,0.39861243963241577,0.29403457045555115,0.3073529899120331,0.9175798226071321,0.6928201591189492,0,0,0.5549604892730713,0.31406134366989136,-0.0002688765525817871,-0.0005318522453308105,-0.0007240474224090576,-0.0012553930282592773,-0.004685312509536743,-0.007695503532886505,-0.028329521417617798,-0.03656817228205499
Stage1,S1_030,4.0,0.01,0.0,0.0,40,1.5228941440582275,109,monotonic_hybrid,0.7259927988052368,0.2213377207517624,0.08139829337596893,1.0623877048492432,0.13679197430610657,0.04648187756538391,0.08769230544567108,0.04121042788028717,0.17557063698768616,0.1599999964237213,0.015570640563964844,0.39727064967155457,0.2964956760406494,0.306233674287796,0.9174289897879223,0.6999547427842306,0,0,0.5549638271331787,0.31409674882888794,0.0012543797492980957,-0.00012858211994171143,-0.00013206899166107178,0.005946040153503418,0.0005155652761459351,-0.005716990679502487,0.006467148661613464,0.17308034406842682
Stage1,S1_030,4.0,0.01,0.0,0.0,33,1.5465041399002075,110,monotonic_hybrid,0.7098603248596191,0.21945419907569885,0.07461325824260712,1.2567983865737915,0.15771280229091644,0.057071391493082047,0.08538461476564407,0.028313223272562027,0.1836969554424286,0.19658119976520538,0.012884244322776794,0.3941774368286133,0.2950676679611206,0.3107549250125885,0.9277034109955534,0.6697125232219732,0,0,0.5549675226211548,0.31413066387176514,0.0004904866218566895,0.00018005073070526123,-0.0011633113026618958,-0.00036156177520751953,-0.0020648688077926636,-0.013593800365924835,-0.0352824330329895,0.06914399166944718
Stage1,S1_031,4.0,0.02,0.0,0.0,43,1.5248236656188965,101,monotonic_hybrid,0.769334077835083,0.23080284893512726,0.0783313438296318,1.2430468797683716,0.15685686469078064,0.052423376590013504,0.08692307770252228,0.034499701112508774,0.18248140811920166,0.19847328960895538,0.015991881489753723,0.3893282413482666,0.2956257164478302,0.315046101808548,0.9191664123319792,0.6496620121674707,0,0,0.5553591847419739,0.3130006790161133,0.0002891421318054199,-0.00039808452129364014,-0.0005191341042518616,0.00015914440155029297,-0.0022873878479003906,-0.008411940187215805,-0.030641838908195496,0.037597560088085714
Stage1,S1_031,4.0,0.02,0.0,0.0,43,1.4051239490509033,102,monotonic_hybrid,0.7367477416992188,0.2169557809829712,0.07938684523105621,1.478691816329956,0.19913093745708466,0.04413323476910591,0.08923076838254929,0.045097533613443375,0.16878780722618103,0.2539682686328888,0.08518046140670776,0.39293211698532104,0.2954255938529968,0.31164228916168213,0.924072095107695,0.6418226762739758,0,0,0.5553597211837769,0.31299087405204773,-0.0007662773132324219,-0.0001367628574371338,-0.0011085718870162964,-0.014573097229003906,-0.0063439905643463135,-0.008350357413291931,-0.031146973371505737,-0.10390003355576691
Stage1,S1_031,4.0,0.02,0.0,0.0,50,1.4686088562011719,103,monotonic_hybrid,0.7087621688842773,0.2219608724117279,0.07857580482959747,1.1726096868515015,0.12880098819732666,0.04414951056241989,0.08538461476564407,0.04123510420322418,0.15443673729896545,0.14159291982650757,0.012843817472457886,0.3956412374973297,0.29489174485206604,0.30946698784828186,0.9171741912430996,0.6438181177454321,0,0,0.55535489320755,0.31295061111450195,0.0001887679100036621,-0.0008586645126342773,-0.00036884844303131104,0.0009502172470092773,0.0008098483085632324,-0.0066001154482364655,-0.006038293242454529,0.026640558302655753
Stage1,S1_031,4.0,0.02,0.0,0.0,49,1.575083613395691,104,monotonic_hybrid,0.7196019291877747,0.22706350684165955,0.07220534235239029,1.2351154088974,0.15033398568630219,0.05987018346786499,0.07999999821186066,0.020129814743995667,0.18175895512104034,0.18110236525535583,0.0006565898656845093,0.39248982071876526,0.2945614457130432,0.3129487633705139,0.9180209892440735,0.6702633727148257,0,0,0.5553537607192993,0.312987744808197,0.0015592575073242188,-0.001184031367301941,-0.00038404762744903564,0.005417466163635254,-0.0006792396306991577,-0.012340646237134933,-0.02985897660255432,0.21715387801048863
Stage1,S1_031,4.0,0.02,0.0,0.0,43,1.5076851844787598,105,monotonic_hybrid,0.703013002872467,0.2200869917869568,0.0711548700928688,1.1443474292755127,0.1298421025276184,0.054328396916389465,0.07538461685180664,0.021056219935417175,0.1966191828250885,0.1376146674156189,0.059004515409469604,0.3998686373233795,0.29448750615119934,0.30564388632774353,0.9160685758156707,0.6724638210066566,0,0,0.5553590059280396,0.3129957914352417,0.0014069676399230957,0.00020173192024230957,0.0001927688717842102,0.004377126693725586,0.0024936795234680176,-0.007451552897691727,0.025002464652061462,0.20053528180622948
Stage1,S1_031,4.0,0.02,0.0,0.0,50,1.4592936038970947,106,monotonic_hybrid,0.7451820969581604,0.22511708736419678,0.07657445967197418,1.1936136484146118,0.12242479622364044,0.04928010329604149,0.08384615182876587,0.03456604853272438,0.19167731702327728,0.14851485192775726,0.04316246509552002,0.3954586982727051,0.29713091254234314,0.3074103593826294,0.9165656054675503,0.668848026689081,0,0,0.5553541779518127,0.3129444718360901,0.0007183551788330078,0.00014795362949371338,-0.00020087510347366333,0.006044626235961914,0.001559630036354065,-0.006908442825078964,0.03377780318260193,0.09649297051271859
Stage1,S1_031,4.0,0.02,0.0,0.0,42,1.6150223016738892,107,monotonic_hybrid,0.779316782951355,0.22356925904750824,0.0907636284828186,1.2829337120056152,0.15313908457756042,0.04895558953285217,0.10076922923326492,0.05181363970041275,0.16932791471481323,0.19130434095859528,0.021976426243782043,0.390868216753006,0.2969934642314911,0.31213828921318054,0.9229260604717062,0.6783262276558756,0,0,0.555361270904541,0.31299594044685364,-0.0007113218307495117,0.00018508732318878174,-0.000896163284778595,-0.0006452798843383789,-0.001935124397277832,-0.007963564246892929,-0.025685742497444153,-0.0911918207034623
Stage1,S1_031,4.0,0.02,0.0,0.0,50,1.4662797451019287,108,monotonic_hybrid,0.7350147366523743,0.22289521992206573,0.0829392820596695,1.2919660806655884,0.1901790052652359,0.051130324602127075,0.0930769219994545,0.04194659739732742,0.18336215615272522,0.25,0.06663784384727478,0.3954128324985504,0.29419928789138794,0.31038784980773926,0.9180945503826901,0.6923112642719407,0,0,0.5553542375564575,0.3129461109638214,-0.0002600550651550293,-0.0005245357751846313,-0.0007294565439224243,-0.0012758970260620117,-0.004720628261566162,-0.0077705346047878265,-0.028584301471710205,-0.03536841845856926
Stage1,S1_031,4.0,0.02,0.0,0.0,40,1.5222856998443604,109,monotonic_hybrid,0.7260087132453918,0.22134557366371155,0.08139321953058243,1.0624607801437378,0.1368015706539154,0.046592775732278824,0.08769230544567108,0.04109952971339226,0.1759183406829834,0.1599999964237213,0.015918344259262085,0.39416658878326416,0.296617716550827,0.3092156946659088,0.917955927614205,0.6993868187166008,0,0,0.5553625822067261,0.31301814317703247,0.001270294189453125,-0.00012072920799255371,-0.0001371428370475769,0.006019115447998047,0.000525161623954773,-0.0058278888463974,0.006814852356910706,0.17527623154128355
Stage1,S1_031,4.0,0.02,0.0,0.0,33,1.5457713603973389,110,monotonic_hybrid,0.7098662257194519,0.21946115791797638,0.07460559159517288,1.2568070888519287,0.15770310163497925,0.05718867480754852,0.08538461476564407,0.02819593995809555,0.18402738869190216,0.19658119976520538,0.012553811073303223,0.39117589592933655,0.29513368010520935,0.3136904239654541,0.9281755558959847,0.6692043836368107,0,0,0.5553714036941528,0.3130871653556824,0.0004963874816894531,0.00018700957298278809,-0.0011709779500961304,-0.0003528594970703125,-0.0020745694637298584,-0.013711083680391312,-0.035612866282463074,0.0699758369939429
Stage1,S1_032,4.0,0.05,0.0,0.0,43,1.522519588470459,101,monotonic_hybrid,0.7693672180175781,0.2308206409215927,0.07831495255231857,1.2430529594421387,0.1568155437707901,0.05278155580163002,0.08692307770252228,0.03414152190089226,0.1835372895002365,0.19847328960895538,0.014936000108718872,0.37997233867645264,0.29587122797966003,0.32415643334388733,0.920760561507043,0.6476418400096867,0,0,0.5562986135482788,0.3095906972885132,0.0003222823143005371,-0.00038029253482818604,-0.000535525381565094,0.0001652240753173828,-0.00232870876789093,-0.008770119398832321,-0.03169772028923035,0.04190682486008646
Stage1,S1_032,4.0,0.05,0.0,0.0,43,1.4017987251281738,102,monotonic_hybrid,0.7367401123046875,0.21697475016117096,0.07936225086450577,1.4783177375793457,0.19898201525211334,0.044345222413539886,0.08923076838254929,0.0448855459690094,0.16963618993759155,0.2539682686328888,0.08433207869529724,0.383531779050827,0.295733779668808,0.320734441280365,0.9255348953837376,0.6399667201485659,0,0,0.5562973022460938,0.3095664978027344,-0.0007739067077636719,-0.00011779367923736572,-0.001133166253566742,-0.014947175979614258,-0.006492912769317627,-0.008562345057725906,-0.03199535608291626,-0.10493450806534517
Stage1,S1_032,4.0,0.05,0.0,0.0,50,1.4655946493148804,103,monotonic_hybrid,0.7087993621826172,0.22197771072387695,0.07856345921754837,1.172672986984253,0.12883225083351135,0.044395510107278824,0.08538461476564407,0.04098910465836525,0.15527646243572235,0.14159291982650757,0.013683542609214783,0.38602906465530396,0.29530438780784607,0.31866654753685,0.9188303170485674,0.6417088043141946,0,0,0.5562788844108582,0.30946049094200134,0.00022596120834350586,-0.0008418262004852295,-0.0003811940550804138,0.0010135173797607422,0.0008411109447479248,-0.006846114993095398,-0.005198568105697632,0.03188959789244331
Stage1,S1_032,4.0,0.05,0.0,0.0,49,1.573324203491211,104,monotonic_hybrid,0.7196992039680481,0.22707754373550415,0.07220092415809631,1.2353335618972778,0.15033933520317078,0.06028549373149872,0.07999999821186066,0.01971450448036194,0.1827138364315033,0.18110236525535583,0.001611471176147461,0.38307008147239685,0.2949066162109375,0.32202330231666565,0.9196412799551924,0.6683915083092284,0,0,0.5562871694564819,0.3095552921295166,0.0016565322875976562,-0.0011699944734573364,-0.0003884658217430115,0.005635619163513184,-0.0006738901138305664,-0.012755956500768661,-0.02890409529209137,0.2307010924184824
Stage1,S1_032,4.0,0.05,0.0,0.0,43,1.505415916442871,105,monotonic_hybrid,0.7030990123748779,0.22010718286037445,0.07116533815860748,1.1445863246917725,0.12996110320091248,0.05469198524951935,0.07538461685180664,0.020692631602287292,0.1976173371076584,0.1376146674156189,0.06000266969203949,0.39046379923820496,0.29488691687583923,0.3146492838859558,0.9175756602271448,0.670707919759408,0,0,0.5562975406646729,0.3095783591270447,0.0014929771423339844,0.00022192299365997314,0.00020323693752288818,0.0046160221099853516,0.002612680196762085,-0.00781514123082161,0.026000618934631348,0.2127942274383578
Stage1,S1_032,4.0,0.05,0.0,0.0,50,1.4562044143676758,106,monotonic_hybrid,0.7452160120010376,0.22512924671173096,0.07656645774841309,1.19403874874115,0.12253016233444214,0.04955710843205452,0.08384615182876587,0.03428904339671135,0.19276054203510284,0.14851485192775726,0.04424569010734558,0.38585445284843445,0.2975651025772095,0.31658047437667847,0.9181691863020385,0.6670555963551891,0,0,0.5562760233879089,0.30944424867630005,0.0007522702217102051,0.00016011297702789307,-0.00020887702703475952,0.0064697265625,0.0016649961471557617,-0.007185447961091995,0.03486102819442749,0.10104860445079832
Stage1,S1_032,4.0,0.05,0.0,0.0,42,1.6130725145339966,107,monotonic_hybrid,0.7793058753013611,0.2235892415046692,0.09073838591575623,1.2828248739242554,0.15309755504131317,0.049227770417928696,0.10076922923326492,0.05154145881533623,0.1701236218214035,0.19130434095859528,0.021180719137191772,0.381525456905365,0.29724961519241333,0.3212249279022217,0.9244061604337533,0.6766242169422402,0,0,0.5563017129898071,0.30958008766174316,-0.0007222294807434082,0.00020506978034973145,-0.0009214058518409729,-0.0007541179656982422,-0.0019766539335250854,-0.008235745131969452,-0.026481449604034424,-0.09259018698373157
Stage1,S1_032,4.0,0.05,0.0,0.0,50,1.463527798652649,108,monotonic_hybrid,0.7350417971611023,0.22291739284992218,0.08292321115732193,1.2919059991836548,0.1900743991136551,0.051355451345443726,0.0930769219994545,0.04172147065401077,0.18412213027477264,0.25,0.06587786972522736,0.3858366906642914,0.29459527134895325,0.319568008184433,0.9196236758041377,0.6907897120893588,0,0,0.5562763214111328,0.30944836139678955,-0.00023299455642700195,-0.000502362847328186,-0.000745527446269989,-0.0013359785079956055,-0.004825234413146973,-0.007995661348104477,-0.02934427559375763,-0.03168809254057924
Stage1,S1_032,4.0,0.05,0.0,0.0,40,1.520439863204956,109,monotonic_hybrid,0.7260573506355286,0.22136946022510529,0.08137809485197067,1.0626826286315918,0.13683129847049713,0.04692642763257027,0.08769230544567108,0.040765877813100815,0.17695912718772888,0.1599999964237213,0.01695913076400757,0.38487207889556885,0.29688799381256104,0.31823989748954773,0.9195202539118575,0.6976874790760196,0,0,0.5563094019889832,0.30963730812072754,0.0013189315795898438,-9.684264659881592e-05,-0.00015226751565933228,0.006240963935852051,0.000554889440536499,-0.006161540746688843,0.007855638861656189,0.181987258424621
Stage1,S1_032,4.0,0.05,0.0,0.0,44,1.543487787246704,110,monotonic_hybrid,0.7096903324127197,0.2196212112903595,0.07478338479995728,1.2567548751831055,0.15758191049098969,0.05396050214767456,0.08538461476564407,0.03142411261796951,0.1792324185371399,0.19658119976520538,0.01734878122806549,0.38149771094322205,0.29555174708366394,0.322950541973114,0.929685897704333,0.667725030469367,0,0,0.5562936067581177,0.3095445930957794,0.0003204941749572754,0.00034706294536590576,-0.000993184745311737,-0.0004050731658935547,-0.0021957606077194214,-0.01048291102051735,-0.030817896127700806,0.04518012434155031
Stage1,S1_033,4.0,0.1,0.0,0.0,43,1.5186207294464111,101,monotonic_hybrid,0.7694298028945923,0.23085471987724304,0.07828832417726517,1.2431013584136963,0.15675176680088043,0.05338383466005325,0.08692307770252228,0.033539243042469025,0.1852983832359314,0.19847328960895538,0.013174906373023987,0.36446571350097656,0.2959544360637665,0.3395797908306122,0.9233658244527474,0.6443060214907866,0,0,0.5570274591445923,0.30343180894851685,0.00038486719131469727,-0.00034621357917785645,-0.0005621537566184998,0.000213623046875,-0.002392485737800598,-0.009372398257255554,-0.03345881402492523,0.050044824879152634
Stage1,S1_033,4.0,0.1,0.0,0.0,43,1.3961853981018066,102,monotonic_hybrid,0.7367304563522339,0.21700698137283325,0.07932240515947342,1.4777079820632935,0.19873970746994019,0.04469253122806549,0.08923076838254929,0.044538237154483795,0.1710292249917984,0.2539682686328888,0.0829390436410904,0.3679563105106354,0.29592233896255493,0.3361213207244873,0.92791665897512,0.636918010525927,0,0,0.5570182800292969,0.30338436365127563,-0.0007835626602172852,-8.556246757507324e-05,-0.0011730119585990906,-0.015556931495666504,-0.006735220551490784,-0.00890965387225151,-0.03338839113712311,-0.10624376486653016
Stage1,S1_033,4.0,0.1,0.0,0.0,50,1.4605088233947754,103,monotonic_hybrid,0.7088624835014343,0.2220059633255005,0.07854346930980682,1.1727851629257202,0.12888620793819427,0.044802963733673096,0.08538461476564407,0.04058165103197098,0.15665902197360992,0.14159291982650757,0.015066102147102356,0.37010419368743896,0.2956576645374298,0.33423811197280884,0.9215329492195896,0.6382309099923829,0,0,0.5569609999656677,0.30315566062927246,0.00028908252716064453,-0.0008135735988616943,-0.00040118396282196045,0.0011256933212280273,0.0008950680494308472,-0.00725356861948967,-0.0038160085678100586,0.040797823734727
Stage1,S1_033,4.0,0.1,0.0,0.0,49,1.5702991485595703,104,monotonic_hybrid,0.7198666334152222,0.22710169851779938,0.07219484448432922,1.2357053756713867,0.15035191178321838,0.060982268303632736,0.07999999821186066,0.01901772990822792,0.18429936468601227,0.18110236525535583,0.003196999430656433,0.3674468696117401,0.2951432168483734,0.3374099135398865,0.9222824000996807,0.6652844048090266,0,0,0.5570078492164612,0.30335134267807007,0.0018239617347717285,-0.0011458396911621094,-0.0003945454955101013,0.00600743293762207,-0.000661313533782959,-0.01345273107290268,-0.027318567037582397,0.2540185711391041
Stage1,S1_033,4.0,0.1,0.0,0.0,43,1.5015718936920166,105,monotonic_hybrid,0.7032448649406433,0.22014056146144867,0.07118349522352219,1.1449943780899048,0.13016101717948914,0.05529730021953583,0.07538461685180664,0.020087316632270813,0.1992669552564621,0.1376146674156189,0.0616522878408432,0.3748617470264435,0.2952284812927246,0.3299097716808319,0.9200436231982986,0.6678099322827479,0,0,0.5570236444473267,0.30340710282325745,0.0016388297080993652,0.0002553015947341919,0.00022139400243759155,0.005024075508117676,0.002812594175338745,-0.008420456200838089,0.02765023708343506,0.23358261272028297
Stage1,S1_033,4.0,0.1,0.0,0.0,50,1.450993537902832,106,monotonic_hybrid,0.7452726364135742,0.22515049576759338,0.07655374705791473,1.1947420835494995,0.1227058619260788,0.050011761486530304,0.08384615182876587,0.033834390342235565,0.19451726973056793,0.14851485192775726,0.04600241780281067,0.3699437379837036,0.29795169830322266,0.3321045935153961,0.9207863132012832,0.6640956449966313,0,0,0.5569517612457275,0.30312106013298035,0.0008088946342468262,0.00018136203289031982,-0.00022158771753311157,0.007173061370849609,0.0018406957387924194,-0.0076401010155677795,0.03661775588989258,0.10865467165848855
Stage1,S1_033,4.0,0.1,0.0,0.0,42,1.6097314357757568,107,monotonic_hybrid,0.7792901396751404,0.2236241102218628,0.09069646894931793,1.282651662826538,0.15302903950214386,0.04968070238828659,0.10076922923326492,0.05108852684497833,0.17144589126110077,0.19130434095859528,0.019858449697494507,0.3660491108894348,0.297351598739624,0.33659932017326355,0.9268168196884918,0.6738171903612711,0,0,0.5570290088653564,0.30341488122940063,-0.0007379651069641113,0.00023993849754333496,-0.0009633228182792664,-0.0009273290634155273,-0.002045169472694397,-0.008688677102327347,-0.02780371904373169,-0.09460750227330038
Stage1,S1_033,4.0,0.1,0.0,0.0,50,1.458848476409912,108,monotonic_hybrid,0.7350883483886719,0.22295509278774261,0.0828968957066536,1.2918106317520142,0.18990470468997955,0.05173058062791824,0.0930769219994545,0.041346341371536255,0.18537315726280212,0.25,0.06462684273719788,0.36997029185295105,0.2949245274066925,0.33510518074035645,0.9221208259298803,0.6882703628397844,0,0,0.5569530129432678,0.30312880873680115,-0.00018644332885742188,-0.00046466290950775146,-0.000771842896938324,-0.0014313459396362305,-0.00499492883682251,-0.008370790630578995,-0.03059530258178711,-0.02535695918826602
Stage1,S1_033,4.0,0.1,0.0,0.0,40,1.5172977447509766,109,monotonic_hybrid,0.7261413335800171,0.22141042351722717,0.08135326951742172,1.063060998916626,0.1368839293718338,0.04748527705669403,0.08769230544567108,0.04020702838897705,0.17868396639823914,0.1599999964237213,0.018683969974517822,0.36945879459381104,0.2970162034034729,0.3335249722003937,0.9220712331312315,0.6948708067164232,0,0,0.5570570230484009,0.3035341501235962,0.0014029145240783691,-5.587935447692871e-05,-0.00017709285020828247,0.0066193342208862305,0.0006075203418731689,-0.006720390170812607,0.009580478072166443,0.19357529381508967
Stage1,S1_033,4.0,0.1,0.0,0.0,44,1.539506196975708,110,monotonic_hybrid,0.709692120552063,0.2196444422006607,0.07474314421415329,1.2567507028579712,0.15751855075359344,0.05447433888912201,0.08538461476564407,0.030910275876522064,0.1808972954750061,0.19658119976520538,0.01568390429019928,0.36592739820480347,0.2957107722759247,0.33836182951927185,0.9320637287286241,0.6652634638966615,0,0,0.5570067167282104,0.30333685874938965,0.0003222823143005371,0.00037029385566711426,-0.0010334253311157227,-0.00040924549102783203,-0.0022591203451156616,-0.010996747761964798,-0.03248277306556702,0.04543219868230659
Stage1,S1_034,4.0,0.2,0.0,0.0,43,1.5106207132339478,101,monotonic_hybrid,0.7695620656013489,0.23091839253902435,0.0782400444149971,1.243194818496704,0.15664531290531158,0.05457152798771858,0.08692307770252228,0.032351549714803696,0.1887284368276596,0.19847328960895538,0.009744852781295776,0.3339170813560486,0.2948874533176422,0.3711954653263092,0.9283731236485888,0.6377588801852857,0,0,0.5553789734840393,0.2894628047943115,0.0005171298980712891,-0.0002825409173965454,-0.0006104335188865662,0.0003070831298828125,-0.002498939633369446,-0.010560091584920883,-0.03688886761665344,0.06724313158611248
Stage1,S1_034,4.0,0.2,0.0,0.0,48,1.3846994638442993,102,monotonic_hybrid,0.7367732524871826,0.21689453721046448,0.07925835251808167,1.4784995317459106,0.19874726235866547,0.04671376198530197,0.08923076838254929,0.042517006397247314,0.17539937794208527,0.2539682686328888,0.07856889069080353,0.3365286886692047,0.29538753628730774,0.36808374524116516,0.9325960793025245,0.6310219711370547,0,0,0.5552024245262146,0.2889910638332367,-0.0007407665252685547,-0.00019800662994384766,-0.0012370645999908447,-0.014765381813049316,-0.006727665662765503,-0.010930884629487991,-0.03775854408740997,-0.10044100941436458
Stage1,S1_034,4.0,0.2,0.0,0.0,50,1.4501482248306274,103,monotonic_hybrid,0.708992063999176,0.22206327319145203,0.07850576192140579,1.173029899597168,0.12900017201900482,0.04560494422912598,0.08538461476564407,0.0397796705365181,0.1593492180109024,0.14159291982650757,0.017756298184394836,0.3387509882450104,0.2950933873653412,0.3661556541919708,0.9267144907517828,0.6314207643278595,0,0,0.5551546216011047,0.28885960578918457,0.00041866302490234375,-0.0007562637329101562,-0.00043889135122299194,0.0013704299926757812,0.001009032130241394,-0.00805554911494255,-0.0011258125305175781,0.05908534307478813
Stage1,S1_034,4.0,0.2,0.0,0.0,49,1.5639305114746094,104,monotonic_hybrid,0.7202205061912537,0.22715261578559875,0.07218751311302185,1.2364789247512817,0.15039077401161194,0.062388140708208084,0.07999999821186066,0.017611857503652573,0.18743491172790527,0.18110236525535583,0.0063325464725494385,0.33663979172706604,0.29434463381767273,0.3690156042575836,0.9273335782064998,0.6591391705092362,0,0,0.5553349852561951,0.2892686128616333,0.0021778345108032227,-0.001094922423362732,-0.00040187686681747437,0.00678098201751709,-0.0006224513053894043,-0.014858603477478027,-0.024183019995689392,0.30330154414171384
Stage1,S1_034,4.0,0.2,0.0,0.0,49,1.4935414791107178,105,monotonic_hybrid,0.7046202421188354,0.22025667130947113,0.07149231433868408,1.1507889032363892,0.13269302248954773,0.06072117015719414,0.07538461685180664,0.014663446694612503,0.21490156650543213,0.1376146674156189,0.07728689908981323,0.3431560695171356,0.2950548529624939,0.3617890477180481,0.9249708125049968,0.6621524158088872,0,0,0.5551943778991699,0.28895318508148193,0.003014206886291504,0.00037141144275665283,0.0005302131175994873,0.01081860065460205,0.005344599485397339,-0.013844326138496399,0.04328484833240509,0.4296153018826954
Stage1,S1_034,4.0,0.2,0.0,0.0,50,1.4403573274612427,106,monotonic_hybrid,0.7453919649124146,0.22519317269325256,0.07653030753135681,1.1961783170700073,0.12306983768939972,0.050908226519823074,0.08384615182876587,0.032937925308942795,0.19793565571308136,0.14851485192775726,0.0494208037853241,0.33862099051475525,0.2974437475204468,0.3639352321624756,0.9258083040874151,0.6582793033789481,0,0,0.5551244616508484,0.2887840270996094,0.0009282231330871582,0.0002240389585494995,-0.00024502724409103394,0.008609294891357422,0.0022046715021133423,-0.00853656604886055,0.040036141872406006,0.1246834575003789
Stage1,S1_034,4.0,0.2,0.0,0.0,42,1.6027348041534424,107,monotonic_hybrid,0.7792642712593079,0.22369079291820526,0.09061574190855026,1.2823220491409302,0.1529083549976349,0.050589680671691895,0.10076922923326492,0.05017954856157303,0.17404019832611084,0.19130434095859528,0.017264142632484436,0.335582971572876,0.29632362723350525,0.3680934011936188,0.9314213350660325,0.668314556882193,0,0,0.5553756952285767,0.2894493341445923,-0.0007638335227966309,0.0003066211938858032,-0.001044049859046936,-0.0012569427490234375,-0.002165853977203369,-0.00959765538573265,-0.03039802610874176,-0.09792384634781878
Stage1,S1_034,4.0,0.2,0.0,0.0,50,1.4491826295852661,108,monotonic_hybrid,0.735182523727417,0.2230309545993805,0.08284639567136765,1.291627049446106,0.18958337604999542,0.05248069018125534,0.0930769219994545,0.04059623181819916,0.18781806528568268,0.25,0.06218193471431732,0.3387245535850525,0.2943267226219177,0.3669487237930298,0.9269161018093698,0.6832912307775102,0,0,0.5551276206970215,0.288795530796051,-9.226799011230469e-05,-0.00038880109786987305,-0.0008223429322242737,-0.0016149282455444336,-0.005316257476806641,-0.009120900183916092,-0.033040210604667664,-0.012548776478080498
Stage1,S1_034,4.0,0.2,0.0,0.0,40,1.5107871294021606,109,monotonic_hybrid,0.7263197898864746,0.22149638831615448,0.0813051089644432,1.0638453960418701,0.13700000941753387,0.04861026629805565,0.08769230544567108,0.03908203914761543,0.1820847988128662,0.1599999964237213,0.022084802389144897,0.33905887603759766,0.2960496246814728,0.36489149928092957,0.9269553372628325,0.6893007800508343,0,0,0.5554720163345337,0.2897005081176758,0.0015813708305358887,3.0085444450378418e-05,-0.0002252534031867981,0.007403731346130371,0.0007236003875732422,-0.007845379412174225,0.012981310486793518,0.2181988409826292
Stage1,S1_034,4.0,0.2,0.0,0.0,44,1.5312755107879639,110,monotonic_hybrid,0.7097072005271912,0.2196916788816452,0.07466702908277512,1.2567830085754395,0.15741099417209625,0.05549892038106918,0.08538461476564407,0.02988569438457489,0.1841672658920288,0.19658119976520538,0.012413933873176575,0.3352748453617096,0.29479366540908813,0.3699314594268799,0.9365739032609465,0.6604435821636575,0,0,0.5553060173988342,0.2892669439315796,0.00033736228942871094,0.00041753053665161133,-0.0011095404624938965,-0.0003769397735595703,-0.002366676926612854,-0.012021329253911972,-0.03575274348258972,0.04755802562268454
Stage1,S1_035,4.0,0.4,0.0,0.0,43,1.4940904378890991,101,monotonic_hybrid,0.7698747515678406,0.2310560941696167,0.07816070318222046,1.2435338497161865,0.1565103530883789,0.05688732489943504,0.08692307770252228,0.030035752803087234,0.19522669911384583,0.19847328960895538,0.003246590495109558,0.27568602561950684,0.28786763548851013,0.43644633889198303,0.9375357551554308,0.6252050758789692,0,0,0.5402880311012268,0.2562229037284851,0.0008298158645629883,-0.00014483928680419922,-0.000689774751663208,0.0006461143493652344,-0.002633899450302124,-0.012875888496637344,-0.04338712990283966,0.1079021297766088
Stage1,S1_035,4.0,0.4,0.0,0.0,48,1.3610866069793701,102,monotonic_hybrid,0.7368281483650208,0.21712441742420197,0.07905533909797668,1.4758374691009521,0.19766439497470856,0.04880647361278534,0.08923076838254929,0.04042429476976395,0.18214209377765656,0.2539682686328888,0.07182617485523224,0.2774388790130615,0.2889733612537384,0.4335877299308777,0.9409652860841696,0.6198505314870357,0,0,0.5397344827651978,0.2551978528499603,-0.0006858706474304199,3.187358379364014e-05,-0.0014400780200958252,-0.017427444458007812,-0.007810533046722412,-0.01302359625697136,-0.04450125992298126,-0.09299764204466474
Stage1,S1_035,4.0,0.4,0.0,0.0,50,1.4290410280227661,103,monotonic_hybrid,0.7092562317848206,0.22217951714992523,0.07843788713216782,1.1735644340515137,0.12923505902290344,0.0471341572701931,0.08538461476564407,0.038250457495450974,0.1643102914094925,0.14159291982650757,0.022717371582984924,0.27904200553894043,0.28890061378479004,0.43205735087394714,0.9361575134508453,0.618414783207238,0,0,0.5395774841308594,0.2549028992652893,0.000682830810546875,-0.0006400197744369507,-0.000506766140460968,0.0019049644470214844,0.0012439191341400146,-0.009584762156009674,0.0038352608680725098,0.09636698323815103
Stage1,S1_035,4.0,0.4,0.0,0.0,49,1.5501867532730103,104,monotonic_hybrid,0.720982015132904,0.22726142406463623,0.07219318300485611,1.2380903959274292,0.15051862597465515,0.0651765763759613,0.07999999821186066,0.014823421835899353,0.193412646651268,0.18110236525535583,0.01231028139591217,0.2778499126434326,0.28775128722190857,0.4343987703323364,0.9364939564384208,0.6472331457820384,0,0,0.5401262640953064,0.2557430863380432,0.0029393434524536133,-0.0009861141443252563,-0.00039620697498321533,0.00839245319366455,-0.0004945993423461914,-0.017647039145231247,-0.01820528507232666,0.40935498242390045
Stage1,S1_035,4.0,0.4,0.0,0.0,49,1.4769957065582275,105,monotonic_hybrid,0.7053641676902771,0.22043949365615845,0.07161086797714233,1.1528135538101196,0.13358692824840546,0.063009113073349,0.07538461685180664,0.012375503778457642,0.2208525538444519,0.1376146674156189,0.08323788642883301,0.2834829092025757,0.28928014636039734,0.4272368848323822,0.9339190587598907,0.6512425449703905,0,0,0.5396906137466431,0.2550767660140991,0.0037581324577331543,0.0005542337894439697,0.0006487667560577393,0.01284325122833252,0.006238505244255066,-0.01613226905465126,0.049235835671424866,0.5356471109156778
Stage1,S1_035,4.0,0.4,0.0,0.0,50,1.418612003326416,106,monotonic_hybrid,0.7456279397010803,0.2252754122018814,0.07648715376853943,1.1990797519683838,0.12381656467914581,0.05265165492892265,0.08384615182876587,0.031194496899843216,0.20431624352931976,0.14851485192775726,0.0558013916015625,0.2789735198020935,0.2913191318511963,0.4297073185443878,0.9350014132146481,0.6470699536528753,0,0,0.5394853353500366,0.2547405958175659,0.0011641979217529297,0.0003062784671783447,-0.00028818100690841675,0.011510729789733887,0.002951398491859436,-0.010279994457960129,0.04641672968864441,0.15638074179011113
Stage1,S1_035,4.0,0.4,0.0,0.0,42,1.5877197980880737,107,monotonic_hybrid,0.7792389392852783,0.22382207214832306,0.09046574681997299,1.2817469835281372,0.15271496772766113,0.05238313972949982,0.10076922923326492,0.048386089503765106,0.17899265885353088,0.19130434095859528,0.012311682105064392,0.2775512635707855,0.2893763482570648,0.43307235836982727,0.9397508901464326,0.6577594870227431,0,0,0.540313720703125,0.25628694891929626,-0.0007891654968261719,0.0004379004240036011,-0.0011940449476242065,-0.0018320083618164062,-0.002359241247177124,-0.011391114443540573,-0.035350486636161804,-0.10117141831019279
Stage1,S1_035,4.0,0.4,0.0,0.0,50,1.4290032386779785,108,monotonic_hybrid,0.7353978753089905,0.22319552302360535,0.08275239914655685,1.2913380861282349,0.18901284039020538,0.05395464226603508,0.0930769219994545,0.03912227973341942,0.1923813819885254,0.25,0.05761861801147461,0.27917397022247314,0.2881234884262085,0.43270254135131836,0.9356962406904327,0.6735648123940303,0,0,0.5394806861877441,0.2547353506088257,0.00012308359146118164,-0.00022423267364501953,-0.0009163394570350647,-0.0019038915634155273,-0.00588679313659668,-0.010594852268695831,-0.037603527307510376,0.016739808415527278
Stage1,S1_035,4.0,0.4,0.0,0.0,40,1.4970760345458984,109,monotonic_hybrid,0.7267130613327026,0.22168217599391937,0.08121602982282639,1.0654858350753784,0.1372697353363037,0.0508657842874527,0.08769230544567108,0.036826521158218384,0.18861064314842224,0.1599999964237213,0.028610646724700928,0.2809607982635498,0.28924962878227234,0.42978957295417786,0.9358318613468202,0.6784519202800988,0,0,0.5406036376953125,0.25679731369018555,0.001974642276763916,0.000215873122215271,-0.0003143325448036194,0.009044170379638672,0.0009933263063430786,-0.010100897401571274,0.01950715482234955,0.2724627568849091
Stage1,S1_035,4.0,0.4,0.0,0.0,44,1.514027714729309,110,monotonic_hybrid,0.7097769975662231,0.21978731453418732,0.07453371584415436,1.2569838762283325,0.15726833045482635,0.05750089883804321,0.08538461476564407,0.02788371592760086,0.19038014113903046,0.19658119976520538,0.006201058626174927,0.27689242362976074,0.2880507707595825,0.43505680561065674,0.9446114301552991,0.6511974297302494,0,0,0.5400772094726562,0.25583934783935547,0.00040715932846069336,0.0005131661891937256,-0.0012428537011146545,-0.0001760721206665039,-0.0025093406438827515,-0.014023307710886002,-0.04196561872959137,0.05739732739020461
Stage1,S1_036,5.0,0.005,0.0,0.0,43,1.7244393825531006,101,monotonic_hybrid,0.7694770097732544,0.23071855306625366,0.0782894641160965,1.2440615892410278,0.1567201316356659,0.053427621722221375,0.08692307770252228,0.0334954559803009,0.18592076003551483,0.19847328960895538,0.012552529573440552,0.3940170109272003,0.295448362827301,0.3105345666408539,0.9183609556576402,0.6506770642636719,0,0,0.5547481775283813,0.31462258100509644,0.00043207406997680664,-0.00048238039016723633,-0.0005610138177871704,0.001173853874206543,-0.0024241209030151367,-0.009416185319423676,-0.03408119082450867,0.05618320203639112
Stage1,S1_036,5.0,0.005,0.0,0.0,43,1.5902096033096313,102,monotonic_hybrid,0.7368466854095459,0.21695178747177124,0.07926832139492035,1.477404236793518,0.1984715610742569,0.04518624767661095,0.08923076838254929,0.04404452070593834,0.17237544059753418,0.2539682686328888,0.08159282803535461,0.3976443111896515,0.29521727561950684,0.3071383833885193,0.923331377011363,0.6427581342096069,0,0,0.5547484159469604,0.3146202266216278,-0.0006673336029052734,-0.00014075636863708496,-0.0012270957231521606,-0.015860676765441895,-0.007003366947174072,-0.009403370320796967,-0.03473460674285889,-0.09048419225967379
Stage1,S1_036,5.0,0.005,0.0,0.0,50,1.6638731956481934,103,monotonic_hybrid,0.7089590430259705,0.22196927666664124,0.0785369798541069,1.173026442527771,0.12894845008850098,0.044993992894887924,0.08538461476564407,0.04039062187075615,0.15774691104888916,0.14159291982650757,0.016153991222381592,0.40045997500419617,0.29462963342666626,0.3049103617668152,0.9163366785250224,0.6448789985686825,0,0,0.5547475814819336,0.31461042165756226,0.00038564205169677734,-0.0008502602577209473,-0.0004076734185218811,0.0013669729232788086,0.0009573101997375488,-0.007444597780704498,-0.0027281194925308228,0.05442513805436777
Stage1,S1_036,5.0,0.005,0.0,0.0,49,1.7845817804336548,104,monotonic_hybrid,0.7199057340621948,0.2269936203956604,0.07219260185956955,1.2361289262771606,0.15031833946704865,0.06089125573635101,0.07999999821186066,0.019108742475509644,0.18457196652889252,0.18110236525535583,0.003469601273536682,0.3972080647945404,0.29433175921440125,0.30846020579338074,0.9172012123515839,0.6712005620902319,0,0,0.5547467470169067,0.31461942195892334,0.0018630623817443848,-0.0012539178133010864,-0.0003967881202697754,0.006430983543395996,-0.0006948858499526978,-0.013361718505620956,-0.02704596519470215,0.25946402006780744
Stage1,S1_036,5.0,0.005,0.0,0.0,43,1.706836223602295,105,monotonic_hybrid,0.7032720446586609,0.22010505199432373,0.07118082046508789,1.1452672481536865,0.13011617958545685,0.055152200162410736,0.07538461685180664,0.020232416689395905,0.19923913478851318,0.1376146674156189,0.06162446737289429,0.40457966923713684,0.2942337393760681,0.3011866509914398,0.9153079523158281,0.6733464537941042,0,0,0.5547481179237366,0.31462135910987854,0.0016660094261169434,0.00021979212760925293,0.0002187192440032959,0.005296945571899414,0.0027677565813064575,-0.008275356143712997,0.027622416615486145,0.23745654148552936
Stage1,S1_036,5.0,0.005,0.0,0.0,50,1.649293303489685,106,monotonic_hybrid,0.7453647255897522,0.22512221336364746,0.07655911147594452,1.1948457956314087,0.12272118031978607,0.05005184933543205,0.08384615182876587,0.033794302493333817,0.19511565566062927,0.14851485192775726,0.04660080373287201,0.4002736806869507,0.29685768485069275,0.30286866426467896,0.915754619854168,0.6697488460468939,0,0,0.554747462272644,0.3146088719367981,0.0009009838104248047,0.00015307962894439697,-0.00021622329950332642,0.007276773452758789,0.0018560141324996948,-0.007680188864469528,0.03721614181995392,0.12102453885415318
Stage1,S1_036,5.0,0.005,0.0,0.0,42,1.826712727546692,107,monotonic_hybrid,0.7793498635292053,0.22358661890029907,0.09067006409168243,1.2835839986801147,0.15300489962100983,0.049914464354515076,0.10076922923326492,0.05085476487874985,0.17224344611167908,0.19130434095859528,0.0190608948469162,0.39555230736732483,0.29681113362312317,0.3076365888118744,0.922176767583049,0.6791822331341308,0,0,0.5547487735748291,0.3146213889122009,-0.0006782412528991699,0.00020244717597961426,-0.0009897276759147644,5.0067901611328125e-06,-0.00206930935382843,-0.008922439068555832,-0.028601273894309998,-0.08695087378789153
Stage1,S1_036,5.0,0.005,0.0,0.0,50,1.6607472896575928,108,monotonic_hybrid,0.7351230978965759,0.22280339896678925,0.08286257088184357,1.292665958404541,0.18974143266677856,0.05210400000214577,0.0930769219994545,0.04097292199730873,0.18659372627735138,0.25,0.06340627372264862,0.4002133309841156,0.29394614696502686,0.30584049224853516,0.9173215477840874,0.6930749249287315,0,0,0.554747462272644,0.3146093487739563,-0.00015169382095336914,-0.0006163567304611206,-0.000806167721748352,-0.000576019287109375,-0.0051582008600234985,-0.008744210004806519,-0.031815871596336365,-0.02063090189710263
Stage1,S1_036,5.0,0.005,0.0,0.0,40,1.722550868988037,109,monotonic_hybrid,0.7262740135192871,0.22133319079875946,0.08137908577919006,1.063732385635376,0.1368921399116516,0.0472431480884552,0.08769230544567108,0.04044915735721588,0.17864413559436798,0.1599999964237213,0.018644139170646667,0.3988233506679535,0.2964287996292114,0.30474790930747986,0.9171645523896732,0.7002389520264197,0,0,0.5547488927841187,0.31462687253952026,0.0015355944633483887,-0.0001331120729446411,-0.0001512765884399414,0.0072907209396362305,0.000615730881690979,-0.006478261202573776,0.009540647268295288,0.21188258038654692
Stage1,S1_036,5.0,0.005,0.0,0.0,33,1.7461676597595215,110,monotonic_hybrid,0.7101516723632812,0.2194894701242447,0.07454583048820496,1.2576050758361816,0.15761378407478333,0.05823175236582756,0.08538461476564407,0.027152862399816513,0.1868983507156372,0.19658119976520538,0.009682849049568176,0.3956787586212158,0.2950291037559509,0.30929213762283325,0.9274662861086697,0.6699671566318681,0,0,0.5547505617141724,0.3146435618400574,0.0007818341255187988,0.00021532177925109863,-0.0012307390570640564,0.0004451274871826172,-0.0021638870239257812,-0.014754161238670349,-0.03848382830619812,0.11021530425667016
Stage1,S1_037,5.0,0.01,0.0,0.0,43,1.7239634990692139,101,monotonic_hybrid,0.7694839835166931,0.23072141408920288,0.07828664034605026,1.2440701723098755,0.15671369433403015,0.05349401757121086,0.08692307770252228,0.03342906013131142,0.18611392378807068,0.19847328960895538,0.012359365820884705,0.3924528956413269,0.2955115735530853,0.31203553080558777,0.9186301237255762,0.6503382874052531,0,0,0.5549622774124146,0.31408798694610596,0.00043904781341552734,-0.0004795193672180176,-0.0005638375878334045,0.0011824369430541992,-0.002430558204650879,-0.009482581168413162,-0.034274354577064514,0.057090007752801354
Stage1,S1_037,5.0,0.01,0.0,0.0,43,1.589521884918213,102,monotonic_hybrid,0.7368462681770325,0.2169552594423294,0.07926392555236816,1.4773379564285278,0.19844478368759155,0.0452258326113224,0.08923076838254929,0.04400493577122688,0.17253240942955017,0.2539682686328888,0.08143585920333862,0.3960724472999573,0.29529085755348206,0.30863669514656067,0.9235790222436715,0.6424457561290692,0,0,0.554962694644928,0.31408315896987915,-0.0006677508354187012,-0.00013728439807891846,-0.0012314915657043457,-0.01592695713043213,-0.0070301443338394165,-0.009442955255508423,-0.03489157557487488,-0.09054076508441636
Stage1,S1_037,5.0,0.01,0.0,0.0,50,1.663249135017395,103,monotonic_hybrid,0.708966851234436,0.22197233140468597,0.0785348191857338,1.1730408668518066,0.12895473837852478,0.04503975063562393,0.08538461476564407,0.04034486413002014,0.15790311992168427,0.14159291982650757,0.016310200095176697,0.398852676153183,0.29472121596336365,0.30642610788345337,0.9166165872738075,0.6445249209911663,0,0,0.5549607872962952,0.3140634596347809,0.0003934502601623535,-0.0008472055196762085,-0.000409834086894989,0.0013813972473144531,0.0009635984897613525,-0.007490355521440506,-0.0025719106197357178,0.05552709989132638
Stage1,S1_037,5.0,0.01,0.0,0.0,49,1.7842199802398682,104,monotonic_hybrid,0.7199246883392334,0.22699598968029022,0.0721919983625412,1.2361727952957153,0.15031985938549042,0.06096804141998291,0.07999999821186066,0.019031956791877747,0.1847468912601471,0.18110236525535583,0.0036445260047912598,0.39563387632369995,0.2944123148918152,0.3099537491798401,0.9174752903727204,0.6708878186870855,0,0,0.5549595355987549,0.31408149003982544,0.001882016658782959,-0.0012515485286712646,-0.0003973916172981262,0.006474852561950684,-0.0006933659315109253,-0.013438504189252853,-0.02687104046344757,0.2621037346399533
Stage1,S1_037,5.0,0.01,0.0,0.0,43,1.7063668966293335,105,monotonic_hybrid,0.7032887935638428,0.2201087325811386,0.07118287682533264,1.1453150510787964,0.13013838231563568,0.05521951615810394,0.07538461685180664,0.020165100693702698,0.19942165911197662,0.1376146674156189,0.06180699169635773,0.4030083417892456,0.2943223714828491,0.30266931653022766,0.9155620729668604,0.6730518500400599,0,0,0.5549622774124146,0.31408557295799255,0.0016827583312988281,0.0002234727144241333,0.00022077560424804688,0.005344748497009277,0.0027899593114852905,-0.008342672139406204,0.027804940938949585,0.23984376513253425
Stage1,S1_037,5.0,0.01,0.0,0.0,50,1.6486560106277466,106,monotonic_hybrid,0.7453717589378357,0.22512444853782654,0.07655776292085648,1.1949281692504883,0.12274136394262314,0.050102293491363525,0.08384615182876587,0.033743858337402344,0.1953093558549881,0.14851485192775726,0.046794503927230835,0.39866766333580017,0.2969529926776886,0.3043793737888336,0.9160256567228304,0.6694482336595801,0,0,0.5549604296684265,0.3140604496002197,0.0009080171585083008,0.00015531480312347412,-0.00021757185459136963,0.007359147071838379,0.0018761977553367615,-0.007730633020401001,0.037409842014312744,0.12196929246521365
Stage1,S1_037,5.0,0.01,0.0,0.0,42,1.8263119459152222,107,monotonic_hybrid,0.7793484926223755,0.22359025478363037,0.09066551923751831,1.2835687398910522,0.15299798548221588,0.04996490478515625,0.10076922923326492,0.05080432444810867,0.17238952219486237,0.19130434095859528,0.01891481876373291,0.39398983120918274,0.2968759834766388,0.3091341555118561,0.9224272558686243,0.678896529735499,0,0,0.5549634695053101,0.31408563256263733,-0.0006796121597290039,0.00020608305931091309,-0.000994272530078888,-1.0251998901367188e-05,-0.0020762234926223755,-0.008972879499197006,-0.028747349977493286,-0.0871266247411494
Stage1,S1_037,5.0,0.01,0.0,0.0,50,1.6601804494857788,108,monotonic_hybrid,0.7351287603378296,0.22280721366405487,0.08285976946353912,1.2926605939865112,0.1897231936454773,0.05214539170265198,0.0930769219994545,0.04093153029680252,0.18673191964626312,0.25,0.06326808035373688,0.3986121416091919,0.2940346598625183,0.307353138923645,0.9175798605856278,0.692820156870934,0,0,0.5549604892730713,0.3140612840652466,-0.00014603137969970703,-0.0006125420331954956,-0.0008089691400527954,-0.0005813837051391602,-0.005176439881324768,-0.008785601705312729,-0.03195406496524811,-0.01986078964554084
Stage1,S1_037,5.0,0.01,0.0,0.0,40,1.7221708297729492,109,monotonic_hybrid,0.7262839078903198,0.22133749723434448,0.08137639611959457,1.063778042793274,0.1368982046842575,0.047304607927799225,0.08769230544567108,0.04038769751787186,0.17883411049842834,0.1599999964237213,0.01883411407470703,0.3972700238227844,0.29649579524993896,0.3062341511249542,0.9174290868317595,0.6999546914620477,0,0,0.5549638271331787,0.3140965700149536,0.0015454888343811035,-0.00012880563735961914,-0.0001539662480354309,0.00733637809753418,0.000621795654296875,-0.006539721041917801,0.009730622172355652,0.21324781379663763
Stage1,S1_037,5.0,0.01,0.0,0.0,33,1.745708703994751,110,monotonic_hybrid,0.7101566195487976,0.2194933146238327,0.0745418518781662,1.2576165199279785,0.1576094776391983,0.05829706788063049,0.08538461476564407,0.02708754688501358,0.18708062171936035,0.19658119976520538,0.009500578045845032,0.394176721572876,0.2950678765773773,0.3107553720474243,0.9277035174993267,0.6697124982464511,0,0,0.5549675226211548,0.31413036584854126,0.0007867813110351562,0.00021916627883911133,-0.0012347176671028137,0.0004565715789794922,-0.0021681934595108032,-0.014819476753473282,-0.038666099309921265,0.11091270993276253
Stage1,S1_038,5.0,0.02,0.0,0.0,43,1.7230088710784912,101,monotonic_hybrid,0.7694979906082153,0.2307271808385849,0.07828105986118317,1.2440881729125977,0.15670104324817657,0.05362676829099655,0.08692307770252228,0.033296309411525726,0.18649964034557343,0.19847328960895538,0.011973649263381958,0.38932687044143677,0.29562586545944214,0.3150472939014435,0.9191666246081202,0.6496618281083506,0,0,0.5553591251373291,0.3130001425743103,0.00045305490493774414,-0.00047375261783599854,-0.0005694180727005005,0.0012004375457763672,-0.0024432092905044556,-0.009615331888198853,-0.03466007113456726,0.05891136966183045
Stage1,S1_038,5.0,0.02,0.0,0.0,43,1.5881425142288208,102,monotonic_hybrid,0.7368454933166504,0.21696220338344574,0.07925517857074738,1.4772061109542847,0.19839151203632355,0.04530475288629532,0.08923076838254929,0.04392601549625397,0.17284545302391052,0.2539682686328888,0.08112281560897827,0.39293113350868225,0.2954259216785431,0.31164291501045227,0.9240722490559877,0.6418226629418604,0,0,0.5553597211837769,0.31299054622650146,-0.0006685256958007812,-0.00013034045696258545,-0.0012402385473251343,-0.016058802604675293,-0.007083415985107422,-0.009521875530481339,-0.03520461916923523,-0.0906458289017954
Stage1,S1_038,5.0,0.02,0.0,0.0,50,1.66199791431427,103,monotonic_hybrid,0.7089825868606567,0.22197848558425903,0.07853054255247116,1.1730703115463257,0.12896740436553955,0.0451311431825161,0.08538461476564407,0.040253471583127975,0.15821467339992523,0.14159291982650757,0.016621753573417664,0.3956405818462372,0.29489195346832275,0.3094674348831177,0.9171743113689053,0.6438181015652679,0,0,0.55535489320755,0.31295040249824524,0.00040918588638305664,-0.0008410513401031494,-0.0004141107201576233,0.001410841941833496,0.000976264476776123,-0.007581748068332672,-0.002260357141494751,0.057747847410082646
Stage1,S1_038,5.0,0.02,0.0,0.0,49,1.783491611480713,104,monotonic_hybrid,0.7199627161026001,0.22700075805187225,0.07219083607196808,1.2362608909606934,0.1503230333328247,0.0611218623816967,0.07999999821186066,0.018878135830163956,0.18509654700756073,0.18110236525535583,0.003994181752204895,0.3924872875213623,0.29456087946891785,0.31295186281204224,0.918021316285689,0.6702625956082556,0,0,0.5553539991378784,0.31298670172691345,0.0019200444221496582,-0.0012467801570892334,-0.00039855390787124634,0.006562948226928711,-0.0006901919841766357,-0.013592325150966644,-0.026521384716033936,0.26739976576268615
Stage1,S1_038,5.0,0.02,0.0,0.0,43,1.7054251432418823,105,monotonic_hybrid,0.7033224701881409,0.22011610865592957,0.07118700444698334,1.1454107761383057,0.13018283247947693,0.05535413324832916,0.07538461685180664,0.020030483603477478,0.19978611171245575,0.1376146674156189,0.06217144429683685,0.39986735582351685,0.29448771476745605,0.3056448996067047,0.9160687653454984,0.6724637043337522,0,0,0.5553590059280396,0.3129953145980835,0.0017164349555969238,0.0002308487892150879,0.00022490322589874268,0.005440473556518555,0.002834409475326538,-0.008477289229631424,0.02816939353942871,0.2446436987999996
Stage1,S1_038,5.0,0.02,0.0,0.0,50,1.647377610206604,106,monotonic_hybrid,0.7453858852386475,0.2251289188861847,0.07655508071184158,1.1950933933258057,0.1227819100022316,0.05020307004451752,0.08384615182876587,0.03364308178424835,0.1956956684589386,0.14851485192775726,0.047180816531181335,0.3954581916332245,0.29713112115859985,0.30741065740585327,0.9165656934993518,0.6688480245191927,0,0,0.555354118347168,0.3129442036151886,0.0009221434593200684,0.00015978515148162842,-0.0002202540636062622,0.007524371147155762,0.001916743814945221,-0.007831409573554993,0.037796154618263245,0.123866806073869
Stage1,S1_038,5.0,0.02,0.0,0.0,42,1.8255059719085693,107,monotonic_hybrid,0.7793458700180054,0.2235974818468094,0.09065645188093185,1.2835384607315063,0.15298430621623993,0.05006582289934158,0.10076922923326492,0.05070340633392334,0.1726812720298767,0.19130434095859528,0.018623068928718567,0.3908674716949463,0.2969937324523926,0.31213879585266113,0.9229261914438338,0.678326231203349,0,0,0.5553611516952515,0.31299567222595215,-0.0006822347640991211,0.0002133101224899292,-0.0010033398866653442,-4.0531158447265625e-05,-0.0020899027585983276,-0.00907379761338234,-0.02903909981250763,-0.08746284395607755
Stage1,S1_038,5.0,0.02,0.0,0.0,50,1.6590421199798584,108,monotonic_hybrid,0.7351401448249817,0.2228148877620697,0.08285418897867203,1.2926498651504517,0.18968690931797028,0.05222819373011589,0.0930769219994545,0.04084872826933861,0.1870076209306717,0.25,0.06299237906932831,0.3954123556613922,0.29419946670532227,0.3103881776332855,0.9180946341130011,0.6923112747895886,0,0,0.555354118347168,0.3129459619522095,-0.00013464689254760742,-0.0006048679351806641,-0.0008145496249198914,-0.0005921125411987305,-0.005212724208831787,-0.008868403732776642,-0.03222976624965668,-0.018312458697663982
Stage1,S1_038,5.0,0.02,0.0,0.0,40,1.7214077711105347,109,monotonic_hybrid,0.7263036966323853,0.2213461548089981,0.08137102425098419,1.063869595527649,0.13691046833992004,0.047427643090486526,0.08769230544567108,0.040264662355184555,0.17921359837055206,0.1599999964237213,0.01921360194683075,0.3941653072834015,0.2966179847717285,0.30921670794487,0.9179561298024203,0.6993867275787625,0,0,0.5553625822067261,0.31301766633987427,0.0015652775764465332,-0.00012014806270599365,-0.000159338116645813,0.00742793083190918,0.0006340593099594116,-0.0066627562046051025,0.01011011004447937,0.21597828061681903
Stage1,S1_038,5.0,0.02,0.0,0.0,33,1.7447869777679443,110,monotonic_hybrid,0.7101665735244751,0.2195010781288147,0.07453393936157227,1.2576401233673096,0.15760108828544617,0.05842767655849457,0.08538461476564407,0.026956938207149506,0.18744468688964844,0.19658119976520538,0.009136512875556946,0.3911744952201843,0.2951340973377228,0.3136914074420929,0.9281757657892498,0.6692043418837724,0,0,0.5553713440895081,0.3130866289138794,0.0007967352867126465,0.00022692978382110596,-0.0012426301836967468,0.0004801750183105469,-0.0021765828132629395,-0.014950085431337357,-0.03903016448020935,0.11231592376297247
Stage1,S1_039,5.0,0.05,0.0,0.0,43,1.7201220989227295,101,monotonic_hybrid,0.7695443034172058,0.23074719309806824,0.07826455682516098,1.2441730499267578,0.15666647255420685,0.05402711033821106,0.08692307770252228,0.03289596736431122,0.18764077126979828,0.19847328960895538,0.010832518339157104,0.3799689710140228,0.2958717346191406,0.32415932416915894,0.9207610844629706,0.6476414419291213,0,0,0.5562983751296997,0.3095893859863281,0.0004993677139282227,-0.00045374035835266113,-0.0005859211087226868,0.0012853145599365234,-0.002477779984474182,-0.01001567393541336,-0.035801202058792114,0.06493348967593941
Stage1,S1_039,5.0,0.05,0.0,0.0,43,1.5839756727218628,102,monotonic_hybrid,0.736844539642334,0.216983363032341,0.07922934740781784,1.4768153429031372,0.19823384284973145,0.0455392561852932,0.08923076838254929,0.04369151219725609,0.1737765222787857,0.2539682686328888,0.08019174635410309,0.38352933526039124,0.29573461413383484,0.3207360506057739,0.9255352827547086,0.6399666881478125,0,0,0.5562970638275146,0.30956554412841797,-0.0006694793701171875,-0.00010918080806732178,-0.0012660697102546692,-0.016449570655822754,-0.007241085171699524,-0.009756378829479218,-0.03613568842411041,-0.09077513821549268
Stage1,S1_039,5.0,0.05,0.0,0.0,50,1.658218502998352,103,monotonic_hybrid,0.7090302109718323,0.22199714183807373,0.07851791381835938,1.173160195350647,0.12900596857070923,0.04540419206023216,0.08538461476564407,0.03998042270541191,0.15914271771907806,0.14159291982650757,0.017549797892570496,0.38602736592292786,0.2953049838542938,0.31866762042045593,0.9188306200590322,0.6417087773733362,0,0,0.5562788248062134,0.3094598054885864,0.00045680999755859375,-0.0008223950862884521,-0.0004267394542694092,0.0015007257461547852,0.0010148286819458008,-0.007854796946048737,-0.001332312822341919,0.0644689734232882
Stage1,S1_039,5.0,0.05,0.0,0.0,49,1.78127121925354,104,monotonic_hybrid,0.7200789451599121,0.22701533138751984,0.07218780368566513,1.2365285158157349,0.15033391118049622,0.06158502399921417,0.07999999821186066,0.018414974212646484,0.18614335358142853,0.18110236525535583,0.005040988326072693,0.3830640912055969,0.29490533471107483,0.32203054428100586,0.9196420433902321,0.6683898135335462,0,0,0.5562873482704163,0.309552937746048,0.00203627347946167,-0.0012322068214416504,-0.00040158629417419434,0.006830573081970215,-0.000679314136505127,-0.014055486768484116,-0.025474578142166138,0.28358669474282583
Stage1,S1_039,5.0,0.05,0.0,0.0,43,1.702575445175171,105,monotonic_hybrid,0.7034245729446411,0.2201380580663681,0.07119965553283691,1.1457017660140991,0.13031670451164246,0.05575769767165184,0.07538461685180664,0.0196269191801548,0.20087425410747528,0.1376146674156189,0.06325958669185638,0.39046069979667664,0.294887512922287,0.31465181708335876,0.9175761262750958,0.6707076745030893,0,0,0.5562974214553833,0.3095771372318268,0.001818537712097168,0.0002527981996536255,0.00023755431175231934,0.005731463432312012,0.0029682815074920654,-0.008880853652954102,0.029257535934448242,0.25919641804312904
Stage1,S1_039,5.0,0.05,0.0,0.0,50,1.6435136795043945,106,monotonic_hybrid,0.7454286813735962,0.2251424491405487,0.07654718309640884,1.1955920457839966,0.12290458381175995,0.050504375249147415,0.08384615182876587,0.033341776579618454,0.19684568047523499,0.14851485192775726,0.04833082854747772,0.3858531713485718,0.2975655794143677,0.31658124923706055,0.9181694103783198,0.6670556002434542,0,0,0.5562758445739746,0.30944371223449707,0.0009649395942687988,0.0001733154058456421,-0.00022815167903900146,0.00802302360534668,0.0020394176244735718,-0.00813271477818489,0.03894616663455963,0.12961539160557595
Stage1,S1_039,5.0,0.05,0.0,0.0,42,1.8230535984039307,107,monotonic_hybrid,0.7793386578559875,0.22361929714679718,0.090629443526268,1.2834501266479492,0.1529444307088852,0.05036897957324982,0.10076922923326492,0.050400249660015106,0.17355340719223022,0.19130434095859528,0.01775093376636505,0.3815235197544098,0.29725033044815063,0.3212261497974396,0.9244064851987074,0.6766242352152319,0,0,0.5563015341758728,0.3095793128013611,-0.0006894469261169434,0.00023512542247772217,-0.0010303482413291931,-0.00012886524200439453,-0.002129778265953064,-0.009376954287290573,-0.029911234974861145,-0.08838744679712991
Stage1,S1_039,5.0,0.05,0.0,0.0,50,1.6555904150009155,108,monotonic_hybrid,0.7351750135421753,0.2228381335735321,0.08283763378858566,1.2926199436187744,0.18957975506782532,0.052476488053798676,0.0930769219994545,0.04060043394565582,0.1878286600112915,0.25,0.062171339988708496,0.3858354687690735,0.29459574818611145,0.31956878304481506,0.9196238809737054,0.690789735351806,0,0,0.5562763214111328,0.30944788455963135,-9.97781753540039e-05,-0.0005816221237182617,-0.0008311048150062561,-0.0006220340728759766,-0.005319878458976746,-0.009116698056459427,-0.03305080533027649,-0.013570188516994026
Stage1,S1_039,5.0,0.05,0.0,0.0,40,1.7190924882888794,109,monotonic_hybrid,0.7263641953468323,0.2213726043701172,0.08135505020618439,1.0641474723815918,0.13694831728935242,0.04779776185750961,0.08769230544567108,0.03989454358816147,0.18034832179546356,0.1599999964237213,0.02034832537174225,0.3848690092563629,0.29688867926597595,0.3182423412799835,0.9195207469940052,0.6976872701745667,0,0,0.5563092231750488,0.30963611602783203,0.0016257762908935547,-9.369850158691406e-05,-0.00017531216144561768,0.007705807685852051,0.0006719082593917847,-0.007032874971628189,0.01124483346939087,0.2243259427327351
Stage1,S1_039,5.0,0.05,0.0,0.0,44,1.7419052124023438,110,monotonic_hybrid,0.7099141478538513,0.21964006125926971,0.07470975071191788,1.257511854171753,0.1574402153491974,0.05496696010231972,0.08538461476564407,0.030417654663324356,0.18262320756912231,0.19658119976520538,0.013957992196083069,0.38149550557136536,0.29555246233940125,0.322952002286911,0.9296862349535608,0.667725030705976,0,0,0.5562933683395386,0.3095437288284302,0.0005443096160888672,0.00036591291427612305,-0.0010668188333511353,0.00035190582275390625,-0.0023374557495117188,-0.011489368975162506,-0.03420868515968323,0.07673142932621117
Stage1,S1_040,5.0,0.1,0.0,0.0,43,1.7152314186096191,101,monotonic_hybrid,0.7696217894554138,0.2307768315076828,0.07823821157217026,1.2442916631698608,0.15661151707172394,0.05469346418976784,0.08692307770252228,0.03222961351275444,0.18955565989017487,0.19847328960895538,0.008917629718780518,0.3644593358039856,0.29595544934272766,0.33958524465560913,0.9233668282701418,0.6443053634064154,0,0,0.5570268630981445,0.3034290075302124,0.0005768537521362305,-0.00042410194873809814,-0.0006122663617134094,0.0014039278030395508,-0.0025327354669570923,-0.010682027786970139,-0.0377160906791687,0.0750091087471642
Stage1,S1_040,5.0,0.1,0.0,0.0,43,1.5769418478012085,102,monotonic_hybrid,0.7368466258049011,0.21701939404010773,0.07918775081634521,1.4761812686920166,0.19797854125499725,0.04592203348875046,0.08923076838254929,0.04330873489379883,0.1752995401620865,0.2539682686328888,0.07866872847080231,0.3679514527320862,0.29592397809028625,0.33612459897994995,0.9279174293412058,0.6369179666078522,0,0,0.5570176839828491,0.3033822774887085,-0.0006673932075500488,-7.314980030059814e-05,-0.001307666301727295,-0.01708364486694336,-0.007496386766433716,-0.010139156132936478,-0.037658706307411194,-0.09049227409177987
Stage1,S1_040,5.0,0.1,0.0,0.0,50,1.6518421173095703,103,monotonic_hybrid,0.7091108560562134,0.22202852368354797,0.07849760353565216,1.1733167171478271,0.12907204031944275,0.04585505649447441,0.08538461476564407,0.03952955827116966,0.1606653779745102,0.14159291982650757,0.019072458148002625,0.37010079622268677,0.2956588864326477,0.33424028754234314,0.9215335574120161,0.6382308661230016,0,0,0.5569607615470886,0.3031541705131531,0.0005374550819396973,-0.000791013240814209,-0.00044704973697662354,0.001657247543334961,0.0010809004306793213,-0.008305661380290985,0.00019034743309020996,0.0758503044569141
Stage1,S1_040,5.0,0.1,0.0,0.0,49,1.7774540185928345,104,monotonic_hybrid,0.7202788591384888,0.22704052925109863,0.07218433916568756,1.2369846105575562,0.150356262922287,0.06236156076192856,0.07999999821186066,0.0176384374499321,0.1878778636455536,0.18110236525535583,0.006775498390197754,0.3674358129501343,0.2951413094997406,0.3374228775501251,0.9222838118175707,0.6652816864092757,0,0,0.5570070743560791,0.30334657430648804,0.00223618745803833,-0.001207008957862854,-0.0004050508141517639,0.007286667823791504,-0.0006569623947143555,-0.014832023531198502,-0.023740068078041077,0.311428212588666
Stage1,S1_040,5.0,0.1,0.0,0.0,49,1.6977392435073853,105,monotonic_hybrid,0.7045948505401611,0.22018028795719147,0.0714879259467125,1.151092529296875,0.13263487815856934,0.06049588695168495,0.07538461685180664,0.014888729900121689,0.21479089558124542,0.1376146674156189,0.07717622816562653,0.37438106536865234,0.2954331934452057,0.33018577098846436,0.9201283779501747,0.6678249984395065,0,0,0.5569713711738586,0.30320003628730774,0.0029888153076171875,0.00029502809047698975,0.0005258247256278992,0.01112222671508789,0.005286455154418945,-0.013619042932987213,0.043174177408218384,0.4259962368520047
Stage1,S1_040,5.0,0.1,0.0,0.0,50,1.6369869709014893,106,monotonic_hybrid,0.745502769947052,0.22516562044620514,0.07653485983610153,1.1964409351348877,0.12311364710330963,0.05100056156516075,0.08384615182876587,0.03284559026360512,0.1987406313419342,0.14851485192775726,0.05022577941417694,0.36994120478630066,0.2979525923728943,0.33210617303848267,0.9207867600884607,0.6640956657903108,0,0,0.5569514632225037,0.303119957447052,0.0010390281677246094,0.0001964867115020752,-0.00024047493934631348,0.008871912956237793,0.0022484809160232544,-0.008628901094198227,0.04084111750125885,0.13956733006784852
Stage1,S1_040,5.0,0.1,0.0,0.0,42,1.818852186203003,107,monotonic_hybrid,0.7793287634849548,0.22365567088127136,0.0905851423740387,1.2833093404769897,0.1528816521167755,0.05087488144636154,0.10076922923326492,0.04989434778690338,0.17499475181102753,0.19130434095859528,0.01630958914756775,0.3660452365875244,0.29735299944877625,0.33660173416137695,0.9268174567901344,0.6738172279636713,0,0,0.557028591632843,0.3034132122993469,-0.0006993412971496582,0.0002714991569519043,-0.0010746493935585022,-0.0002696514129638672,-0.002192556858062744,-0.009882856160402298,-0.03135257959365845,-0.08965591019890423
Stage1,S1_040,5.0,0.1,0.0,0.0,50,1.6497198343276978,108,monotonic_hybrid,0.7352306246757507,0.22287574410438538,0.08281096071004868,1.2925657033920288,0.18940700590610504,0.052891675382852554,0.0930769219994545,0.040185246616601944,0.1891852468252182,0.25,0.0608147531747818,0.36996784806251526,0.2949254512786865,0.3351067304611206,0.9221212401932711,0.6882704195699441,0,0,0.5569527745246887,0.3031277656555176,-4.416704177856445e-05,-0.0005440115928649902,-0.0008577778935432434,-0.000676274299621582,-0.0054926276206970215,-0.009531885385513306,-0.034407392144203186,-0.006006875562181943
Stage1,S1_040,5.0,0.1,0.0,0.0,40,1.715150237083435,109,monotonic_hybrid,0.7264686226844788,0.2214180827140808,0.0813288614153862,1.064620018005371,0.13701483607292175,0.04841764643788338,0.08769230544567108,0.039274659007787704,0.18222512304782867,0.1599999964237213,0.02222512662410736,0.3694527745246887,0.29701754450798035,0.3335297107696533,0.9220722014318321,0.6948704559230587,0,0,0.5570564866065979,0.3035314679145813,0.001730203628540039,-4.8220157623291016e-05,-0.00020150095224380493,0.008178353309631348,0.0007384270429611206,-0.007652759552001953,0.013121634721755981,0.2387349122175478
Stage1,S1_040,5.0,0.1,0.0,0.0,44,1.7368988990783691,110,monotonic_hybrid,0.7099317312240601,0.21966660022735596,0.07466782629489899,1.2575788497924805,0.15738271176815033,0.055536627769470215,0.08538461476564407,0.02984798699617386,0.18445304036140442,0.19658119976520538,0.012128159403800964,0.36592304706573486,0.2957121729850769,0.3383648097515106,0.9320643967388837,0.6652634791063072,0,0,0.5570061802864075,0.30333495140075684,0.0005618929862976074,0.0003924518823623657,-0.0011087432503700256,0.0004189014434814453,-0.002394959330558777,-0.012059036642313004,-0.03603851795196533,0.0792101603436479
Stage1,S1_041,5.0,0.2,0.0,0.0,43,1.7051995992660522,101,monotonic_hybrid,0.7697927355766296,0.2308400720357895,0.078191377222538,1.2445749044418335,0.15652811527252197,0.05600828304886818,0.08692307770252228,0.0309147946536541,0.1932699829339981,0.19847328960895538,0.005203306674957275,0.33390524983406067,0.29488953948020935,0.37120521068573,0.9283750262104817,0.6377579806880573,0,0,0.5553764700889587,0.28945672512054443,0.0007477998733520508,-0.0003608614206314087,-0.0006591007113456726,0.001687169075012207,-0.0026161372661590576,-0.01199684664607048,-0.04143041372299194,0.0972374745135278
Stage1,S1_041,5.0,0.2,0.0,0.0,48,1.5625187158584595,102,monotonic_hybrid,0.7369861602783203,0.21699601411819458,0.07910359650850296,1.4768867492675781,0.19788825511932373,0.04822298511862755,0.08923076838254929,0.04100778326392174,0.1803402155637741,0.2539682686328888,0.07362805306911469,0.3365204930305481,0.295390248298645,0.3680892586708069,0.932597412019336,0.631022007111476,0,0,0.5552008152008057,0.28898680210113525,-0.0005278587341308594,-9.652972221374512e-05,-0.0013918206095695496,-0.016378164291381836,-0.007586672902107239,-0.012440107762813568,-0.042699381709098816,-0.07157270513144615
Stage1,S1_041,5.0,0.2,0.0,0.0,50,1.6388592720031738,103,monotonic_hybrid,0.709274172782898,0.22209249436855316,0.07845842838287354,1.1736341714859009,0.1292008012533188,0.04673371836543083,0.08538461476564407,0.03865089640021324,0.16355286538600922,0.14159291982650757,0.021959945559501648,0.3387444019317627,0.2950955927371979,0.3661600351333618,0.9267156948854661,0.6314206976354806,0,0,0.5551533699035645,0.28885623812675476,0.0007007718086242676,-0.000727042555809021,-0.000486224889755249,0.0019747018814086914,0.0012096613645553589,-0.009184323251247406,0.0030778348445892334,0.09889897188642996
Stage1,S1_041,5.0,0.2,0.0,0.0,49,1.7694189548492432,104,monotonic_hybrid,0.7207010388374329,0.22709409892559052,0.07218343019485474,1.2379273176193237,0.15041646361351013,0.06392408162355423,0.07999999821186066,0.016075916588306427,0.19128863513469696,0.18110236525535583,0.010186269879341125,0.3366204500198364,0.2943425476551056,0.3690369725227356,0.927336088677133,0.6591356061246084,0,0,0.5553306341171265,0.2892586588859558,0.002658367156982422,-0.0011534392833709717,-0.0004059597849845886,0.008229374885559082,-0.0005967617034912109,-0.016394544392824173,-0.020329296588897705,0.3702241192380655
Stage1,S1_041,5.0,0.2,0.0,0.0,49,1.687650442123413,105,monotonic_hybrid,0.7050138711929321,0.22027958929538727,0.07155341655015945,1.1522570848464966,0.1331373006105423,0.061802297830581665,0.07538461685180664,0.013582319021224976,0.21821148693561554,0.1376146674156189,0.08059681951999664,0.34314674139022827,0.2950569689273834,0.3617962598800659,0.9249722843312461,0.6621520687569,0,0,0.5551924109458923,0.2889484167098999,0.0034078359603881836,0.00039432942867279053,0.0005913153290748596,0.012286782264709473,0.005788877606391907,-0.014925453811883926,0.0465947687625885,0.48571930531621965
Stage1,S1_041,5.0,0.2,0.0,0.0,50,1.6236600875854492,106,monotonic_hybrid,0.7456507682800293,0.22521062195301056,0.07651127874851227,1.1981440782546997,0.12353796511888504,0.051981065422296524,0.08384615182876587,0.031865086406469345,0.20238523185253143,0.14851485192775726,0.05387037992477417,0.33861619234085083,0.29744547605514526,0.3639383614063263,0.9258091706583497,0.6582793438133402,0,0,0.5551234483718872,0.2887815535068512,0.0011870265007019043,0.00024148821830749512,-0.0002640560269355774,0.010575056076049805,0.0026727989315986633,-0.009609404951334,0.04448571801185608,0.15944718783279047
Stage1,S1_041,5.0,0.2,0.0,0.0,42,1.8100513219833374,107,monotonic_hybrid,0.7793171405792236,0.22372853755950928,0.09049941599369049,1.2830538749694824,0.15276999771595,0.05188558250665665,0.10076922923326492,0.048883646726608276,0.1778215765953064,0.19130434095859528,0.01348276436328888,0.3355754315853119,0.29632624983787537,0.36809831857681274,0.9314226224883771,0.6683146429339599,0,0,0.5553741455078125,0.2894454300403595,-0.0007109642028808594,0.00034436583518981934,-0.0011603757739067078,-0.0005251169204711914,-0.0023042112588882446,-0.010893557220697403,-0.03417940437793732,-0.09114597262869936
Stage1,S1_041,5.0,0.2,0.0,0.0,50,1.6376008987426758,108,monotonic_hybrid,0.7353569865226746,0.22295823693275452,0.0827590823173523,1.2924977540969849,0.18908241391181946,0.053714316338300705,0.0930769219994545,0.03936260566115379,0.19179284572601318,0.25,0.058207154273986816,0.3387196660041809,0.2943284511566162,0.3669518530368805,0.9269169444598825,0.683291344686072,0,0,0.5551265478134155,0.28879302740097046,8.219480514526367e-05,-0.0004615187644958496,-0.000909656286239624,-0.0007442235946655273,-0.005817219614982605,-0.010354526340961456,-0.03701499104499817,0.011178787314775843
Stage1,S1_041,5.0,0.2,0.0,0.0,40,1.7069816589355469,109,monotonic_hybrid,0.7266899347305298,0.22151397168636322,0.0812782421708107,1.0655946731567383,0.13715989887714386,0.049665674567222595,0.08769230544567108,0.038026630878448486,0.18591254949569702,0.1599999964237213,0.025912553071975708,0.3390474319458008,0.2960521876811981,0.3649003803730011,0.9269572128747597,0.6893002792279874,0,0,0.5554695725440979,0.289694607257843,0.0019515156745910645,4.766881465911865e-05,-0.0002521201968193054,0.009153008460998535,0.0008834898471832275,-0.008900787681341171,0.01680906116962433,0.26927172939626337
Stage1,S1_041,5.0,0.2,0.0,0.0,44,1.7265499830245972,110,monotonic_hybrid,0.7099807262420654,0.21972061693668365,0.07458940148353577,1.2577627897262573,0.15729044377803802,0.056669022887945175,0.08538461476564407,0.0287155918776989,0.18803103268146515,0.19658119976520538,0.008550167083740234,0.33526626229286194,0.29479631781578064,0.36993736028671265,0.9365752227057361,0.6604436549092176,0,0,0.5553042888641357,0.2892625033855438,0.0006108880043029785,0.0004464685916900635,-0.0011871680617332458,0.0006028413772583008,-0.0024872273206710815,-0.013191431760787964,-0.03961651027202606,0.08611699728036994
Stage1,S1_042,5.0,0.4,0.0,0.0,43,1.684466004371643,101,monotonic_hybrid,0.7701893448829651,0.23097844421863556,0.07811760902404785,1.245308756828308,0.15644866228103638,0.058563232421875,0.08692307770252228,0.028359845280647278,0.20024189352989197,0.19847328960895538,0.0017686039209365845,0.27566611766815186,0.28787121176719666,0.4364626705646515,0.9375392108495146,0.6252040450081765,0,0,0.5402798652648926,0.2562098205089569,0.0011444091796875,-0.00022248923778533936,-0.0007328689098358154,0.0024210214614868164,-0.0026955902576446533,-0.014551796019077301,-0.044865116477012634,0.14880914320578142
Stage1,S1_042,5.0,0.4,0.0,0.0,48,1.5329277515411377,102,monotonic_hybrid,0.7371265888214111,0.2172577828168869,0.07889343798160553,1.474183440208435,0.19676610827445984,0.05055874213576317,0.08923076838254929,0.03867202624678612,0.18768790364265442,0.2539682686328888,0.06628036499023438,0.2774234116077423,0.2889779508113861,0.43359866738319397,0.9409679655106398,0.6198506397269349,0,0,0.539728581905365,0.2551877200603485,-0.00038743019104003906,0.00016523897647857666,-0.00160197913646698,-0.019081473350524902,-0.00870881974697113,-0.014775864779949188,-0.050047069787979126,-0.05253190868952123
Stage1,S1_042,5.0,0.4,0.0,0.0,50,1.612390160560608,103,monotonic_hybrid,0.709609866142273,0.22222255170345306,0.07839272171258926,1.1743502616882324,0.12948474287986755,0.04840428754687309,0.08538461476564407,0.03698032721877098,0.16896465420722961,0.14159291982650757,0.027371734380722046,0.2790296673774719,0.2889043390750885,0.4320659935474396,0.9361599022521684,0.6184146595230309,0,0,0.5395729541778564,0.254894882440567,0.0010364651679992676,-0.0005969852209091187,-0.0005519315600395203,0.0026907920837402344,0.001493602991104126,-0.010854892432689667,0.008489623665809631,0.14627491895323047
Stage1,S1_042,5.0,0.4,0.0,0.0,49,1.7520955801010132,104,monotonic_hybrid,0.7216118574142456,0.22720853984355927,0.07220570743083954,1.2398955821990967,0.15059472620487213,0.0670214518904686,0.07999999821186066,0.01297854632139206,0.19775107502937317,0.18110236525535583,0.016648709774017334,0.277818888425827,0.28775063157081604,0.4344305396080017,0.9364984568433571,0.647229726179542,0,0,0.5401115417480469,0.25572270154953003,0.003569185733795166,-0.0010389983654022217,-0.0003836825489997864,0.010197639465332031,-0.0004184991121292114,-0.01949191465973854,-0.013866856694221497,0.49707153551781613
Stage1,S1_042,5.0,0.4,0.0,0.0,49,1.6668699979782104,105,monotonic_hybrid,0.7058720588684082,0.22047795355319977,0.07168804109096527,1.1546109914779663,0.1341084986925125,0.06429584324359894,0.07538461685180664,0.011088773608207703,0.22455920279026031,0.1376146674156189,0.08694453537464142,0.2834664583206177,0.289283812046051,0.4272496700286865,0.9339219029057787,0.6512422012042522,0,0,0.5396842360496521,0.2550661265850067,0.004266023635864258,0.0005926936864852905,0.0007259398698806763,0.0146406888961792,0.006760075688362122,-0.0174189992249012,0.052942484617233276,0.6080369069873102
Stage1,S1_042,5.0,0.4,0.0,0.0,50,1.5964112281799316,106,monotonic_hybrid,0.7459505200386047,0.22529886662960052,0.07646968215703964,1.2015674114227295,0.12440269440412521,0.05386948212981224,0.08384615182876587,0.02997666969895363,0.20912645757198334,0.14851485192775726,0.060611605644226074,0.2789647877216339,0.29132184386253357,0.4297133684158325,0.9350031127845627,0.647069968870264,0,0,0.5394821166992188,0.2547348141670227,0.0014867782592773438,0.00032973289489746094,-0.0003056526184082031,0.01399838924407959,0.0035375282168388367,-0.011497821658849716,0.05122694373130798,0.19971130571434223
Stage1,S1_042,5.0,0.4,0.0,0.0,42,1.7911632061004639,107,monotonic_hybrid,0.7793263792991638,0.22387543320655823,0.09034069627523422,1.2826448678970337,0.1525973677635193,0.053874675184488297,0.10076922923326492,0.04689455404877663,0.18319296836853027,0.19130434095859528,0.008111372590065002,0.2775369882583618,0.2893807291984558,0.4330822825431824,0.939753469259374,0.6577595795186411,0,0,0.5403084754943848,0.2562776207923889,-0.0007017254829406738,0.0004912614822387695,-0.001319095492362976,-0.0009341239929199219,-0.0024768412113189697,-0.012882649898529053,-0.039550796151161194,-0.08996156403065708
Stage1,S1_042,5.0,0.4,0.0,0.0,50,1.6123026609420776,108,monotonic_hybrid,0.7356309294700623,0.22313465178012848,0.08266406506299973,1.292427897453308,0.18851783871650696,0.05533073842525482,0.0930769219994545,0.037746183574199677,0.19661535322666168,0.25,0.05338464677333832,0.27916470170021057,0.2881264090538025,0.43270882964134216,0.9356979557169374,0.673564939161732,0,0,0.5394772291183472,0.25472936034202576,0.000356137752532959,-0.0002851039171218872,-0.0010046735405921936,-0.0008140802383422852,-0.006381794810295105,-0.011970948427915573,-0.04183749854564667,0.0484360074008598
Stage1,S1_042,5.0,0.4,0.0,0.0,47,1.6896722316741943,109,monotonic_hybrid,0.727984607219696,0.22242309153079987,0.08093962073326111,1.0696486234664917,0.13744984567165375,0.054054442793130875,0.08769230544567108,0.03363786265254021,0.19652962684631348,0.1599999964237213,0.03652963042259216,0.27876418828964233,0.29007047414779663,0.43116530776023865,0.9362676874017897,0.6784861526727377,0,0,0.5398402810096741,0.25537264347076416,0.0032461881637573242,0.0009567886590957642,-0.0005907416343688965,0.013206958770751953,0.0011734366416931152,-0.01328955590724945,0.027426138520240784,0.44791169867686675
Stage1,S1_042,5.0,0.4,0.0,0.0,44,1.7048648595809937,110,monotonic_hybrid,0.710124671459198,0.21983018517494202,0.07445516437292099,1.2582876682281494,0.15718913078308105,0.05886858329176903,0.08538461476564407,0.026516031473875046,0.19476737082004547,0.19658119976520538,0.0018138289451599121,0.2768765389919281,0.2880551815032959,0.435068279504776,0.9446139915937102,0.6511975642756747,0,0,0.5400711297988892,0.2558289170265198,0.0007548332214355469,0.0005560368299484253,-0.0013214051723480225,0.0011277198791503906,-0.0025885403156280518,-0.015390992164611816,-0.046352848410606384,0.10640898171125035
Stage1,S1_043,6.0,0.005,0.0,0.0,43,1.9229024648666382,101,monotonic_hybrid,0.7696459293365479,0.23065157234668732,0.07825075089931488,1.2451757192611694,0.15661554038524628,0.05442877486348152,0.08692307770252228,0.032494302839040756,0.18917518854141235,0.19847328960895538,0.00929810106754303,0.39401671290397644,0.2954484224319458,0.31053486466407776,0.9183610000344057,0.650677021749308,0,0,0.5547482371330261,0.31462252140045166,0.0006009936332702637,-0.0005493611097335815,-0.0005997270345687866,0.0022879838943481445,-0.0025287121534347534,-0.010417338460683823,-0.03733561933040619,0.07814805161166115
Stage1,S1_043,6.0,0.005,0.0,0.0,43,1.7736107110977173,102,monotonic_hybrid,0.7369772791862488,0.21696007251739502,0.07916435599327087,1.4763306379318237,0.1978900283575058,0.04614684358239174,0.08923076838254929,0.04308392480015755,0.17564429342746735,0.2539682686328888,0.07832397520542145,0.3976441025733948,0.295217365026474,0.3071385324001312,0.9233314093699387,0.642758128190324,0,0,0.5547484159469604,0.31462013721466064,-0.0005367398262023926,-0.00013247132301330566,-0.0013310611248016357,-0.01693427562713623,-0.007584899663925171,-0.010363966226577759,-0.03800345957279205,-0.07277689811525209
Stage1,S1_043,6.0,0.005,0.0,0.0,50,1.8575806617736816,103,monotonic_hybrid,0.7091666460037231,0.22198604047298431,0.07850176841020584,1.173492193222046,0.12908919155597687,0.04579868167638779,0.08538461476564407,0.03958593308925629,0.16083820164203644,0.14159291982650757,0.01924528181552887,0.400459885597229,0.29462969303131104,0.30491048097610474,0.9163367058534688,0.6448789948966582,0,0,0.5547475218772888,0.3146103620529175,0.0005932450294494629,-0.0008334964513778687,-0.0004428848624229431,0.001832723617553711,0.00109805166721344,-0.008249286562204361,0.0003631711006164551,0.08372386384159543
Stage1,S1_043,6.0,0.005,0.0,0.0,49,1.99312162399292,104,monotonic_hybrid,0.7202375531196594,0.2269415259361267,0.07218296825885773,1.2372013330459595,0.15031646192073822,0.06192556396126747,0.07999999821186066,0.018074434250593185,0.18730047345161438,0.18110236525535583,0.006198108196258545,0.39720749855041504,0.2943316102027893,0.30846086144447327,0.917201282409424,0.6712004015735418,0,0,0.5547468662261963,0.3146192133426666,0.0021948814392089844,-0.0013060122728347778,-0.0004064217209815979,0.007503390312194824,-0.0006967633962631226,-0.014396026730537415,-0.024317458271980286,0.30567562705880097
Stage1,S1_043,6.0,0.005,0.0,0.0,43,1.9048051834106445,105,monotonic_hybrid,0.7035552263259888,0.22013084590435028,0.07120699435472488,1.1462411880493164,0.1303899884223938,0.05600109323859215,0.07538461685180664,0.019383523613214493,0.20181697607040405,0.1376146674156189,0.06420230865478516,0.40457937121391296,0.2942337691783905,0.30118685960769653,0.9153079931600928,0.673346422477538,0,0,0.5547481179237366,0.31462132930755615,0.0019491910934448242,0.0002455860376358032,0.0002448931336402893,0.006270885467529297,0.003041565418243408,-0.00912424921989441,0.030200257897377014,0.27781846158133094
Stage1,S1_043,6.0,0.005,0.0,0.0,50,1.83773934841156,106,monotonic_hybrid,0.7455523014068604,0.22513079643249512,0.07654247432947159,1.1961863040924072,0.12302536517381668,0.050811268389225006,0.08384615182876587,0.03303488343954086,0.19830280542373657,0.14851485192775726,0.04978795349597931,0.4002735912799835,0.29685771465301514,0.30286869406700134,0.9157546392000739,0.6697488477183846,0,0,0.5547473430633545,0.3146088421344757,0.001088559627532959,0.00016166269779205322,-0.00023286044597625732,0.008617281913757324,0.002160198986530304,-0.008439607918262482,0.04040329158306122,0.14622063727794388
Stage1,S1_043,6.0,0.005,0.0,0.0,42,2.037368059158325,107,monotonic_hybrid,0.7794032692909241,0.22361008822917938,0.09058322757482529,1.2842401266098022,0.15289358794689178,0.050838783383369446,0.10076922923326492,0.04993044584989548,0.17498792707920074,0.19130434095859528,0.01631641387939453,0.3955521285533905,0.29681119322776794,0.30763667821884155,0.922176795754352,0.6791822264180376,0,0,0.5547487735748291,0.3146213889122009,-0.0006248354911804199,0.00022591650485992432,-0.0010765641927719116,0.0006611347198486328,-0.002180621027946472,-0.009846758097410202,-0.031345754861831665,-0.08010422795662772
Stage1,S1_043,6.0,0.005,0.0,0.0,50,1.853797197341919,108,monotonic_hybrid,0.7352657318115234,0.22273589670658112,0.0827939435839653,1.2934186458587646,0.18935760855674744,0.05301973968744278,0.0930769219994545,0.04005718231201172,0.18955574929714203,0.25,0.06044425070285797,0.40021324157714844,0.29394620656967163,0.3058405816555023,0.9173215679603461,0.6930749284734202,0,0,0.554747462272644,0.3146092891693115,-9.059906005859375e-06,-0.0006838589906692505,-0.0008747950196266174,0.0001766681671142578,-0.0055420249700546265,-0.009659949690103531,-0.034777894616127014,-0.0012321796024988602
Stage1,S1_043,6.0,0.005,0.0,0.0,40,1.9218827486038208,109,monotonic_hybrid,0.7265477776527405,0.22133713960647583,0.08135922998189926,1.065035104751587,0.13698409497737885,0.04793865606188774,0.08769230544567108,0.03975364938378334,0.1813381016254425,0.1599999964237213,0.02133810520172119,0.3988230526447296,0.2964288294315338,0.3047481179237366,0.9171645945797325,0.7002389292190329,0,0,0.5547488927841187,0.31462669372558594,0.0018093585968017578,-0.00012916326522827148,-0.0001711323857307434,0.008593440055847168,0.0007076859474182129,-0.007173769176006317,0.012234613299369812,0.24965677949827345
Stage1,S1_043,6.0,0.005,0.0,0.0,33,1.9453970193862915,110,monotonic_hybrid,0.7104484438896179,0.2195265144109726,0.07449034601449966,1.2584532499313354,0.1575438380241394,0.059263505041599274,0.08538461476564407,0.0261211097240448,0.18967631459236145,0.19658119976520538,0.006904885172843933,0.39567849040031433,0.2950291931629181,0.3092923164367676,0.9274663291148145,0.6699671424884528,0,0,0.5547506213188171,0.3146434426307678,0.0010786056518554688,0.0002523660659790039,-0.0012862235307693481,0.0012933015823364258,-0.002233833074569702,-0.015785913914442062,-0.04126179218292236,0.15205124234418718
Stage1,S1_044,6.0,0.01,0.0,0.0,43,1.9223299026489258,101,monotonic_hybrid,0.7696545720100403,0.23065431416034698,0.07824797183275223,1.2451934814453125,0.15661002695560455,0.05450042709708214,0.08692307770252228,0.03242265060544014,0.18938034772872925,0.19847328960895538,0.009092941880226135,0.39245229959487915,0.2955116629600525,0.31203603744506836,0.9186302164261265,0.6503382095760017,0,0,0.5549622774124146,0.31408774852752686,0.0006096363067626953,-0.0005466192960739136,-0.0006025061011314392,0.002305746078491211,-0.002534225583076477,-0.010488990694284439,-0.037540778517723083,0.07927187066191314
Stage1,S1_044,6.0,0.01,0.0,0.0,43,1.772783637046814,102,monotonic_hybrid,0.7369779944419861,0.21696382761001587,0.07915984094142914,1.4762635231018066,0.19786234200000763,0.046189356595277786,0.08923076838254929,0.0430414117872715,0.17581161856651306,0.2539682686328888,0.07815665006637573,0.39607205986976624,0.295291006565094,0.30863699316978455,0.9235790897120313,0.6424457495667479,0,0,0.5549626350402832,0.3140830099582672,-0.0005360245704650879,-0.00012871623039245605,-0.0013355761766433716,-0.01700139045715332,-0.00761258602142334,-0.010406479239463806,-0.03817078471183777,-0.07267991612997914
Stage1,S1_044,6.0,0.01,0.0,0.0,50,1.8568298816680908,103,monotonic_hybrid,0.7091761231422424,0.22198936343193054,0.07849960029125214,1.173511028289795,0.12909652292728424,0.04584796354174614,0.08538461476564407,0.039536651223897934,0.16100578010082245,0.14159291982650757,0.01941286027431488,0.3988524079322815,0.2947213053703308,0.3064262866973877,0.9166166344543051,0.6445249020631537,0,0,0.5549607276916504,0.3140633702278137,0.00060272216796875,-0.0008301734924316406,-0.00044505298137664795,0.0018515586853027344,0.001105383038520813,-0.008298568427562714,0.0005307495594024658,0.08506135950630091
Stage1,S1_044,6.0,0.01,0.0,0.0,49,1.9926841259002686,104,monotonic_hybrid,0.7202593684196472,0.22694392502307892,0.07218258082866669,1.2372528314590454,0.15031880140304565,0.06200873851776123,0.07999999821186066,0.017991259694099426,0.1874871701002121,0.18110236525535583,0.006384804844856262,0.3956328332424164,0.2944120764732361,0.30995506048202515,0.9174754294576014,0.6708874936653696,0,0,0.5549596548080444,0.3140811324119568,0.0022166967391967773,-0.0013036131858825684,-0.00040680915117263794,0.007554888725280762,-0.0006944239139556885,-0.014479201287031174,-0.02413076162338257,0.30871378911353486
Stage1,S1_044,6.0,0.01,0.0,0.0,43,1.9042397737503052,105,monotonic_hybrid,0.7035744190216064,0.22013479471206665,0.07120935618877411,1.1462968587875366,0.1304141879081726,0.05607377365231514,0.07538461685180664,0.0193108431994915,0.20201097428798676,0.1376146674156189,0.06439630687236786,0.4030078053474426,0.2943224608898163,0.3026697337627411,0.9155621532963412,0.6730518120181588,0,0,0.5549622774124146,0.3140854239463806,0.0019683837890625,0.00024953484535217285,0.00024725496768951416,0.006326556205749512,0.003065764904022217,-0.009196929633617401,0.030394256114959717,0.28055399899889527
Stage1,S1_044,6.0,0.01,0.0,0.0,50,1.8369730710983276,106,monotonic_hybrid,0.745560884475708,0.22513318061828613,0.07654114812612534,1.1962804794311523,0.1230480968952179,0.05086502060294151,0.08384615182876587,0.032981131225824356,0.19850611686706543,0.14851485192775726,0.049991264939308167,0.39866745471954346,0.29695308208465576,0.30437949299812317,0.9160256943376641,0.669448230292518,0,0,0.5549604296684265,0.31406038999557495,0.0010971426963806152,0.00016404688358306885,-0.00023418664932250977,0.008711457252502441,0.0021829307079315186,-0.008493360131978989,0.040606603026390076,0.14737355693889903
Stage1,S1_044,6.0,0.01,0.0,0.0,42,2.0368847846984863,107,monotonic_hybrid,0.7794026136398315,0.22361396253108978,0.09057847410440445,1.284229040145874,0.15288706123828888,0.05089333653450012,0.10076922923326492,0.0498758926987648,0.17514368891716003,0.19130434095859528,0.01616065204143524,0.3939895033836365,0.29687613248825073,0.3091343641281128,0.9224273075059867,0.6788965296203002,0,0,0.5549634695053101,0.31408557295799255,-0.0006254911422729492,0.0002297908067703247,-0.001081317663192749,0.0006500482559204102,-0.0021871477365493774,-0.009901311248540878,-0.031501516699790955,-0.08018828276035976
Stage1,S1_044,6.0,0.01,0.0,0.0,50,1.8531153202056885,108,monotonic_hybrid,0.7352727055549622,0.2227398157119751,0.08279110491275787,1.2934186458587646,0.18933925032615662,0.05306418612599373,0.0930769219994545,0.04001273587346077,0.18970131874084473,0.25,0.06029868125915527,0.39861196279525757,0.2940347492694855,0.30735328793525696,0.9175798995346048,0.6928201653813227,0,0,0.5549604892730713,0.3140612244606018,-2.086162567138672e-06,-0.0006799399852752686,-0.0008776336908340454,0.0001766681671142578,-0.005560383200645447,-0.00970439612865448,-0.03492346405982971,-0.00028372556636486915
Stage1,S1_044,6.0,0.01,0.0,0.0,40,1.921425461769104,109,monotonic_hybrid,0.7265594005584717,0.22134175896644592,0.08135644346475601,1.0650891065597534,0.13699129223823547,0.04800492525100708,0.08769230544567108,0.039687380194664,0.18153980374336243,0.1599999964237213,0.021539807319641113,0.39726951718330383,0.2964959144592285,0.30623456835746765,0.9174291722947098,0.6999546539291049,0,0,0.5549638271331787,0.3140963315963745,0.001820981502532959,-0.0001245439052581787,-0.00017391890287399292,0.008647441864013672,0.0007148832082748413,-0.007240038365125656,0.012436315417289734,0.2512605175402475
Stage1,S1_044,6.0,0.01,0.0,0.0,33,1.9448434114456177,110,monotonic_hybrid,0.7104554176330566,0.21953073143959045,0.07448632270097733,1.2584726810455322,0.15754027664661407,0.05933411419391632,0.08538461476564407,0.026050500571727753,0.1898713856935501,0.19658119976520538,0.0067098140716552734,0.3941761255264282,0.29506802558898926,0.31075578927993774,0.9277036066561886,0.6697124861289105,0,0,0.5549675226211548,0.31413015723228455,0.0010855793952941895,0.0002565830945968628,-0.001290246844291687,0.0013127326965332031,-0.0022373944520950317,-0.01585652306675911,-0.04145686328411102,0.15303433227313668
Stage1,S1_045,6.0,0.02,0.0,0.0,43,1.9211814403533936,101,monotonic_hybrid,0.7696720361709595,0.23065988719463348,0.07824249565601349,1.2452296018600464,0.1565992385149002,0.0546436533331871,0.08692307770252228,0.032279424369335175,0.18978974223136902,0.19847328960895538,0.008683547377586365,0.38932567834854126,0.2956260144710541,0.3150482773780823,0.9191668048981418,0.6496616796434541,0,0,0.5553591847419739,0.3129996955394745,0.0006271004676818848,-0.0005410462617874146,-0.0006079822778701782,0.0023418664932250977,-0.0025450140237808228,-0.010632216930389404,-0.037950173020362854,0.08154276019104303
Stage1,S1_045,6.0,0.02,0.0,0.0,43,1.771125078201294,102,monotonic_hybrid,0.7369797229766846,0.21697138249874115,0.07915086299180984,1.4761295318603516,0.19780726730823517,0.04627406969666481,0.08923076838254929,0.042956698685884476,0.1761450469493866,0.2539682686328888,0.0778232216835022,0.3929302990436554,0.29542621970176697,0.31164348125457764,0.9240723793158936,0.6418226475409485,0,0,0.5553596019744873,0.3129902184009552,-0.0005342960357666016,-0.00012116134166717529,-0.0013445541262626648,-0.0171353816986084,-0.007667660713195801,-0.01049119234085083,-0.038504213094711304,-0.07244554299890281
Stage1,S1_045,6.0,0.02,0.0,0.0,50,1.8553245067596436,103,monotonic_hybrid,0.7091951370239258,0.221996009349823,0.07849529385566711,1.1735490560531616,0.12911121547222137,0.045946333557367325,0.08538461476564407,0.03943828120827675,0.16133984923362732,0.14159291982650757,0.01974692940711975,0.3956400156021118,0.29489219188690186,0.30946779251098633,0.9171744141193078,0.6438180867067248,0,0,0.5553548336029053,0.3129501938819885,0.0006217360496520996,-0.0008235275745391846,-0.0004493594169616699,0.0018895864486694336,0.0011200755834579468,-0.008396938443183899,0.0008648186922073364,0.08774476275813141
Stage1,S1_045,6.0,0.02,0.0,0.0,49,1.9918034076690674,104,monotonic_hybrid,0.7203029990196228,0.2269487828016281,0.07218188047409058,1.2373563051223755,0.15032367408275604,0.062175314873456955,0.07999999821186066,0.017824683338403702,0.18786020576953888,0.18110236525535583,0.006757840514183044,0.39248520135879517,0.29456040263175964,0.3129543960094452,0.9180215867247998,0.6702619667731259,0,0,0.5553541779518127,0.31298601627349854,0.0022603273391723633,-0.001298755407333374,-0.0004075095057487488,0.00765836238861084,-0.0006895512342453003,-0.014645777642726898,-0.023757725954055786,0.31479011322300265
Stage1,S1_045,6.0,0.02,0.0,0.0,43,1.9031054973602295,105,monotonic_hybrid,0.7036129832267761,0.22014263272285461,0.07121410965919495,1.1464089155197144,0.130462646484375,0.05621907114982605,0.07538461685180664,0.01916554570198059,0.2023981660604477,0.1376146674156189,0.0647834986448288,0.39986634254455566,0.29448792338371277,0.30564576387405396,0.9160689243619131,0.6724636135553503,0,0,0.5553590059280396,0.31299489736557007,0.0020069479942321777,0.0002573728561401367,0.00025200843811035156,0.006438612937927246,0.0031142234802246094,-0.009342227131128311,0.030781447887420654,0.2860505602074795
Stage1,S1_045,6.0,0.02,0.0,0.0,50,1.835436224937439,106,monotonic_hybrid,0.7455780506134033,0.22513791918754578,0.07653851807117462,1.1964690685272217,0.12309369444847107,0.050972338765859604,0.08384615182876587,0.032873813062906265,0.19891130924224854,0.14851485192775726,0.05039645731449127,0.39545777440071106,0.2971312999725342,0.30741092562675476,0.9165657682978698,0.6688480184533883,0,0,0.555354118347168,0.31294405460357666,0.0011143088340759277,0.0001687854528427124,-0.00023681670427322388,0.008900046348571777,0.0022285282611846924,-0.00860067829489708,0.04101179540157318,0.1496793962608093
Stage1,S1_045,6.0,0.02,0.0,0.0,42,2.0359127521514893,107,monotonic_hybrid,0.7794013619422913,0.2236216813325882,0.09056899696588516,1.2842068672180176,0.15287411212921143,0.051002468913793564,0.10076922923326492,0.04976676031947136,0.1754547357559204,0.19130434095859528,0.015849605202674866,0.39086681604385376,0.2969939708709717,0.3121391832828522,0.922926301866854,0.6783262412614909,0,0,0.5553610920906067,0.31299540400505066,-0.0006267428398132324,0.0002375096082687378,-0.0010907948017120361,0.0006278753280639648,-0.002200096845626831,-0.01001044362783432,-0.03181256353855133,-0.08034875102203
Stage1,S1_045,6.0,0.02,0.0,0.0,50,1.8517452478408813,108,monotonic_hybrid,0.7352866530418396,0.22274766862392426,0.0827854573726654,1.2934192419052124,0.1893027424812317,0.05315304175019264,0.0930769219994545,0.039923880249261856,0.18999145925045013,0.25,0.060008540749549866,0.3954119384288788,0.2941996455192566,0.3103884160518646,0.9180947041556577,0.6923112844155045,0,0,0.5553541779518127,0.31294572353363037,1.1861324310302734e-05,-0.0006720870733261108,-0.0008832812309265137,0.00017726421356201172,-0.0055968910455703735,-0.009793251752853394,-0.03521360456943512,0.0016131825059031131
Stage1,S1_045,6.0,0.02,0.0,0.0,40,1.9205070734024048,109,monotonic_hybrid,0.7265828847885132,0.22135108709335327,0.0813508853316307,1.0651978254318237,0.13700588047504425,0.048137594014406204,0.08769230544567108,0.03955471143126488,0.18194252252578735,0.1599999964237213,0.02194252610206604,0.3941642940044403,0.29661819338798523,0.30921751260757446,0.917956291170324,0.6993866393133674,0,0,0.5553625822067261,0.313017338514328,0.0018444657325744629,-0.00011521577835083008,-0.0001794770359992981,0.008756160736083984,0.0007294714450836182,-0.00737270712852478,0.01283903419971466,0.2545008908148001
Stage1,S1_045,6.0,0.02,0.0,0.0,33,1.9437317848205566,110,monotonic_hybrid,0.7104695439338684,0.21953918039798737,0.07447835057973862,1.2585119009017944,0.15753334760665894,0.059475257992744446,0.08538461476564407,0.025909356772899628,0.1902608722448349,0.19658119976520538,0.006320327520370483,0.391173392534256,0.29513442516326904,0.31369221210479736,0.9281759415531723,0.6692043212404772,0,0,0.5553712844848633,0.31308621168136597,0.001099705696105957,0.0002650320529937744,-0.0012982189655303955,0.0013519525527954102,-0.002244323492050171,-0.015997666865587234,-0.04184634983539581,0.15502571956511127
Stage1,S1_046,6.0,0.05,0.0,0.0,43,1.9177064895629883,101,monotonic_hybrid,0.7697257995605469,0.23067675530910492,0.07822651416063309,1.2453439235687256,0.15656906366348267,0.055072832852602005,0.08692307770252228,0.03185024484992027,0.19101087749004364,0.19847328960895538,0.007462412118911743,0.379966139793396,0.29587215185165405,0.32416170835494995,0.9207615261235839,0.6476411104906267,0,0,0.5562983155250549,0.3095882534980774,0.0006808638572692871,-0.000524178147315979,-0.0006239637732505798,0.002456188201904297,-0.0025751888751983643,-0.011061396449804306,-0.039171308279037476,0.08853368973123131
Stage1,S1_046,6.0,0.05,0.0,0.0,43,1.766114592552185,102,monotonic_hybrid,0.7369861006736755,0.21699434518814087,0.07912442088127136,1.475733757019043,0.19764460623264313,0.04652532935142517,0.08923076838254929,0.042705439031124115,0.17713508009910583,0.2539682686328888,0.07683318853378296,0.3835272789001465,0.29573529958724976,0.32073739171028137,0.9255356128772296,0.6399666747201732,0,0,0.5562969446182251,0.30956465005874634,-0.0005279183387756348,-9.819865226745605e-05,-0.0013709962368011475,-0.017531156539916992,-0.007830321788787842,-0.01074245199561119,-0.03949424624443054,-0.07158078696355223
Stage1,S1_046,6.0,0.05,0.0,0.0,50,1.8507779836654663,103,monotonic_hybrid,0.7092527151107788,0.22201615571975708,0.07848264276981354,1.1736652851104736,0.12915587425231934,0.04623981937766075,0.08538461476564407,0.03914479538798332,0.16233322024345398,0.14159291982650757,0.02074030041694641,0.38602593541145325,0.2953054904937744,0.31866854429244995,0.9188308797302674,0.6417087476458346,0,0,0.5562787055969238,0.30945926904678345,0.000679314136505127,-0.0008033812046051025,-0.0004620105028152466,0.0020058155059814453,0.0011647343635559082,-0.008690424263477325,0.0018581897020339966,0.09587067981539868
Stage1,S1_046,6.0,0.05,0.0,0.0,49,1.9891175031661987,104,monotonic_hybrid,0.7204368710517883,0.22696387767791748,0.07218033820390701,1.2376710176467896,0.15033994615077972,0.06267748028039932,0.07999999821186066,0.017322517931461334,0.1889762282371521,0.18110236525535583,0.007873862981796265,0.38305914402008057,0.2949043810367584,0.322036474943161,0.919642683399012,0.6683884542702412,0,0,0.556287407875061,0.30955106019973755,0.0023941993713378906,-0.0012836605310440063,-0.000409051775932312,0.007973074913024902,-0.0006732791662216187,-0.015147943049669266,-0.022641703486442566,0.3334341350124353
Stage1,S1_046,6.0,0.05,0.0,0.0,43,1.899672508239746,105,monotonic_hybrid,0.7037299275398254,0.22016601264476776,0.07122865319252014,1.1467483043670654,0.13060840964317322,0.05665441229939461,0.07538461685180664,0.018730204552412033,0.20355311036109924,0.1376146674156189,0.06593844294548035,0.3904581069946289,0.2948880195617676,0.3146539330482483,0.9175765174579141,0.6707074729094609,0,0,0.5562973022460938,0.3095760941505432,0.002123892307281494,0.0002807527780532837,0.0002665519714355469,0.00677800178527832,0.003259986639022827,-0.009777568280696869,0.031936392188072205,0.3027186484474211
Stage1,S1_046,6.0,0.05,0.0,0.0,50,1.8307912349700928,106,monotonic_hybrid,0.7456299662590027,0.2251521646976471,0.076530821621418,1.197038173675537,0.12323149293661118,0.05129291117191315,0.08384615182876587,0.03255324065685272,0.20011594891548157,0.14851485192775726,0.051601096987724304,0.3858520984649658,0.2975659668445587,0.3165819048881531,0.9181695972242027,0.6670556131799089,0,0,0.5562757849693298,0.30944332480430603,0.001166224479675293,0.00018303096294403076,-0.0002445131540298462,0.009469151496887207,0.0023663267493247986,-0.008921250700950623,0.04221643507480621,0.1566529589322811
Stage1,S1_046,6.0,0.05,0.0,0.0,42,2.032954216003418,107,monotonic_hybrid,0.7793983817100525,0.22364488244056702,0.0905407965183258,1.2841428518295288,0.15283659100532532,0.05133015662431717,0.10076922923326492,0.049439072608947754,0.17638365924358368,0.19130434095859528,0.014920681715011597,0.38152194023132324,0.2972509264945984,0.32122713327407837,0.9244067567579838,0.6766242485935073,0,0,0.5563014149665833,0.30957871675491333,-0.000629723072052002,0.0002607107162475586,-0.0011189952492713928,0.0005638599395751953,-0.0022376179695129395,-0.010338131338357925,-0.0327414870262146,-0.08073081831172106
Stage1,S1_046,6.0,0.05,0.0,0.0,50,1.8475896120071411,108,monotonic_hybrid,0.7353249192237854,0.2227695882320404,0.08276911824941635,1.2934117317199707,0.18919534981250763,0.05342114344239235,0.0930769219994545,0.03965577855706215,0.1908639520406723,0.25,0.0591360479593277,0.3858344554901123,0.2945961356163025,0.3195694088935852,0.9196240554413877,0.690789753168024,0,0,0.5562762022018433,0.3094474673271179,5.0127506256103516e-05,-0.0006501674652099609,-0.0008996203541755676,0.0001697540283203125,-0.005704283714294434,-0.0100613534450531,-0.03608609735965729,0.006817520037510141
Stage1,S1_046,6.0,0.05,0.0,0.0,40,1.9177201986312866,109,monotonic_hybrid,0.726654589176178,0.22137953341007233,0.08133435994386673,1.0655272006988525,0.13705076277256012,0.048536647111177444,0.08769230544567108,0.03915565833449364,0.18314558267593384,0.1599999964237213,0.023145586252212524,0.3848664462566376,0.2968892455101013,0.3182443380355835,0.9195211553372591,0.6976871070258465,0,0,0.5563091039657593,0.30963510274887085,0.0019161701202392578,-8.67694616317749e-05,-0.00019600242376327515,0.009085536003112793,0.0007743537425994873,-0.0077717602252960205,0.014042094349861145,0.26439472088913213
Stage1,S1_046,6.0,0.05,0.0,0.0,44,1.9402499198913574,110,monotonic_hybrid,0.7101469039916992,0.2196594923734665,0.0746522769331932,1.2583162784576416,0.15733997523784637,0.05580802261829376,0.08538461476564407,0.02957659214735031,0.18540024757385254,0.19658119976520538,0.011180952191352844,0.3814936578273773,0.2955530881881714,0.3229532539844513,0.9296865226385858,0.6677250336388741,0,0,0.5562933087348938,0.30954301357269287,0.0007770657539367676,0.0003853440284729004,-0.0011242926120758057,0.0011563301086425781,-0.002437695860862732,-0.012330431491136551,-0.03698572516441345,0.10954310601465342
Stage1,S1_047,6.0,0.1,0.0,0.0,43,1.9118221998214722,101,monotonic_hybrid,0.7698212265968323,0.23070529103279114,0.07820100337266922,1.245557427406311,0.15652459859848022,0.055789511650800705,0.08692307770252228,0.031133566051721573,0.19303417205810547,0.19847328960895538,0.0054391175508499146,0.36445391178131104,0.2959563136100769,0.3395897448062897,0.9233676754015375,0.6443048333031682,0,0,0.5570262670516968,0.3034266233444214,0.0007762908935546875,-0.0004956424236297607,-0.000649474561214447,0.002669692039489746,-0.0026196539402008057,-0.011778075248003006,-0.041194602847099304,0.10094220214125506
Stage1,S1_047,6.0,0.1,0.0,0.0,43,1.757657527923584,102,monotonic_hybrid,0.7370014190673828,0.21703362464904785,0.07908203452825546,1.4750951528549194,0.19738225638866425,0.046934038400650024,0.08923076838254929,0.04229672998189926,0.1787486970424652,0.2539682686328888,0.07521957159042358,0.3679472804069519,0.2959253489971161,0.33612731099128723,0.9279180949048028,0.6369179529969206,0,0,0.5570173263549805,0.30338039994239807,-0.0005125999450683594,-5.891919136047363e-05,-0.0014133825898170471,-0.018169760704040527,-0.008092671632766724,-0.011151161044836044,-0.04110786318778992,-0.06950375611228962
Stage1,S1_047,6.0,0.1,0.0,0.0,50,1.843113899230957,103,monotonic_hybrid,0.7093487977981567,0.22205045819282532,0.07846095412969589,1.17384934425354,0.12922349572181702,0.046721454709768295,0.08538461476564407,0.03866316005587578,0.16390372812747955,0.14159291982650757,0.022310808300971985,0.3700979948043823,0.2956598699092865,0.33424216508865356,0.9215340613241502,0.6382308320352383,0,0,0.5569603443145752,0.30315297842025757,0.0007753968238830566,-0.0007690787315368652,-0.00048369914293289185,0.0021898746490478516,0.0012323558330535889,-0.00917205959558487,0.0034286975860595703,0.1094306987556832
Stage1,S1_047,6.0,0.1,0.0,0.0,49,1.9845019578933716,104,monotonic_hybrid,0.7206664085388184,0.2269894927740097,0.07217955589294434,1.2382053136825562,0.15037138760089874,0.06351734697818756,0.07999999821186066,0.016482651233673096,0.1908208429813385,0.18110236525535583,0.009718477725982666,0.36742666363716125,0.295139878988266,0.33743345737457275,0.9222849868346281,0.6652795030199183,0,0,0.5570064187049866,0.3033425211906433,0.00262373685836792,-0.0012580454349517822,-0.000409834086894989,0.008507370948791504,-0.0006418377161026001,-0.015987809747457504,-0.020797088742256165,0.36540124450090594
Stage1,S1_047,6.0,0.1,0.0,0.0,49,1.8938395977020264,105,monotonic_hybrid,0.7049035429954529,0.22019343078136444,0.07153085619211197,1.1522737741470337,0.13295334577560425,0.06129378825426102,0.07538461685180664,0.014090828597545624,0.21727226674556732,0.1376146674156189,0.07965759932994843,0.37437692284584045,0.2954340875148773,0.3301889896392822,0.9201290077473352,0.6678247718726884,0,0,0.5569708943367004,0.3031982183456421,0.0032975077629089355,0.0003081709146499634,0.0005687549710273743,0.012303471565246582,0.005604922771453857,-0.014416944235563278,0.04565554857254028,0.469994212894134
Stage1,S1_047,6.0,0.1,0.0,0.0,50,1.8229438066482544,106,monotonic_hybrid,0.7457178831100464,0.2251759022474289,0.07651849836111069,1.197995662689209,0.12346405535936356,0.05182240530848503,0.08384615182876587,0.03202374652028084,0.2020859271287918,0.14851485192775726,0.053571075201034546,0.3699391186237335,0.29795339703559875,0.3321074843406677,0.9207871312390299,0.6640956800873425,0,0,0.5569512844085693,0.30311906337738037,0.0012541413307189941,0.00020676851272583008,-0.0002568364143371582,0.010426640510559082,0.002598889172077179,-0.009450744837522507,0.044186413288116455,0.168462379070537
Stage1,S1_047,6.0,0.1,0.0,0.0,42,2.027885675430298,107,monotonic_hybrid,0.7793960571289062,0.223683699965477,0.09049461781978607,1.2840445041656494,0.15277822315692902,0.05187665671110153,0.10076922923326492,0.04889257252216339,0.17791618406772614,0.19130434095859528,0.01338815689086914,0.36604204773902893,0.29735416173934937,0.3366037607192993,0.9268179981641192,0.6738172749199691,0,0,0.5570281744003296,0.3034118115901947,-0.0006320476531982422,0.00029952824115753174,-0.0011651739478111267,0.0004655122756958008,-0.0022959858179092407,-0.010884631425142288,-0.034274011850357056,-0.08102883079768008
Stage1,S1_047,6.0,0.1,0.0,0.0,50,1.8405286073684692,108,monotonic_hybrid,0.7353980541229248,0.22281047701835632,0.08274185657501221,1.2934244871139526,0.1890224665403366,0.05386402830481529,0.0930769219994545,0.039212893694639206,0.19227604568004608,0.25,0.05772395431995392,0.3699657618999481,0.294926255941391,0.33510804176330566,0.9221215941576205,0.6882704621177549,0,0,0.5569525957107544,0.30312687158584595,0.0001232624053955078,-0.000609278678894043,-0.0009268820285797119,0.0001825094223022461,-0.005877166986465454,-0.010504238307476044,-0.03749819099903107,0.016764127749787125
Stage1,S1_047,6.0,0.1,0.0,0.0,40,1.9129753112792969,109,monotonic_hybrid,0.7267780303955078,0.22142848372459412,0.08130728453397751,1.0660861730575562,0.13712920248508453,0.049204930663108826,0.08769230544567108,0.038487374782562256,0.18513186275959015,0.1599999964237213,0.025131866335868835,0.3694477677345276,0.2970186769962311,0.33353355526924133,0.9220730027210954,0.6948701786529637,0,0,0.5570559501647949,0.3035293221473694,0.002039611339569092,-3.781914710998535e-05,-0.00022307783365249634,0.009644508361816406,0.0008527934551239014,-0.008440043777227402,0.016028374433517456,0.2814272413246613
Stage1,S1_047,6.0,0.1,0.0,0.0,44,1.9342138767242432,110,monotonic_hybrid,0.7101812362670898,0.21968895196914673,0.07460954040288925,1.2584582567214966,0.15728925168514252,0.05642123147845268,0.08538461476564407,0.02896338328719139,0.18735268712043762,0.19658119976520538,0.009228512644767761,0.3659193217754364,0.2957133948802948,0.3383672833442688,0.9320649677735632,0.6652635047100302,0,0,0.557005763053894,0.3033333122730255,0.0008113980293273926,0.0004148036241531372,-0.0011670291423797607,0.0012983083724975586,-0.0024884194135665894,-0.012943640351295471,-0.038938164710998535,0.11438293335717396
Stage1,S1_048,6.0,0.2,0.0,0.0,43,1.89975106716156,101,monotonic_hybrid,0.7700291872024536,0.23076654970645905,0.07815644145011902,1.2460354566574097,0.15646423399448395,0.057201046496629715,0.08692307770252228,0.029722031205892563,0.19693967700004578,0.19847328960895538,0.001533612608909607,0.33389541506767273,0.2948912978172302,0.37121328711509705,0.9283766190932508,0.6377572568916239,0,0,0.555374264717102,0.2894516587257385,0.0009842514991760254,-0.00043438374996185303,-0.0006940364837646484,0.003147721290588379,-0.0026800185441970825,-0.013189610093832016,-0.04510010778903961,0.12798361363318064
Stage1,S1_048,6.0,0.2,0.0,0.0,48,1.7402942180633545,102,monotonic_hybrid,0.7372322082519531,0.21708543598651886,0.07898211479187012,1.4757691621780396,0.19721825420856476,0.04947309195995331,0.08923076838254929,0.03975767642259598,0.18432587385177612,0.2539682686328888,0.06964239478111267,0.33651357889175415,0.2953925132751465,0.36809390783309937,0.932598532370699,0.6310220308891318,0,0,0.5551994442939758,0.2889832854270935,-0.0002818107604980469,-7.107853889465332e-06,-0.0015133023262023926,-0.01749575138092041,-0.008256673812866211,-0.013690214604139328,-0.04668503999710083,-0.03821090219754713
Stage1,S1_048,6.0,0.2,0.0,0.0,50,1.8274883031845093,103,monotonic_hybrid,0.709547221660614,0.22211961448192596,0.07842351496219635,1.174268364906311,0.12937919795513153,0.04766319319605827,0.08538461476564407,0.0377214215695858,0.16702324151992798,0.14159291982650757,0.02543032169342041,0.3387388288974762,0.2950974702835083,0.3661637008190155,0.9267167119039948,0.6314206574894697,0,0,0.5551522374153137,0.2888534665107727,0.000973820686340332,-0.0006999224424362183,-0.0005211383104324341,0.0026088953018188477,0.001388058066368103,-0.010113798081874847,0.006548210978507996,0.13743398849030303
Stage1,S1_048,6.0,0.2,0.0,0.0,49,1.974784016609192,104,monotonic_hybrid,0.721149742603302,0.22704355418682098,0.07218524813652039,1.239314079284668,0.15045283734798431,0.0652061253786087,0.07999999821186066,0.014793872833251953,0.1944456845521927,0.18110236525535583,0.013343319296836853,0.336604505777359,0.2943410873413086,0.3690544366836548,0.9273381819713493,0.6591327563263497,0,0,0.5553269386291504,0.2892504930496216,0.0031070709228515625,-0.001203984022140503,-0.0004041418433189392,0.00961613655090332,-0.0005603879690170288,-0.017676588147878647,-0.017172247171401978,0.43271396609062507
Stage1,S1_048,6.0,0.2,0.0,0.0,49,1.8816853761672974,105,monotonic_hybrid,0.7053725123405457,0.22029855847358704,0.07160288095474243,1.1535953283309937,0.1334887146949768,0.06268700212240219,0.07538461685180664,0.01269761472940445,0.22086049616336823,0.1376146674156189,0.08324582874774933,0.34313899278640747,0.2950587868690491,0.36180222034454346,0.9249735102925037,0.6621517830762921,0,0,0.5551907420158386,0.2889444828033447,0.003766477108001709,0.0004132986068725586,0.0006407797336578369,0.013625025749206543,0.006140291690826416,-0.015810158103704453,0.049243777990341187,0.536836475010271
Stage1,S1_048,6.0,0.2,0.0,0.0,50,1.8069220781326294,106,monotonic_hybrid,0.7458967566490173,0.22522294521331787,0.07649567723274231,1.199933409690857,0.12393701821565628,0.0528600737452507,0.08384615182876587,0.030986078083515167,0.20586954057216644,0.14851485192775726,0.05735468864440918,0.3386121690273285,0.2974468767642975,0.363940954208374,0.9258099000544524,0.6582793756675618,0,0,0.5551227331161499,0.2887795567512512,0.0014330148696899414,0.00025381147861480713,-0.0002796575427055359,0.012364387512207031,0.0030718520283699036,-0.010488413274288177,0.04797002673149109,0.1924895450603037
Stage1,S1_048,6.0,0.2,0.0,0.0,42,2.0172698497772217,107,monotonic_hybrid,0.7794007062911987,0.223761647939682,0.09040559083223343,1.2838776111602783,0.15267683565616608,0.05296711251139641,0.10076922923326492,0.047802116721868515,0.18091197311878204,0.19130434095859528,0.010392367839813232,0.3355690538883209,0.29632851481437683,0.36810246109962463,0.9314237004031541,0.6683147205328535,0,0,0.5553728342056274,0.28944218158721924,-0.0006273984909057617,0.00037747621536254883,-0.0012542009353637695,0.00029861927032470703,-0.00239737331867218,-0.011975087225437164,-0.037269800901412964,-0.08043280582576204
Stage1,S1_048,6.0,0.2,0.0,0.0,50,1.825945496559143,108,monotonic_hybrid,0.7355517148971558,0.22289611399173737,0.08268973976373672,1.2934744358062744,0.1887001395225525,0.054744720458984375,0.0930769219994545,0.03833220154047012,0.1950002759695053,0.25,0.05499972403049469,0.3387155532836914,0.2943299412727356,0.3669545352458954,0.9269176603547192,0.6832914315901599,0,0,0.5551258325576782,0.28879088163375854,0.00027692317962646484,-0.0005236417055130005,-0.000978998839855194,0.00023245811462402344,-0.006199494004249573,-0.011384930461645126,-0.040222421288490295,0.037662542323748056
Stage1,S1_048,6.0,0.2,0.0,0.0,40,1.9031414985656738,109,monotonic_hybrid,0.7270390391349792,0.22153224050998688,0.08125508576631546,1.0672340393066406,0.1372988522052765,0.05055060237646103,0.08769230544567108,0.03714170306921005,0.18902182579040527,0.1599999964237213,0.02902182936668396,0.3390379846096039,0.29605430364608765,0.3649076819419861,0.9269587574044041,0.6892998691577368,0,0,0.5554676055908203,0.2896898090839386,0.0023006200790405273,6.593763828277588e-05,-0.0002752766013145447,0.010792374610900879,0.001022443175315857,-0.009785715490579605,0.01991833746433258,0.31744144073904196
Stage1,S1_048,6.0,0.2,0.0,0.0,44,1.9217338562011719,110,monotonic_hybrid,0.7102646231651306,0.21974854171276093,0.07453037053346634,1.2587984800338745,0.15721307694911957,0.05763609707355499,0.08538461476564407,0.02774851769208908,0.1911642998456955,0.19658119976520538,0.005416899919509888,0.33525902032852173,0.2947986423969269,0.3699423372745514,0.9365763435216525,0.6604437335274838,0,0,0.5553028583526611,0.28925877809524536,0.0008947849273681641,0.000474393367767334,-0.0012461990118026733,0.0016385316848754883,-0.0025645941495895386,-0.014158505946397781,-0.04274977743625641,0.12613800011444176
Stage1,S1_049,6.0,0.4,0.0,0.0,43,1.874798059463501,101,monotonic_hybrid,0.7705047726631165,0.2309018224477768,0.078089140355587,1.2471665143966675,0.15643620491027832,0.05993550270795822,0.08692307770252228,0.026987574994564056,0.20420882105827332,0.19847328960895538,0.005735531449317932,0.27564969658851624,0.2878742516040802,0.43647605180740356,0.9375420774203431,0.6252032188349135,0,0,0.5402731895446777,0.2561990022659302,0.0014598369598388672,-0.000299111008644104,-0.0007613375782966614,0.004278779029846191,-0.00270804762840271,-0.015924066305160522,-0.04089818894863129,0.18982466330187492
Stage1,S1_049,6.0,0.4,0.0,0.0,48,1.704712986946106,102,monotonic_hybrid,0.7374602556228638,0.21737295389175415,0.07876980304718018,1.4731087684631348,0.19608314335346222,0.05199643597006798,0.08923076838254929,0.03723433241248131,0.19208574295043945,0.2539682686328888,0.06188252568244934,0.2774105966091156,0.28898170590400696,0.43360772728919983,0.9409701881756491,0.6198507177960895,0,0,0.5397237539291382,0.2551792860031128,-5.3763389587402344e-05,0.0002804100513458252,-0.001725614070892334,-0.020156145095825195,-0.00939178466796875,-0.016213558614253998,-0.05444490909576416,-0.00728981255968433
Stage1,S1_049,6.0,0.4,0.0,0.0,50,1.7956510782241821,103,monotonic_hybrid,0.7099486589431763,0.22226165235042572,0.07835952937602997,1.1751422882080078,0.129692941904068,0.049428462982177734,0.08538461476564407,0.03595615178346634,0.17267736792564392,0.14159291982650757,0.031084448099136353,0.27901944518089294,0.28890737891197205,0.432073175907135,0.9361618850013117,0.6184145571694873,0,0,0.5395692586898804,0.25488823652267456,0.0013752579689025879,-0.0005578845739364624,-0.0005851238965988159,0.003482818603515625,0.0017018020153045654,-0.011879067867994308,0.012202337384223938,0.1940882859858466
Stage1,S1_049,6.0,0.4,0.0,0.0,49,1.953857421875,104,monotonic_hybrid,0.7221930623054504,0.22716209292411804,0.0722227543592453,1.2415833473205566,0.15066885948181152,0.06853985041379929,0.07999999821186066,0.01146014779806137,0.2012321949005127,0.18110236525535583,0.02012982964515686,0.27779319882392883,0.28775036334991455,0.434456467628479,0.9365022213102154,0.6472269951091859,0,0,0.5400995016098022,0.2557058334350586,0.004150390625,-0.0010854452848434448,-0.00036663562059402466,0.011885404586791992,-0.00034436583518981934,-0.02101031318306923,-0.01038573682308197,0.5780144814077349
Stage1,S1_049,6.0,0.4,0.0,0.0,49,1.8566540479660034,105,monotonic_hybrid,0.7063294649124146,0.22050805389881134,0.07174989581108093,1.1562422513961792,0.13451434671878815,0.06533557176589966,0.07538461685180664,0.010049045085906982,0.22746983170509338,0.1376146674156189,0.08985516428947449,0.28345298767089844,0.28928688168525696,0.42726007103919983,0.9339242414779991,0.6512419448601964,0,0,0.5396788120269775,0.2550573945045471,0.0047234296798706055,0.0006227940320968628,0.0007877945899963379,0.01627194881439209,0.007165923714637756,-0.01845872774720192,0.055853113532066345,0.6732310502866538
Stage1,S1_049,6.0,0.4,0.0,0.0,50,1.7741577625274658,106,monotonic_hybrid,0.7462555170059204,0.22531495988368988,0.07645522803068161,1.2038010358810425,0.12489103525876999,0.05485735833644867,0.08384615182876587,0.0289887934923172,0.2128233164548874,0.14851485192775726,0.06430846452713013,0.2789575755596161,0.29132407903671265,0.4297182857990265,0.9350045113888501,0.6470699864271305,0,0,0.5394796133041382,0.2547301650047302,0.0017917752265930176,0.0003458261489868164,-0.00032010674476623535,0.016232013702392578,0.004025869071483612,-0.012485697865486145,0.054923802614212036,0.24067998561092213
Stage1,S1_049,6.0,0.4,0.0,0.0,42,1.9944897890090942,107,monotonic_hybrid,0.7794464826583862,0.22391816973686218,0.09024225920438766,1.2836512327194214,0.1525314897298813,0.05510948598384857,0.10076922923326492,0.04565974324941635,0.1865585446357727,0.19130434095859528,0.004745796322822571,0.27752524614334106,0.28938430547714233,0.4330904483795166,0.9397555803496861,0.6577596469969679,0,0,0.5403040647506714,0.2562699317932129,-0.0005816221237182617,0.0005339980125427246,-0.0014175325632095337,7.224082946777344e-05,-0.00254271924495697,-0.014117460697889328,-0.042916372418403625,-0.07456425225610734
Stage1,S1_049,6.0,0.4,0.0,0.0,50,1.7955209016799927,108,monotonic_hybrid,0.7358822226524353,0.22308072447776794,0.08259529620409012,1.2936416864395142,0.1881517767906189,0.056468404829502106,0.0930769219994545,0.03660851716995239,0.19995437562465668,0.25,0.05004562437534332,0.27915695309638977,0.2881288528442383,0.4327141344547272,0.9356993967930896,0.6735650365832435,0,0,0.5394744873046875,0.25472432374954224,0.0006074309349060059,-0.0003390312194824219,-0.0010734423995018005,0.00039970874786376953,-0.0067478567361831665,-0.013108614832162857,-0.04517652094364166,0.0826127784806966
Stage1,S1_049,6.0,0.4,0.0,0.0,47,1.8821862936019897,109,monotonic_hybrid,0.728482723236084,0.222451314330101,0.0809178277850151,1.0718680620193481,0.13767828047275543,0.05521984398365021,0.08769230544567108,0.032472461462020874,0.199990913271904,0.1599999964237213,0.03999091684818268,0.27875182032585144,0.2900732755661011,0.4311748743057251,0.9362698926007798,0.6784858101342794,0,0,0.5398353934288025,0.2553645968437195,0.0037443041801452637,0.0009850114583969116,-0.0006125345826148987,0.015426397323608398,0.0014018714427947998,-0.014454957097768784,0.0308874249458313,0.5166421541475175
Stage1,S1_049,6.0,0.4,0.0,0.0,44,1.8955957889556885,110,monotonic_hybrid,0.710485577583313,0.2198706716299057,0.07439769059419632,1.2596536874771118,0.1571517437696457,0.05998433753848076,0.08538461476564407,0.025400277227163315,0.1982509344816208,0.19658119976520538,0.0016697347164154053,0.27686336636543274,0.28805890679359436,0.4350777566432953,0.9446161234232076,0.6511976792959708,0,0,0.5400661826133728,0.25582024455070496,0.0011157393455505371,0.0005965232849121094,-0.0013788789510726929,0.002493739128112793,-0.0026259273290634155,-0.016506746411323547,-0.04649694263935089,0.15728598615389255
Stage1,S1_050,8.0,0.005,0.0,0.0,43,2.3197922706604004,101,monotonic_hybrid,0.7699837684631348,0.23053283989429474,0.0781961977481842,1.2473793029785156,0.1564946472644806,0.056026093661785126,0.08692307770252228,0.030896984040737152,0.19424238801002502,0.19847328960895538,0.004230901598930359,0.3940162658691406,0.2954484820365906,0.3105352520942688,0.9183610763953914,0.6506769569523827,0,0,0.5547481775283813,0.31462228298187256,0.0009388327598571777,-0.0006680935621261597,-0.0006542801856994629,0.004491567611694336,-0.0026496052742004395,-0.012014657258987427,-0.04240281879901886,0.1220777507622012
Stage1,S1_050,8.0,0.005,0.0,0.0,43,2.140310525894165,102,monotonic_hybrid,0.7372760772705078,0.21698343753814697,0.07900478690862656,1.4748475551605225,0.19700586795806885,0.04768863320350647,0.08923076838254929,0.041542135179042816,0.18073605000972748,0.2539682686328888,0.07323221862316132,0.3976437747478485,0.29521748423576355,0.3071387708187103,0.9233314647840204,0.642758119750269,0,0,0.5547484755516052,0.3146199584007263,-0.00023794174194335938,-0.00010910630226135254,-0.0014906302094459534,-0.0184173583984375,-0.008469060063362122,-0.01190575584769249,-0.043095216155052185,-0.03226267376747211
Stage1,S1_050,8.0,0.005,0.0,0.0,50,2.244872808456421,103,monotonic_hybrid,0.7095652222633362,0.22202304005622864,0.07845085114240646,1.1744611263275146,0.12933073937892914,0.0470719076693058,0.08538461476564407,0.03831270709633827,0.16565707325935364,0.14159291982650757,0.02406415343284607,0.4004595875740051,0.2946298122406006,0.3049106299877167,0.9163367473354656,0.6448789868823255,0,0,0.5547475814819336,0.3146103024482727,0.0009918212890625,-0.0007964968681335449,-0.0004938021302223206,0.002801656723022461,0.0013395994901657104,-0.009522512555122375,0.005182042717933655,0.1399743890610015
Stage1,S1_050,8.0,0.005,0.0,0.0,49,2.409985303878784,104,monotonic_hybrid,0.7208390831947327,0.2268613576889038,0.07217305898666382,1.2391366958618164,0.15032368898391724,0.06357650458812714,0.07999999821186066,0.01642349362373352,0.1915699541568756,0.18110236525535583,0.010467588901519775,0.39720669388771057,0.29433146119117737,0.30846187472343445,0.9172013950422238,0.6712001554064223,0,0,0.5547468662261963,0.31461891531944275,0.0027964115142822266,-0.0013861805200576782,-0.0004163309931755066,0.009438753128051758,-0.0006895363330841064,-0.01604696735739708,-0.020047977566719055,0.389449210272939
Stage1,S1_050,8.0,0.005,0.0,0.0,43,2.300611972808838,105,monotonic_hybrid,0.7040696740150452,0.2201765775680542,0.07124827802181244,1.148008942604065,0.13081301748752594,0.05736216530203819,0.07538461685180664,0.018022451549768448,0.2058376669883728,0.1376146674156189,0.0682229995727539,0.40457895398139954,0.29423385858535767,0.3011872172355652,0.9153080581726292,0.6733463845496958,0,0,0.5547481775283813,0.3146211504936218,0.0024636387825012207,0.0002913177013397217,0.00028617680072784424,0.008038640022277832,0.0034645944833755493,-0.010485321283340454,0.034220948815345764,0.35114275801300077
Stage1,S1_050,8.0,0.005,0.0,0.0,50,2.2145652770996094,106,monotonic_hybrid,0.745896577835083,0.22514183819293976,0.07651521265506744,1.1985628604888916,0.12352510541677475,0.052010707557201385,0.08384615182876587,0.031835444271564484,0.20306819677352905,0.14851485192775726,0.05455334484577179,0.4002733826637268,0.2968577742576599,0.3028688430786133,0.9157546696740331,0.669748847476225,0,0,0.5547473430633545,0.31460878252983093,0.0014328360557556152,0.00017270445823669434,-0.0002601221203804016,0.0109938383102417,0.002659939229488373,-0.009639047086238861,0.0451686829328537,0.19246552590070046
Stage1,S1_050,8.0,0.005,0.0,0.0,42,2.458503484725952,107,monotonic_hybrid,0.7795528769493103,0.22364898025989532,0.09044961631298065,1.285601258277893,0.15275204181671143,0.05231833830475807,0.10076922923326492,0.04845089092850685,0.17927186191082,0.19130434095859528,0.012032479047775269,0.395551860332489,0.2968113124370575,0.3076368272304535,0.9221768430847315,0.6791822399137187,0,0,0.5547487735748291,0.3146212100982666,-0.00047522783279418945,0.0002648085355758667,-0.0012101754546165466,0.002022266387939453,-0.002322167158126831,-0.011326313018798828,-0.03562968969345093,-0.06092445001413649
Stage1,S1_050,8.0,0.005,0.0,0.0,50,2.239765167236328,108,monotonic_hybrid,0.7355735898017883,0.22262802720069885,0.0826900377869606,1.2949888706207275,0.1887994110584259,0.054483361542224884,0.0930769219994545,0.038593560457229614,0.19412772357463837,0.25,0.05587227642536163,0.4002130627632141,0.2939462661743164,0.3058406710624695,0.9173215954732273,0.6930749314852922,0,0,0.5547474026679993,0.31460922956466675,0.0002987980842590332,-0.0007917284965515137,-0.0009787008166313171,0.0017468929290771484,-0.00610022246837616,-0.011123571544885635,-0.03934986889362335,0.040637607548202545
Stage1,S1_050,8.0,0.005,0.0,0.0,40,2.320474863052368,109,monotonic_hybrid,0.7270331978797913,0.22134435176849365,0.08132722973823547,1.067347526550293,0.1371387094259262,0.049054283648729324,0.08769230544567108,0.03863802179694176,0.18550154566764832,0.1599999964237213,0.025501549243927002,0.3988226652145386,0.296428918838501,0.30474844574928284,0.9171646636135122,0.7002388974039138,0,0,0.5547488331794739,0.31462663412094116,0.002294778823852539,-0.00012195110321044922,-0.00020313262939453125,0.010905861854553223,0.0008623003959655762,-0.0082893967628479,0.016398057341575623,0.3166354595692294
Stage1,S1_050,8.0,0.005,0.0,0.0,33,2.343702793121338,110,monotonic_hybrid,0.7110262513160706,0.21959641575813293,0.07441069185733795,1.2601431608200073,0.1574631929397583,0.06092362478375435,0.08538461476564407,0.024460989981889725,0.19400270283222198,0.19658119976520538,0.0025784969329833984,0.39567801356315613,0.29502934217453003,0.30929264426231384,0.9274664041769517,0.6699671361291447,0,0,0.5547506213188171,0.31464332342147827,0.0016564130783081055,0.00032226741313934326,-0.0013658776879310608,0.0029832124710083008,-0.0023144781589508057,-0.017446033656597137,-0.0455881804227829,0.23350486432056597
Stage1,S1_051,8.0,0.01,0.0,0.0,43,2.319025993347168,101,monotonic_hybrid,0.7699955701828003,0.23053528368473053,0.07819359749555588,1.2474149465560913,0.15649090707302094,0.05610521882772446,0.08692307770252228,0.03081785887479782,0.19446246325969696,0.19847328960895538,0.004010826349258423,0.39245137572288513,0.29551181197166443,0.3120368719100952,0.9186303645857135,0.6503380849782585,0,0,0.5549623966217041,0.3140873908996582,0.0009506344795227051,-0.0006656497716903687,-0.0006568804383277893,0.0045272111892700195,-0.002653345465660095,-0.012093782424926758,-0.042622894048690796,0.12361234505151082
Stage1,S1_051,8.0,0.01,0.0,0.0,43,2.139204263687134,102,monotonic_hybrid,0.7372793555259705,0.21698768436908722,0.07900021225214005,1.4747815132141113,0.19697745144367218,0.04773512855172157,0.08923076838254929,0.04149563983082771,0.18091662228107452,0.2539682686328888,0.07305164635181427,0.39607134461402893,0.2952912449836731,0.30863744020462036,0.9235791951021955,0.6424457346353093,0,0,0.554962694644928,0.3140828013420105,-0.0002346634864807129,-0.00010485947132110596,-0.0014952048659324646,-0.018483400344848633,-0.008497476577758789,-0.011952251195907593,-0.04327578842639923,-0.0318181730016377
Stage1,S1_051,8.0,0.01,0.0,0.0,50,2.2438676357269287,103,monotonic_hybrid,0.7095777988433838,0.2220267951488495,0.07844872027635574,1.1744884252548218,0.12933959066867828,0.04712604731321335,0.08538461476564407,0.038258567452430725,0.16583991050720215,0.14159291982650757,0.02424699068069458,0.3988519310951233,0.29472148418426514,0.30642661452293396,0.9166167181739736,0.6445248938057042,0,0,0.5549606084823608,0.3140631914138794,0.0010043978691101074,-0.0007927417755126953,-0.0004959329962730408,0.00282895565032959,0.001348450779914856,-0.009576652199029922,0.0053648799657821655,0.1417493046915226
Stage1,S1_051,8.0,0.01,0.0,0.0,49,2.4093947410583496,104,monotonic_hybrid,0.720865786075592,0.22686372697353363,0.072173111140728,1.2392020225524902,0.15032751858234406,0.06366923451423645,0.07999999821186066,0.016330763697624207,0.19177289307117462,0.18110236525535583,0.010670527815818787,0.39563119411468506,0.2944117486476898,0.3099570572376251,0.9174756481096868,0.6708870023285814,0,0,0.5549598336219788,0.31408053636550903,0.0028231143951416016,-0.0013838112354278564,-0.0004162788391113281,0.009504079818725586,-0.0006857067346572876,-0.016139697283506393,-0.019845038652420044,0.3931680534437608
Stage1,S1_051,8.0,0.01,0.0,0.0,43,2.299853801727295,105,monotonic_hybrid,0.7040932178497314,0.22018089890480042,0.07125113159418106,1.1480793952941895,0.1308402121067047,0.05744289606809616,0.07538461685180664,0.01794172078371048,0.2060474008321762,0.1376146674156189,0.06843273341655731,0.40300697088241577,0.2943226397037506,0.302670419216156,0.9155622846595215,0.6730517346695055,0,0,0.5549622774124146,0.31408506631851196,0.0024871826171875,0.0002956390380859375,0.00028903037309646606,0.008109092712402344,0.0034917891025543213,-0.010566052049398422,0.03443068265914917,0.3544984638513173
Stage1,S1_051,8.0,0.01,0.0,0.0,50,2.2135510444641113,106,monotonic_hybrid,0.7459072470664978,0.22514446079730988,0.07651364058256149,1.1986771821975708,0.12355126440525055,0.05206875130534172,0.08384615182876587,0.03177740052342415,0.2032698094844818,0.14851485192775726,0.05475495755672455,0.3986670970916748,0.2969531714916229,0.30437973141670227,0.916025757119526,0.6694482337595321,0,0,0.5549604892730713,0.31406018137931824,0.0014435052871704102,0.00017532706260681152,-0.00026169419288635254,0.011108160018920898,0.0026860982179641724,-0.009697090834379196,0.04537029564380646,0.19389866909036
Stage1,S1_051,8.0,0.01,0.0,0.0,42,2.4578535556793213,107,monotonic_hybrid,0.7795537710189819,0.223653182387352,0.09044461697340012,1.285598874092102,0.15274634957313538,0.052378978580236435,0.10076922923326492,0.04839025065302849,0.17944079637527466,0.19130434095859528,0.011863544583320618,0.3939889669418335,0.29687631130218506,0.30913469195365906,0.9224273956577234,0.6788965260153709,0,0,0.5549634695053101,0.31408536434173584,-0.0004743337631225586,0.00026901066303253174,-0.0012151747941970825,0.0020198822021484375,-0.002327859401702881,-0.011386953294277191,-0.03579862415790558,-0.06080982982722917
Stage1,S1_051,8.0,0.01,0.0,0.0,50,2.23885178565979,108,monotonic_hybrid,0.7355829477310181,0.2226320505142212,0.08268719911575317,1.295000433921814,0.18878130614757538,0.054532237350940704,0.0930769219994545,0.038544684648513794,0.1942821741104126,0.25,0.0557178258895874,0.3986116051673889,0.2940348982810974,0.30735349655151367,0.9175799537532746,0.6928201693645459,0,0,0.5549603700637817,0.3140610456466675,0.00030815601348876953,-0.0007877051830291748,-0.0009815394878387451,0.0017584562301635742,-0.006118327379226685,-0.011172447353601456,-0.03950431942939758,0.04191031937446781
Stage1,S1_051,8.0,0.01,0.0,0.0,40,2.3198626041412354,109,monotonic_hybrid,0.7270482182502747,0.22134946286678314,0.08132432401180267,1.067416787147522,0.13714778423309326,0.04912780225276947,0.08769230544567108,0.03856450319290161,0.1857188493013382,0.1599999964237213,0.025718852877616882,0.397268682718277,0.29649609327316284,0.3062352240085602,0.9174293074848932,0.6999545905641176,0,0,0.5549638867378235,0.3140960931777954,0.0023097991943359375,-0.00011684000492095947,-0.00020603835582733154,0.010975122451782227,0.0008713752031326294,-0.008362915366888046,0.016615360975265503,0.31870798257731886
Stage1,S1_051,8.0,0.01,0.0,0.0,33,2.342958927154541,110,monotonic_hybrid,0.711037278175354,0.21960119903087616,0.07440673559904099,1.2601778507232666,0.1574610471725464,0.061001986265182495,0.08538461476564407,0.02438262850046158,0.19421543180942535,0.19658119976520538,0.0023657679557800293,0.3941751718521118,0.29506832361221313,0.31075647473335266,0.9277037511500706,0.6697124687097139,0,0,0.55496746301651,0.3141298294067383,0.0016674399375915527,0.00032705068588256836,-0.0013698339462280273,0.003017902374267578,-0.0023166239261627197,-0.017524395138025284,-0.04580090939998627,0.23505932275522967
Stage1,S1_052,8.0,0.02,0.0,0.0,43,2.317488193511963,101,monotonic_hybrid,0.7700194120407104,0.2305402010679245,0.0781884640455246,1.2474873065948486,0.1564837098121643,0.056263357400894165,0.08692307770252228,0.030659720301628113,0.19490134716033936,0.19847328960895538,0.003571942448616028,0.3893238306045532,0.29562631249427795,0.3150498569011688,0.9191670954655866,0.6496614441432115,0,0,0.5553591251373291,0.31299903988838196,0.0009744763374328613,-0.0006607323884963989,-0.0006620138883590698,0.004599571228027344,-0.0026605427265167236,-0.012251920998096466,-0.04306177794933319,0.12671253553496462
Stage1,S1_052,8.0,0.02,0.0,0.0,43,2.136986017227173,102,monotonic_hybrid,0.7372862696647644,0.21699625253677368,0.07899113744497299,1.4746508598327637,0.1969209462404251,0.04782764986157417,0.08923076838254929,0.04140311852097511,0.18127599358558655,0.2539682686328888,0.07269227504730225,0.39292895793914795,0.29542669653892517,0.3116443455219269,0.9240725977416288,0.6418226324588462,0,0,0.5553596019744873,0.3129897117614746,-0.00022774934768676758,-9.629130363464355e-05,-0.0015042796730995178,-0.01861405372619629,-0.00855398178100586,-0.012044772505760193,-0.043635159730911255,-0.0308806804773324
Stage1,S1_052,8.0,0.02,0.0,0.0,50,2.2418527603149414,103,monotonic_hybrid,0.7096030116081238,0.22203423082828522,0.07844450324773788,1.174543023109436,0.12935735285282135,0.04723401740193367,0.08538461476564407,0.0381505973637104,0.16620402038097382,0.14159291982650757,0.024611100554466248,0.3956390917301178,0.2948925197124481,0.3094683885574341,0.9171745831342841,0.6438180706521625,0,0,0.5553547739982605,0.3129498064517975,0.0010296106338500977,-0.0007853060960769653,-0.0005001500248908997,0.0028835535049438477,0.0013662129640579224,-0.009684622287750244,0.005728989839553833,0.14530754787498437
Stage1,S1_052,8.0,0.02,0.0,0.0,49,2.4082064628601074,104,monotonic_hybrid,0.7209194898605347,0.22686856985092163,0.07217329740524292,1.2393336296081543,0.1503353714942932,0.06385492533445358,0.07999999821186066,0.016145072877407074,0.19217811524868011,0.18110236525535583,0.01107574999332428,0.3924819231033325,0.2945597469806671,0.312958300113678,0.9180220144798074,0.6702610286195312,0,0,0.5553544163703918,0.312984824180603,0.0028768181800842285,-0.001378968358039856,-0.00041609257459640503,0.009635686874389648,-0.0006778538227081299,-0.016325388103723526,-0.01943981647491455,0.4006472447315074
Stage1,S1_052,8.0,0.02,0.0,0.0,43,2.2983322143554688,105,monotonic_hybrid,0.7041405439376831,0.22018949687480927,0.07125689089298248,1.1482205390930176,0.13089463114738464,0.05760425329208374,0.07538461685180664,0.0177803635597229,0.2064656913280487,0.1376146674156189,0.06885102391242981,0.3998645842075348,0.29448825120925903,0.3056471347808838,0.9160691779594706,0.6724634770270023,0,0,0.5553590059280396,0.3129942715167999,0.00253450870513916,0.0003042370080947876,0.0002947896718978882,0.008250236511230469,0.003546208143234253,-0.010727409273386002,0.03484897315502167,0.3612438573592243
Stage1,S1_052,8.0,0.02,0.0,0.0,50,2.211496353149414,106,monotonic_hybrid,0.745930016040802,0.22514954209327698,0.07651109248399734,1.1989046335220337,0.12360427528619766,0.05218574404716492,0.08384615182876587,0.03166040778160095,0.2036975622177124,0.14851485192775726,0.05518271028995514,0.39545711874961853,0.29713156819343567,0.3074113726615906,0.916565894537541,0.6688480308657337,0,0,0.555354118347168,0.31294381618499756,0.0014662742614746094,0.00018040835857391357,-0.0002642422914505005,0.011335611343383789,0.0027391090989112854,-0.009814083576202393,0.04579804837703705,0.1969571087465049
Stage1,S1_052,8.0,0.02,0.0,0.0,42,2.4565467834472656,107,monotonic_hybrid,0.77955561876297,0.2236616462469101,0.09043463319540024,1.2855944633483887,0.1527351289987564,0.05250030383467674,0.10076922923326492,0.04826892539858818,0.17977795004844666,0.19130434095859528,0.01152639091014862,0.3908657729625702,0.2969943881034851,0.3121398389339447,0.9229264736122492,0.6783262428322069,0,0,0.5553610324859619,0.312995046377182,-0.0004724860191345215,0.0002774745225906372,-0.0012251585721969604,0.0020154714584350586,-0.002339079976081848,-0.011508278548717499,-0.036135777831077576,-0.06057294810762071
Stage1,S1_052,8.0,0.02,0.0,0.0,50,2.2370173931121826,108,monotonic_hybrid,0.7356018424034119,0.22264009714126587,0.0826815590262413,1.2950239181518555,0.18874534964561462,0.05462992563843727,0.0930769219994545,0.03844699636101723,0.19458971917629242,0.25,0.05541028082370758,0.3954112231731415,0.2941999137401581,0.31038883328437805,0.9180948209166458,0.692311298538919,0,0,0.555354118347168,0.31294554471969604,0.00032705068588256836,-0.0007796585559844971,-0.0009871795773506165,0.0017819404602050781,-0.006154283881187439,-0.011270135641098022,-0.039811864495277405,0.0444800623612582
Stage1,S1_052,8.0,0.02,0.0,0.0,40,2.318632125854492,109,monotonic_hybrid,0.727078378200531,0.22135977447032928,0.08131852000951767,1.0675557851791382,0.1371660828590393,0.04927501454949379,0.08769230544567108,0.03841729089617729,0.1861526221036911,0.1599999964237213,0.026152625679969788,0.3941625952720642,0.2966185510158539,0.30921879410743713,0.9179565614696835,0.6993865340882435,0,0,0.5553624629974365,0.3130166530609131,0.002339959144592285,-0.0001065284013748169,-0.0002118423581123352,0.011114120483398438,0.0008896738290786743,-0.008510127663612366,0.017049133777618408,0.32286947718880016
Stage1,S1_052,8.0,0.02,0.0,0.0,33,2.3414649963378906,110,monotonic_hybrid,0.7110595107078552,0.2196107804775238,0.07439888268709183,1.2602481842041016,0.15745699405670166,0.06115850433707237,0.08538461476564407,0.0242261104285717,0.19463981688022614,0.19658119976520538,0.001941382884979248,0.3911714553833008,0.2951349914073944,0.3136935234069824,0.9281762327486132,0.6692042909082079,0,0,0.5553712844848633,0.3130854368209839,0.0016896724700927734,0.0003366321325302124,-0.001377686858177185,0.003088235855102539,-0.0023206770420074463,-0.01768091320991516,-0.04622529447078705,0.23819344705863274
Stage1,S1_053,8.0,0.05,0.0,0.0,43,2.312835454940796,101,monotonic_hybrid,0.7700926065444946,0.23055528104305267,0.07817360758781433,1.2477108240127563,0.15646463632583618,0.05673660337924957,0.08692307770252228,0.030186474323272705,0.19620734453201294,0.19847328960895538,0.002265945076942444,0.37996163964271545,0.29587283730506897,0.3241655230522156,0.9207622345969374,0.647640609283746,0,0,0.5562981367111206,0.3095865249633789,0.001047670841217041,-0.0006456524133682251,-0.0006768703460693359,0.004823088645935059,-0.0026796162128448486,-0.012725166976451874,-0.044367775321006775,0.1362301203191677
Stage1,S1_053,8.0,0.05,0.0,0.0,43,2.130284547805786,102,monotonic_hybrid,0.7373088002204895,0.21702228486537933,0.07896451652050018,1.4742668867111206,0.19675472378730774,0.048101261258125305,0.08923076838254929,0.04112950712442398,0.1823396235704422,0.2539682686328888,0.0716286450624466,0.3835239112377167,0.2957364618778229,0.32073965668678284,0.9255361499385985,0.6399666286640894,0,0,0.556296706199646,0.3095633387565613,-0.00020521879196166992,-7.02589750289917e-05,-0.0015309005975723267,-0.018998026847839355,-0.00872020423412323,-0.012318383902311325,-0.04469878971576691,-0.02782574794123409
Stage1,S1_053,8.0,0.05,0.0,0.0,50,2.235767364501953,103,monotonic_hybrid,0.7096790671348572,0.22205676138401031,0.07843215018510818,1.1747090816497803,0.12941093742847443,0.04755537584424019,0.08538461476564407,0.037829238921403885,0.16728359460830688,0.14159291982650757,0.025690674781799316,0.3860236406326294,0.29530635476112366,0.31867003440856934,0.9188312913757916,0.6417087167182292,0,0,0.5562785863876343,0.30945831537246704,0.001105666160583496,-0.0007627755403518677,-0.0005125030875205994,0.003049612045288086,0.0014197975397109985,-0.010005980730056763,0.006808564066886902,0.15604116088230635
Stage1,S1_053,8.0,0.05,0.0,0.0,49,2.404583215713501,104,monotonic_hybrid,0.7210832238197327,0.22688333690166473,0.07217452675104141,1.2397321462631226,0.15036055445671082,0.06441343575716019,0.07999999821186066,0.01558656245470047,0.193387970328331,0.18110236525535583,0.012285605072975159,0.38305139541625977,0.2949030101299286,0.32204556465148926,0.9196436980859838,0.6683863946342977,0,0,0.5562875270843506,0.30954790115356445,0.0030405521392822266,-0.001364201307296753,-0.0004148632287979126,0.01003420352935791,-0.0006526708602905273,-0.01688389852643013,-0.018229961395263672,0.42345006212045283
Stage1,S1_053,8.0,0.05,0.0,0.0,43,2.293727397918701,105,monotonic_hybrid,0.7042838335037231,0.2202150821685791,0.07127446681261063,1.1486483812332153,0.13105803728103638,0.058087218552827835,0.07538461685180664,0.017297398298978806,0.20771123468875885,0.1376146674156189,0.07009656727313995,0.39045390486717224,0.29488885402679443,0.31465721130371094,0.9175771429113353,0.6707071633878429,0,0,0.5562970638275146,0.3095744550228119,0.0026777982711791992,0.000329822301864624,0.0003123655915260315,0.008678078651428223,0.0037096142768859863,-0.011210374534130096,0.03609451651573181,0.381666937954953
Stage1,S1_053,8.0,0.05,0.0,0.0,50,2.2052857875823975,106,monotonic_hybrid,0.7459986209869385,0.22516465187072754,0.07650361955165863,1.1995902061462402,0.12376409024000168,0.052534859627485275,0.08384615182876587,0.031311292201280594,0.20496661961078644,0.14851485192775726,0.056451767683029175,0.3858503997325897,0.29756662249565125,0.31658297777175903,0.9181699005537504,0.6670556281047739,0,0,0.5562757253646851,0.3094426393508911,0.001534879207611084,0.0001955181360244751,-0.0002717152237892151,0.012021183967590332,0.0028989240527153015,-0.01016319915652275,0.047067105770111084,0.20617245964761172
Stage1,S1_053,8.0,0.05,0.0,0.0,42,2.4525692462921143,107,monotonic_hybrid,0.7795621156692505,0.22368699312210083,0.09040502458810806,1.285584807395935,0.1527029573917389,0.05286429077386856,0.10076922923326492,0.04790493845939636,0.18078310787677765,0.19130434095859528,0.010521233081817627,0.3815193474292755,0.2972519099712372,0.3212287425994873,0.9244071873483323,0.6766242707573326,0,0,0.5563012957572937,0.3095776438713074,-0.0004659891128540039,0.00030282139778137207,-0.0012547671794891357,0.0020058155059814453,-0.0023712515830993652,-0.011872265487909317,-0.03714093565940857,-0.0597400414160942
Stage1,S1_053,8.0,0.05,0.0,0.0,50,2.231452226638794,108,monotonic_hybrid,0.7356594800949097,0.22266484797000885,0.08266480267047882,1.295098066329956,0.18863888084888458,0.05492308363318443,0.0930769219994545,0.038153838366270065,0.19551105797290802,0.25,0.05448894202709198,0.38583269715309143,0.294596791267395,0.31957048177719116,0.9196243485031477,0.6907897992342944,0,0,0.5562760829925537,0.3094468116760254,0.0003846883773803711,-0.0007549077272415161,-0.0010039359331130981,0.001856088638305664,-0.0062607526779174805,-0.011563293635845184,-0.040733203291893005,0.05231899443768187
Stage1,S1_053,8.0,0.05,0.0,0.0,40,2.3148984909057617,109,monotonic_hybrid,0.7271702885627747,0.22139127552509308,0.08130129426717758,1.0679765939712524,0.13722214102745056,0.04971771314740181,0.08769230544567108,0.03797459229826927,0.18744626641273499,0.1599999964237213,0.027446269989013672,0.38486233353614807,0.29689016938209534,0.3182474970817566,0.919521815950834,0.6976868528703096,0,0,0.5563088655471802,0.3096334934234619,0.0024318695068359375,-7.502734661102295e-05,-0.0002290681004524231,0.011534929275512695,0.0009457319974899292,-0.008952826261520386,0.018342778086662292,0.33555134416687166
Stage1,S1_053,8.0,0.05,0.0,0.0,44,2.3367810249328613,110,monotonic_hybrid,0.7106138467788696,0.21970126032829285,0.07456855475902557,1.2599393129348755,0.15721233189105988,0.05714826285839081,0.08538461476564407,0.028236351907253265,0.18970009684562683,0.19658119976520538,0.006881102919578552,0.3814906179904938,0.29555410146713257,0.32295528054237366,0.929686991493914,0.6677250484759186,0,0,0.5562931299209595,0.30954182147979736,0.0012440085411071777,0.00042711198329925537,-0.0012080147862434387,0.002779364585876465,-0.002565339207649231,-0.013670671731233597,-0.041285574436187744,0.17536811886414294
Stage1,S1_054,8.0,0.1,0.0,0.0,43,2.3049564361572266,101,monotonic_hybrid,0.770220935344696,0.23058128356933594,0.0781506672501564,1.2481049299240112,0.156440868973732,0.05752070993185043,0.08692307770252228,0.029402367770671844,0.19834646582603455,0.19847328960895538,0.0001268237829208374,0.3644453287124634,0.2959578037261963,0.3395968973636627,0.9233690399195621,0.6443040194956478,0,0,0.5570253133773804,0.3034229278564453,0.001175999641418457,-0.0006196498870849609,-0.0006998106837272644,0.005217194557189941,-0.0027033835649490356,-0.013509273529052734,-0.04650689661502838,0.15291689559635768
Stage1,S1_054,8.0,0.1,0.0,0.0,43,2.118974208831787,102,monotonic_hybrid,0.7373521327972412,0.21706709265708923,0.07892222702503204,1.473654866218567,0.19648849964141846,0.04854352027177811,0.08923076838254929,0.04068724811077118,0.18406175076961517,0.2539682686328888,0.06990651786327362,0.3679405748844147,0.29592761397361755,0.3361317813396454,0.9279191688110893,0.6369179180506166,0,0,0.5570164918899536,0.30337753891944885,-0.00016188621520996094,-2.5451183319091797e-05,-0.0015731900930404663,-0.019610047340393066,-0.008986428380012512,-0.012760642915964127,-0.04642091691493988,-0.021950256000113792
Stage1,S1_054,8.0,0.1,0.0,0.0,50,2.2255008220672607,103,monotonic_hybrid,0.7098073363304138,0.22209477424621582,0.07841259241104126,1.1749920845031738,0.12950101494789124,0.04808198660612106,0.08538461476564407,0.03730262815952301,0.1690385788679123,0.14159291982650757,0.027445659041404724,0.37009337544441223,0.2956615388393402,0.33424508571624756,0.9215348895326005,0.6382307773334874,0,0,0.556959867477417,0.3031509518623352,0.0012339353561401367,-0.0007247626781463623,-0.0005320608615875244,0.0033326148986816406,0.0015098750591278076,-0.010532591491937637,0.00856354832649231,0.1741436179291378
Stage1,S1_054,8.0,0.1,0.0,0.0,49,2.3983492851257324,104,monotonic_hybrid,0.7213617563247681,0.2269079089164734,0.07217878848314285,1.2404049634933472,0.15040573477745056,0.06534227728843689,0.07999999821186066,0.014657720923423767,0.1953784078359604,0.18110236525535583,0.014276042580604553,0.3674122989177704,0.295137882232666,0.337449848651886,0.9222868598404672,0.6652762209404898,0,0,0.5570054054260254,0.30333635210990906,0.003319084644317627,-0.0013396292924880981,-0.00041060149669647217,0.01070702075958252,-0.0006074905395507812,-0.017812740057706833,-0.016239523887634277,0.46224058474824387
Stage1,S1_054,8.0,0.1,0.0,0.0,49,2.2858967781066895,105,monotonic_hybrid,0.7054493427276611,0.22021597623825073,0.07159502804279327,1.1543574333190918,0.13342531025409698,0.06253969669342041,0.07538461685180664,0.01284492015838623,0.22104792296886444,0.1376146674156189,0.08343325555324554,0.37437036633491516,0.2954355776309967,0.33019405603408813,0.9201300166588584,0.667824440512746,0,0,0.5569702386856079,0.30319535732269287,0.0038433074951171875,0.0003307163715362549,0.0006329268217086792,0.014387130737304688,0.006076887249946594,-0.01566285267472267,0.0494312047958374,0.5477871201383469
Stage1,S1_054,8.0,0.1,0.0,0.0,50,2.194793224334717,106,monotonic_hybrid,0.7461143732070923,0.22518986463546753,0.07649169862270355,1.200741171836853,0.12403253465890884,0.05311025306582451,0.08384615182876587,0.03073589876294136,0.20703314244747162,0.14851485192775726,0.058518290519714355,0.3699357807636261,0.29795464873313904,0.33210960030555725,0.9207877223706603,0.6640957072598074,0,0,0.5569508671760559,0.30311763286590576,0.0016506314277648926,0.00022073090076446533,-0.0002836361527442932,0.013172149658203125,0.003167368471622467,-0.010738592594861984,0.049133628606796265,0.22172086229743743
Stage1,S1_054,8.0,0.1,0.0,0.0,42,2.44575572013855,107,monotonic_hybrid,0.7795761227607727,0.2237294614315033,0.09035667777061462,1.2855790853500366,0.15265408158302307,0.05347049608826637,0.10076922923326492,0.04729873314499855,0.18243616819381714,0.19130434095859528,0.008868172764778137,0.36603689193725586,0.29735609889030457,0.3366070091724396,0.9268188615720706,0.6738173379150015,0,0,0.5570276379585266,0.30340954661369324,-0.0004519820213317871,0.0003452897071838379,-0.0013031139969825745,0.002000093460083008,-0.0024201273918151855,-0.012478470802307129,-0.03879399597644806,-0.05794432515454622
Stage1,S1_054,8.0,0.1,0.0,0.0,50,2.221999168395996,108,monotonic_hybrid,0.7357578277587891,0.22270704805850983,0.08263777196407318,1.2952295541763306,0.18847082555294037,0.05540870130062103,0.0930769219994545,0.037668220698833466,0.1969948559999466,0.25,0.053005144000053406,0.36996233463287354,0.29492753744125366,0.3351101577281952,0.9221221770121051,0.6882705442685323,0,0,0.5569521188735962,0.30312538146972656,0.0004830360412597656,-0.0007127076387405396,-0.0010309666395187378,0.0019875764846801758,-0.006428807973861694,-0.012048911303281784,-0.04221700131893158,0.06569462828059713
Stage1,S1_054,8.0,0.1,0.0,0.0,40,2.3085410594940186,109,monotonic_hybrid,0.7273283004760742,0.22144563496112823,0.08127313107252121,1.0686880350112915,0.1373194456100464,0.05045899748802185,0.08769230544567108,0.03723330795764923,0.18957561254501343,0.1599999964237213,0.029575616121292114,0.3694397807121277,0.29702049493789673,0.3335397243499756,0.9220742945315495,0.6948697592032907,0,0,0.5570551156997681,0.3035258650779724,0.002589881420135498,-2.06679105758667e-05,-0.00025723129510879517,0.012246370315551758,0.0010430365800857544,-0.009694110602140427,0.020472124218940735,0.3573539572400672
Stage1,S1_054,8.0,0.1,0.0,0.0,44,2.3286702632904053,110,monotonic_hybrid,0.7106801867485046,0.2197350412607193,0.07452554255723953,1.260229468345642,0.1571751832962036,0.057823557406663895,0.08538461476564407,0.02756105735898018,0.1918279528617859,0.19658119976520538,0.004753246903419495,0.3659133017063141,0.2957153916358948,0.3383713364601135,0.9320658903908526,0.6652635507946156,0,0,0.5570051670074463,0.303330659866333,0.0013103485107421875,0.000460892915725708,-0.00125102698802948,0.0030695199966430664,-0.002602487802505493,-0.014345966279506683,-0.0434134304523468,0.18472007690620088
Stage1,S1_055,8.0,0.2,0.0,0.0,43,2.2887887954711914,101,monotonic_hybrid,0.7704989314079285,0.2306358963251114,0.07811102271080017,1.248968243598938,0.15642033517360687,0.05907082185149193,0.08692307770252228,0.02785225585103035,0.20248562097549438,0.19847328960895538,0.0040123313665390015,0.333879679441452,0.294894278049469,0.371226042509079,0.928379167287701,0.6377561406645191,0,0,0.5553709268569946,0.28944361209869385,0.001453995704650879,-0.0005650371313095093,-0.0007394552230834961,0.006080508232116699,-0.0027239173650741577,-0.015059385448694229,-0.04262138903141022,0.18906511663342876
Stage1,S1_055,8.0,0.2,0.0,0.0,48,2.0957305431365967,102,monotonic_hybrid,0.7377541661262512,0.21723289787769318,0.07880140095949173,1.4743852615356445,0.19622966647148132,0.05146009102463722,0.08923076838254929,0.037770677357912064,0.19043271243572235,0.2539682686328888,0.06353555619716644,0.3365024924278259,0.29539620876312256,0.3681012988090515,0.9326003340647798,0.6310220962325903,0,0,0.5551971793174744,0.28897756338119507,0.00024014711380004883,0.00014035403728485107,-0.00169401615858078,-0.01887965202331543,-0.009245261549949646,-0.015677213668823242,-0.05279187858104706,0.03256170155539708
Stage1,S1_055,8.0,0.2,0.0,0.0,50,2.204582691192627,103,monotonic_hybrid,0.7100531458854675,0.22216829657554626,0.07837449014186859,1.1755125522613525,0.12966039776802063,0.04909058287739754,0.08538461476564407,0.036294031888246536,0.17231321334838867,0.14159291982650757,0.030720293521881104,0.3387299180030823,0.29510051012039185,0.3661695420742035,0.9267183395581775,0.6314205919795908,0,0,0.5551504492759705,0.2888489067554474,0.0014797449111938477,-0.000651240348815918,-0.0005701631307601929,0.0038530826568603516,0.0016692578792572021,-0.011541187763214111,0.011838182806968689,0.20883438598728504
Stage1,S1_055,8.0,0.2,0.0,0.0,49,2.3852531909942627,104,monotonic_hybrid,0.721953809261322,0.22696241736412048,0.07219588756561279,1.2417982816696167,0.15051990747451782,0.0672135204076767,0.07999999821186066,0.01278647780418396,0.19926221668720245,0.18110236525535583,0.01815985143184662,0.33657941222190857,0.2943391799926758,0.36908140778541565,0.9273415251541954,0.6591284765089065,0,0,0.5553213357925415,0.2892375886440277,0.003911137580871582,-0.0012851208448410034,-0.000393502414226532,0.01210033893585205,-0.0004933178424835205,-0.01968398317694664,-0.012355715036392212,0.544694310676309
Stage1,S1_055,8.0,0.2,0.0,0.0,49,2.2695937156677246,105,monotonic_hybrid,0.7060032486915588,0.22032921016216278,0.07167673856019974,1.1559536457061768,0.1340048909187317,0.06405697017908096,0.07538461685180664,0.011327646672725677,0.224840447306633,0.1376146674156189,0.0872257798910141,0.34312674403190613,0.29506170749664307,0.3618115782737732,0.9249754564469436,0.662151382270684,0,0,0.5551882386207581,0.2889382243156433,0.004397213459014893,0.0004439502954483032,0.0007146373391151428,0.01598334312438965,0.006656467914581299,-0.017180126160383224,0.05322372913360596,0.6267354096458787
Stage1,S1_055,8.0,0.2,0.0,0.0,50,2.173367500305176,106,monotonic_hybrid,0.7463489770889282,0.22523976862430573,0.07646959275007248,1.2030595541000366,0.12457358092069626,0.05423571541905403,0.08384615182876587,0.029610436409711838,0.21097907423973083,0.14851485192775726,0.06246422231197357,0.33860573172569275,0.29744917154312134,0.3639450669288635,0.9258110673888797,0.6582794332107471,0,0,0.5551215410232544,0.2887762486934662,0.00188523530960083,0.00027063488960266113,-0.0003057420253753662,0.015490531921386719,0.0037084147334098816,-0.011864054948091507,0.05307956039905548,0.2532339996968782
Stage1,S1_055,8.0,0.2,0.0,0.0,42,2.431485891342163,107,monotonic_hybrid,0.7796157598495483,0.22381502389907837,0.09026399254798889,1.2856037616729736,0.15257354080677032,0.054677125066518784,0.10076922923326492,0.04609210416674614,0.18564824759960175,0.19130434095859528,0.00565609335899353,0.33555901050567627,0.2963320314884186,0.36810895800590515,0.9314254119473031,0.6683148440575172,0,0,0.5553708672523499,0.28943702578544617,-0.00041234493255615234,0.00043085217475891113,-0.0013957992196083069,0.0020247697830200195,-0.002500668168067932,-0.01368509978055954,-0.042006075382232666,-0.052862830201655116
Stage1,S1_055,8.0,0.2,0.0,0.0,50,2.2024834156036377,108,monotonic_hybrid,0.7359633445739746,0.22279603779315948,0.08258657157421112,1.2955209016799927,0.18816308677196503,0.05637075752019882,0.0930769219994545,0.036706164479255676,0.19981880486011505,0.25,0.05018119513988495,0.33870887756347656,0.294332355260849,0.3669587969779968,0.9269188157019413,0.6832915697872807,0,0,0.5551244616508484,0.2887875437736511,0.0006885528564453125,-0.0006237179040908813,-0.0010821670293807983,0.002278923988342285,-0.006736546754837036,-0.013010967522859573,-0.04504095017910004,0.09364564978991338
Stage1,S1_055,8.0,0.2,0.0,0.0,40,2.295362949371338,109,monotonic_hybrid,0.7276613712310791,0.221561461687088,0.08121902495622635,1.0701398849487305,0.13752715289592743,0.0519518181681633,0.08769230544567108,0.03574048727750778,0.19372253119945526,0.1599999964237213,0.03372253477573395,0.3390229642391205,0.2960578501224518,0.36491915583610535,0.9269612319524811,0.6892992522030509,0,0,0.5554645657539368,0.28968217968940735,0.002922952175140381,9.515881538391113e-05,-0.000311337411403656,0.013698220252990723,0.0012507438659667969,-0.011186931282281876,0.02461904287338257,0.40331133251468676
Stage1,S1_055,8.0,0.2,0.0,0.0,44,2.311915874481201,110,monotonic_hybrid,0.7108350396156311,0.2198047786951065,0.07444721460342407,1.2608813047409058,0.15713000297546387,0.05915658175945282,0.08538461476564407,0.026228033006191254,0.19591961801052094,0.19658119976520538,0.0006615817546844482,0.33524736762046814,0.29480230808258057,0.3699503242969513,0.9365781427174034,0.6604438642919126,0,0,0.5553004741668701,0.28925272822380066,0.0014652013778686523,0.000530630350112915,-0.0013293549418449402,0.0037213563919067383,-0.0026476681232452393,-0.01567899063229561,-0.04750509560108185,0.2065497148156946
Stage1,S1_056,8.0,0.4,0.0,0.0,43,2.2553577423095703,101,monotonic_hybrid,0.7711196541786194,0.23076008260250092,0.07805658876895905,1.2508574724197388,0.15647782385349274,0.06205018237233162,0.08692307770252228,0.02487289533019066,0.21004977822303772,0.19847328960895538,0.011576488614082336,0.2756238579750061,0.28787919878959656,0.43649694323539734,0.9375466036759988,0.625201958541925,0,0,0.5402626395225525,0.2561820149421692,0.002074718475341797,-0.0004408508539199829,-0.0007938891649246216,0.00796973705291748,-0.0026664286851882935,-0.01803874596953392,-0.03505723178386688,0.2697785758701479
Stage1,S1_056,8.0,0.4,0.0,0.0,48,2.048146963119507,102,monotonic_hybrid,0.738154411315918,0.2175607979297638,0.07859296351671219,1.4719592332839966,0.19511093199253082,0.05424610525369644,0.08923076838254929,0.034984663128852844,0.19865953922271729,0.2539682686328888,0.05530872941017151,0.2773903012275696,0.2889876961708069,0.43362200260162354,0.9409737067635925,0.6198508666357654,0,0,0.5397161245346069,0.2551659941673279,0.0006403923034667969,0.00046825408935546875,-0.001902453601360321,-0.02130568027496338,-0.010363996028900146,-0.01846322789788246,-0.06101870536804199,0.08683120414772555
Stage1,S1_056,8.0,0.4,0.0,0.0,50,2.1619906425476074,103,monotonic_hybrid,0.7105803489685059,0.2223321944475174,0.07831424474716187,1.176682710647583,0.13000909984111786,0.0509752482175827,0.08538461476564407,0.03440936654806137,0.1782168298959732,0.14159291982650757,0.03662391006946564,0.2790031433105469,0.2889123558998108,0.43208450078964233,0.9361650509567105,0.6184144207370668,0,0,0.5395632982254028,0.2548776865005493,0.0020069479942321777,-0.0004873424768447876,-0.0006304085254669189,0.00502324104309082,0.002017959952354431,-0.013425853103399277,0.017741799354553223,0.28323783978803974
Stage1,S1_056,8.0,0.4,0.0,0.0,49,2.3570716381073,104,monotonic_hybrid,0.7232220768928528,0.22708214819431305,0.07226066291332245,1.2446222305297852,0.1508009433746338,0.07087990641593933,0.07999999821186066,0.009120091795921326,0.20642879605293274,0.18110236525535583,0.025326430797576904,0.2777527868747711,0.28775060176849365,0.43449661135673523,0.9365082328526818,0.6472229245537992,0,0,0.5400807857513428,0.25567930936813354,0.005179405212402344,-0.0011653900146484375,-0.0003287270665168762,0.014924287796020508,-0.0002122819423675537,-0.023350369185209274,-0.005189135670661926,0.7213227593119045
Stage1,S1_056,8.0,0.4,0.0,0.0,49,2.236022710800171,105,monotonic_hybrid,0.7071284651756287,0.22055384516716003,0.07184190303087234,1.1591076850891113,0.1350984126329422,0.06692234426736832,0.07538461685180664,0.008462272584438324,0.2317354828119278,0.1376146674156189,0.0941208153963089,0.28343188762664795,0.28929176926612854,0.4272763431072235,0.9339279255028502,0.6512415508505158,0,0,0.5396705269813538,0.25504374504089355,0.005522429943084717,0.0006685853004455566,0.0008798018097877502,0.01913738250732422,0.007749989628791809,-0.020045500248670578,0.06011876463890076,0.7871126623439512
Stage1,S1_056,8.0,0.4,0.0,0.0,50,2.129544734954834,106,monotonic_hybrid,0.7468129992485046,0.22533507645130157,0.07642972469329834,1.2076404094696045,0.12564614415168762,0.05639025941491127,0.08384615182876587,0.0274558924138546,0.21810850501060486,0.14851485192775726,0.0695936530828476,0.2789461612701416,0.29132765531539917,0.42972618341445923,0.9350067380785567,0.6470700213334968,0,0,0.5394755601882935,0.2547227144241333,0.002349257469177246,0.00036594271659851074,-0.0003456100821495056,0.02007138729095459,0.004780977964401245,-0.014018598943948746,0.060208991169929504,0.31556371886726603
Stage1,S1_056,8.0,0.4,0.0,0.0,42,2.4008729457855225,107,monotonic_hybrid,0.7797380089759827,0.22398869693279266,0.09009570628404617,1.2857728004455566,0.15247397124767303,0.05703750625252724,0.10076922923326492,0.043731722980737686,0.1916312724351883,0.19130434095859528,0.0003269314765930176,0.2775067090988159,0.28939002752304077,0.43310320377349854,0.9397589246510513,0.6577597823381915,0,0,0.540297269821167,0.2562578320503235,-0.00029009580612182617,0.0006045252084732056,-0.0015640854835510254,0.0021938085556030273,-0.002600237727165222,-0.016045480966567993,-0.04733523726463318,-0.03719042997852782
Stage1,S1_056,8.0,0.4,0.0,0.0,50,2.1617743968963623,108,monotonic_hybrid,0.7364014387130737,0.22299154102802277,0.08249502629041672,1.2961746454238892,0.18765300512313843,0.058245427906513214,0.0930769219994545,0.034831494092941284,0.20486654341220856,0.25,0.04513345658779144,0.2791445553302765,0.28813278675079346,0.4327225983142853,0.9357017072127755,0.6735652203418182,0,0,0.5394699573516846,0.25471627712249756,0.0011266469955444336,-0.0004282146692276001,-0.0011737123131752014,0.0029326677322387695,-0.007246628403663635,-0.014885637909173965,-0.05008868873119354,0.1532280187265359
Stage1,S1_056,8.0,0.4,0.0,0.0,47,2.2670857906341553,109,monotonic_hybrid,0.7293726205825806,0.2224999964237213,0.08088552206754684,1.075760006904602,0.13803736865520477,0.05703159049153328,0.08769230544567108,0.030660714954137802,0.2050890326499939,0.1599999964237213,0.04508903622627258,0.27873244881629944,0.290077805519104,0.43118971586227417,0.9362733641165641,0.6784853033246429,0,0,0.5398277044296265,0.2553519010543823,0.004634201526641846,0.001033693552017212,-0.0006448403000831604,0.019318342208862305,0.0017609596252441406,-0.016266703605651855,0.035985544323921204,0.6394309180791692
Stage1,S1_056,8.0,0.4,0.0,0.0,44,2.276827096939087,110,monotonic_hybrid,0.7112011909484863,0.21994557976722717,0.07432052493095398,1.2623661756515503,0.15713974833488464,0.06170620396733284,0.08538461476564407,0.023678410798311234,0.20342108607292175,0.19658119976520538,0.00683988630771637,0.2768423557281494,0.2880648672580719,0.4350927770137787,0.9446195202726965,0.651197885430699,0,0,0.5400582551956177,0.25580644607543945,0.001831352710723877,0.0006714314222335815,-0.001456044614315033,0.0052062273025512695,-0.002637922763824463,-0.01822861284017563,-0.04132679104804993,0.25816613732455523
Stage2,S2_001,3.0,0.1,0.0,0.0,43,1.3219859600067139,101,monotonic_hybrid,0.7692502737045288,0.23093444108963013,0.0783582329750061,1.2420668601989746,0.1569792479276657,0.051786139607429504,0.08692307770252228,0.03513693809509277,0.17996661365032196,0.19847328960895538,0.018506675958633423,0.3644735515117645,0.29595327377319336,0.3395731449127197,0.9233645974320644,0.6443068382901661,0,0,0.5570282936096191,0.30343520641326904,0.0002053380012512207,-0.0002664923667907715,-0.0004922449588775635,-0.0008208751678466797,-0.00216500461101532,-0.007774703204631805,-0.028127044439315796,0.026700390538745677
Stage2,S2_001,3.0,0.1,0.0,0.0,43,1.2153644561767578,102,monotonic_hybrid,0.7366745471954346,0.2169996052980423,0.07949566841125488,1.479819416999817,0.19972370564937592,0.043191779404878616,0.08923076838254929,0.04603898897767067,0.1656908094882965,0.2539682686328888,0.08827745914459229,0.367962121963501,0.29592040181159973,0.3361174464225769,0.9279157268789419,0.6369180506127853,0,0,0.5570188760757446,0.303386926651001,-0.0008394718170166016,-9.293854236602783e-05,-0.000999748706817627,-0.013445496559143066,-0.005751222372055054,-0.007408902049064636,-0.028049975633621216,-0.11382452338203337
Stage2,S2_001,3.0,0.1,0.0,0.0,50,1.269089937210083,103,monotonic_hybrid,0.7086142897605896,0.22198481857776642,0.07860501855611801,1.1723158359527588,0.12867505848407745,0.04350835084915161,0.08538461476564407,0.04187626391649246,0.15166977047920227,0.14159291982650757,0.010076850652694702,0.37010830640792847,0.2956562340259552,0.33423542976379395,0.9215322080123403,0.6382309701453851,0,0,0.5569614768028259,0.30315738916397095,4.088878631591797e-05,-0.0008347183465957642,-0.0003396347165107727,0.0006563663482666016,0.0006839185953140259,-0.005958955734968185,-0.008805260062217712,0.005770578779798499
Stage2,S2_001,3.0,0.1,0.0,0.0,49,1.3630056381225586,104,monotonic_hybrid,0.7194255590438843,0.22717508673667908,0.07221508026123047,1.2343511581420898,0.15036411583423615,0.0592966303229332,0.07999999821186066,0.02070336788892746,0.17983417212963104,0.18110236525535583,0.0012681931257247925,0.3674604892730713,0.29514583945274353,0.3373936712741852,0.9222806818960765,0.6652878843083955,0,0,0.5570086240768433,0.3033573031425476,0.0013828873634338379,-0.0010724514722824097,-0.0003743097186088562,0.004653215408325195,-0.0006491094827651978,-0.01176709309220314,-0.029247373342514038,0.1925912509067793
Stage2,S2_001,3.0,0.1,0.0,0.0,43,1.3053103685379028,105,monotonic_hybrid,0.7028679847717285,0.22010211646556854,0.07113815099000931,1.143723487854004,0.12968820333480835,0.053918950259685516,0.07538461685180664,0.021465666592121124,0.1950145810842514,0.1376146674156189,0.05739991366863251,0.374869167804718,0.29522705078125,0.32990381121635437,0.9200424986824959,0.6678104482451755,0,0,0.5570244789123535,0.30341026186943054,0.0012619495391845703,0.00021685659885406494,0.00017604976892471313,0.003753185272216797,0.002339780330657959,-0.007042106240987778,0.023397862911224365,0.17986583293376363
Stage2,S2_001,3.0,0.1,0.0,0.0,50,1.2649548053741455,106,monotonic_hybrid,0.745039701461792,0.22513176500797272,0.07657893002033234,1.1929042339324951,0.12224020808935165,0.04878558963537216,0.08384615182876587,0.03506056219339371,0.18907062709331512,0.14851485192775726,0.04055577516555786,0.36994674801826477,0.2979505658149719,0.3321026861667633,0.92078577527389,0.6640956307758664,0,0,0.5569521188735962,0.3031224012374878,0.0005759596824645996,0.00016263127326965332,-0.00019640475511550903,0.005335211753845215,0.001375041902065277,-0.0064139291644096375,0.03117111325263977,0.07736571308201126
Stage2,S2_001,3.0,0.1,0.0,0.0,42,1.400504231452942,107,monotonic_hybrid,0.7792962193489075,0.2235838621854782,0.09083795547485352,1.282144546508789,0.15325070917606354,0.04823276400566101,0.10076922923326492,0.05253646522760391,0.16702894866466522,0.19130434095859528,0.024275392293930054,0.3660537898540497,0.29734984040260315,0.3365963399410248,0.9268160328068715,0.6738171531420595,0,0,0.5570294857025146,0.303416907787323,-0.0007318854331970215,0.00019969046115875244,-0.0008218362927436829,-0.0014344453811645508,-0.0018234997987747192,-0.007240738719701767,-0.023386776447296143,-0.09382808500233061
Stage2,S2_001,3.0,0.1,0.0,0.0,50,1.2678906917572021,108,monotonic_hybrid,0.7349793910980225,0.22304747998714447,0.08300773799419403,1.2912343740463257,0.19056956470012665,0.05032225325703621,0.0930769219994545,0.04275466874241829,0.18058927357196808,0.25,0.06941072642803192,0.36997321248054504,0.29492345452308655,0.335103303194046,0.9221203280282007,0.688270306491943,0,0,0.5569534301757812,0.3031300902366638,-0.00029540061950683594,-0.000372275710105896,-0.0006610006093978882,-0.002007603645324707,-0.004330068826675415,-0.0069624632596969604,-0.025811418890953064,-0.04017554019726547
Stage2,S2_001,3.0,0.1,0.0,0.0,40,1.319403886795044,109,monotonic_hybrid,0.725793182849884,0.22140511870384216,0.08138254284858704,1.0614030361175537,0.13673625886440277,0.04635590314865112,0.08769230544567108,0.04133640229701996,0.17425674200057983,0.1599999964237213,0.01425674557685852,0.36946621537208557,0.29701459407806396,0.3335191607475281,0.9220700420965228,0.6948712464352985,0,0,0.5570578575134277,0.3035373389720917,0.0010547637939453125,-6.118416786193848e-05,-0.00014781951904296875,0.004961371421813965,0.00045984983444213867,-0.005591016262769699,0.005153253674507141,0.14553717123472942
Stage2,S2_001,3.0,0.1,0.0,0.0,44,1.342012643814087,110,monotonic_hybrid,0.7094820141792297,0.21962574124336243,0.07484398782253265,1.2560454607009888,0.1577218472957611,0.05317217484116554,0.08538461476564407,0.03221243992447853,0.17644420266151428,0.19658119976520538,0.0201369971036911,0.3659326136112213,0.29570910334587097,0.3383582830429077,0.9320629313203295,0.6652634481794081,0,0,0.5570072531700134,0.3033391833305359,0.00011217594146728516,0.00035159289836883545,-0.0009325817227363586,-0.001114487648010254,-0.002055823802947998,-0.009694583714008331,-0.028029680252075195,0.01581346364344387
Stage2,S2_002,3.0,0.1,0.0,0.005,43,1.3214787244796753,101,monotonic_hybrid,0.7692446112632751,0.23093262314796448,0.07836083322763443,1.2420786619186401,0.15699122846126556,0.05172852799296379,0.08692307770252228,0.03519454970955849,0.1797541230916977,0.19847328960895538,0.01871916651725769,0.36400675773620605,0.29651394486427307,0.33947932720184326,0.9233645487486408,0.6443068686635641,0,0,0.5486727952957153,0.298883855342865,0.0001996755599975586,-0.0002683103084564209,-0.0004896447062492371,-0.0008090734481811523,-0.0021530240774154663,-0.007717091590166092,-0.02791455388069153,0.025964095298925405
Stage2,S2_002,3.0,0.1,0.0,0.005,43,1.2148404121398926,102,monotonic_hybrid,0.7366804480552673,0.2169971913099289,0.07950189709663391,1.4799150228500366,0.19976268708705902,0.04313823580741882,0.08923076838254929,0.04609253257513046,0.16547216475009918,0.2539682686328888,0.08849610388278961,0.3674429655075073,0.29648151993751526,0.3360755443572998,0.9279156891260917,0.6369180526030759,0,0,0.5486637353897095,0.29883623123168945,-0.0008335709571838379,-9.535253047943115e-05,-0.0009935200214385986,-0.01334989070892334,-0.005712240934371948,-0.007355358451604843,-0.02783133089542389,-0.11302442200353144
Stage2,S2_002,3.0,0.1,0.0,0.005,50,1.2685506343841553,103,monotonic_hybrid,0.7086092233657837,0.22198322415351868,0.0786070004105568,1.1722962856292725,0.12866218388080597,0.04345538094639778,0.08538461476564407,0.04192923381924629,0.1514490842819214,0.14159291982650757,0.009856164455413818,0.36955687403678894,0.2962213158607483,0.33422181010246277,0.9215321738863667,0.6382309735328312,0,0,0.5486070513725281,0.2986100912094116,3.5822391510009766e-05,-0.0008363127708435059,-0.00033765286207199097,0.0006368160247802734,0.0006710439920425415,-0.0059059858322143555,-0.009025946259498596,0.0050555653741383355
Stage2,S2_002,3.0,0.1,0.0,0.005,49,1.3622318506240845,104,monotonic_hybrid,0.7194184064865112,0.22717547416687012,0.07221535593271255,1.2343186140060425,0.15036329627037048,0.059249989688396454,0.07999999821186066,0.020750008523464203,0.1796818971633911,0.18110236525535583,0.0014204680919647217,0.36694902181625366,0.2957187294960022,0.33733224868774414,0.9222806260131594,0.6652879920752682,0,0,0.5486536026000977,0.2988070845603943,0.001375734806060791,-0.0010720640420913696,-0.00037403404712677,0.004620671272277832,-0.0006499290466308594,-0.011720452457666397,-0.02909509837627411,0.1915951322003092
Stage2,S2_002,3.0,0.1,0.0,0.005,43,1.3046973943710327,105,monotonic_hybrid,0.7028526067733765,0.22009766101837158,0.07113509625196457,1.1436736583709717,0.12966273725032806,0.053871188312768936,0.07538461685180664,0.021513428539037704,0.19485993683338165,0.1376146674156189,0.057245269417762756,0.37424641847610474,0.29579854011535645,0.32995501160621643,0.920042453481637,0.6678104538756315,0,0,0.5486690402030945,0.29885923862457275,0.0012465715408325195,0.0002124011516571045,0.00017299503087997437,0.0037033557891845703,0.0023143142461776733,-0.0069943442940711975,0.023243218660354614,0.17767400481658477
Stage2,S2_002,3.0,0.1,0.0,0.005,50,1.2645089626312256,106,monotonic_hybrid,0.74503093957901,0.22512906789779663,0.0765785425901413,1.192838191986084,0.12222152203321457,0.048737358301877975,0.08384615182876587,0.035108793526887894,0.18879616260528564,0.14851485192775726,0.04028131067752838,0.36939767003059387,0.2984812557697296,0.3321210741996765,0.9207857536789629,0.6640956328203861,0,0,0.5485978126525879,0.29857558012008667,0.0005671977996826172,0.0001599341630935669,-0.00019679218530654907,0.005269169807434082,0.0013563558459281921,-0.006365697830915451,0.03089664876461029,0.07618877426145287
Stage2,S2_002,3.0,0.1,0.0,0.005,42,1.3998064994812012,107,monotonic_hybrid,0.7792977690696716,0.22358037531375885,0.090842604637146,1.2821599245071411,0.15325963497161865,0.04818121716380119,0.10076922923326492,0.05258801206946373,0.16685517132282257,0.19130434095859528,0.024449169635772705,0.36556315422058105,0.2978895306587219,0.33654728531837463,0.9268159985974673,0.6738171434530887,0,0,0.5486741065979004,0.29886579513549805,-0.0007303357124328613,0.0001962035894393921,-0.0008171871304512024,-0.0014190673828125,-0.0018145740032196045,-0.0071891918778419495,-0.02321299910545349,-0.09362941001169126
Stage2,S2_002,3.0,0.1,0.0,0.005,50,1.2671977281570435,108,monotonic_hybrid,0.734976589679718,0.22304652631282806,0.08301004022359848,1.291242241859436,0.190593883395195,0.05028045177459717,0.0930769219994545,0.04279647022485733,0.18041075766086578,0.25,0.06958924233913422,0.3694237470626831,0.2954995632171631,0.3350766897201538,0.9221203091019112,0.6882703026926978,0,0,0.5485990643501282,0.29858317971229553,-0.0002982020378112793,-0.00037322938442230225,-0.0006586983799934387,-0.0019997358322143555,-0.004305750131607056,-0.006920661777257919,-0.02563290297985077,-0.04055654310066972
Stage2,S2_002,3.0,0.1,0.0,0.005,40,1.318800687789917,109,monotonic_hybrid,0.7257832884788513,0.22140361368656158,0.08138187974691391,1.0613582134246826,0.13672742247581482,0.04631948843598366,0.08769230544567108,0.041372817009687424,0.17407916486263275,0.1599999964237213,0.014079168438911438,0.3689245283603668,0.29755929112434387,0.3335161507129669,0.9220699959794699,0.6948712590752255,0,0,0.5487021207809448,0.2989844083786011,0.0010448694229125977,-6.268918514251709e-05,-0.00014848262071609497,0.004916548728942871,0.000451013445854187,-0.005554601550102234,0.004975676536560059,0.14417193782463872
Stage2,S2_002,3.0,0.1,0.0,0.005,44,1.3413646221160889,110,monotonic_hybrid,0.7094831466674805,0.21962378919124603,0.07484818994998932,1.2560417652130127,0.1577300727367401,0.053128305822610855,0.08538461476564407,0.03225630894303322,0.17626503109931946,0.19658119976520538,0.020316168665885925,0.3654438257217407,0.296273410320282,0.3382827639579773,0.9320628978566019,0.6652634455947777,0,0,0.548652172088623,0.29878920316696167,0.00011330842971801758,0.0003496408462524414,-0.0009283795952796936,-0.0011181831359863281,-0.002047598361968994,-0.009650714695453644,-0.02785050868988037,0.015973110725922845
Stage2,S2_003,3.0,0.1,0.0,0.01,43,1.320970892906189,101,monotonic_hybrid,0.7692392468452454,0.23093083500862122,0.07836351543664932,1.242090106010437,0.15700358152389526,0.05167078971862793,0.08692307770252228,0.03525228798389435,0.17954465746879578,0.19847328960895538,0.018928632140159607,0.3635399341583252,0.2970745861530304,0.3393854796886444,0.9233645008028442,0.6443069020715458,0,0,0.5403174757957458,0.29433244466781616,0.00019431114196777344,-0.0002700984477996826,-0.0004869624972343445,-0.0007976293563842773,-0.0021406710147857666,-0.007659353315830231,-0.027705088257789612,0.025266552440148304
Stage2,S2_003,3.0,0.1,0.0,0.01,43,1.214316487312317,102,monotonic_hybrid,0.7366861701011658,0.2169947773218155,0.07950814813375473,1.4800108671188354,0.19980177283287048,0.043084677308797836,0.08923076838254929,0.04614609107375145,0.16525347530841827,0.2539682686328888,0.08871479332447052,0.3669237792491913,0.2970426082611084,0.3360336422920227,0.9279156462741263,0.6369180628115222,0,0,0.54030841588974,0.29428553581237793,-0.0008278489112854004,-9.776651859283447e-05,-0.0009872689843177795,-0.013254046440124512,-0.005673155188560486,-0.007301799952983856,-0.02761264145374298,-0.11224856612134775
Stage2,S2_003,3.0,0.1,0.0,0.01,50,1.268011212348938,103,monotonic_hybrid,0.7086042165756226,0.22198159992694855,0.07860899716615677,1.1722769737243652,0.12864939868450165,0.043402474373579025,0.08538461476564407,0.04198214039206505,0.15122854709625244,0.14159291982650757,0.009635627269744873,0.369005411863327,0.29678642749786377,0.3342081308364868,0.9215321420280227,0.6382309868814364,0,0,0.540252685546875,0.2940627932548523,3.081560134887695e-05,-0.0008379369974136353,-0.0003356561064720154,0.0006175041198730469,0.0006582587957382202,-0.005853079259395599,-0.009246483445167542,0.004348963890897703
Stage2,S2_003,3.0,0.1,0.0,0.01,49,1.3614579439163208,104,monotonic_hybrid,0.719411313533783,0.22717590630054474,0.07221562415361404,1.2342860698699951,0.15036246180534363,0.05920328572392464,0.07999999821186066,0.02079671248793602,0.17952939867973328,0.18110236525535583,0.0015729665756225586,0.36643752455711365,0.29629164934158325,0.3372708261013031,0.9222805704205522,0.66528810473793,0,0,0.540298581123352,0.29425695538520813,0.0013686418533325195,-0.001071631908416748,-0.00037376582622528076,0.004588127136230469,-0.0006507635116577148,-0.01167374849319458,-0.028942599892616272,0.19060731448305962
Stage2,S2_003,3.0,0.1,0.0,0.01,43,1.304084062576294,105,monotonic_hybrid,0.7028372883796692,0.22009319067001343,0.07113204151391983,1.143623948097229,0.12963725626468658,0.05382339656352997,0.07538461685180664,0.021561220288276672,0.1947050839662552,0.1376146674156189,0.05709041655063629,0.37362366914749146,0.29637008905410767,0.3300062417984009,0.9200424058295139,0.6678104818388371,0,0,0.540313720703125,0.29430824518203735,0.0012312531471252441,0.0002079308032989502,0.0001699402928352356,0.0036536455154418945,0.002288833260536194,-0.00694655254483223,0.02308836579322815,0.17549067215722441
Stage2,S2_003,3.0,0.1,0.0,0.01,50,1.2640630006790161,106,monotonic_hybrid,0.7450222373008728,0.22512638568878174,0.07657817006111145,1.1927725076675415,0.12220297753810883,0.04868897795677185,0.08384615182876587,0.03515717387199402,0.18852120637893677,0.14851485192775726,0.040006354451179504,0.36884862184524536,0.2990119457244873,0.33213943243026733,0.9207857275777737,0.6640956316253334,0,0,0.54024338722229,0.29402875900268555,0.0005584955215454102,0.00015725195407867432,-0.00019716471433639526,0.0052034854888916016,0.0013378113508224487,-0.006317317485809326,0.030621692538261414,0.07501984182742891
Stage2,S2_003,3.0,0.1,0.0,0.01,42,1.3991087675094604,107,monotonic_hybrid,0.7792994379997253,0.2235768884420395,0.09084727615118027,1.2821757793426514,0.15326866507530212,0.048129644244909286,0.10076922923326492,0.05263958498835564,0.1666812002658844,0.19130434095859528,0.024623140692710876,0.3650725483894348,0.2984292507171631,0.3364982306957245,0.9268159686238899,0.6738171429006724,0,0,0.5403187274932861,0.2943146228790283,-0.0007286667823791504,0.00019271671772003174,-0.0008125156164169312,-0.001403212547302246,-0.0018055438995361328,-0.007137618958950043,-0.02303902804851532,-0.09341545232946427
Stage2,S2_003,3.0,0.1,0.0,0.01,50,1.2665045261383057,108,monotonic_hybrid,0.7349737882614136,0.22304558753967285,0.08301235735416412,1.2912501096725464,0.19061829149723053,0.05023857578635216,0.0930769219994545,0.04283834621310234,0.18023207783699036,0.25,0.06976792216300964,0.36887428164482117,0.29607564210891724,0.335050106048584,0.9221202804815627,0.6882703037096644,0,0,0.5402447581291199,0.294036328792572,-0.00030100345611572266,-0.00037416815757751465,-0.0006563812494277954,-0.001991868019104004,-0.004281342029571533,-0.006878785789012909,-0.025454223155975342,-0.040937546004073976
Stage2,S2_003,3.0,0.1,0.0,0.01,40,1.3181976079940796,109,monotonic_hybrid,0.7257735729217529,0.22140216827392578,0.08138121664524078,1.061313509941101,0.13671861588954926,0.046283092349767685,0.08769230544567108,0.0414092130959034,0.17390157282352448,0.1599999964237213,0.013901576399803162,0.36838284134864807,0.29810404777526855,0.33351317048072815,0.9220699470718636,0.6948712779556353,0,0,0.5403462648391724,0.29443150758743286,0.001035153865814209,-6.413459777832031e-05,-0.0001491457223892212,0.004871845245361328,0.00044220685958862305,-0.005518205463886261,0.004798084497451782,0.14283137730750148
Stage2,S2_003,3.0,0.1,0.0,0.01,44,1.3407161235809326,110,monotonic_hybrid,0.7094845175743103,0.21962186694145203,0.07485241442918777,1.2560380697250366,0.15773837268352509,0.053084347397089005,0.08538461476564407,0.03230026736855507,0.17608578503131866,0.19658119976520538,0.02049541473388672,0.36495503783226013,0.296837717294693,0.3382072448730469,0.9320628671372722,0.6652634512630692,0,0,0.5402970910072327,0.2942391633987427,0.00011467933654785156,0.00034771859645843506,-0.0009241551160812378,-0.0011218786239624023,-0.002039298415184021,-0.009606756269931793,-0.027671262621879578,0.01616636772050266
Stage2,S2_004,3.0,0.1,0.0,0.02,43,1.3199554681777954,101,monotonic_hybrid,0.7692286372184753,0.23092733323574066,0.07836895436048508,1.2421138286590576,0.15702858567237854,0.05155515298247337,0.08692307770252228,0.035367924720048904,0.17912499606609344,0.19847328960895538,0.01934829354286194,0.3626062572002411,0.29819589853286743,0.3391978442668915,0.9233644189798781,0.6443069468109348,0,0,0.5236065983772278,0.28522956371307373,0.0001837015151977539,-0.0002736002206802368,-0.0004815235733985901,-0.0007739067077636719,-0.0021156668663024902,-0.0075437165796756744,-0.02728542685508728,0.02388696767501137
Stage2,S2_004,3.0,0.1,0.0,0.02,43,1.2132678031921387,102,monotonic_hybrid,0.7366979718208313,0.21699005365371704,0.07952068746089935,1.4802029132843018,0.19988016784191132,0.042977601289749146,0.08923076838254929,0.04625316709280014,0.16481611132621765,0.2539682686328888,0.08915215730667114,0.3658853769302368,0.29816487431526184,0.3359498083591461,0.9279155772067655,0.6369180354340549,0,0,0.5235978960990906,0.2851841449737549,-0.000816047191619873,-0.00010249018669128418,-0.0009747296571731567,-0.013062000274658203,-0.005594760179519653,-0.007194723933935165,-0.02717527747154236,-0.11064836336434386
Stage2,S2_004,3.0,0.1,0.0,0.02,50,1.2669316530227661,103,monotonic_hybrid,0.7085943818092346,0.22197841107845306,0.07861302047967911,1.172239065170288,0.12862400710582733,0.04329684376716614,0.08538461476564407,0.042087770998477936,0.15078802406787872,0.14159291982650757,0.009195104241371155,0.3679025173187256,0.29791662096977234,0.33418089151382446,0.9215320873482066,0.6382309715900606,0,0,0.5235438346862793,0.2849683165550232,2.09808349609375e-05,-0.0008411258459091187,-0.0003316327929496765,0.0005795955657958984,0.0006328672170639038,-0.005747448652982712,-0.00968700647354126,0.0029609966916750315
Stage2,S2_004,3.0,0.1,0.0,0.02,49,1.3599096536636353,104,monotonic_hybrid,0.7193973064422607,0.22717677056789398,0.07221619784832001,1.23422110080719,0.1503608524799347,0.05910971388220787,0.07999999821186066,0.020890284329652786,0.17922371625900269,0.18110236525535583,0.0018786489963531494,0.36541447043418884,0.2974374294281006,0.33714815974235535,0.9222804775398097,0.6652883154274971,0,0,0.523588240146637,0.28515660762786865,0.0013546347618103027,-0.0010707676410675049,-0.0003731921315193176,0.004523158073425293,-0.0006523728370666504,-0.011580176651477814,-0.02863691747188568,0.1886565820162223
Stage2,S2_004,3.0,0.1,0.0,0.02,43,1.302857518196106,105,monotonic_hybrid,0.7028067708015442,0.2200843244791031,0.07112592458724976,1.1435247659683228,0.12958620488643646,0.05372776463627815,0.07538461685180664,0.021656852215528488,0.19439467787742615,0.1376146674156189,0.05678001046180725,0.3723781406879425,0.2975131571292877,0.3301087021827698,0.9200423237309565,0.6678105004556812,0,0,0.523603081703186,0.285206139087677,0.0012007355690002441,0.00019906461238861084,0.00016382336616516113,0.0035544633865356445,0.0022377818822860718,-0.006850920617580414,0.02277795970439911,0.17114099775414077
Stage2,S2_004,3.0,0.1,0.0,0.02,50,1.2631707191467285,106,monotonic_hybrid,0.7450050711631775,0.22512103617191315,0.07657751441001892,1.192642331123352,0.12216626107692719,0.0485917367041111,0.08384615182876587,0.03525441512465477,0.18796983361244202,0.14851485192775726,0.03945498168468475,0.3677504360675812,0.3000733554363251,0.33217620849609375,0.9207856949131562,0.6640956169187693,0,0,0.5235349535942078,0.2849351763725281,0.0005413293838500977,0.000151902437210083,-0.00019782036542892456,0.0050733089447021484,0.001301094889640808,-0.006220076233148575,0.030070319771766663,0.0727140025055186
Stage2,S2_004,3.0,0.1,0.0,0.02,42,1.3977128267288208,107,monotonic_hybrid,0.7793026566505432,0.22356989979743958,0.0908566415309906,1.2822076082229614,0.1532868891954422,0.048026420176029205,0.10076922923326492,0.05274280905723572,0.1663326919078827,0.19130434095859528,0.024971649050712585,0.36409127712249756,0.29950863122940063,0.3364000916481018,0.9268159129306327,0.6738171224282546,0,0,0.5236078500747681,0.2852122485637665,-0.0007254481315612793,0.0001857280731201172,-0.0008031502366065979,-0.0013713836669921875,-0.0017873197793960571,-0.0070343948900699615,-0.02269051969051361,-0.09300281965659792
Stage2,S2_004,3.0,0.1,0.0,0.02,50,1.26511812210083,108,monotonic_hybrid,0.7349684238433838,0.22304368019104004,0.08301703631877899,1.291266918182373,0.19066734611988068,0.050154607743024826,0.0930769219994545,0.04292231425642967,0.17987412214279175,0.25,0.07012587785720825,0.3677753210067749,0.2972278892993927,0.3349968492984772,0.9221202504138089,0.6882702887985402,0,0,0.523536205291748,0.28494250774383545,-0.0003063678741455078,-0.00037607550621032715,-0.0006517022848129272,-0.0019750595092773438,-0.004232287406921387,-0.006794817745685577,-0.025096267461776733,-0.04166712603186935
Stage2,S2_004,3.0,0.1,0.0,0.02,40,1.3169909715652466,109,monotonic_hybrid,0.7257540225982666,0.22139930725097656,0.08137989789247513,1.0612246990203857,0.13670113682746887,0.04621030390262604,0.08769230544567108,0.041482001543045044,0.17354610562324524,0.1599999964237213,0.013546109199523926,0.3672993779182434,0.29919350147247314,0.3335071802139282,0.9220698645107477,0.6948712999470634,0,0,0.5236346125602722,0.28532567620277405,0.0010156035423278809,-6.699562072753906e-05,-0.0001504644751548767,0.004783034324645996,0.00042472779750823975,-0.005445417016744614,0.004442617297172546,0.14013380767792466
Stage2,S2_004,3.0,0.1,0.0,0.02,44,1.3394190073013306,110,monotonic_hybrid,0.7094871401786804,0.21961796283721924,0.07486090809106827,1.25603187084198,0.15775518119335175,0.0529961995780468,0.08538461476564407,0.032388415187597275,0.17572693526744843,0.19658119976520538,0.020854264497756958,0.36397743225097656,0.2979663014411926,0.3380562663078308,0.9320628106475004,0.6652634223027667,0,0,0.5235868096351624,0.28513920307159424,0.00011730194091796875,0.00034381449222564697,-0.0009156614542007446,-0.001128077507019043,-0.002022489905357361,-0.009518608450889587,-0.02731241285800934,0.016536076753611868
Stage2,S2_005,3.0,0.1,0.0,0.05,43,1.316908359527588,101,monotonic_hybrid,0.7691980004310608,0.23091696202754974,0.07838567346334457,1.2421923875808716,0.15710604190826416,0.05120743811130524,0.08692307770252228,0.03571563959121704,0.17786157131195068,0.19847328960895538,0.0206117182970047,0.35980507731437683,0.3015599250793457,0.338635116815567,0.9233641381033942,0.6443071261909953,0,0,0.4734742045402527,0.257921040058136,0.00015306472778320312,-0.0002839714288711548,-0.000464804470539093,-0.000695347785949707,-0.00203821063041687,-0.007196001708507538,-0.02602200210094452,0.019903222903773266
Stage2,S2_005,3.0,0.1,0.0,0.05,43,1.2101181745529175,102,monotonic_hybrid,0.7367344498634338,0.21697603166103363,0.07955865561962128,1.4807828664779663,0.20011718571186066,0.04265640676021576,0.08923076838254929,0.04657436162233353,0.16350337862968445,0.2539682686328888,0.09046489000320435,0.3627699017524719,0.3015316128730774,0.3356984853744507,0.9279153336222404,0.6369180429036536,0,0,0.47346630692481995,0.2578797936439514,-0.000779569149017334,-0.00011651217937469482,-0.0009367614984512329,-0.012482047080993652,-0.0053577423095703125,-0.006873529404401779,-0.025862544775009155,-0.10570228211542279
Stage2,S2_005,3.0,0.1,0.0,0.05,50,1.2636888027191162,103,monotonic_hybrid,0.708565890789032,0.22196899354457855,0.07862530648708344,1.1721303462982178,0.1285494863986969,0.04298160597681999,0.08538461476564407,0.04240300878882408,0.14947101473808289,0.14159291982650757,0.007878094911575317,0.36459359526634216,0.3013072907924652,0.3340991735458374,0.921531885747623,0.638230982950421,0,0,0.47341740131378174,0.25768449902534485,-7.510185241699219e-06,-0.0008505433797836304,-0.0003193467855453491,0.00047087669372558594,0.0005583465099334717,-0.005432210862636566,-0.011004015803337097,-0.0010599022248609488
Stage2,S2_005,3.0,0.1,0.0,0.05,49,1.3552604913711548,104,monotonic_hybrid,0.7193551659584045,0.2271796315908432,0.07221817970275879,1.2340255975723267,0.15035632252693176,0.05882490798830986,0.07999999821186066,0.021175090223550797,0.17829561233520508,0.18110236525535583,0.002806752920150757,0.36234503984451294,0.3008747100830078,0.33678027987480164,0.9222801501875886,0.6652889846683735,0,0,0.4734576940536499,0.25785529613494873,0.0013124942779541016,-0.0010679066181182861,-0.0003712102770805359,0.004327654838562012,-0.0006569027900695801,-0.011295370757579803,-0.027708813548088074,0.1827877826372691
Stage2,S2_005,3.0,0.1,0.0,0.05,43,1.2991751432418823,105,monotonic_hybrid,0.7027157545089722,0.22005775570869446,0.07110763341188431,1.1432301998138428,0.1294325739145279,0.05344030633568764,0.07538461685180664,0.021944310516119003,0.19345757365226746,0.1376146674156189,0.05584290623664856,0.36864134669303894,0.30094242095947266,0.3304162621498108,0.9200420446904158,0.6678106003220604,0,0,0.473471075296402,0.25789982080459595,0.0011097192764282227,0.00017249584197998047,0.00014553219079971313,0.003259897232055664,0.0020841509103775024,-0.006563462316989899,0.021840855479240417,0.15816843366525654
Stage2,S2_005,3.0,0.1,0.0,0.05,50,1.2604939937591553,106,monotonic_hybrid,0.7449541687965393,0.22510625422000885,0.07657511532306671,1.1922560930252075,0.12205738574266434,0.04829980432987213,0.08384615182876587,0.03554634749889374,0.18630199134349823,0.14851485192775726,0.03778713941574097,0.36445584893226624,0.3032575845718384,0.33228662610054016,0.9207855492844321,0.6640956094333149,0,0,0.47340935468673706,0.25765448808670044,0.0004904270172119141,0.00013712048530578613,-0.00020021945238113403,0.004687070846557617,0.0011922195553779602,-0.005928143858909607,0.028402477502822876,0.06587654840513181
Stage2,S2_005,3.0,0.1,0.0,0.05,42,1.3935235738754272,107,monotonic_hybrid,0.7793136239051819,0.22354896366596222,0.09088510274887085,1.2823079824447632,0.15334317088127136,0.04771619662642479,0.10076922923326492,0.053053032606840134,0.16528283059597015,0.19130434095859528,0.026021510362625122,0.361147403717041,0.3027467727661133,0.3361058533191681,0.9268157036284465,0.6738171167597165,0,0,0.47347521781921387,0.25790518522262573,-0.0007144808769226074,0.00016479194164276123,-0.0007746890187263489,-0.0012710094451904297,-0.0017310380935668945,-0.006724171340465546,-0.021640658378601074,-0.09159681203053482
Stage2,S2_005,3.0,0.1,0.0,0.05,50,1.2609565258026123,108,monotonic_hybrid,0.7349531650543213,0.2230381965637207,0.08303145319223404,1.2913213968276978,0.1908165067434311,0.049901124089956284,0.0930769219994545,0.043175797909498215,0.17879648506641388,0.25,0.07120351493358612,0.36447834968566895,0.30068454146385193,0.3348371684551239,0.9221201124959231,0.6882702560628673,0,0,0.4734104871749878,0.25766104459762573,-0.0003216266632080078,-0.0003815591335296631,-0.0006372854113578796,-0.0019205808639526367,-0.004083126783370972,-0.006541334092617035,-0.024018630385398865,-0.043742375888709537
Stage2,S2_005,3.0,0.1,0.0,0.05,40,1.3133702278137207,109,monotonic_hybrid,0.7256964445114136,0.22139118611812592,0.08137606829404831,1.0609630346298218,0.1366497129201889,0.04599196836352348,0.08769230544567108,0.0417003370821476,0.17247791588306427,0.1599999964237213,0.012477919459342957,0.3640487790107727,0.3024618625640869,0.33348938822746277,0.9220695834990414,0.6948714162249454,0,0,0.4734995365142822,0.25800788402557373,0.0009580254554748535,-7.511675357818604e-05,-0.00015429407358169556,0.004521369934082031,0.0003733038902282715,-0.005227081477642059,0.003374427556991577,0.1321891361469149
Stage2,S2_005,3.0,0.1,0.0,0.05,44,1.3355236053466797,110,monotonic_hybrid,0.7094959616661072,0.21960629522800446,0.07488676905632019,1.2560182809829712,0.1578071564435959,0.05272975564002991,0.08538461476564407,0.032654859125614166,0.17464813590049744,0.19658119976520538,0.021933063864707947,0.3610444962978363,0.3013521432876587,0.3376033902168274,0.9320626136426816,0.665263416661675,0,0,0.47345635294914246,0.2578390836715698,0.00012612342834472656,0.00033214688301086426,-0.000889800488948822,-0.001141667366027832,-0.00197051465511322,-0.009252164512872696,-0.02623361349105835,0.017779643501342843
Stage2,S2_006,3.0,0.05,0.0,0.0,43,1.3249017000198364,101,monotonic_hybrid,0.7692091464996338,0.23090508580207825,0.07838363945484161,1.2421237230300903,0.1570497304201126,0.05127638578414917,0.08692307770252228,0.03564669191837311,0.1784382164478302,0.19847328960895538,0.020035073161125183,0.37997639179229736,0.29587069153785706,0.3241529166698456,0.9207599356749944,0.6476423501662221,0,0,0.5562986135482788,0.3095923066139221,0.00016421079635620117,-0.00029584765434265137,-0.0004668384790420532,-0.000764012336730957,-0.0020945221185684204,-0.007264949381351471,-0.026598647236824036,0.021352561954787908
Stage2,S2_006,3.0,0.05,0.0,0.0,43,1.2195613384246826,102,monotonic_hybrid,0.7366931438446045,0.21697194874286652,0.07953205704689026,1.4803743362426758,0.1999429315328598,0.04289358854293823,0.08923076838254929,0.04633717983961105,0.16448456048965454,0.2539682686328888,0.08948370814323425,0.38353466987609863,0.2957327961921692,0.3207325041294098,0.925534439500425,0.6399667550091749,0,0,0.5562974214553833,0.30956757068634033,-0.0008208751678466797,-0.00012059509754180908,-0.000963360071182251,-0.01289057731628418,-0.005531996488571167,-0.007110711187124252,-0.026843726634979248,-0.11130299176493635
Stage2,S2_006,3.0,0.05,0.0,0.0,50,1.2728897333145142,103,monotonic_hybrid,0.7085692882537842,0.22196047008037567,0.07862390577793121,1.1722471714019775,0.12863561511039734,0.04315997660160065,0.08538461476564407,0.042224638164043427,0.1504823863506317,0.14159291982650757,0.008889466524124146,0.3860311508178711,0.2953036427497864,0.31866520643234253,0.9188299489338957,0.6417088392241667,0,0,0.5562790632247925,0.30946123600006104,-4.112720489501953e-06,-0.0008590668439865112,-0.0003207474946975708,0.0005877017974853516,0.0006444752216339111,-0.005610581487417221,-0.009992644190788269,-0.0005804226469476625
Stage2,S2_006,3.0,0.05,0.0,0.0,49,1.3652472496032715,104,monotonic_hybrid,0.7192940711975098,0.22715280950069427,0.07222341746091843,1.2340691089630127,0.15036173164844513,0.05870269611477852,0.07999999821186066,0.021297302097082138,0.17845408618450165,0.18110236525535583,0.002648279070854187,0.3830774426460266,0.2949083149433136,0.3220142424106598,0.9196403455665414,0.6683936749479242,0,0,0.5562869906425476,0.30955827236175537,0.0012513995170593262,-0.001094728708267212,-0.00036597251892089844,0.004371166229248047,-0.0006514936685562134,-0.011173158884048462,-0.027867287397384644,0.17427926868617005
Stage2,S2_006,3.0,0.05,0.0,0.0,43,1.3081767559051514,105,monotonic_hybrid,0.7027522921562195,0.22007261216640472,0.07112432271242142,1.1434096097946167,0.12951979041099548,0.05339927226305008,0.07538461685180664,0.02198534458875656,0.1935679167509079,0.1376146674156189,0.055953249335289,0.3904676139354706,0.2948862314224243,0.3146461844444275,0.9175750970571106,0.6707082437881948,0,0,0.5562977194786072,0.30957990884780884,0.0011462569236755371,0.00018735229969024658,0.0001622214913368225,0.00343930721282959,0.0021713674068450928,-0.006522428244352341,0.02195119857788086,0.16337614930801098
Stage2,S2_006,3.0,0.05,0.0,0.0,50,1.2688511610031128,106,monotonic_hybrid,0.7450008392333984,0.22511343657970428,0.07659194618463516,1.19235360622406,0.12210294604301453,0.048385314643383026,0.08384615182876587,0.03546083718538284,0.1875077337026596,0.14851485192775726,0.038992881774902344,0.3858559727668762,0.2975645065307617,0.31657952070236206,0.9181689191264288,0.6670555986046497,0,0,0.5562760233879089,0.3094448447227478,0.0005370974540710449,0.0001443028450012207,-0.0001833885908126831,0.004784584045410156,0.0012377798557281494,-0.006013654172420502,0.029608219861984253,0.07214554906157544
Stage2,S2_006,3.0,0.05,0.0,0.0,42,1.4029899835586548,107,monotonic_hybrid,0.7793172597885132,0.22355477511882782,0.09087521582841873,1.2823420763015747,0.1533174216747284,0.04784481227397919,0.10076922923326492,0.052924416959285736,0.16588319838047028,0.19130434095859528,0.025421142578125,0.3815278112888336,0.2972487211227417,0.3212234675884247,0.9244057776935701,0.6766241940102912,0,0,0.5563018321990967,0.3095809817314148,-0.0007108449935913086,0.00017060339450836182,-0.0007845759391784668,-0.0012369155883789062,-0.0017567873001098633,-0.006852786988019943,-0.022241026163101196,-0.09113068993711172
Stage2,S2_006,3.0,0.05,0.0,0.0,50,1.2713850736618042,108,monotonic_hybrid,0.7349461913108826,0.2230130285024643,0.08303242921829224,1.2913689613342285,0.19072961807250977,0.04999793320894241,0.0930769219994545,0.043078988790512085,0.17948348820209503,0.25,0.07051651179790497,0.38583821058273315,0.29459473490715027,0.31956711411476135,0.9196234282934849,0.6907896837935045,0,0,0.5562764406204224,0.3094489574432373,-0.0003286004066467285,-0.0004067271947860718,-0.0006363093852996826,-0.001873016357421875,-0.004170015454292297,-0.006638143211603165,-0.024705633521080017,-0.04469082992484353
Stage2,S2_006,3.0,0.05,0.0,0.0,40,1.321750283241272,109,monotonic_hybrid,0.725730836391449,0.2213699072599411,0.08140526711940765,1.0611258745193481,0.1366996020078659,0.04587608203291893,0.08769230544567108,0.04181622341275215,0.17274680733680725,0.1599999964237213,0.012746810913085938,0.3848758935928345,0.29688721895217896,0.3182368874549866,0.9195196507626178,0.6976877469862915,0,0,0.5563095808029175,0.3096388280391693,0.000992417335510254,-9.639561176300049e-05,-0.00012509524822235107,0.0046842098236083984,0.00042319297790527344,-0.005111195147037506,0.003643319010734558,0.13693455589162778
Stage2,S2_006,3.0,0.05,0.0,0.0,44,1.344976782798767,110,monotonic_hybrid,0.7094935774803162,0.21960629522800446,0.07488099485635757,1.256110668182373,0.1577884703874588,0.052732501178979874,0.08538461476564407,0.0326521135866642,0.17500682175159454,0.19658119976520538,0.02157437801361084,0.38150033354759216,0.2955509126186371,0.32294875383377075,0.9296855018035101,0.6677250389202161,0,0,0.5562936067581177,0.309545636177063,0.00012373924255371094,0.00033214688301086426,-0.000895574688911438,-0.0010492801666259766,-0.001989200711250305,-0.009254910051822662,-0.026592299342155457,0.01744354438033447
Stage2,S2_007,3.0,0.05,0.0,0.005,43,1.3243498802185059,101,monotonic_hybrid,0.7692046165466309,0.2309037446975708,0.07838604599237442,1.2421358823776245,0.15706154704093933,0.05122615024447441,0.08692307770252228,0.03569692745804787,0.17825068533420563,0.19847328960895538,0.020222604274749756,0.379276841878891,0.29643264412879944,0.3242904841899872,0.920759914171524,0.6476423587259205,0,0,0.547954261302948,0.3049485385417938,0.00015968084335327148,-0.00029718875885009766,-0.0004644319415092468,-0.0007518529891967773,-0.0020827054977416992,-0.007214713841676712,-0.026411116123199463,0.020763525762931688
Stage2,S2_007,3.0,0.05,0.0,0.005,43,1.2189737558364868,102,monotonic_hybrid,0.7366988658905029,0.21696998178958893,0.07953781634569168,1.4804624319076538,0.19997897744178772,0.04284452646970749,0.08923076838254929,0.0463862419128418,0.1642841249704361,0.2539682686328888,0.0896841436624527,0.3827817440032959,0.29629677534103394,0.32092148065567017,0.9255344178292333,0.6399667618310988,0,0,0.5479530096054077,0.3049241900444031,-0.0008151531219482422,-0.00012256205081939697,-0.0009576007723808289,-0.012802481651306152,-0.0054959505796432495,-0.007061649113893509,-0.026643291115760803,-0.11052713588275266
Stage2,S2_007,3.0,0.05,0.0,0.005,50,1.272292971611023,103,monotonic_hybrid,0.7085651159286499,0.22195923328399658,0.07862568646669388,1.1722296476364136,0.1286236196756363,0.043112125247716904,0.08538461476564407,0.04227248951792717,0.15027937293052673,0.14159291982650757,0.008686453104019165,0.385240763425827,0.29587405920028687,0.3188852071762085,0.9188299366200708,0.6417088493079369,0,0,0.547934889793396,0.30481940507888794,-8.285045623779297e-06,-0.0008603036403656006,-0.000318966805934906,0.0005701780319213867,0.0006324797868728638,-0.005562730133533478,-0.01019565761089325,-0.0011692572163148562
Stage2,S2_007,3.0,0.05,0.0,0.005,49,1.3644388914108276,104,monotonic_hybrid,0.7192891836166382,0.22715358436107635,0.07222364097833633,1.2340412139892578,0.15036112070083618,0.058664824813604355,0.07999999821186066,0.021335173398256302,0.1783217489719391,0.18110236525535583,0.002780616283416748,0.3823314905166626,0.295484721660614,0.3221837878227234,0.9196403189490941,0.6683937376634683,0,0,0.5479426383972168,0.3049149513244629,0.0012465119361877441,-0.0010939538478851318,-0.0003657490015029907,0.004343271255493164,-0.0006521046161651611,-0.011135287582874298,-0.027734950184822083,0.17359858757008215
Stage2,S2_007,3.0,0.05,0.0,0.005,43,1.3075199127197266,105,monotonic_hybrid,0.7027389407157898,0.2200685739517212,0.07112151384353638,1.1433652639389038,0.12949682772159576,0.05335892736911774,0.07538461685180664,0.022025689482688904,0.19343329966068268,0.1376146674156189,0.05581863224506378,0.38961073756217957,0.29546287655830383,0.3149263858795166,0.9175750763314472,0.6707082560204051,0,0,0.5479533076286316,0.3049362599849701,0.0011329054832458496,0.00018331408500671387,0.00015941262245178223,0.0033949613571166992,0.0021484047174453735,-0.006482083350419998,0.02181658148765564,0.16147316675666187
Stage2,S2_007,3.0,0.05,0.0,0.005,50,1.2683464288711548,106,monotonic_hybrid,0.7449930310249329,0.22511103749275208,0.07659149169921875,1.1922976970672607,0.1220870167016983,0.04834224656224251,0.08384615182876587,0.03550390526652336,0.1872541606426239,0.14851485192775726,0.03873930871486664,0.38506820797920227,0.298101007938385,0.3168307840824127,0.9181689083484135,0.6670555908806601,0,0,0.5479319095611572,0.30480316281318665,0.0005292892456054688,0.00014190375804901123,-0.00018384307622909546,0.00472867488861084,0.0012218505144119263,-0.0059705860912799835,0.029354646801948547,0.07109671242556763
Stage2,S2_007,3.0,0.05,0.0,0.005,42,1.4022542238235474,107,monotonic_hybrid,0.7793186902999878,0.22355173528194427,0.09087938815355301,1.282355785369873,0.15332575142383575,0.04779898002743721,0.10076922923326492,0.05297024920582771,0.1657259166240692,0.19130434095859528,0.025578424334526062,0.38080495595932007,0.29778996109962463,0.3214050829410553,0.9244057605584173,0.6766241974801651,0,0,0.5479572415351868,0.30493736267089844,-0.0007094144821166992,0.0001675635576248169,-0.0007804036140441895,-0.0012232065200805664,-0.0017484575510025024,-0.006806954741477966,-0.022083744406700134,-0.09094729763806002
Stage2,S2_007,3.0,0.05,0.0,0.005,50,1.2706390619277954,108,monotonic_hybrid,0.7349440455436707,0.22301259636878967,0.08303443342447281,1.291375756263733,0.19075201451778412,0.049960725009441376,0.0930769219994545,0.04311619699001312,0.17932049930095673,0.25,0.07067950069904327,0.3850506544113159,0.29517579078674316,0.3197735548019409,0.9196234169203833,0.6907896759448154,0,0,0.5479322671890259,0.30480724573135376,-0.0003307461738586426,-0.00040715932846069336,-0.0006343051791191101,-0.0018662214279174805,-0.004147619009017944,-0.006600935012102127,-0.02454264461994171,-0.04498266193596168
Stage2,S2_007,3.0,0.05,0.0,0.005,40,1.3211114406585693,109,monotonic_hybrid,0.725722074508667,0.22136901319026947,0.08140433579683304,1.0610864162445068,0.1366916000843048,0.045846354216337204,0.08769230544567108,0.04184595122933388,0.1725902110338211,0.1599999964237213,0.012590214610099792,0.38410288095474243,0.29743388295173645,0.3184632360935211,0.9195196297862417,0.6976877566943975,0,0,0.5479649305343628,0.30499422550201416,0.0009836554527282715,-9.728968143463135e-05,-0.00012602657079696655,0.00464475154876709,0.00041519105434417725,-0.00508146733045578,0.003486722707748413,0.13572558413690888
Stage2,S2_007,3.0,0.05,0.0,0.005,44,1.3442833423614502,110,monotonic_hybrid,0.7094948887825012,0.2196047306060791,0.07488473504781723,1.2561073303222656,0.15779614448547363,0.05269517004489899,0.08538461476564407,0.03268944472074509,0.17484909296035767,0.19658119976520538,0.021732106804847717,0.38077792525291443,0.2961176037788391,0.3231044411659241,0.929685482490228,0.6677250357989959,0,0,0.5479493141174316,0.3049025535583496,0.00012505054473876953,0.00033058226108551025,-0.0008918344974517822,-0.0010526180267333984,-0.0019815266132354736,-0.009217578917741776,-0.02643457055091858,0.017628398896889073
Stage2,S2_008,3.0,0.05,0.0,0.01,43,1.3237981796264648,101,monotonic_hybrid,0.7692001461982727,0.23090240359306335,0.07838847488164902,1.2421481609344482,0.15707342326641083,0.05117589607834816,0.08692307770252228,0.03574718162417412,0.1780630499124527,0.19847328960895538,0.020410239696502686,0.3785773515701294,0.29699453711509705,0.32442811131477356,0.9207598853335973,0.6476423901798943,0,0,0.5396097302436829,0.300304651260376,0.0001552104949951172,-0.00029852986335754395,-0.00046200305223464966,-0.0007395744323730469,-0.0020708292722702026,-0.007164459675550461,-0.026223480701446533,0.020182240047284104
Stage2,S2_008,3.0,0.05,0.0,0.01,43,1.2183858156204224,102,monotonic_hybrid,0.7367045879364014,0.21696805953979492,0.0795435830950737,1.4805506467819214,0.2000150829553604,0.042795464396476746,0.08923076838254929,0.04643530398607254,0.16408364474773407,0.2539682686328888,0.08988462388515472,0.38202884793281555,0.2968607544898987,0.32111042737960815,0.9255343970113704,0.6399667671374689,0,0,0.5396085977554321,0.30028074979782104,-0.0008094310760498047,-0.00012448430061340332,-0.0009518340229988098,-0.012714266777038574,-0.005459845066070557,-0.0070125870406627655,-0.026442810893058777,-0.10975128000056895
Stage2,S2_008,3.0,0.05,0.0,0.01,50,1.2716959714889526,103,monotonic_hybrid,0.7085610032081604,0.2219579666852951,0.07862748205661774,1.1722121238708496,0.12861168384552002,0.04306434094905853,0.08538461476564407,0.04232027381658554,0.15007656812667847,0.14159291982650757,0.008483648300170898,0.38445034623146057,0.29644450545310974,0.3191051483154297,0.9188299134221728,0.641708852454417,0,0,0.5395906567573547,0.3001774549484253,-1.239776611328125e-05,-0.0008615702390670776,-0.00031717121601104736,0.0005526542663574219,0.0006205439567565918,-0.005514945834875107,-0.010398462414741516,-0.0017496798632625186
Stage2,S2_008,3.0,0.05,0.0,0.01,49,1.3636306524276733,104,monotonic_hybrid,0.7192842960357666,0.22715437412261963,0.07222386449575424,1.234013557434082,0.15036052465438843,0.058626897633075714,0.07999999821186066,0.021373100578784943,0.17818918824195862,0.18110236525535583,0.002913177013397217,0.3815855383872986,0.2960611581802368,0.322353333234787,0.91964028809978,0.6683937987475246,0,0,0.5395983457565308,0.3002716600894928,0.0012416243553161621,-0.001093164086341858,-0.000365525484085083,0.004315614700317383,-0.000652700662612915,-0.011097360402345657,-0.027602389454841614,0.1729179064539942
Stage2,S2_008,3.0,0.05,0.0,0.01,43,1.3068631887435913,105,monotonic_hybrid,0.7027255296707153,0.22006453573703766,0.07111871242523193,1.1433210372924805,0.12947386503219604,0.0533185750246048,0.07538461685180664,0.022066041827201843,0.19329847395420074,0.1376146674156189,0.05568380653858185,0.38875386118888855,0.2960395812988281,0.3152065873146057,0.9175750489096788,0.6707082672025529,0,0,0.5396088361740112,0.30029261112213135,0.0011194944381713867,0.00017927587032318115,0.00015661120414733887,0.0033507347106933594,0.0021254420280456543,-0.006441731005907059,0.021681755781173706,0.15956168874749427
Stage2,S2_008,3.0,0.05,0.0,0.01,50,1.2678415775299072,106,monotonic_hybrid,0.7449852228164673,0.22510868310928345,0.07659105211496353,1.1922422647476196,0.12207121402025223,0.04829907789826393,0.08384615182876587,0.03554707393050194,0.18700021505355835,0.14851485192775726,0.038485363125801086,0.38428041338920593,0.2986375391483307,0.3170820474624634,0.9181688916927639,0.66705559632956,0,0,0.5395877957344055,0.30016154050827026,0.0005214810371398926,0.0001395493745803833,-0.00018428266048431396,0.0046732425689697266,0.0012060478329658508,-0.005927417427301407,0.029100701212882996,0.07004787578955982
Stage2,S2_008,3.0,0.05,0.0,0.01,42,1.4015185832977295,107,monotonic_hybrid,0.7793201804161072,0.22354868054389954,0.09088357537984848,1.2823692560195923,0.1533341407775879,0.04775312915444374,0.10076922923326492,0.05301610007882118,0.1655684858560562,0.19130434095859528,0.025735855102539062,0.3800821304321289,0.29833120107650757,0.3215866684913635,0.9244057394698058,0.6766241955905754,0,0,0.5396127700805664,0.30029362440109253,-0.0007079243659973145,0.00016450881958007812,-0.0007762163877487183,-0.0012097358703613281,-0.0017400681972503662,-0.006761103868484497,-0.021926313638687134,-0.09075626399321449
Stage2,S2_008,3.0,0.05,0.0,0.01,50,1.2698930501937866,108,monotonic_hybrid,0.7349418997764587,0.22301213443279266,0.08303645253181458,1.291382908821106,0.19077448546886444,0.04992344602942467,0.0930769219994545,0.04315347597002983,0.17915740609169006,0.25,0.07084259390830994,0.38426315784454346,0.29575684666633606,0.31998005509376526,0.9196234084114157,0.6907896751582191,0,0,0.539588212966919,0.3001655340194702,-0.00033289194107055664,-0.00040762126445770264,-0.0006322860717773438,-0.0018590688705444336,-0.004125148057937622,-0.006563656032085419,-0.02437955141067505,-0.04527449394707983
Stage2,S2_008,3.0,0.05,0.0,0.01,40,1.3204725980758667,109,monotonic_hybrid,0.7257133722305298,0.22136810421943665,0.08140341937541962,1.061047077178955,0.13668368756771088,0.04581664502620697,0.08769230544567108,0.04187566041946411,0.17243358492851257,0.1599999964237213,0.01243358850479126,0.3833298981189728,0.29798054695129395,0.31868958473205566,0.919519601386678,0.6976877663346154,0,0,0.5396202206611633,0.30034977197647095,0.0009749531745910645,-9.819865226745605e-05,-0.00012694299221038818,0.004605412483215332,0.00040727853775024414,-0.005051758140325546,0.0033300966024398804,0.13452483667984116
Stage2,S2_008,3.0,0.05,0.0,0.01,44,1.3435896635055542,110,monotonic_hybrid,0.7094963192939758,0.21960307657718658,0.07488849014043808,1.2561043500900269,0.15780389308929443,0.05265776440501213,0.08538461476564407,0.03272685036063194,0.174691304564476,0.19658119976520538,0.02188989520072937,0.3800555467605591,0.2966843247413635,0.3232601583003998,0.9296854654148108,0.6677250421059086,0,0,0.5396048426628113,0.30025941133499146,0.0001264810562133789,0.00032892823219299316,-0.0008880794048309326,-0.001055598258972168,-0.001973778009414673,-0.00918017327785492,-0.026276782155036926,0.017830058369494098
Stage2,S2_009,3.0,0.05,0.0,0.02,43,1.3226945400238037,101,monotonic_hybrid,0.769191324710846,0.23089975118637085,0.0783933624625206,1.2421737909317017,0.1570974588394165,0.051075279712677,0.08692307770252228,0.035847797989845276,0.17768725752830505,0.19847328960895538,0.02078603208065033,0.3771783113479614,0.2981184124946594,0.32470327615737915,0.9207598592586548,0.6476423986331592,0,0,0.5229207277297974,0.29101699590682983,0.00014638900756835938,-0.00030118227005004883,-0.0004571154713630676,-0.0007139444351196289,-0.0020467936992645264,-0.007063843309879303,-0.02584768831729889,0.019035169568406205
Stage2,S2_009,3.0,0.05,0.0,0.02,43,1.217210054397583,102,monotonic_hybrid,0.7367162704467773,0.21696415543556213,0.07955516874790192,1.4807273149490356,0.2000875174999237,0.04269735515117645,0.08923076838254929,0.04653341323137283,0.16368266940116882,0.2539682686328888,0.09028559923171997,0.38052302598953247,0.2979887127876282,0.32148829102516174,0.9255343721255167,0.6399667438221881,0,0,0.5229196548461914,0.29099375009536743,-0.0007977485656738281,-0.0001283884048461914,-0.0009402483701705933,-0.012537598609924316,-0.005387410521507263,-0.0069144777953624725,-0.02604183554649353,-0.10816724090777724
Stage2,S2_009,3.0,0.05,0.0,0.02,50,1.2705012559890747,103,monotonic_hybrid,0.7085528373718262,0.22195552289485931,0.07863109558820724,1.172178030014038,0.128588005900383,0.042969003319740295,0.08538461476564407,0.04241561144590378,0.14967156946659088,0.14159291982650757,0.008078649640083313,0.3828696012496948,0.2975853383541107,0.31954509019851685,0.9188298992408673,0.6417088436566113,0,0,0.522902250289917,0.2908937931060791,-2.0563602447509766e-05,-0.0008640140295028687,-0.0003135576844215393,0.0005185604095458984,0.0005968660116195679,-0.0054196082055568695,-0.010803461074829102,-0.002902113234738312
Stage2,S2_009,3.0,0.05,0.0,0.02,49,1.3620126247406006,104,monotonic_hybrid,0.7192738056182861,0.22715596854686737,0.07222443073987961,1.233956217765808,0.15035928785800934,0.05854812636971474,0.07999999821186066,0.02145187184214592,0.17791801691055298,0.18110236525535583,0.0031843483448028564,0.38009360432624817,0.29721400141716003,0.3226924240589142,0.919640245323675,0.6683939048830307,0,0,0.5229097008705139,0.2909850478172302,0.0012311339378356934,-0.0010915696620941162,-0.0003649592399597168,0.004258275032043457,-0.0006539374589920044,-0.01101858913898468,-0.027331218123435974,0.17145693235117135
Stage2,S2_009,3.0,0.05,0.0,0.02,43,1.305549144744873,105,monotonic_hybrid,0.7026987671852112,0.2200564742088318,0.07111311703920364,1.143232822418213,0.12942785024642944,0.05323782190680504,0.07538461685180664,0.022146794945001602,0.19302822649478912,0.1376146674156189,0.05541355907917023,0.38704007863998413,0.29719293117523193,0.3157670199871063,0.9175750216227335,0.6707082595989332,0,0,0.5229198336601257,0.29100528359413147,0.0010927319526672363,0.00017121434211730957,0.00015101581811904907,0.0032625198364257812,0.0020794272422790527,-0.0063609778881073,0.021411508321762085,0.15574722818697756
Stage2,S2_009,3.0,0.05,0.0,0.02,50,1.2668315172195435,106,monotonic_hybrid,0.7449696660041809,0.2251039445400238,0.07659022510051727,1.192132592201233,0.12203994393348694,0.048212334513664246,0.08384615182876587,0.035633817315101624,0.18649110198020935,0.14851485192775726,0.03797625005245209,0.38270485401153564,0.29971054196357727,0.3175846040248871,0.9181688836443418,0.6670555776963455,0,0,0.5228994488716125,0.29087817668914795,0.0005059242248535156,0.00013481080532073975,-0.0001851096749305725,0.004563570022583008,0.0011747777462005615,-0.005840674042701721,0.028591588139533997,0.06795820890407861
Stage2,S2_009,3.0,0.05,0.0,0.02,42,1.4000468254089355,107,monotonic_hybrid,0.7793232798576355,0.22354257106781006,0.09089197218418121,1.2823971509933472,0.1533510833978653,0.047661375254392624,0.10076922923326492,0.0531078539788723,0.165253147482872,0.19130434095859528,0.026051193475723267,0.3786364793777466,0.29941368103027344,0.32194989919662476,0.9244057234115557,0.6766241740333709,0,0,0.5229237079620361,0.29100626707077026,-0.0007048249244689941,0.00015839934349060059,-0.0007678195834159851,-0.0011818408966064453,-0.0017231255769729614,-0.00666934996843338,-0.02161097526550293,-0.09035891401193578
Stage2,S2_009,3.0,0.05,0.0,0.02,50,1.2684005498886108,108,monotonic_hybrid,0.7349377870559692,0.22301127016544342,0.08304053544998169,1.2913975715637207,0.1908196210861206,0.04984871670603752,0.0930769219994545,0.04322820529341698,0.1788308024406433,0.25,0.07116919755935669,0.38268813490867615,0.29691895842552185,0.3203929662704468,0.9196233963147294,0.6907896615705107,0,0,0.522899866104126,0.2908821702003479,-0.0003370046615600586,-0.0004084855318069458,-0.0006282031536102295,-0.0018444061279296875,-0.0040800124406814575,-0.006488926708698273,-0.024052947759628296,-0.04583383863505629
Stage2,S2_009,3.0,0.05,0.0,0.02,40,1.3191949129104614,109,monotonic_hybrid,0.7256960272789001,0.22136631608009338,0.08140157908201218,1.0609686374664307,0.1366678923368454,0.04575730115175247,0.08769230544567108,0.04193500429391861,0.17212024331092834,0.1599999964237213,0.012120246887207031,0.3817838728427887,0.29907387495040894,0.31914228200912476,0.9195195710464283,0.6976877642469981,0,0,0.5229310393333435,0.2910606861114502,0.0009576082229614258,-9.998679161071777e-05,-0.00012878328561782837,0.004526972770690918,0.0003914833068847656,-0.004992414265871048,0.003016754984855652,0.13213156606335685
Stage2,S2_009,3.0,0.05,0.0,0.02,44,1.342201828956604,110,monotonic_hybrid,0.7094991207122803,0.21959984302520752,0.07489603757858276,1.256098747253418,0.15781950950622559,0.052582718431949615,0.08538461476564407,0.03280189633369446,0.17437541484832764,0.19658119976520538,0.022205784916877747,0.37861067056655884,0.29781773686408997,0.3235715925693512,0.9296854498841893,0.6677250225001525,0,0,0.5229160785675049,0.29097312688827515,0.00012928247451782227,0.0003256946802139282,-0.0008805319666862488,-0.0010612010955810547,-0.0019581615924835205,-0.009105127304792404,-0.02596089243888855,0.018224974836678932
Stage2,S2_010,3.0,0.05,0.0,0.05,43,1.319382905960083,101,monotonic_hybrid,0.7691658735275269,0.23089228570461273,0.07840880006551743,1.2422534227371216,0.1571730077266693,0.05076894164085388,0.08692307770252228,0.036154136061668396,0.1765443980693817,0.19847328960895538,0.02192889153957367,0.37298113107681274,0.3014899492263794,0.32552897930145264,0.920759719009109,0.6476425108834847,0,0,0.47285395860671997,0.26315397024154663,0.00012093782424926758,-0.0003086477518081665,-0.00044167786836624146,-0.000634312629699707,-0.0019712448120117188,-0.006757505238056183,-0.02470482885837555,0.015725716227319296
Stage2,S2_010,3.0,0.05,0.0,0.05,43,1.213679313659668,102,monotonic_hybrid,0.7367520332336426,0.21695269644260406,0.07959019392728806,1.4812602996826172,0.20030632615089417,0.042403172701597214,0.08923076838254929,0.04682759568095207,0.1624794751405716,0.2539682686328888,0.0914887934923172,0.3760054409503937,0.3013725280761719,0.32262206077575684,0.9255342592430088,0.639966754804173,0,0,0.472852885723114,0.2631329298019409,-0.0007619857788085938,-0.00013984739780426025,-0.0009052231907844543,-0.012004613876342773,-0.005168601870536804,-0.006620295345783234,-0.0248386412858963,-0.10331814164412913
Stage2,S2_010,3.0,0.05,0.0,0.05,50,1.2669135332107544,103,monotonic_hybrid,0.7085293531417847,0.2219483107328415,0.07864208519458771,1.1720799207687378,0.1285184621810913,0.04268477112054825,0.08538461476564407,0.042699843645095825,0.1484614908695221,0.14159291982650757,0.006868571043014526,0.37812721729278564,0.30100786685943604,0.3208649754524231,0.9188297978960417,0.6417088526570868,0,0,0.47283726930618286,0.2630423903465271,-4.404783248901367e-05,-0.0008712261915206909,-0.00030256807804107666,0.00042045116424560547,0.0005273222923278809,-0.005135376006364822,-0.012013539671897888,-0.00621641066803366
Stage2,S2_010,3.0,0.05,0.0,0.05,49,1.3571581840515137,104,monotonic_hybrid,0.7192453145980835,0.22716102004051208,0.07222595065832138,1.2337908744812012,0.15035602450370789,0.058318909257650375,0.07999999821186066,0.02168108895421028,0.17711582779884338,0.18110236525535583,0.003986537456512451,0.3756176233291626,0.3006725013256073,0.3237099051475525,0.9196400840208592,0.6683942953177717,0,0,0.4728439450263977,0.2631252110004425,0.0012026429176330566,-0.0010865181684494019,-0.00036343932151794434,0.0040929317474365234,-0.000657200813293457,-0.010789372026920319,-0.02652902901172638,0.167489059503732
Stage2,S2_010,3.0,0.05,0.0,0.05,43,1.301604986190796,105,monotonic_hybrid,0.7026191353797913,0.2200324684381485,0.07109632343053818,1.1429704427719116,0.12928934395313263,0.05299537256360054,0.07538461685180664,0.0223892442882061,0.19221314787864685,0.1376146674156189,0.054598480463027954,0.3818986713886261,0.30065304040908813,0.31744831800460815,0.9175748859769868,0.67070832645079,0,0,0.4728531837463379,0.2631434202194214,0.0010131001472473145,0.000147208571434021,0.00013422220945358276,0.0030001401901245117,0.0019409209489822388,-0.0061185285449028015,0.020596429705619812,0.14439729654143116
Stage2,S2_010,3.0,0.05,0.0,0.05,50,1.2638016939163208,106,monotonic_hybrid,0.7449237108230591,0.22509099543094635,0.07658727467060089,1.1918060779571533,0.12194697558879852,0.047952715307474136,0.08384615182876587,0.03589343652129173,0.18495258688926697,0.14851485192775726,0.036437734961509705,0.3779780864715576,0.30292966961860657,0.3190922737121582,0.9181688166559441,0.6670555813557298,0,0,0.4728347063064575,0.2630283236503601,0.00045996904373168945,0.00012186169624328613,-0.00018806010484695435,0.004237055778503418,0.001081809401512146,-0.005581054836511612,0.027053073048591614,0.061785284886047905
Stage2,S2_010,3.0,0.05,0.0,0.05,42,1.3956307172775269,107,monotonic_hybrid,0.7793334722518921,0.22352424263954163,0.09091745316982269,1.282484531402588,0.15340326726436615,0.04738570749759674,0.10076922923326492,0.05338352173566818,0.1643035113811493,0.19130434095859528,0.027000829577445984,0.37429940700531006,0.30266112089157104,0.3230395019054413,0.9244056266199531,0.676624178036534,0,0,0.47285670042037964,0.26314419507980347,-0.0006946325302124023,0.00014007091522216797,-0.0007423385977745056,-0.0010944604873657227,-0.001670941710472107,-0.006393682211637497,-0.020661339163780212,-0.08905224388119236
Stage2,S2_010,3.0,0.05,0.0,0.05,50,1.2639214992523193,108,monotonic_hybrid,0.7349262833595276,0.22300878167152405,0.0830531045794487,1.291445016860962,0.1909567266702652,0.04962315037846565,0.0930769219994545,0.043453771620988846,0.17784824967384338,0.25,0.07215175032615662,0.37796297669410706,0.3004053235054016,0.3216317594051361,0.9196233302428934,0.6907896606425677,0,0,0.47283512353897095,0.26303187012672424,-0.000348508358001709,-0.00041097402572631836,-0.000615634024143219,-0.0017969608306884766,-0.003942906856536865,-0.006263360381126404,-0.02307039499282837,-0.04739838247243971
Stage2,S2_010,3.0,0.05,0.0,0.05,40,1.3153607845306396,109,monotonic_hybrid,0.7256448864936829,0.2213614583015442,0.08139609545469284,1.0607374906539917,0.13662129640579224,0.04557974636554718,0.08769230544567108,0.0421125590801239,0.17118018865585327,0.1599999964237213,0.011180192232131958,0.3771457076072693,0.3023538887500763,0.3205004334449768,0.919519433147257,0.6976878231184759,0,0,0.47286319732666016,0.2631934881210327,0.0009064674377441406,-0.00010484457015991211,-0.0001342669129371643,0.004295825958251953,0.000344887375831604,-0.004814859479665756,0.0020767003297805786,0.1250751186786712
Stage2,S2_010,3.0,0.05,0.0,0.05,44,1.3380353450775146,110,monotonic_hybrid,0.7095084190368652,0.21959012746810913,0.07491900026798248,1.2560865879058838,0.1578676402568817,0.05235568806529045,0.08538461476564407,0.03302892670035362,0.17342568933963776,0.19658119976520538,0.023155510425567627,0.37427613139152527,0.30121803283691406,0.32450589537620544,0.9296853546101286,0.6677250182215754,0,0,0.4728497564792633,0.26311421394348145,0.0001385807991027832,0.00031597912311553955,-0.0008575692772865295,-0.0010733604431152344,-0.0019100308418273926,-0.00887809693813324,-0.02501116693019867,0.01953576140861158
Stage2,S2_011,3.0,0.02,0.0,0.0,43,1.3266239166259766,101,monotonic_hybrid,0.7691864967346191,0.23088790476322174,0.07839939743280411,1.2421633005142212,0.15709464251995087,0.05097066983580589,0.08692307770252228,0.035952407866716385,0.17751866579055786,0.19847328960895538,0.020954623818397522,0.3893299102783203,0.2956255078315735,0.3150446116924286,0.9191661572793036,0.6496622416475063,0,0,0.5553591251373291,0.31300127506256104,0.00014156103134155273,-0.0003130286931991577,-0.0004510805010795593,-0.0007244348526000977,-0.0020496100187301636,-0.006959233433008194,-0.025679096579551697,0.018407380995506817
Stage2,S2_011,3.0,0.02,0.0,0.0,43,1.2220473289489746,102,monotonic_hybrid,0.736705482006073,0.21695561707019806,0.07955440133810043,1.480713129043579,0.20007707178592682,0.04271229729056358,0.08923076838254929,0.0465184710919857,0.16375276446342468,0.2539682686328888,0.09021550416946411,0.3929332494735718,0.2954252362251282,0.31164151430130005,0.924071912690542,0.641822699529317,0,0,0.5553597211837769,0.31299135088920593,-0.0008085370063781738,-0.0001369267702102661,-0.0009410157799720764,-0.01255178451538086,-0.00539785623550415,-0.006929419934749603,-0.02611193060874939,-0.10963005251897776
Stage2,S2_011,3.0,0.02,0.0,0.0,50,1.2751420736312866,103,monotonic_hybrid,0.7085427641868591,0.22194594144821167,0.07863547652959824,1.17220938205719,0.12861299514770508,0.042950280010700226,0.08538461476564407,0.04243433475494385,0.14976374804973602,0.14159291982650757,0.008170828223228455,0.39564210176467896,0.2948914170265198,0.3094664514064789,0.9171740428464836,0.6438181418478301,0,0,0.55535489320755,0.31295090913772583,-3.063678741455078e-05,-0.0008735954761505127,-0.0003091767430305481,0.0005499124526977539,0.0006218552589416504,-0.0054008848965168,-0.01071128249168396,-0.004323728123639108
Stage2,S2_011,3.0,0.02,0.0,0.0,49,1.366550087928772,104,monotonic_hybrid,0.7192169427871704,0.22713977098464966,0.07222907245159149,1.2339022159576416,0.15036194026470184,0.05834605172276497,0.07999999821186066,0.021653946489095688,0.17761923372745514,0.18110236525535583,0.003483131527900696,0.3924929201602936,0.2945622503757477,0.31294485926628113,0.9180205932042583,0.670264362608974,0,0,0.5553535223007202,0.31298887729644775,0.0011742711067199707,-0.0011077672243118286,-0.00036031752824783325,0.004204273223876953,-0.0006512850522994995,-0.010816514492034912,-0.027032434940338135,0.1635377886347338
Stage2,S2_011,3.0,0.02,0.0,0.0,43,1.3098691701889038,105,monotonic_hybrid,0.702684223651886,0.22005479037761688,0.0711163580417633,1.1432263851165771,0.12941977381706238,0.053087521344423294,0.07538461685180664,0.022297095507383347,0.1926945447921753,0.1376146674156189,0.055079877376556396,0.3998701870441437,0.29448720812797546,0.30564260482788086,0.9160683475518032,0.6724639698146986,0,0,0.5553590059280396,0.31299635767936707,0.001078188419342041,0.00016953051090240479,0.00015425682067871094,0.003256082534790039,0.0020713508129119873,-0.006210677325725555,0.021077826619148254,0.153674336479258
Stage2,S2_011,3.0,0.02,0.0,0.0,50,1.2711578607559204,106,monotonic_hybrid,0.7449780702590942,0.22510243952274323,0.07659996300935745,1.19202721118927,0.12202228605747223,0.04814417287707329,0.08384615182876587,0.03570197895169258,0.1865600198507309,0.14851485192775726,0.03804516792297363,0.3954593241214752,0.2971307039260864,0.30740997195243835,0.916565496173522,0.6688480201983888,0,0,0.5553541779518127,0.3129446506500244,0.0005143284797668457,0.00013330578804016113,-0.00017537176609039307,0.004458189010620117,0.001157119870185852,-0.0057725124061107635,0.028660506010055542,0.06908710940543053
Stage2,S2_011,3.0,0.02,0.0,0.0,42,1.4044411182403564,107,monotonic_hybrid,0.7793306112289429,0.22353731095790863,0.0908978134393692,1.2824629545211792,0.15335887670516968,0.047612596303224564,0.10076922923326492,0.05315663293004036,0.1651923656463623,0.19130434095859528,0.02611197531223297,0.3908691704273224,0.29699307680130005,0.3121377229690552,0.922925906849164,0.6783262216475372,0,0,0.555361270904541,0.3129962682723999,-0.0006974935531616211,0.00015313923358917236,-0.0007619783282279968,-0.001116037368774414,-0.001715332269668579,-0.00662057101726532,-0.021550193428993225,-0.08941902847929577
Stage2,S2_011,3.0,0.02,0.0,0.0,50,1.2734401226043701,108,monotonic_hybrid,0.7349269986152649,0.2229926735162735,0.08304744213819504,1.2914516925811768,0.19082766771316528,0.04980352520942688,0.0930769219994545,0.04327339679002762,0.17881397902965546,0.25,0.07118602097034454,0.39541342854499817,0.29419904947280884,0.3103874921798706,0.9180944538768068,0.6923112551875731,0,0,0.5553541779518127,0.3129463493824005,-0.0003477931022644043,-0.0004270821809768677,-0.0006212964653968811,-0.0017902851104736328,-0.00407196581363678,-0.006443735212087631,-0.024036124348640442,-0.047301105135400326
Stage2,S2_011,3.0,0.02,0.0,0.0,40,1.3231287002563477,109,monotonic_hybrid,0.7256947755813599,0.2213493287563324,0.08141907304525375,1.0609639883041382,0.13667908310890198,0.045589614659547806,0.08769230544567108,0.042102690786123276,0.17183759808540344,0.1599999964237213,0.011837601661682129,0.3941681385040283,0.29661738872528076,0.3092144727706909,0.9179556849711721,0.6993869388128551,0,0,0.5553625822067261,0.3130187392234802,0.0009563565254211426,-0.0001169741153717041,-0.00011128932237625122,0.0045223236083984375,0.0004026740789413452,-0.004824727773666382,0.0027341097593307495,0.13195885581268274
Stage2,S2_011,3.0,0.02,0.0,0.0,33,1.3466664552688599,110,monotonic_hybrid,0.7095850706100464,0.21942096948623657,0.07470082491636276,1.2560749053955078,0.15785954892635345,0.055703066289424896,0.08538461476564407,0.029681548476219177,0.1798056960105896,0.19658119976520538,0.016775503754615784,0.3911775052547455,0.29513320326805115,0.31368929147720337,0.9281753075687269,0.6692044204992342,0,0,0.5553713440895081,0.31308770179748535,0.00021523237228393555,0.00014682114124298096,-0.00107574462890625,-0.001085042953491211,-0.0019181221723556519,-0.012225475162267685,-0.03139117360115051,0.03034134814903072
Stage2,S2_012,3.0,0.02,0.0,0.005,43,1.3260462284088135,101,monotonic_hybrid,0.7691823840141296,0.2308867871761322,0.07840163260698318,1.242175817489624,0.15710611641407013,0.05092494562268257,0.08692307770252228,0.035998132079839706,0.177344411611557,0.19847328960895538,0.021128877997398376,0.3884899914264679,0.29619109630584717,0.3153189420700073,0.9191661469645716,0.6496622464236699,0,0,0.5470287799835205,0.30830633640289307,0.00013744831085205078,-0.0003141462802886963,-0.0004488453269004822,-0.0007119178771972656,-0.002038136124610901,-0.0069135092198848724,-0.025504842400550842,0.017872598137111038
Stage2,S2_012,3.0,0.02,0.0,0.005,43,1.2214221954345703,102,monotonic_hybrid,0.7367111444473267,0.21695390343666077,0.07955986261367798,1.480796456336975,0.2001112848520279,0.042665995657444,0.08923076838254929,0.046564772725105286,0.16356344521045685,0.2539682686328888,0.09040482342243195,0.3920392692089081,0.2959938049316406,0.3119668960571289,0.924071909210468,0.6418227069687213,0,0,0.5470293164253235,0.3082963824272156,-0.0008028745651245117,-0.0001386404037475586,-0.0009355545043945312,-0.012468457221984863,-0.005363643169403076,-0.00688311830163002,-0.025922611355781555,-0.10886227846890013
Stage2,S2_012,3.0,0.02,0.0,0.005,50,1.2745109796524048,103,monotonic_hybrid,0.7085391283035278,0.22194495797157288,0.07863713055849075,1.1721928119659424,0.12860150635242462,0.042905542999506,0.08538461476564407,0.04247907176613808,0.14957158267498016,0.14159291982650757,0.007978662848472595,0.39470750093460083,0.2954680621623993,0.30982446670532227,0.9171740321883242,0.6438181355401612,0,0,0.5470246076583862,0.30825674533843994,-3.427267074584961e-05,-0.0008745789527893066,-0.000307522714138031,0.0005333423614501953,0.0006103664636611938,-0.005356147885322571,-0.01090344786643982,-0.00483685539123052
Stage2,S2_012,3.0,0.02,0.0,0.005,49,1.3657218217849731,104,monotonic_hybrid,0.7192132472991943,0.22714078426361084,0.07222925126552582,1.2338770627975464,0.15036146342754364,0.058313362300395966,0.07999999821186066,0.02168663591146469,0.17749881744384766,0.18110236525535583,0.0036035478115081787,0.39160558581352234,0.29514381289482117,0.3132505714893341,0.9180205835821558,0.6702643819503652,0,0,0.5470232963562012,0.3082941174507141,0.0011705756187438965,-0.001106753945350647,-0.0003601387143135071,0.004179120063781738,-0.0006517618894577026,-0.010783825069665909,-0.026912018656730652,0.16302312730305757
Stage2,S2_012,3.0,0.02,0.0,0.005,43,1.3091864585876465,105,monotonic_hybrid,0.7026719450950623,0.22005099058151245,0.0711137056350708,1.1431852579116821,0.12939831614494324,0.053051650524139404,0.07538461685180664,0.022332966327667236,0.19257207214832306,0.1376146674156189,0.05495740473270416,0.39887216687202454,0.2950699031352997,0.3060579299926758,0.916068343810462,0.6724639700380272,0,0,0.547028660774231,0.3083014488220215,0.0010659098625183105,0.00016573071479797363,0.00015160441398620605,0.0032149553298950195,0.0020498931407928467,-0.006174806505441666,0.02095535397529602,0.15192427216864232
Stage2,S2_012,3.0,0.02,0.0,0.005,50,1.2706180810928345,106,monotonic_hybrid,0.7449707388877869,0.22510023415088654,0.07659946382045746,1.1919775009155273,0.12200798094272614,0.04810426011681557,0.08384615182876587,0.0357418917119503,0.1863192468881607,0.14851485192775726,0.03780439496040344,0.39452749490737915,0.2976737320423126,0.3077988028526306,0.9165654931515881,0.6688480237613632,0,0,0.5470238924026489,0.3082504868507385,0.0005069971084594727,0.00013110041618347168,-0.00017587095499038696,0.004408478736877441,0.0011428147554397583,-0.005732599645853043,0.02841973304748535,0.068102323861698
Stage2,S2_012,3.0,0.02,0.0,0.005,42,1.4036833047866821,107,monotonic_hybrid,0.7793319821357727,0.223534494638443,0.0909016951918602,1.2824751138687134,0.153366819024086,0.047570183873176575,0.10076922923326492,0.05319904536008835,0.1650451272726059,0.19130434095859528,0.02625921368598938,0.3900061845779419,0.2975381910800934,0.3124556243419647,0.9229259037030121,0.6783262247641914,0,0,0.5470308661460876,0.3083013892173767,-0.0006961226463317871,0.00015032291412353516,-0.0007580965757369995,-0.0011038780212402344,-0.0017073899507522583,-0.006578158587217331,-0.021402955055236816,-0.08924327752603789
Stage2,S2_012,3.0,0.02,0.0,0.005,50,1.2726629972457886,108,monotonic_hybrid,0.7349251508712769,0.22299250960350037,0.08304926753044128,1.2914578914642334,0.19084887206554413,0.049769069999456406,0.0930769219994545,0.04330785199999809,0.1786605268716812,0.25,0.07133947312831879,0.39448222517967224,0.2947860360145569,0.3107316792011261,0.918094450951768,0.6923112586967657,0,0,0.5470238924026489,0.30825215578079224,-0.0003496408462524414,-0.00042724609375,-0.0006194710731506348,-0.0017840862274169922,-0.004050761461257935,-0.006409280002117157,-0.0238826721906662,-0.04755240492275207
Stage2,S2_012,3.0,0.02,0.0,0.005,40,1.3224689960479736,109,monotonic_hybrid,0.7256866097450256,0.22134868800640106,0.0814179852604866,1.0609275102615356,0.13667158782482147,0.045563869178295135,0.08769230544567108,0.042128436267375946,0.17169366776943207,0.1599999964237213,0.011693671345710754,0.39325565099716187,0.297168105840683,0.30957621335983276,0.9179556723807428,0.6993869402772424,0,0,0.5470321774482727,0.3083234429359436,0.0009481906890869141,-0.00011761486530303955,-0.0001123771071434021,0.0044858455657958984,0.00039517879486083984,-0.0047989822924137115,0.002590179443359375,0.13083212703447536
Stage2,S2_012,3.0,0.02,0.0,0.005,33,1.3459460735321045,110,monotonic_hybrid,0.7095831036567688,0.2194177508354187,0.0747045949101448,1.2560676336288452,0.15786544978618622,0.05565464496612549,0.08538461476564407,0.029729969799518585,0.17965197563171387,0.19658119976520538,0.016929224133491516,0.3903099298477173,0.295706182718277,0.3139839172363281,0.9281753001170971,0.6692044187351768,0,0,0.5470407009124756,0.3083914518356323,0.00021326541900634766,0.00014360249042510986,-0.0010719746351242065,-0.0010923147201538086,-0.0019122213125228882,-0.012177053838968277,-0.03123745322227478,0.030064066374198815
Stage2,S2_013,3.0,0.02,0.0,0.01,43,1.3254684209823608,101,monotonic_hybrid,0.7691784501075745,0.23088571429252625,0.07840388268232346,1.2421886920928955,0.15711766481399536,0.05087919905781746,0.08692307770252228,0.03604387864470482,0.17717008292675018,0.19847328960895538,0.0213032066822052,0.38765010237693787,0.2967567443847656,0.3155931830406189,0.9191661342254891,0.6496622638507662,0,0,0.5386983752250671,0.30361121892929077,0.000133514404296875,-0.0003152191638946533,-0.0004465952515602112,-0.0006990432739257812,-0.002026587724685669,-0.00686776265501976,-0.02533051371574402,0.017361066707341166
Stage2,S2_013,3.0,0.02,0.0,0.01,43,1.2207965850830078,102,monotonic_hybrid,0.7367168664932251,0.21695218980312347,0.07956533879041672,1.4808799028396606,0.20014554262161255,0.04261969402432442,0.08923076838254929,0.04661107435822487,0.1633741408586502,0.2539682686328888,0.09059412777423859,0.39114534854888916,0.29656240344047546,0.3122922480106354,0.9240718948828586,0.6418227098678898,0,0,0.5386989116668701,0.3036016523838043,-0.0007971525192260742,-0.00014035403728485107,-0.0009300783276557922,-0.012385010719299316,-0.00532938539981842,-0.006836816668510437,-0.025733307003974915,-0.10808642258671644
Stage2,S2_013,3.0,0.02,0.0,0.01,50,1.273879885673523,103,monotonic_hybrid,0.7085354924201965,0.2219439297914505,0.07863879948854446,1.172176480293274,0.12859009206295013,0.04286086931824684,0.08538461476564407,0.04252374544739723,0.14937958121299744,0.14159291982650757,0.007786661386489868,0.3937729001045227,0.2960446774959564,0.3101824223995209,0.9171740266352888,0.6438181439876178,0,0,0.5386942625045776,0.3035624623298645,-3.790855407714844e-05,-0.0008756071329116821,-0.00030585378408432007,0.0005170106887817383,0.0005989521741867065,-0.0053114742040634155,-0.011095449328422546,-0.005349982658821932
Stage2,S2_013,3.0,0.02,0.0,0.01,49,1.3648934364318848,104,monotonic_hybrid,0.719209611415863,0.22714176774024963,0.07222943007946014,1.2338521480560303,0.15036094188690186,0.05828065052628517,0.07999999821186066,0.021719347685575485,0.177378311753273,0.18110236525535583,0.0037240535020828247,0.3907182812690735,0.29572543501853943,0.31355634331703186,0.9180205700791059,0.6702644122970397,0,0,0.5386928915977478,0.3035992383956909,0.0011669397354125977,-0.001105770468711853,-0.0003599599003791809,0.004154205322265625,-0.0006522834300994873,-0.010751113295555115,-0.026791512966156006,0.16251676696060194
Stage2,S2_013,3.0,0.02,0.0,0.01,43,1.3085037469863892,105,monotonic_hybrid,0.7026596069335938,0.2200472354888916,0.0711110457777977,1.1431442499160767,0.1293768286705017,0.05301577225327492,0.07538461685180664,0.022368844598531723,0.1924494355916977,0.1376146674156189,0.054834768176078796,0.39787420630455017,0.2956525981426239,0.3064732253551483,0.9160683262330995,0.6724639867362275,0,0,0.5386982560157776,0.30360645055770874,0.0010535717010498047,0.00016197562217712402,0.00014894455671310425,0.0031739473342895508,0.0020284056663513184,-0.006138928234577179,0.020832717418670654,0.1501657124002081
Stage2,S2_013,3.0,0.02,0.0,0.01,50,1.2700783014297485,106,monotonic_hybrid,0.7449634075164795,0.22509807348251343,0.07659897208213806,1.1919280290603638,0.1219937726855278,0.04806424304842949,0.08384615182876587,0.03578190878033638,0.18607817590236664,0.14851485192775726,0.037563323974609375,0.3935956060886383,0.2982167601585388,0.3081876337528229,0.9165654848999055,0.6688480281338994,0,0,0.5386934876441956,0.30355626344680786,0.0004996657371520996,0.00012893974781036377,-0.00017636269330978394,0.004359006881713867,0.0011286064982414246,-0.005692582577466965,0.028178662061691284,0.06711753831796548
Stage2,S2_013,3.0,0.02,0.0,0.01,42,1.4029254913330078,107,monotonic_hybrid,0.7793334126472473,0.22353172302246094,0.0909055843949318,1.2824877500534058,0.1533748060464859,0.0475277416408062,0.10076922923326492,0.053241487592458725,0.16489768028259277,0.19130434095859528,0.026406660676002502,0.389143168926239,0.29808327555656433,0.31277358531951904,0.9229258901159759,0.6783262238072532,0,0,0.5387004017829895,0.30360639095306396,-0.0006946921348571777,0.0001475512981414795,-0.0007542073726654053,-0.0010912418365478516,-0.001699402928352356,-0.006535716354846954,-0.021255508065223694,-0.08905988522698617
Stage2,S2_013,3.0,0.02,0.0,0.01,50,1.2718857526779175,108,monotonic_hybrid,0.7349234223365784,0.22299236059188843,0.08305111527442932,1.2914643287658691,0.19087015092372894,0.04973455145955086,0.0930769219994545,0.04334237053990364,0.17850695550441742,0.25,0.07149304449558258,0.3935510814189911,0.2953730821609497,0.3110758662223816,0.9180944411913494,0.6923112604674014,0,0,0.5386935472488403,0.3035579323768616,-0.00035136938095092773,-0.0004273951053619385,-0.0006176233291625977,-0.00177764892578125,-0.00402948260307312,-0.006374761462211609,-0.023729100823402405,-0.047787491820597244
Stage2,S2_013,3.0,0.02,0.0,0.01,40,1.3218092918395996,109,monotonic_hybrid,0.7256785035133362,0.2213481217622757,0.08141689747571945,1.060891032218933,0.13666412234306335,0.045538146048784256,0.08769230544567108,0.042154159396886826,0.1715497225522995,0.1599999964237213,0.011549726128578186,0.3923431932926178,0.2977188229560852,0.3099379539489746,0.9179556620157792,0.6993869449338249,0,0,0.5387016534805298,0.30362820625305176,0.0009400844573974609,-0.00011818110942840576,-0.00011346489191055298,0.004449367523193359,0.00038771331310272217,-0.004773259162902832,0.0024462342262268066,0.1297136225539191
Stage2,S2_013,3.0,0.02,0.0,0.01,33,1.34522545337677,110,monotonic_hybrid,0.7095811367034912,0.21941453218460083,0.07470837980508804,1.2560604810714722,0.15787139534950256,0.05560623109340668,0.08538461476564407,0.029778383672237396,0.17949821054935455,0.19658119976520538,0.01708298921585083,0.3894423246383667,0.2962791621685028,0.31427857279777527,0.9281752856062763,0.6692044165963499,0,0,0.5387101769447327,0.3036951422691345,0.00021129846572875977,0.00014038383960723877,-0.0010681897401809692,-0.0010994672775268555,-0.001906275749206543,-0.012128639966249466,-0.031083688139915466,0.029786784599366907
Stage2,S2_014,3.0,0.02,0.0,0.02,43,1.3243125677108765,101,monotonic_hybrid,0.7691706418991089,0.23088355362415314,0.07840842753648758,1.2422150373458862,0.15714097023010254,0.05078762397170067,0.08692307770252228,0.03613545373082161,0.17682094871997833,0.19847328960895538,0.02165234088897705,0.3859702944755554,0.2978879511356354,0.3161417841911316,0.9191661332050285,0.6496622612897754,0,0,0.5220375657081604,0.2942212224006653,0.00012570619583129883,-0.00031737983226776123,-0.00044205039739608765,-0.0006726980209350586,-0.002003282308578491,-0.006776187568902969,-0.024981379508972168,0.016345754324010052
Stage2,S2_014,3.0,0.02,0.0,0.02,43,1.2195453643798828,102,monotonic_hybrid,0.736728310585022,0.21694880723953247,0.07957631349563599,1.4810471534729004,0.20021425187587738,0.04252711310982704,0.08923076838254929,0.046703655272722244,0.16299547255039215,0.2539682686328888,0.09097279608249664,0.38935744762420654,0.2976996600627899,0.3129429221153259,0.9240718915717171,0.6418226916003508,0,0,0.5220380425453186,0.2942119240760803,-0.0007857084274291992,-0.0001437366008758545,-0.0009191036224365234,-0.01221776008605957,-0.005260676145553589,-0.0067442357540130615,-0.025354638695716858,-0.10653471082234904
Stage2,S2_014,3.0,0.02,0.0,0.02,50,1.272616982460022,103,monotonic_hybrid,0.7085283994674683,0.22194190323352814,0.07864215224981308,1.1721445322036743,0.1285674273967743,0.04277176037430763,0.08538461476564407,0.04261285439133644,0.1489962339401245,0.14159291982650757,0.007403314113616943,0.39190369844436646,0.2971979081630707,0.31089839339256287,0.9171740293466775,0.6438181336499366,0,0,0.5220335721969604,0.2941738963127136,-4.500150680541992e-05,-0.0008776336908340454,-0.00030250102281570435,0.0004850625991821289,0.0005762875080108643,-0.0052223652601242065,-0.011478796601295471,-0.006351001426746161
Stage2,S2_014,3.0,0.02,0.0,0.02,49,1.3632363080978394,104,monotonic_hybrid,0.7192023396492004,0.2271438091993332,0.07222981005907059,1.233802080154419,0.15035998821258545,0.05821513384580612,0.07999999821186066,0.021784864366054535,0.17713673412799835,0.18110236525535583,0.003965631127357483,0.3889436423778534,0.2968885600566864,0.3141677677631378,0.9180205597695731,0.6702644531830018,0,0,0.5220323801040649,0.29420965909957886,0.00115966796875,-0.001103729009628296,-0.0003595799207687378,0.004104137420654297,-0.0006532371044158936,-0.010685596615076065,-0.026549935340881348,0.16150404627569062
Stage2,S2_014,3.0,0.02,0.0,0.02,43,1.3071380853652954,105,monotonic_hybrid,0.7026351094245911,0.22003966569900513,0.07110573351383209,1.1430623531341553,0.12933380901813507,0.05294397845864296,0.07538461685180664,0.02244063839316368,0.19220365583896637,0.1376146674156189,0.05458898842334747,0.3958781659603119,0.29681795835494995,0.30730387568473816,0.9160683276712568,0.6724639819038531,0,0,0.5220374464988708,0.2942166328430176,0.0010290741920471191,0.00015440583229064941,0.00014363229274749756,0.003092050552368164,0.00198538601398468,-0.006067134439945221,0.02058693766593933,0.14667407923679526
Stage2,S2_014,3.0,0.02,0.0,0.02,50,1.2689985036849976,106,monotonic_hybrid,0.7449489235877991,0.2250937670469284,0.07659804075956345,1.1918302774429321,0.1219656765460968,0.04798387736082077,0.08384615182876587,0.0358622744679451,0.18559499084949493,0.14851485192775726,0.03708013892173767,0.391731858253479,0.2993028461933136,0.3089653253555298,0.9165654904055816,0.668848004629541,0,0,0.5220328569412231,0.29416802525520325,0.0004851818084716797,0.0001246333122253418,-0.00017729401588439941,0.0042612552642822266,0.0011005103588104248,-0.005612216889858246,0.02769547700881958,0.06517198639010366
Stage2,S2_014,3.0,0.02,0.0,0.02,42,1.4014097452163696,107,monotonic_hybrid,0.7793363332748413,0.22352613508701324,0.09091340005397797,1.2825130224227905,0.15339089930057526,0.047442857176065445,0.10076922923326492,0.05332637205719948,0.16460245847702026,0.19130434095859528,0.026701882481575012,0.38741716742515564,0.2991734445095062,0.31340938806533813,0.9229258939416904,0.6783262064593886,0,0,0.522039532661438,0.2942165434360504,-0.0006917715072631836,0.00014196336269378662,-0.0007463917136192322,-0.001065969467163086,-0.0016833096742630005,-0.006450831890106201,-0.020960286259651184,-0.08868545928308894
Stage2,S2_014,3.0,0.02,0.0,0.02,50,1.2703310251235962,108,monotonic_hybrid,0.7349200248718262,0.22299207746982574,0.08305481821298599,1.2914775609970093,0.19091282784938812,0.049665361642837524,0.0930769219994545,0.043411560356616974,0.17819955945014954,0.25,0.07180044054985046,0.39168867468833923,0.2965471148490906,0.3117642104625702,0.918094448628645,0.6923112420364866,0,0,0.5220329761505127,0.294169545173645,-0.000354766845703125,-0.0004276782274246216,-0.0006139203906059265,-0.0017644166946411133,-0.00398680567741394,-0.006305571645498276,-0.02342170476913452,-0.04824955917153432
Stage2,S2_014,3.0,0.02,0.0,0.02,40,1.320489764213562,109,monotonic_hybrid,0.7256624698638916,0.22134695947170258,0.08141473680734634,1.0608187913894653,0.1366492658853531,0.04548680782318115,0.08769230544567108,0.04220549762248993,0.1712619513273239,0.1599999964237213,0.0112619549036026,0.3905182480812073,0.2988203167915344,0.3106614351272583,0.9179556623352495,0.6993869481609942,0,0,0.522040843963623,0.29423773288726807,0.0009240508079528809,-0.00011934340000152588,-0.00011562556028366089,0.004377126693725586,0.00037285685539245605,-0.004721920937299728,0.0021584630012512207,0.1275012864857601
Stage2,S2_014,3.0,0.02,0.0,0.02,33,1.343783974647522,110,monotonic_hybrid,0.7095774412155151,0.21940813958644867,0.0747159942984581,1.256047010421753,0.1578834503889084,0.05550941452383995,0.08538461476564407,0.029875200241804123,0.17919059097766876,0.19658119976520538,0.01739060878753662,0.38770708441734314,0.29742515087127686,0.3148677945137024,0.928175284474462,0.6692044155686236,0,0,0.5220490097999573,0.2943025827407837,0.00020760297775268555,0.00013399124145507812,-0.001060575246810913,-0.0011129379272460938,-0.0018942207098007202,-0.01203182339668274,-0.030776068568229675,0.02926583096180393
Stage2,S2_015,3.0,0.02,0.0,0.05,43,1.3208450078964233,101,monotonic_hybrid,0.7691479921340942,0.23087754845619202,0.07842276245355606,1.2422963380813599,0.15721416473388672,0.050508446991443634,0.08692307770252228,0.036414630711078644,0.17575837671756744,0.19847328960895538,0.02271491289138794,0.3809308707714081,0.3012816309928894,0.3177875578403473,0.9191660757905362,0.6496623142732751,0,0,0.47205525636672974,0.2660512626171112,0.00010305643081665039,-0.00032338500022888184,-0.0004277154803276062,-0.0005913972854614258,-0.0019300878047943115,-0.006497010588645935,-0.02391880750656128,0.013400573364728963
Stage2,S2_015,3.0,0.02,0.0,0.05,43,1.2157889604568481,102,monotonic_hybrid,0.736763596534729,0.21693885326385498,0.07960950583219528,1.4815514087677002,0.2004217803478241,0.04224947839975357,0.08923076838254929,0.046981289982795715,0.16185921430587769,0.2539682686328888,0.09210905432701111,0.3839936852455139,0.3011113107204437,0.31489506363868713,0.9240718501252115,0.6418227023287763,0,0,0.47205573320388794,0.2660427689552307,-0.000750422477722168,-0.00015369057655334473,-0.0008859112858772278,-0.011713504791259766,-0.0050531476736068726,-0.0064666010439395905,-0.024218380451202393,-0.10175026621554957
Stage2,S2_015,3.0,0.02,0.0,0.05,50,1.2688249349594116,103,monotonic_hybrid,0.7085078358650208,0.2219359576702118,0.07865232229232788,1.1720523834228516,0.12850072979927063,0.04250631481409073,0.08538461476564407,0.042878299951553345,0.14785128831863403,0.14159291982650757,0.006258368492126465,0.3862960934638977,0.30065762996673584,0.31304630637168884,0.9171739889629349,0.6438181400466495,0,0,0.4720517098903656,0.2660084068775177,-6.556510925292969e-05,-0.0008835792541503906,-0.0002923309803009033,0.000392913818359375,0.0005095899105072021,-0.004956919699907303,-0.01262374222278595,-0.009253114661484475
Stage2,S2_015,3.0,0.02,0.0,0.05,49,1.3582621812820435,104,monotonic_hybrid,0.7191812992095947,0.22715012729167938,0.07223100960254669,1.2336533069610596,0.150357186794281,0.05801742151379585,0.07999999821186066,0.021982576698064804,0.1764073669910431,0.18110236525535583,0.004694998264312744,0.3836196959018707,0.30037808418273926,0.3160022497177124,0.9180204937901618,0.6702646210709481,0,0,0.4720504879951477,0.2660408020019531,0.0011386275291442871,-0.0010974109172821045,-0.00035838037729263306,0.003955364227294922,-0.0006560385227203369,-0.010487884283065796,-0.025820568203926086,0.15857379708082434
Stage2,S2_015,3.0,0.02,0.0,0.05,43,1.30303955078125,105,monotonic_hybrid,0.7025620937347412,0.22001716494560242,0.07108978927135468,1.142818808555603,0.12920430302619934,0.052728600800037384,0.07538461685180664,0.022656016051769257,0.19146272540092468,0.1376146674156189,0.053848057985305786,0.3898901343345642,0.3003140389919281,0.3097958266735077,0.9160682763426108,0.672464006900581,0,0,0.47205519676208496,0.26604706048965454,0.0009560585021972656,0.00013190507888793945,0.00012768805027008057,0.002848505973815918,0.0018558800220489502,-0.005851756781339645,0.019846007227897644,0.1362671434091049
Stage2,S2_015,3.0,0.02,0.0,0.05,50,1.2657599449157715,106,monotonic_hybrid,0.7449057698249817,0.22508186101913452,0.07659472525119781,1.19153892993927,0.12188199907541275,0.04774383082985878,0.08384615182876587,0.03610232099890709,0.18413551151752472,0.14851485192775726,0.035620659589767456,0.3861406445503235,0.30256104469299316,0.3112983703613281,0.9165654613638896,0.6688480216316013,0,0,0.47205105423927307,0.2660030424594879,0.0004420280456542969,0.00011272728443145752,-0.00018060952425003052,0.003969907760620117,0.0010168328881263733,-0.0053721703588962555,0.026235997676849365,0.05937536253919026
Stage2,S2_015,3.0,0.02,0.0,0.05,42,1.39686119556427,107,monotonic_hybrid,0.7793458700180054,0.22350932657718658,0.0909370556473732,1.2825921773910522,0.15344038605690002,0.04718784615397453,0.10076922923326492,0.05358138307929039,0.16371342539787292,0.19130434095859528,0.02759091556072235,0.38223910331726074,0.3024440407752991,0.31531691551208496,0.9229258512708413,0.6783262173840188,0,0,0.4720570743083954,0.26604700088500977,-0.0006822347640991211,0.00012515485286712646,-0.000722736120223999,-0.0009868144989013672,-0.0016338229179382324,-0.006195820868015289,-0.020071253180503845,-0.08746284395607755
Stage2,S2_015,3.0,0.02,0.0,0.05,50,1.265656590461731,108,monotonic_hybrid,0.7349032163619995,0.2229870855808258,0.08306679129600525,1.2915130853652954,0.19104152917861938,0.04945419356226921,0.0930769219994545,0.04362272843718529,0.17729346454143524,0.25,0.07270653545856476,0.386101633310318,0.3000691533088684,0.31382930278778076,0.9180944177788163,0.6923112436377133,0,0,0.47205114364624023,0.2660044729709625,-0.00037157535552978516,-0.00043267011642456055,-0.0006019473075866699,-0.0017288923263549805,-0.0038581043481826782,-0.006094403564929962,-0.022515609860420227,-0.050535576591959834
Stage2,S2_015,3.0,0.02,0.0,0.05,40,1.316530466079712,109,monotonic_hybrid,0.7256149649620056,0.221343994140625,0.08140825480222702,1.0606052875518799,0.1366053968667984,0.04533352702856064,0.08769230544567108,0.04235877841711044,0.17039935290813446,0.1599999964237213,0.010399356484413147,0.3850433826446533,0.30212467908859253,0.31283196806907654,0.9179556050075202,0.6993869709737106,0,0,0.4720582962036133,0.2660660743713379,0.0008765459060668945,-0.00012230873107910156,-0.00012210756540298462,0.004163622856140137,0.00032898783683776855,-0.0045686401426792145,0.0012958645820617676,0.12094652125779448
Stage2,S2_015,3.0,0.02,0.0,0.05,33,1.3394575119018555,110,monotonic_hybrid,0.7095674872398376,0.21938903629779816,0.07473905384540558,1.2560110092163086,0.157920703291893,0.05521902069449425,0.08538461476564407,0.030165594071149826,0.17826637625694275,0.19658119976520538,0.018314823508262634,0.38250139355659485,0.3008630871772766,0.3166356086730957,0.928175224975268,0.6692044205578044,0,0,0.4720657467842102,0.26612481474876404,0.0001976490020751953,0.00011488795280456543,-0.0010375156998634338,-0.0011489391326904297,-0.001856967806816101,-0.011741429567337036,-0.029851853847503662,0.02786261713159398
Stage2,S2_016,3.0,0.01,0.0,0.0,43,1.3271933794021606,101,monotonic_hybrid,0.7691792249679565,0.23088224232196808,0.0784047320485115,1.2421773672103882,0.15711000561714172,0.05086888372898102,0.08692307770252228,0.03605419397354126,0.1772116720676422,0.19847328960895538,0.02126161754131317,0.3924544155597687,0.295511394739151,0.31203415989875793,0.9186298891576117,0.6503385144373227,0,0,0.5549622774124146,0.3140886127948761,0.00013428926467895508,-0.0003186911344528198,-0.00044574588537216187,-0.0007103681564331055,-0.0020342469215393066,-0.006857447326183319,-0.025372102856636047,0.017461822898053415
Stage2,S2_016,3.0,0.01,0.0,0.0,43,1.2228703498840332,102,monotonic_hybrid,0.7367098331451416,0.2169501930475235,0.07956192642450333,1.4808269739151,0.2001221776008606,0.04265151917934418,0.08923076838254929,0.04657924920320511,0.16350765526294708,0.2539682686328888,0.09046061336994171,0.39607352018356323,0.295290470123291,0.30863600969314575,0.9235788540703053,0.6424457823359845,0,0,0.554962694644928,0.3140835762023926,-0.0008041858673095703,-0.00014235079288482666,-0.0009334906935691833,-0.012437939643859863,-0.0053527504205703735,-0.006868641823530197,-0.02586682140827179,-0.1090400787752339
Stage2,S2_016,3.0,0.01,0.0,0.0,50,1.2758877277374268,103,monotonic_hybrid,0.7085340023040771,0.22194115817546844,0.07863937318325043,1.1721972227096558,0.12860563397407532,0.04288031533360481,0.08538461476564407,0.04250429943203926,0.1495233029127121,0.14159291982650757,0.007930383086204529,0.3988534212112427,0.29472091794013977,0.30642563104629517,0.9166164479220311,0.6445249273206466,0,0,0.5549608469009399,0.3140637278556824,-3.93986701965332e-05,-0.0008783787488937378,-0.00030528008937835693,0.0005377531051635742,0.0006144940853118896,-0.005330920219421387,-0.010951727628707886,-0.0055602807193102155
Stage2,S2_016,3.0,0.01,0.0,0.0,49,1.366977572441101,104,monotonic_hybrid,0.71919184923172,0.22713550925254822,0.07223100960254669,1.233847975730896,0.15036235749721527,0.058228570967912674,0.07999999821186066,0.021771427243947983,0.17734266817569733,0.18110236525535583,0.0037596970796585083,0.39563679695129395,0.2944130301475525,0.30995017290115356,0.9174749276164514,0.67088873566636,0,0,0.5549592971801758,0.31408262252807617,0.0011491775512695312,-0.001112028956413269,-0.00035838037729263306,0.004150032997131348,-0.0006508678197860718,-0.010699033737182617,-0.026755869388580322,0.16004307217286776
Stage2,S2_016,3.0,0.01,0.0,0.0,43,1.310428261756897,105,monotonic_hybrid,0.7026617527008057,0.22004882991313934,0.07111376523971558,1.143166184425354,0.12938661873340607,0.05298366770148277,0.07538461685180664,0.022400949150323868,0.1924026608467102,0.1376146674156189,0.05478799343109131,0.4030097424983978,0.29432213306427,0.30266812443733215,0.9155618671457181,0.6730520013136622,0,0,0.5549622178077698,0.31408607959747314,0.0010557174682617188,0.00016357004642486572,0.00015166401863098145,0.0031958818435668945,0.0020381957292556763,-0.006106823682785034,0.020785942673683167,0.1504715488816749
Stage2,S2_016,3.0,0.01,0.0,0.0,50,1.2719210386276245,106,monotonic_hybrid,0.7449706196784973,0.22509880363941193,0.07660267502069473,1.1919190883636475,0.1219957172870636,0.04806366562843323,0.08384615182876587,0.03578248620033264,0.18624259531497955,0.14851485192775726,0.03772774338722229,0.39866819977760315,0.2969527542591095,0.30437904596328735,0.9160255534179538,0.669448231127131,0,0,0.5549605488777161,0.31406065821647644,0.0005068778991699219,0.0001296699047088623,-0.0001726597547531128,0.004350066184997559,0.0011305510997772217,-0.005692005157470703,0.0283430814743042,0.06808631108862918
Stage2,S2_016,3.0,0.01,0.0,0.0,42,1.40491783618927,107,monotonic_hybrid,0.779335081577301,0.22353149950504303,0.09090539813041687,1.282503604888916,0.15337294340133667,0.047535307705402374,0.10076922923326492,0.05323392152786255,0.16496166586875916,0.19130434095859528,0.02634267508983612,0.3939906656742096,0.2968756854534149,0.3091336190700531,0.9224271147444154,0.6788965280731143,0,0,0.5549634695053101,0.3140859603881836,-0.0006930232048034668,0.00014732778072357178,-0.0007543936371803284,-0.0010753870010375977,-0.001701265573501587,-0.0065432824194431305,-0.021319493651390076,-0.08884592754475919
Stage2,S2_016,3.0,0.01,0.0,0.0,50,1.2741178274154663,108,monotonic_hybrid,0.7349206805229187,0.22298593819141388,0.08305247128009796,1.2914797067642212,0.19086067378520966,0.04973876476287842,0.0930769219994545,0.04333815723657608,0.17858989536762238,0.25,0.07141010463237762,0.39861270785331726,0.2940344512462616,0.30735281109809875,0.9175797724515009,0.6928201509028127,0,0,0.5549604892730713,0.3140614628791809,-0.0003541111946105957,-0.0004338175058364868,-0.0006162673234939575,-0.0017622709274291992,-0.004038959741592407,-0.006378974765539169,-0.02381204068660736,-0.04816038827924821
Stage2,S2_016,3.0,0.01,0.0,0.0,40,1.3235830068588257,109,monotonic_hybrid,0.7256829142570496,0.221342533826828,0.08142369240522385,1.060910701751709,0.1366724967956543,0.04549439623951912,0.08769230544567108,0.04219790920615196,0.17153412103652954,0.1599999964237213,0.011534124612808228,0.39727145433425903,0.2964954972267151,0.3062330484390259,0.9174288655324144,0.6999548085242724,0,0,0.5549638271331787,0.3140971064567566,0.0009444952011108398,-0.00012376904487609863,-0.00010666996240615845,0.004469037055969238,0.00039608776569366455,-0.004729509353637695,0.002430632710456848,0.13032222058010412
Stage2,S2_016,3.0,0.01,0.0,0.0,33,1.3472119569778442,110,monotonic_hybrid,0.7095828056335449,0.21941500902175903,0.07470795512199402,1.2560797929763794,0.15787021815776825,0.05560312047600746,0.08538461476564407,0.029781494289636612,0.17952080070972443,0.19658119976520538,0.017060399055480957,0.39417824149131775,0.2950673997402191,0.31075435876846313,0.927703283879634,0.6697125436544129,0,0,0.5549675226211548,0.3141309916973114,0.0002129673957824707,0.0001408606767654419,-0.001068614423274994,-0.001080155372619629,-0.001907452940940857,-0.01212552934885025,-0.03110627830028534,0.030022053984072768
Stage2,S2_017,3.0,0.01,0.0,0.005,43,1.3266068696975708,101,monotonic_hybrid,0.7691753506660461,0.2308812290430069,0.0784069150686264,1.2421901226043701,0.15712137520313263,0.050824638456106186,0.08692307770252228,0.03609843924641609,0.17704184353351593,0.19847328960895538,0.021431446075439453,0.3915676772594452,0.29607871174812317,0.31235364079475403,0.9186298874274124,0.6503385101159221,0,0,0.5466378927230835,0.3093772530555725,0.0001304149627685547,-0.00031970441341400146,-0.0004435628652572632,-0.0006976127624511719,-0.002022877335548401,-0.006813202053308487,-0.025202274322509766,0.016958041944492176
Stage2,S2_017,3.0,0.01,0.0,0.005,43,1.222232460975647,102,monotonic_hybrid,0.7367154955863953,0.21694856882095337,0.07956728339195251,1.4809086322784424,0.20015577971935272,0.042606137692928314,0.08923076838254929,0.04662463068962097,0.1633220613002777,0.2539682686328888,0.09064620733261108,0.395132452249527,0.2958611249923706,0.3090064525604248,0.9235788523347351,0.6424457808933641,0,0,0.5466383099555969,0.30937230587005615,-0.0007985234260559082,-0.00014397501945495605,-0.0009281337261199951,-0.012356281280517578,-0.005319148302078247,-0.006823260337114334,-0.025681227445602417,-0.10827230472515628
Stage2,S2_017,3.0,0.01,0.0,0.005,50,1.2752454280853271,103,monotonic_hybrid,0.7085305452346802,0.22194018959999084,0.07864098995923996,1.1721810102462769,0.1285943239927292,0.04283661022782326,0.08538461476564407,0.042548004537820816,0.14933472871780396,0.14159291982650757,0.007741808891296387,0.39787065982818604,0.29530009627342224,0.3068292438983917,0.9166164471937416,0.6445249320755613,0,0,0.5466364622116089,0.3093528151512146,-4.285573959350586e-05,-0.0008793473243713379,-0.00030366331338882446,0.000521540641784668,0.0006031841039657593,-0.0052872151136398315,-0.011140301823616028,-0.006048172219643033
Stage2,S2_017,3.0,0.01,0.0,0.005,49,1.366142749786377,104,monotonic_hybrid,0.7191886305809021,0.2271365523338318,0.07223117351531982,1.2338237762451172,0.15036188066005707,0.05819764360785484,0.07999999821186066,0.021802354604005814,0.17722636461257935,0.18110236525535583,0.0038760006427764893,0.3947022557258606,0.29499685764312744,0.3103008568286896,0.9174749178731473,0.6708887533340155,0,0,0.5466349720954895,0.30937132239341736,0.0011459589004516602,-0.0011109858751296997,-0.00035821646451950073,0.004125833511352539,-0.0006513446569442749,-0.010668106377124786,-0.02663956582546234,0.1595948187549562
Stage2,S2_017,3.0,0.01,0.0,0.005,43,1.309737205505371,105,monotonic_hybrid,0.7026498317718506,0.22004514932632446,0.07111115008592606,1.143126130104065,0.12936565279960632,0.052949290722608566,0.07538461685180664,0.022435326129198074,0.1922842562198639,0.1376146674156189,0.054669588804244995,0.40196457505226135,0.2949073016643524,0.30312806367874146,0.9155618671838948,0.6730520064414511,0,0,0.5466378331184387,0.30937477946281433,0.0010437965393066406,0.00015988945960998535,0.00014904886484146118,0.003155827522277832,0.0020172297954559326,-0.006072446703910828,0.020667538046836853,0.14877245731797037
Stage2,S2_017,3.0,0.01,0.0,0.005,50,1.2713698148727417,106,monotonic_hybrid,0.7449634075164795,0.2250966727733612,0.07660214602947235,1.1918714046478271,0.12198193371295929,0.04802481085062027,0.08384615182876587,0.0358213409781456,0.18600615859031677,0.14851485192775726,0.03749130666255951,0.3976881802082062,0.2974984645843506,0.30481332540512085,0.9160255511597805,0.6694482301268749,0,0,0.546636164188385,0.30934977531433105,0.0004996657371520996,0.0001275390386581421,-0.00017318874597549438,0.004302382469177246,0.0011167675256729126,-0.005653150379657745,0.02810664474964142,0.06711753831796548
Stage2,S2_017,3.0,0.01,0.0,0.005,42,1.4041528701782227,107,monotonic_hybrid,0.7793365120887756,0.22352877259254456,0.09090916812419891,1.282515525817871,0.15338073670864105,0.04749404639005661,0.10076922923326492,0.05327518284320831,0.16481776535511017,0.19130434095859528,0.026486575603485107,0.39308083057403564,0.29742252826690674,0.30949661135673523,0.9224271075023538,0.6788965235027449,0,0,0.5466390252113342,0.30937469005584717,-0.0006915926933288574,0.00014460086822509766,-0.0007506236433982849,-0.0010634660720825195,-0.0016934722661972046,-0.006502021104097366,-0.02117559313774109,-0.08866253524570747
Stage2,S2_017,3.0,0.01,0.0,0.005,50,1.2733304500579834,108,monotonic_hybrid,0.734919011592865,0.2229858934879303,0.08305424451828003,1.2914856672286987,0.19088149070739746,0.04970523715019226,0.0930769219994545,0.04337168484926224,0.1784396916627884,0.25,0.07156030833721161,0.39763352274894714,0.2946239411830902,0.30774250626564026,0.9175797697390078,0.692820151078511,0,0,0.5466361045837402,0.3093506097793579,-0.00035578012466430664,-0.00043386220932006836,-0.0006144940853118896,-0.0017563104629516602,-0.004018142819404602,-0.006345447152853012,-0.023661836981773376,-0.04838736873234011
Stage2,S2_017,3.0,0.01,0.0,0.005,40,1.3229165077209473,109,monotonic_hybrid,0.7256750464439392,0.2213420271873474,0.08142255991697311,1.0608751773834229,0.13666515052318573,0.045469980686903,0.08769230544567108,0.04222232475876808,0.1713944375514984,0.1599999964237213,0.0113944411277771,0.3963124454021454,0.29704806208610535,0.30663949251174927,0.9174288598517651,0.6999548073694432,0,0,0.5466393828392029,0.30938562750816345,0.0009366273880004883,-0.00012427568435668945,-0.00010780245065689087,0.0044335126876831055,0.00038874149322509766,-0.004705093801021576,0.00229094922542572,0.12923661329015249
Stage2,S2_017,3.0,0.01,0.0,0.005,33,1.3464831113815308,110,monotonic_hybrid,0.7095808982849121,0.2194119095802307,0.0747116357088089,1.2560726404190063,0.15787601470947266,0.05555619299411774,0.08538461476564407,0.029828421771526337,0.17937131226062775,0.19658119976520538,0.017209887504577637,0.39326560497283936,0.29564139246940613,0.3110930025577545,0.9277032785718933,0.6697125428686822,0,0,0.546643078327179,0.30941903591156006,0.0002110600471496582,0.00013776123523712158,-0.0010649338364601135,-0.0010873079299926758,-0.0019016563892364502,-0.012078601866960526,-0.03095678985118866,0.02975317468726607
Stage2,S2_018,3.0,0.01,0.0,0.01,43,1.32602059841156,101,monotonic_hybrid,0.7691715359687805,0.23088021576404572,0.0784090980887413,1.2422029972076416,0.15713278949260712,0.050780393183231354,0.08692307770252228,0.036142684519290924,0.17687194049358368,0.19847328960895538,0.021601349115371704,0.39068087935447693,0.29664602875709534,0.31267309188842773,0.918629879172492,0.6503385254622984,0,0,0.5383133888244629,0.3046658933162689,0.0001266002655029297,-0.0003207176923751831,-0.0004413798451423645,-0.0006847381591796875,-0.0020114630460739136,-0.006768956780433655,-0.025032371282577515,0.01646201146713957
Stage2,S2_018,3.0,0.01,0.0,0.01,43,1.2215945720672607,102,monotonic_hybrid,0.7367211580276489,0.21694692969322205,0.0795726627111435,1.4809905290603638,0.20018942654132843,0.04256077855825424,0.08923076838254929,0.046669989824295044,0.1631365418434143,0.2539682686328888,0.09083172678947449,0.39419132471084595,0.2964317798614502,0.30937689542770386,0.9235788423267948,0.6424457889775972,0,0,0.5383138656616211,0.3046610355377197,-0.0007928609848022461,-0.0001456141471862793,-0.0009227544069290161,-0.012274384498596191,-0.005285501480102539,-0.006777901202440262,-0.025495707988739014,-0.10750453067507867
Stage2,S2_018,3.0,0.01,0.0,0.01,50,1.2746028900146484,103,monotonic_hybrid,0.7085270881652832,0.22193922102451324,0.07864261418581009,1.172165036201477,0.12858305871486664,0.04279297962784767,0.08538461476564407,0.0425916351377964,0.14914639294147491,0.14159291982650757,0.007553473114967346,0.396887868642807,0.2958792746067047,0.3072328567504883,0.9166164380872712,0.6445249361852837,0,0,0.5383120179176331,0.30464184284210205,-4.6312808990478516e-05,-0.000880315899848938,-0.00030203908681869507,0.0005055665969848633,0.0005919188261032104,-0.005243584513664246,-0.011328637599945068,-0.0065360637199758514
Stage2,S2_018,3.0,0.01,0.0,0.01,49,1.3653078079223633,104,monotonic_hybrid,0.7191852927207947,0.22713764011859894,0.07223133742809296,1.233799695968628,0.15036140382289886,0.05816667899489403,0.07999999821186066,0.02183331921696663,0.17710988223552704,0.18110236525535583,0.003992483019828796,0.393767774105072,0.2955806851387024,0.310651570558548,0.9174749137243344,0.6708887690872727,0,0,0.5383105278015137,0.3046601414680481,0.0011426210403442383,-0.0011098980903625488,-0.0003580525517463684,0.004101753234863281,-0.000651821494102478,-0.010637141764163971,-0.026523083448410034,0.1591299633586035
Stage2,S2_018,3.0,0.01,0.0,0.01,43,1.3090459108352661,105,monotonic_hybrid,0.7026378512382507,0.2200414538383484,0.07110854238271713,1.1430860757827759,0.12934467196464539,0.052914902567863464,0.07538461685180664,0.022469714283943176,0.19216571748256683,0.1376146674156189,0.05455105006694794,0.40091952681541443,0.2954924702644348,0.30358803272247314,0.9155618557870203,0.6730520098614522,0,0,0.5383134484291077,0.30466359853744507,0.0010318160057067871,0.00015619397163391113,0.00014644116163253784,0.0031157732009887695,0.001996248960494995,-0.006038058549165726,0.020548999309539795,0.1470648702964473
Stage2,S2_018,3.0,0.01,0.0,0.01,50,1.2708184719085693,106,monotonic_hybrid,0.7449561953544617,0.22509455680847168,0.07660165429115295,1.191823959350586,0.12196824699640274,0.047985851764678955,0.08384615182876587,0.035860300064086914,0.18576942384243011,0.14851485192775726,0.03725457191467285,0.396708220243454,0.2980441749095917,0.30524763464927673,0.9160255477339652,0.6694482370577564,0,0,0.5383117198944092,0.3046388030052185,0.0004924535751342773,0.00012542307376861572,-0.00017368048429489136,0.004254937171936035,0.0011030808091163635,-0.005614191293716431,0.02786991000175476,0.06614876554730177
Stage2,S2_018,3.0,0.01,0.0,0.01,42,1.4033877849578857,107,monotonic_hybrid,0.7793378829956055,0.22352604568004608,0.09091296046972275,1.2825274467468262,0.15338857471942902,0.04745274409651756,0.10076922923326492,0.05331648513674736,0.16467365622520447,0.19130434095859528,0.026630684733390808,0.3921710252761841,0.29796940088272095,0.30985960364341736,0.9224271041520878,0.678896523449507,0,0,0.5383145809173584,0.30466338992118835,-0.0006902217864990234,0.00014187395572662354,-0.0007468312978744507,-0.0010515451431274414,-0.0016856342554092407,-0.006460718810558319,-0.021031484007835388,-0.08848678429244959
Stage2,S2_018,3.0,0.01,0.0,0.01,50,1.272542953491211,108,monotonic_hybrid,0.7349173426628113,0.22298583388328552,0.0830560177564621,1.2914917469024658,0.19090233743190765,0.04967164248228073,0.0930769219994545,0.04340527951717377,0.17828932404518127,0.25,0.07171067595481873,0.3966543674468994,0.29521340131759644,0.30813223123550415,0.9175797633927348,0.6928201581489928,0,0,0.5383116006851196,0.30463969707489014,-0.0003574490547180176,-0.00043392181396484375,-0.0006127208471298218,-0.0017502307891845703,-0.003997296094894409,-0.0063118524849414825,-0.02351146936416626,-0.048614349185432004
Stage2,S2_018,3.0,0.01,0.0,0.01,40,1.3222497701644897,109,monotonic_hybrid,0.7256671786308289,0.2213415503501892,0.08142142742872238,1.0608397722244263,0.13665781915187836,0.04544556513428688,0.08769230544567108,0.0422467403113842,0.1712547242641449,0.1599999964237213,0.011254727840423584,0.3953533470630646,0.2976006269454956,0.30704599618911743,0.9174288550092713,0.6999548170783183,0,0,0.538314938545227,0.3046742081642151,0.0009287595748901367,-0.00012475252151489258,-0.00010893493890762329,0.0043981075286865234,0.0003814101219177246,-0.0046806782484054565,0.0021512359380722046,0.12815100600020085
Stage2,S2_018,3.0,0.01,0.0,0.01,33,1.3457542657852173,110,monotonic_hybrid,0.7095791101455688,0.21940878033638,0.07471533864736557,1.2560657262802124,0.15788187086582184,0.05550926923751831,0.08538461476564407,0.029875345528125763,0.1792217642068863,0.19658119976520538,0.017359435558319092,0.3923529386520386,0.29621538519859314,0.3114316761493683,0.9277032727268564,0.6697125396509607,0,0,0.5383185148239136,0.30470699071884155,0.00020927190780639648,0.00013463199138641357,-0.0010612308979034424,-0.001094222068786621,-0.001895800232887268,-0.0120316781103611,-0.030807241797447205,0.029501100346509792
Stage2,S2_019,3.0,0.01,0.0,0.02,43,1.32484769821167,101,monotonic_hybrid,0.7691640257835388,0.23087820410728455,0.07841350883245468,1.242229700088501,0.1571558266878128,0.05069182068109512,0.08692307770252228,0.036231257021427155,0.17653173208236694,0.19847328960895538,0.02194155752658844,0.3889072835445404,0.29778069257736206,0.3133120536804199,0.9186298824803393,0.6503385184774572,0,0,0.5216646194458008,0.2952432334423065,0.00011909008026123047,-0.00032272934913635254,-0.0004369691014289856,-0.0006580352783203125,-0.001988425850868225,-0.006680384278297424,-0.02469216287136078,0.015485451464851628
Stage2,S2_019,3.0,0.01,0.0,0.02,43,1.2203184366226196,102,monotonic_hybrid,0.7367324829101562,0.21694374084472656,0.07958343625068665,1.4811545610427856,0.20025686919689178,0.042470041662454605,0.08923076838254929,0.04676072672009468,0.16276533901691437,0.2539682686328888,0.09120292961597443,0.39230918884277344,0.2975730299949646,0.31011781096458435,0.9235788484842599,0.6424457724381478,0,0,0.5216649770736694,0.29523852467536926,-0.0007815361022949219,-0.0001488029956817627,-0.0009119808673858643,-0.012110352516174316,-0.005218058824539185,-0.006687164306640625,-0.025124505162239075,-0.10596898257492343
Stage2,S2_019,3.0,0.01,0.0,0.02,50,1.2733174562454224,103,monotonic_hybrid,0.7085202932357788,0.2219373732805252,0.07864586263895035,1.1721336841583252,0.12856072187423706,0.0427059605717659,0.08538461476564407,0.042678654193878174,0.14877034723758698,0.14159291982650757,0.007177427411079407,0.3949223458766937,0.29703766107559204,0.308040052652359,0.9166164471258686,0.6445249269969875,0,0,0.5216631889343262,0.29521989822387695,-5.310773849487305e-05,-0.0008821636438369751,-0.0002987906336784363,0.0004742145538330078,0.0005695819854736328,-0.005156565457582474,-0.011704683303833008,-0.007495022875802424
Stage2,S2_019,3.0,0.01,0.0,0.02,49,1.3636375665664673,104,monotonic_hybrid,0.7191789150238037,0.22713981568813324,0.07223168015480042,1.233751654624939,0.15036046504974365,0.05810462310910225,0.07999999821186066,0.021895375102758408,0.17687635123729706,0.18110236525535583,0.004226014018058777,0.3918987214565277,0.2967483103275299,0.3113529682159424,0.9174749144513175,0.6708887866133431,0,0,0.5216616988182068,0.29523763060569763,0.0011362433433532715,-0.001107722520828247,-0.0003577098250389099,0.004053711891174316,-0.0006527602672576904,-0.010575085878372192,-0.026289552450180054,0.15824175751200095
Stage2,S2_019,3.0,0.01,0.0,0.02,43,1.3076632022857666,105,monotonic_hybrid,0.7026140689849854,0.22003406286239624,0.07110332697629929,1.1430063247680664,0.12930265069007874,0.05284611135721207,0.07538461685180664,0.022538505494594574,0.1919281929731369,0.1376146674156189,0.054313525557518005,0.39882925152778625,0.2966627776622772,0.3045079708099365,0.9155618583667329,0.6730519924640268,0,0,0.5216645002365112,0.29524099826812744,0.0010080337524414062,0.0001488029956817627,0.00014122575521469116,0.003036022186279297,0.0019542276859283447,-0.005969267338514328,0.020311474800109863,0.14367518262685672
Stage2,S2_019,3.0,0.01,0.0,0.02,50,1.2697155475616455,106,monotonic_hybrid,0.7449420690536499,0.22509035468101501,0.07660067081451416,1.19173002243042,0.1219412088394165,0.04790762439370155,0.08384615182876587,0.035938527435064316,0.18529492616653442,0.14851485192775726,0.03678007423877716,0.39474815130233765,0.29913559556007385,0.3061162531375885,0.916025557325867,0.6694482168502298,0,0,0.5216628313064575,0.29521700739860535,0.00047832727432250977,0.00012122094631195068,-0.0001746639609336853,0.0041610002517700195,0.001076042652130127,-0.005535963922739029,0.02739541232585907,0.06425125193864642
Stage2,S2_019,3.0,0.01,0.0,0.02,42,1.4018573760986328,107,monotonic_hybrid,0.7793408036231995,0.2235206514596939,0.09092056751251221,1.2825520038604736,0.1534043848514557,0.04737013578414917,0.10076922923326492,0.05339909344911575,0.16438516974449158,0.19130434095859528,0.0269191712141037,0.3903512954711914,0.29906314611434937,0.31058555841445923,0.9224271093971426,0.6788965098583905,0,0,0.521665632724762,0.2952408492565155,-0.0006873011589050293,0.00013647973537445068,-0.0007392242550849915,-0.0010269880294799805,-0.0016698241233825684,-0.006378110498189926,-0.020742997527122498,-0.08811235834855234
Stage2,S2_019,3.0,0.01,0.0,0.02,50,1.270967721939087,108,monotonic_hybrid,0.7349141836166382,0.22298574447631836,0.08305960893630981,1.2915045022964478,0.19094419479370117,0.04960431158542633,0.0930769219994545,0.04347261041402817,0.17798838019371033,0.25,0.07201161980628967,0.39469605684280396,0.29639241099357605,0.30891162157058716,0.9175797720143473,0.692820135659488,0,0,0.5216628313064575,0.2952177822589874,-0.0003606081008911133,-0.00043401122093200684,-0.0006091296672821045,-0.0017374753952026367,-0.003955438733100891,-0.006244521588087082,-0.023210525512695312,-0.04904399075735595
Stage2,S2_019,3.0,0.01,0.0,0.02,40,1.3209165334701538,109,monotonic_hybrid,0.7256515026092529,0.2213405966758728,0.08141914010047913,1.0607694387435913,0.13664327561855316,0.04539690911769867,0.08769230544567108,0.04229539632797241,0.17097553610801697,0.1599999964237213,0.010975539684295654,0.3934352695941925,0.2987057864665985,0.30785897374153137,0.9174288614393095,0.6999548074769606,0,0,0.5216659903526306,0.2952513098716736,0.000913083553314209,-0.00012570619583129883,-0.0001112222671508789,0.0043277740478515625,0.0003668665885925293,-0.0046320222318172455,0.001872047781944275,0.1259880157179487
Stage2,S2_019,3.0,0.01,0.0,0.02,33,1.3442960977554321,110,monotonic_hybrid,0.7095755934715271,0.21940256655216217,0.0747227743268013,1.2560527324676514,0.15789371728897095,0.055415425449609756,0.08538461476564407,0.029969189316034317,0.17892251908779144,0.19658119976520538,0.01765868067741394,0.3905276656150818,0.2973633408546448,0.3121090233325958,0.9277032749839251,0.6697125288768474,0,0,0.5216694474220276,0.29528310894966125,0.00020575523376464844,0.0001284182071685791,-0.0010537952184677124,-0.0011072158813476562,-0.0018839538097381592,-0.011937834322452545,-0.030507996678352356,0.029005354143022445
Stage2,S2_020,3.0,0.01,0.0,0.05,43,1.3213285207748413,101,monotonic_hybrid,0.7691422700881958,0.23087270557880402,0.07842747867107391,1.2423112392425537,0.15722815692424774,0.05042169243097305,0.08692307770252228,0.036501385271549225,0.17549604177474976,0.19847328960895538,0.022977247834205627,0.3835865557193756,0.30118465423583984,0.3152288496494293,0.9186298540078072,0.650338545820277,0,0,0.4717179536819458,0.2669753432273865,9.733438491821289e-05,-0.0003282278776168823,-0.0004229992628097534,-0.0005764961242675781,-0.0019160956144332886,-0.006410256028175354,-0.02365647256374359,0.012656527648700054
Stage2,S2_020,3.0,0.01,0.0,0.05,43,1.2164872884750366,102,monotonic_hybrid,0.736767590045929,0.21693424880504608,0.0796160027384758,1.4816489219665527,0.20046056807041168,0.04219800606369972,0.08923076838254929,0.047032762318849564,0.16165165603160858,0.2539682686328888,0.09231661260128021,0.38666269183158875,0.3009968400001526,0.31234049797058105,0.9235788240803194,0.6424457792552984,0,0,0.47171834111213684,0.26697108149528503,-0.0007464289665222168,-0.00015829503536224365,-0.0008794143795967102,-0.011615991592407227,-0.005014359951019287,-0.006415128707885742,-0.02401082217693329,-0.1012087834644422
Stage2,S2_020,3.0,0.01,0.0,0.05,50,1.2694578170776367,103,monotonic_hybrid,0.7085006833076477,0.22193185985088348,0.07865575700998306,1.1720436811447144,0.1284949779510498,0.04244678467512131,0.08538461476564407,0.042937830090522766,0.14764723181724548,0.14159291982650757,0.006054311990737915,0.38902556896209717,0.30051273107528687,0.31046169996261597,0.9166164222814824,0.6445249286755912,0,0,0.47171664237976074,0.266954243183136,-7.271766662597656e-05,-0.0008876770734786987,-0.00028889626264572144,0.00038421154022216797,0.000503838062286377,-0.0048973895609378815,-0.0128277987241745,-0.010262545351828235
Stage2,S2_020,3.0,0.01,0.0,0.05,49,1.3586241006851196,104,monotonic_hybrid,0.7191601395606995,0.22714650630950928,0.07223277539014816,1.2336080074310303,0.15035782754421234,0.057917337864637375,0.07999999821186066,0.022082660347223282,0.17617130279541016,0.18110236525535583,0.004931062459945679,0.38629165291786194,0.30025118589401245,0.3134572207927704,0.917474878056363,0.6708888647211926,0,0,0.47171545028686523,0.26697027683258057,0.0011174678802490234,-0.0011010318994522095,-0.0003566145896911621,0.003910064697265625,-0.0006553977727890015,-0.010387800633907318,-0.025584504008293152,0.15562694590751686
Stage2,S2_020,3.0,0.01,0.0,0.05,43,1.3035136461257935,105,monotonic_hybrid,0.7025431990623474,0.22001206874847412,0.07108766585588455,1.1427689790725708,0.12917612493038177,0.052639760076999664,0.07538461685180664,0.022744856774806976,0.19121207296848297,0.1376146674156189,0.053597405552864075,0.3925585448741913,0.3001737892627716,0.3072677254676819,0.9155618323280115,0.6730520133572164,0,0,0.471717894077301,0.2669733166694641,0.0009371638298034668,0.00012680888175964355,0.00012556463479995728,0.0027986764907836914,0.0018277019262313843,-0.005762916058301926,0.019595354795455933,0.13357408328063317
Stage2,S2_020,3.0,0.01,0.0,0.05,50,1.2664079666137695,106,monotonic_hybrid,0.7448998689651489,0.22507883608341217,0.07659722864627838,1.1914503574371338,0.1218605786561966,0.04767413064837456,0.08384615182876587,0.03617202118039131,0.18386204540729523,0.14851485192775726,0.035347193479537964,0.388868123292923,0.3024097979068756,0.3087221086025238,0.9160255399109779,0.6694482300792085,0,0,0.47171643376350403,0.26695162057876587,0.0004361271858215332,0.00010970234870910645,-0.0001781061291694641,0.0038813352584838867,0.0009954124689102173,-0.005302470177412033,0.025962531566619873,0.0585827302722836
Stage2,S2_020,3.0,0.01,0.0,0.05,42,1.3972656726837158,107,monotonic_hybrid,0.779350221157074,0.22350437939167023,0.09094361960887909,1.2826282978057861,0.15345294773578644,0.04712199419736862,0.10076922923326492,0.0536472350358963,0.16351643204689026,0.19130434095859528,0.027787908911705017,0.3848922550678253,0.30234432220458984,0.312763512134552,0.9224270888645585,0.6788965237688922,0,0,0.47171902656555176,0.2669731378555298,-0.0006778836250305176,0.00012020766735076904,-0.0007161721587181091,-0.0009506940841674805,-0.0016212612390518188,-0.006129968911409378,-0.01987425982952118,-0.0869050257131286
Stage2,S2_020,3.0,0.01,0.0,0.05,50,1.266231656074524,108,monotonic_hybrid,0.7348979711532593,0.2229813039302826,0.08307119458913803,1.2915383577346802,0.1910703033208847,0.049398716539144516,0.0930769219994545,0.04367820546030998,0.17710191011428833,0.25,0.07289808988571167,0.38882091641426086,0.29992926120758057,0.31124985218048096,0.9175797574990132,0.6928201411226432,0,0,0.47171640396118164,0.2669523358345032,-0.00037682056427001953,-0.00043845176696777344,-0.0005975440144538879,-0.0017036199569702148,-0.0038293302059173584,-0.006038926541805267,-0.022324055433273315,-0.051248943730248644
Stage2,S2_020,3.0,0.01,0.0,0.05,40,1.3169159889221191,109,monotonic_hybrid,0.7256051301956177,0.22133824229240417,0.08141232281923294,1.0605617761611938,0.1366002857685089,0.04525168612599373,0.08769230544567108,0.04244061931967735,0.1701388955116272,0.1599999964237213,0.010138899087905884,0.3876810073852539,0.3020211458206177,0.3102979063987732,0.9174288325104673,0.6999548261484095,0,0,0.47171929478645325,0.2669826149940491,0.0008667111396789551,-0.00012806057929992676,-0.00011803954839706421,0.0041201114654541016,0.0003238767385482788,-0.004486799240112305,0.0010354071855545044,0.11958951214535492
Stage2,S2_020,3.0,0.01,0.0,0.05,33,1.3399194478988647,110,monotonic_hybrid,0.7095664143562317,0.21938404440879822,0.07474542409181595,1.256018042564392,0.15793024003505707,0.05513344332575798,0.08538461476564407,0.030251171439886093,0.17802485823631287,0.19658119976520538,0.018556341528892517,0.38505178689956665,0.30080723762512207,0.31414103507995605,0.9277032476472848,0.669712543768407,0,0,0.47172248363494873,0.2670113742351532,0.00019657611846923828,0.00010989606380462646,-0.001031145453453064,-0.0011419057846069336,-0.0018474310636520386,-0.011655852198600769,-0.02961033582687378,0.027711372527140215
Stage2,S2_021,3.0,0.005,0.0,0.0,43,1.3274770975112915,101,monotonic_hybrid,0.76917564868927,0.23087942600250244,0.0784074068069458,1.2421846389770508,0.1571177840232849,0.050817977637052536,0.08692307770252228,0.03610510006546974,0.17705802619457245,0.19847328960895538,0.021415263414382935,0.3940178155899048,0.29544827342033386,0.31053391098976135,0.9183608355495658,0.6506771820813309,0,0,0.5547481775283813,0.3146228790283203,0.00013071298599243164,-0.00032150745391845703,-0.0004430711269378662,-0.0007030963897705078,-0.002026468515396118,-0.006806541234254837,-0.025218456983566284,0.016996794325535348
Stage2,S2_021,3.0,0.005,0.0,0.0,43,1.2232805490493774,102,monotonic_hybrid,0.7367120981216431,0.2169475108385086,0.07956570386886597,1.4808839559555054,0.20014481246471405,0.042621057480573654,0.08923076838254929,0.04660971090197563,0.1633848398923874,0.2539682686328888,0.0905834287405014,0.39764484763145447,0.2952170968055725,0.30713802576065063,0.9233312874090658,0.6427581480696778,0,0,0.5547484159469604,0.31462037563323975,-0.0008019208908081055,-0.00014503300189971924,-0.000929713249206543,-0.01238095760345459,-0.005330115556716919,-0.006838180124759674,-0.025744006037712097,-0.10873296915520286
Stage2,S2_021,3.0,0.005,0.0,0.0,50,1.2762595415115356,103,monotonic_hybrid,0.7085296511650085,0.22193875908851624,0.07864132523536682,1.1721912622451782,0.12860199809074402,0.04284531995654106,0.08538461476564407,0.04253929480910301,0.1494029015302658,0.14159291982650757,0.00780998170375824,0.4004603326320648,0.2946294844150543,0.3049101233482361,0.9163366127781518,0.6448790146964268,0,0,0.5547475218772888,0.3146105706691742,-4.374980926513672e-05,-0.0008807778358459473,-0.0003033280372619629,0.0005317926406860352,0.0006108582019805908,-0.0052959248423576355,-0.011072129011154175,-0.006174351055936003
Stage2,S2_021,3.0,0.005,0.0,0.0,49,1.3671900033950806,104,monotonic_hybrid,0.7191793918609619,0.2271333932876587,0.07223200052976608,1.233820915222168,0.15036259591579437,0.058169931173324585,0.07999999821186066,0.021830067038536072,0.1772044152021408,0.18110236525535583,0.003897950053215027,0.3972095251083374,0.2943320870399475,0.3084583580493927,0.9172010316788579,0.671201037009968,0,0,0.5547465682029724,0.31461992859840393,0.0011367201805114746,-0.0011141449213027954,-0.0003573894500732422,0.00412297248840332,-0.0006506294012069702,-0.010640393942594528,-0.026617616415023804,0.15830816542576562
Stage2,S2_021,3.0,0.005,0.0,0.0,43,1.3107069730758667,105,monotonic_hybrid,0.7026505470275879,0.22004586458206177,0.07111247628927231,1.1431362628936768,0.1293700784444809,0.0529317632317543,0.07538461685180664,0.022452853620052338,0.1922565996646881,0.1376146674156189,0.054641932249069214,0.40458035469055176,0.2942335903644562,0.3011860251426697,0.915307845617624,0.6733465338475627,0,0,0.5547481775283813,0.31462162733078003,0.0010445117950439453,0.00016060471534729004,0.00015037506818771362,0.0031659603118896484,0.0020216554403305054,-0.006054919213056564,0.020639881491661072,0.14887440281179265
Stage2,S2_021,3.0,0.005,0.0,0.0,50,1.272301435470581,106,monotonic_hybrid,0.7449668049812317,0.22509697079658508,0.07660403847694397,1.1918652057647705,0.12198247760534286,0.04802338406443596,0.08384615182876587,0.03582276776432991,0.18608358502388,0.14851485192775726,0.03756873309612274,0.4002739489078522,0.2968575954437256,0.30286845564842224,0.9157545683486946,0.6697488557956508,0,0,0.554747462272644,0.3146090507507324,0.0005030632019042969,0.00012783706188201904,-0.00017129629850387573,0.0042961835861206055,0.001117311418056488,-0.0056517235934734344,0.02818407118320465,0.06757390235042689
Stage2,S2_021,3.0,0.005,0.0,0.0,42,1.405155062675476,107,monotonic_hybrid,0.779337465763092,0.22352857887744904,0.0909091904759407,1.2825239896774292,0.15338003635406494,0.04749670997262001,0.10076922923326492,0.05327251926064491,0.1648462861776352,0.19130434095859528,0.026458054780960083,0.39555269479751587,0.29681098461151123,0.3076362907886505,0.922176695922879,0.6791822342225563,0,0,0.5547488927841187,0.31462156772613525,-0.0006906390190124512,0.00014440715312957764,-0.0007506012916564941,-0.001055002212524414,-0.0016941726207733154,-0.006504684686660767,-0.021204113960266113,-0.08854027371300634
Stage2,S2_021,3.0,0.005,0.0,0.0,50,1.2744554281234741,108,monotonic_hybrid,0.7349175810813904,0.22298260033130646,0.08305500447750092,1.2914936542510986,0.1908772587776184,0.049706410616636276,0.0930769219994545,0.04337051138281822,0.17847773432731628,0.25,0.07152226567268372,0.4002136290073395,0.2939460575580597,0.3058403432369232,0.9173215013211106,0.6930749240992141,0,0,0.5547474026679993,0.3146094083786011,-0.000357210636138916,-0.0004371553659439087,-0.0006137341260910034,-0.0017483234405517578,-0.004022374749183655,-0.006346620619297028,-0.02369987964630127,-0.04858192340641888
Stage2,S2_021,3.0,0.005,0.0,0.0,40,1.323809266090393,109,monotonic_hybrid,0.7256771326065063,0.221339151263237,0.08142601698637009,1.0608842372894287,0.13666924834251404,0.045446835458278656,0.08769230544567108,0.042245469987392426,0.17138230800628662,0.1599999964237213,0.011382311582565308,0.3988240957260132,0.2964286208152771,0.3047473430633545,0.9171644411249772,0.700239012928653,0,0,0.5547488927841187,0.31462711095809937,0.000938713550567627,-0.00012715160846710205,-0.00010434538125991821,0.004442572593688965,0.00039283931255340576,-0.004681948572397232,0.0022788196802139282,0.12952446370794268
Stage2,S2_021,3.0,0.005,0.0,0.0,33,1.347483515739441,110,monotonic_hybrid,0.7095817923545837,0.21941204369068146,0.07471152395009995,1.25608229637146,0.15787556767463684,0.055553168058395386,0.08538461476564407,0.029831446707248688,0.17937828600406647,0.19658119976520538,0.017202913761138916,0.3956795632839203,0.2950288653373718,0.3092915713787079,0.9274661697074816,0.6699671854567507,0,0,0.5547505617141724,0.31464385986328125,0.00021195411682128906,0.0001378953456878662,-0.0010650455951690674,-0.0010776519775390625,-0.0019021034240722656,-0.012075576931238174,-0.03096376359462738,0.02987921185764421
Stage2,S2_022,3.0,0.005,0.0,0.005,43,1.3268864154815674,101,monotonic_hybrid,0.7691718935966492,0.23087845742702484,0.07840955257415771,1.2421973943710327,0.15712906420230865,0.05077451094985008,0.08692307770252228,0.036148566752672195,0.17689049243927002,0.19847328960895538,0.021582797169685364,0.3931075632572174,0.2960165739059448,0.31087589263916016,0.9183608304577089,0.6506771846074433,0,0,0.5464269518852234,0.3099035620689392,0.00012695789337158203,-0.00032247602939605713,-0.00044092535972595215,-0.0006903409957885742,-0.0020151883363723755,-0.006763074547052383,-0.025050923228263855,0.016508514324391377
Stage2,S2_022,3.0,0.005,0.0,0.005,43,1.2226365804672241,102,monotonic_hybrid,0.7367176413536072,0.21694591641426086,0.07957100868225098,1.4809648990631104,0.20017807185649872,0.04257616028189659,0.08923076838254929,0.046654608100652695,0.1632011979818344,0.2539682686328888,0.09076707065105438,0.39668014645576477,0.29578885436058044,0.3075309693813324,0.923331286007044,0.6427581481585608,0,0,0.5464271903038025,0.3099011182785034,-0.0007963776588439941,-0.00014662742614746094,-0.0009244084358215332,-0.01230001449584961,-0.005296856164932251,-0.006793282926082611,-0.02556036412715912,-0.1079813587693374
Stage2,S2_022,3.0,0.005,0.0,0.005,50,1.2756116390228271,103,monotonic_hybrid,0.7085262537002563,0.22193782031536102,0.07864291965961456,1.1721752882003784,0.12859076261520386,0.04280215501785278,0.08538461476564407,0.04258245974779129,0.14921621978282928,0.14159291982650757,0.007623299956321716,0.39945346117019653,0.295210063457489,0.30533647537231445,0.9163366094533468,0.644879010673173,0,0,0.5464262962341309,0.30989140272140503,-4.7147274017333984e-05,-0.0008817166090011597,-0.0003017336130142212,0.0005158185958862305,0.0005996227264404297,-0.005252759903669357,-0.011258810758590698,-0.00665383063384929
Stage2,S2_022,3.0,0.005,0.0,0.005,49,1.366351842880249,104,monotonic_hybrid,0.7191762924194336,0.22713449597358704,0.07223214954137802,1.233797311782837,0.15036214888095856,0.05813988298177719,0.07999999821186066,0.021860115230083466,0.1770901381969452,0.18110236525535583,0.0040122270584106445,0.3962514102458954,0.29491713643074036,0.30883148312568665,0.9172010226840083,0.6712010467058872,0,0,0.5464254021644592,0.3099006414413452,0.0011336207389831543,-0.0011130422353744507,-0.0003572404384613037,0.004099369049072266,-0.0006510764360427856,-0.010610345751047134,-0.026503339409828186,0.15787651398629524
Stage2,S2_022,3.0,0.005,0.0,0.005,43,1.3100115060806274,105,monotonic_hybrid,0.7026388049125671,0.22004221379756927,0.07110989838838577,1.143096685409546,0.12934936583042145,0.052898112684488297,0.07538461685180664,0.022486504167318344,0.19214023649692535,0.1376146674156189,0.05452556908130646,0.4035116732120514,0.294820100069046,0.3016682267189026,0.915307842913769,0.6733465282504711,0,0,0.5464268922805786,0.3099023103713989,0.0010327696800231934,0.00015695393085479736,0.00014779716730117798,0.003126382827758789,0.002000942826271057,-0.006021268665790558,0.020523518323898315,0.14720079762154367
Stage2,S2_022,3.0,0.005,0.0,0.005,50,1.2717444896697998,106,monotonic_hybrid,0.7449597120285034,0.22509486973285675,0.07660350948572159,1.1918184757232666,0.12196895480155945,0.047985054552555084,0.08384615182876587,0.035861097276210785,0.18584932386875153,0.14851485192775726,0.03733447194099426,0.39926987886428833,0.2974046766757965,0.30332544445991516,0.9157545689113255,0.6697488580076453,0,0,0.5464262962341309,0.30988988280296326,0.0004959702491760254,0.00012573599815368652,-0.00017182528972625732,0.004249453544616699,0.0011037886142730713,-0.00561339408159256,0.027949810028076172,0.06662114235283201
Stage2,S2_022,3.0,0.005,0.0,0.005,42,1.404386281967163,107,monotonic_hybrid,0.7793388366699219,0.22352591156959534,0.09091291576623917,1.2825356721878052,0.15338774025440216,0.047455985099077225,0.10076922923326492,0.0533132441341877,0.16470396518707275,0.19130434095859528,0.026600375771522522,0.3946194648742676,0.29735881090164185,0.3080217242240906,0.9221766949544843,0.6791822293774884,0,0,0.5464274883270264,0.30990225076675415,-0.0006892681121826172,0.0001417398452758789,-0.0007468760013580322,-0.0010433197021484375,-0.0016864687204360962,-0.006463959813117981,-0.021061792969703674,-0.08836452275974845
Stage2,S2_022,3.0,0.005,0.0,0.005,50,1.273662805557251,108,monotonic_hybrid,0.7349159717559814,0.22298255562782288,0.08305674046278,1.291499376296997,0.1908978372812271,0.04967332258820534,0.0930769219994545,0.04340359941124916,0.17832906544208527,0.25,0.07167093455791473,0.3992103934288025,0.29453685879707336,0.30625271797180176,0.9173215000095276,0.6930749229590621,0,0,0.5464262366294861,0.3098903298377991,-0.00035881996154785156,-0.00043720006942749023,-0.0006119981408119202,-0.0017426013946533203,-0.004001796245574951,-0.006313532590866089,-0.02355121076107025,-0.04880079741475749
Stage2,S2_022,3.0,0.005,0.0,0.005,40,1.3231391906738281,109,monotonic_hybrid,0.7256693243980408,0.22133871912956238,0.08142484724521637,1.0608491897583008,0.13666199147701263,0.04542308673262596,0.08769230544567108,0.04226921871304512,0.1712447702884674,0.1599999964237213,0.011244773864746094,0.3978416919708252,0.29698219895362854,0.30517610907554626,0.9171644367346975,0.7002390188360806,0,0,0.5464276075363159,0.3099076747894287,0.0009309053421020508,-0.00012758374214172363,-0.00010551512241363525,0.004407525062561035,0.00038558244705200195,-0.004658199846744537,0.0021412819623947144,0.1284470807156422
Stage2,S2_022,3.0,0.005,0.0,0.005,33,1.3467504978179932,110,monotonic_hybrid,0.7095799446105957,0.21940897405147552,0.07471517473459244,1.2560752630233765,0.15788136422634125,0.055506978183984756,0.08538461476564407,0.029877636581659317,0.17923088371753693,0.19658119976520538,0.017350316047668457,0.3947443664073944,0.2956033945083618,0.3096522092819214,0.9274661660386004,0.6699671845358957,0,0,0.5464292764663696,0.3099241256713867,0.00021010637283325195,0.0001348257064819336,-0.0010613948106765747,-0.0010846853256225586,-0.0018963068723678589,-0.012029387056827545,-0.03081636130809784,0.029618735038862722
Stage2,S2_023,3.0,0.005,0.0,0.01,43,1.3262957334518433,101,monotonic_hybrid,0.7691681385040283,0.23087750375270844,0.07841171324253082,1.2422105073928833,0.15714041888713837,0.05073101446032524,0.08692307770252228,0.03619206324219704,0.17672277987003326,0.19847328960895538,0.02175050973892212,0.39219731092453003,0.2965848445892334,0.31121787428855896,0.9183608258055941,0.6506771865540941,0,0,0.5381057262420654,0.30518415570259094,0.00012320280075073242,-0.0003234297037124634,-0.00043876469135284424,-0.0006772279739379883,-0.0020038336515426636,-0.006719578057527542,-0.0248832106590271,0.016020234323247406
Stage2,S2_023,3.0,0.005,0.0,0.01,43,1.2219923734664917,102,monotonic_hybrid,0.7367232441902161,0.2169443517923355,0.07957633584737778,1.4810458421707153,0.20021142065525055,0.042531244456768036,0.08923076838254929,0.04669952392578125,0.16301749646663666,0.2539682686328888,0.09095077216625214,0.39571553468704224,0.296360582113266,0.3079238831996918,0.923331280514807,0.64275815560437,0,0,0.5381059646606445,0.30518174171447754,-0.0007907748222351074,-0.00014819204807281494,-0.0009190812706947327,-0.012219071388244629,-0.00526350736618042,-0.006748367100954056,-0.025376662611961365,-0.10722166655136586
Stage2,S2_023,3.0,0.005,0.0,0.01,50,1.274963617324829,103,monotonic_hybrid,0.7085229754447937,0.2219369262456894,0.0786445140838623,1.1721596717834473,0.12857960164546967,0.04275904595851898,0.08538461476564407,0.04262556880712509,0.1490296870470047,0.14159291982650757,0.007436767220497131,0.39844661951065063,0.29579058289527893,0.3057628273963928,0.9163366028923743,0.6448790228945714,0,0,0.5381051301956177,0.30517226457595825,-5.042552947998047e-05,-0.0008826106786727905,-0.0003001391887664795,0.0005002021789550781,0.0005884617567062378,-0.005209650844335556,-0.011445343494415283,-0.007116486366923513
Stage2,S2_023,3.0,0.005,0.0,0.01,49,1.3655136823654175,104,monotonic_hybrid,0.7191733121871948,0.227135568857193,0.07223230600357056,1.2337737083435059,0.15036167204380035,0.05810978636145592,0.07999999821186066,0.02189021185040474,0.17697568237781525,0.18110236525535583,0.004126682877540588,0.395293265581131,0.2955021560192108,0.3092045783996582,0.9172010208958791,0.6712010651390545,0,0,0.5381041765213013,0.3051813840866089,0.0011306405067443848,-0.0011119693517684937,-0.0003570839762687683,0.004075765609741211,-0.0006515532732009888,-0.01058024913072586,-0.026388883590698242,0.15746146452526602
Stage2,S2_023,3.0,0.005,0.0,0.01,43,1.3093160390853882,105,monotonic_hybrid,0.7026270627975464,0.2200385481119156,0.07110730558633804,1.1430572271347046,0.1293286234140396,0.05286448448896408,0.07538461685180664,0.02252013236284256,0.19202376902103424,0.1376146674156189,0.054409101605415344,0.402442991733551,0.2954065799713135,0.3021504580974579,0.9153078369629338,0.6733465274297531,0,0,0.5381057262420654,0.30518293380737305,0.0010210275650024414,0.00015328824520111084,0.00014520436525344849,0.0030869245529174805,0.001980200409889221,-0.005987640470266342,0.020407050848007202,0.1455271924312947
Stage2,S2_023,3.0,0.005,0.0,0.01,50,1.2711875438690186,106,monotonic_hybrid,0.7449526786804199,0.22509276866912842,0.0766029953956604,1.1917719841003418,0.12195553630590439,0.047946639358997345,0.08384615182876587,0.035899512469768524,0.18561474978923798,0.14851485192775726,0.03709989786148071,0.3982657492160797,0.2979518473148346,0.3037824332714081,0.9157545606277107,0.6697488638506174,0,0,0.5381049513816833,0.3051707148551941,0.0004889369010925293,0.000123634934425354,-0.00017233937978744507,0.0042029619216918945,0.0010903701186180115,-0.0055749788880348206,0.027715235948562622,0.06567638874177154
Stage2,S2_023,3.0,0.005,0.0,0.01,42,1.4036176204681396,107,monotonic_hybrid,0.7793402075767517,0.22352322936058044,0.09091665595769882,1.2825475931167603,0.15339550375938416,0.04741527885198593,0.10076922923326492,0.05335395038127899,0.16456161439418793,0.19130434095859528,0.02674272656440735,0.3936862051486969,0.29790663719177246,0.30840715765953064,0.9221766878548961,0.6791822322858931,0,0,0.5381063222885132,0.30518293380737305,-0.0006878972053527832,0.00013905763626098633,-0.0007431358098983765,-0.0010313987731933594,-0.0016787052154541016,-0.006423253566026688,-0.020919442176818848,-0.08818877180649055
Stage2,S2_023,3.0,0.005,0.0,0.01,50,1.2728701829910278,108,monotonic_hybrid,0.7349143624305725,0.22298260033130646,0.08305848389863968,1.2915054559707642,0.19091849029064178,0.04964018613100052,0.0930769219994545,0.04343673586845398,0.17818035185337067,0.25,0.07181964814662933,0.3982072174549103,0.2951276898384094,0.3066651225090027,0.9173214946246045,0.6930749290089373,0,0,0.5381050109863281,0.3051711916923523,-0.0003604292869567871,-0.0004371553659439087,-0.00061025470495224,-0.0017365217208862305,-0.003981143236160278,-0.00628039613366127,-0.023402497172355652,-0.04901967142309611
Stage2,S2_023,3.0,0.005,0.0,0.01,40,1.3224692344665527,109,monotonic_hybrid,0.7256615161895752,0.22133827209472656,0.08142367750406265,1.060814380645752,0.13665473461151123,0.04539934918284416,0.08769230544567108,0.04229295626282692,0.171107217669487,0.1599999964237213,0.011107221245765686,0.3968593180179596,0.2975357472896576,0.3056049048900604,0.9171644296719483,0.7002390232472742,0,0,0.538106381893158,0.30518826842308044,0.0009230971336364746,-0.00012803077697753906,-0.0001066848635673523,0.004372715950012207,0.00037832558155059814,-0.004634462296962738,0.0020037293434143066,0.1273696977233417
Stage2,S2_023,3.0,0.005,0.0,0.01,33,1.3460174798965454,110,monotonic_hybrid,0.7095780968666077,0.2194058895111084,0.07471882551908493,1.2560685873031616,0.15788716077804565,0.05546080321073532,0.08538461476564407,0.029923811554908752,0.179083451628685,0.19658119976520538,0.017497748136520386,0.3938091993331909,0.2961779832839966,0.3100128173828125,0.927466154487392,0.6699671867712957,0,0,0.5381080508232117,0.3052045702934265,0.00020825862884521484,0.00013174116611480713,-0.001057744026184082,-0.0010913610458374023,-0.0018905103206634521,-0.01198321208357811,-0.03066892921924591,0.029358258220081233
Stage2,S2_024,3.0,0.005,0.0,0.02,43,1.3251142501831055,101,monotonic_hybrid,0.7691607475280762,0.23087555170059204,0.07841606438159943,1.2422370910644531,0.1571633219718933,0.050643954426050186,0.08692307770252228,0.03627912327647209,0.1763870269060135,0.19847328960895538,0.022086262702941895,0.3903767764568329,0.29772135615348816,0.31190183758735657,0.9183608356490445,0.6506771749437265,0,0,0.5214632749557495,0.29574552178382874,0.00011581182479858398,-0.0003253817558288574,-0.0004344135522842407,-0.0006506443023681641,-0.0019809305667877197,-0.006632518023252487,-0.024547457695007324,0.015059175273376734
Stage2,S2_024,3.0,0.005,0.0,0.02,43,1.2207038402557373,102,monotonic_hybrid,0.7367346882820129,0.21694119274616241,0.07958700507879257,1.481208324432373,0.20027825236320496,0.04244145378470421,0.08923076838254929,0.04678931459784508,0.16265010833740234,0.2539682686328888,0.09131816029548645,0.3937861919403076,0.29750409722328186,0.3087097406387329,0.9233312893753661,0.6427581396984637,0,0,0.5214635133743286,0.29574310779571533,-0.0007793307304382324,-0.00015135109424591064,-0.0009084120392799377,-0.012056589126586914,-0.005196675658226013,-0.006658576428890228,-0.02500927448272705,-0.10566995478699846
Stage2,S2_024,3.0,0.005,0.0,0.02,50,1.2736668586730957,103,monotonic_hybrid,0.7085162997245789,0.22193509340286255,0.07864773273468018,1.1721285581588745,0.12855741381645203,0.042673058807849884,0.08538461476564407,0.04271155595779419,0.14865726232528687,0.14159291982650757,0.007064342498779297,0.3964327871799469,0.2969517111778259,0.3066155016422272,0.9163366185146679,0.6448790083368527,0,0,0.5214626789093018,0.2957339286804199,-5.710124969482422e-05,-0.0008844435214996338,-0.0002969205379486084,0.0004690885543823242,0.0005662739276885986,-0.005123663693666458,-0.011817768216133118,-0.008058621677911024
Stage2,S2_024,3.0,0.005,0.0,0.02,49,1.3638368844985962,104,monotonic_hybrid,0.7191672325134277,0.22713783383369446,0.07223263382911682,1.2337263822555542,0.15036076307296753,0.05804944410920143,0.07999999821186066,0.021950554102659225,0.1767461597919464,0.18110236525535583,0.004356205463409424,0.39337703585624695,0.2966722249984741,0.3099507689476013,0.9172010284487421,0.6712010537602562,0,0,0.5214617252349854,0.2957427203655243,0.001124560832977295,-0.0011097043752670288,-0.00035675615072250366,0.004028439521789551,-0.0006524622440338135,-0.010519906878471375,-0.026159361004829407,0.1566147636247664
Stage2,S2_024,3.0,0.005,0.0,0.02,43,1.3079248666763306,105,monotonic_hybrid,0.7026036381721497,0.22003121674060822,0.07110212743282318,1.142978549003601,0.12928710877895355,0.05279719457030296,0.07538461685180664,0.022587422281503677,0.19179031252861023,0.1376146674156189,0.05417564511299133,0.4003055989742279,0.29657959938049316,0.3031148314476013,0.9153078470189767,0.6733465200654296,0,0,0.5214632153511047,0.2957443594932556,0.0009976029396057129,0.0001459568738937378,0.00014002621173858643,0.003008246421813965,0.0019386857748031616,-0.005920350551605225,0.02017359435558319,0.14218847750861524
Stage2,S2_024,3.0,0.005,0.0,0.02,50,1.2700731754302979,106,monotonic_hybrid,0.7449386119842529,0.22508864104747772,0.07660199701786041,1.1916803121566772,0.12192901223897934,0.0478694811463356,0.08384615182876587,0.03597667068243027,0.18514469265937805,0.14851485192775726,0.03662984073162079,0.39625751972198486,0.299046128988266,0.30469638109207153,0.915754575701154,0.6697488510153713,0,0,0.5214625000953674,0.29573243856430054,0.0004748702049255371,0.0001195073127746582,-0.00017333775758743286,0.004111289978027344,0.0010638460516929626,-0.005497820675373077,0.027245178818702698,0.06378688151965059
Stage2,S2_024,3.0,0.005,0.0,0.02,42,1.4020800590515137,107,monotonic_hybrid,0.7793430089950562,0.22351792454719543,0.09092415124177933,1.2825714349746704,0.1534111648797989,0.047333795577287674,0.10076922923326492,0.05343543365597725,0.16427645087242126,0.19130434095859528,0.02702789008617401,0.3918195962905884,0.2990023195743561,0.30917808413505554,0.9221766972052423,0.6791822178330693,0,0,0.5214638113975525,0.29574427008628845,-0.0006850957870483398,0.00013375282287597656,-0.0007356405258178711,-0.0010075569152832031,-0.0016630440950393677,-0.00634177029132843,-0.020634278655052185,-0.08782962855418096
Stage2,S2_024,3.0,0.005,0.0,0.02,50,1.2712846994400024,108,monotonic_hybrid,0.734911322593689,0.22298255562782288,0.08306200802326202,1.291517972946167,0.19095994532108307,0.049573782831430435,0.0930769219994545,0.04350313916802406,0.1778825968503952,0.25,0.0721174031496048,0.39620083570480347,0.29630929231643677,0.30748990178108215,0.9173215062173401,0.6930749121873482,0,0,0.5214625000953674,0.29573285579681396,-0.00036346912384033203,-0.00043720006942749023,-0.000606730580329895,-0.0017240047454833984,-0.003939688205718994,-0.0062139928340911865,-0.023104742169380188,-0.04943310010551349
Stage2,S2_024,3.0,0.005,0.0,0.02,40,1.3211289644241333,109,monotonic_hybrid,0.7256460189819336,0.2213374227285385,0.08142135292291641,1.0607450008392334,0.13664034008979797,0.045351993292570114,0.08769230544567108,0.04234031215310097,0.17083224654197693,0.1599999964237213,0.010832250118255615,0.39489462971687317,0.2986429035663605,0.30646243691444397,0.9171644412345442,0.7002390065511245,0,0,0.521463930606842,0.2957494854927063,0.000907599925994873,-0.00012888014316558838,-0.00010900944471359253,0.004303336143493652,0.0003639310598373413,-0.00458710640668869,0.0017287582159042358,0.12523138033404302
Stage2,S2_024,3.0,0.005,0.0,0.02,33,1.3445510864257812,110,monotonic_hybrid,0.7095746994018555,0.21939975023269653,0.0747261717915535,1.2560555934906006,0.15789894759655,0.05536845326423645,0.08538461476564407,0.030016161501407623,0.17878840863704681,0.19658119976520538,0.01779279112815857,0.39193880558013916,0.2973271310329437,0.3107340633869171,0.9274661673873085,0.6699671809608433,0,0,0.521465539932251,0.295765221118927,0.00020486116409301758,0.0001256018877029419,-0.0010503977537155151,-0.0011043548583984375,-0.0018787235021591187,-0.011890862137079239,-0.030373886227607727,0.028879316972644304
Stage2,S2_025,3.0,0.005,0.0,0.05,43,1.3215693235397339,101,monotonic_hybrid,0.7691394090652466,0.2308702915906906,0.07842984795570374,1.2423187494277954,0.15723520517349243,0.05037834122776985,0.08692307770252228,0.036544736474752426,0.17536477744579315,0.19847328960895538,0.02310851216316223,0.3849152624607086,0.3011310398578644,0.3139537274837494,0.9183608190683217,0.6506771899617161,0,0,0.47153592109680176,0.2674294710159302,9.447336196899414e-05,-0.00033064186573028564,-0.00042062997817993164,-0.0005689859390258789,-0.0019090473651885986,-0.006366904824972153,-0.023525208234786987,0.012284504790685602
Stage2,S2_025,3.0,0.005,0.0,0.05,43,1.216835379600525,102,monotonic_hybrid,0.7367696166038513,0.21693196892738342,0.07961925864219666,1.4816977977752686,0.20048001408576965,0.04217221960425377,0.08923076838254929,0.04705854877829552,0.1615477204322815,0.2539682686328888,0.0924205482006073,0.38799822330474854,0.3009345531463623,0.31106728315353394,0.923331278749195,0.6427581493748112,0,0,0.47153621912002563,0.26742732524871826,-0.0007444024085998535,-0.00016057491302490234,-0.0008761584758758545,-0.011567115783691406,-0.004994913935661316,-0.006389342248439789,-0.0239068865776062,-0.10093400117283548
Stage2,S2_025,3.0,0.005,0.0,0.05,50,1.2697733640670776,103,monotonic_hybrid,0.7084971070289612,0.22192981839179993,0.07865749299526215,1.1720393896102905,0.12849211692810059,0.04241703450679779,0.08538461476564407,0.04296758025884628,0.14754512906074524,0.14159291982650757,0.005952209234237671,0.39039140939712524,0.3004350960254669,0.309173583984375,0.9163366020886099,0.6448790182769819,0,0,0.47153544425964355,0.2674190402030945,-7.62939453125e-05,-0.0008897185325622559,-0.0002871602773666382,0.00037992000579833984,0.0005009770393371582,-0.004867639392614365,-0.012929901480674744,-0.010767260697000115
Stage2,S2_025,3.0,0.005,0.0,0.05,49,1.3588041067123413,104,monotonic_hybrid,0.7191497087478638,0.2271447479724884,0.0722336620092392,1.2335854768753052,0.1503581553697586,0.05786740407347679,0.07999999821186066,0.022132594138383865,0.17605336010456085,0.18110236525535583,0.005049005150794983,0.3876282870769501,0.3001823425292969,0.31218940019607544,0.9172010086917045,0.6712011065763884,0,0,0.4715346097946167,0.2674270272254944,0.00110703706741333,-0.0011027902364730835,-0.0003557279706001282,0.0038875341415405273,-0.0006550699472427368,-0.010337866842746735,-0.025466561317443848,0.15417427279391457
Stage2,S2_025,3.0,0.005,0.0,0.05,43,1.3037497997283936,105,monotonic_hybrid,0.7025337815284729,0.22000950574874878,0.07108660042285919,1.1427441835403442,0.12916205823421478,0.052595354616642,0.07538461685180664,0.022789262235164642,0.19108667969703674,0.1376146674156189,0.05347201228141785,0.39389342069625854,0.3000985383987427,0.30600807070732117,0.9153078330214671,0.6733465392119148,0,0,0.4715360105037689,0.267428457736969,0.0009277462959289551,0.00012424588203430176,0.00012449920177459717,0.002773880958557129,0.001813635230064392,-0.00571851059794426,0.019469961524009705,0.1322318009453066
Stage2,S2_025,3.0,0.005,0.0,0.05,50,1.2667310237884521,106,monotonic_hybrid,0.7448968887329102,0.225077286362648,0.07659848779439926,1.1914061307907104,0.1218499019742012,0.04763927683234215,0.08384615182876587,0.03620687499642372,0.18372510373592377,0.14851485192775726,0.035210251808166504,0.3902329206466675,0.3023289442062378,0.3074381947517395,0.9157545607448734,0.6697488414343672,0,0,0.4715352952480316,0.26741766929626465,0.00043314695358276367,0.00010815262794494629,-0.00017684698104858398,0.003837108612060547,0.0009847357869148254,-0.005267616361379623,0.025825589895248413,0.058182410945563055
Stage2,S2_025,3.0,0.005,0.0,0.05,42,1.3974666595458984,107,monotonic_hybrid,0.7793523073196411,0.22350192070007324,0.09094690531492233,1.2826464176177979,0.15345926582813263,0.047089092433452606,0.10076922923326492,0.05368013679981232,0.16341787576675415,0.19130434095859528,0.027886465191841125,0.38621991872787476,0.30228933691978455,0.3114908039569855,0.922176684709785,0.6791822232562874,0,0,0.4715364873409271,0.26742836833000183,-0.0006757974624633789,0.00011774897575378418,-0.0007128864526748657,-0.0009325742721557617,-0.0016149431467056274,-0.006097067147493362,-0.01977570354938507,-0.08663757861034485
Stage2,S2_025,3.0,0.005,0.0,0.05,50,1.266517996788025,108,monotonic_hybrid,0.7348954677581787,0.22297842800617218,0.08307339996099472,1.2915509939193726,0.19108471274375916,0.04937099292874336,0.0930769219994545,0.043705929070711136,0.17700596153736115,0.25,0.07299403846263885,0.39018163084983826,0.2998541295528412,0.30996426939964294,0.9173214966768433,0.6930749097693157,0,0,0.471535325050354,0.2674180269241333,-0.00037932395935058594,-0.00044132769107818604,-0.0005953386425971985,-0.001690983772277832,-0.0038149207830429077,-0.006011202931404114,-0.02222810685634613,-0.05158941440988649
Stage2,S2_025,3.0,0.005,0.0,0.05,40,1.3171080350875854,109,monotonic_hybrid,0.7256003022193909,0.22133538126945496,0.0814143642783165,1.0605403184890747,0.13659776747226715,0.045210812240839005,0.08769230544567108,0.04248149320483208,0.17000865936279297,0.1599999964237213,0.010008662939071655,0.3890005648136139,0.30196431279182434,0.30903515219688416,0.9171644208882137,0.7002390173966484,0,0,0.47153663635253906,0.2674331068992615,0.0008618831634521484,-0.0001309216022491455,-0.00011599808931350708,0.004098653793334961,0.00032135844230651855,-0.004445925354957581,0.0009051710367202759,0.11892334403561186
Stage2,S2_025,3.0,0.005,0.0,0.05,33,1.3401495218276978,110,monotonic_hybrid,0.7095658183097839,0.21938149631023407,0.07474854588508606,1.2560213804244995,0.15793512761592865,0.05509096011519432,0.08538461476564407,0.030293654650449753,0.1779034435749054,0.19658119976520538,0.018677756190299988,0.38632774353027344,0.3007745146751404,0.31289777159690857,0.9274661525131681,0.6699671868968862,0,0,0.4715380072593689,0.2674473524093628,0.00019598007202148438,0.00010734796524047852,-0.0010280236601829529,-0.0011385679244995117,-0.0018425434827804565,-0.01161336898803711,-0.02948892116546631,0.02762734774688812
Stage3,S3_001,3.0,0.1,0.0,0.0,43,1.3219859600067139,101,monotonic_hybrid,0.7692502737045288,0.23093444108963013,0.0783582329750061,1.2420668601989746,0.1569792479276657,0.051786139607429504,0.08692307770252228,0.03513693809509277,0.17996661365032196,0.19847328960895538,0.018506675958633423,0.3644735515117645,0.29595327377319336,0.3395731449127197,0.9233645974320644,0.6443068382901661,0,0,0.5570282936096191,0.30343520641326904,0.0002053380012512207,-0.0002664923667907715,-0.0004922449588775635,-0.0008208751678466797,-0.00216500461101532,-0.007774703204631805,-0.028127044439315796,0.026700390538745677
Stage3,S3_001,3.0,0.1,0.0,0.0,43,1.2153644561767578,102,monotonic_hybrid,0.7366745471954346,0.2169996052980423,0.07949566841125488,1.479819416999817,0.19972370564937592,0.043191779404878616,0.08923076838254929,0.04603898897767067,0.1656908094882965,0.2539682686328888,0.08827745914459229,0.367962121963501,0.29592040181159973,0.3361174464225769,0.9279157268789419,0.6369180506127853,0,0,0.5570188760757446,0.303386926651001,-0.0008394718170166016,-9.293854236602783e-05,-0.000999748706817627,-0.013445496559143066,-0.005751222372055054,-0.007408902049064636,-0.028049975633621216,-0.11382452338203337
Stage3,S3_001,3.0,0.1,0.0,0.0,50,1.269089937210083,103,monotonic_hybrid,0.7086142897605896,0.22198481857776642,0.07860501855611801,1.1723158359527588,0.12867505848407745,0.04350835084915161,0.08538461476564407,0.04187626391649246,0.15166977047920227,0.14159291982650757,0.010076850652694702,0.37010830640792847,0.2956562340259552,0.33423542976379395,0.9215322080123403,0.6382309701453851,0,0,0.5569614768028259,0.30315738916397095,4.088878631591797e-05,-0.0008347183465957642,-0.0003396347165107727,0.0006563663482666016,0.0006839185953140259,-0.005958955734968185,-0.008805260062217712,0.005770578779798499
Stage3,S3_001,3.0,0.1,0.0,0.0,49,1.3630056381225586,104,monotonic_hybrid,0.7194255590438843,0.22717508673667908,0.07221508026123047,1.2343511581420898,0.15036411583423615,0.0592966303229332,0.07999999821186066,0.02070336788892746,0.17983417212963104,0.18110236525535583,0.0012681931257247925,0.3674604892730713,0.29514583945274353,0.3373936712741852,0.9222806818960765,0.6652878843083955,0,0,0.5570086240768433,0.3033573031425476,0.0013828873634338379,-0.0010724514722824097,-0.0003743097186088562,0.004653215408325195,-0.0006491094827651978,-0.01176709309220314,-0.029247373342514038,0.1925912509067793
Stage3,S3_001,3.0,0.1,0.0,0.0,43,1.3053103685379028,105,monotonic_hybrid,0.7028679847717285,0.22010211646556854,0.07113815099000931,1.143723487854004,0.12968820333480835,0.053918950259685516,0.07538461685180664,0.021465666592121124,0.1950145810842514,0.1376146674156189,0.05739991366863251,0.374869167804718,0.29522705078125,0.32990381121635437,0.9200424986824959,0.6678104482451755,0,0,0.5570244789123535,0.30341026186943054,0.0012619495391845703,0.00021685659885406494,0.00017604976892471313,0.003753185272216797,0.002339780330657959,-0.007042106240987778,0.023397862911224365,0.17986583293376363
Stage3,S3_001,3.0,0.1,0.0,0.0,50,1.2649548053741455,106,monotonic_hybrid,0.745039701461792,0.22513176500797272,0.07657893002033234,1.1929042339324951,0.12224020808935165,0.04878558963537216,0.08384615182876587,0.03506056219339371,0.18907062709331512,0.14851485192775726,0.04055577516555786,0.36994674801826477,0.2979505658149719,0.3321026861667633,0.92078577527389,0.6640956307758664,0,0,0.5569521188735962,0.3031224012374878,0.0005759596824645996,0.00016263127326965332,-0.00019640475511550903,0.005335211753845215,0.001375041902065277,-0.0064139291644096375,0.03117111325263977,0.07736571308201126
Stage3,S3_001,3.0,0.1,0.0,0.0,42,1.400504231452942,107,monotonic_hybrid,0.7792962193489075,0.2235838621854782,0.09083795547485352,1.282144546508789,0.15325070917606354,0.04823276400566101,0.10076922923326492,0.05253646522760391,0.16702894866466522,0.19130434095859528,0.024275392293930054,0.3660537898540497,0.29734984040260315,0.3365963399410248,0.9268160328068715,0.6738171531420595,0,0,0.5570294857025146,0.303416907787323,-0.0007318854331970215,0.00019969046115875244,-0.0008218362927436829,-0.0014344453811645508,-0.0018234997987747192,-0.007240738719701767,-0.023386776447296143,-0.09382808500233061
Stage3,S3_001,3.0,0.1,0.0,0.0,50,1.2678906917572021,108,monotonic_hybrid,0.7349793910980225,0.22304747998714447,0.08300773799419403,1.2912343740463257,0.19056956470012665,0.05032225325703621,0.0930769219994545,0.04275466874241829,0.18058927357196808,0.25,0.06941072642803192,0.36997321248054504,0.29492345452308655,0.335103303194046,0.9221203280282007,0.688270306491943,0,0,0.5569534301757812,0.3031300902366638,-0.00029540061950683594,-0.000372275710105896,-0.0006610006093978882,-0.002007603645324707,-0.004330068826675415,-0.0069624632596969604,-0.025811418890953064,-0.04017554019726547
Stage3,S3_001,3.0,0.1,0.0,0.0,40,1.319403886795044,109,monotonic_hybrid,0.725793182849884,0.22140511870384216,0.08138254284858704,1.0614030361175537,0.13673625886440277,0.04635590314865112,0.08769230544567108,0.04133640229701996,0.17425674200057983,0.1599999964237213,0.01425674557685852,0.36946621537208557,0.29701459407806396,0.3335191607475281,0.9220700420965228,0.6948712464352985,0,0,0.5570578575134277,0.3035373389720917,0.0010547637939453125,-6.118416786193848e-05,-0.00014781951904296875,0.004961371421813965,0.00045984983444213867,-0.005591016262769699,0.005153253674507141,0.14553717123472942
Stage3,S3_001,3.0,0.1,0.0,0.0,44,1.342012643814087,110,monotonic_hybrid,0.7094820141792297,0.21962574124336243,0.07484398782253265,1.2560454607009888,0.1577218472957611,0.05317217484116554,0.08538461476564407,0.03221243992447853,0.17644420266151428,0.19658119976520538,0.0201369971036911,0.3659326136112213,0.29570910334587097,0.3383582830429077,0.9320629313203295,0.6652634481794081,0,0,0.5570072531700134,0.3033391833305359,0.00011217594146728516,0.00035159289836883545,-0.0009325817227363586,-0.001114487648010254,-0.002055823802947998,-0.009694583714008331,-0.028029680252075195,0.01581346364344387
Stage3,S3_002,3.0,0.1,0.0,0.005,43,1.3214787244796753,101,monotonic_hybrid,0.7692446112632751,0.23093262314796448,0.07836083322763443,1.2420786619186401,0.15699122846126556,0.05172852799296379,0.08692307770252228,0.03519454970955849,0.1797541230916977,0.19847328960895538,0.01871916651725769,0.36400675773620605,0.29651394486427307,0.33947932720184326,0.9233645487486408,0.6443068686635641,0,0,0.5486727952957153,0.298883855342865,0.0001996755599975586,-0.0002683103084564209,-0.0004896447062492371,-0.0008090734481811523,-0.0021530240774154663,-0.007717091590166092,-0.02791455388069153,0.025964095298925405
Stage3,S3_002,3.0,0.1,0.0,0.005,43,1.2148404121398926,102,monotonic_hybrid,0.7366804480552673,0.2169971913099289,0.07950189709663391,1.4799150228500366,0.19976268708705902,0.04313823580741882,0.08923076838254929,0.04609253257513046,0.16547216475009918,0.2539682686328888,0.08849610388278961,0.3674429655075073,0.29648151993751526,0.3360755443572998,0.9279156891260917,0.6369180526030759,0,0,0.5486637353897095,0.29883623123168945,-0.0008335709571838379,-9.535253047943115e-05,-0.0009935200214385986,-0.01334989070892334,-0.005712240934371948,-0.007355358451604843,-0.02783133089542389,-0.11302442200353144
Stage3,S3_002,3.0,0.1,0.0,0.005,50,1.2685506343841553,103,monotonic_hybrid,0.7086092233657837,0.22198322415351868,0.0786070004105568,1.1722962856292725,0.12866218388080597,0.04345538094639778,0.08538461476564407,0.04192923381924629,0.1514490842819214,0.14159291982650757,0.009856164455413818,0.36955687403678894,0.2962213158607483,0.33422181010246277,0.9215321738863667,0.6382309735328312,0,0,0.5486070513725281,0.2986100912094116,3.5822391510009766e-05,-0.0008363127708435059,-0.00033765286207199097,0.0006368160247802734,0.0006710439920425415,-0.0059059858322143555,-0.009025946259498596,0.0050555653741383355
Stage3,S3_002,3.0,0.1,0.0,0.005,49,1.3622318506240845,104,monotonic_hybrid,0.7194184064865112,0.22717547416687012,0.07221535593271255,1.2343186140060425,0.15036329627037048,0.059249989688396454,0.07999999821186066,0.020750008523464203,0.1796818971633911,0.18110236525535583,0.0014204680919647217,0.36694902181625366,0.2957187294960022,0.33733224868774414,0.9222806260131594,0.6652879920752682,0,0,0.5486536026000977,0.2988070845603943,0.001375734806060791,-0.0010720640420913696,-0.00037403404712677,0.004620671272277832,-0.0006499290466308594,-0.011720452457666397,-0.02909509837627411,0.1915951322003092
Stage3,S3_002,3.0,0.1,0.0,0.005,43,1.3046973943710327,105,monotonic_hybrid,0.7028526067733765,0.22009766101837158,0.07113509625196457,1.1436736583709717,0.12966273725032806,0.053871188312768936,0.07538461685180664,0.021513428539037704,0.19485993683338165,0.1376146674156189,0.057245269417762756,0.37424641847610474,0.29579854011535645,0.32995501160621643,0.920042453481637,0.6678104538756315,0,0,0.5486690402030945,0.29885923862457275,0.0012465715408325195,0.0002124011516571045,0.00017299503087997437,0.0037033557891845703,0.0023143142461776733,-0.0069943442940711975,0.023243218660354614,0.17767400481658477
Stage3,S3_002,3.0,0.1,0.0,0.005,50,1.2645089626312256,106,monotonic_hybrid,0.74503093957901,0.22512906789779663,0.0765785425901413,1.192838191986084,0.12222152203321457,0.048737358301877975,0.08384615182876587,0.035108793526887894,0.18879616260528564,0.14851485192775726,0.04028131067752838,0.36939767003059387,0.2984812557697296,0.3321210741996765,0.9207857536789629,0.6640956328203861,0,0,0.5485978126525879,0.29857558012008667,0.0005671977996826172,0.0001599341630935669,-0.00019679218530654907,0.005269169807434082,0.0013563558459281921,-0.006365697830915451,0.03089664876461029,0.07618877426145287
Stage3,S3_002,3.0,0.1,0.0,0.005,42,1.3998064994812012,107,monotonic_hybrid,0.7792977690696716,0.22358037531375885,0.090842604637146,1.2821599245071411,0.15325963497161865,0.04818121716380119,0.10076922923326492,0.05258801206946373,0.16685517132282257,0.19130434095859528,0.024449169635772705,0.36556315422058105,0.2978895306587219,0.33654728531837463,0.9268159985974673,0.6738171434530887,0,0,0.5486741065979004,0.29886579513549805,-0.0007303357124328613,0.0001962035894393921,-0.0008171871304512024,-0.0014190673828125,-0.0018145740032196045,-0.0071891918778419495,-0.02321299910545349,-0.09362941001169126
Stage3,S3_002,3.0,0.1,0.0,0.005,50,1.2671977281570435,108,monotonic_hybrid,0.734976589679718,0.22304652631282806,0.08301004022359848,1.291242241859436,0.190593883395195,0.05028045177459717,0.0930769219994545,0.04279647022485733,0.18041075766086578,0.25,0.06958924233913422,0.3694237470626831,0.2954995632171631,0.3350766897201538,0.9221203091019112,0.6882703026926978,0,0,0.5485990643501282,0.29858317971229553,-0.0002982020378112793,-0.00037322938442230225,-0.0006586983799934387,-0.0019997358322143555,-0.004305750131607056,-0.006920661777257919,-0.02563290297985077,-0.04055654310066972
Stage3,S3_002,3.0,0.1,0.0,0.005,40,1.318800687789917,109,monotonic_hybrid,0.7257832884788513,0.22140361368656158,0.08138187974691391,1.0613582134246826,0.13672742247581482,0.04631948843598366,0.08769230544567108,0.041372817009687424,0.17407916486263275,0.1599999964237213,0.014079168438911438,0.3689245283603668,0.29755929112434387,0.3335161507129669,0.9220699959794699,0.6948712590752255,0,0,0.5487021207809448,0.2989844083786011,0.0010448694229125977,-6.268918514251709e-05,-0.00014848262071609497,0.004916548728942871,0.000451013445854187,-0.005554601550102234,0.004975676536560059,0.14417193782463872
Stage3,S3_002,3.0,0.1,0.0,0.005,44,1.3413646221160889,110,monotonic_hybrid,0.7094831466674805,0.21962378919124603,0.07484818994998932,1.2560417652130127,0.1577300727367401,0.053128305822610855,0.08538461476564407,0.03225630894303322,0.17626503109931946,0.19658119976520538,0.020316168665885925,0.3654438257217407,0.296273410320282,0.3382827639579773,0.9320628978566019,0.6652634455947777,0,0,0.548652172088623,0.29878920316696167,0.00011330842971801758,0.0003496408462524414,-0.0009283795952796936,-0.0011181831359863281,-0.002047598361968994,-0.009650714695453644,-0.02785050868988037,0.015973110725922845
Stage3,S3_003,3.0,0.1,0.0,0.01,43,1.320970892906189,101,monotonic_hybrid,0.7692392468452454,0.23093083500862122,0.07836351543664932,1.242090106010437,0.15700358152389526,0.05167078971862793,0.08692307770252228,0.03525228798389435,0.17954465746879578,0.19847328960895538,0.018928632140159607,0.3635399341583252,0.2970745861530304,0.3393854796886444,0.9233645008028442,0.6443069020715458,0,0,0.5403174757957458,0.29433244466781616,0.00019431114196777344,-0.0002700984477996826,-0.0004869624972343445,-0.0007976293563842773,-0.0021406710147857666,-0.007659353315830231,-0.027705088257789612,0.025266552440148304
Stage3,S3_003,3.0,0.1,0.0,0.01,43,1.214316487312317,102,monotonic_hybrid,0.7366861701011658,0.2169947773218155,0.07950814813375473,1.4800108671188354,0.19980177283287048,0.043084677308797836,0.08923076838254929,0.04614609107375145,0.16525347530841827,0.2539682686328888,0.08871479332447052,0.3669237792491913,0.2970426082611084,0.3360336422920227,0.9279156462741263,0.6369180628115222,0,0,0.54030841588974,0.29428553581237793,-0.0008278489112854004,-9.776651859283447e-05,-0.0009872689843177795,-0.013254046440124512,-0.005673155188560486,-0.007301799952983856,-0.02761264145374298,-0.11224856612134775
Stage3,S3_003,3.0,0.1,0.0,0.01,50,1.268011212348938,103,monotonic_hybrid,0.7086042165756226,0.22198159992694855,0.07860899716615677,1.1722769737243652,0.12864939868450165,0.043402474373579025,0.08538461476564407,0.04198214039206505,0.15122854709625244,0.14159291982650757,0.009635627269744873,0.369005411863327,0.29678642749786377,0.3342081308364868,0.9215321420280227,0.6382309868814364,0,0,0.540252685546875,0.2940627932548523,3.081560134887695e-05,-0.0008379369974136353,-0.0003356561064720154,0.0006175041198730469,0.0006582587957382202,-0.005853079259395599,-0.009246483445167542,0.004348963890897703
Stage3,S3_003,3.0,0.1,0.0,0.01,49,1.3614579439163208,104,monotonic_hybrid,0.719411313533783,0.22717590630054474,0.07221562415361404,1.2342860698699951,0.15036246180534363,0.05920328572392464,0.07999999821186066,0.02079671248793602,0.17952939867973328,0.18110236525535583,0.0015729665756225586,0.36643752455711365,0.29629164934158325,0.3372708261013031,0.9222805704205522,0.66528810473793,0,0,0.540298581123352,0.29425695538520813,0.0013686418533325195,-0.001071631908416748,-0.00037376582622528076,0.004588127136230469,-0.0006507635116577148,-0.01167374849319458,-0.028942599892616272,0.19060731448305962
Stage3,S3_003,3.0,0.1,0.0,0.01,43,1.304084062576294,105,monotonic_hybrid,0.7028372883796692,0.22009319067001343,0.07113204151391983,1.143623948097229,0.12963725626468658,0.05382339656352997,0.07538461685180664,0.021561220288276672,0.1947050839662552,0.1376146674156189,0.05709041655063629,0.37362366914749146,0.29637008905410767,0.3300062417984009,0.9200424058295139,0.6678104818388371,0,0,0.540313720703125,0.29430824518203735,0.0012312531471252441,0.0002079308032989502,0.0001699402928352356,0.0036536455154418945,0.002288833260536194,-0.00694655254483223,0.02308836579322815,0.17549067215722441
Stage3,S3_003,3.0,0.1,0.0,0.01,50,1.2640630006790161,106,monotonic_hybrid,0.7450222373008728,0.22512638568878174,0.07657817006111145,1.1927725076675415,0.12220297753810883,0.04868897795677185,0.08384615182876587,0.03515717387199402,0.18852120637893677,0.14851485192775726,0.040006354451179504,0.36884862184524536,0.2990119457244873,0.33213943243026733,0.9207857275777737,0.6640956316253334,0,0,0.54024338722229,0.29402875900268555,0.0005584955215454102,0.00015725195407867432,-0.00019716471433639526,0.0052034854888916016,0.0013378113508224487,-0.006317317485809326,0.030621692538261414,0.07501984182742891
Stage3,S3_003,3.0,0.1,0.0,0.01,42,1.3991087675094604,107,monotonic_hybrid,0.7792994379997253,0.2235768884420395,0.09084727615118027,1.2821757793426514,0.15326866507530212,0.048129644244909286,0.10076922923326492,0.05263958498835564,0.1666812002658844,0.19130434095859528,0.024623140692710876,0.3650725483894348,0.2984292507171631,0.3364982306957245,0.9268159686238899,0.6738171429006724,0,0,0.5403187274932861,0.2943146228790283,-0.0007286667823791504,0.00019271671772003174,-0.0008125156164169312,-0.001403212547302246,-0.0018055438995361328,-0.007137618958950043,-0.02303902804851532,-0.09341545232946427
Stage3,S3_003,3.0,0.1,0.0,0.01,50,1.2665045261383057,108,monotonic_hybrid,0.7349737882614136,0.22304558753967285,0.08301235735416412,1.2912501096725464,0.19061829149723053,0.05023857578635216,0.0930769219994545,0.04283834621310234,0.18023207783699036,0.25,0.06976792216300964,0.36887428164482117,0.29607564210891724,0.335050106048584,0.9221202804815627,0.6882703037096644,0,0,0.5402447581291199,0.294036328792572,-0.00030100345611572266,-0.00037416815757751465,-0.0006563812494277954,-0.001991868019104004,-0.004281342029571533,-0.006878785789012909,-0.025454223155975342,-0.040937546004073976
Stage3,S3_003,3.0,0.1,0.0,0.01,40,1.3181976079940796,109,monotonic_hybrid,0.7257735729217529,0.22140216827392578,0.08138121664524078,1.061313509941101,0.13671861588954926,0.046283092349767685,0.08769230544567108,0.0414092130959034,0.17390157282352448,0.1599999964237213,0.013901576399803162,0.36838284134864807,0.29810404777526855,0.33351317048072815,0.9220699470718636,0.6948712779556353,0,0,0.5403462648391724,0.29443150758743286,0.001035153865814209,-6.413459777832031e-05,-0.0001491457223892212,0.004871845245361328,0.00044220685958862305,-0.005518205463886261,0.004798084497451782,0.14283137730750148
Stage3,S3_003,3.0,0.1,0.0,0.01,44,1.3407161235809326,110,monotonic_hybrid,0.7094845175743103,0.21962186694145203,0.07485241442918777,1.2560380697250366,0.15773837268352509,0.053084347397089005,0.08538461476564407,0.03230026736855507,0.17608578503131866,0.19658119976520538,0.02049541473388672,0.36495503783226013,0.296837717294693,0.3382072448730469,0.9320628671372722,0.6652634512630692,0,0,0.5402970910072327,0.2942391633987427,0.00011467933654785156,0.00034771859645843506,-0.0009241551160812378,-0.0011218786239624023,-0.002039298415184021,-0.009606756269931793,-0.027671262621879578,0.01616636772050266
