Stage,Config ID,lambda_fin,hybrid_delta,prior_kl_weight,min_allocation,Best Epoch,Best Validation Objective,CRPS,Direction Brier,Tail Brier,Stress CRPS,Stress Tail Brier,Mean predicted tail probability,Observed tail frequency,Tail calibration gap,Stress predicted tail probability,Stress observed tail frequency,Stress tail calibration gap,Mean pi_D,Mean pi_N,Mean pi_T,"Corr(risk, pi_T)","Corr(dir_unc, pi_D)",Risk monotonic violations,Dir monotonic violations,Delta pi_T risk 0->1,Delta pi_D dir 0->1,CRPS Delta,Direction Brier Delta,Tail Brier Delta,Stress CRPS Delta,Stress Tail Brier Delta,Tail calibration gap Delta,Stress tail calibration gap Delta,CRPS Delta %,Best Epoch STD,Best Validation Objective STD,CRPS STD,Direction Brier STD,Tail Brier STD,Stress CRPS STD,Stress Tail Brier STD,Mean predicted tail probability STD,Observed tail frequency STD,Tail calibration gap STD,Stress predicted tail probability STD,Stress observed tail frequency STD,Stress tail calibration gap STD,Mean pi_D STD,Mean pi_N STD,Mean pi_T STD,"Corr(risk, pi_T) STD","Corr(dir_unc, pi_D) STD",Risk monotonic violations STD,Dir monotonic violations STD,Delta pi_T risk 0->1 STD,Delta pi_D dir 0->1 STD,CRPS Delta STD,Direction Brier Delta STD,Tail Brier Delta STD,Stress CRPS Delta STD,Stress Tail Brier Delta STD,Tail calibration gap Delta STD,Stress tail calibration gap Delta STD,CRPS Delta % STD,Monotonic OK,CRPS Constraint OK,Eligible,Rank
Stage1,S1_026,3.0,0.1,0.0,0.0,45.4,1.3069522619247436,0.7331423163414001,0.22299900352954866,0.07864633053541184,1.2356008410453796,0.15259489193558692,0.04985705353319645,0.08676922991871834,0.03691217638552189,0.17595657408237458,0.18591518998146056,0.034416472911834715,0.368624621629715,0.2960850358009338,0.33529032766819,0.9238990822427734,0.6638871976626483,0.0,0.0,0.557004189491272,0.30332930088043214,0.00027672052383422854,-0.00017692893743515015,-0.00047895312309265137,5.364418029785156e-05,-0.0011916138231754304,-0.007585449144244194,-0.011173529922962189,0.03958162525376422,3.8930136855083823,0.0543838289210557,0.025628748942272038,0.004008831827188804,0.005700060705239026,0.11054400246920877,0.025785209907862993,0.004958816374031158,0.006916425583905123,0.010196706294839469,0.012319039302673494,0.04140524242921386,0.02857551409777203,0.0029505601957058067,0.0010155005552356826,0.0029444705122544513,0.0038133205894000047,0.019554510689014294,0.0,0.0,3.631620783413146e-05,0.00014336200541767555,0.0007865153532067432,0.00047055834594479266,0.0003766468236194719,0.005557836773408909,0.0025458307885508143,0.001849908145136891,0.023110563845213383,0.10817304076363894,True,True,True,1
Stage2,S2_001,3.0,0.1,0.0,0.0,45.4,1.3069522619247436,0.7331423163414001,0.22299900352954866,0.07864633053541184,1.2356008410453796,0.15259489193558692,0.04985705353319645,0.08676922991871834,0.03691217638552189,0.17595657408237458,0.18591518998146056,0.034416472911834715,0.368624621629715,0.2960850358009338,0.33529032766819,0.9238990822427734,0.6638871976626483,0.0,0.0,0.557004189491272,0.30332930088043214,0.00027672052383422854,-0.00017692893743515015,-0.00047895312309265137,5.364418029785156e-05,-0.0011916138231754304,-0.007585449144244194,-0.011173529922962189,0.03958162525376422,3.8930136855083823,0.0543838289210557,0.025628748942272038,0.004008831827188804,0.005700060705239026,0.11054400246920877,0.025785209907862993,0.004958816374031158,0.006916425583905123,0.010196706294839469,0.012319039302673494,0.04140524242921386,0.02857551409777203,0.0029505601957058067,0.0010155005552356826,0.0029444705122544513,0.0038133205894000047,0.019554510689014294,0.0,0.0,3.631620783413146e-05,0.00014336200541767555,0.0007865153532067432,0.00047055834594479266,0.0003766468236194719,0.005557836773408909,0.0025458307885508143,0.001849908145136891,0.023110563845213383,0.10817304076363894,True,True,True,2
Stage3,S3_001,3.0,0.1,0.0,0.0,45.4,1.3069522619247436,0.7331423163414001,0.22299900352954866,0.07864633053541184,1.2356008410453796,0.15259489193558692,0.04985705353319645,0.08676922991871834,0.03691217638552189,0.17595657408237458,0.18591518998146056,0.034416472911834715,0.368624621629715,0.2960850358009338,0.33529032766819,0.9238990822427734,0.6638871976626483,0.0,0.0,0.557004189491272,0.30332930088043214,0.00027672052383422854,-0.00017692893743515015,-0.00047895312309265137,5.364418029785156e-05,-0.0011916138231754304,-0.007585449144244194,-0.011173529922962189,0.03958162525376422,3.8930136855083823,0.0543838289210557,0.025628748942272038,0.004008831827188804,0.005700060705239026,0.11054400246920877,0.025785209907862993,0.004958816374031158,0.006916425583905123,0.010196706294839469,0.012319039302673494,0.04140524242921386,0.02857551409777203,0.0029505601957058067,0.0010155005552356826,0.0029444705122544513,0.0038133205894000047,0.019554510689014294,0.0,0.0,3.631620783413146e-05,0.00014336200541767555,0.0007865153532067432,0.00047055834594479266,0.0003766468236194719,0.005557836773408909,0.0025458307885508143,0.001849908145136891,0.023110563845213383,0.10817304076363894,True,True,True,3
Stage2,S2_002,3.0,0.1,0.0,0.005,45.4,1.3063477516174316,0.7331377029418945,0.2229969546198845,0.07864814400672912,1.235592257976532,0.15259746685624123,0.049809014424681664,0.08676922991871834,0.03696021549403668,0.17576234936714172,0.18591518998146056,0.034445223212242124,0.36809549629688265,0.29664371013641355,0.33526079058647157,0.9238990446470309,0.6638872124386547,0.0,0.0,0.548649150133133,0.29877946674823763,0.00027210712432861327,-0.0001789778470993042,-0.0004771396517753601,4.506111145019531e-05,-0.0011890389025211335,-0.007537410035729409,-0.011144779622554779,0.038941224538607974,3.8930136855083823,0.054319958253408386,0.025630970976199534,0.004009312737465067,0.005701530050160606,0.11058520152525418,0.025804436233476752,0.004959846095909587,0.006916425583905123,0.01019748018261374,0.012324092596248214,0.04140524242921386,0.028611175715700553,0.0029062913683421824,0.001000254887552678,0.002900276935840619,0.0038133215271048395,0.01955450862863015,0.0,0.0,3.5810516547769094e-05,0.00014125641460167055,0.0007810802397910438,0.000469534054278853,0.00037392675910069204,0.00551285860037048,0.0025259490770398888,0.0018496806733955295,0.0229271405818094,0.10741585171306148,True,True,True,4
Stage3,S3_002,3.0,0.1,0.0,0.005,45.4,1.3063477516174316,0.7331377029418945,0.2229969546198845,0.07864814400672912,1.235592257976532,0.15259746685624123,0.049809014424681664,0.08676922991871834,0.03696021549403668,0.17576234936714172,0.18591518998146056,0.034445223212242124,0.36809549629688265,0.29664371013641355,0.33526079058647157,0.9238990446470309,0.6638872124386547,0.0,0.0,0.548649150133133,0.29877946674823763,0.00027210712432861327,-0.0001789778470993042,-0.0004771396517753601,4.506111145019531e-05,-0.0011890389025211335,-0.007537410035729409,-0.011144779622554779,0.038941224538607974,3.8930136855083823,0.054319958253408386,0.025630970976199534,0.004009312737465067,0.005701530050160606,0.11058520152525418,0.025804436233476752,0.004959846095909587,0.006916425583905123,0.01019748018261374,0.012324092596248214,0.04140524242921386,0.028611175715700553,0.0029062913683421824,0.001000254887552678,0.002900276935840619,0.0038133215271048395,0.01955450862863015,0.0,0.0,3.5810516547769094e-05,0.00014125641460167055,0.0007810802397910438,0.000469534054278853,0.00037392675910069204,0.00551285860037048,0.0025259490770398888,0.0018496806733955295,0.0229271405818094,0.10741585171306148,True,True,True,5
Stage2,S2_003,3.0,0.1,0.0,0.01,45.4,1.3057430624961852,0.733133178949356,0.22299492061138154,0.0786499761044979,1.2355837941169738,0.15260013937950134,0.04976092614233494,0.08676922991871834,0.0370083037763834,0.17556830048561095,0.18591518998146056,0.03447368443012237,0.3675663650035858,0.29720239639282225,0.33523125052452085,0.9238990056247423,0.6638872345795647,0.0,0.0,0.5402941107749939,0.29422963559627535,0.00026758313179016114,-0.0001810118556022644,-0.0004753075540065765,3.6597251892089844e-05,-0.0011863663792610168,-0.007489321753382683,-0.01111631840467453,0.03831295253718771,3.8930136855083823,0.054256155967359415,0.02563321731139174,0.00400980328901245,0.005703005564342515,0.11062642056678791,0.02582368030404118,0.004960850801841453,0.006916425583905123,0.01019823796298932,0.012329244012021743,0.04140524242921386,0.02864840494800293,0.002862026185618323,0.0009850141068750312,0.002856076246196006,0.003813324034718366,0.019554506398134542,0.0,0.0,3.5299695923726085e-05,0.00013914085124140896,0.0007756981254165359,0.0004685104424495389,0.0003711999238406034,0.005467888137731064,0.00250603645233732,0.0018494522189853367,0.02274416029584433,0.1066660487723265,True,True,True,6
Stage3,S3_003,3.0,0.1,0.0,0.01,45.4,1.3057430624961852,0.733133178949356,0.22299492061138154,0.0786499761044979,1.2355837941169738,0.15260013937950134,0.04976092614233494,0.08676922991871834,0.0370083037763834,0.17556830048561095,0.18591518998146056,0.03447368443012237,0.3675663650035858,0.29720239639282225,0.33523125052452085,0.9238990056247423,0.6638872345795647,0.0,0.0,0.5402941107749939,0.29422963559627535,0.00026758313179016114,-0.0001810118556022644,-0.0004753075540065765,3.6597251892089844e-05,-0.0011863663792610168,-0.007489321753382683,-0.01111631840467453,0.03831295253718771,3.8930136855083823,0.054256155967359415,0.02563321731139174,0.00400980328901245,0.005703005564342515,0.11062642056678791,0.02582368030404118,0.004960850801841453,0.006916425583905123,0.01019823796298932,0.012329244012021743,0.04140524242921386,0.02864840494800293,0.002862026185618323,0.0009850141068750312,0.002856076246196006,0.003813324034718366,0.019554506398134542,0.0,0.0,3.5299695923726085e-05,0.00013914085124140896,0.0007756981254165359,0.0004685104424495389,0.0003711999238406034,0.005467888137731064,0.00250603645233732,0.0018494522189853367,0.02274416029584433,0.1066660487723265,True,True,True,7
Stage2,S2_004,3.0,0.1,0.0,0.02,45.4,1.3045333743095398,0.7331242382526397,0.22299087792634964,0.07865367829799652,1.2355675101280212,0.1526056632399559,0.04966463446617127,0.08676922991871834,0.03710459545254707,0.17517972141504287,0.18591518998146056,0.034530709683895114,0.36650806069374087,0.29831976592540743,0.3351722002029419,0.9238989418221463,0.6638872520113622,0.0,0.0,0.5235840082168579,0.2851299583911896,0.00025864243507385255,-0.00018505454063415526,-0.0004716053605079651,2.0313262939453126e-05,-0.0011808425188064575,-0.007393030077219009,-0.011059293150901794,0.037071112202129344,3.8930136855083823,0.05412897819486842,0.025637699160140325,0.004010781803339499,0.005705958840739552,0.11070883028108498,0.02586219886121155,0.004962799820453701,0.006916425583905123,0.01019971605031596,0.012339437204171029,0.04140524242921386,0.02872692960022495,0.0027734984928819402,0.000954522465809969,0.0027676939117550516,0.003813325352789125,0.01955451034414225,0.0,0.0,3.4200983816068594e-05,0.00013488247880084117,0.0007649506651975773,0.00046646080113479227,0.0003657430780031404,0.00537803918741708,0.00246616553284796,0.0018490125605054232,0.022378730873158868,0.10516876088646056,True,True,True,8
Stage1,S1_025,3.0,0.05,0.0,0.0,45.4,1.3100730061531067,0.7331006646156311,0.22297203689813613,0.07866731956601143,1.2355525135993957,0.15261478573083878,0.049426856264472005,0.08676922991871834,0.03734237365424633,0.17460552155971526,0.18591518998146056,0.03462615013122559,0.3842685490846634,0.295854777097702,0.3198766797780991,0.9213743044412579,0.6668302125450636,0.0,0.0,0.5562917292118073,0.309541854262352,0.00023506879806518556,-0.00020389556884765626,-0.00045796409249305726,5.316734313964844e-06,-0.001171720027923584,-0.007155251875519753,-0.010963852703571319,0.03378266950086674,3.8930136855083823,0.05377611468300014,0.02565316799819302,0.004009225564574765,0.005710395059897721,0.11080471407542092,0.025900116673527946,0.004883629206346106,0.006916425583905123,0.010122384007879372,0.012217425420986312,0.04140524242921386,0.028680288021938574,0.0030265928184806425,0.0010416324698738464,0.0029310795229542,0.003896496175470873,0.019325871066591838,0.0,0.0,1.1562626844700293e-05,6.701047082279565e-05,0.0007401281048823198,0.0004705590244766096,0.0003626451590266867,0.005259963486428499,0.002425759898983296,0.0018010160885732088,0.021823558144614046,0.10168544627304067,True,True,True,9
Stage2,S2_006,3.0,0.05,0.0,0.0,45.4,1.3100730061531067,0.7331006646156311,0.22297203689813613,0.07866731956601143,1.2355525135993957,0.15261478573083878,0.049426856264472005,0.08676922991871834,0.03734237365424633,0.17460552155971526,0.18591518998146056,0.03462615013122559,0.3842685490846634,0.295854777097702,0.3198766797780991,0.9213743044412579,0.6668302125450636,0.0,0.0,0.5562917292118073,0.309541854262352,0.00023506879806518556,-0.00020389556884765626,-0.00045796409249305726,5.316734313964844e-06,-0.001171720027923584,-0.007155251875519753,-0.010963852703571319,0.03378266950086674,3.8930136855083823,0.05377611468300014,0.02565316799819302,0.004009225564574765,0.005710395059897721,0.11080471407542092,0.025900116673527946,0.004883629206346106,0.006916425583905123,0.010122384007879372,0.012217425420986312,0.04140524242921386,0.028680288021938574,0.0030265928184806425,0.0010416324698738464,0.0029310795229542,0.003896496175470873,0.019325871066591838,0.0,0.0,1.1562626844700293e-05,6.701047082279565e-05,0.0007401281048823198,0.0004705590244766096,0.0003626451590266867,0.005259963486428499,0.002425759898983296,0.0018010160885732088,0.021823558144614046,0.10168544627304067,True,True,True,10
Stage2,S2_007,3.0,0.05,0.0,0.005,45.4,1.3094209909439087,0.7330969452857972,0.22297042310237886,0.07866890877485275,1.2355457425117493,0.1526174619793892,0.04938500300049782,0.08676922991871834,0.03738422691822052,0.1744309112429619,0.18591518998146056,0.034651200473308566,0.3835046201944351,0.29641693234443667,0.320078444480896,0.9213742862005054,0.6668302220347864,0.0,0.0,0.5479473769664764,0.304898789525032,0.00023134946823120118,-0.00020550936460494995,-0.0004563748836517334,-1.4543533325195312e-06,-0.001169043779373169,-0.007113398611545562,-0.010938802361488342,0.03326596228759521,3.8930136855083823,0.053721363760706686,0.025655052066714798,0.004009700612656617,0.005711716347664226,0.11084195264327314,0.025917664507199085,0.004885776706901784,0.006916425583905123,0.01012421904038005,0.012223646998534813,0.04140524242921386,0.02872364110734985,0.0029811957356214304,0.0010260047693829884,0.002887093148708806,0.003896495040112765,0.019325869259221685,0.0,0.0,1.1398893761485719e-05,6.60152304667926e-05,0.0007354595717682295,0.000469539479890006,0.00036013316487757275,0.005219671908293942,0.0024076039861291067,0.0018015589578188876,0.021660646305317298,0.1010359328972471,True,True,True,11
Stage2,S2_008,3.0,0.05,0.0,0.01,45.4,1.3087689280509949,0.7330932557582855,0.22296880185604095,0.07867051064968109,1.2355391383171082,0.15262020006775856,0.04934312365949154,0.08676922991871834,0.0374261062592268,0.17425619214773178,0.18591518998146056,0.03467627912759781,0.38274070918560027,0.2969790995121002,0.32028021216392516,0.9213742639152074,0.6668302351240737,0.0,0.0,0.5396030008792877,0.3002557009458542,0.0002276599407196045,-0.00020713061094284057,-0.00045477300882339476,-8.058547973632812e-06,-0.0011663056910037994,-0.007071519270539284,-0.010913723707199096,0.03275328882835419,3.8930136855083823,0.05366684277981241,0.02565694588388955,0.004010182565228996,0.005713041317318508,0.11087918750553359,0.02593521156196495,0.004887904170173774,0.006916425583905123,0.01012604370609832,0.012229852082186958,0.04140524242921386,0.02876807164000283,0.002935782865195557,0.0010103705183407586,0.002843119457906467,0.0038964968342929543,0.019325866848740627,0.0,0.0,1.1204843583411682e-05,6.503046007181557e-05,0.0007307894205498102,0.0004685160244927071,0.00035762187818360084,0.0051794378349256515,0.002389445769947596,0.001802102797296853,0.02149794146752603,0.10038620427371665,True,True,True,12
Stage2,S2_005,3.0,0.1,0.0,0.05,45.4,1.3009018898010254,0.7330982625484467,0.22297902703285216,0.07866499572992325,1.2355228185653686,0.1526235543191433,0.04937495142221451,0.08676922991871834,0.03739427849650383,0.17400965094566345,0.18591518998146056,0.03470275104045868,0.3633329838514328,0.3016718864440918,0.334995174407959,0.9238987114901788,0.6638873552178023,0.0,0.0,0.47345376312732695,0.25783081352710724,0.0002326667308807373,-0.00019690543413162232,-0.0004602879285812378,-2.4378299713134766e-05,-0.0011629514396190644,-0.007103347033262253,-0.010887251794338226,0.03346033950001604,3.8930136855083823,0.05375032016882408,0.02565137643041687,0.004013807014769937,0.005714920665746815,0.11095608416617564,0.02597820419883812,0.004967494982751712,0.006916425583905123,0.010203400006533768,0.012368784904659445,0.04140524242921386,0.028994228516174936,0.002507900049923685,0.0008630513876092856,0.0025025469864019797,0.003813332599764809,0.019554510704231233,0.0,0.0,3.09474010090335e-05,0.0001220996272491805,0.000732739038215568,0.0004603875932696842,0.00034925154231705126,0.005108546602698202,0.0023460176734611668,0.0018468339212047986,0.021286630249575483,0.10068437609387801,True,True,True,13
Stage2,S2_009,3.0,0.05,0.0,0.02,45.4,1.307464325428009,0.7330858886241913,0.22296558171510697,0.07867375239729882,1.2355262875556945,0.15262581706047057,0.049259003251791,0.08676922991871834,0.03751022666692734,0.17390584498643874,0.18591518998146056,0.03472708612680435,0.3812128633260727,0.2981034189462662,0.3206837445497513,0.9213742421872692,0.6668302350641301,0.0,0.0,0.5229142308235168,0.290969529747963,0.00022029280662536622,-0.00021035075187683105,-0.0004515312612056732,-2.0909309387207032e-05,-0.0011606886982917786,-0.0069873988628387455,-0.010862916707992554,0.03172919731211619,3.8930136855083823,0.05355793338086181,0.02566082030639126,0.004011152188439395,0.005715682446086483,0.11095363096106084,0.025970337541036725,0.004891508335121765,0.006916425583905123,0.010129162297445645,0.012241992624398651,0.04140524242921386,0.02885947337837232,0.0028449784320387465,0.0009791049362889513,0.0027551483412710863,0.003896498314430641,0.01932586799151564,0.0,0.0,1.089180543667794e-05,6.302025530070616e-05,0.0007213226407355555,0.00046646162086142617,0.00035259507536876216,0.005098877369363471,0.0023530806509329256,0.0018025097243536314,0.02117267564812565,0.09906948391399001,True,True,True,14
Stage1,S1_024,3.0,0.02,0.0,0.0,44.3,1.3119066834449769,0.7330851435661316,0.22293867468833922,0.07865998223423958,1.2355195164680481,0.15263138860464096,0.04949197955429554,0.08676922991871834,0.037277250364422795,0.17435586154460908,0.18591518998146056,0.03418602347373963,0.39373559355735777,0.2955065041780472,0.3107578992843628,0.9198217903011783,0.6686108271793915,0.0,0.0,0.5553589820861816,0.3129922479391098,0.00021954774856567383,-0.00023725777864456177,-0.0004653014242649078,-2.7680397033691405e-05,-0.001155117154121399,-0.007220375165343284,-0.011403979361057281,0.031633290521932964,5.53875236653326,0.053406127474554255,0.025659380445624505,0.004026056593350152,0.0057317523215814434,0.11095979759204826,0.025970149564265677,0.005180291061485419,0.006916425583905123,0.010294621876365323,0.012306214513720623,0.04140524242921386,0.02910144126111489,0.0030477627296669704,0.0010677316076211478,0.002905904058273918,0.003934503879168601,0.019185027867429115,0.0,0.0,5.418831165444892e-06,4.219137760194051e-05,0.0007123540670260655,0.00045113952999411547,0.0003858801851383548,0.005083739517347002,0.002352296820884118,0.0023866409724016295,0.021568887589167828,0.0977922724445637,True,True,True,15
Stage2,S2_011,3.0,0.02,0.0,0.0,44.3,1.3119066834449769,0.7330851435661316,0.22293867468833922,0.07865998223423958,1.2355195164680481,0.15263138860464096,0.04949197955429554,0.08676922991871834,0.037277250364422795,0.17435586154460908,0.18591518998146056,0.03418602347373963,0.39373559355735777,0.2955065041780472,0.3107578992843628,0.9198217903011783,0.6686108271793915,0.0,0.0,0.5553589820861816,0.3129922479391098,0.00021954774856567383,-0.00023725777864456177,-0.0004653014242649078,-2.7680397033691405e-05,-0.001155117154121399,-0.007220375165343284,-0.011403979361057281,0.031633290521932964,5.53875236653326,0.053406127474554255,0.025659380445624505,0.004026056593350152,0.0057317523215814434,0.11095979759204826,0.025970149564265677,0.005180291061485419,0.006916425583905123,0.010294621876365323,0.012306214513720623,0.04140524242921386,0.02910144126111489,0.0030477627296669704,0.0010677316076211478,0.002905904058273918,0.003934503879168601,0.019185027867429115,0.0,0.0,5.418831165444892e-06,4.219137760194051e-05,0.0007123540670260655,0.00045113952999411547,0.0003858801851383548,0.005083739517347002,0.002352296820884118,0.0023866409724016295,0.021568887589167828,0.0977922724445637,True,True,True,16
Stage2,S2_012,3.0,0.02,0.0,0.005,44.3,1.3112267136573792,0.7330815434455872,0.22293711006641387,0.0786614589393139,1.2355133056640626,0.15263393968343736,0.049452352523803714,0.08676922991871834,0.03731687739491463,0.17419208735227584,0.18591518998146056,0.034209929406642914,0.3928295999765396,0.2960738927125931,0.31109650433063507,0.919821783606019,0.6686108307155684,0.0,0.0,0.5470286190509797,0.30829739570617676,0.00021594762802124023,-0.00023882240056991578,-0.00046382471919059753,-3.389120101928711e-05,-0.0011525660753250121,-0.007180748134851455,-0.011380073428153992,0.03113236985702625,5.53875236653326,0.05335693171021609,0.02566139512232885,0.0040267035486399394,0.005732949485028587,0.11099454363077528,0.025986637085307695,0.005181219091326314,0.006916425583905123,0.010295958372159386,0.01231343912092718,0.04140524242921386,0.029144485705393627,0.0030020384048468052,0.0010517165019085293,0.002862311734054989,0.003934504385822576,0.01918502820190411,0.0,0.0,5.305151952387734e-06,4.156473299673204e-05,0.0007081416058228985,0.0004498870748340569,0.00038352000127946806,0.005046399814550823,0.0023352519505654124,0.0023845460479226706,0.021417345236411266,0.09720740395463041,True,True,True,17
Stage1,S1_023,3.0,0.01,0.0,0.0,44.3,1.312510895729065,0.7330768764019012,0.22293317168951035,0.07866429984569549,1.2355108618736268,0.15263588428497316,0.0494048211723566,0.08676922991871834,0.03736440874636173,0.1740837037563324,0.18591518998146056,0.034227535128593445,0.3968749165534973,0.29536837339401245,0.30775669813156126,0.9193026575938037,0.6692082223355719,0.0,0.0,0.5549623191356658,0.31408407986164094,0.00021128058433532714,-0.0002427607774734497,-0.00046098381280899046,-3.6334991455078126e-05,-0.001150621473789215,-0.0071332167834043505,-0.011362467706203461,0.030480035428685066,5.53875236653326,0.05328182678736658,0.025664780604335642,0.004026374937375197,0.005733810735810159,0.11101187510133391,0.025993250471544483,0.0051650758936321725,0.006916425583905123,0.010279361864729943,0.012285826035525273,0.04140524242921386,0.029134750740276077,0.0030777076686394427,0.0010737067712953863,0.00291207389329664,0.003955866280800411,0.0191375396966811,0.0,0.0,2.3239952147844413e-06,2.0750310068831325e-05,0.000703568818142745,0.0004508375560337621,0.0003832158872519894,0.005024866343136949,0.0023282607230091005,0.002377156182345504,0.02131255370994886,0.09656586102325122,True,True,True,18
Stage2,S2_016,3.0,0.01,0.0,0.0,44.3,1.312510895729065,0.7330768764019012,0.22293317168951035,0.07866429984569549,1.2355108618736268,0.15263588428497316,0.0494048211723566,0.08676922991871834,0.03736440874636173,0.1740837037563324,0.18591518998146056,0.034227535128593445,0.3968749165534973,0.29536837339401245,0.30775669813156126,0.9193026575938037,0.6692082223355719,0.0,0.0,0.5549623191356658,0.31408407986164094,0.00021128058433532714,-0.0002427607774734497,-0.00046098381280899046,-3.6334991455078126e-05,-0.001150621473789215,-0.0071332167834043505,-0.011362467706203461,0.030480035428685066,5.53875236653326,0.05328182678736658,0.025664780604335642,0.004026374937375197,0.005733810735810159,0.11101187510133391,0.025993250471544483,0.0051650758936321725,0.006916425583905123,0.010279361864729943,0.012285826035525273,0.04140524242921386,0.029134750740276077,0.0030777076686394427,0.0010737067712953863,0.00291207389329664,0.003955866280800411,0.0191375396966811,0.0,0.0,2.3239952147844413e-06,2.0750310068831325e-05,0.000703568818142745,0.0004508375560337621,0.0003832158872519894,0.005024866343136949,0.0023282607230091005,0.002377156182345504,0.02131255370994886,0.09656586102325122,True,True,True,19
Stage2,S2_013,3.0,0.02,0.0,0.01,44.3,1.310546636581421,0.7330779910087586,0.22293556481599808,0.07866294458508491,1.235507309436798,0.15263653174042702,0.04941270984709263,0.08676922991871834,0.03735652007162571,0.17402822971343995,0.18591518998146056,0.03423385620117188,0.39192362129688263,0.29664129614830015,0.31143510341644287,0.9198217715885129,0.668610839067827,0.0,0.0,0.5386981964111328,0.3036024957895279,0.00021239519119262696,-0.00024036765098571776,-0.0004623390734195709,-3.988742828369141e-05,-0.0011499740183353424,-0.007141105458140373,-0.01135614663362503,0.030637770924628095,5.53875236653326,0.05330791134203736,0.025663454759904815,0.004027355114267787,0.005734150997653076,0.11102932512288904,0.026003130264644615,0.005182145623908245,0.006916425583905123,0.010297297871174838,0.012320675524363807,0.04140524242921386,0.029188470156274605,0.0029563257939430945,0.0010356852131348608,0.0028187239900866923,0.0039345030341856315,0.01918502630777817,0.0,0.0,5.252503731154448e-06,4.094526275417088e-05,0.000703916746821458,0.0004486630015712084,0.00038115551132269495,0.0050090738846186806,0.0023181964464503873,0.002382472301921268,0.02126603239267296,0.09662088700160383,True,True,True,20
Stage1,S1_022,3.0,0.005,0.0,0.0,44.3,1.3128118872642518,0.7330728113651276,0.22293042987585068,0.07866646870970725,1.2355066418647767,0.15263818576931953,0.04936125576496124,0.08676922991871834,0.037407974153757094,0.1739474982023239,0.18591518998146056,0.03424828350543976,0.3984456807374954,0.295293265581131,0.3062610447406769,0.9190420989458408,0.6695074128207791,0.0,0.0,0.5547482073307037,0.3146206378936768,0.0002072155475616455,-0.0002455025911331177,-0.00045881494879722594,-4.055500030517578e-05,-0.0011483199894428253,-0.007089651376008988,-0.011341719329357148,0.02991274231485433,5.53875236653326,0.05321972685781235,0.02566748873350992,0.004026530095244667,0.00573483843635934,0.11103787193364438,0.02600481675018487,0.005157508493693243,0.006916425583905123,0.010271753972537993,0.012275659861676388,0.04140524242921386,0.029152515695857823,0.0030930141329937144,0.0010771215618027251,0.0029152628367436397,0.003966521963800621,0.019113685177386194,0.0,0.0,1.0998631767712335e-06,1.0275707458517338e-05,0.0006991736256155647,0.00045068490847521397,0.00038188702984128707,0.004995505333601687,0.0023162301758698346,0.002372473882702903,0.021184535728050336,0.09595275652613512,True,True,True,21
Stage2,S2_021,3.0,0.005,0.0,0.0,44.3,1.3128118872642518,0.7330728113651276,0.22293042987585068,0.07866646870970725,1.2355066418647767,0.15263818576931953,0.04936125576496124,0.08676922991871834,0.037407974153757094,0.1739474982023239,0.18591518998146056,0.03424828350543976,0.3984456807374954,0.295293265581131,0.3062610447406769,0.9190420989458408,0.6695074128207791,0.0,0.0,0.5547482073307037,0.3146206378936768,0.0002072155475616455,-0.0002455025911331177,-0.00045881494879722594,-4.055500030517578e-05,-0.0011483199894428253,-0.007089651376008988,-0.011341719329357148,0.02991274231485433,5.53875236653326,0.05321972685781235,0.02566748873350992,0.004026530095244667,0.00573483843635934,0.11103787193364438,0.02600481675018487,0.005157508493693243,0.006916425583905123,0.010271753972537993,0.012275659861676388,0.04140524242921386,0.029152515695857823,0.0030930141329937144,0.0010771215618027251,0.0029152628367436397,0.003966521963800621,0.019113685177386194,0.0,0.0,1.0998631767712335e-06,1.0275707458517338e-05,0.0006991736256155647,0.00045068490847521397,0.00038188702984128707,0.004995505333601687,0.0023162301758698346,0.002372473882702903,0.021184535728050336,0.09595275652613512,True,True,True,22
Stage2,S2_017,3.0,0.01,0.0,0.005,44.3,1.311821746826172,0.7330734729766846,0.22293169647455216,0.0786657266318798,1.2355050086975097,0.15263843387365342,0.049366458877921106,0.08676922991871834,0.037402771040797235,0.17392386198043824,0.18591518998146056,0.034250757098197936,0.3959218204021454,0.2959378480911255,0.3081403195858002,0.9193026538837732,0.669208223780657,0.0,0.0,0.5466379225254059,0.3093728214502335,0.00020787715911865234,-0.00024423599243164065,-0.00045955702662467954,-4.218816757202148e-05,-0.0011480718851089478,-0.007094854488968849,-0.011339245736598969,0.03000622633899559,5.53875236653326,0.0532345572208996,0.02566674268580287,0.004027012202340638,0.005734978242967777,0.11104581709991213,0.026009401330631465,0.005166233645887784,0.006916425583905123,0.010280920728055063,0.012293288000788383,0.04140524242921386,0.02917885288451898,0.0030315215256912853,0.0010575945884806737,0.0028683968340128285,0.003955865406323156,0.019137539556826313,0.0,0.0,2.2930795053078247e-06,2.0423254391082294e-05,0.0006994800632502985,0.0004496131827483162,0.00038089634785839577,0.004988482970423772,0.0023115623510390673,0.0023752044570234405,0.021165113055349988,0.09599858897148772,True,True,True,23
Stage2,S2_022,3.0,0.005,0.0,0.005,44.3,1.312118124961853,0.7330694675445557,0.2229289934039116,0.07866787165403366,1.235500955581665,0.15264073014259338,0.04932352490723133,0.08676922991871834,0.03744570501148701,0.1737896293401718,0.18591518998146056,0.034271183609962466,0.3974690049886703,0.2958638668060303,0.3066671252250671,0.9190420958164512,0.6695074132111707,0.0,0.0,0.5464269638061523,0.30990132987499236,0.0002038717269897461,-0.0002469390630722046,-0.0004574120044708252,-4.6241283416748044e-05,-0.0011457756161689758,-0.007051920518279076,-0.011318819224834442,0.029447227446187458,5.53875236653326,0.05317332944817225,0.025669417699490722,0.004027172566996012,0.005735988533189224,0.11107143332447444,0.026020784278577624,0.005158773338431712,0.006916425583905123,0.010273424405128252,0.012283215249268477,0.04140524242921386,0.02919709344880362,0.0030466178803138333,0.0010609517906339698,0.0028715340159012693,0.003966522182734401,0.01911368606089844,0.0,0.0,1.0516274500230364e-06,1.0098414318388529e-05,0.0006951569891451829,0.00044945922120250963,0.00037958726395690963,0.004959576149204622,0.0022997203837125725,0.0023705902293991057,0.02103914513247595,0.09539541109632242,True,True,True,24
Stage2,S2_018,3.0,0.01,0.0,0.01,44.3,1.3111325025558471,0.7330700635910035,0.22293022274971008,0.07866716533899307,1.2354992985725404,0.1526410199701786,0.04932808056473732,0.08676922991871834,0.03744114935398102,0.1737639367580414,0.18591518998146056,0.03427401781082153,0.3949687272310257,0.29650732278823855,0.3085239589214325,0.9193026472112829,0.6692082304959439,0.0,0.0,0.5383134603500366,0.30466156005859374,0.0002044677734375,-0.00024570971727371215,-0.00045811831951141356,-4.789829254150391e-05,-0.0011454857885837555,-0.007056476175785064,-0.011315985023975373,0.029531598914326662,5.53875236653326,0.05318740262994177,0.025668705832872535,0.004027661191066795,0.005736147976977666,0.11107978581329211,0.026025552446380107,0.005167384533182143,0.006916425583905123,0.010282479986649449,0.012300739077264946,0.04140524242921386,0.029223822648735756,0.0029853724756339984,0.0010414911682831319,0.002824707262171297,0.003955865661937128,0.01913753896015167,0.0,0.0,2.2687726806029026e-06,2.0102874487094017e-05,0.0006953842260645895,0.00044837897535190903,0.00037857462852723873,0.004952089072476896,0.002294859957513385,0.002373272825934118,0.02101789524117404,0.09543009682526285,True,True,True,25
Stage2,S2_014,3.0,0.02,0.0,0.02,44.3,1.3091862320899963,0.7330709993839264,0.22293248176574706,0.07866594269871711,1.2354957818984986,0.15264185667037963,0.04933339282870293,0.08676922991871834,0.03743583709001541,0.1737002596259117,0.18591518998146056,0.03428180962800979,0.3901116281747818,0.2977760910987854,0.3121122896671295,0.9198217721349881,0.6686108338481952,0.0,0.0,0.5220374226570129,0.2942127764225006,0.00020540356636047363,-0.00024345070123672486,-0.00045934095978736875,-5.1414966583251954e-05,-0.001144649088382721,-0.007061788439750671,-0.01130819320678711,0.029664225297044516,5.53875236653326,0.053210209398163705,0.025667534898316764,0.004028658621988697,0.005736557631168367,0.11109879161083244,0.026036125658763655,0.005183969788475654,0.006916425583905123,0.01029995280800647,0.012335101141342491,0.04140524242921386,0.029279187000014164,0.002864875568191197,0.0010036547779587069,0.0027315227620974577,0.003934502007338122,0.019185028224446316,0.0,0.0,5.073845751158912e-06,3.96962240584032e-05,0.000695530154978352,0.0004461937467874233,0.00037642688555876056,0.0049345198798147905,0.0022840653362598594,0.0023783706910439654,0.02096407824560532,0.09545675504187999,True,True,True,26
Stage2,S2_023,3.0,0.005,0.0,0.01,44.3,1.3114243507385255,0.7330661594867707,0.2229275658726692,0.0786692813038826,1.2354954957962037,0.1526433162391186,0.04928578324615955,0.08676922991871834,0.03748344667255878,0.17363168001174928,0.18591518998146056,0.03429410755634308,0.39649234116077425,0.2964344650506973,0.3070732057094574,0.9190420894338139,0.6695074192785861,0.0,0.0,0.5381057441234589,0.3051820158958435,0.00020056366920471192,-0.0002483665943145752,-0.0004560023546218872,-5.170106887817383e-05,-0.0011431895196437835,-0.0070141788572072985,-0.011295895278453826,0.02898666398171266,5.53875236653326,0.0531271221173324,0.025671331612992523,0.004027812318786104,0.005737144591309623,0.1111049522420255,0.026036766465386746,0.0051600372139164056,0.006916425583905123,0.01027509271051276,0.012290783943231602,0.04140524242921386,0.029242537728909623,0.0030002229475563115,0.0010447972403590273,0.002827790298906433,0.003966520868218252,0.019113684898086358,0.0,0.0,1.0599464557295961e-06,9.969388380111924e-06,0.0006911572403062085,0.0004482258597362907,0.000377283676426402,0.004923691905005672,0.002283191189490171,0.0023687238377092003,0.020893980672537317,0.09484039847419828,True,True,True,27
Stage2,S2_010,3.0,0.05,0.0,0.05,45.4,1.3035488963127135,0.7330648481845856,0.22295623868703843,0.07868362814188004,1.2354914665222168,0.1526439070701599,0.04900681748986244,0.08676922991871834,0.0377624124288559,0.17285245656967163,0.18591518998146056,0.03487972915172577,0.376629239320755,0.3014763921499252,0.3218944102525711,0.9213741307422183,0.6668303001488189,0.0,0.0,0.4728480726480484,0.26311100125312803,0.00019925236701965333,-0.00021969377994537353,-0.0004416555166244507,-5.5730342864990234e-05,-0.0011425986886024475,-0.006735213100910187,-0.010710273683071137,0.02880230585800183,3.8930136855083823,0.05323450259181272,0.02567236980120827,0.004014204003460992,0.005723744967307899,0.11117692187171216,0.02607614465027593,0.004903330465061372,0.006916425583905123,0.010139685235423015,0.01227799172802998,0.04140524242921386,0.029160451039289246,0.0025725529139661637,0.0008853230098522792,0.0024912798338997118,0.00389650317249115,0.019325868137940436,0.0,0.0,9.832209778990223e-06,5.705856062795221e-05,0.0006935678398631537,0.00046038622732910993,0.00033738450079578416,0.004857954939091913,0.0022434627746528548,0.0018055705471033444,0.02020282834040902,0.0952119144597513,True,True,True,28
Stage2,S2_019,3.0,0.01,0.0,0.02,44.3,1.3097537636756897,0.7330633938312531,0.2229273110628128,0.0786700576543808,1.2354884624481202,0.15264633148908616,0.04925129637122154,0.08676922991871834,0.037517933547496794,0.1734438493847847,0.18591518998146056,0.03432065397500992,0.39306252300739286,0.2976462751626968,0.3092912286520004,0.919302652606911,0.6692082195711879,0.0,0.0,0.5216645717620849,0.2952390342950821,0.0001977980136871338,-0.00024862140417099,-0.00045522600412368775,-5.873441696166992e-05,-0.0011401742696762085,-0.006979691982269287,-0.011269348859786987,0.028602665884669275,5.53875236653326,0.05309343464604122,0.02567264360355559,0.0040289450140407225,0.005738493755490405,0.1111476833747327,0.026057855389233307,0.005169651430603415,0.006916425583905123,0.010285572565599616,0.012315614246560903,0.04140524242921386,0.02931637320931932,0.0028930382462934844,0.001009281488186584,0.0027373389511596976,0.003955864703001487,0.01913753777359252,0.0,0.0,2.1935804992045963e-06,1.9502995648361734e-05,0.0006872664739435104,0.00044591416798281814,0.0003739243135999029,0.004879401658508351,0.002261441921433993,0.0023694401195119025,0.020724138098202775,0.0943038243489472,True,True,True,29
Stage2,S2_024,3.0,0.005,0.0,0.02,44.3,1.3100364685058594,0.7330596268177032,0.22292471826076507,0.07867212444543839,1.2354849219322204,0.15264862701296805,0.049210261180996896,0.08676922991871834,0.037558968737721445,0.17331552654504775,0.18591518998146056,0.03434007912874222,0.39453897774219515,0.29757567644119265,0.30788535475730894,0.9190421006752386,0.6695074065352485,0.0,0.0,0.5214632689952851,0.295743390917778,0.0001940310001373291,-0.0002512142062187195,-0.0004531592130661011,-6.227493286132812e-05,-0.0011378787457942963,-0.00693865679204464,-0.011249923706054687,0.028076869010849236,5.53875236653326,0.05303504018687871,0.025675175408843783,0.004029103685834345,0.005739459208297708,0.11117204462503058,0.02606873289609915,0.005162525370619412,0.006916425583905123,0.010278404590176224,0.01230588623867339,0.04140524242921386,0.029335935507634078,0.0029074373418855473,0.0010124827276325199,0.002740337026056533,0.00396652042964595,0.01911368431645075,0.0,0.0,1.0469814078248605e-06,9.666435320703113e-06,0.0006831358410611572,0.0004457682333254984,0.0003726768631795001,0.004851943293275084,0.002250120839627435,0.002365027900696316,0.020604323395460738,0.09372765270604752,True,True,True,30
Stage2,S2_015,3.0,0.02,0.0,0.05,44.3,1.3051026344299317,0.733050012588501,0.22292309552431105,0.07867512702941895,1.235463273525238,0.15265881791710853,0.04909486807882786,0.08676922991871834,0.03767436183989048,0.1727147102355957,0.18591518998146056,0.03442576825618744,0.3846756637096405,0.3011804699897766,0.3141439169645309,0.9198217245407789,0.6686108658805078,0.0,0.0,0.4720551699399948,0.26604357063770295,0.0001844167709350586,-0.00025283694267272947,-0.00045015662908554077,-8.392333984375e-05,-0.001127687841653824,-0.006823263689875602,-0.011164234578609466,0.02674242133581655,5.53875236653326,0.05292063657778819,0.02567972907245956,0.004032676447110772,0.00574392054988908,0.11130681449510886,0.026135400591181707,0.005188948228273426,0.006916425583905123,0.010307940258520127,0.01237840382062508,0.04140524242921386,0.029569960686427192,0.002590563771726119,0.0009075479160019685,0.002469956355677427,0.003934499332195477,0.019185026933910145,0.0,0.0,4.626467536656249e-06,3.591052873014324e-05,0.0006712159386825805,0.00043907588566605507,0.0003621271281290094,0.004711423980007429,0.002181282975761951,0.002366254315081504,0.0200640931040547,0.0920836204313311,True,True,True,31
Stage2,S2_020,3.0,0.01,0.0,0.05,44.3,1.305615210533142,0.7330433487892151,0.22291841953992844,0.07867894694209099,1.2354577660560608,0.1526632010936737,0.049020355194807054,0.08676922991871834,0.03774887472391129,0.17248224467039108,0.18591518998146056,0.034460507333278656,0.38734391033649446,0.3010630965232849,0.31159304082393646,0.9193026277186285,0.6692082396717136,0.0,0.0,0.4717179924249649,0.2669715344905853,0.0001777529716491699,-0.0002575129270553589,-0.00044633671641349795,-8.94308090209961e-05,-0.0011233046650886535,-0.006748750805854797,-0.01112949550151825,0.02581158735219811,5.53875236653326,0.052815168867106715,0.025684374459057743,0.004032938399170296,0.005745665570339265,0.11135085213523206,0.026155044794133022,0.005175888337944981,0.006916425583905123,0.010294832558648463,0.01236040688217546,0.04140524242921386,0.02961147626513361,0.002616024487168238,0.0009126386179184098,0.002475231331393689,0.003955864364538359,0.01913753963312061,0.0,0.0,2.0085109536412126e-06,1.7626257944035174e-05,0.0006637037994399581,0.0004388349730457989,0.0003598475543581691,0.004661933494944287,0.0021608123285225787,0.00235802442777545,0.019848972896834596,0.0910363618294342,True,True,True,32
Stage2,S2_025,3.0,0.005,0.0,0.05,44.3,1.305870521068573,0.73304004073143,0.22291608452796935,0.07868085652589799,1.235455083847046,0.15266543254256248,0.048983148857951166,0.08676922991871834,0.037786081060767175,0.1723658710718155,0.18591518998146056,0.03447794616222381,0.3886789381504059,0.30099928081035615,0.31032182574272155,0.9190420857152182,0.6695074182155317,0.0,0.0,0.4715359956026077,0.267427584528923,0.00017444491386413573,-0.0002598479390144348,-0.00044442713260650635,-9.211301803588868e-05,-0.0011210732161998748,-0.006711544468998909,-0.01111205667257309,0.02534954263679029,5.53875236653326,0.0527624457354576,0.025686670162063805,0.0040330769325729945,0.005746544608614437,0.1113728332522936,0.026164874850174467,0.005169428773389935,0.006916425583905123,0.010288324582412847,0.012351390790432102,0.04140524242921386,0.029632994051594377,0.002629050618432845,0.0009155451982854272,0.0024779450074832836,0.0039665214975296015,0.01911368260574873,0.0,0.0,9.380501573456648e-07,8.751154248150476e-06,0.0006599891280693682,0.00043869468486070005,0.00035872152736172926,0.004637247317874058,0.0021505696179859347,0.002354022786790081,0.019741519128752254,0.09051840866036995,True,True,True,33
Stage1,S1_019,2.0,0.1,0.0,0.0,45.4,1.1114423036575318,0.7329502761363983,0.22301164865493775,0.07874062359333038,1.2350677847862244,0.15277427062392235,0.048111557960510254,0.08676922991871834,0.03865767195820809,0.169800566136837,0.18591518998146056,0.03564033359289169,0.36863242983818056,0.2960837960243225,0.33528378903865813,0.9238978927498926,0.6638878902627797,0.0,0.0,0.5570049464702607,0.3033326923847198,8.468031883239746e-05,-0.00016428381204605102,-0.00038466006517410276,-0.00047941207885742186,-0.0010122351348400116,-0.005839953571557999,-0.009949669241905212,0.012835535032127596,3.8930136855083823,0.045967854182312425,0.025745010261895566,0.004042440589678953,0.005753614023022771,0.11176921939527848,0.026379540493512238,0.004853727270781639,0.006916425583905123,0.010139951238714645,0.012340287853113537,0.04140524242921386,0.030181794178817084,0.0029500502590615683,0.001014902255349735,0.0029430958842301797,0.0038133891729401894,0.019554504772722425,0.0,0.0,3.6570784265948134e-05,0.00014436299023761628,0.0006088280585330041,0.0004364734394688263,0.0002973488649514361,0.004198789569932787,0.0019414927474678504,0.001709680879884348,0.01759163136764954,0.08353590433133963,True,True,True,34
Stage1,S1_018,2.0,0.05,0.0,0.0,45.4,1.1135091662406922,0.7329261779785157,0.2229898229241371,0.07875900939106942,1.2350712895393372,0.15280035957694055,0.04777825698256492,0.08676922991871834,0.03899097293615341,0.16873616427183152,0.18591518998146056,0.035800527036190036,0.3842725396156311,0.29585420787334443,0.31987325847148895,0.9213736986063068,0.6668306461923041,0.0,0.0,0.5562918961048127,0.30954345166683195,6.058216094970703e-05,-0.0001861095428466797,-0.00036627426743507385,-0.0004759073257446289,-0.000986146181821823,-0.005506652593612671,-0.009789475798606872,0.009462335015196591,3.8930136855083823,0.045565313824860086,0.02576333717661847,0.0040419749202834435,0.0057614713726025875,0.11196895642637593,0.026469662610818484,0.004795473328274958,0.006916425583905123,0.010082352850814044,0.012250177031580867,0.04140524242921386,0.03048472587946278,0.003026240008439057,0.001041288025565588,0.0029302442665396222,0.003896536816646142,0.019325873102443138,0.0,0.0,1.1624316798247707e-05,6.74931508429531e-05,0.0005742085693803102,0.0004365544147326299,0.0002866449916999138,0.003970327901754515,0.0018470599997852189,0.0016726911140467174,0.016657351337851102,0.07871304358677159,True,True,True,35
Stage1,S1_017,2.0,0.02,0.0,0.0,44.3,1.1147228360176087,0.7329115390777587,0.2229567512869835,0.07875000461935996,1.23505597114563,0.15281352549791336,0.04786733388900757,0.08676922991871834,0.03890189602971077,0.16864742785692216,0.18591518998146056,0.03534425050020218,0.39373728930950164,0.29550627768039706,0.31075642704963685,0.9198215335295984,0.6686110334741547,0.0,0.0,0.5553589701652527,0.3129929006099701,4.594326019287109e-05,-0.00021918118000030518,-0.000375279039144516,-0.0004912257194519043,-0.000972980260848999,-0.005595729500055313,-0.010245752334594727,0.007409774133839595,5.53875236653326,0.045319242091296986,0.0257753029803447,0.004060971617794219,0.005781056272101043,0.1120847697432255,0.026523126176744436,0.005068721749646243,0.006916425583905123,0.010241030227403478,0.01236233507279667,0.04140524242921386,0.03090020089801172,0.003047526834392131,0.0010675801607733786,0.0029054670099594062,0.003934496582280249,0.019185028699102265,0.0,0.0,5.470019424208365e-06,4.2363101790467827e-05,0.0005541014824687039,0.00041474279203471685,0.00031634670880914214,0.0038400441518323873,0.0017918131730320676,0.0022309515871287316,0.0166049093851989,0.07591717824972447,True,True,True,36
Stage1,S1_016,2.0,0.01,0.0,0.0,44.3,1.1151230573654174,0.7329067051410675,0.22295227646827698,0.0787537544965744,1.235057246685028,0.15281903445720674,0.04779992587864399,0.08676922991871834,0.03896930404007435,0.16843364089727403,0.18591518998146056,0.035376031696796414,0.396875786781311,0.29536826610565187,0.30775595009326934,0.9193025270796292,0.6692083330484546,0.0,0.0,0.5549623072147369,0.31408439874649047,4.110932350158692e-05,-0.00022365599870681762,-0.00037152916193008425,-0.0004899501800537109,-0.0009674713015556336,-0.005528321489691734,-0.010213971138000488,0.006731685768159754,5.53875236653326,0.04523682494578999,0.02577932896703905,0.004061065255672845,0.005782615972387624,0.1121246063408116,0.026541170080964346,0.005056874385153537,0.006916425583905123,0.010229208903837831,0.012344411484236647,0.04140524242921386,0.03096648180680667,0.0030775853166827858,0.0010736269963998026,0.002911849982435626,0.003955862397054361,0.019137540611127064,0.0,0.0,2.379752713420218e-06,2.0820070120834466e-05,0.000547485980286496,0.0004145245073094649,0.00031434064309410545,0.0037950024519410597,0.0017730040602629267,0.0022236902463983483,0.016421397527568236,0.07499798435478239,True,True,True,37
Stage1,S1_015,2.0,0.005,0.0,0.0,44.3,1.1153224468231202,0.7329043209552765,0.2229500398039818,0.07875563576817513,1.2350579857826234,0.15282183811068534,0.047766241058707234,0.08676922991871834,0.0390029888600111,0.16832670122385024,0.18591518998146056,0.03539191037416458,0.39844611287117004,0.2952932208776474,0.3062606602907181,0.9190420324025059,0.669507473968675,0.0,0.0,0.5547481954097748,0.31462079882621763,3.872513771057129e-05,-0.00022589266300201415,-0.000369647890329361,-0.0004892110824584961,-0.0009646676480770111,-0.005494636669754982,-0.010198092460632325,0.006397011789954182,5.53875236653326,0.04519562308305678,0.025781368115232635,0.00406111551302803,0.00578339737846977,0.11214443101224744,0.02655020312037754,0.00505097672444441,0.006916425583905123,0.010223315238275032,0.012335471806420154,0.04140524242921386,0.031000227602024758,0.003092964145055414,0.0010770660042447521,0.0029151485187290027,0.003966519723045189,0.019113683259855137,0.0,0.0,1.1211202544569505e-06,1.0314577607229976e-05,0.0005441908413392726,0.0004144117381992919,0.00031334219008243366,0.0037726070087618444,0.001763592444304773,0.002220099009933128,0.016329977508242912,0.07454025399212778,True,True,True,38
Stage1,S1_020,2.0,0.2,0.0,0.0,46.0,1.107184374332428,0.7331086277961731,0.223064124584198,0.07872669175267219,1.2355299592018127,0.1529301807284355,0.049236560612916945,0.08676922991871834,0.03753266930580139,0.17322007119655608,0.18591518998146056,0.03663778305053711,0.33772695660591123,0.29533344209194184,0.3669395923614502,0.9287492032811488,0.658110456225012,0.0,0.0,0.5552868247032166,0.2892049700021744,0.00024303197860717774,-0.00011180788278579712,-0.00039859190583229064,-1.7237663269042968e-05,-0.0008563250303268433,-0.006964956223964691,-0.008952219784259797,0.03525670898234896,3.9440531887330774,0.04676328672181595,0.025571449804341947,0.0040371157627471415,0.005706539594959106,0.11096313371337115,0.02600932994052882,0.005583512547717029,0.006916425583905123,0.011102805801199336,0.015243756474973792,0.04140524242921386,0.03090067717245162,0.0025920546340869304,0.0009780317595030558,0.002854357884729042,0.003620516332415876,0.01998892836774466,0.0,0.0,0.00012370042517696912,0.0003255556321512038,0.0008859919439909382,0.00044408350855787865,0.000364575308667111,0.005207549873021376,0.002508925838361939,0.002222674111057203,0.022055462758647074,0.12356051610884697,True,True,True,39
Stage1,S1_013,1.0,0.2,0.0,0.0,45.4,0.9136774063110351,0.7328378140926362,0.22305651754140854,0.07885219156742096,1.2348766446113586,0.15305433422327042,0.04626399539411068,0.08676922991871834,0.04050523452460766,0.16290940791368486,0.18591518998146056,0.03767272382974625,0.3378384619951248,0.2952923893928528,0.3668691605329514,0.9287295651124161,0.6581089048763296,0.0,0.0,0.5553084015846252,0.2892615139484406,-2.778172492980957e-05,-0.00011941492557525635,-0.00027309209108352663,-0.0006705522537231445,-0.0007321715354919433,-0.0039923910051584246,-0.007917279005050659,-0.0030702684062215214,3.8930136855083823,0.03806357371169023,0.02586863284571252,0.004076769809425452,0.005814348418803959,0.11315039256210108,0.027067503166745388,0.004789316853876655,0.006916425583905123,0.010132354256142029,0.012428784751245215,0.04140524242921386,0.0326688003337565,0.002813252120241993,0.0009960341962896608,0.0029641068310996385,0.0036402504028982736,0.01998827912286004,0.0,0.0,0.0001237350059703533,0.00032364125936578617,0.0004182460924742644,0.00039967323065415606,0.00020730009963989152,0.0027135846886329335,0.0012421567764923794,0.0015917161484646186,0.011802831565235155,0.0574857529122168,True,True,True,40
Stage1,S1_009,1.0,0.01,0.0,0.0,40.9,0.9175974071025849,0.7328540921211243,0.22306788861751556,0.07886740192770958,1.2349376559257508,0.15311939492821694,0.045845259353518485,0.08676922991871834,0.04092397056519985,0.16060376316308975,0.18591518998146056,0.038354845345020296,0.3969703108072281,0.2953256070613861,0.3077040880918503,0.9192843245195281,0.6692078721669128,0.0,0.0,0.5549654841423035,0.31411955654621126,-1.150369644165039e-05,-0.0001080438494682312,-0.00025788173079490664,-0.0006095409393310547,-0.0006671108305454255,-0.0035736549645662306,-0.0072351574897766115,-0.0007821930432610327,10.159286939107051,0.03732130799395634,0.025853170736323372,0.004080174518292513,0.0058464050320037415,0.11358689573480774,0.027277527841016266,0.004816689618136437,0.006916425583905123,0.010126856041340889,0.013354221436940955,0.04140524242921386,0.032973858808286245,0.00315724676820224,0.00110983839128506,0.00294164739849204,0.003969849096128518,0.019138440629099664,0.0,0.0,9.828113302802646e-06,0.0001043923630604319,0.00033237320891965524,0.0002877850896324747,0.00022552094804980283,0.0022222130179641855,0.0010274646937895328,0.00199639494136717,0.010056697669499008,0.04534478372417289,True,True,True,41
Stage1,S1_008,1.0,0.005,0.0,0.0,40.9,0.9176927208900452,0.7328531861305236,0.22306649386882782,0.0788686878979206,1.2349404692649841,0.15312181934714317,0.0458252914249897,0.08676922991871834,0.04094393849372864,0.1605405256152153,0.18591518998146056,0.03838839381933212,0.39849348068237306,0.2952717989683151,0.3062347203493118,0.9190329088931068,0.6695072707264677,0.0,0.0,0.554749608039856,0.3146382749080658,-1.2409687042236327e-05,-0.00010943859815597534,-0.00025659576058387754,-0.0006067276000976563,-0.0006646864116191864,-0.003553687036037445,-0.0072016090154647825,-0.0009110648523313173,10.159286939107051,0.03730407181981433,0.025854341170355864,0.004080164737893099,0.005846856765372162,0.11359847536095483,0.02728289126131365,0.004813206793643116,0.006916425583905123,0.010123366970439326,0.013346165013389429,0.04140524242921386,0.03297652502482103,0.003130035368191726,0.001093622189410621,0.002929149373620104,0.003973459295441661,0.01911411626487077,0.0,0.0,4.411280659485135e-06,5.185577109633766e-05,0.0003304453275968825,0.00028776892859998747,0.00022499441108456524,0.0022091668080146095,0.0010218699246564383,0.001994447960389415,0.010001776998457087,0.04507717327522353,True,True,True,42
Stage1,S1_012,1.0,0.1,0.0,0.0,45.2,0.9157845914363861,0.732803475856781,0.22299991250038148,0.07890513241291046,1.2349491834640502,0.15312526226043702,0.04552524536848068,0.08676922991871834,0.04124398455023766,0.16114426106214524,0.18591518998146056,0.03856423944234848,0.3686610788106918,0.29607409834861753,0.33526481688022614,0.9238933646689533,0.6638878656779412,0.0,0.0,0.5570079445838928,0.303345200419426,-6.211996078491211e-05,-0.00017601996660232544,-0.00022015124559402466,-0.0005980134010314941,-0.0006612434983253479,-0.003253640979528427,-0.007025763392448425,-0.007917763258351487,4.022160834399562,0.03767094915070883,0.025904585835650463,0.004103386119491251,0.005804082492569343,0.11338342703746315,0.027179448798837415,0.004553622490415616,0.006916425583905123,0.00993306629983746,0.012336382927913702,0.04140524242921386,0.03296955430759683,0.0029311896036205475,0.0010177549092581083,0.0029294660617143406,0.0038064075698686557,0.0195544335795548,0.0,0.0,3.757986798520929e-05,0.00014839646101903224,0.0003846396835242449,0.0003721365526303945,0.00015734556087621137,0.0024397240946586454,0.0011197387178869746,0.0013395242819246372,0.010438776999559373,0.05289824700607275,True,True,True,43
Stage1,S1_011,1.0,0.05,0.0,0.0,45.2,0.9168075740337371,0.7327943861484527,0.22298577576875686,0.07891743704676628,1.2349792838096618,0.15314922481775284,0.04533306360244751,0.08676922991871834,0.041436166316270825,0.16051326990127562,0.18591518998146056,0.038754618167877196,0.3842871397733688,0.2958492964506149,0.3198635756969452,0.9213713959055749,0.6668307372926139,0.0,0.0,0.556292712688446,0.30954924821853635,-7.120966911315918e-05,-0.00019015669822692872,-0.00020784661173820496,-0.0005679130554199219,-0.0006372809410095214,-0.0030614592134952543,-0.006835384666919709,-0.009206358377971504,4.022160834399562,0.03747119699658007,0.02591526256985172,0.004103041475112144,0.005808822236049753,0.11349856887892017,0.02723286738064749,0.004518037673269009,0.006916425583905123,0.009899211849964586,0.012273061491059419,0.04140524242921386,0.03316769329868618,0.003016397085141689,0.00104224937994094,0.0029231644575397533,0.00389300671451422,0.019325851415240257,0.0,0.0,1.2040236601732779e-05,6.933085523593103e-05,0.00036516345103923363,0.00037139562704848524,0.00015168231294182958,0.0023074542006166175,0.0010635711038938312,0.0013123305428581675,0.009910961391272323,0.05020181874691967,True,True,True,44
Stage1,S1_010,1.0,0.02,0.0,0.0,41.8,0.9174057006835937,0.7328511953353882,0.22306366711854936,0.07891305387020112,1.2349852681159974,0.15315326824784278,0.045298483967781064,0.08676922991871834,0.04147074595093727,0.15970869362354279,0.18591518998146056,0.03930929899215698,0.3939014345407486,0.29543262124061587,0.31066595315933226,0.9197891805953148,0.6686113023572966,0.0,0.0,0.5553656160831452,0.3130551427602768,-1.4400482177734375e-05,-0.00011226534843444824,-0.00021222978830337524,-0.0005619287490844727,-0.0006332375109195709,-0.003026879578828812,-0.0062807038426399234,-0.001189745124611901,9.772978620211504,0.037355248057325034,0.02585597682390383,0.004087503238902914,0.005812059596905804,0.113574628941784,0.027275622540335095,0.004391474958351024,0.006916425583905123,0.009844342644177337,0.013187964634561145,0.04140524242921386,0.032811184939400745,0.0032519682105827366,0.0011489853874944544,0.0029875008908791132,0.003972200050879951,0.01918689356180094,0.0,0.0,2.3573408016547658e-05,0.00021278727364461425,0.00033916307715153724,0.00028393673995635946,0.00014567847568879865,0.0022256855162610303,0.0010214275576166168,0.001261052024410973,0.009334665440960262,0.046323995840716684,True,True,True,45
Stage1,S1_014,1.0,0.4,0.0,0.0,46.0,0.9092967569828033,0.732988715171814,0.22312213927507402,0.07882425710558891,1.2352213382720947,0.15316980108618736,0.04751511178910732,0.08676922991871834,0.039254118129611014,0.1667102962732315,0.18591518998146056,0.03825443387031555,0.2789254367351532,0.2888202786445618,0.4322542786598206,0.9375570250006706,0.6469965380437047,0.0,0.0,0.540018630027771,0.2556979298591614,0.00012311935424804687,-5.379319190979004e-05,-0.0003010265529155731,-0.00032585859298706055,-0.0006167046725749969,-0.005243507400155068,-0.007335568964481354,0.018354378492674118,3.9440531887330774,0.038812716143250985,0.025689696162497215,0.004071717808210119,0.005769559333326613,0.11232347432017796,0.026677301679429728,0.005592483397594618,0.006916425583905123,0.011158884411798733,0.015544797816988446,0.04140524242921386,0.03297407370445919,0.0021725125319136973,0.0010637409378466216,0.0027554912069898273,0.003228882001652558,0.02075898324978834,0.0,0.0,0.0004061261621366156,0.0007455597152657898,0.0007256873267546251,0.0004103699877271219,0.0002697240588383408,0.0038274830855714497,0.0018520230890325382,0.0022128866731039574,0.016878058120189103,0.10164007536945857,True,True,True,46
Stage1,S1_007,0.5,0.4,0.0,0.0,45.4,0.8146594345569611,0.7328161716461181,0.22308556139469146,0.07892684489488602,1.234989583492279,0.1532704271376133,0.04513060785830021,0.08676922991871834,0.04163862206041813,0.15855264216661452,0.18591518998146056,0.03966462761163712,0.2791166365146637,0.2887537717819214,0.4321296066045761,0.9375205032488747,0.6469932344903141,0.0,0.0,0.5400862514972686,0.2558211117982864,-4.942417144775391e-05,-9.037107229232788e-05,-0.00019843876361846924,-0.0005576133728027344,-0.0005160786211490631,-0.002859003469347954,-0.00592537522315979,-0.006357197915129925,3.8930136855083823,0.034166911972819396,0.02594416393111696,0.004093985527446947,0.005852973054000591,0.11401890499714526,0.02750423550223361,0.0047484699807546155,0.006916425583905123,0.010125885667279066,0.012469783463638183,0.04140524242921386,0.033946947534351145,0.002595924999545405,0.001052562403056011,0.0029819092002213257,0.003271369104445128,0.020758012297871848,0.0,0.0,0.0004037579374145434,0.0007362569827252043,0.000306956051393317,0.00038077405576698403,0.0001545414458373737,0.001805766920838827,0.0007973769530424055,0.0015267381834234636,0.008151541794439856,0.04244883158189745,True,True,True,47
Stage1,S1_006,0.5,0.2,0.0,0.0,45.2,0.8168309211730957,0.7327902853488922,0.22302823513746262,0.07898325696587563,1.235104751586914,0.15335314869880676,0.04437549337744713,0.08676922991871834,0.04239373654127121,0.15672904700040818,0.18591518998146056,0.04085742086172104,0.3378864943981171,0.29527525305747987,0.36683824360370637,0.9287218334944922,0.6581079761337932,0.0,0.0,0.5553177475929261,0.2892861843109131,-7.531046867370605e-05,-0.0001476973295211792,-0.00014202669262886047,-0.0004424452781677246,-0.0004333570599555969,-0.002103888988494873,-0.004732581973075867,-0.01002566867024975,4.022160834399562,0.033795556051463345,0.025974525052647825,0.004117307777394339,0.005843341285056838,0.1142611250160686,0.027621293537790092,0.0044987457928731,0.006916425583905123,0.009918627829122742,0.01233169893143116,0.04140524242921386,0.03403706287245067,0.002779626007959186,0.0010049303415045876,0.0029397330819745855,0.003626538735745177,0.019988041351454593,0.0,0.0,0.00012670220590037368,0.00033202585491539624,0.0002721031124881214,0.0003549789639427178,9.791690948601185e-05,0.001508031448341357,0.000666390063154433,0.0012322019366801786,0.0067212493594136806,0.03768407639516216,True,True,True,48
Stage1,S1_005,0.5,0.1,0.0,0.0,44.7,0.8178765177726746,0.7327634155750274,0.2230374664068222,0.0789867252111435,1.2351813435554504,0.15336986854672433,0.04426589645445347,0.08676922991871834,0.04250333346426487,0.15617040991783143,0.18591518998146056,0.0410901129245758,0.3687035232782364,0.29605698883533477,0.33523949384689333,0.9238855480547071,0.6638873992083102,0.0,0.0,0.5570125579833984,0.3033635407686234,-0.00010218024253845215,-0.00013846606016159057,-0.00013855844736099243,-0.00036585330963134766,-0.00041663721203804015,-0.001994292065501213,-0.0044998899102211,-0.013834229029022083,3.6530048514126623,0.03360153504399864,0.02600660823159453,0.004110157069984906,0.0058487658194195415,0.11436468229555957,0.02769302649834053,0.004329661640421727,0.006916425583905123,0.009838783277568042,0.011981523603301326,0.04140524242921386,0.034255215185083086,0.0029528166647079137,0.001025933210727591,0.0029367184117293542,0.0038112454842550744,0.019556094446476078,0.0,0.0,3.437917741235863e-05,0.00013542184405789887,0.00029360760119770553,0.00030392590986441046,8.947290277111683e-05,0.0013811679951326497,0.0005952901355583697,0.0011685328010485327,0.006268745121470042,0.04092204138379901,True,True,True,49
Stage1,S1_004,0.5,0.05,0.0,0.0,41.8,0.8183800756931305,0.7328376710414887,0.22309092581272125,0.07899561300873756,1.2351525187492371,0.1533951722085476,0.044124796986579895,0.08676922991871834,0.042644432932138446,0.1553011104464531,0.18591518998146056,0.04179484397172928,0.38475304245948794,0.2956422358751297,0.3196047157049179,0.9212815370951246,0.6668282232345577,0.0,0.0,0.556322306394577,0.30973531007766725,-2.7924776077270508e-05,-8.500665426254272e-05,-0.00012967064976692199,-0.0003946781158447266,-0.00039133355021476747,-0.0018531925976276397,-0.0037951588630676268,-0.003364450706657328,9.772978620211504,0.033507689035745296,0.025930864481792427,0.004100686169271715,0.005851268927277346,0.11445905811577708,0.027712581389117575,0.0043535500498836244,0.006916425583905123,0.009833831205868278,0.013084892684622916,0.04140524242921386,0.03377374503753068,0.0036103266903447606,0.0013282822471202273,0.0031430342866721043,0.003967430892412347,0.019330110665765853,0.0,0.0,8.909002061152371e-05,0.0005573628527292467,0.00019877049399248155,0.0002557153225626092,8.647106196566291e-05,0.0012878042745728215,0.0005712370422895553,0.0011560165063742662,0.005557687036814849,0.027101971914586437,True,True,True,50
Stage1,S1_003,0.5,0.02,0.0,0.0,41.8,0.8186692774295807,0.7328356444835663,0.22308616787195207,0.07900006398558616,1.2351670503616332,0.1534048743546009,0.044061565026640895,0.08676922991871834,0.042707664892077446,0.15509484708309174,0.18591518998146056,0.04190206527709961,0.3939030855894089,0.29543239176273345,0.31066452264785765,0.9197889178422557,0.6686115757033411,0.0,0.0,0.5553656280040741,0.3130558103322983,-2.995133399963379e-05,-8.976459503173828e-05,-0.0001252196729183197,-0.00038014650344848634,-0.0003816314041614532,-0.0017899606376886369,-0.003687937557697296,-0.003656712778141456,9.772978620211504,0.03345824993527196,0.025934414408601676,0.004100547202038573,0.005852809112866845,0.11449640951826953,0.02773014269760128,0.004342079677127542,0.006916425583905123,0.009822852836389338,0.013056625710800358,0.04140524242921386,0.03380613988702628,0.0032521419389749257,0.0011489674805235095,0.002987316074670619,0.0039722597398434934,0.019186815732586564,0.0,0.0,2.3638541337736854e-05,0.0002131139776616988,0.00019228030621389736,0.0002556676043867116,8.491950093598088e-05,0.001245468260527889,0.0005528122549582881,0.0011478512114130783,0.005377258889628209,0.026199701760722525,True,True,True,51
Stage1,S1_002,0.5,0.01,0.0,0.0,41.8,0.8187647521495819,0.7328349709510803,0.22308457642793655,0.07900154888629914,1.2351720452308654,0.15340813547372817,0.04404052197933197,0.08676922991871834,0.042728707939386365,0.15502606928348542,0.18591518998146056,0.04193779230117798,0.39695900678634644,0.2953310489654541,0.30770995318889616,0.9192861573047271,0.66920867130274,0.0,0.0,0.554965078830719,0.31411547362804415,-3.06248664855957e-05,-9.135603904724121e-05,-0.0001237347722053528,-0.0003751516342163086,-0.0003783702850341797,-0.001768917590379715,-0.003652210533618927,-0.003753862801328501,9.772978620211504,0.03344174399783539,0.025935598526987853,0.0041005056255481115,0.0058533192087435884,0.1145088464449156,0.027736004915451536,0.004338280387183489,0.006916425583905123,0.00981921280101737,0.013047184417537456,0.04140524242921386,0.033817228397143635,0.003169517890059395,0.001108517924480008,0.0029492636588804248,0.003974546810557835,0.019138395752232907,0.0,0.0,9.828322158481385e-06,0.0001049820534291933,0.00019013335206161824,0.00025564438743354637,8.440961577631832e-05,0.001231451090559163,0.0005466698713707397,0.0011451788629665803,0.0053172157652460784,0.025901289208028106,True,True,True,52
Stage1,S1_001,0.5,0.005,0.0,0.0,41.8,0.8188123047351837,0.7328346490859985,0.22308377921581268,0.0790022924542427,1.2351744771003723,0.15340977609157563,0.04403000324964523,0.08676922991871834,0.04273922666907311,0.15499168783426284,0.18591518998146056,0.04195564240217209,0.3984878987073898,0.29527451992034914,0.30623759329319,0.9190338126416989,0.6695077087966564,0.0,0.0,0.5547494709491729,0.31463633179664613,-3.0946731567382815e-05,-9.215325117111206e-05,-0.00012299120426177977,-0.00037271976470947265,-0.0003767296671867371,-0.0017583988606929778,-0.0036343604326248167,-0.003800456609439835,9.772978620211504,0.03343349008104177,0.025936202745617903,0.0041004831305311955,0.0058535732807901255,0.11451505776875077,0.02773893772645964,0.004336389909908784,0.006916425583905123,0.009817401256358046,0.013042472050577474,0.04140524242921386,0.03382284015127626,0.0031362547307789944,0.0010929696101566726,0.0029329787911948446,0.003975819583672808,0.019114067831015148,0.0,0.0,4.4247768093365995e-06,5.221478620935694e-05,0.00018906838813458458,0.0002556378942483017,8.415693803823533e-05,0.0012244210901024236,0.0005435983391744242,0.0011438555814663872,0.005287228926906675,0.025753196140171988,True,True,True,53
Stage1,S1_053,8.0,0.05,0.0,0.0,45.4,2.2918184757232667,0.734145188331604,0.22293417751789094,0.07844625636935235,1.2393256306648255,0.15235892906785012,0.054208210483193395,0.08676922991871834,0.03256101943552494,0.19053369164466857,0.18591518998146056,0.03377567529678345,0.3842569887638092,0.295856711268425,0.31988629698753357,0.9213760760758625,0.6668291112130834,0.0,0.0,0.5562913119792938,0.30953729450702666,0.001279592514038086,-0.00024175494909286498,-0.0006790272891521454,0.0037784337997436523,-0.0014275766909122467,-0.011936606094241142,-0.011814327538013458,0.17792334090358597,3.8930136855083823,0.09540748819795042,0.02532236457263406,0.003876388321868836,0.005566588891323365,0.10764154956366379,0.02440143704465449,0.0051754428247250996,0.006916425583905123,0.010242659786098174,0.011932679389130472,0.04140524242921386,0.02691447571330634,0.003027640356185139,0.0010425017106695635,0.002933394120275567,0.00389639882132938,0.01932587261074531,0.0,0.0,1.1406613681787188e-05,6.572889339226656e-05,0.001182593628303857,0.0006034043104735873,0.0005667942798252559,0.008940996075104317,0.003940453841976304,0.002228512491938396,0.03581916256074482,0.16474091801155394,True,False,False,54
Stage1,S1_050,8.0,0.005,0.0,0.0,44.3,2.2992584466934205,0.73408163189888,0.22289368659257888,0.07844659611582756,1.2390477299690246,0.15236464217305185,0.05405156202614307,0.08676922991871834,0.03271766789257526,0.18940151631832122,0.18591518998146056,0.03307560086250305,0.3984444260597229,0.29529347121715543,0.30626211762428285,0.9190422917752187,0.669507265594939,0.0,0.0,0.5547482252120972,0.314620178937912,0.001216036081314087,-0.00028224587440490724,-0.0006786875426769256,0.003500533103942871,-0.0014218635857105254,-0.011779957637190818,-0.012514401972293854,0.16927004416662322,5.53875236653326,0.0939284288414212,0.025313564552026806,0.0038892799995050883,0.0055970572853049775,0.10800828913044665,0.02455442993874597,0.005521065498637879,0.006916425583905123,0.010434995257711504,0.011950257409089206,0.04140524242921386,0.02725083716620599,0.0030932028056297697,0.001077205266882061,0.0029155771908335603,0.003966530188344143,0.019113686746954916,0.0,0.0,1.064313402701676e-06,1.0180198798244037e-05,0.0011255410391619275,0.0005914115238436483,0.000571536966655488,0.008526026042924332,0.003779809670176231,0.0028782515805060005,0.03479178990908899,0.15676374674552465,True,False,False,55
Stage1,S1_051,8.0,0.01,0.0,0.0,44.3,2.2984424352645876,0.7340941190719604,0.22289747446775438,0.07844432890415191,1.239083743095398,0.1523663431406021,0.054118828102946284,0.08676922991871834,0.03265040181577206,0.18959663510322572,0.18591518998146056,0.03308336734771729,0.3968724340200424,0.29536877274513246,0.3077588021755219,0.9193030375796578,0.6692079438830639,0.0,0.0,0.5549623489379882,0.3140831500291824,0.0012285232543945313,-0.00027845799922943115,-0.0006809547543525696,0.003536546230316162,-0.0014201626181602478,-0.011847223713994026,-0.01250663548707962,0.1709976458006621,5.53875236653326,0.09409294090928502,0.025308676461612025,0.0038884878012325204,0.005595386014750223,0.10796848162256999,0.02453792689454637,0.005533183185416339,0.006916425583905123,0.010447243498607314,0.011959125762543482,0.04140524242921386,0.027290077513461127,0.0030780816326799305,0.00107388582817451,0.002912718691061758,0.003955881137909096,0.019137539396811235,0.0,0.0,2.276241997066024e-06,2.0533202003366652e-05,0.0011328496400983279,0.0005919526596755972,0.000573523431024637,0.008571739120578332,0.0037969850643192428,0.0028858846243386186,0.034972711659987006,0.15780165867040885,True,False,False,56
Stage1,S1_052,8.0,0.02,0.0,0.0,44.3,2.2968023300170897,0.7341194093227387,0.22290505915880204,0.07843989804387093,1.2391562342643738,0.15236998423933984,0.05425336956977844,0.08676922991871834,0.0325158603489399,0.18998828381299973,0.18591518998146056,0.033101548254489896,0.39373065531253815,0.29550729393959047,0.3107620388269424,0.9198225452065512,0.6686103050134065,0.0,0.0,0.5553589940071106,0.31299041509628295,0.0012538135051727295,-0.0002708733081817627,-0.0006853856146335601,0.003609037399291992,-0.001416521519422531,-0.011981765180826187,-0.012488454580307007,0.17449576522709237,5.53875236653326,0.09442384813776981,0.02529895784115756,0.003886900143203467,0.005592007193822326,0.10788924757627688,0.024504932457829226,0.005557522815838819,0.006916425583905123,0.010471827237209557,0.011980313470148314,0.04140524242921386,0.027375292751262253,0.0030484600790818927,0.0010680908403005497,0.002907136284162728,0.00393453523791662,0.019185027690790224,0.0,0.0,5.31182587618175e-06,4.1758420290949717e-05,0.0011475322977254178,0.000593015983578588,0.000577545442362794,0.008662881758815123,0.00383132789511139,0.0029012697112869193,0.035338991161237586,0.15988609248269137,True,False,False,57
Stage1,S1_046,6.0,0.05,0.0,0.0,45.4,1.899269425868988,0.7337286174297333,0.22294228076934813,0.07850699424743653,1.2377598524093627,0.15239720717072486,0.05275587551295757,0.08676922991871834,0.03401335440576077,0.18589179068803788,0.18591518998146056,0.03388325721025467,0.38426052033901215,0.29585607051849366,0.3198834091424942,0.9213755306987427,0.6668294215642497,0.0,0.0,0.5562914490699769,0.3095386952161789,0.0008630216121673584,-0.00023365169763565064,-0.0006182894110679626,0.0022126555442810057,-0.0013892985880374908,-0.010484271124005318,-0.011706745624542237,0.12056538536047898,3.8930136855083823,0.07870190961849059,0.025425548758103378,0.003923781988575802,0.005609490981378981,0.10856321411379356,0.024829987791526134,0.005077366172743848,0.006916425583905123,0.01020224141969133,0.012039583517369822,0.04140524242921386,0.026586160303482605,0.003027325758686476,0.0010422663110682092,0.0029327037587693065,0.003896424239929017,0.019325868489827116,0.0,0.0,1.1463178341331215e-05,6.609975120224112e-05,0.0010558550910445767,0.0005568472254218164,0.0005079014762910159,0.007830467847981545,0.0035082241350475616,0.002089023025827106,0.03158991358837414,0.14629435518178593,True,False,False,58
Stage1,S1_043,6.0,0.005,0.0,0.0,44.3,1.9048205018043518,0.7336800158023834,0.22290104925632476,0.07850760594010353,1.237577450275421,0.1524105705320835,0.05261729098856449,0.08676922991871834,0.03415193893015385,0.1848636031150818,0.18591518998146056,0.033205938339233396,0.39844480752944944,0.29529339969158175,0.30626179873943327,0.919042231743665,0.6695073043204698,0.0,0.0,0.5547482252120972,0.3146203219890594,0.0008144199848175049,-0.0002748832106590271,-0.0006176777184009552,0.0020302534103393555,-0.0013759352266788482,-0.010345686599612236,-0.012384064495563507,0.11391813575394143,5.53875236653326,0.07758962216559874,0.025425672174887073,0.003937534693835042,0.0056383853878327235,0.10889634430157503,0.024971928021468512,0.00539942607774245,0.006916425583905123,0.010379483180973391,0.01206422291881827,0.04140524242921386,0.027135576300841856,0.003093155088944495,0.0010771819873779858,0.002915491988891479,0.003966526634884237,0.019113684992774688,0.0,0.0,1.0665364366658229e-06,1.0198732299192627e-05,0.0009998836714083927,0.0005425908395947801,0.0005163520438601578,0.00745366962653342,0.0033592635697117404,0.002714302852537097,0.030704311409845864,0.13844666783043028,True,False,False,59
Stage1,S1_044,6.0,0.01,0.0,0.0,44.3,1.9042109370231628,0.7336893498897552,0.22290456742048265,0.07850528433918953,1.2376007676124572,0.15241078585386275,0.05267818421125412,0.08676922991871834,0.03409104570746422,0.18504582047462464,0.18591518998146056,0.033214378356933597,0.3968731969594955,0.29536864161491394,0.30775816142559054,0.9193029203675559,0.6692080232241588,0.0,0.0,0.5549623310565949,0.3140834361314774,0.000823754072189331,-0.00027136504650115967,-0.0006199993193149566,0.002053570747375488,-0.0013757199048995972,-0.010406579822301865,-0.012375624477863311,0.11521175005762237,5.53875236653326,0.07771406482999167,0.025421510469713443,0.003936987764072477,0.0056368923156668105,0.108860097367685,0.024956489795984815,0.005410171828236988,0.006916425583905123,0.01039034677724301,0.012074962479528736,0.04140524242921386,0.02713937805614634,0.003077967811891282,0.0010738508423545165,0.002912526312007538,0.003955876309201522,0.019137539773780975,0.0,0.0,2.2931139343713334e-06,2.05720425471848e-05,0.001006326990813793,0.0005429562383025056,0.0005182023951965635,0.007494938445480079,0.0033753086825727627,0.0027210626355394663,0.030867760530740817,0.1393555293339948,True,False,False,60
Stage1,S1_045,6.0,0.02,0.0,0.0,44.3,1.90298730134964,0.7337081372737885,0.22291162312030793,0.07850068509578705,1.237647831439972,0.1524113819003105,0.05279991440474987,0.08676922991871834,0.033969315513968465,0.18540939092636108,0.18591518998146056,0.03323124945163727,0.3937321752309799,0.2955070286989212,0.3107607960700989,0.9198223116463934,0.6686104498903832,0.0,0.0,0.5553590059280396,0.31299097537994386,0.0008425414562225342,-0.0002643093466758728,-0.0006245985627174377,0.002100634574890137,-0.0013751238584518433,-0.010528310015797616,-0.012358753383159638,0.11781530915053476,5.53875236653326,0.0779628516075944,0.02541317962002552,0.0039359097497759146,0.005633897764855634,0.10878749977705829,0.024925678927611935,0.0054317926751143875,0.006916425583905123,0.010412145336130576,0.01209651792651107,0.04140524242921386,0.027151158360198758,0.0030482545686121615,0.0010679894870841687,0.0029067755398799783,0.003934523471145331,0.019185026034826583,0.0,0.0,5.3354943503046464e-06,4.191736449524239e-05,0.0010192306333552106,0.0005436643085813043,0.0005218999916565126,0.0075776746508004955,0.003407344506574734,0.0027347802196273957,0.031194799238620244,0.14117605733144725,True,False,False,61
Stage1,S1_039,5.0,0.05,0.0,0.0,45.4,1.7029318332672119,0.7335143268108368,0.22294936329126358,0.07854783385992051,1.236970031261444,0.15243742018938064,0.05184278450906277,0.08676922991871834,0.034926445409655574,0.18287768959999084,0.18591518998146056,0.033943405747413634,0.38426271378993987,0.2958556979894638,0.3198815882205963,0.9213751915440337,0.666829626717794,0.0,0.0,0.5562915325164794,0.3095395565032959,0.000648730993270874,-0.00022656917572021483,-0.0005774497985839844,0.0014228343963623047,-0.001349085569381714,-0.009571180120110512,-0.01164659708738327,0.09101255660200881,3.8930136855083823,0.07036697305275524,0.025489204894898917,0.003950387121763768,0.005636911440068203,0.10915763136728901,0.02511068772466184,0.005018706104169036,0.006916425583905123,0.010178142375906762,0.012094211476845824,0.04140524242921386,0.02684692000250261,0.0030271205209505187,0.001042110416606143,0.002932270078504523,0.003896441394006351,0.01932586794608109,0.0,0.0,1.147433017959629e-05,6.635050835338509e-05,0.0009722276177685622,0.0005301275805900862,0.0004696105005786567,0.00713387973579595,0.003224659776282888,0.0020055285513520685,0.02894119792086203,0.13432570517677592,True,False,False,62
Stage1,S1_038,5.0,0.02,0.0,0.0,44.3,1.7060186505317687,0.7334953427314759,0.2229173257946968,0.07854153066873551,1.2368827700614928,0.15245305076241494,0.05188910663127899,0.08676922991871834,0.03488012328743935,0.18244852721691132,0.18591518998146056,0.033303022384643555,0.3937331050634384,0.2955068737268448,0.31076001524925234,0.9198221681312058,0.6686105492532153,0.0,0.0,0.5553590059280396,0.3129913240671158,0.0006297469139099121,-0.0002586066722869873,-0.0005837529897689819,0.0013355731964111329,-0.0013334549963474273,-0.009617502242326737,-0.012286980450153352,0.08844425605327225,5.53875236653326,0.06975057345997777,0.025482316435515375,0.00396321351552479,0.005660592627402715,0.10936395350125613,0.025200432217797237,0.005356543838872199,0.006916425583905123,0.010376714486175408,0.012159184018193258,0.04140524242921386,0.027455858488678514,0.003048106283997135,0.0010679263921264046,0.002906544201549524,0.003934517122243569,0.019185027185200647,0.0,0.0,5.3739022373922735e-06,4.1984296488794355e-05,0.0009372139476771868,0.0005153861286188473,0.0004857845559518137,0.006900267920636726,0.0031301402840644456,0.0026345272618714367,0.028614563442301472,0.12941788677246222,True,False,False,63
Stage1,S1_037,5.0,0.01,0.0,0.0,44.3,1.7070349335670472,0.7334800124168396,0.2229106456041336,0.07854615598917007,1.2368488907814026,0.15245416834950448,0.05177614241838455,0.08676922991871834,0.03499308750033379,0.1821063533425331,0.18591518998146056,0.03328690379858017,0.3968736618757248,0.29536856412887574,0.3077577590942383,0.9193028474090804,0.6692080743227146,0.0,0.0,0.5549623310565949,0.3140835970640182,0.0006144165992736817,-0.0002652868628501892,-0.0005791276693344116,0.0013016939163208007,-0.0013323374092578887,-0.009504538029432297,-0.012303099036216736,0.08631662441401225,5.53875236653326,0.06954316777721012,0.02548983075498706,0.003964037673103704,0.005663337390440921,0.10943153754705091,0.025229491119955386,0.005336668170311228,0.006916425583905123,0.010356684744226696,0.01213760296202857,0.04140524242921386,0.027485579363874777,0.003077892576067217,0.0010738079604159009,0.0029123970853120362,0.003955873373290709,0.019137537112979545,0.0,0.0,2.3053037636993074e-06,2.06202642140081e-05,0.0009254005486512226,0.000514836652368339,0.0004823324625891818,0.00682354111008327,0.0030999374314637207,0.0026219630142329804,0.02831763127852416,0.12775681245360976,True,False,False,64
Stage1,S1_036,5.0,0.005,0.0,0.0,44.3,1.7075412034988404,0.7334723889827728,0.22290731817483903,0.07854848504066467,1.2368321657180785,0.15245480984449386,0.05171965323388576,0.08676922991871834,0.03504957668483257,0.18193495273590088,0.18591518998146056,0.03327883780002594,0.39844504594802854,0.29529336392879485,0.30626159608364106,0.9190421949581085,0.6695073325694342,0.0,0.0,0.5547482192516326,0.31462040543556213,0.0006067931652069091,-0.0002686142921447754,-0.0005767986178398133,0.0012849688529968262,-0.0013316959142684937,-0.00944804884493351,-0.012311165034770966,0.08525853571967981,5.53875236653326,0.06943944509215702,0.025493583639982987,0.003964450243649898,0.005664708361797181,0.10946538476497611,0.02524404769388327,0.0053267903093886845,0.006916425583905123,0.010346705182344642,0.01212685747134244,0.04140524242921386,0.02750228139250992,0.0030931190332168256,0.001077167380792741,0.0029154220074220165,0.003966525901415747,0.019113685158163793,0.0,0.0,1.0550938791970904e-06,1.0223060587770476e-05,0.0009195083420020583,0.0005145574072330894,0.00048060534912439194,0.00678517463145047,0.0030848114235534434,0.0026157704843701836,0.028169428177440486,0.1269285508988948,True,False,False,65
Stage1,S1_033,4.0,0.1,0.0,0.0,45.4,1.5023563385009766,0.7333618819713592,0.22298944890499114,0.07857760637998581,1.236331033706665,0.15249326974153518,0.051254155859351155,0.08676922991871834,0.03551507405936718,0.18074705302715302,0.18591518998146056,0.03408849239349365,0.36861841678619384,0.2960860937833786,0.33529548048973085,0.9239000376624947,0.6638866747911643,0.0,0.0,0.5570035755634308,0.30332660377025605,0.0004962861537933349,-0.00018648356199264527,-0.0005476772785186768,0.000783836841583252,-0.001293236017227173,-0.008982551470398902,-0.011501510441303254,0.06998977703010549,3.8930136855083823,0.06286554857627034,0.025534866631482737,0.003977756145378398,0.0056576261878809216,0.10958620016327944,0.025328010887572305,0.005044378871818206,0.006916425583905123,0.010240166315721456,0.012260142934744384,0.04140524242921386,0.02739162011914555,0.0029510026298979384,0.0010159509349205126,0.002945565583122262,0.0038132705655833207,0.01955450994348693,0.0,0.0,3.617090296368646e-05,0.00014261939528002968,0.0009250201714199297,0.0005017820933723617,0.0004384648890451555,0.006640465916635682,0.003009330990210447,0.0019687074210085285,0.027149230798963832,0.12758097151953918,True,False,False,66
Stage1,S1_032,4.0,0.05,0.0,0.0,45.4,1.5065385460853578,0.7333016276359559,0.22295843809843063,0.07859964594244957,1.2362170696258545,0.15250455737113952,0.05075270272791386,0.08676922991871834,0.03601652719080448,0.17919789552688598,0.18591518998146056,0.03401779532432556,0.3842653453350067,0.2958552658557892,0.31987938582897185,0.9213747888277805,0.6668298827473258,0.0,0.0,0.5562916576862336,0.309540593624115,0.00043603181838989256,-0.0002174943685531616,-0.0005256377160549163,0.0006698727607727051,-0.0012819483876228333,-0.008481098338961601,-0.011572207510471343,0.061629494223668355,3.8930136855083823,0.062053059293391805,0.025563600981779462,0.003978430868290625,0.005669961833701958,0.10989027152003059,0.025459667180485025,0.004955653631982756,0.006916425583905123,0.010152613626942013,0.012154918394147028,0.04140524242921386,0.02766430945590769,0.003026870792967597,0.0010419055578776717,0.002931737342117028,0.0038964636136085665,0.01932586869600707,0.0,0.0,1.1535241593341052e-05,6.66322611003557e-05,0.0008698536180480929,0.0005013490014281995,0.0004220918575921026,0.0062926567781762125,0.002871819098492395,0.001910304644783253,0.025856207484705324,0.11984031753335259,True,False,False,67
Stage1,S1_031,4.0,0.02,0.0,0.0,44.3,1.5089977979660034,0.7332847476005554,0.22292582988739013,0.07859303876757621,1.2361592531204224,0.1525212436914444,0.05080521702766418,0.08676922991871834,0.03596401289105415,0.17883972078561783,0.18591518998146056,0.033392615616321564,0.39373422861099244,0.2955067068338394,0.31075906455516816,0.9198219963574654,0.668610672087867,0.0,0.0,0.555359023809433,0.31299175322055817,0.00041915178298950194,-0.0002501025795936584,-0.0005322448909282684,0.0006120562553405762,-0.0012652620673179627,-0.00853361263871193,-0.012197387218475342,0.059321204453760615,5.53875236653326,0.06155932704195177,0.025563336070343574,0.003993287941305907,0.005692650449589003,0.11007492636006093,0.02554143448733588,0.005274304723669213,0.006916425583905123,0.010338636902431505,0.012227549808886845,0.04140524242921386,0.028294614506958596,0.0030479472689548346,0.001067839824989118,0.0029062540135227177,0.003934510118850865,0.019185027382696798,0.0,0.0,5.402039395657067e-06,4.208677981236295e-05,0.000837328195686066,0.00048447298387179394,0.00044119169513557027,0.006082776394750717,0.002785802366765951,0.0025194074249728264,0.02561881796134864,0.11527494066214576,True,False,False,68
Stage1,S1_030,4.0,0.01,0.0,0.0,44.3,1.5098074913024901,0.733272933959961,0.22291968017816544,0.07859763950109482,1.2361380100250243,0.15252427086234094,0.050703031942248344,0.08676922991871834,0.036066197976469996,0.1785254493355751,0.18591518998146056,0.03337878435850143,0.39687423706054686,0.29536848068237304,0.30775728821754456,0.9193027622388869,0.6692081413102217,0.0,0.0,0.5549623370170593,0.31408380568027494,0.00040733814239501953,-0.00025625228881835936,-0.000527644157409668,0.000590813159942627,-0.0012622348964214324,-0.00843142755329609,-0.012211218476295471,0.05767836980738028,5.53875236653326,0.061393394918726286,0.025569872622703577,0.003993947469235298,0.005695090719808634,0.11013588083992369,0.0255680644325344,0.005256374648599634,0.006916425583905123,0.01032066722802627,0.01220579652480247,0.04140524242921386,0.02836382908855665,0.0030778076982868243,0.0010737623334117956,0.0029122529658873074,0.003955869726814289,0.01913753810492032,0.0,0.0,2.3144551704117485e-06,2.068682435506653e-05,0.0008268711395031163,0.00048404630710417496,0.0004380702313019502,0.006013761281951073,0.002758088423178248,0.002508232856808183,0.025362585857559763,0.11380981866664228,True,False,False,69
Stage1,S1_029,4.0,0.005,0.0,0.0,44.3,1.5102108359336852,0.7332670867443085,0.22291658967733383,0.07859993502497672,1.2361278295516969,0.15252577885985374,0.050652146339416504,0.08676922991871834,0.03611708357930184,0.17836876660585405,0.18591518998146056,0.03337121158838272,0.3984453320503235,0.29529331624507904,0.3062613487243652,0.9190421525769586,0.669507368947673,0.0,0.0,0.5547482192516326,0.3146205097436905,0.0004014909267425537,-0.0002593427896499634,-0.0005253486335277558,0.0005806326866149902,-0.001260726898908615,-0.008380541950464249,-0.012218791246414184,0.056864999130685046,5.53875236653326,0.0613103586185874,0.025573165285674902,0.0039942317129285886,0.0056963068796608346,0.11016640666613371,0.025581384831020872,0.005247530064064351,0.006916425583905123,0.010311746797599115,0.012195176345041615,0.04140524242921386,0.02840035294409295,0.0030930702152083102,0.0010771308601005675,0.0029153621798608587,0.003966523285433418,0.0191136871899039,0.0,0.0,1.071429297165872e-06,1.0258612287032335e-05,0.0008216432233549853,0.0004838436862677224,0.00043650768676233297,0.00597924630383608,0.002744245900214227,0.0025027114242579035,0.025235455325490114,0.11307779698165825,True,False,False,70
Stage1,S1_054,8.0,0.1,0.0,0.0,46.0,2.283343696594238,0.7343648314476013,0.22296740859746933,0.0784544125199318,1.2401981592178344,0.15259134992957116,0.055230019614100456,0.08676922991871834,0.031539210304617885,0.19357408583164215,0.18591518998146056,0.03499087691307068,0.36855500340461733,0.29610945880413053,0.3353355497121811,0.9239108920639815,0.6638870275774236,0.0,0.0,0.5569968223571777,0.3032992213964462,0.0014992356300354004,-0.00020852386951446532,-0.0006708711385726929,0.004650962352752685,-0.001195155829191208,-0.012958415225148201,-0.010599125921726228,0.2086683161981729,3.9440531887330774,0.0970306069613025,0.02516030464430406,0.003872926690628251,0.005509036280101405,0.10679511486369388,0.024046818536408863,0.005714021706461539,0.006916425583905123,0.011008844584796404,0.014178451521234623,0.04140524242921386,0.02938516425730258,0.002843065403161243,0.0009997681523640316,0.0028944880141434782,0.0038038699458796082,0.01955487521368897,0.0,0.0,3.631999898453276e-05,0.00014271545776672531,0.0014074695207267145,0.0006025686992741317,0.0006488403466869588,0.009826532189260669,0.004452679704131158,0.0024871172555033625,0.039412456235270836,0.19752936294767595,True,False,False,71
Stage1,S1_047,6.0,0.1,0.0,0.0,46.0,1.8929482460021974,0.7339212656021118,0.22297598123550416,0.07851262018084526,1.2384990096092223,0.15261382833123208,0.0537445392459631,0.08676922991871834,0.03302469067275524,0.18885424137115478,0.18591518998146056,0.03513891398906708,0.3685616791248322,0.2961081385612488,0.3353301793336868,0.9239098520267882,0.6638874993715994,0.0,0.0,0.5569975018501282,0.3033021122217178,0.0010556697845458985,-0.00019995123147964478,-0.0006126634776592255,0.002951812744140625,-0.0011726774275302887,-0.011472934857010841,-0.010451088845729827,0.14762724528841678,3.9440531887330774,0.07992123125298341,0.025262472684525382,0.0039204379913280645,0.005555299262997079,0.10775398523038028,0.024483862023994662,0.005650546393729793,0.006916425583905123,0.011009542122586037,0.014438035276886372,0.04140524242921386,0.028627149488732604,0.0028421697425893956,0.0009993654085664625,0.002893050645704113,0.0038038841520384396,0.019554863191067202,0.0,0.0,3.6463790109388065e-05,0.00014342927204503874,0.0012860672874382617,0.0005573390037601101,0.0005855424403759872,0.00870726892209124,0.004019872423422557,0.002386934153333402,0.03516572497247976,0.17980878745183104,True,False,False,72
Stage1,S1_040,5.0,0.1,0.0,0.0,46.0,1.6976816773414611,0.7336915493011474,0.22298272848129272,0.07855234816670417,1.2376381635665894,0.15264530926942826,0.052804939448833466,0.08676922991871834,0.033964290469884875,0.18577881306409835,0.18591518998146056,0.03523139506578445,0.3685658574104309,0.2961073577404022,0.3353267937898636,0.9239092060033691,0.6638878129339344,0.0,0.0,0.5569979250431061,0.30330394208431244,0.000825953483581543,-0.00019320398569107057,-0.0005729354918003083,0.0020909667015075683,-0.0011411964893341064,-0.01053333505988121,-0.010358607769012452,0.11596412054209271,3.9440531887330774,0.07138363795996316,0.025326740173746417,0.00394705887483171,0.005585255665373864,0.10837584642481118,0.02477126642934525,0.0056116977551119536,0.006916425583905123,0.011007941170241469,0.01457229558276848,0.04140524242921386,0.028576858415180165,0.0028416045948501567,0.0009990887744447362,0.002892143044454626,0.0038038932656033614,0.01955485955231901,0.0,0.0,3.656514071415921e-05,0.00014390633054438306,0.0012045528661032247,0.000531889796206608,0.0005437644922563075,0.007999640838022716,0.0037334353785408426,0.0023290128042607492,0.03249121693482874,0.16811832864974424,True,False,False,73
Stage1,S1_055,8.0,0.2,0.0,0.0,46.5,2.265856456756592,0.734668779373169,0.22305457890033722,0.07841459363698959,1.2411823391914367,0.15268025621771814,0.05672839842736721,0.08676922991871834,0.030040831491351127,0.19754224866628647,0.18591518998146056,0.03563394397497177,0.3375962197780609,0.29537656009197233,0.3670272171497345,0.9287709492219806,0.6581107651206799,0.0,0.0,0.5552610039710999,0.2891381621360779,0.0018031835556030274,-0.00012135356664657592,-0.0007106900215148926,0.0056351423263549805,-0.0011062495410442351,-0.014456794038414955,-0.009956058859825135,0.25057687911138166,3.8369548110737792,0.10027091209998863,0.02507348494112782,0.003845104405723736,0.005472314095835764,0.10648104321632051,0.02378686429732755,0.005720187204503275,0.006916425583905123,0.011059524148447084,0.014158068057213657,0.04140524242921386,0.02948918678801903,0.002622018495974009,0.0009762401955651716,0.0028791386226604543,0.003635392759367354,0.019983949288158415,0.0,0.0,0.00012040332597478101,0.000317093680723538,0.0015408476463818837,0.000614904275225559,0.0007018430538370267,0.010237929229509562,0.004737044389561877,0.0027220771043812114,0.04244129861124439,0.21680338932641968,True,False,False,74
Stage1,S1_048,6.0,0.2,0.0,0.0,46.5,1.8799015760421753,0.734148371219635,0.22304752022027968,0.07847266644239426,1.2392300367355347,0.15268291607499124,0.05509890653192997,0.08676922991871834,0.031670323386788365,0.19255628883838655,0.18591518998146056,0.03503809869289398,0.3376085102558136,0.2953739434480667,0.36701755225658417,0.928768991737018,0.6581113615148663,0.0,0.0,0.5552635490894318,0.2891444593667984,0.0012827754020690919,-0.00012841224670410157,-0.0006526172161102295,0.003682839870452881,-0.0011035896837711333,-0.012827302142977715,-0.010551904141902924,0.1790055863438606,3.8369548110737792,0.08235058473884789,0.025183587585567015,0.003915221857829854,0.00552225764910487,0.10749472002189706,0.02425537156569743,0.005655876537329644,0.006916425583905123,0.01106041636628966,0.014440776342043653,0.04140524242921386,0.02910610016304934,0.0026207206415741376,0.0009756994828918225,0.002876972825863402,0.0036354260953656873,0.01998393522887634,0.0,0.0,0.00012110567448068518,0.0003185982899760092,0.0014141721958481539,0.0005622013713309653,0.0006321611027952743,0.009052166951989907,0.004273431027078535,0.0025809656698269636,0.0385790516255819,0.19814493831035074,True,False,False,75
Stage1,S1_041,5.0,0.2,0.0,0.0,46.5,1.686849093437195,0.7338763535022735,0.22304342538118363,0.07851276695728301,1.2382333397865295,0.15270116552710533,0.05406070277094841,0.08676922991871834,0.03270852714776993,0.1892606422305107,0.18591518998146056,0.035159741342067716,0.33761623203754426,0.29537235796451566,0.36701140105724334,0.9287677679310768,0.65811176258871,0.0,0.0,0.5552651703357696,0.2891483962535858,0.0010107576847076416,-0.0001325070858001709,-0.0006125167012214661,0.002686142921447754,-0.0010853402316570282,-0.011789098381996155,-0.010430261492729187,0.1415375895018297,3.8369548110737792,0.07340506800180803,0.02525403457714567,0.003956198501041799,0.005554837127809969,0.1081700782527173,0.024570612705193368,0.005618134162733571,0.006916425583905123,0.01105898758624416,0.01460990369554577,0.04140524242921386,0.028644135422882605,0.002619922821471941,0.0009753331457040794,0.0028755952336508308,0.0036354486604292247,0.019983927054535472,0.0,0.0,0.00012160748308735863,0.0003195729770301253,0.0013289815274589295,0.0005343715840189303,0.0005856893141681992,0.008288724960320014,0.003961099687122639,0.002499302488275608,0.03561362325315582,0.18583098521836988,True,False,False,76
Stage1,S1_034,4.0,0.2,0.0,0.0,46.5,1.4937277793884278,0.7336033880710602,0.22303884774446486,0.07856485694646835,1.2372747898101806,0.15274491161108017,0.05280873291194439,0.08676922991871834,0.03396049700677395,0.18518594950437545,0.18591518998146056,0.03530551046133042,0.33762548565864564,0.2953705251216888,0.367003983259201,0.928766306590099,0.6581122655221466,0.0,0.0,0.5552671194076538,0.2891531616449356,0.0007377922534942627,-0.0001370847225189209,-0.0005604267120361328,0.001727592945098877,-0.00104159414768219,-0.010537128522992134,-0.010284492373466491,0.10387720125507387,3.8369548110737792,0.0644775940360288,0.02533854141192546,0.004001444854443312,0.0055944232305338475,0.10901729717618268,0.024967191235700643,0.005578035947667341,0.006916425583905123,0.011056873087573051,0.014788525137256661,0.04140524242921386,0.02863718991283428,0.0026189882338634547,0.0009748319919219229,0.002873945515049799,0.003635482154839081,0.019983913937907164,0.0,0.0,0.00012217712921010234,0.00032077373238286665,0.0012222279091366546,0.0005066736160630304,0.0005276340255739952,0.007351735397413176,0.003567853177120963,0.0024098279598461733,0.03206558146048053,0.17059455958004083,True,False,False,77
Stage1,S1_042,5.0,0.4,0.0,0.0,47.2,1.6643163681030273,0.7343426823616028,0.22327075004577637,0.07841667458415032,1.2392925500869751,0.15275596156716348,0.056484147906303406,0.08676922991871834,0.03028508201241493,0.19594365060329438,0.18591518998146056,0.03594650328159332,0.27847117483615874,0.28897425830364226,0.4325545608997345,0.9376423655117833,0.6470019476140986,0.0,0.0,0.5398556411266326,0.25540246069431305,0.0014770865440368653,9.481757879257203e-05,-0.0007086090743541717,0.0037453532218933105,-0.0010305441915988921,-0.01421254351735115,-0.009643499553203583,0.20601670254472787,3.084008934992101,0.07729508577680767,0.02508644496993366,0.0039018852678645607,0.0054796609592711034,0.10638745064002084,0.023993639022935248,0.005805550085696964,0.006916425583905123,0.011274221867167339,0.014814255860936936,0.04140524242921386,0.029791185986660154,0.002078526726691954,0.0011183477958545821,0.002685078315560948,0.0032337590127186787,0.020757298342660945,0.0,0.0,0.0003171633501710807,0.0005791496802594673,0.001686268252596644,0.00061734771176466,0.0006665739854350404,0.010156853047351118,0.004571017360837032,0.0027134047793363194,0.04149231293096469,0.23592178211809706,True,False,False,78
Stage1,S1_035,4.0,0.4,0.0,0.0,46.5,1.475783932209015,0.7339060127735137,0.2231823444366455,0.07849130257964135,1.2378474235534669,0.1527597799897194,0.05483697652816773,0.08676922991871834,0.03193225339055061,0.19106253534555434,0.18591518998146056,0.035388170182704924,0.27870517075061796,0.2888892412185669,0.43240556716918943,0.9375963405442389,0.6469989684405669,0.0,0.0,0.5399377465248107,0.2555543065071106,0.001040416955947876,6.411969661712647e-06,-0.0006339810788631439,0.00230022668838501,-0.0010267257690429687,-0.012565372139215469,-0.01020183265209198,0.14580827804802327,3.8369548110737792,0.06758977007493999,0.02521070927993083,0.00397812475941595,0.00553859668805363,0.10770370555528873,0.02442400771784976,0.005850334921705324,0.006916425583905123,0.011324132322870963,0.01503745254505907,0.04140524242921386,0.0292209623934066,0.00222080151812961,0.001057227028643362,0.0027932572834786003,0.0032569979439360562,0.020751393337127673,0.0,0.0,0.0003955608518555223,0.0007270938933611156,0.0014765641537722984,0.0005117061913966164,0.0006107321582098732,0.008891569636702908,0.0041409298354024,0.0027166260016026757,0.03734550045345264,0.20655051484410375,True,False,False,79
Stage1,S1_027,3.0,0.2,0.0,0.0,46.0,1.300519013404846,0.7333407282829285,0.2230609193444252,0.07863137423992157,1.2362036108970642,0.1527750924229622,0.05115593262016773,0.08676922991871834,0.0356132972985506,0.1798912063241005,0.18591518998146056,0.03557600826025009,0.33771237134933474,0.2953361511230469,0.3669514775276184,0.9287514888644784,0.6581095766330587,0.0,0.0,0.5552837908267975,0.2891974955797195,0.0004751324653625488,-0.00011501312255859374,-0.0004939094185829162,0.0006564140319824218,-0.001011413335800171,-0.008884328231215478,-0.010013994574546815,0.06754104055120859,3.9440531887330774,0.055584029254588614,0.02544140829642992,0.0040037653814858284,0.005643471954648168,0.10959443068154233,0.025362340534491053,0.005680956589313833,0.006916425583905123,0.011151540357981247,0.015096582097873271,0.04140524242921386,0.029744193501568292,0.002593474400851237,0.0009788885373975256,0.0028570195617584285,0.003620480377610752,0.019988946330173864,0.0,0.0,0.00012278032282007272,0.000323679450029424,0.001079890447848229,0.000476869466923853,0.000457951533924093,0.006684944370016946,0.003160585778167009,0.0023309640446915014,0.02774883132987122,0.15054883401328079,True,False,False,80
Stage1,S1_049,6.0,0.4,0.0,0.0,47.2,1.8527624130249023,0.734698873758316,0.2232842415571213,0.07837994247674943,1.2405858874320983,0.15277998223900796,0.057687525451183316,0.08676922991871834,0.029081704467535018,0.19952520430088044,0.18591518998146056,0.036944803595542905,0.2784580886363983,0.28897700011730193,0.4325648993253708,0.9376446117941132,0.6470015593207464,0.0,0.0,0.5398504257202148,0.2553939014673233,0.001833277940750122,0.00010830909013748169,-0.0007453411817550659,0.005038690567016601,-0.0010065235197544097,-0.015415921062231063,-0.008645199239253998,0.25505253205593476,3.084008934992101,0.08701445992346127,0.025001574388078207,0.0038539276760028267,0.005442558027275289,0.1055987458294848,0.023654518233003595,0.005863510227523657,0.006916425583905123,0.011291162623103371,0.014639759686052191,0.04140524242921386,0.029670952573268607,0.0020797444475253194,0.001118547371614728,0.002687293817764984,0.0032337915253333707,0.020757352527013925,0.0,0.0,0.000315650451576865,0.0005772943931872614,0.0017992344764598742,0.0006475481145646663,0.0007180302751074287,0.011038815448346348,0.004908504832452115,0.002821915907809386,0.04381932856045938,0.25222327077115914,True,False,False,81
Stage1,S1_028,3.0,0.4,0.0,0.0,46.5,1.2871328473091126,0.733554208278656,0.22315747290849686,0.07856178805232047,1.2367068767547607,0.15280079916119577,0.05301524251699448,0.08676922991871834,0.03375398740172386,0.1852060005068779,0.18591518998146056,0.03556066006422043,0.27872549891471865,0.28888516426086425,0.4323893278837204,0.9375928744066064,0.6469996368809805,0.0,0.0,0.5399458944797516,0.2555676192045212,0.0006886124610900879,-1.8459558486938476e-05,-0.0005634956061840058,0.0011596798896789551,-0.0009857065975666045,-0.01074363812804222,-0.010029342770576478,0.09720588975149078,3.8369548110737792,0.05791163391047368,0.025332530039800107,0.004035589513299724,0.005596301940185837,0.10894660630388843,0.024994121092422737,0.005764841441543597,0.006916425583905123,0.011283563543413982,0.015249858878844945,0.04140524242921386,0.028965769294308837,0.0022198753365611145,0.0010567165888909808,0.0027906379643087786,0.003257032998112353,0.020751374348517856,0.0,0.0,0.0003978186180275116,0.0007300541229979312,0.0013035888490376642,0.0004814506387301565,0.0005260738575891015,0.0075244870504160115,0.003571640819597056,0.0025677248904940097,0.03219672396253914,0.18204765664464145,True,False,False,82
Stage1,S1_056,8.0,0.4,0.0,0.0,47.2,2.2294694662094114,0.7353731215000152,0.22330499589443206,0.078329286724329,1.2430943369865417,0.15284474492073058,0.05954847745597362,0.08676922991871834,0.02722075246274471,0.2048206865787506,0.18591518998146056,0.03899393379688263,0.27843742072582245,0.2889814764261246,0.43258108794689176,0.9376481774083478,0.6470009934087921,0.0,0.0,0.5398422122001648,0.25538039207458496,0.002507525682449341,0.0001290634274482727,-0.0007959969341754913,0.007547140121459961,-0.0009417608380317688,-0.01727687306702137,-0.006596069037914276,0.3477481404480768,3.084008934992101,0.10647439133148098,0.02486876656706395,0.0037708945232897313,0.005385921148656011,0.10444250755027769,0.023164694722251505,0.005959277467932949,0.006916425583905123,0.011313481393394439,0.014347358862974058,0.04140524242921386,0.029419355409349326,0.00208173042647443,0.0011187800787306754,0.0026907491886852403,0.0032338454820326035,0.02075743816626215,0.0,0.0,0.00031337114161292246,0.0005744354305366388,0.001968958999666652,0.0007064587493817204,0.0007938864592355753,0.01237667734438702,0.0053957278487787984,0.0030027363024021404,0.04696412599550133,0.27710267938467037,True,False,False,83
Stage1,S1_021,2.0,0.4,0.0,0.0,46.5,1.098328423500061,0.7332272112369538,0.22312217950820923,0.07866634726524353,1.2358076691627502,0.15292904600501062,0.05067762471735478,0.08676922991871834,0.036091605201363564,0.1774249106645584,0.18591518998146056,0.03586191833019257,0.2787516236305237,0.2888800412416458,0.4323683440685272,0.9375884346307544,0.6470005375405112,0.0,0.0,0.5399563848972321,0.2555846869945526,0.00036161541938781736,-5.375295877456665e-05,-0.0004589363932609558,0.00026047229766845703,-0.0008574597537517548,-0.008406020328402519,-0.009728084504604339,0.051845904854736294,3.8369548110737792,0.048295450570949625,0.02548687229518466,0.00409809686326609,0.0056709819798228655,0.1106021421266295,0.0257624662579112,0.005652435847280557,0.006916425583905123,0.011214883238538928,0.015428747030548933,0.04140524242921386,0.030394755319657202,0.002218948264096421,0.0010559889884295464,0.0027874153555389526,0.00325710018333613,0.020751347385311165,0.0,0.0,0.0004008508928369457,0.0007339783213300837,0.0010713593922143838,0.00045537967478918634,0.0004136011049302331,0.005739891006851957,0.002803832835057013,0.0023922240975356246,0.025887118438566586,0.14949089345525235,True,False,False,84
