ticker,as_of_date,as_of_price,tau,step_ahead,forecast_date,frechet_predicted_price,upper_corridor,lower_corridor,corridor_width,manifold_x1,manifold_x2,manifold_x3,mean_scenario_energy,k_scenarios_used,actual_price,prediction_error,abs_pct_error,within_corridor,lookback_period
BZ=F,2026-09-02,95.62999725341797,18,0,2026-09-02,95.62999725341795,96.7844702045234,94.48929518716643,2.295175017356968,4.560486549640526,4.425445291567528,4.439469769829557,0.39404210079676694,9,95.62999725341797,1.4210854715202004e-14,1.486024795916648e-14,True,3y
BZ=F,2026-09-02,95.62999725341797,18,1,2026-09-03,95.74933997299354,96.90525366388376,94.60721435251509,2.298039311368669,4.5617337348045535,4.432658020204368,4.441761082260484,0.39404210079676694,9,95.5199966430664,-0.2293433299271328,0.24009980945050666,True,3y
BZ=F,2026-09-02,95.62999725341797,18,2,2026-09-04,95.8505016909877,97.00763663535973,94.70716938448963,2.300467250870099,4.562789703604066,4.439909133602859,4.444215455744899,0.39404210079676694,9,96.27999877929688,0.42949708830917643,0.44609170518761093,True,3y
BZ=F,2026-09-02,95.62999725341797,18,3,2026-09-07,95.93302864047368,97.09115987401916,94.69561949023125,2.3955403837879032,4.5636503296905415,4.44702764292802,4.446759019318105,0.39404210079676694,9,,,,,3y
BZ=F,2026-09-02,95.62999725341797,18,4,2026-09-08,96.00258192115314,97.35036237116906,94.36616253902389,2.9841998321451655,4.564375086118184,4.454235476860541,4.449523500876333,0.39404210079676694,9,97.91999816894531,1.9174162477921755,1.958145714508675,False,3y
BZ=F,2026-09-02,95.62999725341797,18,5,2026-09-09,96.0502523779013,97.69944199141736,94.0295513304936,3.6698906609237554,4.564871516779061,4.461216305787479,4.452422987961411,0.39404210079676694,9,101.20999908447266,5.1597467065713545,5.098060224528693,False,3y
BZ=F,2026-09-02,95.62999725341797,18,6,2026-09-10,96.07658566009306,98.01031093931708,93.68169107735154,4.328619861965535,4.565145640713286,4.468030050146601,4.455341275764647,0.39404210079676694,9,107.62999725341797,11.55341159332491,10.73437878672622,False,3y
BZ=F,2026-09-02,95.62999725341797,18,7,2026-09-11,102.0813387188184,104.61063663617858,95.01243367872853,9.598202957450056,4.625769933918974,4.5134514156517795,4.4956327291408655,0.39404210079676694,9,104.61000061035156,2.5286618915331616,2.4172276806993356,True,3y
BZ=F,2026-09-03,95.5199966430664,18,0,2026-09-03,95.51999664306642,96.67314163502826,94.38060669568054,2.2925349393477177,4.559335614500514,4.474149937465591,4.442062812193775,0.4559590922026231,9,95.5199966430664,-1.4210854715202004e-14,1.4877360986835357e-14,True,3y
BZ=F,2026-09-03,95.5199966430664,18,1,2026-09-04,95.41123295405997,96.56306491934997,94.27314037118674,2.2899245481632278,4.558196317372428,4.483138932072035,4.4420154827203335,0.4559590922026231,9,96.27999877929688,0.8687658252369062,0.9023326093183511,True,3y
BZ=F,2026-09-03,95.5199966430664,18,2,2026-09-07,95.27354316005729,96.42371289438017,94.1370929805829,2.286619913797267,4.55675215574884,4.492051334579449,4.44231291202,0.4559590922026231,9,,,,,3y
BZ=F,2026-09-03,95.5199966430664,18,3,2026-09-08,95.10662751371375,96.32403784648156,93.58303358691934,2.7410042595622173,4.554998657067527,4.500968851653344,4.442757004506539,0.4559590922026231,9,97.91999816894531,2.813370655231566,2.8731318503269825,False,3y
BZ=F,2026-09-03,95.5199966430664,18,4,2026-09-09,94.90129525857813,96.51853141281417,92.90393568069337,3.6145957321208044,4.552837354190581,4.509607317003333,4.443428819136422,0.4559590922026231,9,101.20999908447266,6.308703825894526,6.233281180675743,False,3y
BZ=F,2026-09-03,95.5199966430664,18,5,2026-09-10,94.29182021061524,96.30578492674992,91.91358136337715,4.3922035633727745,4.546394443677888,4.507305808033247,4.441490012264749,0.4559590922026231,9,107.62999725341797,13.338177042802727,12.392620443348706,False,3y
BZ=F,2026-09-03,95.5199966430664,18,6,2026-09-11,93.94957598358276,96.31746298057496,91.14821887293813,5.169244107636828,4.542758212635695,4.513390983436524,4.44183704423556,0.4559590922026231,9,104.61000061035156,10.660424626768801,10.190636234174642,False,3y
BZ=F,2026-09-03,95.5199966430664,18,7,2026-09-14,94.14537565564387,97.24962787913267,91.27776665089546,5.971861228237216,4.544840137122001,4.559054759649451,4.4792616755621975,0.4559590922026231,9,105.68000030517578,11.534624649531906,10.91467128711485,False,3y
BZ=F,2026-09-04,96.27999877929688,18,0,2026-09-04,96.2799987792969,97.44231873658615,95.13154330820451,2.310775428381632,4.567260600236193,4.487624663321995,4.433551192181642,0.4390828111520314,9,96.27999877929688,-2.842170943040401e-14,2.951984814162206e-14,True,3y
BZ=F,2026-09-04,96.27999877929688,18,1,2026-09-07,96.04258656453881,97.20204041299117,94.89696301451414,2.3050773984770245,4.564791703149268,4.496849142119704,4.432961590067587,0.4390828111520314,9,,,,,3y
BZ=F,2026-09-04,96.27999877929688,18,2,2026-09-08,95.77654672247282,96.93278886110186,94.30265552904767,2.6301333320541858,4.562017839999227,4.505975315477649,4.433001613046513,0.4390828111520314,9,97.91999816894531,2.143451446472497,2.1889823187846815,False,3y
BZ=F,2026-09-04,96.27999877929688,18,3,2026-09-09,95.48175924197683,96.84184203714865,93.30494974343526,3.536892293713393,4.558935226541532,4.514857125141362,4.433427411941189,0.4390828111520314,9,101.20999908447266,5.7282398424958245,5.65975683658971,False,3y
BZ=F,2026-09-04,96.27999877929688,18,4,2026-09-10,94.85870318961278,96.86875945579244,92.2923723572483,4.576387098544146,4.552388449573919,4.511679344000878,4.4324686722381195,0.4390828111520314,9,107.62999725341797,12.771294063805186,11.865924360970483,False,3y
BZ=F,2026-09-04,96.27999877929688,18,5,2026-09-11,94.43136873959284,96.89737558234262,91.26351658782913,5.6338589945134885,4.54787331392364,4.5170024651956275,4.43311515985542,0.4390828111520314,9,104.61000061035156,10.178631870758721,9.730075338276507,False,3y
BZ=F,2026-09-04,96.27999877929688,18,6,2026-09-14,94.21322570565916,97.36392301160528,90.72237561041825,6.641547401187026,4.545560571999512,4.565869176670136,4.476511888636765,0.4390828111520314,9,105.68000030517578,11.466774599516626,10.850467984863386,False,3y
BZ=F,2026-09-04,96.27999877929688,18,7,2026-09-15,93.57595757983178,97.28095947281312,89.71028925900995,7.570670213803169,4.538773487025141,4.566517105558421,4.475046172815253,0.4390828111520314,9,108.75,15.17404242016822,13.9531424553271,False,3y
BZ=F,2026-09-08,97.91999816894531,18,0,2026-09-08,97.91999816894534,99.10211667260661,96.75198031422697,2.3501363583796433,4.58415080006452,4.488411663104728,4.478472515622283,0.2832907778094425,9,97.91999816894531,-2.842170943040401e-14,2.902543909505277e-14,True,3y
BZ=F,2026-09-08,97.91999816894531,18,1,2026-09-09,97.59688241363223,98.77510017055818,96.43271877642206,2.342381394136112,4.5808455504255985,4.4957137943857965,4.477335039568099,0.2832907778094425,9,101.20999908447266,3.6131166708404265,3.569920663495728,False,3y
BZ=F,2026-09-08,97.91999816894531,18,2,2026-09-10,97.1485052715533,98.32131009009913,95.84293240287283,2.478377687226299,4.576240789925913,4.501878281077108,4.475602502358595,0.2832907778094425,9,107.62999725341797,10.481491981864664,9.73844861965915,False,3y
BZ=F,2026-09-08,97.91999816894531,18,3,2026-09-11,96.59543898192473,98.08364485410851,94.69799697113858,3.385647882969934,4.57053152459576,4.506676006605918,4.473246358109726,0.2832907778094425,9,104.61000061035156,8.014561628426833,7.661372317814289,False,3y
BZ=F,2026-09-08,97.91999816894531,18,4,2026-09-14,95.9872198192003,97.8108742799996,93.71818124811584,4.092693031883755,4.564215055722336,4.509876631232544,4.470531741189543,0.2832907778094425,9,105.68000030517578,9.692780485975476,9.171821023831662,False,3y
BZ=F,2026-09-08,97.91999816894531,18,5,2026-09-15,95.33804172602001,97.42156131566605,92.76963134537232,4.651929970293736,4.557428909666635,4.51231664028111,4.468278881995305,0.2832907778094425,9,108.75,13.411958273979991,12.332835194464359,False,3y
BZ=F,2026-09-08,97.91999816894531,18,6,2026-09-16,94.65735232615386,97.24533371588026,92.1468496455663,5.098484070313958,4.550263553731482,4.514206983355894,4.466382612494382,0.2832907778094425,9,105.83000183105469,11.172649504900832,10.557166504387546,False,3y
BZ=F,2026-09-08,97.91999816894531,18,7,2026-09-17,93.88271765499897,96.39080459587214,90.8863415152716,5.504463080600544,4.542046318742347,4.507896940819298,4.462279344514086,0.2832907778094425,9,104.81999969482422,10.937282039825249,10.434346567132557,False,3y
BZ=F,2026-09-09,101.20999908447266,18,0,2026-09-09,101.20999908447264,102.43183542955582,100.00273715414934,2.4290982754064743,4.617197557154991,4.4667123893355765,4.491105243382065,0.19816292789244938,9,101.20999908447266,1.4210854715202004e-14,1.4040959236983327e-14,True,3y
BZ=F,2026-09-09,101.20999908447266,18,1,2026-09-10,100.77016450946931,101.98669104450975,99.56814905224991,2.418541992259847,4.612842324815235,4.471736122038089,4.4917799298013055,0.19816292789244938,9,107.62999725341797,6.859832743948658,6.373532397103925,False,3y
BZ=F,2026-09-09,101.20999908447266,18,2,2026-09-11,100.18993160061521,101.39945339637036,98.99483732813957,2.404616068230794,4.607067700574214,4.47620350758303,4.492002042262837,0.19816292789244938,9,104.61000061035156,4.420069009736352,4.225283418360834,False,3y
BZ=F,2026-09-09,101.20999908447266,18,3,2026-09-14,99.58589515877215,100.78812485211573,98.39800600641668,2.3901188456990496,4.601020539690454,4.479669118296924,4.492169795065711,0.19816292789244938,9,105.68000030517578,6.094105146403635,5.766564277825016,False,3y
BZ=F,2026-09-09,101.20999908447266,18,4,2026-09-15,99.39772130959685,100.70307270551132,97.87808813948482,2.824984566026501,4.599129188949023,4.481476819812421,4.495565397777739,0.19816292789244938,9,108.75,9.352278690403153,8.59979649692244,False,3y
BZ=F,2026-09-09,101.20999908447266,18,5,2026-09-16,98.26465941747372,100.04077021557183,96.77940502241727,3.2613651931545604,4.58766444488628,4.48158833137981,4.489828085975981,0.19816292789244938,9,105.83000183105469,7.565342413580964,7.148580064902725,False,3y
BZ=F,2026-09-09,101.20999908447266,18,6,2026-09-17,97.62224412860591,99.72568916784512,95.96129540497199,3.7643937628731265,4.5811053786049944,4.483160989301184,4.489817702798043,0.19816292789244938,9,104.81999969482422,7.197755566218305,6.866776938727385,False,3y
BZ=F,2026-09-09,101.20999908447266,18,7,2026-09-18,96.97096696766995,99.40175988367221,95.1196672797192,4.282092603953018,4.574411624089671,4.484247876101728,4.490018624970712,0.19816292789244938,9,103.87000274658203,6.899035778912079,6.6419905617448345,False,3y
BZ=F,2026-09-10,107.62999725341797,18,0,2026-09-10,107.62999725341793,108.9293376709163,106.34615574150958,2.58318192940672,4.678699393757466,4.483228477259964,4.510969414061745,0.5431629455415911,9,107.62999725341797,4.263256414560601e-14,3.961029939007282e-14,True,3y
BZ=F,2026-09-10,107.62999725341797,18,1,2026-09-11,105.87867697687588,107.1878439195917,104.13301148944919,3.054832430142511,4.662293881784759,4.472887596945508,4.518230127034131,0.5431629455415911,9,104.61000061035156,-1.2686763665243177,1.2127677651488105,True,3y
BZ=F,2026-09-10,107.62999725341797,18,2,2026-09-14,103.91779664465753,105.71076603304532,100.9928832040562,4.717882828989119,4.643600169718955,4.4653880543321725,4.522484370487938,0.5431629455415911,9,105.68000030517578,1.762203660518253,1.6674902114207766,True,3y
BZ=F,2026-09-10,107.62999725341797,18,3,2026-09-15,103.48341528659327,104.73269696878127,98.51022150056623,6.222475468215038,4.639411361088943,4.464378357689604,4.536276958119716,0.5431629455415911,9,108.75,5.266584713406729,4.842836518075154,False,3y
BZ=F,2026-09-10,107.62999725341797,18,4,2026-09-16,98.80835850523286,103.17660655960323,95.44341429648753,7.733192263115697,4.593182201430816,4.448873844372922,4.513009132936677,0.5431629455415911,9,105.83000183105469,7.021643325821827,6.63483247125996,False,3y
BZ=F,2026-09-10,107.62999725341797,18,5,2026-09-17,96.54771774263742,101.5061614020926,92.01932979339927,9.486831608693336,4.57003737050749,4.4456201299251,4.509419261618927,0.5431629455415911,9,104.81999969482422,8.272281952186802,7.891892745917714,False,3y
BZ=F,2026-09-10,107.62999725341797,18,6,2026-09-18,94.78698163756408,100.28177248024728,89.96118256472512,10.320589915522163,4.551632075332835,4.445071452726192,4.5044037721766905,0.5431629455415911,9,103.87000274658203,9.083021109017949,8.744604668181582,False,3y
BZ=F,2026-09-10,107.62999725341797,18,7,2026-09-21,101.58900462023887,107.46317226207289,92.10760111815175,15.35557114392114,4.620935307046189,4.47520497860917,4.584479876104202,0.5431629455415911,9,100.33999633789062,-1.2490082823482425,1.2447760892299227,True,3y
BZ=F,2026-09-11,104.61000061035156,18,0,2026-09-11,104.61000061035156,105.87288275600025,103.36218248555771,2.510700270442541,4.650239155190213,4.509429943932655,4.544039182739724,0.4598296315281351,9,104.61000061035156,0.0,0.0,True,3y
BZ=F,2026-09-11,104.61000061035156,18,1,2026-09-14,103.15060144658995,104.80969101520238,101.34264602936564,3.4670449858367363,4.6361900702960925,4.50373408805603,4.551324398423889,0.4598296315281351,9,105.68000030517578,2.529398858585836,2.3934508433777477,False,3y
BZ=F,2026-09-11,104.61000061035156,18,2,2026-09-15,101.03958728271752,104.16247151324487,97.7941645312624,6.368306981982471,4.615512393341866,4.4965118497279,4.550905671910403,0.4598296315281351,9,108.75,7.71041271728248,7.090034682558604,False,3y
BZ=F,2026-09-11,104.61000061035156,18,3,2026-09-16,99.06008952845404,103.11647876437802,95.00977655674016,8.106702207637852,4.595726630939756,4.489991414405826,4.5505845584614235,0.4598296315281351,9,105.83000183105469,6.769912302600645,6.396968898675843,False,3y
BZ=F,2026-09-11,104.61000061035156,18,4,2026-09-17,97.50140146267924,101.9542797013478,92.69919665436338,9.255083046984424,4.579866751876694,4.484402406768799,4.554149009233196,0.4598296315281351,9,104.81999969482422,7.3185982321449785,6.982062825274321,False,3y
BZ=F,2026-09-11,104.61000061035156,18,5,2026-09-18,96.66695153566249,100.81242161849102,90.61219029362184,10.20023132486918,4.571271581228714,4.484780304676086,4.562078940733208,0.4598296315281351,9,103.87000274658203,7.20305121091954,6.9346789452709094,False,3y
BZ=F,2026-09-11,104.61000061035156,18,6,2026-09-21,96.03388770067868,99.80994691790855,89.24077926327418,10.56916765463437,4.5647011260611645,4.486949337862489,4.568005367991407,0.4598296315281351,9,100.33999633789062,4.306108637211949,4.291517634415007,False,3y
BZ=F,2026-09-11,104.61000061035156,18,7,2026-09-22,93.2907944269168,98.30554422865724,87.39033580149992,10.915208427157324,4.5357214366072816,4.46717083125048,4.528270170082535,0.4598296315281351,9,99.25,5.959205573083196,6.004237353232439,False,3y
BZ=F,2026-09-14,105.68000030517578,18,0,2026-09-14,105.68000030517575,106.95579979622697,104.4194189167844,2.536380879442575,4.660415663101804,4.5110792257072205,4.612046514174282,0.3510513248354101,9,105.68000030517578,2.842170943040401e-14,2.6894123153226397e-14,True,3y
BZ=F,2026-09-14,105.68000030517578,18,1,2026-09-15,105.48706006996136,107.15145371686576,103.3315667994306,3.8198869174351557,4.658588292028287,4.510952627108868,4.621879659296864,0.3510513248354101,9,108.75,3.262939930038641,3.000404533368865,False,3y
BZ=F,2026-09-14,105.68000030517578,18,2,2026-09-16,104.90535661852613,108.09769036773828,99.78472037102199,8.31296999671629,4.653058578145488,4.508796483407055,4.626286423259252,0.3510513248354101,9,105.83000183105469,0.92464521252856,0.8737080190215331,True,3y
BZ=F,2026-09-14,105.68000030517578,18,3,2026-09-17,104.13972753088483,108.93555000935139,96.67075194195401,12.264798067397379,4.645733531358033,4.505530179848423,4.62694072107533,0.3510513248354101,9,104.81999969482422,0.6802721639393923,0.6489908089295506,True,3y
BZ=F,2026-09-14,105.68000030517578,18,4,2026-09-18,103.24317338321319,109.36113128494851,94.02183133146822,15.339299953480293,4.637087112301426,4.501896342903295,4.6241947121988485,0.3510513248354101,9,103.87000274658203,0.6268293633688415,0.6034748693500619,True,3y
BZ=F,2026-09-14,105.68000030517578,18,5,2026-09-21,102.1392142245183,109.10495889912818,91.71493566822113,17.390023230907047,4.6263367280678995,4.499202741373345,4.616861190704519,0.3510513248354101,9,100.33999633789062,-1.7992178866276731,1.7931213397386263,True,3y
BZ=F,2026-09-14,105.68000030517578,18,6,2026-09-22,100.94615809168252,108.32587372135241,90.04995821371536,18.275915507637052,4.614587286498063,4.4970191887694835,4.606593056478654,0.3510513248354101,9,99.25,-1.6961580916825199,1.7089754072367958,True,3y
BZ=F,2026-09-14,105.68000030517578,18,7,2026-09-23,99.67034652595225,107.20079859707738,88.67275767208555,18.528040924991828,4.601868205706062,4.4948080540162305,4.594400933292569,0.3510513248354101,9,96.41999816894531,-3.250348357006942,3.3710313407305224,True,3y
BZ=F,2026-09-15,108.75,18,0,2026-09-15,108.75,110.0628614141859,107.45279877373498,2.61006264045092,4.689051669968793,4.517649618436571,4.572440348751997,0.45228799925148827,9,108.75,0.0,0.0,True,3y
BZ=F,2026-09-15,108.75,18,1,2026-09-16,106.9947230320089,109.04319264783442,105.178811846035,3.8643808017994132,4.6727795157879,4.518085688973974,4.591449226704496,0.45228799925148827,9,105.83000183105469,-1.1647212009542187,1.1005586136278829,True,3y
BZ=F,2026-09-15,108.75,18,2,2026-09-17,105.83517312508536,109.40108368358092,101.58536252733754,7.815721156243384,4.661882913372613,4.5137787247848085,4.590649501633083,0.45228799925148827,9,104.81999969482422,-1.015173430261143,0.9684921133531258,True,3y
BZ=F,2026-09-15,108.75,18,3,2026-09-18,103.70815012365513,108.9231127290061,97.75877898668358,11.164333742322526,4.641580705432197,4.509578951273328,4.591253421617116,0.45228799925148827,9,103.87000274658203,0.16185262292690084,0.15582229579966655,True,3y
BZ=F,2026-09-15,108.75,18,4,2026-09-21,101.66733482109122,107.9401330649984,94.95824749742833,12.981885567570075,4.62170605992844,4.505016414554899,4.590257614994697,0.45228799925148827,9,100.33999633789062,-1.3273384832005917,1.3228408726773682,True,3y
BZ=F,2026-09-15,108.75,18,5,2026-09-22,99.49707375993027,106.64752437988847,92.09010654614822,14.557417833740246,4.600128234284144,4.503623589955483,4.586518236332503,0.45228799925148827,9,99.25,-0.2470737599302737,0.24894081605065357,True,3y
BZ=F,2026-09-15,108.75,18,6,2026-09-23,98.24743532593712,106.19149614704749,90.91678616246425,15.27470998458324,4.587489146855864,4.501706519173414,4.5884054142664095,0.45228799925148827,9,96.41999816894531,-1.827437156991806,1.8952885207379957,True,3y
BZ=F,2026-09-15,108.75,18,7,2026-09-24,97.90212180050257,104.90545078062348,89.5656366478158,15.339814132807689,4.583968222442592,4.497165240064219,4.589712821864422,0.45228799925148827,9,,,,,3y
BZ=F,2026-09-16,105.83000183105469,18,0,2026-09-16,105.83000183105473,107.10761218385672,104.56763118139153,2.5399810024651828,4.661834050407482,4.540951600644772,4.481419385459471,0.460803280144919,9,105.83000183105469,-4.263256414560601e-14,4.028400586599625e-14,True,3y
BZ=F,2026-09-16,105.83000183105469,18,1,2026-09-17,104.37413168630822,105.98871708010262,102.69585089005483,3.292866190047789,4.64798186396332,4.526572109831733,4.488517716784084,0.460803280144919,9,104.81999969482422,0.44586800851600117,0.4253653976475037,True,3y
BZ=F,2026-09-16,105.83000183105469,18,2,2026-09-18,102.58754242031257,105.0942068943987,100.12840745143897,4.965799442959721,4.6307165064594615,4.512155801533424,4.4883804314863305,0.460803280144919,9,103.87000274658203,1.282460326269458,1.2346782443034632,True,3y
BZ=F,2026-09-16,105.83000183105469,18,3,2026-09-21,101.01563326276957,104.05659633535456,98.0885560107507,5.968040324603862,4.615275289643228,4.496504356861958,4.480401021722275,0.460803280144919,9,100.33999633789062,-0.675636924878944,0.6733475678071241,True,3y
BZ=F,2026-09-16,105.83000183105469,18,4,2026-09-22,100.94505494067833,103.99342360849806,96.94558289851842,7.0478407099796385,4.614576358325532,4.5054861018457935,4.515467502764306,0.460803280144919,9,99.25,-1.6950549406783324,1.7078639200789243,True,3y
BZ=F,2026-09-16,105.83000183105469,18,5,2026-09-23,97.94485677109253,102.62034162336289,94.58865181371844,8.031689809644448,4.584404634294129,4.4716931307757255,4.482938057979564,0.460803280144919,9,96.41999816894531,-1.5248586021472192,1.581475452297137,True,3y
BZ=F,2026-09-16,105.83000183105469,18,6,2026-09-24,96.60108184810032,101.88105890435209,92.89312517287317,8.987933731478918,4.570589940411458,4.460434624404169,4.485198024795809,0.460803280144919,9,,,,,3y
BZ=F,2026-09-16,105.83000183105469,18,7,2026-09-25,98.32942921991909,102.1098529587239,92.25194106966883,9.857911889055075,4.588323364035251,4.489990765645809,4.544358889921744,0.460803280144919,9,,,,,3y
BZ=F,2026-09-17,104.81999969482422,18,0,2026-09-17,104.8199996948242,106.08541701008227,103.56967664065203,2.515740369430233,4.652244590462593,4.547435128870579,4.431887610294926,0.3328895462969091,9,104.81999969482422,1.4210854715202004e-14,1.3557388624857728e-14,True,3y
BZ=F,2026-09-17,104.81999969482422,18,1,2026-09-18,104.05486261731042,105.31104297674658,102.461686067741,2.8493569090055786,4.644918285215333,4.540875036421851,4.442641778873309,0.3328895462969091,9,103.87000274658203,-0.1848598707283884,0.1779723364207492,True,3y
BZ=F,2026-09-17,104.81999969482422,18,2,2026-09-21,102.46245773816425,103.75854390345845,99.68927165597158,4.069272247486865,4.629496465517571,4.534293226867359,4.447781664610378,0.3328895462969091,9,100.33999633789062,-2.1224614002736217,2.1152695612289283,True,3y
BZ=F,2026-09-17,104.81999969482422,18,3,2026-09-22,100.96690729197717,102.92911850921998,98.27204093776581,4.657077571454167,4.6147928125775985,4.5283868193222885,4.450371845687396,0.3328895462969091,9,99.25,-1.716907291977165,1.7298814024958844,True,3y
BZ=F,2026-09-17,104.81999969482422,18,4,2026-09-23,100.16699375010796,102.62480400093622,96.98421653504676,5.6405874658894675,4.606838730693914,4.528426457653872,4.451877842137016,0.3328895462969091,9,96.41999816894531,-3.7469955811626505,3.8861187018456844,False,3y
BZ=F,2026-09-17,104.81999969482422,18,5,2026-09-24,99.83021428314245,102.54080519041081,95.8834799480044,6.657325242406401,4.6034708858264715,4.533165624287998,4.4529648998792375,0.3328895462969091,9,,,,,3y
BZ=F,2026-09-17,104.81999969482422,18,6,2026-09-25,99.52962500294964,102.08630269316208,94.49957328937234,7.586729403789747,4.6004553385722815,4.5374641368186195,4.454002914891717,0.3328895462969091,9,,,,,3y
BZ=F,2026-09-17,104.81999969482422,18,7,2026-09-28,96.20996999721235,100.42634310700399,91.82911234815012,8.597230758853868,4.566532990526252,4.503045701717483,4.450491421141646,0.3328895462969091,9,,,,,3y
BZ=F,2026-09-18,103.87000274658203,18,0,2026-09-18,103.87000274658212,105.12395142425909,102.63101152878886,2.4929398954702293,4.643140143682216,4.523634678139513,4.507998250693493,0.4676296840218399,9,103.87000274658203,-8.526512829121202e-14,8.208830849772725e-14,True,3y
BZ=F,2026-09-18,103.87000274658203,18,1,2026-09-21,102.40587302530048,104.04614355687863,100.88059691532611,3.165546641552524,4.628944064723443,4.514524516101083,4.516117900582877,0.4676296840218399,9,100.33999633789062,-2.0658766874098546,2.058876582427912,False,3y
BZ=F,2026-09-18,103.87000274658203,18,2,2026-09-22,101.13125803381458,103.21134782931665,97.94588518475003,5.265462644566625,4.616419257605465,4.503114302507685,4.526692725159004,0.4676296840218399,9,99.25,-1.881258033814575,1.8954740894857178,True,3y
BZ=F,2026-09-18,103.87000274658203,18,3,2026-09-23,98.91090054708941,102.22327472769537,95.6674481949711,6.555826532724268,4.5942194504225595,4.491202059586996,4.509542417514827,0.4676296840218399,9,96.41999816894531,-2.4909023781440993,2.583387705296973,True,3y
BZ=F,2026-09-18,103.87000274658203,18,4,2026-09-24,98.63652131611084,101.4066073245171,93.70205089003245,7.704556434484644,4.591441591771427,4.49482647687101,4.538539323611555,0.4676296840218399,9,,,,,3y
BZ=F,2026-09-18,103.87000274658203,18,5,2026-09-25,97.7362811917686,100.64928935391303,91.97621032783205,8.673079026080984,4.582272843151813,4.4886265987529494,4.54975614283294,0.4676296840218399,9,,,,,3y
BZ=F,2026-09-18,103.87000274658203,18,6,2026-09-28,94.49944253327114,99.51536309306668,90.09036303343453,9.425000059632154,4.548593935363473,4.465780141137041,4.511434319779466,0.4676296840218399,9,,,,,3y
BZ=F,2026-09-18,103.87000274658203,18,7,2026-09-29,96.4067256324681,99.38997578530265,89.1450004818275,10.244975303475158,4.568575967154489,4.485882068449685,4.564441917178357,0.4676296840218399,9,,,,,3y
BZ=F,2026-09-21,100.33999633789062,18,0,2026-09-21,100.3399963378906,101.55132975850276,99.14311205013945,2.40821770836331,4.608564382559102,4.4839061191662495,4.488973377874436,0.2297172117577242,9,100.33999633789062,2.842170943040401e-14,2.8325404093792395e-14,True,3y
BZ=F,2026-09-21,100.33999633789062,18,1,2026-09-22,99.94707463141809,101.15366458768796,98.75487722660452,2.3987873610834356,4.604640792198104,4.490303818468206,4.488054242589437,0.2297172117577242,9,99.25,-0.69707463141809,0.7023421979023576,True,3y
BZ=F,2026-09-21,100.33999633789062,18,2,2026-09-23,99.4864706413202,100.68750005316873,98.29976745315746,2.387732600011276,4.6000216614652505,4.495458306224485,4.4864721206354155,0.2297172117577242,9,96.41999816894531,-3.0664724723748833,3.180328283145025,False,3y
BZ=F,2026-09-21,100.33999633789062,18,3,2026-09-24,100.4861652397998,101.69926325361904,98.39876977887698,3.300493474742055,4.610020058717744,4.514898975976832,4.504022008857802,0.2297172117577242,9,,,,,3y
BZ=F,2026-09-21,100.33999633789062,18,4,2026-09-25,100.47807285469979,101.69107317490848,97.74051973138971,3.9505534435187712,4.609939523144041,4.514902624786882,4.504160042181432,0.2297172117577242,9,,,,,3y
BZ=F,2026-09-21,100.33999633789062,18,5,2026-09-28,97.87867133765657,99.97768898737712,96.18394480902784,3.793744178349286,4.583728664081608,4.502214307679966,4.4794121472437185,0.2297172117577242,9,,,,,3y
BZ=F,2026-09-21,100.33999633789062,18,6,2026-09-29,99.08081605767806,100.49619141551935,96.16413074358111,4.332060671938237,4.595935840938452,4.52716250581118,4.504008386068394,0.2297172117577242,9,,,,,3y
BZ=F,2026-09-21,100.33999633789062,18,7,2026-09-30,99.4752167638996,100.67611031568904,95.4591650546602,5.21694526102884,4.59990853538978,4.549439474993907,4.468374561446696,0.2297172117577242,9,,,,,3y
BZ=F,2026-09-22,99.25,18,0,2026-09-22,99.2500000000001,100.44817466995828,98.06611750154676,2.382057168411521,4.597641919567301,4.47551693607054,4.501142146040984,0.30612367274990654,9,99.25,-9.947598300641403e-14,1.0022769068656326e-13,True,3y
BZ=F,2026-09-22,99.25,18,1,2026-09-23,99.00663391883667,100.20187060316283,97.8256543608791,2.376216242283732,4.595186857170747,4.483271780275103,4.501000706007835,0.30612367274990654,9,96.41999816894531,-2.5866357498913572,2.6826755849539663,False,3y
BZ=F,2026-09-22,99.25,18,2,2026-09-24,98.62528363291203,99.81591654642735,97.44885293066515,2.3670636157621914,4.591327655034268,4.49048291530478,4.500334347218635,0.30612367274990654,9,,,,,3y
BZ=F,2026-09-22,99.25,18,3,2026-09-25,99.9362407865827,101.14269995354819,97.95011676861857,3.1925831849296173,4.6045323905056135,4.512504638177573,4.519074876869263,0.30612367274990654,9,,,,,3y
BZ=F,2026-09-22,99.25,18,4,2026-09-28,99.37584369454676,100.74872183690736,97.18705916187707,3.5616626750302913,4.598909062946474,4.517962825914648,4.518098909753547,0.30612367274990654,9,,,,,3y
BZ=F,2026-09-22,99.25,18,5,2026-09-29,96.72749388559028,98.47006214172924,95.2487149992398,3.2213471424894493,4.571897683511783,4.500165105862936,4.495652444483731,0.30612367274990654,9,,,,,3y
BZ=F,2026-09-22,99.25,18,6,2026-09-30,98.17371475902644,99.35889620265328,95.24124698426722,4.117649218386063,4.586738509051938,4.52912243709072,4.520529256534213,0.30612367274990654,9,,,,,3y
BZ=F,2026-09-22,99.25,18,7,2026-10-01,95.16307715462949,97.70977481556082,93.03049025190528,4.679284563655543,4.555592021551593,4.506073207477595,4.493843910955536,0.30612367274990654,9,,,,,3y
BZ=F,2026-09-23,96.41999816894531,18,0,2026-09-23,96.41999816894534,97.5840082393075,95.26987274493406,2.3141354943734314,4.568713629987073,4.496470735042924,4.428074908092498,0.347584041076725,9,96.41999816894531,-2.842170943040401e-14,2.947698607150357e-14,True,3y
BZ=F,2026-09-23,96.41999816894531,18,1,2026-09-24,96.0834860639924,97.24343366301663,94.93737465299444,2.306059010022196,4.56521746004433,4.504433299152834,4.427123583139149,0.347584041076725,9,,,,,3y
BZ=F,2026-09-23,96.41999816894531,18,2,2026-09-25,95.71748965925124,96.96958368941766,94.57574395846055,2.3938397309571116,4.561401036821334,4.512192655946264,4.426441024930915,0.347584041076725,9,,,,,3y
BZ=F,2026-09-23,96.41999816894531,18,3,2026-09-28,95.31715710264062,97.34528998861214,93.86325283542857,3.482037153183569,4.557209827012805,4.519675861301835,4.426223423033228,0.347584041076725,9,,,,,3y
BZ=F,2026-09-23,96.41999816894531,18,4,2026-09-29,94.97259637624701,98.4868666738793,93.24200738560218,5.2448592882771266,4.553588390790784,4.527362839740912,4.426831849662962,0.347584041076725,9,,,,,3y
BZ=F,2026-09-23,96.41999816894531,18,5,2026-09-30,94.70819839320687,99.39272513239051,92.47397778898035,6.9187473434101605,4.550800568706823,4.528787961579447,4.427788163936736,0.347584041076725,9,,,,,3y
BZ=F,2026-09-23,96.41999816894531,18,6,2026-10-01,97.61148295245435,104.46212609153731,92.7914332407206,11.670692850816721,4.580995139699828,4.569278031244108,4.443344231740874,0.347584041076725,9,,,,,3y
BZ=F,2026-09-23,96.41999816894531,18,7,2026-10-02,93.38600354414623,98.09503319559522,90.23967782705732,7.8553553685379,4.536741479017689,4.540719743210068,4.430343637579046,0.347584041076725,9,,,,,3y
BZ=F,2026-09-02,95.62999725341797,4,0,2026-09-02,95.62999725341795,96.7844702045234,94.48929518716643,2.295175017356968,4.560486549640526,4.496470735042924,4.547435128870579,0.771552928968188,9,95.62999725341797,1.4210854715202004e-14,1.486024795916648e-14,True,5y
BZ=F,2026-09-02,95.62999725341797,4,1,2026-09-03,96.02353968741991,97.18276359646968,94.49986668336601,2.6828969131036757,4.5645933664872755,4.499928881585939,4.536230038321765,0.771552928968188,9,95.5199966430664,-0.5035430443535063,0.527159822079053,True,5y
BZ=F,2026-09-02,95.62999725341797,4,2,2026-09-04,96.45131108823888,97.61569917720799,93.55951931472909,4.056179862478899,4.569038332709207,4.501544024864343,4.525283307564422,0.771552928968188,9,96.27999877929688,-0.17131230894200655,0.177931357617387,True,5y
BZ=F,2026-09-02,95.62999725341797,4,3,2026-09-07,95.41041896044723,97.25684912847149,92.66869424563464,4.588154882836847,4.558187785912768,4.501340205602261,4.515859603541794,0.771552928968188,9,,,,,5y
BZ=F,2026-09-02,95.62999725341797,4,4,2026-09-08,95.08264519198069,98.522125021026,92.53094296931229,5.991182051713707,4.554746462803161,4.501307180798405,4.5018445687542465,0.771552928968188,9,97.91999816894531,2.837352976964624,2.8976236009208503,True,5y
BZ=F,2026-09-02,95.62999725341797,4,5,2026-09-09,104.5233702293711,108.75300699015685,93.63745846661796,15.115548523538891,4.649410684960066,4.586895418350943,4.495511134465556,0.771552928968188,9,101.20999908447266,-3.31337114489844,3.273758694665148,True,5y
BZ=F,2026-09-02,95.62999725341797,4,6,2026-09-10,106.33429381130708,111.76828244962027,92.66803282791037,19.100249621709906,4.666587846784157,4.585832501858799,4.477577490550675,0.771552928968188,9,107.62999725341797,1.2957034421108915,1.2038497400126473,True,5y
BZ=F,2026-09-02,95.62999725341797,4,7,2026-09-11,92.63525600153243,98.51940464510939,87.8853827680624,10.63402187704699,4.528669803549001,4.495014873454561,4.457563976850651,0.771552928968188,9,104.61000061035156,11.974744608819137,11.447036171448211,False,5y
BZ=F,2026-09-03,95.5199966430664,4,0,2026-09-03,95.51999664306642,96.67314163502826,94.38060669568054,2.2925349393477177,4.559335614500514,4.492113436359481,4.523634678139513,0.6036077397521911,9,95.5199966430664,-1.4210854715202004e-14,1.4877360986835357e-14,True,5y
BZ=F,2026-09-03,95.5199966430664,4,1,2026-09-04,96.02300845070562,97.18222594651232,94.87761843404436,2.3046075124679533,4.564587834112761,4.499000645236173,4.521004169175116,0.6036077397521911,9,96.27999877929688,0.25699032859125737,0.26691974641623917,True,5y
BZ=F,2026-09-03,95.5199966430664,4,2,2026-09-07,96.47723882898185,97.64193992512685,95.3264306219417,2.315509303185152,4.569307113466748,4.5057827336056935,4.518321996321966,0.6036077397521911,9,,,,,5y
BZ=F,2026-09-03,95.5199966430664,4,3,2026-09-08,96.75412825471616,97.92217203999259,95.44209727356353,2.4800747664290554,4.572173000298974,4.5076181896799525,4.516305130193723,0.6036077397521911,9,97.91999816894531,1.1658699142291482,1.1906351470897967,True,5y
BZ=F,2026-09-03,95.5199966430664,4,4,2026-09-09,96.46808594263628,97.63267654249336,94.30544213408093,3.327234408412423,4.56921223802612,4.509920487644293,4.512633396497049,0.6036077397521911,9,101.20999908447266,4.741913141836378,4.68522199854843,False,5y
BZ=F,2026-09-03,95.5199966430664,4,5,2026-09-10,101.09553837492484,103.29646173177794,94.95479752385225,8.341664207925689,4.616065994240811,4.533641586887919,4.490396588897734,0.6036077397521911,9,107.62999725341797,6.534458878493126,6.071224607678427,False,5y
BZ=F,2026-09-03,95.5199966430664,4,6,2026-09-11,96.24907589209167,97.77099315432903,89.59758478683933,8.1734083674897,4.566939372000677,4.516840819798912,4.5023699977995975,0.6036077397521911,9,104.61000061035156,8.360924718259895,7.992471723045329,False,5y
BZ=F,2026-09-03,95.5199966430664,4,7,2026-09-14,105.66344270852443,110.13083467322515,94.91610356381388,15.214731109411275,4.6602589740988325,4.578984516454523,4.472773781258726,0.6036077397521911,9,105.68000030517578,0.016557596651352924,0.01566767278911713,True,5y
BZ=F,2026-09-04,96.27999877929688,4,0,2026-09-04,96.2799987792969,97.44231873658615,95.13154330820451,2.310775428381632,4.567260600236193,4.505239323755677,4.4839061191662495,0.689813745027601,9,96.27999877929688,-2.842170943040401e-14,2.951984814162206e-14,True,5y
BZ=F,2026-09-04,96.27999877929688,4,1,2026-09-07,96.48872644588529,97.65356622385994,95.33778121125218,2.315785012607762,4.569426177125468,4.515445792119346,4.4909107970149655,0.689813745027601,9,,,,,5y
BZ=F,2026-09-04,96.27999877929688,4,2,2026-09-08,96.64360582567839,97.81031535226529,95.49081314533133,2.3195022069339615,4.571030045428329,4.525828746916471,4.498148312254856,0.689813745027601,9,97.91999816894531,1.2763923432669202,1.3035052768942144,False,5y
BZ=F,2026-09-04,96.27999877929688,4,3,2026-09-09,96.82504603882678,97.99394596407873,95.6700890875189,2.32385687655983,4.572905700885617,4.533015533958455,4.504963687655881,0.689813745027601,9,101.20999908447266,4.384953045645872,4.332529478620062,False,5y
BZ=F,2026-09-04,96.27999877929688,4,4,2026-09-10,96.5801971750101,97.74614121404952,95.42816085125526,2.317980362794259,4.57037372201517,4.535319215782658,4.506352351295195,0.689813745027601,9,107.62999725341797,11.04980007840787,10.266468791586785,False,5y
BZ=F,2026-09-04,96.27999877929688,4,5,2026-09-11,96.56486330166749,97.7306222257585,95.0135359214189,2.7170863043395883,4.570214941114049,4.54365442362742,4.512627654915177,0.689813745027601,9,104.61000061035156,8.045137308684076,7.690600575226436,False,5y
BZ=F,2026-09-04,96.27999877929688,4,6,2026-09-14,96.5294549475973,97.90600988997295,94.83883384382806,3.067176046144894,4.5698481943885305,4.5524837855823534,4.519193442281573,0.689813745027601,9,105.68000030517578,9.15054535757848,8.658729495793088,False,5y
BZ=F,2026-09-04,96.27999877929688,4,7,2026-09-15,96.45617070008775,98.01796335076116,94.52235958254053,3.495603768220633,4.569088715533189,4.5627021170273885,4.5258968734290175,0.689813745027601,9,108.75,12.293829299912247,11.304670620608963,False,5y
BZ=F,2026-09-08,97.91999816894531,4,0,2026-09-08,97.91999816894534,99.10211667260661,96.75198031422697,2.3501363583796433,4.58415080006452,4.550185893776608,4.47551693607054,0.7207862432781933,9,97.91999816894531,-2.842170943040401e-14,2.902543909505277e-14,True,5y
BZ=F,2026-09-08,97.91999816894531,4,1,2026-09-09,97.93543215515756,99.11773698235874,96.76723019941996,2.35050678293878,4.5843084059702495,4.561666482239346,4.484220939981256,0.7207862432781933,9,101.20999908447266,3.2745669293150996,3.2354183963405196,False,5y
BZ=F,2026-09-08,97.91999816894531,4,2,2026-09-10,97.88671936667399,99.32888816921125,96.16987132455375,3.1590168446575007,4.583810885244327,4.572571351024466,4.4929999719701375,0.7207862432781933,9,107.62999725341797,9.743277886743982,9.052567253907059,False,5y
BZ=F,2026-09-08,97.91999816894531,4,3,2026-09-11,97.92006067390241,100.07548042546595,95.26352025076393,4.811960174702023,4.584151438391095,4.572141733791564,4.493523663845384,0.7207862432781933,9,104.61000061035156,6.68993993644915,6.395124651005073,False,5y
BZ=F,2026-09-08,97.91999816894531,4,4,2026-09-14,97.8811029340962,100.9236570348039,94.46902313350421,6.454633901299687,4.5837535067383675,4.578851685998728,4.5003032253394855,0.7207862432781933,9,105.68000030517578,7.798897371079576,7.3797287552596815,False,5y
BZ=F,2026-09-08,97.91999816894531,4,5,2026-09-15,97.85599876274048,101.92581587908971,93.56666804036539,8.359147838724326,4.583496997662921,4.58632803283043,4.508343240372672,0.7207862432781933,9,108.75,10.894001237259516,10.017472402077717,False,5y
BZ=F,2026-09-08,97.91999816894531,4,6,2026-09-16,97.77879843244169,103.01290654447038,92.4977553089494,10.515151235520989,4.58270776859516,4.594446412323513,4.516604972177096,0.7207862432781933,9,105.83000183105469,8.051203398612998,7.607675762366337,False,5y
BZ=F,2026-09-08,97.91999816894531,4,7,2026-09-17,98.02137325197751,104.96826755286355,91.98402301992873,12.984244532934824,4.585185549299378,4.617918493316258,4.530580207441638,0.7207862432781933,9,104.81999969482422,6.798626442846711,6.486001204579675,True,5y
BZ=F,2026-09-09,101.20999908447266,4,0,2026-09-09,101.20999908447264,102.43183542955582,100.00273715414934,2.4290982754064743,4.617197557154991,4.560486549640526,4.496470735042924,0.6227084244186577,9,101.20999908447266,1.4210854715202004e-14,1.4040959236983327e-14,True,5y
BZ=F,2026-09-09,101.20999908447266,4,1,2026-09-10,102.31155129981093,103.54668590143874,101.08601645793138,2.4606694435073564,4.628022582514737,4.571759911996175,4.498580417426701,0.6227084244186577,9,107.62999725341797,5.318445953607039,4.94141604508695,False,5y
BZ=F,2026-09-09,101.20999908447266,4,2,2026-09-11,103.75220872689272,105.7290692433241,101.16938612524281,4.559683118081296,4.642005447818107,4.590843147383357,4.5057856620824115,0.6227084244186577,9,104.61000061035156,0.8577918834588445,0.81999032449481,True,5y
BZ=F,2026-09-09,101.20999908447266,4,3,2026-09-14,104.90613389091286,108.08731413737326,100.89985592896005,7.187458208413204,4.6530659873906615,4.603631709414438,4.5070460325780815,0.6227084244186577,9,105.68000030517578,0.7738664142629261,0.7322732892015569,True,5y
BZ=F,2026-09-09,101.20999908447266,4,4,2026-09-15,107.863932640465,110.88853818534754,101.49068416388566,9.397854021461882,4.680870549845791,4.615989649813766,4.48773866490483,0.6227084244186577,9,108.75,0.886067359535005,0.8147745834804644,True,5y
BZ=F,2026-09-09,101.20999908447266,4,5,2026-09-16,105.62125595280665,110.97229875751223,100.19094322892012,10.781355528592115,4.659859638448445,4.631828374333622,4.523968309965868,0.6227084244186577,9,105.83000183105469,0.20874587824803825,0.19724640899210868,True,5y
BZ=F,2026-09-09,101.20999908447266,4,6,2026-09-17,107.86208882081105,111.55550968125463,98.79425330849237,12.761256372762261,4.68085345575912,4.623323623829494,4.560627213936613,0.6227084244186577,9,104.81999969482422,-3.042089125986834,2.9022029525316304,True,5y
BZ=F,2026-09-09,101.20999908447266,4,7,2026-09-18,103.95169220866426,111.32550150293244,98.19671349198626,13.128788010946181,4.643926293235149,4.614630342871242,4.537878245207419,0.6227084244186577,9,103.87000274658203,-0.08168946208222394,0.07864586494863844,True,5y
BZ=F,2026-09-10,107.62999725341797,4,0,2026-09-10,107.62999725341793,108.9293376709163,106.34615574150958,2.58318192940672,4.678699393757466,4.559335614500514,4.492113436359481,1.0611143903310964,9,107.62999725341797,4.263256414560601e-14,3.961029939007282e-14,True,5y
BZ=F,2026-09-10,107.62999725341797,4,1,2026-09-11,110.35511079912044,112.00529375606105,107.1865716808216,4.8187220752394495,4.703703446076304,4.589265201986247,4.50222310234917,1.0611143903310964,9,104.61000061035156,-5.7451101887688765,5.491932086080474,False,5y
BZ=F,2026-09-10,107.62999725341797,4,2,2026-09-14,112.4705387455559,116.28187184942095,105.17184332431833,11.11002852510262,4.722691309531211,4.6211582038355346,4.524834279059591,1.0611143903310964,9,105.68000030517578,-6.790538440380118,6.425566257353185,True,5y
BZ=F,2026-09-10,107.62999725341797,4,3,2026-09-15,111.22128903470774,118.51413424976235,101.68300645861277,16.831127791149584,4.711521811646469,4.623472584307127,4.5443907104610926,1.0611143903310964,9,108.75,-2.4712890347077376,2.2724496870875748,True,5y
BZ=F,2026-09-10,107.62999725341797,4,4,2026-09-16,115.9587675154247,122.67724288311815,101.94257999390545,20.7346628892127,4.753234675464932,4.6691926240772155,4.530631171457308,1.0611143903310964,9,105.83000183105469,-10.12876568437001,9.57078853739359,True,5y
BZ=F,2026-09-10,107.62999725341797,4,5,2026-09-17,117.48521540181213,123.97509043289594,100.11429660001166,23.860793832884283,4.766312499299856,4.704245213502695,4.537308554609352,1.0611143903310964,9,104.81999969482422,-12.665215706987908,12.0828236442108,True,5y
BZ=F,2026-09-10,107.62999725341797,4,6,2026-09-18,109.39082569035385,125.65468254681844,97.27727149504835,28.377411051770082,4.694927026236989,4.690176776700803,4.610346269972501,1.0611143903310964,9,103.87000274658203,-5.520822943771819,5.3151273686218214,True,5y
BZ=F,2026-09-10,107.62999725341797,4,7,2026-09-21,108.26088895099502,126.4065492081461,96.13155418847062,30.274995019675487,4.6845439525950034,4.713144288682967,4.626164377949745,1.0611143903310964,9,100.33999633789062,-7.9208926131043995,7.894053121579887,True,5y
BZ=F,2026-09-11,104.61000061035156,4,0,2026-09-11,104.61000061035156,105.87288275600025,103.36218248555771,2.510700270442541,4.650239155190213,4.567260600236193,4.505239323755677,0.9205854333463507,9,104.61000061035156,0.0,0.0,True,5y
BZ=F,2026-09-11,104.61000061035156,4,1,2026-09-14,107.02928238478242,108.32137079886047,103.83918119244464,4.4821896064158295,4.673102464169382,4.589385578929345,4.51067144424532,0.9205854333463507,9,105.68000030517578,-1.3492820796066383,1.2767619944268263,True,5y
BZ=F,2026-09-11,104.61000061035156,4,2,2026-09-15,110.50829688393657,112.33952548265647,103.73772838640153,8.601797096254941,4.705090603061579,4.6133920943108055,4.520342234666502,0.9205854333463507,9,108.75,-1.7582968839365662,1.6168247208612103,True,5y
BZ=F,2026-09-11,104.61000061035156,4,3,2026-09-16,109.07025369899618,113.9748112282321,98.87597518131535,15.098836046916745,4.6919922039578985,4.610921591511961,4.523719293107817,0.9205854333463507,9,105.83000183105469,-3.2402518679414953,3.061751688442925,True,5y
BZ=F,2026-09-11,104.61000061035156,4,4,2026-09-17,111.36872903929026,116.54501102203183,95.43556610739593,21.1094449146359,4.712846579283594,4.636604324110277,4.529098746889272,0.9205854333463507,9,104.81999969482422,-6.5487293444660395,6.247595271448376,True,5y
BZ=F,2026-09-11,104.61000061035156,4,5,2026-09-18,110.22751600070015,119.10669780169799,94.60622927238292,24.50046852931507,4.702546557027493,4.640737439441629,4.545834919081244,0.9205854333463507,9,103.87000274658203,-6.357513254118118,6.120644157128723,True,5y
BZ=F,2026-09-11,104.61000061035156,4,6,2026-09-21,115.26254801367253,122.50644207429639,98.22026439027076,24.28617768402563,4.747212552424527,4.673529843235409,4.526634189340777,0.9205854333463507,9,100.33999633789062,-14.922551675781904,14.87198746303603,True,5y
BZ=F,2026-09-11,104.61000061035156,4,7,2026-09-22,110.97098060604529,122.64838660700129,94.56323187893138,28.08515472806991,4.709268731150416,4.668122736855642,4.569413170010908,0.9205854333463507,9,99.25,-11.720980606045288,11.809552247904572,True,5y
BZ=F,2026-09-14,105.68000030517578,4,0,2026-09-14,105.68000030517575,106.95579979622697,104.4194189167844,2.536380879442575,4.660415663101804,4.58415080006452,4.550185893776608,0.9252731728161812,9,105.68000030517578,2.842170943040401e-14,2.6894123153226397e-14,True,5y
BZ=F,2026-09-14,105.68000030517578,4,1,2026-09-15,108.13279703320431,109.43820739488605,104.7030675899772,4.735139804908854,4.6833600739419,4.606149199155073,4.55628456185274,0.9252731728161812,9,108.75,0.6172029667956878,0.5675429579730462,True,5y
BZ=F,2026-09-14,105.68000030517578,4,2,2026-09-16,108.80161536085154,111.32487811303547,102.47138174988886,8.853496363146604,4.689526181378276,4.61540841510265,4.562831720483544,0.9252731728161812,9,105.83000183105469,-2.971613529796855,2.8079121972809666,True,5y
BZ=F,2026-09-14,105.68000030517578,4,3,2026-09-17,110.7144426204961,114.59470278371914,102.66489895719415,11.929803826524989,4.706954297514414,4.627232166944255,4.552719211450844,0.9252731728161812,9,104.81999969482422,-5.894442925671882,5.623395289861785,True,5y
BZ=F,2026-09-14,105.68000030517578,4,4,2026-09-18,112.28873765833798,117.6109014887973,102.06745272779641,15.543448761000889,4.721073568721792,4.669280114388897,4.580089481603583,0.9252731728161812,9,103.87000274658203,-8.418734911755948,8.10506853677057,True,5y
BZ=F,2026-09-14,105.68000030517578,4,5,2026-09-21,111.65667686344193,120.13872950923522,100.12017074341908,20.018558765816138,4.715428778230689,4.667376260689973,4.59578315326263,0.9252731728161812,9,100.33999633789062,-11.316680525551305,11.278334600933082,True,5y
BZ=F,2026-09-14,105.68000030517578,4,6,2026-09-22,112.34942504899055,123.03705809025661,99.25673321118335,23.780324879073262,4.721613881119272,4.687665359382002,4.609462869814107,0.9252731728161812,9,99.25,-13.099425048990554,13.198413147597535,False,5y
BZ=F,2026-09-14,105.68000030517578,4,7,2026-09-23,113.08110654915293,126.19631429717846,98.75528146835136,27.441032828827105,4.728105318320074,4.7114358165189305,4.625936860489528,0.9252731728161812,9,96.37999725341797,-16.701109295734966,17.328397770983216,False,5y
BZ=F,2026-09-15,108.75,4,0,2026-09-15,108.75,110.0628614141859,107.45279877373498,2.61006264045092,4.689051669968793,4.617197557154991,4.560486549640526,1.0527288013589076,9,108.75,0.0,0.0,True,5y
BZ=F,2026-09-15,108.75,4,1,2026-09-16,110.9763697913561,112.69453103299253,108.33539741414471,4.359133618847821,4.709317293886599,4.64151450930926,4.569932967687334,1.0527288013589076,9,105.83000183105469,-5.1463679603014185,4.862862960653631,False,5y
BZ=F,2026-09-15,108.75,4,2,2026-09-17,112.70898441113282,116.99362293456413,108.5451831027321,8.448439831832033,4.724809137576649,4.671983532112659,4.581853531853266,1.0527288013589076,9,104.81999969482422,-7.888984716308599,7.526220892269417,False,5y
BZ=F,2026-09-15,108.75,4,3,2026-09-18,113.31676722798674,120.43832791032271,108.03787426044651,12.400453649876198,4.730187146740236,4.675336053147914,4.592537381016813,1.0527288013589076,9,103.87000274658203,-9.446764481404713,9.094795640327998,False,5y
BZ=F,2026-09-15,108.75,4,4,2026-09-21,111.02585578002297,124.34341576347795,106.62954496268478,17.713870800793174,4.7097631091423615,4.727978617192889,4.636910403176442,1.0527288013589076,9,100.33999633789062,-10.68585944213234,10.649651018670728,False,5y
BZ=F,2026-09-15,108.75,4,5,2026-09-22,115.00196865943974,126.34191266764381,107.26371353520501,19.078199132438797,4.744949246994462,4.721974011330715,4.624545218752165,1.0527288013589076,9,99.25,-15.75196865943974,15.871001168201248,False,5y
BZ=F,2026-09-15,108.75,4,6,2026-09-23,111.64304397687648,128.45433722296735,105.98811481362169,22.46622240934566,4.715306674302112,4.777169200331468,4.686386462683876,1.0527288013589076,9,96.37999725341797,-15.263046723458515,15.836322015372579,False,5y
BZ=F,2026-09-15,108.75,4,7,2026-09-24,113.26542498586258,129.15522784650113,105.62923546749217,23.52599237900897,4.729733958054036,4.816340478174811,4.691577819222436,1.0527288013589076,9,,,,,5y
BZ=F,2026-09-16,105.83000183105469,4,0,2026-09-16,105.83000183105473,107.10761218385672,104.56763118139153,2.5399810024651828,4.661834050407482,4.678699393757466,4.559335614500514,0.8086436536618662,9,105.83000183105469,-4.263256414560601e-14,4.028400586599625e-14,True,5y
BZ=F,2026-09-16,105.83000183105469,4,1,2026-09-17,104.77744284180147,106.22306924742252,103.52762741799185,2.6954418294306635,4.6518385086603296,4.701772092660589,4.575531656885657,0.8086436536618662,9,104.81999969482422,0.042556853022745145,0.04059993622080359,True,5y
BZ=F,2026-09-16,105.83000183105469,4,2,2026-09-18,102.96777425903852,107.26390498228905,101.73954508170884,5.524359900580208,4.634416068003738,4.722050240336403,4.5931042123694805,0.8086436536618662,9,103.87000274658203,0.9022284875435105,0.8686131353483568,True,5y
BZ=F,2026-09-16,105.83000183105469,4,3,2026-09-21,101.85104413707786,107.91622888917243,100.07326466658218,7.842964222590254,4.623511394334335,4.742300588014644,4.606871888850806,0.8086436536618662,9,100.33999633789062,-1.5110477991872386,1.5059277001554296,True,5y
BZ=F,2026-09-16,105.83000183105469,4,4,2026-09-22,103.78415421743297,108.71510354191662,100.43501313091916,8.28009041099746,4.6423133022137355,4.739695993983639,4.598611157582754,0.8086436536618662,9,99.25,-4.53415421743297,4.568417347539517,False,5y
BZ=F,2026-09-16,105.83000183105469,4,5,2026-09-23,102.69505839943395,109.0748843588634,99.17752208044229,9.897362278421113,4.631763998926168,4.807774738834696,4.653459805491986,0.8086436536618662,9,96.37999725341797,-6.315061146015978,6.552252880243804,False,5y
BZ=F,2026-09-16,105.83000183105469,4,6,2026-09-24,103.4745306573629,109.90884285346618,99.38231059869538,10.5265322547708,4.639325501817434,4.785212976812275,4.608428143484985,0.8086436536618662,9,,,,,5y
BZ=F,2026-09-16,105.83000183105469,4,7,2026-09-25,103.85193864920832,110.40227531534538,99.93116856245553,10.471106752889852,4.642966217930339,4.808915275469358,4.606140236361393,0.8086436536618662,9,,,,,5y
BZ=F,2026-09-17,104.81999969482422,4,0,2026-09-17,104.8199996948242,106.08541701008227,103.56967664065203,2.515740369430233,4.652244590462593,4.650239155190213,4.567260600236193,0.6089348075068657,9,104.81999969482422,1.4210854715202004e-14,1.3557388624857728e-14,True,5y
BZ=F,2026-09-17,104.81999969482422,4,1,2026-09-18,104.06401659739386,105.34768863159326,102.82271112667937,2.524977504913892,4.645006253977455,4.666304879204494,4.5787091129775925,0.6089348075068657,9,103.87000274658203,-0.1940138508118281,0.1867852562641935,True,5y
BZ=F,2026-09-17,104.81999969482422,4,2,2026-09-21,103.4943448787493,105.85935181243006,102.19535977881065,3.663992033619408,4.639516972360004,4.6805773853896,4.588643990876475,0.6089348075068657,9,100.33999633789062,-3.1543485408586776,3.143660211264653,False,5y
BZ=F,2026-09-17,104.81999969482422,4,3,2026-09-22,104.10072210028065,106.49045078978732,101.76553416893412,4.724916620853193,4.645358912198985,4.6792287570451165,4.589550752366473,0.6089348075068657,9,99.25,-4.850722100280649,4.887377431013248,False,5y
BZ=F,2026-09-17,104.81999969482422,4,4,2026-09-23,101.71725078726679,107.2926436388477,100.15044635419542,7.142197284652269,4.62219691293019,4.700519383124177,4.599966564969046,0.6089348075068657,9,96.37999725341797,-5.337253533848823,5.537719118019114,False,5y
BZ=F,2026-09-17,104.81999969482422,4,5,2026-09-24,103.92908200701469,107.4402240728684,99.9578741464354,7.4823499264330025,4.6437087627605385,4.7029149200944875,4.604651352228627,0.6089348075068657,9,,,,,5y
BZ=F,2026-09-17,104.81999969482422,4,6,2026-09-25,101.35364188810942,108.93520168147025,98.69986382359292,10.235337857877326,4.618615806027536,4.715800237829976,4.641884999105143,0.6089348075068657,9,,,,,5y
BZ=F,2026-09-17,104.81999969482422,4,7,2026-09-28,101.21263751510426,109.68870041381406,98.00205040993902,11.686650003875044,4.617223625688393,4.717897723381993,4.6515183655551695,0.6089348075068657,9,,,,,5y
BZ=F,2026-09-18,103.87000274658203,4,0,2026-09-18,103.87000274658212,105.12395142425909,102.63101152878886,2.4929398954702293,4.643140143682216,4.660415663101804,4.58415080006452,0.6941904194211477,9,103.87000274658203,-8.526512829121202e-14,8.208830849772725e-14,True,5y
BZ=F,2026-09-18,103.87000274658203,4,1,2026-09-21,102.87644885347444,104.56572778597068,101.64930903180533,2.916418754165349,4.633528742528432,4.676273205373129,4.591347328416222,0.6941904194211477,9,100.33999633789062,-2.536452515583818,2.5278578913262297,False,5y
BZ=F,2026-09-18,103.87000274658203,4,2,2026-09-22,101.97913483285046,105.24770234505411,100.76269843047237,4.485003914581739,4.624768231896676,4.693236026084808,4.598195522256011,0.6941904194211477,9,99.25,-2.7291348328504625,2.7497580179853527,False,5y
BZ=F,2026-09-18,103.87000274658203,4,3,2026-09-23,101.66259267915046,106.62991872902515,100.01903514834484,6.610883580680309,4.6216594151280415,4.728773818873634,4.6063506650331725,0.6941904194211477,9,96.37999725341797,-5.282595425732495,5.481008068347041,False,5y
BZ=F,2026-09-18,103.87000274658203,4,4,2026-09-24,99.35008217800903,106.22071079218402,98.03703487612151,8.183675916062512,4.598649796154092,4.707330745065377,4.6238710436058135,0.6941904194211477,9,,,,,5y
BZ=F,2026-09-18,103.87000274658203,4,5,2026-09-25,100.57039611428364,107.4031749667537,97.75391265311127,9.649262313642424,4.610857941140923,4.719282595473917,4.62565075731832,0.6941904194211477,9,,,,,5y
BZ=F,2026-09-18,103.87000274658203,4,6,2026-09-28,99.7827751621837,108.42762399314937,96.74785550972459,11.67976848342478,4.602995574856141,4.727292273594822,4.629585839740894,0.6941904194211477,9,,,,,5y
BZ=F,2026-09-18,103.87000274658203,4,7,2026-09-29,103.33319346023652,108.98610269053793,97.75876172684247,11.227340963695468,4.637958655199552,4.767124454256595,4.587785737662453,0.6941904194211477,9,,,,,5y
BZ=F,2026-09-21,100.33999633789062,4,0,2026-09-21,100.3399963378906,101.55132975850276,99.14311205013945,2.40821770836331,4.608564382559102,4.689051669968793,4.617197557154991,0.6860128628247824,9,100.33999633789062,2.842170943040401e-14,2.8325404093792395e-14,True,5y
BZ=F,2026-09-21,100.33999633789062,4,1,2026-09-22,98.69319818264498,101.5255992799347,97.51595737614804,4.009641903786658,4.592016030008471,4.68220291586311,4.630217033661589,0.6860128628247824,9,99.25,0.5568018173550229,0.5610093877632472,True,5y
BZ=F,2026-09-21,100.33999633789062,4,2,2026-09-23,97.80195246357323,102.60729860878997,95.59830188762547,7.0089967211645074,4.582944540681714,4.678268427785367,4.6411654807915586,0.6860128628247824,9,96.37999725341797,-1.4219552101552608,1.4753634059735703,True,5y
BZ=F,2026-09-21,100.33999633789062,4,3,2026-09-24,96.56731448245678,103.84038005199903,93.29865883300194,10.541721218997097,4.570240324567159,4.671667806826257,4.653293451406276,0.6860128628247824,9,,,,,5y
BZ=F,2026-09-21,100.33999633789062,4,4,2026-09-25,96.29468093875612,103.99885325561054,90.7610521958023,13.237801059808234,4.567413082997781,4.648135151372152,4.644180734309545,0.6860128628247824,9,,,,,5y
BZ=F,2026-09-21,100.33999633789062,4,5,2026-09-28,95.42307202200728,104.96282486630551,88.78688004870439,16.17594481760112,4.558320394308846,4.632931302826553,4.647030526381332,0.6860128628247824,9,,,,,5y
BZ=F,2026-09-21,100.33999633789062,4,6,2026-09-29,95.17380653883967,106.40117576234147,87.68311429005811,18.718061472283352,4.555704762540238,4.629725800923765,4.620970975890911,0.6860128628247824,9,,,,,5y
BZ=F,2026-09-21,100.33999633789062,4,7,2026-09-30,98.23603902231476,107.49026798029035,87.17986335885725,20.310404621433108,4.587373144187722,4.666670386735318,4.654358904471277,0.6860128628247824,9,,,,,5y
BZ=F,2026-09-22,99.25,4,0,2026-09-22,99.2500000000001,100.44817466995828,98.06611750154676,2.382057168411521,4.597641919567301,4.661834050407482,4.678699393757466,0.8906850182949749,9,99.25,-9.947598300641403e-14,1.0022769068656326e-13,True,5y
BZ=F,2026-09-22,99.25,4,1,2026-09-23,97.58157018985622,99.45480248399677,96.41758920124798,3.0372132827487945,4.580688645566449,4.636644454736104,4.666347170604736,0.8906850182949749,9,96.37999725341797,-1.2015729364382537,1.2467036425399376,False,5y
BZ=F,2026-09-22,99.25,4,2,2026-09-24,97.11726025619981,99.80597168162815,94.41611945751272,5.38985222411543,4.575919117030661,4.634254549696582,4.658153191655922,0.8906850182949749,9,,,,,5y
BZ=F,2026-09-22,99.25,4,3,2026-09-25,96.3383896152152,100.69504861648494,92.38167734173199,8.313371274752953,4.5678668854220845,4.6192396895945365,4.651057663394994,0.8906850182949749,9,,,,,5y
BZ=F,2026-09-22,99.25,4,4,2026-09-28,93.02205331861985,101.48609510112394,90.01221984699363,11.473875254130306,4.532836597500077,4.604781803226773,4.642320466544886,0.8906850182949749,9,,,,,5y
BZ=F,2026-09-22,99.25,4,5,2026-09-29,93.80967428369385,102.16308026768695,89.07102771404078,13.09205255364617,4.541267988046701,4.615043242865074,4.649637926558024,0.8906850182949749,9,,,,,5y
BZ=F,2026-09-22,99.25,4,6,2026-09-30,92.94594491772718,101.88288566498271,88.00939083100897,13.873494833973737,4.532018086725496,4.603545697338615,4.641218941475096,0.8906850182949749,9,,,,,5y
BZ=F,2026-09-22,99.25,4,7,2026-10-01,92.22552486542871,100.92735927349369,87.0668706775094,13.860488595984293,4.524236934607003,4.591952093952225,4.631627350597659,0.8906850182949749,9,,,,,5y
BZ=F,2026-09-23,96.37999725341797,4,0,2026-09-23,96.37999725341795,97.54352442117295,95.23034897181287,2.313175449360074,4.568298682714759,4.652244590462593,4.650239155190213,0.9147388911238244,9,96.37999725341797,1.4210854715202004e-14,1.4744610002256498e-14,True,5y
BZ=F,2026-09-23,96.37999725341797,4,1,2026-09-24,95.00131848618453,96.79065060366229,93.86811548078617,2.9225351228761127,4.5538907703061735,4.628775506136126,4.660744757786025,0.9147388911238244,9,,,,,5y
BZ=F,2026-09-23,96.37999725341797,4,2,2026-09-25,93.0661868403796,96.96106257158863,91.95606664090238,5.004995930686249,4.533310926480237,4.611298395448756,4.655508139411008,0.9147388911238244,9,,,,,5y
BZ=F,2026-09-23,96.37999725341797,4,3,2026-09-28,92.70464046144642,99.26467447514152,90.78422523873417,8.480449236407352,4.529418530234183,4.599433928561479,4.6588411924152435,0.9147388911238244,9,,,,,5y
BZ=F,2026-09-23,96.37999725341797,4,4,2026-09-29,91.44131607622556,98.72611578134325,88.8318988119577,9.894216969385553,4.515697412167599,4.576313768519661,4.655309964714341,0.9147388911238244,9,,,,,5y
BZ=F,2026-09-23,96.37999725341797,4,5,2026-09-30,90.68305297466452,99.15775353586334,87.68012678160443,11.477626754258907,4.507370492636158,4.574444321136529,4.652736823721995,0.9147388911238244,9,,,,,5y
BZ=F,2026-09-23,96.37999725341797,4,6,2026-10-01,90.51616660667005,99.90420205553177,87.22922724122262,12.674974814309152,4.505528471290065,4.543173671443453,4.621096482645493,0.9147388911238244,9,,,,,5y
BZ=F,2026-09-23,96.37999725341797,4,7,2026-10-02,90.14437156072634,99.48863331745537,86.79717637139373,12.691456946061635,4.50141251354301,4.528211421944085,4.605478944613141,0.9147388911238244,9,,,,,5y
BZ=F,2026-09-02,95.62999725341797,4,0,2026-09-02,95.62999725341795,96.7844702045234,94.48929518716643,2.295175017356968,4.560486549640526,4.496470735042924,4.547435128870579,0.6135945554368356,9,95.62999725341797,1.4210854715202004e-14,1.486024795916648e-14,True,7y
BZ=F,2026-09-02,95.62999725341797,4,1,2026-09-03,95.89571171957105,97.05339245246779,94.5671958550049,2.486196597462893,4.563261264722453,4.49751120304275,4.54013321980835,0.6135945554368356,9,95.5199966430664,-0.3757150765046475,0.3933365679529888,True,7y
BZ=F,2026-09-02,95.62999725341797,4,2,2026-09-04,96.12822858149677,97.28871632511691,93.62367879886416,3.665037526252746,4.56568301458553,4.498656929527996,4.531861943264865,0.6135945554368356,9,96.27999877929688,0.15177019780010426,0.15763419165387388,True,7y
BZ=F,2026-09-02,95.62999725341797,4,3,2026-09-07,96.33146785188285,97.49440915868402,92.77104552761271,4.723363631071308,4.567795034397474,4.499484937962402,4.523455104366132,0.6135945554368356,9,,,,,7y
BZ=F,2026-09-02,95.62999725341797,4,4,2026-09-08,102.85245830786359,105.29838162939976,93.63514012226129,11.663241507138466,4.633295517688514,4.532704243433333,4.530514923296504,0.6135945554368356,9,97.91999816894531,-4.932460138918273,5.037234713187087,True,7y
BZ=F,2026-09-02,95.62999725341797,4,5,2026-09-09,94.7878114772965,98.11646837807741,91.8479646219641,6.268503756113319,4.551640830080434,4.494576131909525,4.509022849689996,0.6135945554368356,9,101.20999908447266,6.422187607176156,6.345408225738665,False,7y
BZ=F,2026-09-02,95.62999725341797,4,6,2026-09-10,94.3583848704792,98.51669747164522,90.9192459167616,7.5974515548836195,4.547100137717264,4.493876502983925,4.500558603440024,0.6135945554368356,9,107.62999725341797,13.27161238293877,12.330774618241763,False,7y
BZ=F,2026-09-02,95.62999725341797,4,7,2026-09-11,93.88166902422448,98.69859144001364,89.75341441190146,8.945177028112184,4.542035149097314,4.492658274432736,4.490917002846059,0.6135945554368356,9,104.61000061035156,10.728331586127084,10.255550639070997,False,7y
BZ=F,2026-09-03,95.5199966430664,4,0,2026-09-03,95.51999664306642,96.67314163502826,94.38060669568054,2.2925349393477177,4.559335614500514,4.492113436359481,4.523634678139513,0.5215993346903012,9,95.5199966430664,-1.4210854715202004e-14,1.4877360986835357e-14,True,7y
BZ=F,2026-09-03,95.5199966430664,4,1,2026-09-04,96.00247692620485,97.1614465595169,94.85733181546323,2.3041147440536776,4.564373992449622,4.497407798088469,4.5226546753745875,0.5215993346903012,9,96.27999877929688,0.2775218530920256,0.2882445540201868,True,7y
BZ=F,2026-09-03,95.5199966430664,4,2,2026-09-07,96.44920558513135,97.61356825585874,95.29873176667326,2.314836489185481,4.5690165027717455,4.5028047292705065,4.521794809478572,0.5215993346903012,9,,,,,7y
BZ=F,2026-09-03,95.5199966430664,4,3,2026-09-08,96.85741928046754,98.0267100248441,95.70207617183777,2.3246338530063326,4.573239992809141,4.508257396078381,4.520718214248683,0.5215993346903012,9,97.91999816894531,1.0625788884777734,1.0851500289496159,True,7y
BZ=F,2026-09-03,95.5199966430664,4,4,2026-09-09,97.08040272824094,98.25238539321138,95.72419247228409,2.528192920927296,4.575539529265957,4.508170883609862,4.520499054414301,0.5215993346903012,9,101.20999908447266,4.1295963562317155,4.08022566306422,False,7y
BZ=F,2026-09-03,95.5199966430664,4,5,2026-09-10,101.2431524234433,102.48733309464458,95.88703755554077,6.600295539103811,4.617525073313866,4.526780617302039,4.493339446146269,0.5215993346903012,9,107.62999725341797,6.386844829974663,5.9340750654639995,False,7y
BZ=F,2026-09-03,95.5199966430664,4,6,2026-09-11,101.18309091220314,102.95843970203416,95.77831422628881,7.180125475745342,4.616931657045175,4.528441601331245,4.492407651956007,0.5215993346903012,9,104.61000061035156,3.426909698148421,3.275891098512541,False,7y
BZ=F,2026-09-03,95.5199966430664,4,7,2026-09-14,96.997669777835,98.4537157765945,92.3012981457592,6.152417630835302,4.574686955305911,4.517343816827183,4.508151320142147,0.5215993346903012,9,105.68000030517578,8.682330527340781,8.215679884811237,False,7y
BZ=F,2026-09-04,96.27999877929688,4,0,2026-09-04,96.2799987792969,97.44231873658615,95.13154330820451,2.310775428381632,4.567260600236193,4.505239323755677,4.4839061191662495,0.6469693073365473,9,96.27999877929688,-2.842170943040401e-14,2.951984814162206e-14,True,7y
BZ=F,2026-09-04,96.27999877929688,4,1,2026-09-07,96.62466859034555,97.7911495011572,95.47210179877915,2.319047702378043,4.570834077047583,4.514311646209217,4.489695763336632,0.6469693073365473,9,,,,,7y
BZ=F,2026-09-04,96.27999877929688,4,2,2026-09-08,96.81726777882898,97.98607380267936,95.66240360883978,2.3236701938395754,4.572825364518542,4.524080048553652,4.496563408996314,0.6469693073365473,9,97.91999816894531,1.102730390116335,1.1261544227296143,True,7y
BZ=F,2026-09-04,96.27999877929688,4,3,2026-09-09,97.09934478506558,98.27155612401774,95.94111591955095,2.3304402044667825,4.575734627437907,4.528567404512172,4.500468695920361,0.6469693073365473,9,101.20999908447266,4.110654299407074,4.061510064807142,False,7y
BZ=F,2026-09-04,96.27999877929688,4,4,2026-09-10,99.4588228249964,100.65951846441976,96.54764979865291,4.111868665766849,4.599743717553936,4.553621866841874,4.508823162191517,0.6469693073365473,9,107.62999725341797,8.171174428421565,7.591911768967435,False,7y
BZ=F,2026-09-04,96.27999877929688,4,5,2026-09-11,99.0714429442342,100.26746202183611,96.5845778609248,3.682884160911314,4.595841235774746,4.560068915547758,4.513878478861415,0.6469693073365473,9,104.61000061035156,5.538557666117356,5.294482013002966,False,7y
BZ=F,2026-09-04,96.27999877929688,4,6,2026-09-14,102.90439126117403,104.14668279806676,96.76751022289645,7.379172575170315,4.633800316965155,4.592216372557582,4.53161630601087,0.6469693073365473,9,105.68000030517578,2.7756090440017545,2.626427929586045,False,7y
BZ=F,2026-09-04,96.27999877929688,4,7,2026-09-15,96.94394226033839,98.1142775351215,95.78756708076068,2.3267104543608212,4.574132896604362,4.561033638047832,4.521526133843975,0.6469693073365473,9,108.75,11.806057739661611,10.856145047964699,False,7y
BZ=F,2026-09-08,97.91999816894531,4,0,2026-09-08,97.91999816894534,99.10211667260661,96.75198031422697,2.3501363583796433,4.58415080006452,4.550185893776608,4.47551693607054,0.6424805683158609,9,97.91999816894531,-2.842170943040401e-14,2.902543909505277e-14,True,7y
BZ=F,2026-09-08,97.91999816894531,4,1,2026-09-09,98.15570950157539,99.34067358053318,96.9848800143997,2.355793566133471,4.586555090213225,4.56039205474042,4.482789998524327,0.6424805683158609,9,101.20999908447266,3.054289582897269,3.017774538608655,False,7y
BZ=F,2026-09-08,97.91999816894531,4,2,2026-09-10,98.33779567885298,99.5249579547414,96.74812393555744,2.7768340191839513,4.5884084464270245,4.570248809694506,4.490057082407937,0.6424805683158609,9,107.62999725341797,9.292201574564984,8.633468188878817,False,7y
BZ=F,2026-09-08,97.91999816894531,4,3,2026-09-11,99.34260945896276,100.7889178870185,96.82329395226014,3.965623934758355,4.598574577292359,4.579403754399184,4.493595378801379,0.6424805683158609,9,104.61000061035156,5.267391151388807,5.03526538634546,False,7y
BZ=F,2026-09-08,97.91999816894531,4,4,2026-09-14,102.2812072794977,103.51597555934694,97.34782737387128,6.168148185475658,4.627725954024595,4.605225933040497,4.507285484226997,0.6424805683158609,9,105.68000030517578,3.3987930256780743,3.2161175396132307,False,7y
BZ=F,2026-09-08,97.91999816894531,4,5,2026-09-15,104.23496867962284,105.49332333146977,97.11922253315576,8.374100798314004,4.646647664955848,4.620986881873371,4.497655173131943,0.6424805683158609,9,108.75,4.515031320377162,4.15175293827785,False,7y
BZ=F,2026-09-08,97.91999816894531,4,6,2026-09-16,104.36219340254777,107.02728761833913,96.61480261383024,10.412485004508895,4.6478674777033495,4.6287408132436285,4.502004334881161,0.6424805683158609,9,105.83000183105469,1.4678084285069133,1.386949261184082,True,7y
BZ=F,2026-09-08,97.91999816894531,4,7,2026-09-17,102.71157577554408,107.38488357743542,95.26364134955315,12.121242227882263,4.631924825047603,4.625544572178407,4.52863667898403,0.6424805683158609,9,104.81999969482422,2.108423919280142,2.0114710221509866,True,7y
BZ=F,2026-09-09,101.20999908447266,4,0,2026-09-09,101.20999908447264,102.43183542955582,100.00273715414934,2.4290982754064743,4.617197557154991,4.560486549640526,4.496470735042924,0.58521317232842,9,101.20999908447266,1.4210854715202004e-14,1.4040959236983327e-14,True,7y
BZ=F,2026-09-09,101.20999908447266,4,1,2026-09-10,102.55406261848609,103.98259436309347,101.16219875404248,2.8203956090509905,4.630390099711134,4.570563577770956,4.49964413873516,0.58521317232842,9,107.62999725341797,5.075934634931883,4.716096594316961,False,7y
BZ=F,2026-09-09,101.20999908447266,4,2,2026-09-11,104.9500076157222,107.90990034008833,101.47959666121633,6.430303678871994,4.653484118831882,4.588609425367768,4.504433982607462,0.58521317232842,9,104.61000061035156,-0.3400070053706372,0.32502342356070324,True,7y
BZ=F,2026-09-09,101.20999908447266,4,3,2026-09-14,105.32117270182478,110.28307622454707,101.4412705453135,8.841805679233573,4.657014469220741,4.598566374131424,4.514126551488133,0.58521317232842,9,105.68000030517578,0.3588276033510027,0.33954163731529513,True,7y
BZ=F,2026-09-09,101.20999908447266,4,4,2026-09-15,104.40892354229814,110.46569962278414,100.8799198218457,9.58577980093844,4.648315146338883,4.587520719516546,4.520093581239524,0.58521317232842,9,108.75,4.34107645770186,3.991794443863779,True,7y
BZ=F,2026-09-09,101.20999908447266,4,5,2026-09-16,107.13017965872416,111.60034835531836,100.43965048495603,11.160697870362327,4.674044727289061,4.607422760198945,4.549620188423826,0.58521317232842,9,105.83000183105469,-1.3001778276694722,1.2285531561693206,True,7y
BZ=F,2026-09-09,101.20999908447266,4,6,2026-09-17,107.82698653192044,112.48743174695792,100.26726696453653,12.220164782421392,4.680527966031436,4.623490322560558,4.560873544838681,0.58521317232842,9,104.81999969482422,-3.006986837096221,2.868714792836142,True,7y
BZ=F,2026-09-09,101.20999908447266,4,7,2026-09-18,105.87548726974313,112.22545056951827,99.66849671517494,12.556953854343334,4.662263755273251,4.612686294707309,4.554248246047247,0.58521317232842,9,103.87000274658203,-2.005484523161101,1.9307639069327878,True,7y
BZ=F,2026-09-10,107.62999725341797,4,0,2026-09-10,107.62999725341793,108.9293376709163,106.34615574150958,2.58318192940672,4.678699393757466,4.559335614500514,4.492113436359481,0.9932442668305715,9,107.62999725341797,4.263256414560601e-14,3.961029939007282e-14,True,7y
BZ=F,2026-09-10,107.62999725341797,4,1,2026-09-11,109.78604776365512,111.11141664572293,106.76868202776252,4.342734617960403,4.698533451453644,4.586450134705727,4.505662728432416,0.9932442668305715,9,104.61000061035156,-5.176047153303557,4.947946776697912,False,7y
BZ=F,2026-09-10,107.62999725341797,4,2,2026-09-14,111.31403670344135,114.17103977498415,104.66572473132443,9.50531504365972,4.712355366263438,4.618621046705298,4.523747516582116,0.9932442668305715,9,105.68000030517578,-5.634036398265565,5.331222920132441,True,7y
BZ=F,2026-09-10,107.62999725341797,4,3,2026-09-15,110.29783102142602,116.59816029031337,101.89693860787571,14.701221682437662,4.703184261709139,4.619554247328701,4.538065295322924,0.9932442668305715,9,108.75,-1.5478310214260205,1.4232928932653062,True,7y
BZ=F,2026-09-10,107.62999725341797,4,4,2026-09-16,109.96073026544958,118.5751293513735,98.86265014015788,19.712479211215623,4.700123304466786,4.638797173195827,4.556577177803705,0.9932442668305715,9,105.83000183105469,-4.1307284343948965,3.9031733562559365,True,7y
BZ=F,2026-09-10,107.62999725341797,4,5,2026-09-17,109.18171285880157,119.75144970861244,95.7478962385491,24.003553470063338,4.693013584624043,4.656359604442378,4.572269291901286,0.9932442668305715,9,104.81999969482422,-4.361713163977356,4.161145942259268,True,7y
BZ=F,2026-09-10,107.62999725341797,4,6,2026-09-18,115.93429308570258,122.70774810055862,98.79268778116982,23.9150603193888,4.753023591702878,4.6974908785889955,4.529223886347563,0.9932442668305715,9,103.87000274658203,-12.064290339120546,11.614797362193713,True,7y
BZ=F,2026-09-10,107.62999725341797,4,7,2026-09-21,107.41486787572208,123.6916038848383,93.99121865266046,29.700385232177837,4.67669860709062,4.686898432860284,4.5939624520154,0.9932442668305715,9,100.33999633789062,-7.074871537831456,7.050898740325971,True,7y
BZ=F,2026-09-11,104.61000061035156,4,0,2026-09-11,104.61000061035156,105.87288275600025,103.36218248555771,2.510700270442541,4.650239155190213,4.567260600236193,4.505239323755677,0.9550653310726103,9,104.61000061035156,0.0,0.0,True,7y
BZ=F,2026-09-11,104.61000061035156,4,1,2026-09-14,107.01867697281374,108.31063735529496,103.48547759918753,4.825159756107425,4.673003370377419,4.591197364337922,4.511696305929313,0.9550653310726103,9,105.68000030517578,-1.3386766676379551,1.2667265932742358,True,7y
BZ=F,2026-09-11,104.61000061035156,4,2,2026-09-15,109.13000698269357,111.11020664095952,101.520418368146,9.589788272813522,4.692539896110093,4.61637032629429,4.521552965928016,0.9550653310726103,9,108.75,-0.3800069826935726,0.3494317082239748,True,7y
BZ=F,2026-09-11,104.61000061035156,4,3,2026-09-16,111.11487667582169,114.14878482732631,98.95514823924772,15.19363658807859,4.710564591154057,4.63516901452784,4.528788902863476,0.9550653310726103,9,105.83000183105469,-5.284874844767003,4.993739727231312,True,7y
BZ=F,2026-09-11,104.61000061035156,4,4,2026-09-17,111.46489431841121,116.8264092293541,96.86613644776281,19.960272781591286,4.7137096921625385,4.643548118576241,4.513021744640432,0.9550653310726103,9,104.81999969482422,-6.644894623586993,6.339338525980843,True,7y
BZ=F,2026-09-11,104.61000061035156,4,5,2026-09-18,109.19052189813215,118.05132690410915,93.53805925371904,24.513267650390105,4.69309426373918,4.652851687216418,4.539824033268712,0.9550653310726103,9,103.87000274658203,-5.320519151550116,5.1222865224437415,True,7y
BZ=F,2026-09-11,104.61000061035156,4,6,2026-09-21,109.79690103571404,119.89057961756971,93.56274726532148,26.327832352248237,4.698632304958682,4.670663366287143,4.499585343118689,0.9550653310726103,9,100.33999633789062,-9.456904697823418,9.424860517213594,True,7y
BZ=F,2026-09-11,104.61000061035156,4,7,2026-09-22,109.39612501618976,122.03149001974253,93.30669534052466,28.72479467921788,4.694975469033233,4.665950758866473,4.556846001455962,0.9550653310726103,9,99.25,-10.146125016189757,10.222795986085398,True,7y
BZ=F,2026-09-14,105.68000030517578,4,0,2026-09-14,105.68000030517575,106.95579979622697,104.4194189167844,2.536380879442575,4.660415663101804,4.58415080006452,4.550185893776608,0.9551313952740954,9,105.68000030517578,2.842170943040401e-14,2.6894123153226397e-14,True,7y
BZ=F,2026-09-14,105.68000030517578,4,1,2026-09-15,107.93652821552062,109.2395691633399,104.49116225199386,4.748406911346038,4.681543352651736,4.608660705452022,4.556251310859906,0.9551313952740954,9,108.75,0.8134717844793755,0.7480200317051728,True,7y
BZ=F,2026-09-14,105.68000030517578,4,2,2026-09-16,109.64639829840966,111.4035674618228,102.8907030619118,8.51286439991101,4.6972606270686885,4.626487616082342,4.557860229282209,0.9551313952740954,9,105.83000183105469,-3.816396467354977,3.606157423532328,True,7y
BZ=F,2026-09-14,105.68000030517578,4,3,2026-09-17,109.84130089803577,113.79786609062401,102.14477372265384,11.653092367970174,4.699036604962376,4.637138091833368,4.5682713924383656,0.9551313952740954,9,104.81999969482422,-5.02130120321155,4.790403756755106,True,7y
BZ=F,2026-09-14,105.68000030517578,4,4,2026-09-18,111.89282332022398,116.68500620393529,101.24418192645486,15.44082427748043,4.717541478499978,4.6742645515442085,4.577957014597462,0.9551313952740954,9,103.87000274658203,-8.022820573641951,7.723905229131181,True,7y
BZ=F,2026-09-14,105.68000030517578,4,5,2026-09-21,111.72227460635547,119.76776687272942,100.94379754806535,18.823969324664077,4.716016100754746,4.677703543271913,4.58829620989955,0.9551313952740954,9,100.33999633789062,-11.382278268464844,11.343710069647114,False,7y
BZ=F,2026-09-14,105.68000030517578,4,6,2026-09-22,112.59008397376593,123.42462381805726,100.67616432497391,22.748459493083345,4.7237536476515665,4.703004343345878,4.600471040748686,0.9551313952740954,9,99.25,-13.340083973765928,13.440890653668442,False,7y
BZ=F,2026-09-14,105.68000030517578,4,7,2026-09-23,109.4133283023655,126.88569518142052,99.52939673022128,27.356298451199237,4.695132713484515,4.777363727145112,4.680347273214837,0.9551313952740954,9,96.37000274658203,-13.043325555783468,13.534632337909816,False,7y
BZ=F,2026-09-15,108.75,4,0,2026-09-15,108.75,110.0628614141859,107.45279877373498,2.61006264045092,4.689051669968793,4.617197557154991,4.560486549640526,0.9909692642466863,9,108.75,0.0,0.0,True,7y
BZ=F,2026-09-15,108.75,4,1,2026-09-16,110.69047039395946,112.02675772727731,108.43076749401983,3.5959902332574813,4.706737751040318,4.642369326550368,4.5694092588882445,0.9909692642466863,9,105.83000183105469,-4.860468562904771,4.592713293782178,False,7y
BZ=F,2026-09-15,108.75,4,2,2026-09-17,112.019330030987,114.6366145803201,108.40045427850822,6.2361603018118785,4.718671445965613,4.669821234489773,4.5788139829442125,0.9909692642466863,9,104.81999969482422,-7.199330336162788,6.868279295099325,False,7y
BZ=F,2026-09-15,108.75,4,3,2026-09-18,112.06867255727038,116.84917843095751,107.54717259386233,9.30200583709518,4.719111831229536,4.673570950512415,4.5888533660478235,0.9909692642466863,9,103.87000274658203,-8.198669810688344,7.893202651290131,False,7y
BZ=F,2026-09-15,108.75,4,4,2026-09-21,111.21645247674056,120.1535105838452,106.8915789826798,13.2619316011654,4.711478324799902,4.71807137570536,4.624052108964815,0.9909692642466863,9,100.33999633789062,-10.876456138849932,10.839601889384102,False,7y
BZ=F,2026-09-15,108.75,4,5,2026-09-22,113.30080930476048,122.02467574731011,105.94306802735673,16.081607719953382,4.730046311033696,4.714435138986688,4.614202344809835,0.9909692642466863,9,99.25,-14.050809304760477,14.156986705048341,False,7y
BZ=F,2026-09-15,108.75,4,6,2026-09-23,113.62592030242098,124.49579801082247,105.09927517438418,19.396522836438294,4.732911651936094,4.73966525543487,4.63258359898045,0.9909692642466863,9,96.37000274658203,-17.25591755583895,17.905901280521615,False,7y
BZ=F,2026-09-15,108.75,4,7,2026-09-24,110.19923210758266,126.48335834712437,103.47712385391802,23.00623449320635,4.70228992852378,4.77694598126887,4.687312453222051,0.9909692642466863,9,,,,,7y
BZ=F,2026-09-16,105.83000183105469,4,0,2026-09-16,105.83000183105473,107.10761218385672,104.56763118139153,2.5399810024651828,4.661834050407482,4.678699393757466,4.559335614500514,0.6975524933961731,9,105.83000183105469,-4.263256414560601e-14,4.028400586599625e-14,True,7y
BZ=F,2026-09-16,105.83000183105469,4,1,2026-09-17,105.09397653311134,106.36270137590381,103.8403854045429,2.5223159713609107,4.6548549644718396,4.697670319907738,4.57834909841813,0.6975524933961731,9,104.81999969482422,-0.27397683828712616,0.2613784001953728,True,7y
BZ=F,2026-09-16,105.83000183105469,4,2,2026-09-18,103.81916115311573,106.62121506788357,102.56871171007694,4.0525033578066285,4.642650550546712,4.712572725373745,4.597730608852082,0.6975524933961731,9,103.87000274658203,0.050841593466302015,0.04894733043412288,True,7y
BZ=F,2026-09-16,105.83000183105469,4,3,2026-09-21,103.1691803497368,106.8072356784219,101.00049225855763,5.806743419864276,4.636370168423721,4.727184800675314,4.618455514562541,0.6975524933961731,9,100.33999633789062,-2.8291840118461806,2.8195974836584856,False,7y
BZ=F,2026-09-16,105.83000183105469,4,4,2026-09-22,102.46297572014255,107.04833021812836,99.6033693995989,7.444960818529452,4.629501520839105,4.723181085354048,4.626724261972672,0.6975524933961731,9,99.25,-3.212975720142552,3.2372551336448887,False,7y
BZ=F,2026-09-16,105.83000183105469,4,5,2026-09-23,101.74594189030803,107.68588010397349,99.149368087306,8.536512016667487,4.622478940385415,4.737647653868834,4.643004846766475,0.6975524933961731,9,96.37000274658203,-5.375939143726001,5.578436225495147,False,7y
BZ=F,2026-09-16,105.83000183105469,4,6,2026-09-24,103.5811259874377,107.8705992035147,99.93347860016956,7.937120603345136,4.640355131639862,4.759733777124388,4.633438536382403,0.6975524933961731,9,,,,,7y
BZ=F,2026-09-16,105.83000183105469,4,7,2026-09-25,103.62396416635583,107.98198221359083,100.27001356790801,7.711968645682816,4.640768617423408,4.7776127119072545,4.646374785775241,0.6975524933961731,9,,,,,7y
BZ=F,2026-09-17,104.81999969482422,4,0,2026-09-17,104.8199996948242,106.08541701008227,103.56967664065203,2.515740369430233,4.652244590462593,4.650239155190213,4.567260600236193,0.6075858319695366,9,104.81999969482422,1.4210854715202004e-14,1.3557388624857728e-14,True,7y
BZ=F,2026-09-17,104.81999969482422,4,1,2026-09-18,104.11175851099088,105.36862573409084,102.86988356102248,2.498742173068365,4.645464923238171,4.665890632536327,4.580507664207122,0.6075858319695366,9,103.87000274658203,-0.24175576440885038,0.23274839512489148,True,7y
BZ=F,2026-09-17,104.81999969482422,4,2,2026-09-21,103.51034470860692,105.76318270574012,102.27564359516215,3.48753911057797,4.639671556586297,4.680012372712576,4.59238578271767,0.6075858319695366,9,100.33999633789062,-3.1703483707162974,3.1596058266140306,False,7y
BZ=F,2026-09-17,104.81999969482422,4,3,2026-09-22,102.55514282646052,106.03996558833448,101.1031952225957,4.936770365738781,4.630400632714488,4.689129058793368,4.601644791801357,0.6075858319695366,9,99.25,-3.305142826460525,3.330118716836801,False,7y
BZ=F,2026-09-17,104.81999969482422,4,4,2026-09-23,103.48027644998385,106.67284980310107,100.86348789897116,5.809361904129915,4.639381028844834,4.692251185432472,4.602376286172153,0.6075858319695366,9,96.37000274658203,-7.110273703401816,7.378098475413811,False,7y
BZ=F,2026-09-17,104.81999969482422,4,5,2026-09-24,103.20380159482406,107.07452746473201,100.02806994371203,7.046457521019988,4.636705689528139,4.705406745613534,4.6111277024277,0.6075858319695366,9,,,,,7y
BZ=F,2026-09-17,104.81999969482422,4,6,2026-09-25,102.94563705784356,107.31861264708293,99.15426114854527,8.164351498537656,4.6342010533416165,4.719968889935405,4.619337024521781,0.6075858319695366,9,,,,,7y
BZ=F,2026-09-17,104.81999969482422,4,7,2026-09-28,100.57430060550256,107.7592631460206,97.38501369589727,10.37424945012333,4.610896763851967,4.728042127611417,4.654913937009088,0.6075858319695366,9,,,,,7y
BZ=F,2026-09-18,103.87000274658203,4,0,2026-09-18,103.87000274658212,105.12395142425909,102.63101152878886,2.4929398954702293,4.643140143682216,4.660415663101804,4.58415080006452,0.5888805980817774,9,103.87000274658203,-8.526512829121202e-14,8.208830849772725e-14,True,7y
BZ=F,2026-09-18,103.87000274658203,4,1,2026-09-21,103.07302709458772,104.3173544519746,101.8435424312135,2.4738120207610876,4.63543773792555,4.674672891541464,4.594173297703076,0.5888805980817774,9,100.33999633789062,-2.73303075669709,2.72377003831426,False,7y
BZ=F,2026-09-18,103.87000274658203,4,2,2026-09-22,102.3291597389206,104.30759404043421,100.92962001289617,3.3779740275380448,4.628194673777163,4.689217494710462,4.603336498023234,0.5888805980817774,9,99.25,-3.0791597389205947,3.1024279485346042,False,7y
BZ=F,2026-09-18,103.87000274658203,4,3,2026-09-23,102.69969609710637,104.94820203461667,100.69086966257062,4.257332372046051,4.631809157797772,4.6934319813511935,4.600616088614185,0.5888805980817774,9,96.37000274658203,-6.329693350524337,6.568115772673705,False,7y
BZ=F,2026-09-18,103.87000274658203,4,4,2026-09-24,102.38481275436682,105.26520793113835,99.66233131949745,5.602876611640895,4.628738388660318,4.707102303694415,4.605721584024021,0.5888805980817774,9,,,,,7y
BZ=F,2026-09-18,103.87000274658203,4,5,2026-09-25,100.66355955009351,105.6139321173916,97.72037041826596,7.893561699125641,4.611783862833992,4.718950023195338,4.628288339480541,0.5888805980817774,9,,,,,7y
BZ=F,2026-09-18,103.87000274658203,4,6,2026-09-28,100.07349831771671,105.61281508257981,95.74123171153701,9.871583371042803,4.605904899197396,4.7304389370373965,4.63500532405467,0.5888805980817774,9,,,,,7y
BZ=F,2026-09-18,103.87000274658203,4,7,2026-09-29,103.66137778164202,107.17267315103578,98.36793006109494,8.804743089940843,4.641129604026135,4.794678174046291,4.657513078506193,0.5888805980817774,9,,,,,7y
BZ=F,2026-09-21,100.33999633789062,4,0,2026-09-21,100.3399963378906,101.55132975850276,99.14311205013945,2.40821770836331,4.608564382559102,4.689051669968793,4.617197557154991,0.5980942514170009,9,100.33999633789062,2.842170943040401e-14,2.8325404093792395e-14,True,7y
BZ=F,2026-09-21,100.33999633789062,4,1,2026-09-22,98.73243365602703,100.9666808961039,97.55472483753759,3.411956058566304,4.592413500929883,4.683735411017061,4.632119787108216,0.5980942514170009,9,99.25,0.5175663439729732,0.5214774246579075,True,7y
BZ=F,2026-09-21,100.33999633789062,4,2,2026-09-23,98.30629070942034,101.80876082711679,96.79560830711473,5.013152520002052,4.58808802011489,4.683788043232578,4.639766314878649,0.5980942514170009,9,96.37000274658203,-1.936287962838307,2.0092226913493385,False,7y
BZ=F,2026-09-21,100.33999633789062,4,3,2026-09-24,97.35502004146493,102.67162716491393,95.12550898413292,7.546118180781008,4.5783642974272,4.681071732469276,4.652057622782285,0.5980942514170009,9,,,,,7y
BZ=F,2026-09-21,100.33999633789062,4,4,2026-09-25,96.42555657353661,102.86739459711777,93.23654084119914,9.630853755918622,4.568771276165127,4.661526456815565,4.65667992895378,0.5980942514170009,9,,,,,7y
BZ=F,2026-09-21,100.33999633789062,4,5,2026-09-28,96.325400978902,103.68839308759513,91.68121583484526,12.00717725274987,4.567732053274406,4.662255895856818,4.661563934722213,0.5980942514170009,9,,,,,7y
BZ=F,2026-09-21,100.33999633789062,4,6,2026-09-29,95.5659677461871,104.71523284739361,90.0562104871391,14.65902236025451,4.559816770760782,4.655360058764323,4.671259141980258,0.5980942514170009,9,,,,,7y
BZ=F,2026-09-21,100.33999633789062,4,7,2026-09-30,98.02625892752506,108.42126949780062,90.72137285776677,17.699896640033856,4.585235391018905,4.6939758692737446,4.6782468247256315,0.5980942514170009,9,,,,,7y
BZ=F,2026-09-22,99.25,4,0,2026-09-22,99.2500000000001,100.44817466995828,98.06611750154676,2.382057168411521,4.597641919567301,4.661834050407482,4.678699393757466,0.7712074983632553,9,99.25,-9.947598300641403e-14,1.0022769068656326e-13,True,7y
BZ=F,2026-09-22,99.25,4,1,2026-09-23,97.62587078230591,99.20755080535328,96.46136136351053,2.746189441842745,4.581142527785175,4.636688175226812,4.676420800377968,0.7712074983632553,9,96.37000274658203,-1.2558680357238785,1.3031731866049163,False,7y
BZ=F,2026-09-22,99.25,4,2,2026-09-24,97.73750618851064,100.03184284689827,96.29806203860154,3.7337808082967285,4.582285376768299,4.630202012223739,4.6735445278998515,0.7712074983632553,9,,,,,7y
BZ=F,2026-09-22,99.25,4,3,2026-09-25,96.80413187088844,100.51709051392005,94.50528081184407,6.011809702075979,4.572689677988185,4.611923784902539,4.671872839385833,0.7712074983632553,9,,,,,7y
BZ=F,2026-09-22,99.25,4,4,2026-09-28,96.05779377889759,101.11338045670992,92.89547556743724,8.217904889272674,4.56495002885756,4.622030079313776,4.688579006962153,0.7712074983632553,9,,,,,7y
BZ=F,2026-09-22,99.25,4,5,2026-09-29,94.98536889413202,100.65706208973835,90.90325293243009,9.753809157308254,4.553722868098815,4.579527940135396,4.6640836237454835,0.7712074983632553,9,,,,,7y
BZ=F,2026-09-22,99.25,4,6,2026-09-30,93.90308557170518,100.34472830925654,89.27566928680673,11.069059022449807,4.542263245862887,4.598382598451256,4.687565610529681,0.7712074983632553,9,,,,,7y
BZ=F,2026-09-22,99.25,4,7,2026-10-01,92.7595749550357,100.04523758560264,87.86602943801884,12.179208147583793,4.530010930175838,4.588020686568369,4.68444836696347,0.7712074983632553,9,,,,,7y
BZ=F,2026-09-23,96.37000274658203,4,0,2026-09-23,96.370002746582,97.5334092577634,95.22047368232427,2.312935575439127,4.56819497836358,4.652244590462593,4.650239155190213,0.742284127989144,9,96.37000274658203,2.842170943040401e-14,2.9492278323518095e-14,True,7y
BZ=F,2026-09-23,96.37000274658203,4,1,2026-09-24,94.80156557960832,95.94603746424171,93.67074528423626,2.275292180005451,4.551785923677443,4.635041428294144,4.656666122831126,0.742284127989144,9,,,,,7y
BZ=F,2026-09-23,96.37000274658203,4,2,2026-09-25,93.34793327632806,95.28178369056542,92.23445232446271,3.0473313661027106,4.53633373022822,4.6167452117100085,4.658540901287075,0.742284127989144,9,,,,,7y
BZ=F,2026-09-23,96.37000274658203,4,3,2026-09-28,91.93752744659501,94.8307797461537,90.84087022044793,3.9899095257057695,4.5211092968969755,4.594253132665534,4.658732373611923,0.742284127989144,9,,,,,7y
BZ=F,2026-09-23,96.37000274658203,4,4,2026-09-29,90.96032046163793,93.98974762185675,89.57210226391456,4.417645357942192,4.510423372541153,4.573798069821466,4.6559326964263565,0.742284127989144,9,,,,,7y
BZ=F,2026-09-23,96.37000274658203,4,5,2026-09-30,90.62404551225575,94.15125266648342,88.6252571608903,5.525995505593116,4.506719580840817,4.568051374220293,4.652022945708826,0.742284127989144,9,,,,,7y
BZ=F,2026-09-23,96.37000274658203,4,6,2026-10-01,90.46982982304984,93.91071003256857,87.60431967006863,6.30639036249994,4.5050164230040455,4.537143175472728,4.639199905842364,0.742284127989144,9,,,,,7y
BZ=F,2026-09-23,96.37000274658203,4,7,2026-10-02,89.2300203592074,94.15511184124205,87.03518833661666,7.11992350462539,4.491217534077532,4.538189793935531,4.632418554954674,0.742284127989144,9,,,,,7y
BZ=F,2026-09-02,95.62999725341797,4,0,2026-09-02,95.62999725341795,96.7844702045234,94.48929518716643,2.295175017356968,4.560486549640526,4.496470735042924,4.547435128870579,0.4063918756976366,9,95.62999725341797,1.4210854715202004e-14,1.486024795916648e-14,True,10y
BZ=F,2026-09-02,95.62999725341797,4,1,2026-09-03,95.5817942126891,96.73568524276266,94.44166712614833,2.2940181166143248,4.559982364816145,4.494864688382181,4.546664332688039,0.4063918756976366,9,95.5199966430664,-0.06179756962269778,0.06469595037112423,True,10y
BZ=F,2026-09-02,95.62999725341797,4,2,2026-09-04,95.5153255666192,96.66841416799684,93.8503564547881,2.818057713208745,4.55928671174898,4.493496469403219,4.545715935800933,0.4063918756976366,9,96.27999877929688,0.7646732126776783,0.7942181370717947,True,10y
BZ=F,2026-09-02,95.62999725341797,4,3,2026-09-07,95.42199189712761,96.84593778682718,92.95386429919951,3.8920734876276697,4.5583090749185775,4.492350799855229,4.5445893587189445,0.4063918756976366,9,,,,,10y
BZ=F,2026-09-02,95.62999725341797,4,4,2026-09-08,94.69403607228925,97.60523636956857,92.41358656994329,5.1916497996252815,4.550651021147535,4.488121165921953,4.54098938759611,0.4063918756976366,9,97.91999816894531,3.225962096656062,3.294487496915778,False,10y
BZ=F,2026-09-02,95.62999725341797,4,5,2026-09-09,93.47254809805774,97.7085387130219,91.22188533265351,6.486653380368381,4.537667789955446,4.487345114969687,4.551932640994401,0.4063918756976366,9,101.20999908447266,7.737450986414913,7.644947195342847,False,10y
BZ=F,2026-09-02,95.62999725341797,4,6,2026-09-10,93.02200398843061,98.13280959538581,90.40847391714358,7.724335678242227,4.532836067193546,4.484382462045923,4.549448545718194,0.4063918756976366,9,107.62999725341797,14.607993264987357,13.572418134130777,False,10y
BZ=F,2026-09-02,95.62999725341797,4,7,2026-09-11,93.89895724798309,98.96558920804878,89.92720735575044,9.038381852298343,4.542219281232249,4.485341175720369,4.535720341836461,0.4063918756976366,9,104.61000061035156,10.711043362368471,10.239024280541464,False,10y
BZ=F,2026-09-03,95.5199966430664,4,0,2026-09-03,95.51999664306642,96.67314163502826,94.38060669568054,2.2925349393477177,4.559335614500514,4.492113436359481,4.523634678139513,0.4058096410359192,9,95.5199966430664,-1.4210854715202004e-14,1.4877360986835357e-14,True,10y
BZ=F,2026-09-03,95.5199966430664,4,1,2026-09-04,95.89997110868059,97.05770326215305,94.75604871676373,2.301654545389326,4.5633056806242855,4.49509115221406,4.527064423864314,0.4058096410359192,9,96.27999877929688,0.3800276706162862,0.39471092172261607,True,10y
BZ=F,2026-09-03,95.5199966430664,4,2,2026-09-07,96.2566102949713,97.41864789972162,95.10843380843566,2.310214091285957,4.567017649198953,4.4983308391330805,4.53064246255933,0.4058096410359192,9,,,,,10y
BZ=F,2026-09-03,95.5199966430664,4,3,2026-09-08,96.58584912214735,97.75186139312527,95.43374538034416,2.318116012781104,4.570432241069085,4.501718270291299,4.533664226796299,0.4058096410359192,9,97.91999816894531,1.334149046797961,1.3624888396097599,False,10y
BZ=F,2026-09-03,95.5199966430664,4,4,2026-09-09,97.01229209911342,98.18345251289419,95.62874000016923,2.5547125127249615,4.574837693146016,4.504364861544601,4.535271674644381,0.4058096410359192,9,101.20999908447266,4.197706985359233,4.147522007045678,False,10y
BZ=F,2026-09-03,95.5199966430664,4,5,2026-09-10,97.36608604543393,98.54151756193376,95.54677072350826,2.994746838425499,4.578477957463375,4.5086205155561645,4.538377572871975,0.4058096410359192,9,107.62999725341797,10.263911207984037,9.536292362636932,False,10y
BZ=F,2026-09-03,95.5199966430664,4,6,2026-09-11,97.16020871705669,98.33315482297736,93.74667092713473,4.586483895842633,4.576361252310511,4.508704494462848,4.537289256570945,0.4058096410359192,9,104.61000061035156,7.449791893294872,7.121491109672823,False,10y
BZ=F,2026-09-03,95.5199966430664,4,7,2026-09-14,102.30319885530102,104.17155738060137,96.59327499561228,7.578282384989095,4.627940941826486,4.5425911050832735,4.5478503081333495,0.4058096410359192,9,105.68000030517578,3.376801449874762,3.195307948640666,False,10y
BZ=F,2026-09-04,96.27999877929688,4,0,2026-09-04,96.2799987792969,97.44231873658615,95.13154330820451,2.310775428381632,4.567260600236193,4.505239323755677,4.4839061191662495,0.5791104281958419,9,96.27999877929688,-2.842170943040401e-14,2.951984814162206e-14,True,10y
BZ=F,2026-09-04,96.27999877929688,4,1,2026-09-07,96.69380978954197,97.86112539288285,95.5404182618985,2.32070713098436,4.571549385824312,4.511824126735667,4.491019247924282,0.5791104281958419,9,,,,,10y
BZ=F,2026-09-04,96.27999877929688,4,2,2026-09-08,97.0278267822134,98.19917473517599,95.87045100397233,2.3287237312036524,4.574997811406329,4.518548672861209,4.4990743938086375,0.5791104281958419,9,97.91999816894531,0.892171386731917,0.9111227567555893,True,10y
BZ=F,2026-09-04,96.27999877929688,4,3,2026-09-09,97.25445887631756,98.4285427973865,96.09437976538332,2.3341630320031754,4.577330831075438,4.5240059514043915,4.504805723449513,0.5791104281958419,9,101.20999908447266,3.9555402081550994,3.908250413927676,False,10y
BZ=F,2026-09-04,96.27999877929688,4,4,2026-09-10,97.47933463872135,98.65613332495302,96.31657314512277,2.3395601798302437,4.5796404031153415,4.531209363644221,4.513392871272952,0.5791104281958419,9,107.62999725341797,10.150662614696614,9.431072074448336,False,10y
BZ=F,2026-09-04,96.27999877929688,4,5,2026-09-11,99.67311314972207,100.87639576384672,97.11780412084532,3.7585916430013953,4.601895963062882,4.551102333651354,4.516865396266507,0.5791104281958419,9,104.61000061035156,4.936887460629492,4.719326481048666,False,10y
BZ=F,2026-09-04,96.27999877929688,4,6,2026-09-14,97.51063258509885,98.68780910918008,96.34749776060903,2.340311348571049,4.579961424212907,4.540514664381636,4.523605807705833,0.5791104281958419,9,105.68000030517578,8.169367720076934,7.730287373661969,False,10y
BZ=F,2026-09-04,96.27999877929688,4,7,2026-09-15,97.59461139683226,98.77280173738738,96.43047484896259,2.342326888424793,4.580822280796828,4.547513040790965,4.531324170279369,0.5791104281958419,9,108.75,11.155388603167737,10.25782860061401,False,10y
BZ=F,2026-09-08,97.91999816894531,4,0,2026-09-08,97.91999816894534,99.10211667260661,96.75198031422697,2.3501363583796433,4.58415080006452,4.550185893776608,4.47551693607054,0.5637936743813063,9,97.91999816894531,-2.842170943040401e-14,2.902543909505277e-14,True,10y
BZ=F,2026-09-08,97.91999816894531,4,1,2026-09-09,98.64949096026362,99.8404161116274,97.47277150606524,2.3676446055621625,4.591573072397162,4.556964472131208,4.481412509747564,0.5637936743813063,9,101.20999908447266,2.5605081242090364,2.5298964009198,False,10y
BZ=F,2026-09-08,97.91999816894531,4,2,2026-09-10,99.36317114272383,101.21541168947928,97.90709504773245,3.3083166417468277,4.598781533363513,4.56345566719941,4.4878205095364105,0.5637936743813063,9,107.62999725341797,8.26682611069414,7.680782608615753,False,10y
BZ=F,2026-09-08,97.91999816894531,4,3,2026-09-11,100.36562169065806,103.44994421362594,97.90260856730879,5.547335646317151,4.6088197351811,4.569035099240432,4.4912387353733685,0.5637936743813063,9,104.61000061035156,4.244378919693503,4.057335718315162,False,10y
BZ=F,2026-09-08,97.91999816894531,4,4,2026-09-14,100.23623402547412,106.1330591000007,97.86267435123031,8.270384748770383,4.607529740303788,4.568968854924394,4.494533604894626,0.5637936743813063,9,105.68000030517578,5.443766279701663,5.151179280830347,True,10y
BZ=F,2026-09-08,97.91999816894531,4,5,2026-09-15,102.8814464843131,110.4940585207,98.11938344776782,12.374675072932177,4.633577320307976,4.59625491070396,4.51497570973273,0.5637936743813063,9,108.75,5.868553515686898,5.3963710489074925,True,10y
BZ=F,2026-09-08,97.91999816894531,4,6,2026-09-16,105.47838507163141,113.48458962259446,97.95991362862277,15.524675993971684,4.658506051087558,4.606367986664509,4.519070249916087,0.5637936743813063,9,105.83000183105469,0.35161675942327975,0.3322467668332795,True,10y
BZ=F,2026-09-08,97.91999816894531,4,7,2026-09-17,102.13467662107173,114.35793067298573,97.37164182478799,16.986288848197745,4.626292301406925,4.588040481248054,4.523714041497051,0.5637936743813063,9,104.81999969482422,2.6853230737524854,2.561842283505636,True,10y
BZ=F,2026-09-09,101.20999908447266,4,0,2026-09-09,101.20999908447264,102.43183542955582,100.00273715414934,2.4290982754064743,4.617197557154991,4.560486549640526,4.496470735042924,0.5449194245192899,9,101.20999908447266,1.4210854715202004e-14,1.4040959236983327e-14,True,10y
BZ=F,2026-09-09,101.20999908447266,4,1,2026-09-10,102.73508574193475,103.9753333736926,100.80403891333249,3.171294460360116,4.632153691910853,4.569315886025919,4.501740200168415,0.5449194245192899,9,107.62999725341797,4.894911511483215,4.547906379629466,False,10y
BZ=F,2026-09-09,101.20999908447266,4,2,2026-09-11,104.25242476558944,105.87845280578442,100.93857715889455,4.939875646889874,4.646815119550766,4.583103580026904,4.513090883166363,0.5449194245192899,9,104.61000061035156,0.357575844762124,0.3418180314270455,True,10y
BZ=F,2026-09-09,101.20999908447266,4,3,2026-09-14,105.88552304103418,108.0552738908636,100.61997616468852,7.4352977261750794,4.662358539211842,4.591095118172591,4.523585371875663,0.5449194245192899,9,105.68000030517578,-0.20552273585839487,0.19447647167382642,True,10y
BZ=F,2026-09-09,101.20999908447266,4,4,2026-09-15,106.68573516102884,109.79007140936983,100.25936688112425,9.530704528245579,4.669887458283368,4.595264984098331,4.54127991863583,0.5449194245192899,9,108.75,2.0642648389711553,1.8981745645711774,True,10y
BZ=F,2026-09-09,101.20999908447266,4,5,2026-09-16,106.99216764277574,111.07139065399298,99.98063617067878,11.0907544833142,4.672755632182458,4.603753680813289,4.55614386023222,0.5449194245192899,9,105.83000183105469,-1.162165811721053,1.0981439966110138,True,10y
BZ=F,2026-09-09,101.20999908447266,4,6,2026-09-17,107.48429834893834,111.94662337602901,99.70162432918396,12.244999046845052,4.677344775029303,4.6105480138347295,4.572688941265942,0.5449194245192899,9,104.81999969482422,-2.66429865411412,2.541784642120808,True,10y
BZ=F,2026-09-09,101.20999908447266,4,7,2026-09-18,107.5466808739015,112.51221244794515,99.40446347094726,13.107748976997883,4.677924993999971,4.6078003831192476,4.580445077917414,0.5449194245192899,9,103.87000274658203,-3.6766781273194624,3.539691951573042,True,10y
BZ=F,2026-09-10,107.62999725341797,4,0,2026-09-10,107.62999725341793,108.9293376709163,106.34615574150958,2.58318192940672,4.678699393757466,4.559335614500514,4.492113436359481,0.8627018195390388,9,107.62999725341797,4.263256414560601e-14,3.961029939007282e-14,True,10y
BZ=F,2026-09-10,107.62999725341797,4,1,2026-09-11,108.95628767251453,110.27163945107255,107.65662578765873,2.6150136634138192,4.690946771267507,4.582623313320032,4.509843703283442,0.8627018195390388,9,104.61000061035156,-4.346287062162972,4.154752926875416,False,10y
BZ=F,2026-09-10,107.62999725341797,4,2,2026-09-14,109.81864964355893,111.49004905100496,106.5230570161542,4.966992034850762,4.698830365686611,4.60495901582072,4.530287182926155,0.8627018195390388,9,105.68000030517578,-4.138649338383146,3.9162086737621364,False,10y
BZ=F,2026-09-10,107.62999725341797,4,3,2026-09-15,110.7505547645288,112.83924754634103,104.60305882285692,8.236188723484105,4.70728041807323,4.62779730430884,4.551287383962845,0.8627018195390388,9,108.75,-2.0005547645288004,1.8395905880724601,True,10y
BZ=F,2026-09-10,107.62999725341797,4,4,2026-09-16,106.86346054048676,112.3248495046913,101.27656111504133,11.048288389649969,4.671551949876576,4.63005939606485,4.557032446503035,0.8627018195390388,9,105.83000183105469,-1.0334587094320682,0.976527158226705,True,10y
BZ=F,2026-09-10,107.62999725341797,4,5,2026-09-17,105.63277950924082,113.49076578770925,99.48904282853424,14.001722959175012,4.659968735123644,4.648754238699386,4.572470499102663,0.8627018195390388,9,104.81999969482422,-0.8127798144166007,0.7754052821817877,True,10y
BZ=F,2026-09-10,107.62999725341797,4,6,2026-09-18,103.30651173184303,112.43879922731125,96.60493301257635,15.833866214734897,4.637700411233157,4.678316727417744,4.603894297799554,0.8627018195390388,9,103.87000274658203,0.5634910147390002,0.542496389562811,True,10y
BZ=F,2026-09-10,107.62999725341797,4,7,2026-09-21,97.96457914673847,112.24839279701219,94.59227423474056,17.65611856227163,4.584605976058197,4.72550090071188,4.598086094559983,0.8627018195390388,9,100.33999633789062,2.3754171911521524,2.367368225879775,True,10y
BZ=F,2026-09-11,104.61000061035156,4,0,2026-09-11,104.61000061035156,105.87288275600025,103.36218248555771,2.510700270442541,4.650239155190213,4.567260600236193,4.505239323755677,0.7758949404478804,9,104.61000061035156,0.0,0.0,True,10y
BZ=F,2026-09-11,104.61000061035156,4,1,2026-09-14,106.3801350580681,107.66438677810143,104.50753060942216,3.156856168679269,4.667018858894754,4.587735417395112,4.514586162190486,0.7758949404478804,9,105.68000030517578,-0.7001347528923247,0.6625044955247175,True,10y
BZ=F,2026-09-11,104.61000061035156,4,2,2026-09-15,107.79870729847227,109.53959959068459,103.82282629950937,5.716773291175215,4.680265666737618,4.607820727076524,4.526008103880354,0.7758949404478804,9,108.75,0.9512927015277342,0.8747519094507901,True,10y
BZ=F,2026-09-11,104.61000061035156,4,3,2026-09-16,108.84139406101518,111.39253146919538,101.57266959813661,9.819861871058762,4.689891722184868,4.628567053083074,4.539861481940165,0.7758949404478804,9,105.83000183105469,-3.0113922299604923,2.8454995538673717,True,10y
BZ=F,2026-09-11,104.61000061035156,4,4,2026-09-17,109.20965647431022,112.9057583190041,99.41104705507387,13.494711263930228,4.693269488653094,4.645248829105669,4.551026816437677,0.7758949404478804,9,104.81999969482422,-4.389656779486003,4.187804610061218,True,10y
BZ=F,2026-09-11,104.61000061035156,4,5,2026-09-18,108.74344122463516,113.83097010220108,97.06888182668821,16.762088275512866,4.68899135757197,4.652073641316417,4.54905136944597,0.7758949404478804,9,103.87000274658203,-4.8734384780531315,4.691863241732222,True,10y
BZ=F,2026-09-11,104.61000061035156,4,6,2026-09-21,106.50519312844334,113.6139762053653,95.01039084942055,18.60358535594476,4.668193745730084,4.643931226876138,4.551757956592871,0.7758949404478804,9,100.33999633789062,-6.165196790552713,6.1443063738926975,True,10y
BZ=F,2026-09-11,104.61000061035156,4,7,2026-09-22,105.72067789173721,114.93121584944556,95.31490593698818,19.616309912457382,4.6608005018583345,4.652318165998058,4.557753987546596,0.7758949404478804,9,99.25,-6.4706778917372105,6.519574702002227,True,10y
BZ=F,2026-09-14,105.68000030517578,4,0,2026-09-14,105.68000030517575,106.95579979622697,104.4194189167844,2.536380879442575,4.660415663101804,4.58415080006452,4.550185893776608,0.763306219220159,9,105.68000030517578,2.842170943040401e-14,2.6894123153226397e-14,True,10y
BZ=F,2026-09-14,105.68000030517578,4,1,2026-09-15,107.19952643579288,108.49367008523247,105.650118210761,2.8435518744714727,4.674691831050385,4.604272314426144,4.558161467739488,0.763306219220159,9,108.75,1.550473564207124,1.4257228176617232,False,10y
BZ=F,2026-09-14,105.68000030517578,4,2,2026-09-16,108.23750515802695,109.73899835386672,104.87560431418235,4.863394039684366,4.684327934428631,4.622456777980464,4.563552448030995,0.763306219220159,9,105.83000183105469,-2.407503326972261,2.2748779035415314,True,10y
BZ=F,2026-09-14,105.68000030517578,4,3,2026-09-17,108.46635608700099,111.37541399065061,104.37934595971035,6.996068030940265,4.686440042747648,4.630258421056723,4.558285107486313,0.763306219220159,9,104.81999969482422,-3.64635639217677,3.4786838416264745,True,10y
BZ=F,2026-09-14,105.68000030517578,4,4,2026-09-18,108.30129685346199,112.86730238861557,103.84292312112942,9.024379267486154,4.684917128574788,4.649134193099839,4.575870311346422,0.763306219220159,9,103.87000274658203,-4.43129410687996,4.266192345918443,True,10y
BZ=F,2026-09-14,105.68000030517578,4,5,2026-09-21,108.56480018794457,114.68255057065478,103.80249468158452,10.880055889070263,4.687347231460871,4.664774169498407,4.580864456260451,0.763306219220159,9,100.33999633789062,-8.224803850053945,8.196934572687518,False,10y
BZ=F,2026-09-14,105.68000030517578,4,6,2026-09-22,108.6336742021053,115.20699058076693,103.36474572784012,11.842244852926811,4.687981434962186,4.679810097058926,4.58469304133737,0.763306219220159,9,99.25,-9.383674202105297,9.454583578947402,False,10y
BZ=F,2026-09-14,105.68000030517578,4,7,2026-09-23,116.89532002123424,118.30651409162313,106.24968811186163,12.056825979761499,4.761278833641004,4.739697873137416,4.617028835820651,0.763306219220159,9,96.26000213623047,-20.635317885003772,21.437063605920102,False,10y
BZ=F,2026-09-15,108.75,4,0,2026-09-15,108.75,110.0628614141859,107.45279877373498,2.61006264045092,4.689051669968793,4.617197557154991,4.560486549640526,0.7600151787518531,9,108.75,0.0,0.0,True,10y
BZ=F,2026-09-15,108.75,4,1,2026-09-16,110.10399587740795,111.4332031209494,108.79064379953346,2.642559321415945,4.7014253362345215,4.6367478264214075,4.5723677306659685,0.7600151787518531,9,105.83000183105469,-4.273994046353266,4.038546699806546,False,10y
BZ=F,2026-09-15,108.75,4,2,2026-09-17,110.44469763505882,111.79490001938207,109.01787444950592,2.7770255698761446,4.704514921788078,4.65120324976589,4.583787766654572,0.7600151787518531,9,104.81999969482422,-5.624697940234597,5.366054146737736,False,10y
BZ=F,2026-09-15,108.75,4,3,2026-09-18,111.78463661896212,113.40970628216134,109.3787136551522,4.030992627009141,4.716574132843177,4.671492171535567,4.577627693330774,0.7600151787518531,9,103.87000274658203,-7.914633872380094,7.619749362758667,False,10y
BZ=F,2026-09-15,108.75,4,4,2026-09-21,111.27704973538113,113.8880686396886,109.03374600371053,4.854322635978065,4.712023035180533,4.676723726979383,4.603488189888813,0.7600151787518531,9,100.33999633789062,-10.937053397490502,10.899993817680084,False,10y
BZ=F,2026-09-15,108.75,4,5,2026-09-22,112.37031805388028,115.54156995943475,109.38072478176814,6.160845177666616,4.721799828332111,4.708571819839202,4.62965476850334,0.7600151787518531,9,99.25,-13.120318053880283,13.219464034136305,False,10y
BZ=F,2026-09-15,108.75,4,6,2026-09-23,112.09796396841122,116.301293004171,108.84109194315216,7.460201061018836,4.71937316727634,4.708640845236478,4.625684027274924,0.7600151787518531,9,96.26000213623047,-15.837961832180753,16.453315479638494,False,10y
BZ=F,2026-09-15,108.75,4,7,2026-09-24,117.8642873996746,119.58091621676152,110.2187581483699,9.362158068391622,4.769533855802903,4.749096126599232,4.66935564440746,0.7600151787518531,9,,,,,10y
BZ=F,2026-09-16,105.83000183105469,4,0,2026-09-16,105.83000183105473,107.10761218385672,104.56763118139153,2.5399810024651828,4.661834050407482,4.678699393757466,4.559335614500514,0.5085284474643142,9,105.83000183105469,-4.263256414560601e-14,4.028400586599625e-14,True,10y
BZ=F,2026-09-16,105.83000183105469,4,1,2026-09-17,106.01073198939346,107.29052416887373,104.7462055385071,2.5443186303666323,4.663540334170077,4.68950752338117,4.573843534910273,0.5085284474643142,9,104.81999969482422,-1.1907322945692442,1.1359781511505194,True,10y
BZ=F,2026-09-16,105.83000183105469,4,2,2026-09-18,106.01726655015545,107.29713761674084,104.752662153152,2.5444754635888387,4.663601972829207,4.698094799662554,4.587092662375033,0.5085284474643142,9,103.87000274658203,-2.1472638035734235,2.0672607555544538,False,10y
BZ=F,2026-09-16,105.83000183105469,4,3,2026-09-21,106.01495631865026,107.39154485618272,104.73244335244866,2.659101503734064,4.66358018150453,4.708377418119156,4.59956352776884,0.5085284474643142,9,100.33999633789062,-5.674959980759638,5.655730703486828,False,10y
BZ=F,2026-09-16,105.83000183105469,4,4,2026-09-22,105.75637883965659,107.7934411399282,104.3318933634762,3.461547776452008,4.661138136103962,4.713923774231491,4.6125904480115,0.5085284474643142,9,99.25,-6.506378839656591,6.555545430384474,False,10y
BZ=F,2026-09-16,105.83000183105469,4,5,2026-09-23,106.00865309241972,108.36312444059979,104.01736705381138,4.3457573867884065,4.663520723727635,4.71491366669236,4.607887231059315,0.5085284474643142,9,96.26000213623047,-9.748650956189252,10.1274161020614,False,10y
BZ=F,2026-09-16,105.83000183105469,4,6,2026-09-24,105.60473375775513,109.0331496371442,103.75061617563433,5.282533461509871,4.659703197518919,4.754937356719273,4.6391712354709895,0.5085284474643142,9,,,,,10y
BZ=F,2026-09-16,105.83000183105469,4,7,2026-09-25,106.21563038049845,109.57458628626608,103.53780749957629,6.036778786689794,4.6654712767022035,4.732001400358556,4.632439526164674,0.5085284474643142,9,,,,,10y
BZ=F,2026-09-17,104.81999969482422,4,0,2026-09-17,104.8199996948242,106.08541701008227,103.56967664065203,2.515740369430233,4.652244590462593,4.650239155190213,4.567260600236193,0.4727437746407396,9,104.81999969482422,1.4210854715202004e-14,1.3557388624857728e-14,True,10y
BZ=F,2026-09-17,104.81999969482422,4,1,2026-09-18,104.95377686080442,106.22080917265387,103.70185807418392,2.5189510984699552,4.653520032858797,4.660188694511878,4.580638887616262,0.4727437746407396,9,103.87000274658203,-1.0837741142223933,1.0433947102769825,True,10y
BZ=F,2026-09-17,104.81999969482422,4,2,2026-09-21,104.7209029273081,106.3203181362511,103.47176192783331,2.84855620841779,4.65129874386497,4.665358850203625,4.590101144083917,0.4727437746407396,9,100.33999633789062,-4.380906589417478,4.366062138038119,False,10y
BZ=F,2026-09-17,104.81999969482422,4,3,2026-09-22,104.66897578960629,107.11395505138991,103.15705423999428,3.956900811395627,4.650802758680925,4.672678702150472,4.601145215001833,0.4727437746407396,9,99.25,-5.418975789606293,5.459925228822462,False,10y
BZ=F,2026-09-17,104.81999969482422,4,4,2026-09-23,103.77533677540244,106.9490871757929,102.2206179305306,4.728469245262303,4.642228339179825,4.671548877768526,4.605346119326934,0.4727437746407396,9,96.26000213623047,-7.515334639171968,7.807328560554162,False,10y
BZ=F,2026-09-17,104.81999969482422,4,5,2026-09-24,102.99352829353577,107.03766992819473,101.27505748882614,5.762612439368596,4.634666154154022,4.675371500423282,4.610933909090827,0.4727437746407396,9,,,,,10y
BZ=F,2026-09-17,104.81999969482422,4,6,2026-09-25,98.7844777416846,106.55070851027928,95.63975633545226,10.910952174827017,4.5929404845334005,4.661919785772428,4.623763328928433,0.4727437746407396,9,,,,,10y
BZ=F,2026-09-17,104.81999969482422,4,7,2026-09-28,98.88776123171097,107.66974727351936,97.7081996212983,9.961547652221057,4.593985482050115,4.677580868893195,4.629467393984443,0.4727437746407396,9,,,,,10y
BZ=F,2026-09-18,103.87000274658203,4,0,2026-09-18,103.87000274658212,105.12395142425909,102.63101152878886,2.4929398954702293,4.643140143682216,4.660415663101804,4.58415080006452,0.354965665116783,9,103.87000274658203,-8.526512829121202e-14,8.208830849772725e-14,True,10y
BZ=F,2026-09-18,103.87000274658203,4,1,2026-09-21,103.75454904977823,105.00710393707674,102.51693499683161,2.490168940245127,4.642028004412511,4.66761484152921,4.590349890091273,0.354965665116783,9,100.33999633789062,-3.414552711887609,3.4029826953443862,False,10y
BZ=F,2026-09-18,103.87000274658203,4,2,2026-09-22,103.4694978355327,104.71861150223123,102.23528395531866,2.4833275469125624,4.639276862367745,4.673419194521857,4.595607959191172,0.354965665116783,9,99.25,-4.219497835532707,4.251383209604742,False,10y
BZ=F,2026-09-18,103.87000274658203,4,3,2026-09-23,103.30795942377958,104.61770260866312,102.05234826768516,2.5653543409779616,4.637714424694348,4.679927957975904,4.601084295119293,0.354965665116783,9,96.26000213623047,-7.04795728754911,7.321792157842048,False,10y
BZ=F,2026-09-18,103.87000274658203,4,4,2026-09-24,102.84022772571781,104.69816123046894,101.17969413736813,3.51846709310081,4.633176596764333,4.683784704992764,4.603829741335465,0.354965665116783,9,,,,,10y
BZ=F,2026-09-18,103.87000274658203,4,5,2026-09-25,102.54238452047385,105.09589503994506,100.58647878560393,4.509416254341133,4.630276220624609,4.691034889463545,4.612469425859098,0.354965665116783,9,,,,,10y
BZ=F,2026-09-18,103.87000274658203,4,6,2026-09-28,103.13976117492999,105.69962401965562,100.35544334999476,5.344180669660858,4.636084973077471,4.694242179754427,4.605299060969623,0.354965665116783,9,,,,,10y
BZ=F,2026-09-18,103.87000274658203,4,7,2026-09-29,103.08781036128735,105.86631586652172,99.24886955583803,6.61744631068369,4.635581152813725,4.700659594842347,4.609558883116421,0.354965665116783,9,,,,,10y
BZ=F,2026-09-21,100.33999633789062,4,0,2026-09-21,100.3399963378906,101.55132975850276,99.14311205013945,2.40821770836331,4.608564382559102,4.689051669968793,4.617197557154991,0.39523505065429115,9,100.33999633789062,2.842170943040401e-14,2.8325404093792395e-14,True,10y
BZ=F,2026-09-21,100.33999633789062,4,1,2026-09-22,99.95977830138825,101.16652162003166,98.76742936355159,2.399092256480074,4.604767888091025,4.690889610683945,4.622446522837712,0.39523505065429115,9,99.25,-0.7097783013882548,0.7151418653785943,True,10y
BZ=F,2026-09-21,100.33999633789062,4,2,2026-09-23,98.63102132208469,101.30149637818347,97.45452217903386,3.8469741991496136,4.591385829997807,4.687320434039051,4.63296236407117,0.39523505065429115,9,96.26000213623047,-2.371019185854223,2.463140591352445,False,10y
BZ=F,2026-09-21,100.33999633789062,4,3,2026-09-24,99.80560587814733,101.92669291359285,97.79360273434978,4.133090179243069,4.6032243528636005,4.692138067439351,4.626822593654082,0.39523505065429115,9,,,,,10y
BZ=F,2026-09-21,100.33999633789062,4,4,2026-09-25,98.57382272343935,102.5595332786005,96.58776701703216,5.971766261568334,4.590805736739691,4.685526748658166,4.631290075710053,0.39523505065429115,9,,,,,10y
BZ=F,2026-09-21,100.33999633789062,4,5,2026-09-28,98.24802907445866,103.47402669067645,95.72307238758506,7.75095430309139,4.5874951902373065,4.684112509754737,4.634911958259528,0.39523505065429115,9,,,,,10y
BZ=F,2026-09-21,100.33999633789062,4,6,2026-09-29,97.95598630337065,104.6402012116436,94.83588551717853,9.804315694465075,4.584518258432907,4.682139291771788,4.638808026282124,0.39523505065429115,9,,,,,10y
BZ=F,2026-09-21,100.33999633789062,4,7,2026-09-30,99.98807591470198,106.65294818722737,94.76352011244282,11.889428074784547,4.6050509380253555,4.694147823679059,4.640686057253297,0.39523505065429115,9,,,,,10y
BZ=F,2026-09-22,99.25,4,0,2026-09-22,99.2500000000001,100.44817466995828,98.06611750154676,2.382057168411521,4.597641919567301,4.661834050407482,4.678699393757466,0.47212526184883263,9,99.25,-9.947598300641403e-14,1.0022769068656326e-13,True,10y
BZ=F,2026-09-22,99.25,4,1,2026-09-23,98.56964608069026,99.75960732160337,97.39387903914195,2.3657282824614185,4.590763365133114,4.653057869790152,4.679333480005836,0.47212526184883263,9,96.26000213623047,-2.3096439444597934,2.3993807326028374,False,10y
BZ=F,2026-09-22,99.25,4,2,2026-09-24,97.6302473457297,99.60224202381177,96.46568572202914,3.1365563017826332,4.581187356735648,4.636663229431108,4.676525751284887,0.47212526184883263,9,,,,,10y
BZ=F,2026-09-22,99.25,4,3,2026-09-25,97.58323542785492,99.72036379070154,96.22072337084364,3.499640419857897,4.580705710507983,4.630942229249629,4.674133878380146,0.47212526184883263,9,,,,,10y
BZ=F,2026-09-22,99.25,4,4,2026-09-28,96.99410483270998,99.98695047250442,95.11370708644843,4.873243386055989,4.574650201735997,4.618410340849861,4.671829944212434,0.47212526184883263,9,,,,,10y
BZ=F,2026-09-22,99.25,4,5,2026-09-29,96.44020109705986,100.25152693905775,94.07026625247556,6.181260686582192,4.568923138514652,4.606309672940585,4.669527763179556,0.47212526184883263,9,,,,,10y
BZ=F,2026-09-22,99.25,4,6,2026-09-30,96.64387912767074,100.52884291434758,93.2440323437007,7.284810570646883,4.571032873360954,4.612797000794028,4.6807406333216335,0.47212526184883263,9,,,,,10y
BZ=F,2026-09-22,99.25,4,7,2026-10-01,95.23420233721532,100.46474040748635,92.14770834507729,8.317032062409055,4.556339145523996,4.585501536810892,4.6658576800992755,0.47212526184883263,9,,,,,10y
BZ=F,2026-09-23,96.26000213623047,4,0,2026-09-23,96.2600021362305,97.42208068826828,95.1117851908384,2.310295497429877,4.56705288606726,4.652244590462593,4.650239155190213,0.46620110795036207,9,96.26000213623047,-2.842170943040401e-14,2.952598046920945e-14,True,10y
BZ=F,2026-09-23,96.26000213623047,4,1,2026-09-24,95.12549729818204,96.27387978009494,93.9908130522577,2.2830667278372374,4.555197044007155,4.6423591861648585,4.649181120833573,0.46620110795036207,9,,,,,10y
BZ=F,2026-09-23,96.26000213623047,4,2,2026-09-25,94.02707703872402,95.16219907396841,92.90549506505279,2.2567040089156194,4.543582794393977,4.630888085337534,4.646790576937617,0.46620110795036207,9,,,,,10y
BZ=F,2026-09-23,96.26000213623047,4,3,2026-09-28,93.04077165921144,94.16398673100419,91.93095461931286,2.2330321116913296,4.5330378020196465,4.619580291679063,4.643722576602988,0.46620110795036207,9,,,,,10y
BZ=F,2026-09-23,96.26000213623047,4,4,2026-09-29,92.30564253868519,93.41998291938108,91.2045943300198,2.2153885893612824,4.5251052722370915,4.610626928659309,4.642806077941341,0.46620110795036207,9,,,,,10y
BZ=F,2026-09-23,96.26000213623047,4,5,2026-09-30,91.45972761176716,92.60585239451419,90.36876971924443,2.237082675269761,4.515898740002942,4.599274477722662,4.633584494198061,0.46620110795036207,9,,,,,10y
BZ=F,2026-09-23,96.26000213623047,4,6,2026-10-01,90.77941958922716,92.19044948106792,89.69657660613962,2.4938728749283,4.508432603410471,4.58938890428921,4.627387803270553,0.46620110795036207,9,,,,,10y
BZ=F,2026-09-23,96.26000213623047,4,7,2026-10-02,90.17822475504137,91.71808625611784,89.10255299656191,2.6155332595559315,4.5017879872263356,4.579972407328974,4.620740866180952,0.46620110795036207,9,,,,,10y
