method,ticker,as_of_date,as_of_price,step_ahead,forecast_date,predicted_price,upper_corridor,lower_corridor,corridor_width,confidence_level,actual_price,prediction_error,abs_pct_error,within_corridor
garch11,BZ=F,2026-03-20,112.19000244140625,0,2026-03-20,112.19000244140625,112.19000244140625,112.19000244140625,0.0,0.9,112.19000244140625,0.0,0.0,True
garch11,BZ=F,2026-03-20,112.19000244140625,1,2026-03-23,112.19000244140625,120.38857629709656,104.54975907964365,15.838817217452913,0.9,99.94000244140625,-12.25,12.25735411321612,False
garch11,BZ=F,2026-03-20,112.19000244140625,2,2026-03-24,112.19000244140625,123.88689130380138,101.59748553975164,22.289405764049732,0.9,104.48999786376953,-7.700004577636719,7.369130763765275,True
garch11,BZ=F,2026-03-20,112.19000244140625,3,2026-03-25,112.19000244140625,126.59224801049153,99.42628277491059,27.16596523558094,0.9,102.22000122070312,-9.970001220703125,9.753473979301667,True
garch11,BZ=F,2026-03-20,112.19000244140625,4,2026-03-26,112.19000244140625,128.87926371124658,97.66192237102595,31.217341340220628,0.9,108.01000213623047,-4.180000305175781,3.8700122419251928,True
garch11,BZ=F,2026-03-20,112.19000244140625,5,2026-03-27,112.19000244140625,130.8940795718423,96.15863978702326,34.735439784819036,0.9,112.56999969482422,0.37999725341796875,0.33756529665820045,True
garch11,BZ=F,2026-03-20,112.19000244140625,6,2026-03-30,112.19000244140625,132.71220813298936,94.84128720991411,37.870920923075246,0.9,112.77999877929688,0.589996337890625,0.5231391596706872,True
garch11,BZ=F,2026-03-20,112.19000244140625,7,2026-03-31,112.19000244140625,134.37886598389218,93.66500123100818,40.71386475288401,0.9,118.3499984741211,6.159996032714844,5.204897433151902,True
garch11,BZ=F,2026-03-23,99.94000244140625,0,2026-03-23,99.94000244140625,99.94000244140625,99.94000244140625,0.0,0.9,99.94000244140625,0.0,0.0,True
garch11,BZ=F,2026-03-23,99.94000244140625,1,2026-03-24,99.94000244140625,109.7230059523311,91.02926046637425,18.693745485956853,0.9,104.48999786376953,4.549995422363281,4.354479390740738,True
garch11,BZ=F,2026-03-23,99.94000244140625,2,2026-03-25,99.94000244140625,113.95360348949467,87.64974324755838,26.30386024193629,0.9,102.22000122070312,2.279998779296875,2.230482050547164,True
garch11,BZ=F,2026-03-23,99.94000244140625,3,2026-03-26,99.94000244140625,117.24389300982592,85.1899730687995,32.05391994102642,0.9,108.01000213623047,8.069999694824219,7.471529983534042,True
garch11,BZ=F,2026-03-23,99.94000244140625,4,2026-03-27,99.94000244140625,120.0360758043102,83.2083523312717,36.8277234730385,0.9,112.56999969482422,12.629997253417969,11.21968311953249,True
garch11,BZ=F,2026-03-23,99.94000244140625,5,2026-03-30,99.94000244140625,122.50267067834685,81.53294971187698,40.969720966469865,0.9,112.77999877929688,12.839996337890625,11.384994216055688,True
garch11,BZ=F,2026-03-23,99.94000244140625,6,2026-03-31,99.94000244140625,124.73283630892367,80.0751781451611,44.65765816376256,0.9,118.3499984741211,18.409996032714844,15.55555240394908,True
garch11,BZ=F,2026-03-23,99.94000244140625,7,2026-04-01,99.94000244140625,126.7799785209502,78.78218788574553,47.997790635204666,0.9,101.16000366210938,1.220001220703125,1.2060114437897063,True
garch11,BZ=F,2026-03-24,104.48999786376953,0,2026-03-24,104.48999786376953,104.48999786376953,104.48999786376953,0.0,0.9,104.48999786376953,0.0,0.0,True
garch11,BZ=F,2026-03-24,104.48999786376953,1,2026-03-25,104.48999786376953,114.31969591952814,95.50549943078988,18.81419648873826,0.9,102.22000122070312,-2.2699966430664062,2.2206971394622252,True
garch11,BZ=F,2026-03-24,104.48999786376953,2,2026-03-26,104.48999786376953,118.56175844455355,92.08837484201571,26.473383602537837,0.9,108.01000213623047,3.5200042724609375,3.2589613950949086,True
garch11,BZ=F,2026-03-24,104.48999786376953,3,2026-03-27,104.48999786376953,121.85804279987919,89.59736594080101,32.260676859078174,0.9,112.56999969482422,8.080001831054688,7.17775770894507,True
garch11,BZ=F,2026-03-24,104.48999786376953,4,2026-03-30,104.48999786376953,124.65361179054811,87.58799281256317,37.06561897798494,0.9,112.77999877929688,8.290000915527344,7.350594968306691,True
garch11,BZ=F,2026-03-24,104.48999786376953,5,2026-03-31,104.48999786376953,127.1221005671415,85.88718723857127,41.23491332857023,0.9,118.3499984741211,13.860000610351562,11.711027282676516,True
garch11,BZ=F,2026-03-24,104.48999786376953,6,2026-04-01,104.48999786376953,129.35324286224588,84.4057668132666,44.94747604897928,0.9,101.16000366210938,-3.3299942016601562,3.291809095601529,True
garch11,BZ=F,2026-03-24,104.48999786376953,7,2026-04-02,104.48999786376953,131.4007864391863,83.09051984725836,48.31026659192794,0.9,,,,
garch11,BZ=F,2026-03-25,102.22000122070312,0,2026-03-25,102.22000122070312,102.22000122070312,102.22000122070312,0.0,0.9,102.22000122070312,0.0,0.0,True
garch11,BZ=F,2026-03-25,102.22000122070312,1,2026-03-26,102.22000122070312,111.17086654677736,93.98981022751995,17.181056319257408,0.9,108.01000213623047,5.790000915527344,5.3606154995021225,True
garch11,BZ=F,2026-03-25,102.22000122070312,2,2026-03-27,102.22000122070312,115.02039025861133,90.84414186099723,24.176248397614103,0.9,112.56999969482422,10.349998474121094,9.194277784649376,True
garch11,BZ=F,2026-03-25,102.22000122070312,3,2026-03-30,102.22000122070312,118.0073395698677,88.54473533295896,29.46260423690873,0.9,112.77999877929688,10.55999755859375,9.363360234875492,True
garch11,BZ=F,2026-03-25,102.22000122070312,4,2026-03-31,102.22000122070312,120.53811769038232,86.68567959887983,33.85243809150249,0.9,118.3499984741211,16.12999725341797,13.62906418367637,True
garch11,BZ=F,2026-03-25,102.22000122070312,5,2026-04-01,102.22000122070312,122.77127041129914,85.10890711283943,37.66236329845971,0.9,101.16000366210938,-1.05999755859375,1.047842546679132,True
garch11,BZ=F,2026-03-25,102.22000122070312,6,2026-04-02,102.22000122070312,124.78872692212707,83.73295334666794,41.05577357545913,0.9,,,,
garch11,BZ=F,2026-03-25,102.22000122070312,7,2026-04-03,102.22000122070312,126.63955424321257,82.50920268949521,44.13035155371736,0.9,,,,
garch11,BZ=F,2026-03-26,108.01000213623047,0,2026-03-26,108.01000213623047,108.01000213623047,108.01000213623047,0.0,0.9,108.01000213623047,0.0,0.0,True
garch11,BZ=F,2026-03-26,108.01000213623047,1,2026-03-27,108.01000213623047,117.44751421282207,99.33084271437802,18.11667149844405,0.9,112.56999969482422,4.55999755859375,4.0508106697662285,True
garch11,BZ=F,2026-03-26,108.01000213623047,2,2026-03-30,108.01000213623047,121.50609298431269,96.01296753879406,25.49312544551863,0.9,112.77999877929688,4.769996643066406,4.229470380116761,True
garch11,BZ=F,2026-03-26,108.01000213623047,3,2026-03-31,108.01000213623047,124.65523947351127,93.58740643988348,31.067833033627792,0.9,118.3499984741211,10.339996337890625,8.736794652474467,True
garch11,BZ=F,2026-03-26,108.01000213623047,4,2026-04-01,108.01000213623047,127.32346851703292,91.62616049772353,35.69730801930939,0.9,101.16000366210938,-6.849998474121094,6.771449412952955,True
garch11,BZ=F,2026-03-26,108.01000213623047,5,2026-04-02,108.01000213623047,129.67794866519202,89.96256249849148,39.71538616670054,0.9,,,,
garch11,BZ=F,2026-03-26,108.01000213623047,6,2026-04-03,108.01000213623047,131.8050629736776,88.51071649499778,43.29434647867981,0.9,,,,
garch11,BZ=F,2026-03-26,108.01000213623047,7,2026-04-06,108.01000213623047,133.75654452497255,87.21936263305918,46.53718189191338,0.9,109.7699966430664,1.7599945068359375,1.6033475090272828,True
garch11,BZ=F,2026-03-27,112.56999969482422,0,2026-03-27,112.56999969482422,112.56999969482422,112.56999969482422,0.0,0.9,112.56999969482422,0.0,0.0,True
garch11,BZ=F,2026-03-27,112.56999969482422,1,2026-03-30,112.56999969482422,122.0609605052939,103.8170171595784,18.243943345715508,0.9,112.77999877929688,0.20999908447265625,0.1862024177563708,True
garch11,BZ=F,2026-03-27,112.56999969482422,2,2026-03-31,112.56999969482422,126.13616917545657,100.46289588568241,25.67327328977416,0.9,118.3499984741211,5.779998779296875,4.8838182119290465,True
garch11,BZ=F,2026-03-27,112.56999969482422,3,2026-04-01,112.56999969482422,129.29626509559193,98.00750873912708,31.28875635646486,0.9,101.16000366210938,-11.409996032714844,11.279157393890632,True
garch11,BZ=F,2026-03-27,112.56999969482422,4,2026-04-02,112.56999969482422,131.9727233217364,96.01987829257436,35.952845029162035,0.9,,,,
garch11,BZ=F,2026-03-27,112.56999969482422,5,2026-04-03,112.56999969482422,134.33385809530947,94.33217366765398,40.00168442765549,0.9,,,,
garch11,BZ=F,2026-03-27,112.56999969482422,6,2026-04-06,112.56999969482422,136.4666382613339,92.85789547351347,43.60874278782045,0.9,109.7699966430664,-2.8000030517578125,2.5507908694417125,True
garch11,BZ=F,2026-03-27,112.56999969482422,7,2026-04-07,112.56999969482422,138.42314281697614,91.54542060967155,46.877722207304586,0.9,109.2699966430664,-3.3000030517578125,3.02004498319641,True
garch11,BZ=F,2026-03-30,112.77999877929688,0,2026-03-30,112.77999877929688,112.77999877929688,112.77999877929688,0.0,0.9,112.77999877929688,0.0,0.0,True
garch11,BZ=F,2026-03-30,112.77999877929688,1,2026-03-31,112.77999877929688,121.53711594437516,104.65385841868714,16.883257525688023,0.9,118.3499984741211,5.569999694824219,4.706379186005801,True
garch11,BZ=F,2026-03-30,112.77999877929688,2,2026-04-01,112.77999877929688,125.28494134352525,101.52319974179834,23.76174160172691,0.9,101.16000366210938,-11.6199951171875,11.486748414917171,False
garch11,BZ=F,2026-03-30,112.77999877929688,3,2026-04-02,112.77999877929688,128.1875987228233,99.22432631069773,28.963272412125576,0.9,,,,
garch11,BZ=F,2026-03-30,112.77999877929688,4,2026-04-03,112.77999877929688,130.6442169922026,97.3585239170391,33.28569307516349,0.9,,,,
garch11,BZ=F,2026-03-30,112.77999877929688,5,2026-04-06,112.77999877929688,132.81046461253382,95.77052653016493,37.03993808236889,0.9,109.7699966430664,-3.0100021362304688,2.7420991420979464,True
garch11,BZ=F,2026-03-30,112.77999877929688,6,2026-04-07,112.77999877929688,134.7667588268071,94.38030739467587,40.386451432131224,0.9,109.2699966430664,-3.5100021362304688,3.21222864835989,True
garch11,BZ=F,2026-03-30,112.77999877929688,7,2026-04-08,112.77999877929688,136.5612425246429,93.14010248817821,43.42114003646468,0.9,94.75,-18.029998779296875,19.029022458360817,True
garch11,BZ=F,2026-03-31,118.3499984741211,0,2026-03-31,118.3499984741211,118.3499984741211,118.3499984741211,0.0,0.9,118.3499984741211,0.0,0.0,True
garch11,BZ=F,2026-03-31,118.3499984741211,1,2026-04-01,118.3499984741211,127.50387125732432,109.85330877175132,17.650562485573005,0.9,101.16000366210938,-17.18999481201172,16.992876818618015,False
garch11,BZ=F,2026-03-31,118.3499984741211,2,2026-04-02,118.3499984741211,131.42110035562865,106.578944331785,24.842156023843657,0.9,,,,
garch11,BZ=F,2026-03-31,118.3499984741211,3,2026-04-03,118.3499984741211,134.45491906092602,104.17411454078197,30.280804520144045,0.9,,,,
garch11,BZ=F,2026-03-31,118.3499984741211,4,2026-04-06,118.3499984741211,137.02256678263612,102.222009612795,34.80055716984111,0.9,109.7699966430664,-8.580001831054688,7.816345170305369,True
garch11,BZ=F,2026-03-31,118.3499984741211,5,2026-04-07,118.3499984741211,139.2867705676829,100.56031941682689,38.72645115085602,0.9,109.2699966430664,-9.080001831054688,8.309693520642062,True
garch11,BZ=F,2026-03-31,118.3499984741211,6,2026-04-08,118.3499984741211,141.33159129140003,99.10538762664295,42.22620366475708,0.9,94.75,-23.599998474121094,24.907650104613293,False
garch11,BZ=F,2026-03-31,118.3499984741211,7,2026-04-09,118.3499984741211,143.20735129337768,97.80728441887038,45.4000668745073,0.9,95.91999816894531,-22.43000030517578,23.3840708229263,False
garch11,BZ=F,2026-04-01,101.16000366210938,0,2026-04-01,101.16000366210938,101.16000366210938,101.16000366210938,0.0,0.9,101.16000366210938,0.0,0.0,True
garch11,BZ=F,2026-04-01,101.16000366210938,1,2026-04-02,101.16000366210938,113.36161289826501,90.27170732037634,23.089905577888672,0.9,,,,
garch11,BZ=F,2026-04-01,101.16000366210938,2,2026-04-03,101.16000366210938,118.71666076696445,86.1997488373227,32.51691192964175,0.9,,,,
garch11,BZ=F,2026-04-01,101.16000366210938,3,2026-04-06,101.16000366210938,122.91363456486181,83.2563968769292,39.65723768793261,0.9,109.7699966430664,8.609992980957031,7.843666980289445,True
garch11,BZ=F,2026-04-01,101.16000366210938,4,2026-04-07,101.16000366210938,126.49697020781267,80.89795608627114,45.59901412154153,0.9,109.2699966430664,8.109992980957031,7.421976050249691,True
garch11,BZ=F,2026-04-01,101.16000366210938,5,2026-04-08,101.16000366210938,129.6787866492132,78.9130327738154,50.765753875397806,0.9,94.75,-6.410003662109375,6.765175368980871,True
garch11,BZ=F,2026-04-01,101.16000366210938,6,2026-04-09,101.16000366210938,132.56856128414532,77.19285961762826,55.37570166651706,0.9,95.91999816894531,-5.2400054931640625,5.462891569216633,True
garch11,BZ=F,2026-04-01,101.16000366210938,7,2026-04-10,101.16000366210938,135.2317840296609,75.67264171175512,59.55914231790578,0.9,95.19999694824219,-5.9600067138671875,6.260511454750876,True
garch11,BZ=F,2026-04-06,109.7699966430664,0,2026-04-06,109.7699966430664,109.7699966430664,109.7699966430664,0.0,0.9,109.7699966430664,0.0,0.0,True
garch11,BZ=F,2026-04-06,109.7699966430664,1,2026-04-07,109.7699966430664,123.17449358216913,97.82424763922963,25.35024594293951,0.9,109.2699966430664,-0.5,0.4575821500510011,True
garch11,BZ=F,2026-04-06,109.7699966430664,2,2026-04-08,109.7699966430664,129.06275266370503,93.36118991988118,35.70156274382384,0.9,94.75,-15.019996643066406,15.852239201125496,True
garch11,BZ=F,2026-04-06,109.7699966430664,3,2026-04-09,109.7699966430664,133.6796766305462,90.13675426759283,43.54292236295336,0.9,95.91999816894531,-13.849998474121094,14.439114614792722,True
garch11,BZ=F,2026-04-06,109.7699966430664,4,2026-04-10,109.7699966430664,137.62290298486798,87.55412000242202,50.06878298244595,0.9,95.19999694824219,-14.569999694824219,15.304622018785944,True
garch11,BZ=F,2026-04-06,109.7699966430664,5,2026-04-13,109.7699966430664,141.12526395513146,85.38125510149443,55.74400885363703,0.9,99.36000061035156,-10.409996032714844,10.477049082898562,True
garch11,BZ=F,2026-04-06,109.7699966430664,6,2026-04-14,109.7699966430664,144.30692010868555,83.49878269138932,60.80813741729622,0.9,94.79000091552734,-14.979995727539062,15.80335012433281,True
garch11,BZ=F,2026-04-06,109.7699966430664,7,2026-04-15,109.7699966430664,147.23974806955155,81.83559345216364,65.40415461738792,0.9,94.93000030517578,-14.839996337890625,15.632567460427488,True
garch11,BZ=F,2026-04-07,109.2699966430664,0,2026-04-07,109.2699966430664,109.2699966430664,109.2699966430664,0.0,0.9,109.2699966430664,0.0,0.0,True
garch11,BZ=F,2026-04-07,109.2699966430664,1,2026-04-08,109.2699966430664,121.53032760204945,98.24652333262031,23.28380426942914,0.9,94.75,-14.519996643066406,15.324534715637366,False
garch11,BZ=F,2026-04-07,109.2699966430664,2,2026-04-09,109.2699966430664,126.88531653270745,94.10018820655236,32.78512832615509,0.9,95.91999816894531,-13.349998474121094,13.917846881739452,True
garch11,BZ=F,2026-04-07,109.2699966430664,3,2026-04-10,109.2699966430664,131.0727420952139,91.09393742371189,39.978804671502004,0.9,95.19999694824219,-14.069999694824219,14.779411917916047,True
garch11,BZ=F,2026-04-07,109.2699966430664,4,2026-04-13,109.2699966430664,134.64193673226742,88.67914749412762,45.962789238139806,0.9,99.36000061035156,-9.909996032714844,9.973828474073496,True
garch11,BZ=F,2026-04-07,109.2699966430664,5,2026-04-14,109.2699966430664,137.80697501589606,86.64243711175338,51.164537904142676,0.9,94.79000091552734,-14.479995727539062,15.275868327549647,True
garch11,BZ=F,2026-04-07,109.2699966430664,6,2026-04-15,109.2699966430664,140.678365127932,84.87397586343602,55.804389264495995,0.9,94.93000030517578,-14.339996337890625,15.105863575046023,True
garch11,BZ=F,2026-04-07,109.2699966430664,7,2026-04-16,109.2699966430664,143.32222397239403,83.30830931478953,60.0139146576045,0.9,99.38999938964844,-9.879997253417969,9.940635188742117,True
garch11,BZ=F,2026-04-08,94.75,0,2026-04-08,94.75,94.75,94.75,0.0,0.9,94.75,0.0,0.0,True
garch11,BZ=F,2026-04-08,94.75,1,2026-04-09,94.75,107.72162312358415,83.34039387524308,24.38122924834107,0.9,95.91999816894531,1.1699981689453125,1.2197645864052014,True
garch11,BZ=F,2026-04-08,94.75,2,2026-04-10,94.75,113.47101701415349,79.11767018779963,34.35334682635386,0.9,95.19999694824219,0.4499969482421875,0.47268588515484866,True
garch11,BZ=F,2026-04-08,94.75,3,2026-04-13,94.75,117.99940326822882,76.08142288306972,41.9179803851591,0.9,99.36000061035156,4.6100006103515625,4.639694627650074,True
garch11,BZ=F,2026-04-08,94.75,4,2026-04-14,94.75,121.88052236994427,73.6587136765822,48.22180869336208,0.9,94.79000091552734,0.04000091552734375,0.042199509590669586,True
garch11,BZ=F,2026-04-08,94.75,5,2026-04-15,94.75,125.33773057032191,71.62697504693568,53.710755523386226,0.9,94.93000030517578,0.18000030517578125,0.1896137202118678,True
garch11,BZ=F,2026-04-08,94.75,6,2026-04-16,94.75,128.48621462382206,69.8717954006523,58.61441922316976,0.9,99.38999938964844,4.6399993896484375,4.6684771286271864,True
garch11,BZ=F,2026-04-08,94.75,7,2026-04-17,94.75,131.3948280182977,68.32508277076025,63.06974524753744,0.9,90.37999725341797,-4.370002746582031,4.835143703676941,True
garch11,BZ=F,2026-04-09,95.91999816894531,0,2026-04-09,95.91999816894531,95.91999816894531,95.91999816894531,0.0,0.9,95.91999816894531,0.0,0.0,True
garch11,BZ=F,2026-04-09,95.91999816894531,1,2026-04-10,95.91999816894531,107.99085116400413,85.19838439607801,22.792466767926115,0.9,95.19999694824219,-0.720001220703125,0.756303827503872,True
garch11,BZ=F,2026-04-09,95.91999816894531,2,2026-04-13,95.91999816894531,113.30661788656657,81.20131215937815,32.10530572718842,0.9,99.36000061035156,3.44000244140625,3.46216024584833,True
garch11,BZ=F,2026-04-09,95.91999816894531,3,2026-04-14,95.91999816894531,117.48034435285165,78.31647157158797,39.16387278126368,0.9,94.79000091552734,-1.1299972534179688,1.192105963185898,True
garch11,BZ=F,2026-04-09,95.91999816894531,4,2026-04-15,95.91999816894531,121.04899543828368,76.00762001714737,45.04137542113631,0.9,94.93000030517578,-0.9899978637695312,1.0428714427335302,True
garch11,BZ=F,2026-04-09,95.91999816894531,5,2026-04-16,95.91999816894531,124.22170503812673,74.06633201425278,50.15537302387395,0.9,99.38999938964844,3.470001220703125,3.491298160793156,True
garch11,BZ=F,2026-04-09,95.91999816894531,6,2026-04-17,95.91999816894531,127.10637115002574,72.38540417357048,54.72096697645526,0.9,90.37999725341797,-5.540000915527344,6.129675906045497,True
garch11,BZ=F,2026-04-09,95.91999816894531,7,2026-04-20,95.91999816894531,129.76751551232923,70.90099561824714,58.86651989408209,0.9,95.4800033569336,-0.43999481201171875,0.46082404329928955,True
garch11,BZ=F,2026-04-10,95.19999694824219,0,2026-04-10,95.19999694824219,95.19999694824219,95.19999694824219,0.0,0.9,95.19999694824219,0.0,0.0,True
garch11,BZ=F,2026-04-10,95.19999694824219,1,2026-04-13,95.19999694824219,106.21258278793302,85.32924424821528,20.88333853971774,0.9,99.36000061035156,4.160003662109375,4.186799151122364,True
garch11,BZ=F,2026-04-10,95.19999694824219,2,2026-04-14,95.19999694824219,111.03370446432574,81.62421908437007,29.40948537995567,0.9,94.79000091552734,-0.40999603271484375,0.4325308880207883,True
garch11,BZ=F,2026-04-10,95.19999694824219,3,2026-04-15,95.19999694824219,114.80829591319947,78.94063183201858,35.86766408118089,0.9,94.93000030517578,-0.26999664306640625,0.28441656188605896,True
garch11,BZ=F,2026-04-10,95.19999694824219,4,2026-04-16,95.19999694824219,118.02877949313516,76.78669099067021,41.24208850246495,0.9,99.38999938964844,4.19000244140625,4.215718349066257,True
garch11,BZ=F,2026-04-10,95.19999694824219,5,2026-04-17,95.19999694824219,120.88700703121849,74.97116225737011,45.91584477384838,0.9,90.37999725341797,-4.819999694824219,5.333038107214523,True
garch11,BZ=F,2026-04-10,95.19999694824219,6,2026-04-20,95.19999694824219,123.48199155351853,73.39563692586944,50.08635462764909,0.9,95.4800033569336,0.28000640869140625,0.29326183373146336,True
garch11,BZ=F,2026-04-10,95.19999694824219,7,2026-04-21,95.19999694824219,125.87295826072356,72.00148105022558,53.871477210497986,0.9,98.4800033569336,3.2800064086914062,3.3306319017915365,True
garch11,BZ=F,2026-04-13,99.36000061035156,0,2026-04-13,99.36000061035156,99.36000061035156,99.36000061035156,0.0,0.9,99.36000061035156,0.0,0.0,True
garch11,BZ=F,2026-04-13,99.36000061035156,1,2026-04-14,99.36000061035156,110.2527582996553,89.54342615589619,20.709332143759113,0.9,94.79000091552734,-4.569999694824219,4.821183300648768,True
garch11,BZ=F,2026-04-13,99.36000061035156,2,2026-04-15,99.36000061035156,115.00479092348287,85.8434647984148,29.161326125068072,0.9,94.93000030517578,-4.430000305175781,4.666596745954344,True
garch11,BZ=F,2026-04-13,99.36000061035156,3,2026-04-16,99.36000061035156,118.71913848749118,83.15769341881857,35.56144506867261,0.9,99.38999938964844,0.029998779296875,0.030182895141459675,True
garch11,BZ=F,2026-04-13,99.36000061035156,4,2026-04-17,99.36000061035156,121.88432878229997,80.99818754322685,40.886141239073126,0.9,90.37999725341797,-8.980003356933594,9.935830526476355,True
garch11,BZ=F,2026-04-13,99.36000061035156,5,2026-04-20,99.36000061035156,124.69072749093323,79.17517140163385,45.51555608929938,0.9,95.4800033569336,-3.8799972534179688,4.063675237749361,True
garch11,BZ=F,2026-04-13,99.36000061035156,6,2026-04-21,99.36000061035156,127.23659491998562,77.5909613700166,49.64563354996902,0.9,98.4800033569336,-0.8799972534179688,0.8935796338557005,True
garch11,BZ=F,2026-04-13,99.36000061035156,7,2026-04-22,99.36000061035156,129.58071313644294,76.1873390131279,53.39337412331504,0.9,101.91000366210938,2.5500030517578125,2.502210735084014,True
garch11,BZ=F,2026-04-14,94.79000091552734,0,2026-04-14,94.79000091552734,94.79000091552734,94.79000091552734,0.0,0.9,94.79000091552734,0.0,0.0,True
garch11,BZ=F,2026-04-14,94.79000091552734,1,2026-04-15,94.79000091552734,104.74092856803031,85.78446263945163,18.95646592857868,0.9,94.93000030517578,0.1399993896484375,0.14747644495773213,True
garch11,BZ=F,2026-04-14,94.79000091552734,2,2026-04-16,94.79000091552734,109.070545883774,82.37919963415489,26.691346249619116,0.9,99.38999938964844,4.599998474121094,4.628230709698735,True
garch11,BZ=F,2026-04-14,94.79000091552734,3,2026-04-17,94.79000091552734,112.450518226303,79.90309351428118,32.54742471202182,0.9,90.37999725341797,-4.410003662109375,4.879402297107946,True
garch11,BZ=F,2026-04-14,94.79000091552734,4,2026-04-20,94.79000091552734,115.32814307339028,77.90938130208059,37.41876177130969,0.9,95.4800033569336,0.69000244140625,0.7226669639157938,True
garch11,BZ=F,2026-04-14,94.79000091552734,5,2026-04-21,94.79000091552734,117.87773739591698,76.224268229608,41.65346916630898,0.9,98.4800033569336,3.69000244140625,3.7469560475461248,True
garch11,BZ=F,2026-04-14,94.79000091552734,6,2026-04-22,94.79000091552734,120.18928538351848,74.75828019855919,45.43100518495929,0.9,101.91000366210938,7.120002746582031,6.986559209819047,True
garch11,BZ=F,2026-04-14,94.79000091552734,7,2026-04-23,94.79000091552734,122.31662161710301,73.45808079700359,48.85854082009942,0.9,105.06999969482422,10.279998779296875,9.783952421390623,True
garch11,BZ=F,2026-04-15,94.93000030517578,0,2026-04-15,94.93000030517578,94.93000030517578,94.93000030517578,0.0,0.9,94.93000030517578,0.0,0.0,True
garch11,BZ=F,2026-04-15,94.93000030517578,1,2026-04-16,94.93000030517578,104.09768908994114,86.56969272540235,17.527996364538794,0.9,99.38999938964844,4.459999084472656,4.487372081558911,True
garch11,BZ=F,2026-04-15,94.93000030517578,2,2026-04-17,94.93000030517578,108.06755822980425,83.38954914459526,24.678009085208984,0.9,90.37999725341797,-4.5500030517578125,5.034303153384685,True
garch11,BZ=F,2026-04-15,94.93000030517578,3,2026-04-20,94.93000030517578,111.15991331332128,81.06973718610051,30.090176127220772,0.9,95.4800033569336,0.5500030517578125,0.5760400423340288,True
garch11,BZ=F,2026-04-15,94.93000030517578,4,2026-04-21,94.93000030517578,113.7884941017147,79.19697882533866,34.59151527637604,0.9,98.4800033569336,3.5500030517578125,3.604795827322513,True
garch11,BZ=F,2026-04-15,94.93000030517578,5,2026-04-22,94.93000030517578,116.11456133976766,77.61046378645953,38.50409755330813,0.9,101.91000366210938,6.980003356933594,6.8491836974869935,True
garch11,BZ=F,2026-04-15,94.93000030517578,6,2026-04-23,94.93000030517578,118.22136819441526,76.22737831219231,41.99398988222295,0.9,105.06999969482422,10.139999389648438,9.650708498239329,True
garch11,BZ=F,2026-04-15,94.93000030517578,7,2026-04-24,94.93000030517578,120.15872564167378,74.99833998584958,45.1603856558242,0.9,105.33000183105469,10.400001525878906,9.873731458355154,True
garch11,BZ=F,2026-04-16,99.38999938964844,0,2026-04-16,99.38999938964844,99.38999938964844,99.38999938964844,0.0,0.9,99.38999938964844,0.0,0.0,True
garch11,BZ=F,2026-04-16,99.38999938964844,1,2026-04-17,99.38999938964844,108.66222622959783,90.90897841354555,17.75324781605228,0.9,90.37999725341797,-9.010002136230469,9.96902236118372,False
garch11,BZ=F,2026-04-16,99.38999938964844,2,2026-04-20,99.38999938964844,112.6701077805581,87.67517998575026,24.994927794807836,0.9,95.4800033569336,-3.9099960327148438,4.09509415086432,True
garch11,BZ=F,2026-04-16,99.38999938964844,3,2026-04-21,99.38999938964844,115.78957228028128,85.31313989797489,30.476432382306385,0.9,98.4800033569336,-0.9099960327148438,0.9240414314534795,True
garch11,BZ=F,2026-04-16,99.38999938964844,4,2026-04-22,99.38999938964844,118.43970143633037,83.40422897793802,35.03547245839235,0.9,101.91000366210938,2.5200042724609375,2.472774194784851,True
garch11,BZ=F,2026-04-16,99.38999938964844,5,2026-04-23,99.38999938964844,120.78384129245094,81.78554244483792,38.99829884761303,0.9,105.06999969482422,5.680000305175781,5.405920169099971,True
garch11,BZ=F,2026-04-16,99.38999938964844,6,2026-04-24,99.38999938964844,122.90632215901901,80.3731802005551,42.533141958463915,0.9,105.33000183105469,5.94000244140625,5.639421188783218,True
garch11,BZ=F,2026-04-16,99.38999938964844,7,2026-04-27,99.38999938964844,124.85759898242543,79.11710668138639,45.74049230103904,0.9,108.2300033569336,8.840003967285156,8.167794228123189,True
garch11,BZ=F,2026-04-17,90.37999725341797,0,2026-04-17,90.37999725341797,90.37999725341797,90.37999725341797,0.0,0.9,90.37999725341797,0.0,0.0,True
garch11,BZ=F,2026-04-17,90.37999725341797,1,2026-04-20,90.37999725341797,99.7922071341843,81.85552898478446,17.93667814939984,0.9,95.4800033569336,5.100006103515625,5.341438965445189,True
garch11,BZ=F,2026-04-17,90.37999725341797,2,2026-04-21,90.37999725341797,103.88652254215108,78.6294863244991,25.257036217651986,0.9,98.4800033569336,8.100006103515625,8.225026226042807,True
garch11,BZ=F,2026-04-17,90.37999725341797,3,2026-04-22,90.37999725341797,107.08284258305054,76.2824716498587,30.80037093319183,0.9,101.91000366210938,11.530006408691406,11.313910307490566,True
garch11,BZ=F,2026-04-17,90.37999725341797,4,2026-04-23,90.37999725341797,109.8043076758114,74.39183467778714,35.412472998024256,0.9,105.06999969482422,14.69000244140625,13.981157784404072,True
garch11,BZ=F,2026-04-17,90.37999725341797,5,2026-04-24,90.37999725341797,112.21580373939624,72.79316844263764,39.4226352967586,0.9,105.33000183105469,14.950004577636719,14.193491234924648,True
garch11,BZ=F,2026-04-17,90.37999725341797,6,2026-04-27,90.37999725341797,114.40243671052541,71.40183494689762,43.000601763627785,0.9,108.2300033569336,17.850006103515625,16.4926596598614,True
garch11,BZ=F,2026-04-17,90.37999725341797,7,2026-04-28,90.37999725341797,116.41511593610345,70.1673819404285,46.24773399567495,0.9,111.26000213623047,20.8800048828125,18.766856446080528,True
garch11,BZ=F,2026-04-20,95.4800033569336,0,2026-04-20,95.4800033569336,95.4800033569336,95.4800033569336,0.0,0.9,95.4800033569336,0.0,0.0,True
garch11,BZ=F,2026-04-20,95.4800033569336,1,2026-04-21,95.4800033569336,105.18932802231598,86.66688163561601,18.52244638669997,0.9,98.4800033569336,3.0,3.046303714193346,True
garch11,BZ=F,2026-04-20,95.4800033569336,2,2026-04-22,95.4800033569336,109.40710211165481,83.325770129039,26.081331982615808,0.9,101.91000366210938,6.430000305175781,6.309488837322538,True
garch11,BZ=F,2026-04-20,95.4800033569336,3,2026-04-23,95.4800033569336,112.69775190422233,80.89274973992174,31.80500216430059,0.9,105.06999969482422,9.589996337890625,9.127245042109799,True
garch11,BZ=F,2026-04-20,95.4800033569336,4,2026-04-24,95.4800033569336,115.49827704682056,78.93131632902573,36.56696071779483,0.9,105.33000183105469,9.849998474121094,9.35156014705109,True
garch11,BZ=F,2026-04-20,95.4800033569336,5,2026-04-27,95.4800033569336,117.97896968316503,77.27166176753713,40.70730791562791,0.9,108.2300033569336,12.75,11.780467157477169,True
garch11,BZ=F,2026-04-20,95.4800033569336,6,2026-04-28,95.4800033569336,120.2277283035818,75.82636027207087,44.40136803151093,0.9,111.26000213623047,15.779998779296875,14.182993417504447,True
garch11,BZ=F,2026-04-20,95.4800033569336,7,2026-04-29,95.4800033569336,122.2971333859175,74.54329295088613,47.75384043503138,0.9,118.02999877929688,22.54999542236328,19.105308527986427,True
garch11,BZ=F,2026-04-21,98.4800033569336,0,2026-04-21,98.4800033569336,98.4800033569336,98.4800033569336,0.0,0.9,98.4800033569336,0.0,0.0,True
garch11,BZ=F,2026-04-21,98.4800033569336,1,2026-04-22,98.4800033569336,107.88781137461189,89.89255540189639,17.995255972715498,0.9,101.91000366210938,3.4300003051757812,3.3657150249432006,True
garch11,BZ=F,2026-04-21,98.4800033569336,2,2026-04-23,98.4800033569336,111.96049320251845,86.62261824480326,25.337874957715186,0.9,105.06999969482422,6.589996337890625,6.27200566958339,True
garch11,BZ=F,2026-04-21,98.4800033569336,3,2026-04-24,98.4800033569336,115.13295801466629,84.23574994004949,30.8972080746168,0.9,105.33000183105469,6.849998474121094,6.503368798102017,True
garch11,BZ=F,2026-04-21,98.4800033569336,4,2026-04-27,98.4800033569336,117.82985630639214,82.30775598981634,35.5221003165758,0.9,108.2300033569336,9.75,9.008592532188423,True
garch11,BZ=F,2026-04-21,98.4800033569336,5,2026-04-28,98.4800033569336,120.21668063572707,80.6735888056072,39.54309183011988,0.9,111.26000213623047,12.779998779296875,11.486606627643793,True
garch11,BZ=F,2026-04-21,98.4800033569336,6,2026-04-29,98.4800033569336,122.37885683404838,79.24825670118021,43.13060013286817,0.9,118.02999877929688,19.54999542236328,16.56358182204138,True
garch11,BZ=F,2026-04-21,98.4800033569336,7,2026-04-30,98.4800033569336,124.36748762695761,77.98108047556525,46.38640715139236,0.9,114.01000213623047,15.529998779296875,13.621610813356613,True
garch11,BZ=F,2026-04-22,101.91000366210938,0,2026-04-22,101.91000366210938,101.91000366210938,101.91000366210938,0.0,0.9,101.91000366210938,0.0,0.0,True
garch11,BZ=F,2026-04-22,101.91000366210938,1,2026-04-23,101.91000366210938,111.12841168705685,93.4562879892287,17.672123697828155,0.9,105.06999969482422,3.1599960327148438,3.007515029878225,True
garch11,BZ=F,2026-04-22,101.91000366210938,2,2026-04-24,101.91000366210938,115.10798904301213,90.22526527268558,24.88272377032655,0.9,105.33000183105469,3.4199981689453125,3.246936399403903,True
garch11,BZ=F,2026-04-22,101.91000366210938,3,2026-04-27,101.91000366210938,118.20412020018915,87.8619867803435,30.342133419845652,0.9,108.2300033569336,6.319999694824219,5.839415595305289,True
garch11,BZ=F,2026-04-22,101.91000366210938,4,2026-04-28,101.91000366210938,120.8338594964814,85.94982308508963,34.88403641139176,0.9,111.26000213623047,9.349998474121094,8.403737456945796,True
garch11,BZ=F,2026-04-22,101.91000366210938,5,2026-04-29,101.91000366210938,123.1597428303797,84.3266525874016,38.8330902429781,0.9,118.02999877929688,16.1199951171875,13.657540696353069,True
garch11,BZ=F,2026-04-22,101.91000366210938,6,2026-04-30,101.91000366210938,125.2656701418968,82.90897924903634,42.35669089286047,0.9,114.01000213623047,12.099998474121094,10.613102576441333,True
garch11,BZ=F,2026-04-22,101.91000366210938,7,2026-05-01,101.91000366210938,127.20183028713099,81.6470079319438,45.554822355187184,0.9,108.16999816894531,6.2599945068359375,5.787181855230103,True
garch11,BZ=F,2026-04-23,105.06999969482422,0,2026-04-23,105.06999969482422,105.06999969482422,105.06999969482422,0.0,0.9,105.06999969482422,0.0,0.0,True
garch11,BZ=F,2026-04-23,105.06999969482422,1,2026-04-24,105.06999969482422,114.04345598856438,96.80261563607269,17.240840352491688,0.9,105.33000183105469,0.26000213623046875,0.2468452783732998,True
garch11,BZ=F,2026-04-23,105.06999969482422,2,2026-04-27,105.06999969482422,117.90682602733865,93.63075241556099,24.27607361177766,0.9,108.2300033569336,3.160003662109375,2.919711322273496,True
garch11,BZ=F,2026-04-23,105.06999969482422,3,2026-04-28,105.06999969482422,120.90909059408776,91.30582970748266,29.6032608866051,0.9,111.26000213623047,6.19000244140625,5.563546937404337,True
garch11,BZ=F,2026-04-23,105.06999969482422,4,2026-04-29,105.06999969482422,123.45710967348165,89.42137771626186,34.035731957219795,0.9,118.02999877929688,12.959999084472656,10.980258594009165,True
garch11,BZ=F,2026-04-23,105.06999969482422,5,2026-04-30,105.06999969482422,125.70944297457883,87.81921687540081,37.89022609917802,0.9,114.01000213623047,8.94000244140625,7.84141941399479,True
garch11,BZ=F,2026-04-23,105.06999969482422,6,2026-05-01,105.06999969482422,127.74793467757438,86.4178733200948,41.33006135747958,0.9,108.16999816894531,3.0999984741210938,2.865857933434889,True
garch11,BZ=F,2026-04-23,105.06999969482422,7,2026-05-04,105.06999969482422,129.62154062975088,85.16875190832691,44.45278872142397,0.9,114.44000244140625,9.370002746582031,8.187698834924012,True
garch11,BZ=F,2026-04-24,105.33000183105469,0,2026-04-24,105.33000183105469,105.33000183105469,105.33000183105469,0.0,0.9,105.33000183105469,0.0,0.0,True
garch11,BZ=F,2026-04-24,105.33000183105469,1,2026-04-27,105.33000183105469,113.61920605769097,97.64554489226686,15.973661165424119,0.9,108.2300033569336,2.9000015258789062,2.679480214294128,True
garch11,BZ=F,2026-04-24,105.33000183105469,2,2026-04-28,105.33000183105469,117.17573160287014,94.68180086411537,22.49393073875477,0.9,111.26000213623047,5.930000305175781,5.3298581622485415,True
garch11,BZ=F,2026-04-24,105.33000183105469,3,2026-04-29,105.33000183105469,119.93573789252497,92.5029476674562,27.43279022506877,0.9,118.02999877929688,12.699996948242188,10.759973802922582,True
garch11,BZ=F,2026-04-24,105.33000183105469,4,2026-04-30,105.33000183105469,122.27608244681468,90.73245612489765,31.54362632191703,0.9,114.01000213623047,8.680000305175781,7.613367373508208,True
garch11,BZ=F,2026-04-24,105.33000183105469,5,2026-05-01,105.33000183105469,124.34361669656462,89.22379435692012,35.1198223396445,0.9,108.16999816894531,2.839996337890625,2.625493561953266,True
garch11,BZ=F,2026-04-24,105.33000183105469,6,2026-05-04,105.33000183105469,126.21413103908664,87.9014829353316,38.31264810375504,0.9,114.44000244140625,9.110000610351562,7.960503684029472,True
garch11,BZ=F,2026-04-24,105.33000183105469,7,2026-05-05,105.33000183105469,127.93295231611984,86.72049761124805,41.21245470487179,0.9,109.87000274658203,4.540000915527344,4.132156914566546,True
garch11,BZ=F,2026-04-27,108.2300033569336,0,2026-04-27,108.2300033569336,108.2300033569336,108.2300033569336,0.0,0.9,108.2300033569336,0.0,0.0,True
garch11,BZ=F,2026-04-27,108.2300033569336,1,2026-04-28,108.2300033569336,116.2836606041264,100.73413208515883,15.549528518967563,0.9,111.26000213623047,3.029998779296875,2.723349560596667,True
garch11,BZ=F,2026-04-27,108.2300033569336,2,2026-04-29,108.2300033569336,119.73201780546043,97.83292590687167,21.899091898588765,0.9,118.02999877929688,9.799995422363281,8.302970027719983,True
garch11,BZ=F,2026-04-27,108.2300033569336,3,2026-04-30,108.2300033569336,122.40607993554907,95.6956846654147,26.71039527013437,0.9,114.01000213623047,5.779998779296875,5.069729559684035,True
garch11,BZ=F,2026-04-27,108.2300033569336,4,2026-05-01,108.2300033569336,124.67257311080472,93.95597872381349,30.716594386991233,0.9,108.16999816894531,-0.06000518798828125,0.05547304151245537,True
garch11,BZ=F,2026-04-27,108.2300033569336,5,2026-05-04,108.2300033569336,126.67438129792072,92.47121246317958,34.203168834741135,0.9,114.44000244140625,6.209999084472656,5.426423411387291,True
garch11,BZ=F,2026-04-27,108.2300033569336,6,2026-05-05,108.2300033569336,128.4852357782379,91.16793502141711,37.317300756820785,0.9,109.87000274658203,1.6399993896484375,1.4926725663520168,True
garch11,BZ=F,2026-04-27,108.2300033569336,7,2026-05-06,108.2300033569336,130.1492238635494,90.00233177665909,40.146892086890304,0.9,101.2699966430664,-6.9600067138671875,6.872723357934182,True
garch11,BZ=F,2026-04-28,111.26000213623047,0,2026-04-28,111.26000213623047,111.26000213623047,111.26000213623047,0.0,0.9,111.26000213623047,0.0,0.0,True
garch11,BZ=F,2026-04-28,111.26000213623047,1,2026-04-29,111.26000213623047,119.12077124523827,103.91796448219212,15.202806763046155,0.9,118.02999877929688,6.769996643066406,5.73582708894673,True
garch11,BZ=F,2026-04-28,111.26000213623047,2,2026-04-30,111.26000213623047,122.48087072760401,101.06711359755336,21.413757130050655,0.9,114.01000213623047,2.75,2.412069071548676,True
garch11,BZ=F,2026-04-28,111.26000213623047,3,2026-05-01,111.26000213623047,125.08507749721628,98.9629484430666,26.12212905414968,0.9,108.16999816894531,-3.0900039672851562,2.8566183041429225,True
garch11,BZ=F,2026-04-28,111.26000213623047,4,2026-05-04,111.26000213623047,127.29178153221606,97.24734720773058,30.04443432448548,0.9,114.44000244140625,3.1800003051757812,2.7787488966578398,True
garch11,BZ=F,2026-04-28,111.26000213623047,5,2026-05-05,111.26000213623047,129.2405942738961,95.78095910886924,33.45963516502687,0.9,109.87000274658203,-1.3899993896484375,1.2651309319200679,True
garch11,BZ=F,2026-04-28,111.26000213623047,6,2026-05-06,111.26000213623047,131.00354431004158,94.49200890364884,36.51153540639274,0.9,101.2699966430664,-9.990005493164062,9.864723831654281,True
garch11,BZ=F,2026-04-28,111.26000213623047,7,2026-05-07,111.26000213623047,132.6236913514305,93.33768310333254,39.28600824809796,0.9,100.05999755859375,-11.200004577636719,11.193288877583822,True
garch11,BZ=F,2026-04-29,118.02999877929688,0,2026-04-29,118.02999877929688,118.02999877929688,118.02999877929688,0.0,0.9,118.02999877929688,0.0,0.0,True
garch11,BZ=F,2026-04-29,118.02999877929688,1,2026-04-30,118.02999877929688,126.83207318737038,109.83878337508757,16.99328981228281,0.9,114.01000213623047,-4.019996643066406,3.526003480170902,True
garch11,BZ=F,2026-04-29,118.02999877929688,2,2026-05-01,118.02999877929688,130.60161453620495,106.6685175471464,23.933096989058555,0.9,108.16999816894531,-9.860000610351562,9.115282219892174,True
garch11,BZ=F,2026-04-29,118.02999877929688,3,2026-05-04,118.02999877929688,133.52512907232108,104.3330248667676,29.192104205553477,0.9,114.44000244140625,-3.589996337890625,3.137011762760769,True
garch11,BZ=F,2026-04-29,118.02999877929688,4,2026-05-05,118.02999877929688,136.00334945300213,102.43189353696697,33.57145591603516,0.9,109.87000274658203,-8.159996032714844,7.42695533696862,True
garch11,BZ=F,2026-04-29,118.02999877929688,5,2026-05-06,118.02999877929688,138.1924017980168,100.80930956104675,37.38309223697004,0.9,101.2699966430664,-16.76000213623047,16.549819978075377,True
garch11,BZ=F,2026-04-29,118.02999877929688,6,2026-05-07,118.02999877929688,140.17284652804705,99.38501612046076,40.787830407586284,0.9,100.05999755859375,-17.970001220703125,17.9592261234867,True
garch11,BZ=F,2026-04-29,118.02999877929688,7,2026-05-08,118.02999877929688,141.99285180132472,98.1111403504529,43.88171145087182,0.9,101.29000091552734,-16.73999786376953,16.526801967086723,True
garch11,BZ=F,2026-04-30,114.01000213623047,0,2026-04-30,114.01000213623047,114.01000213623047,114.01000213623047,0.0,0.9,114.01000213623047,0.0,0.0,True
garch11,BZ=F,2026-04-30,114.01000213623047,1,2026-05-01,114.01000213623047,122.21683310388215,106.35425789551397,15.862575208368185,0.9,108.16999816894531,-5.840003967285156,5.398912883555703,True
garch11,BZ=F,2026-04-30,114.01000213623047,2,2026-05-04,114.01000213623047,125.72738701751369,103.38463953993272,22.34274747758097,0.9,114.44000244140625,0.43000030517578125,0.3757430059440475,True
garch11,BZ=F,2026-04-30,114.01000213623047,3,2026-05-05,114.01000213623047,128.44902561080585,101.19407699119036,27.25494861961549,0.9,109.87000274658203,-4.1399993896484375,3.7680889106715068,True
garch11,BZ=F,2026-04-30,114.01000213623047,4,2026-05-06,114.01000213623047,130.75570253946393,99.40890022123668,31.346802318227247,0.9,101.2699966430664,-12.740005493164062,12.58023690675843,True
garch11,BZ=F,2026-04-30,114.01000213623047,5,2026-05-07,114.01000213623047,132.79309289585606,97.88370994037518,34.90938295548088,0.9,100.05999755859375,-13.950004577636719,13.941639934048359,True
garch11,BZ=F,2026-04-30,114.01000213623047,6,2026-05-08,114.01000213623047,134.63635422119805,96.5436167838295,38.09273743736854,0.9,101.29000091552734,-12.720001220703125,12.558002868724627,True
garch11,BZ=F,2026-04-30,114.01000213623047,7,2026-05-11,114.01000213623047,136.33041731224478,95.34395069981058,40.9864666124342,0.9,104.20999908447266,-9.800003051757812,9.404090910521866,True
garch11,BZ=F,2026-05-01,108.16999816894531,0,2026-05-01,108.16999816894531,108.16999816894531,108.16999816894531,0.0,0.9,108.16999816894531,0.0,0.0,True
garch11,BZ=F,2026-05-01,108.16999816894531,1,2026-05-04,108.16999816894531,116.15140208013683,100.73704057224289,15.414361507893943,0.9,114.44000244140625,6.2700042724609375,5.4788571641906465,True
garch11,BZ=F,2026-05-01,108.16999816894531,2,2026-05-05,108.16999816894531,119.56850814733365,97.85811235055176,21.71039579678188,0.9,109.87000274658203,1.7000045776367188,1.5472872805490165,True
garch11,BZ=F,2026-05-01,108.16999816894531,3,2026-05-06,108.16999816894531,122.21854406343145,95.73627793992496,26.48226612350649,0.9,101.2699966430664,-6.900001525878906,6.813470677004633,True
garch11,BZ=F,2026-05-01,108.16999816894531,4,2026-05-07,108.16999816894531,124.46494940323136,94.00838195789976,30.4565674453316,0.9,100.05999755859375,-8.110000610351562,8.105137725595544,True
garch11,BZ=F,2026-05-01,108.16999816894531,5,2026-05-08,108.16999816894531,126.44931126574866,92.53311375717254,33.91619750857612,0.9,101.29000091552734,-6.879997253417969,6.792375546679745,True
garch11,BZ=F,2026-05-01,108.16999816894531,6,2026-05-11,108.16999816894531,128.24468261517828,91.23768927698848,37.0069933381898,0.9,104.20999908447266,-3.9599990844726562,3.8000183468600546,True
garch11,BZ=F,2026-05-01,108.16999816894531,7,2026-05-12,108.16999816894531,129.8947392341908,90.07869427855765,39.81604495563316,0.9,107.7699966430664,-0.40000152587890625,0.37116223284640987,True
garch11,BZ=F,2026-05-04,114.44000244140625,0,2026-05-04,114.44000244140625,114.44000244140625,114.44000244140625,0.0,0.9,114.44000244140625,0.0,0.0,True
garch11,BZ=F,2026-05-04,114.44000244140625,1,2026-05-05,114.44000244140625,123.16990151994908,106.32885142534522,16.841050094603858,0.9,109.87000274658203,-4.569999694824219,4.1594607996552435,True
garch11,BZ=F,2026-05-04,114.44000244140625,2,2026-05-06,114.44000244140625,126.91206039023008,103.19361389705452,23.718446493175563,0.9,101.2699966430664,-13.170005798339844,13.004844707123379,False
garch11,BZ=F,2026-05-04,114.44000244140625,3,2026-05-07,114.44000244140625,129.8155212563518,100.88558002957805,28.929941226773735,0.9,100.05999755859375,-14.3800048828125,14.371382404233787,False
garch11,BZ=F,2026-05-04,114.44000244140625,4,2026-05-08,114.44000244140625,132.27743097810753,99.00792646144298,33.269504516664554,0.9,101.29000091552734,-13.150001525878906,12.982526811156406,True
garch11,BZ=F,2026-05-04,114.44000244140625,5,2026-05-11,114.44000244140625,134.4525185850889,97.406238995076,37.046279590012915,0.9,104.20999908447266,-10.230003356933594,9.816719553601713,True
garch11,BZ=F,2026-05-04,114.44000244140625,6,2026-05-12,114.44000244140625,136.4206238602736,96.0009842221726,40.41963963810099,0.9,107.7699966430664,-6.670005798339844,6.189112003437157,True
garch11,BZ=F,2026-05-04,114.44000244140625,7,2026-05-13,114.44000244140625,138.22948452365665,94.74472254541125,43.4847619782454,0.9,105.62999725341797,-8.810005187988281,8.340438717282279,True
garch11,BZ=F,2026-05-05,109.87000274658203,0,2026-05-05,109.87000274658203,109.87000274658203,109.87000274658203,0.0,0.9,109.87000274658203,0.0,0.0,True
garch11,BZ=F,2026-05-05,109.87000274658203,1,2026-05-06,109.87000274658203,118.07247306066972,102.23735635088482,15.835116709784899,0.9,101.2699966430664,-8.600006103515625,8.492156007298966,False
garch11,BZ=F,2026-05-05,109.87000274658203,2,2026-05-07,109.87000274658203,121.58595101654103,99.28299612421254,22.302954892328486,0.9,100.05999755859375,-9.810005187988281,9.804122953574607,True
garch11,BZ=F,2026-05-05,109.87000274658203,3,2026-05-08,109.87000274658203,124.3113170873096,97.10634386614714,27.20497322116246,0.9,101.29000091552734,-8.580001831054688,8.470729344952952,True
garch11,BZ=F,2026-05-05,109.87000274658203,4,2026-05-11,109.87000274658203,126.62192960881042,95.33433537798497,31.287594230825448,0.9,104.20999908447266,-5.660003662109375,5.431344124205753,True
garch11,BZ=F,2026-05-05,109.87000274658203,5,2026-05-12,109.87000274658203,128.66323905480414,93.8218063855218,34.84143266928234,0.9,107.7699966430664,-2.100006103515625,1.9485999526109596,True
garch11,BZ=F,2026-05-05,109.87000274658203,6,2026-05-13,109.87000274658203,130.510291451483,92.49398931900684,38.016302132476156,0.9,105.62999725341797,-4.2400054931640625,4.014016475823457,True
garch11,BZ=F,2026-05-05,109.87000274658203,7,2026-05-14,109.87000274658203,132.20795411288006,91.30628776864121,40.90166634423885,0.9,105.72000122070312,-4.150001525878906,3.9254648864553854,True
garch11,BZ=F,2026-05-06,101.2699966430664,0,2026-05-06,101.2699966430664,101.2699966430664,101.2699966430664,0.0,0.9,101.2699966430664,0.0,0.0,True
garch11,BZ=F,2026-05-06,101.2699966430664,1,2026-05-07,101.2699966430664,109.88001728182071,93.33464331174105,16.545373970079666,0.9,100.05999755859375,-1.2099990844726562,1.2092735498660168,True
garch11,BZ=F,2026-05-06,101.2699966430664,2,2026-05-08,101.2699966430664,113.58772820736503,90.28803007103107,23.29969813633396,0.9,101.29000091552734,0.0200042724609375,0.0197495036826196,True
garch11,BZ=F,2026-05-06,101.2699966430664,3,2026-05-11,101.2699966430664,116.46988385713757,88.05376875507366,28.416115102063912,0.9,104.20999908447266,2.94000244140625,2.8212287373912006,True
garch11,BZ=F,2026-05-06,101.2699966430664,4,2026-05-12,101.2699966430664,118.91675811541299,86.24194253709169,32.6748155783213,0.9,107.7699966430664,6.5,6.031363275929165,True
garch11,BZ=F,2026-05-06,101.2699966430664,5,2026-05-13,101.2699966430664,121.08041735078042,84.70083308661948,36.37958426416094,0.9,105.62999725341797,4.3600006103515625,4.127615945962246,True
garch11,BZ=F,2026-05-06,101.2699966430664,6,2026-05-14,101.2699966430664,123.03933759119106,83.35230358734412,39.68703400384693,0.9,105.72000122070312,4.450004577636719,4.209236214769618,True
garch11,BZ=F,2026-05-06,101.2699966430664,7,2026-05-15,101.2699966430664,124.84044925624157,82.14975419574544,42.690695060496125,0.9,109.26000213623047,7.9900054931640625,7.3128366620401035,True
garch11,BZ=F,2026-05-07,100.05999755859375,0,2026-05-07,100.05999755859375,100.05999755859375,100.05999755859375,0.0,0.9,100.05999755859375,0.0,0.0,True
garch11,BZ=F,2026-05-07,100.05999755859375,1,2026-05-08,100.05999755859375,107.94165913774603,92.75383750262088,15.187821635125147,0.9,101.29000091552734,1.2300033569335938,1.2143383807049006,True
garch11,BZ=F,2026-05-07,100.05999755859375,2,2026-05-11,100.05999755859375,111.32509038126017,89.93483029869743,21.390260082562733,0.9,104.20999908447266,4.150001525878906,3.9823448443895617,True
garch11,BZ=F,2026-05-07,100.05999755859375,3,2026-05-12,100.05999755859375,113.95195248477309,87.86161968364385,26.090332801129236,0.9,107.7699966430664,7.709999084472656,7.154123897774747,True
garch11,BZ=F,2026-05-07,100.05999755859375,4,2026-05-13,100.05999755859375,116.18038273228528,86.17636537225454,30.004017360030744,0.9,105.62999725341797,5.569999694824219,5.273123013968445,True
garch11,BZ=F,2026-05-07,100.05999755859375,5,2026-05-14,100.05999755859375,118.14990727351135,84.73983046172422,33.41007681178712,0.9,105.72000122070312,5.660003662109375,5.353768063522287,True
garch11,BZ=F,2026-05-07,100.05999755859375,6,2026-05-15,100.05999755859375,119.93251906462167,83.4803036700259,36.45221539459577,0.9,109.26000213623047,9.200004577636719,8.420285921435115,True
garch11,BZ=F,2026-05-07,100.05999755859375,7,2026-05-18,100.05999755859375,121.57126303062405,82.35501434992695,39.216248680697106,0.9,112.0999984741211,12.040000915527344,10.740411310805543,True
garch11,BZ=F,2026-05-08,101.29000091552734,0,2026-05-08,101.29000091552734,101.29000091552734,101.29000091552734,0.0,0.9,101.29000091552734,0.0,0.0,True
garch11,BZ=F,2026-05-08,101.29000091552734,1,2026-05-11,101.29000091552734,108.6941311449522,94.39023227284882,14.303898872103375,0.9,104.20999908447266,2.9199981689453125,2.8020326212443023,True
garch11,BZ=F,2026-05-08,101.29000091552734,2,2026-05-12,101.29000091552734,111.86414180705059,91.71539797948802,20.14874382756257,0.9,107.7699966430664,6.4799957275390625,6.012801270654921,True
garch11,BZ=F,2026-05-08,101.29000091552734,3,2026-05-13,101.29000091552734,114.32302172157594,89.74276686330138,24.580254858274557,0.9,105.62999725341797,4.339996337890625,4.108677885769983,True
garch11,BZ=F,2026-05-08,101.29000091552734,4,2026-05-14,101.29000091552734,116.40788562062657,88.13547493598317,28.272410684643404,0.9,105.72000122070312,4.430000305175781,4.190314277359519,True
garch11,BZ=F,2026-05-08,101.29000091552734,5,2026-05-15,101.29000091552734,118.25004145309805,86.76245825703882,31.487583196059234,0.9,109.26000213623047,7.970001220703125,7.294527791392275,True
garch11,BZ=F,2026-05-08,101.29000091552734,6,2026-05-18,101.29000091552734,119.91722548317468,85.5562180006161,34.36100748255858,0.9,112.0999984741211,10.80999755859375,9.643173689328192,True
garch11,BZ=F,2026-05-08,101.29000091552734,7,2026-05-19,101.29000091552734,121.44992634494365,84.47649656310122,36.97342978184243,0.9,111.27999877929688,9.989997863769531,8.977352600068615,True
garch11,BZ=F,2026-05-11,104.20999908447266,0,2026-05-11,104.20999908447266,104.20999908447266,104.20999908447266,0.0,0.9,104.20999908447266,0.0,0.0,True
garch11,BZ=F,2026-05-11,104.20999908447266,1,2026-05-12,104.20999908447266,111.4730724563912,97.42015421198839,14.052918244402804,0.9,107.7699966430664,3.55999755859375,3.303329005738435,True
garch11,BZ=F,2026-05-11,104.20999908447266,2,2026-05-13,104.20999908447266,114.57813477724815,94.78007239599617,19.79806238125198,0.9,105.62999725341797,1.4199981689453125,1.3443133635027755,True
garch11,BZ=F,2026-05-11,104.20999908447266,3,2026-05-14,104.20999908447266,116.98557826627847,92.82959549481615,24.15598277146232,0.9,105.72000122070312,1.5100021362304688,1.4283031770669006,True
garch11,BZ=F,2026-05-11,104.20999908447266,4,2026-05-15,104.20999908447266,119.02644729119622,91.23790683777742,27.788540453418804,0.9,109.26000213623047,5.0500030517578125,4.622005265441267,True
garch11,BZ=F,2026-05-11,104.20999908447266,5,2026-05-18,104.20999908447266,120.82966130822162,89.87630844618495,30.953352862036667,0.9,112.0999984741211,7.8899993896484375,7.038358159719232,True
garch11,BZ=F,2026-05-11,104.20999908447266,6,2026-05-19,104.20999908447266,122.46171093413976,88.67852511897514,33.783185815164614,0.9,111.27999877929688,7.069999694824219,6.3533427142160965,True
garch11,BZ=F,2026-05-11,104.20999908447266,7,2026-05-20,104.20999908447266,123.96233119339439,87.60503134007268,36.357299853321706,0.9,105.0199966430664,0.80999755859375,0.7712793605837802,True
garch11,BZ=F,2026-05-12,107.7699966430664,0,2026-05-12,107.7699966430664,107.7699966430664,107.7699966430664,0.0,0.9,107.7699966430664,0.0,0.0,True
garch11,BZ=F,2026-05-12,107.7699966430664,1,2026-05-13,107.7699966430664,115.05078608574473,100.94995933179128,14.100826753953456,0.9,105.62999725341797,-2.1399993896484375,2.0259390753502946,True
garch11,BZ=F,2026-05-12,107.7699966430664,2,2026-05-14,107.7699966430664,118.16076737187748,98.29296504053336,19.867802331344123,0.9,105.72000122070312,-2.0499954223632812,1.939080021465069,True
garch11,BZ=F,2026-05-12,107.7699966430664,3,2026-05-15,107.7699966430664,120.57150985206633,96.32766638401273,24.243843468053598,0.9,109.26000213623047,1.4900054931640625,1.3637245689472477,True
garch11,BZ=F,2026-05-12,107.7699966430664,4,2026-05-18,107.7699966430664,122.61506266994532,94.72223007143963,27.89283259850569,0.9,112.0999984741211,4.3300018310546875,3.862624344329757,True
garch11,BZ=F,2026-05-12,107.7699966430664,5,2026-05-19,107.7699966430664,124.42071743804622,93.34757438792124,31.073143050124983,0.9,111.27999877929688,3.5100021362304688,3.1542075617666954,True
garch11,BZ=F,2026-05-12,107.7699966430664,6,2026-05-20,107.7699966430664,126.0551460938091,92.13723149234413,33.91791460146497,0.9,105.0199966430664,-2.75,2.618548931539658,True
garch11,BZ=F,2026-05-12,107.7699966430664,7,2026-05-21,107.7699966430664,127.55818502411209,91.05156344338941,36.50662158072268,0.9,102.58000183105469,-5.189994812011719,5.059460634987549,True
garch11,BZ=F,2026-05-13,105.62999725341797,0,2026-05-13,105.62999725341797,105.62999725341797,105.62999725341797,0.0,0.9,105.62999725341797,0.0,0.0,True
garch11,BZ=F,2026-05-13,105.62999725341797,1,2026-05-14,105.62999725341797,112.35183875351693,99.31031341850496,13.041525335011968,0.9,105.72000122070312,0.09000396728515625,0.0851342851361326,True
garch11,BZ=F,2026-05-13,105.62999725341797,2,2026-05-15,105.62999725341797,115.21894263094693,96.83907927792617,18.379863353020752,0.9,109.26000213623047,3.6300048828125,3.322354760973225,True
garch11,BZ=F,2026-05-13,105.62999725341797,3,2026-05-18,105.62999725341797,117.44080613697768,95.0069799992965,22.43382613768118,0.9,112.0999984741211,6.470001220703125,5.771633638511387,True
garch11,BZ=F,2026-05-13,105.62999725341797,4,2026-05-19,105.62999725341797,119.32427833649722,93.5073438139063,25.816934522590913,0.9,111.27999877929688,5.650001525878906,5.077283957456389,True
garch11,BZ=F,2026-05-13,105.62999725341797,5,2026-05-20,105.62999725341797,120.98879929587503,92.22090296533347,28.76789633054156,0.9,105.0199966430664,-0.6100006103515625,0.5808423441725903,True
garch11,BZ=F,2026-05-13,105.62999725341797,6,2026-05-21,105.62999725341797,122.49593923428287,91.08625469140776,31.409684542875112,0.9,102.58000183105469,-3.0499954223632812,2.9732846246059794,True
garch11,BZ=F,2026-05-13,105.62999725341797,7,2026-05-22,105.62999725341797,123.88247222696604,90.06678765108106,33.81568457588499,0.9,103.54000091552734,-2.089996337890625,2.018540003293741,True
garch11,BZ=F,2026-05-14,105.72000122070312,0,2026-05-14,105.72000122070312,105.72000122070312,105.72000122070312,0.0,0.9,105.72000122070312,0.0,0.0,True
garch11,BZ=F,2026-05-14,105.72000122070312,1,2026-05-15,105.72000122070312,111.94468684936624,99.84143930962053,12.103247539745709,0.9,109.26000213623047,3.5400009155273438,3.2399788086343855,True
garch11,BZ=F,2026-05-14,105.72000122070312,2,2026-05-18,105.72000122070312,114.5959801159308,97.53150718549261,17.064472930438185,0.9,112.0999984741211,6.379997253417969,5.691344638948257,True
garch11,BZ=F,2026-05-14,105.72000122070312,3,2026-05-19,105.72000122070312,116.65052310181055,95.81370371010362,20.836819391706925,0.9,111.27999877929688,5.55999755859375,4.9964033245731505,True
garch11,BZ=F,2026-05-14,105.72000122070312,4,2026-05-20,105.72000122070312,118.39269722007029,94.40378435952013,23.98891286055016,0.9,105.0199966430664,-0.7000045776367188,0.6665440868521816,True
garch11,BZ=F,2026-05-14,105.72000122070312,5,2026-05-21,105.72000122070312,119.93313706492522,93.19124748696444,26.741889577960777,0.9,102.58000183105469,-3.1399993896484375,3.0610248914012455,True
garch11,BZ=F,2026-05-14,105.72000122070312,6,2026-05-22,105.72000122070312,121.32884116142331,92.11922368264676,29.20961747877655,0.9,103.54000091552734,-2.1800003051757812,2.1054667625069126,True
garch11,BZ=F,2026-05-14,105.72000122070312,7,2026-05-25,105.72000122070312,122.61383213304241,91.153815712881,31.46001642016141,0.9,,,,
garch11,BZ=F,2026-05-15,109.26000213623047,0,2026-05-15,109.26000213623047,109.26000213623047,109.26000213623047,0.0,0.9,109.26000213623047,0.0,0.0,True
garch11,BZ=F,2026-05-15,109.26000213623047,1,2026-05-18,109.26000213623047,115.60263186739583,103.26536579636436,12.337266071031465,0.9,112.0999984741211,2.839996337890625,2.533449042415691,True
garch11,BZ=F,2026-05-15,109.26000213623047,2,2026-05-19,109.26000213623047,118.30366407485872,100.90767822081366,17.39598585404505,0.9,111.27999877929688,2.0199966430664062,1.815237837190035,True
garch11,BZ=F,2026-05-15,109.26000213623047,3,2026-05-20,109.26000213623047,120.39685316890807,99.15332296983944,21.24353019906863,0.9,105.0199966430664,-4.2400054931640625,4.037331583217104,True
garch11,BZ=F,2026-05-15,109.26000213623047,4,2026-05-21,109.26000213623047,122.17198995402083,97.71264322781207,24.459346726208764,0.9,102.58000183105469,-6.680000305175781,6.511990822711707,True
garch11,BZ=F,2026-05-15,109.26000213623047,5,2026-05-22,109.26000213623047,123.7417997319027,96.47304381117165,27.268755920731053,0.9,103.54000091552734,-5.720001220703125,5.524436131084993,True
garch11,BZ=F,2026-05-15,109.26000213623047,6,2026-05-25,109.26000213623047,125.1643507371932,95.3765828408657,29.78776789632751,0.9,,,,
garch11,BZ=F,2026-05-15,109.26000213623047,7,2026-05-26,109.26000213623047,126.47429937840305,94.38872660675585,32.08557277164719,0.9,99.58000183105469,-9.680000305175781,9.720827603115195,True
garch11,BZ=F,2026-05-18,112.0999984741211,0,2026-05-18,112.0999984741211,112.0999984741211,112.0999984741211,0.0,0.9,112.0999984741211,0.0,0.0,True
garch11,BZ=F,2026-05-18,112.0999984741211,1,2026-05-19,112.0999984741211,118.37391176188602,106.15860767679797,12.21530408508805,0.9,111.27999877929688,-0.8199996948242188,0.7368796763293781,True
garch11,BZ=F,2026-05-18,112.0999984741211,2,2026-05-20,112.0999984741211,121.04455497669696,103.8163976918846,17.228157284812355,0.9,105.0199966430664,-7.0800018310546875,6.741574992729844,True
garch11,BZ=F,2026-05-18,112.0999984741211,3,2026-05-21,112.0999984741211,123.11452459599553,102.07089455232888,21.043630043666653,0.9,102.58000183105469,-9.519996643066406,9.28055807480436,True
garch11,BZ=F,2026-05-18,112.0999984741211,4,2026-05-22,112.0999984741211,124.8705110194098,100.6355267973929,24.234984222016905,0.9,103.54000091552734,-8.55999755859375,8.267333864114399,True
garch11,BZ=F,2026-05-18,112.0999984741211,5,2026-05-25,112.0999984741211,126.42399733220039,99.39892681037128,27.025070521829107,0.9,,,,
garch11,BZ=F,2026-05-18,112.0999984741211,6,2026-05-26,112.0999984741211,127.83239239107213,98.3037978312577,29.528594559814437,0.9,99.58000183105469,-12.519996643066406,12.572802182015991,True
garch11,BZ=F,2026-05-18,112.0999984741211,7,2026-05-27,112.0999984741211,129.12994669138106,97.3159981853901,31.813948505990965,0.9,94.29000091552734,-17.80999755859375,18.888532596949908,False
garch11,BZ=F,2026-05-19,111.27999877929688,0,2026-05-19,111.27999877929688,111.27999877929688,111.27999877929688,0.0,0.9,111.27999877929688,0.0,0.0,True
garch11,BZ=F,2026-05-19,111.27999877929688,1,2026-05-20,111.27999877929688,117.07413801452978,105.77261843075414,11.301519583775644,0.9,105.0199966430664,-6.260002136230469,5.960771601913552,False
garch11,BZ=F,2026-05-19,111.27999877929688,2,2026-05-21,111.27999877929688,119.53941850254489,103.59125285569861,15.948165646846277,0.9,102.58000183105469,-8.699996948242188,8.481182289868494,False
garch11,BZ=F,2026-05-19,111.27999877929688,3,2026-05-22,111.27999877929688,121.45133601555904,101.96049326895752,19.490842746601516,0.9,103.54000091552734,-7.739997863769531,7.475369707678653,True
garch11,BZ=F,2026-05-19,111.27999877929688,4,2026-05-25,111.27999877929688,123.07463129538681,100.61568332957066,22.45894796581615,0.9,,,,
garch11,BZ=F,2026-05-19,111.27999877929688,5,2026-05-26,111.27999877929688,124.5121746456461,99.45403462402156,25.05814002162454,0.9,99.58000183105469,-11.699996948242188,11.749343977812085,True
garch11,BZ=F,2026-05-19,111.27999877929688,6,2026-05-27,111.27999877929688,125.81689829299661,98.42269437832421,27.394203914672403,0.9,94.29000091552734,-16.98999786376953,18.018875489237246,False
garch11,BZ=F,2026-05-19,111.27999877929688,7,2026-05-28,111.27999877929688,127.02035577280196,97.49018614362791,29.530169629174054,0.9,93.70999908447266,-17.56999969482422,18.749332906284803,False
garch11,BZ=F,2026-05-20,105.0199966430664,0,2026-05-20,105.0199966430664,105.0199966430664,105.0199966430664,0.0,0.9,105.0199966430664,0.0,0.0,True
garch11,BZ=F,2026-05-20,105.0199966430664,1,2026-05-21,105.0199966430664,111.28596157479481,99.10683736597804,12.179124208816773,0.9,102.58000183105469,-2.4399948120117188,2.3786262121834394,True
garch11,BZ=F,2026-05-20,105.0199966430664,2,2026-05-22,105.0199966430664,113.95587397806116,96.78482828391117,17.171045694149996,0.9,103.54000091552734,-1.4799957275390625,1.4293951269582377,True
garch11,BZ=F,2026-05-20,105.0199966430664,3,2026-05-25,105.0199966430664,116.0251401518308,95.05870607419075,20.966434077640045,0.9,,,,
garch11,BZ=F,2026-05-20,105.0199966430664,4,2026-05-26,105.0199966430664,117.77994263837732,93.64242712167807,24.137515516699253,0.9,99.58000183105469,-5.439994812011719,5.462939056017591,True
garch11,BZ=F,2026-05-20,105.0199966430664,5,2026-05-27,105.0199966430664,119.33161879790642,92.42478905434216,26.90682974356426,0.9,94.29000091552734,-10.729995727539062,11.379781125627378,True
garch11,BZ=F,2026-05-20,105.0199966430664,6,2026-05-28,105.0199966430664,120.73753030230803,91.34856135697216,29.388968945335876,0.9,93.70999908447266,-11.30999755859375,12.069147016423104,True
garch11,BZ=F,2026-05-20,105.0199966430664,7,2026-05-29,105.0199966430664,122.03191726377037,90.37963134734827,31.6522859164221,0.9,92.05000305175781,-12.969993591308594,14.090160957426406,True
garch11,BZ=F,2026-05-21,102.58000183105469,0,2026-05-21,102.58000183105469,102.58000183105469,102.58000183105469,0.0,0.9,102.58000183105469,0.0,0.0,True
garch11,BZ=F,2026-05-21,102.58000183105469,1,2026-05-22,102.58000183105469,108.43577004423643,97.04045787996397,11.395312164272468,0.9,103.54000091552734,0.9599990844726562,0.9271770098359061,True
garch11,BZ=F,2026-05-21,102.58000183105469,2,2026-05-25,102.58000183105469,110.92939354028529,94.85904898450346,16.07034455578183,0.9,,,,
garch11,BZ=F,2026-05-21,102.58000183105469,3,2026-05-26,102.58000183105469,112.86227198413226,93.2344936059643,19.62777837816796,0.9,99.58000183105469,-3.0,3.0126530878054574,True
garch11,BZ=F,2026-05-21,102.58000183105469,4,2026-05-27,102.58000183105469,114.501921744323,91.89939011814792,22.60253162617508,0.9,94.29000091552734,-8.290000915527344,8.79202549054401,True
garch11,BZ=F,2026-05-21,102.58000183105469,5,2026-05-28,102.58000183105469,115.95238009476503,90.74981269948296,25.202567395282074,0.9,93.70999908447266,-8.870002746582031,9.465374915420048,True
garch11,BZ=F,2026-05-21,102.58000183105469,6,2026-05-29,102.58000183105469,117.26722709770655,89.732289541491,27.534937556215553,0.9,92.05000305175781,-10.529998779296875,11.439433384240166,True
garch11,BZ=F,2026-05-21,102.58000183105469,7,2026-06-01,102.58000183105469,118.47843245637323,88.81495608522583,29.663476371147397,0.9,94.9800033569336,-7.599998474121094,8.001682675836934,True
garch11,BZ=F,2026-05-22,103.54000091552734,0,2026-05-22,103.54000091552734,103.54000091552734,103.54000091552734,0.0,0.9,103.54000091552734,0.0,0.0,True
garch11,BZ=F,2026-05-22,103.54000091552734,1,2026-05-25,103.54000091552734,109.05423007073067,98.30459380286538,10.749636267865284,0.9,,,,
garch11,BZ=F,2026-05-22,103.54000091552734,2,2026-05-26,103.54000091552734,111.40103223801015,96.23368450197852,15.16734773603163,0.9,99.58000183105469,-3.9599990844726562,3.9767011565144443,True
garch11,BZ=F,2026-05-22,103.54000091552734,3,2026-05-27,103.54000091552734,113.22093517252135,94.68683307775109,18.53410209477026,0.9,94.29000091552734,-9.25,9.810160048982185,False
garch11,BZ=F,2026-05-22,103.54000091552734,4,2026-05-28,103.54000091552734,114.7658646113561,93.41219905318962,21.35366555816647,0.9,93.70999908447266,-9.830001831054688,10.48981104160898,True
garch11,BZ=F,2026-05-22,103.54000091552734,5,2026-05-29,103.54000091552734,116.13372815070318,92.31195760525056,23.821770545452623,0.9,92.05000305175781,-11.489997863769531,12.48234381622882,False
garch11,BZ=F,2026-05-22,103.54000091552734,6,2026-06-01,103.54000091552734,117.37491338640852,91.33580149528609,26.03911189112243,0.9,94.9800033569336,-8.55999755859375,9.01242077916695,True
garch11,BZ=F,2026-05-22,103.54000091552734,7,2026-06-02,103.54000091552734,118.51946261639819,90.45376643569196,28.065696180706226,0.9,96.0,-7.540000915527344,7.854167620340983,True
garch11,BZ=F,2026-05-26,99.58000183105469,0,2026-05-26,99.58000183105469,99.58000183105469,99.58000183105469,0.0,0.9,99.58000183105469,0.0,0.0,True
garch11,BZ=F,2026-05-26,99.58000183105469,1,2026-05-27,99.58000183105469,105.0284092876728,94.41423355763153,10.614175730041268,0.9,94.29000091552734,-5.290000915527344,5.6103519611443815,False
garch11,BZ=F,2026-05-26,99.58000183105469,2,2026-05-28,99.58000183105469,107.34767012314894,92.37440135679748,14.973268766351467,0.9,93.70999908447266,-5.870002746582031,6.264008968019151,True
garch11,BZ=F,2026-05-26,99.58000183105469,3,2026-05-29,99.58000183105469,109.14587127075322,90.85251369769405,18.29335757305917,0.9,92.05000305175781,-7.529998779296875,8.180335176157367,True
garch11,BZ=F,2026-05-26,99.58000183105469,4,2026-06-01,99.58000183105469,110.67193226755381,89.59974368840064,21.072188579153178,0.9,94.9800033569336,-4.599998474121094,4.843123090693481,True
garch11,BZ=F,2026-05-26,99.58000183105469,5,2026-06-02,99.58000183105469,112.02261822058469,88.51941618742414,23.503202033160548,0.9,96.0,-3.5800018310546875,3.7291685740152993,True
garch11,BZ=F,2026-05-26,99.58000183105469,6,2026-06-03,99.58000183105469,113.24774257326466,87.56180511287164,25.68593746039302,0.9,97.80999755859375,-1.7700042724609375,1.809635330376738,True
garch11,BZ=F,2026-05-26,99.58000183105469,7,2026-06-04,99.58000183105469,114.37701403567691,86.69728658574499,27.679727449931917,0.9,95.02999877929688,-4.5500030517578125,4.787964969172525,True
garch11,BZ=F,2026-05-27,94.29000091552734,0,2026-05-27,94.29000091552734,94.29000091552734,94.29000091552734,0.0,0.9,94.29000091552734,0.0,0.0,True
garch11,BZ=F,2026-05-27,94.29000091552734,1,2026-05-28,94.29000091552734,99.98837529854941,88.91637899009977,11.071996308449641,0.9,93.70999908447266,-0.5800018310546875,0.6189327037895482,True
garch11,BZ=F,2026-05-27,94.29000091552734,2,2026-05-29,94.29000091552734,102.41724848274646,86.80768527137195,15.609563211374507,0.9,92.05000305175781,-2.2399978637695312,2.433457674640192,True
garch11,BZ=F,2026-05-27,94.29000091552734,3,2026-06-01,94.29000091552734,104.29988715022007,85.24078515871521,19.05910199150486,0.9,94.9800033569336,0.69000244140625,0.726471275025365,True
garch11,BZ=F,2026-05-27,94.29000091552734,4,2026-06-02,94.29000091552734,105.89648843449388,83.955609898715,21.94087853577888,0.9,96.0,1.7099990844726562,1.7812490463256836,True
garch11,BZ=F,2026-05-27,94.29000091552734,5,2026-06-03,94.29000091552734,107.30828440871,82.8510521963812,24.45723221232879,0.9,97.80999755859375,3.5199966430664062,3.5988106849279164,True
garch11,BZ=F,2026-05-27,94.29000091552734,6,2026-06-04,94.29000091552734,108.58743268087134,81.87507571690027,26.712356963971075,0.9,95.02999877929688,0.7399978637695312,0.7786992247449616,True
garch11,BZ=F,2026-05-27,94.29000091552734,7,2026-06-05,94.29000091552734,109.76506842873772,80.99666314536266,28.76840528337506,0.9,93.08999633789062,-1.2000045776367188,1.2890800567668281,True
garch11,BZ=F,2026-05-28,93.70999908447266,0,2026-05-28,93.70999908447266,93.70999908447266,93.70999908447266,0.0,0.9,93.70999908447266,0.0,0.0,True
garch11,BZ=F,2026-05-28,93.70999908447266,1,2026-05-29,93.70999908447266,98.97328311224514,88.72661037678967,10.246672735455476,0.9,92.05000305175781,-1.6599960327148438,1.8033633652151673,True
garch11,BZ=F,2026-05-28,93.70999908447266,2,2026-06-01,93.70999908447266,101.2144927315909,86.7619220470685,14.4525706845224,0.9,94.9800033569336,1.2700042724609375,1.3371280559848775,True
garch11,BZ=F,2026-05-28,93.70999908447266,3,2026-06-02,93.70999908447266,102.95204929694854,85.29761173653638,17.654437560412163,0.9,96.0,2.2900009155273438,2.3854176203409834,True
garch11,BZ=F,2026-05-28,93.70999908447266,4,2026-06-03,93.70999908447266,104.4263814605024,84.09334696456332,20.333034495939074,0.9,97.80999755859375,4.099998474121094,4.191798973990323,True
garch11,BZ=F,2026-05-28,93.70999908447266,5,2026-06-04,93.70999908447266,105.7309729076828,83.05573747135898,22.675235436323817,0.9,95.02999877929688,1.3199996948242188,1.3890347382723447,True
garch11,BZ=F,2026-05-28,93.70999908447266,6,2026-06-05,93.70999908447266,106.91395819878781,82.13673945252394,24.77721874626387,0.9,93.08999633789062,-0.6200027465820312,0.6660251057821454,True
garch11,BZ=F,2026-05-28,93.70999908447266,7,2026-06-08,93.70999908447266,108.00405132334674,81.30772707887857,26.696324244468173,0.9,94.25,0.5400009155273438,0.5729452684640252,True
garch11,BZ=F,2026-05-29,92.05000305175781,0,2026-05-29,92.05000305175781,92.05000305175781,92.05000305175781,0.0,0.9,92.05000305175781,0.0,0.0,True
garch11,BZ=F,2026-05-29,92.05000305175781,1,2026-06-01,92.05000305175781,96.95015721907559,87.39751749635606,9.552639722719533,0.9,94.9800033569336,2.9300003051757812,3.0848601827954027,True
garch11,BZ=F,2026-05-29,92.05000305175781,2,2026-06-02,92.05000305175781,99.03588171931287,85.5569003348034,13.478981384509467,0.9,96.0,3.9499969482421875,4.114580154418945,True
garch11,BZ=F,2026-05-29,92.05000305175781,3,2026-06-03,92.05000305175781,100.6535144329191,84.18188981841888,16.471624614500215,0.9,97.80999755859375,5.7599945068359375,5.888962938972955,True
garch11,BZ=F,2026-05-29,92.05000305175781,4,2026-06-04,92.05000305175781,102.02689489141586,83.04872034816314,18.97817454325272,0.9,95.02999877929688,2.9799957275390625,3.1358473806360614,True
garch11,BZ=F,2026-05-29,92.05000305175781,5,2026-06-05,92.05000305175781,103.24300983949955,82.07047697467343,21.172532864826124,0.9,93.08999633789062,1.0399932861328125,1.117191241857963,True
garch11,BZ=F,2026-05-29,92.05000305175781,6,2026-06-08,92.05000305175781,104.34662354396563,81.20246514980441,23.144158394161224,0.9,94.25,2.1999969482421875,2.334214268691976,True
garch11,BZ=F,2026-05-29,92.05000305175781,7,2026-06-09,92.05000305175781,105.36442366930505,80.41806490986443,24.946358759440628,0.9,91.44999694824219,-0.600006103515625,0.6561029234973179,True
garch11,BZ=F,2026-06-01,94.9800033569336,0,2026-06-01,94.9800033569336,94.9800033569336,94.9800033569336,0.0,0.9,94.9800033569336,0.0,0.0,True
garch11,BZ=F,2026-06-01,94.9800033569336,1,2026-06-02,94.9800033569336,100.00411623207333,90.20829719396927,9.795819038104057,0.9,96.0,1.0199966430664062,1.0624965031941733,True
garch11,BZ=F,2026-06-01,94.9800033569336,2,2026-06-03,94.9800033569336,102.14256104510883,88.3197067449593,13.82285430014953,0.9,97.80999755859375,2.8299942016601562,2.893358830690931,True
garch11,BZ=F,2026-06-01,94.9800033569336,3,2026-06-04,94.9800033569336,103.80119537149324,86.9084503834201,16.892744988073133,0.9,95.02999877929688,0.04999542236328125,0.05261014732768069,True
garch11,BZ=F,2026-06-01,94.9800033569336,4,2026-06-05,94.9800033569336,105.20951427831967,85.74510679536613,19.464407482953547,0.9,93.08999633789062,-1.8900070190429688,2.0303008845147787,True
garch11,BZ=F,2026-06-01,94.9800033569336,5,2026-06-08,94.9800033569336,106.45669573089836,84.7405696348771,21.716126096021256,0.9,94.25,-0.7300033569335938,0.7745393707518237,True
garch11,BZ=F,2026-06-01,94.9800033569336,6,2026-06-09,94.9800033569336,107.58862809853196,83.84902007878853,23.73960801974343,0.9,91.44999694824219,-3.5300064086914062,3.860039941487673,True
garch11,BZ=F,2026-06-01,94.9800033569336,7,2026-06-10,94.9800033569336,108.6326669961052,83.04317004392936,25.589496952175836,0.9,93.0999984741211,-1.8800048828125,2.019339327202119,True
garch11,BZ=F,2026-06-02,96.0,0,2026-06-02,96.0,96.0,96.0,0.0,0.9,96.0,0.0,0.0,True
garch11,BZ=F,2026-06-02,96.0,1,2026-06-03,96.0,100.76052695393173,91.46438867090883,9.296138283022898,0.9,97.80999755859375,1.80999755859375,1.8505240811497399,True
garch11,BZ=F,2026-06-02,96.0,2,2026-06-04,96.0,102.78662192563421,89.66147371462158,13.125148211012629,0.9,95.02999877929688,-0.970001220703125,1.020731593352865,True
garch11,BZ=F,2026-06-02,96.0,3,2026-06-05,96.0,104.3593205043827,88.31027219665502,16.049048307727674,0.9,93.08999633789062,-2.910003662109375,3.1260111468335183,True
garch11,BZ=F,2026-06-02,96.0,4,2026-06-08,96.0,105.69598530294274,87.19347261473904,18.50251268820371,0.9,94.25,-1.75,1.8567639257294428,True
garch11,BZ=F,2026-06-02,96.0,5,2026-06-09,96.0,106.8810142462504,86.2267266548073,20.654287591443108,0.9,91.44999694824219,-4.5500030517578125,4.975399894581703,True
garch11,BZ=F,2026-06-02,96.0,6,2026-06-10,96.0,107.95780109420765,85.366688711618,22.591112382589657,0.9,93.0999984741211,-2.9000015258789062,3.114931872619758,True
garch11,BZ=F,2026-06-02,96.0,7,2026-06-11,96.0,108.95219239312124,84.5875589795094,24.36463341361184,0.9,90.37999725341797,-5.620002746582031,6.218193092907508,True
garch11,BZ=F,2026-06-03,97.80999755859375,0,2026-06-03,97.80999755859375,97.80999755859375,97.80999755859375,0.0,0.9,97.80999755859375,0.0,0.0,True
garch11,BZ=F,2026-06-03,97.80999755859375,1,2026-06-04,97.80999755859375,102.45464200208824,93.37591187149069,9.078730130597549,0.9,95.02999877929688,-2.779998779296875,2.925390734512481,True
garch11,BZ=F,2026-06-03,97.80999755859375,2,2026-06-05,97.80999755859375,104.43180266082088,91.60806745320352,12.82373520761736,0.9,93.08999633789062,-4.720001220703125,5.070363526034357,True
garch11,BZ=F,2026-06-03,97.80999755859375,3,2026-06-08,97.80999755859375,105.9675878582101,90.28039437127669,15.68719348693341,0.9,94.25,-3.55999755859375,3.7771857385610077,True
garch11,BZ=F,2026-06-03,97.80999755859375,4,2026-06-09,97.80999755859375,107.27395531285742,89.18097216152037,18.09298315133705,0.9,91.44999694824219,-6.3600006103515625,6.9546209104316565,True
garch11,BZ=F,2026-06-03,97.80999755859375,5,2026-06-10,97.80999755859375,108.43315470418248,88.22758729570658,20.2055674084759,0.9,93.0999984741211,-4.709999084472656,5.059075361619785,True
garch11,BZ=F,2026-06-03,97.80999755859375,6,2026-06-11,97.80999755859375,109.48744889677059,87.37801198959434,22.109436907176246,0.9,90.37999725341797,-7.430000305175781,8.22084590724503,True
garch11,BZ=F,2026-06-03,97.80999755859375,7,2026-06-12,97.80999755859375,110.46199435781497,86.60712381692832,23.85487054088665,0.9,87.33000183105469,-10.479995727539062,12.000452888817367,True
garch11,BZ=F,2026-06-04,95.02999877929688,0,2026-06-04,95.02999877929688,95.02999877929688,95.02999877929688,0.0,0.9,95.02999877929688,0.0,0.0,True
garch11,BZ=F,2026-06-04,95.02999877929688,1,2026-06-05,95.02999877929688,99.54093927466026,90.72348255701131,8.817456717648952,0.9,93.08999633789062,-1.94000244140625,2.0840074312223456,True
garch11,BZ=F,2026-06-04,95.02999877929688,2,2026-06-08,95.02999877929688,101.46120140397987,89.00644328107599,12.454758122903883,0.9,94.25,-0.779998779296875,0.8275849117208223,True
garch11,BZ=F,2026-06-04,95.02999877929688,3,2026-06-09,95.02999877929688,102.95280834364107,87.71689488887019,15.23591345477088,0.9,91.44999694824219,-3.5800018310546875,3.9147096233156304,True
garch11,BZ=F,2026-06-04,95.02999877929688,4,2026-06-10,95.02999877929688,104.2216136993727,86.64901979010057,17.57259390927213,0.9,93.0999984741211,-1.9300003051757812,2.0730401039826667,True
garch11,BZ=F,2026-06-04,95.02999877929688,5,2026-06-11,95.02999877929688,105.3474977973299,85.72297260791751,19.62452518941238,0.9,90.37999725341797,-4.650001525878906,5.144945416230419,True
garch11,BZ=F,2026-06-04,95.02999877929688,6,2026-06-12,95.02999877929688,106.37150568803902,84.89774220624408,21.473763481794947,0.9,87.33000183105469,-7.6999969482421875,8.817126745443462,True
garch11,BZ=F,2026-06-04,95.02999877929688,7,2026-06-15,95.02999877929688,107.31806872813556,84.14893013841186,23.1691385897237,0.9,83.16999816894531,-11.860000610351562,14.259950548826566,False
garch11,BZ=F,2026-06-05,93.08999633789062,0,2026-06-05,93.08999633789062,93.08999633789062,93.08999633789062,0.0,0.9,93.08999633789062,0.0,0.0,True
garch11,BZ=F,2026-06-05,93.08999633789062,1,2026-06-08,93.08999633789062,97.36407220861385,89.00354331545536,8.360528893158488,0.9,94.25,1.160003662109375,1.230773116296419,True
garch11,BZ=F,2026-06-05,93.08999633789062,2,2026-06-09,93.08999633789062,99.18404284689316,87.37037903935301,11.813663807540152,0.9,91.44999694824219,-1.6399993896484375,1.7933290807834859,True
garch11,BZ=F,2026-06-05,93.08999633789062,3,2026-06-10,93.08999633789062,100.59865803133268,86.1417795005718,14.456878530760875,0.9,93.0999984741211,0.01000213623046875,0.010743433291515073,True
garch11,BZ=F,2026-06-05,93.08999633789062,4,2026-06-11,93.08999633789062,101.80285213541565,85.12283532745744,16.68001680795821,0.9,90.37999725341797,-2.7099990844726562,2.9984500628762416,True
garch11,BZ=F,2026-06-05,93.08999633789062,5,2026-06-12,93.08999633789062,102.87222937246891,84.2379665634781,18.634262808990812,0.9,87.33000183105469,-5.7599945068359375,6.595665162104318,True
garch11,BZ=F,2026-06-05,93.08999633789062,6,2026-06-15,93.08999633789062,103.84561693236387,83.44836955258893,20.39724737977494,0.9,83.16999816894531,-9.919998168945312,11.9273757212241,False
garch11,BZ=F,2026-06-05,93.08999633789062,7,2026-06-16,93.08999633789062,104.74611314660062,82.73096879556833,22.01514435103229,0.9,78.95999908447266,-14.129997253417969,17.89513350715908,False
garch11,BZ=F,2026-06-08,94.25,0,2026-06-08,94.25,94.25,94.25,0.0,0.9,94.25,0.0,0.0,True
garch11,BZ=F,2026-06-08,94.25,1,2026-06-09,94.25,98.34620243812934,90.32440785487807,8.021794583251264,0.9,91.44999694824219,-2.8000030517578125,3.0617858340033908,True
garch11,BZ=F,2026-06-08,94.25,2,2026-06-10,94.25,100.09178356331081,88.74916785133733,11.34261571197348,0.9,93.0999984741211,-1.1500015258789062,1.2352325936917936,True
garch11,BZ=F,2026-06-08,94.25,3,2026-06-11,94.25,101.45030841544433,87.56072444475372,13.889583970690609,0.9,90.37999725341797,-3.8700027465820312,4.281923947984715,True
garch11,BZ=F,2026-06-08,94.25,4,2026-06-12,94.25,102.60836873170082,86.57249510736624,16.035873624334585,0.9,87.33000183105469,-6.9199981689453125,7.92396430075941,True
garch11,BZ=F,2026-06-08,94.25,5,2026-06-15,94.25,103.63826405412259,85.71218922926994,17.92607482485265,0.9,83.16999816894531,-11.080001831054688,13.32211383310073,False
garch11,BZ=F,2026-06-08,94.25,6,2026-06-16,94.25,104.57708792531795,84.94272193105716,19.63436599426079,0.9,78.95999908447266,-15.290000915527344,19.36423643973179,False
garch11,BZ=F,2026-06-08,94.25,7,2026-06-17,94.25,105.4468846445674,84.2420573157981,21.204827328769298,0.9,79.55000305175781,-14.699996948242188,18.478939515159908,False
garch11,BZ=F,2026-06-09,91.44999694824219,0,2026-06-09,91.44999694824219,91.44999694824219,91.44999694824219,0.0,0.9,91.44999694824219,0.0,0.0,True
garch11,BZ=F,2026-06-09,91.44999694824219,1,2026-06-10,91.44999694824219,95.50930652556907,87.56321500035813,7.946091525210946,0.9,93.0999984741211,1.6500015258789062,1.7722895305283548,True
garch11,BZ=F,2026-06-09,91.44999694824219,2,2026-06-11,91.44999694824219,97.23858292559565,86.00600389490181,11.232579030693842,0.9,90.37999725341797,-1.0699996948242188,1.1838899395228226,True
garch11,BZ=F,2026-06-09,91.44999694824219,3,2026-06-12,91.44999694824219,98.58372050103883,84.83248450483654,13.751235996202283,0.9,87.33000183105469,-4.1199951171875,4.717731628081133,True
garch11,BZ=F,2026-06-09,91.44999694824219,4,2026-06-15,91.44999694824219,99.72972579787083,83.85766505348258,15.87206074438825,0.9,83.16999816894531,-8.279998779296875,9.955511556556134,False
garch11,BZ=F,2026-06-09,91.44999694824219,5,2026-06-16,91.44999694824219,100.74831148726467,83.00984719620507,17.7384642910596,0.9,78.95999908447266,-12.489997863769531,15.818133242893701,False
garch11,BZ=F,2026-06-09,91.44999694824219,6,2026-06-17,91.44999694824219,101.67628447791641,82.25223792132114,19.424046556595272,0.9,79.55000305175781,-11.899993896484375,14.959136945276864,False
garch11,BZ=F,2026-06-09,91.44999694824219,7,2026-06-18,91.44999694824219,102.53552770774859,81.56296777123345,20.97255993651514,0.9,79.8499984741211,-11.599998474121094,14.527236938997042,False
garch11,BZ=F,2026-06-10,93.0999984741211,0,2026-06-10,93.0999984741211,93.0999984741211,93.0999984741211,0.0,0.9,93.0999984741211,0.0,0.0,True
garch11,BZ=F,2026-06-10,93.0999984741211,1,2026-06-11,93.0999984741211,97.08417036842226,89.27933032737315,7.804840041049118,0.9,90.37999725341797,-2.720001220703125,3.009516821599882,True
garch11,BZ=F,2026-06-10,93.0999984741211,2,2026-06-12,93.0999984741211,98.78250300615174,87.74438237651826,11.038120629633482,0.9,87.33000183105469,-5.769996643066406,6.607118426756503,False
garch11,BZ=F,2026-06-10,93.0999984741211,3,2026-06-15,93.0999984741211,100.10480191803495,86.58535404703478,13.519447871000168,0.9,83.16999816894531,-9.930000305175781,11.939401856189441,False
garch11,BZ=F,2026-06-10,93.0999984741211,4,2026-06-16,93.0999984741211,101.2324786285246,85.62083862124307,15.611640007281537,0.9,78.95999908447266,-14.139999389648438,17.907800853089224,False
garch11,BZ=F,2026-06-10,93.0999984741211,5,2026-06-17,93.0999984741211,102.23580464631286,84.78056925230003,17.45523539401283,0.9,79.55000305175781,-13.549995422363281,17.03330597429043,False
garch11,BZ=F,2026-06-10,93.0999984741211,6,2026-06-18,93.0999984741211,103.15082202125143,84.02850841165005,19.122313609601377,0.9,79.8499984741211,-13.25,16.593613341513393,False
garch11,BZ=F,2026-06-10,93.0999984741211,7,2026-06-19,93.0999984741211,103.99894333973064,83.34324789788573,20.655695441844912,0.9,,,,
garch11,BZ=F,2026-06-11,90.37999725341797,0,2026-06-11,90.37999725341797,90.37999725341797,90.37999725341797,0.0,0.9,90.37999725341797,0.0,0.0,True
garch11,BZ=F,2026-06-11,90.37999725341797,1,2026-06-12,90.37999725341797,94.33044432198292,86.5949902201852,7.735454101797728,0.9,87.33000183105469,-3.0499954223632812,3.4924943987333092,True
garch11,BZ=F,2026-06-11,90.37999725341797,2,2026-06-15,90.37999725341797,96.01376093399416,85.07680382547875,10.936957108515415,0.9,83.16999816894531,-7.209999084472656,8.66899031286114,False
garch11,BZ=F,2026-06-11,90.37999725341797,3,2026-06-16,90.37999725341797,97.32364620040325,83.93174960489705,13.391896595506196,0.9,78.95999908447266,-11.419998168945312,14.463017098984535,False
garch11,BZ=F,2026-06-11,90.37999725341797,4,2026-06-17,90.37999725341797,98.44007721874753,82.97986078755501,15.46021643119252,0.9,79.55000305175781,-10.829994201660156,13.614071384276139,False
garch11,BZ=F,2026-06-11,90.37999725341797,5,2026-06-18,90.37999725341797,99.43279765601784,82.15140372280838,17.281393933209458,0.9,79.8499984741211,-10.529998779296875,13.187224772095124,False
garch11,BZ=F,2026-06-11,90.37999725341797,6,2026-06-19,90.37999725341797,100.33759352150163,81.41060211671686,18.926991404784772,0.9,,,,
garch11,BZ=F,2026-06-11,90.37999725341797,7,2026-06-22,90.37999725341797,101.17573439971457,80.73619580814113,20.439538591573438,0.9,77.9000015258789,-12.479995727539062,16.020533354409658,False
garch11,BZ=F,2026-06-12,87.33000183105469,0,2026-06-12,87.33000183105469,87.33000183105469,87.33000183105469,0.0,0.9,87.33000183105469,0.0,0.0,True
garch11,BZ=F,2026-06-12,87.33000183105469,1,2026-06-15,87.33000183105469,91.31556417336218,83.5183934836463,7.79717068971587,0.9,83.16999816894531,-4.160003662109375,5.001808048208748,False
garch11,BZ=F,2026-06-12,87.33000183105469,2,2026-06-16,87.33000183105469,93.0128212097228,81.99438658694079,11.01843462278201,0.9,78.95999908447266,-8.370002746582031,10.600307552723843,False
garch11,BZ=F,2026-06-12,87.33000183105469,3,2026-06-17,87.33000183105469,94.33223906360396,80.84753733736558,13.484701726238384,0.9,79.55000305175781,-7.779998779296875,9.780010661011485,False
garch11,BZ=F,2026-06-12,87.33000183105469,4,2026-06-18,87.33000183105469,95.45556936988557,79.89611575475075,15.559453615134814,0.9,79.8499984741211,-7.480003356933594,9.367568565900246,False
garch11,BZ=F,2026-06-12,87.33000183105469,5,2026-06-19,87.33000183105469,96.45329612113714,79.06965885576108,17.383637265376066,0.9,,,,
garch11,BZ=F,2026-06-12,87.33000183105469,6,2026-06-22,87.33000183105469,97.36161307034156,78.33199327030482,19.02961980003674,0.9,77.9000015258789,-9.430000305175781,12.105263312534174,False
garch11,BZ=F,2026-06-12,87.33000183105469,7,2026-06-23,87.33000183105469,98.202049484076,77.66160950692482,20.54043997715118,0.9,77.08000183105469,-10.25,13.297872024531255,False
garch11,BZ=F,2026-06-15,83.16999816894531,0,2026-06-15,83.16999816894531,83.16999816894531,83.16999816894531,0.0,0.9,83.16999816894531,0.0,0.0,True
garch11,BZ=F,2026-06-15,83.16999816894531,1,2026-06-16,83.16999816894531,87.45556059275813,79.09444006234123,8.361120530416898,0.9,78.95999908447266,-4.209999084472656,5.331812478833406,False
garch11,BZ=F,2026-06-15,83.16999816894531,2,2026-06-17,83.16999816894531,89.27958634213043,77.47850184827927,11.801084493851164,0.9,79.55000305175781,-3.6199951171875,4.550590796121295,True
garch11,BZ=F,2026-06-15,83.16999816894531,3,2026-06-18,83.16999816894531,90.69479561217972,76.26952074517294,14.425274867006777,0.9,79.8499984741211,-3.3199996948242188,4.1577955645174,True
garch11,BZ=F,2026-06-15,83.16999816894531,4,2026-06-19,83.16999816894531,91.89691447671703,75.27182642432366,16.625088052393366,0.9,,,,
garch11,BZ=F,2026-06-15,83.16999816894531,5,2026-06-22,83.16999816894531,92.96197465198956,74.40944129379375,18.552533358195817,0.9,77.9000015258789,-5.269996643066406,6.76507899851026,True
garch11,BZ=F,2026-06-15,83.16999816894531,6,2026-06-23,83.16999816894531,93.92908693279146,73.64330710860439,20.285779824187074,0.9,77.08000183105469,-6.089996337890625,7.900877261574004,True
garch11,BZ=F,2026-06-15,83.16999816894531,7,2026-06-24,83.16999816894531,94.82155847753872,72.95016773069507,21.871390746843645,0.9,73.73999786376953,-9.430000305175781,12.788175452075782,True
garch11,BZ=F,2026-06-16,78.95999908447266,0,2026-06-16,78.95999908447266,78.95999908447266,78.95999908447266,0.0,0.9,78.95999908447266,0.0,0.0,True
garch11,BZ=F,2026-06-16,78.95999908447266,1,2026-06-17,78.95999908447266,83.46853225714474,74.69499327258443,8.773538984560318,0.9,79.55000305175781,0.5900039672851562,0.7416768631690442,True
garch11,BZ=F,2026-06-16,78.95999908447266,2,2026-06-18,78.95999908447266,85.38881803825069,73.0151979926346,12.373620045616093,0.9,79.8499984741211,0.8899993896484375,1.1145891129063465,True
garch11,BZ=F,2026-06-16,78.95999908447266,3,2026-06-19,78.95999908447266,86.87753542643541,71.764023056331,15.113512370104417,0.9,,,,
garch11,BZ=F,2026-06-16,78.95999908447266,4,2026-06-22,78.95999908447266,88.14061278520126,70.73562638614558,17.404986399055673,0.9,77.9000015258789,-1.05999755859375,1.3607157096673632,True
garch11,BZ=F,2026-06-16,78.95999908447266,5,2026-06-23,78.95999908447266,89.2581294705464,69.85001245715392,19.40811701339247,0.9,77.08000183105469,-1.8799972534179688,2.4390207690168197,True
garch11,BZ=F,2026-06-16,78.95999908447266,6,2026-06-24,78.95999908447266,90.27132362943307,69.06602456626767,21.2052990631654,0.9,73.73999786376953,-5.220001220703125,7.078927816551856,True
garch11,BZ=F,2026-06-16,78.95999908447266,7,2026-06-25,78.95999908447266,91.20479876450237,68.3591383334811,22.845660431021273,0.9,75.26000213623047,-3.6999969482421875,4.91628599949374,True
garch11,BZ=F,2026-06-17,79.55000305175781,0,2026-06-17,79.55000305175781,79.55000305175781,79.55000305175781,0.0,0.9,79.55000305175781,0.0,0.0,True
garch11,BZ=F,2026-06-17,79.55000305175781,1,2026-06-18,79.55000305175781,83.7809198639535,75.53274654671543,8.24817331723807,0.9,79.8499984741211,0.29999542236328125,0.3756987202203992,True
garch11,BZ=F,2026-06-17,79.55000305175781,2,2026-06-19,79.55000305175781,85.58196303699974,73.9431857013936,11.638777335606136,0.9,,,,
garch11,BZ=F,2026-06-17,79.55000305175781,3,2026-06-22,79.55000305175781,86.97894267976929,72.75557497673023,14.22336770303906,0.9,77.9000015258789,-1.6500015258789062,2.1181020456472837,True
garch11,BZ=F,2026-06-17,79.55000305175781,4,2026-06-23,79.55000305175781,88.1651067462436,71.77672912877517,16.38837761746842,0.9,77.08000183105469,-2.470001220703125,3.204464403253281,True
garch11,BZ=F,2026-06-17,79.55000305175781,5,2026-06-24,79.55000305175781,89.21554979899047,70.93161449761399,18.283935301376474,0.9,73.73999786376953,-5.810005187988281,7.879041709116858,True
garch11,BZ=F,2026-06-17,79.55000305175781,6,2026-06-25,79.55000305175781,90.16891417232803,70.18164789519822,19.987266277129805,0.9,75.26000213623047,-4.290000915527344,5.700240225560823,True
garch11,BZ=F,2026-06-17,79.55000305175781,7,2026-06-26,79.55000305175781,91.04823643109279,69.50385019619783,21.544386234894958,0.9,71.98999786376953,-7.560005187988281,10.501466054068342,True
garch11,BZ=F,2026-06-18,79.8499984741211,0,2026-06-18,79.8499984741211,79.8499984741211,79.8499984741211,0.0,0.9,79.8499984741211,0.0,0.0,True
garch11,BZ=F,2026-06-18,79.8499984741211,1,2026-06-19,79.8499984741211,83.80307191847969,76.08339539771869,7.7196765207609985,0.9,,,,
garch11,BZ=F,2026-06-18,79.8499984741211,2,2026-06-22,79.8499984741211,85.48571372386866,74.58582233883698,10.89989138503168,0.9,77.9000015258789,-1.9499969482421875,2.503205276054308,True
garch11,BZ=F,2026-06-18,79.8499984741211,3,2026-06-23,79.8499984741211,86.79198120650564,73.46326432100412,13.328716885501521,0.9,77.08000183105469,-2.7699966430664062,3.593664474914951,True
garch11,BZ=F,2026-06-18,79.8499984741211,4,2026-06-24,79.8499984741211,87.90234431564178,72.53529249938974,15.367051816252044,0.9,73.73999786376953,-6.1100006103515625,8.285870338156833,True
garch11,BZ=F,2026-06-18,79.8499984741211,5,2026-06-25,79.8499984741211,88.88687122302026,71.73187860690342,17.154992616116843,0.9,75.26000213623047,-4.589996337890625,6.0988522556538465,True
garch11,BZ=F,2026-06-18,79.8499984741211,6,2026-06-26,79.8499984741211,89.78158528282246,71.01703802881106,18.764547254011404,0.9,71.98999786376953,-7.8600006103515625,10.918184252797806,True
garch11,BZ=F,2026-06-18,79.8499984741211,7,2026-06-29,79.8499984741211,90.60794135390093,70.36935351409615,20.23858783980478,0.9,73.1500015258789,-6.6999969482421875,9.159257427864675,True
garch11,BZ=F,2026-06-22,77.9000015258789,0,2026-06-22,77.9000015258789,77.9000015258789,77.9000015258789,0.0,0.9,77.9000015258789,0.0,0.0,True
garch11,BZ=F,2026-06-22,77.9000015258789,1,2026-06-23,77.9000015258789,81.6700316717042,74.3040025027249,7.366029168979296,0.9,77.08000183105469,-0.8199996948242188,1.0638293660416727,True
garch11,BZ=F,2026-06-22,77.9000015258789,2,2026-06-24,77.9000015258789,83.27490068280743,72.87202011619797,10.402880566609454,0.9,73.73999786376953,-4.160003662109375,5.64144803718973,True
garch11,BZ=F,2026-06-22,77.9000015258789,3,2026-06-25,77.9000015258789,84.52123391793876,71.79746386125551,12.72377005668325,0.9,75.26000213623047,-2.6399993896484375,3.5078385792093028,True
garch11,BZ=F,2026-06-22,77.9000015258789,4,2026-06-26,77.9000015258789,85.58109900144603,70.90829994633974,14.672799055106296,0.9,71.98999786376953,-5.910003662109375,8.209478868568917,True
garch11,BZ=F,2026-06-22,77.9000015258789,5,2026-06-29,77.9000015258789,86.52128105679661,70.13777608942641,16.3835049673702,0.9,73.1500015258789,-4.75,6.493506358054622,True
garch11,BZ=F,2026-06-22,77.9000015258789,6,2026-06-30,77.9000015258789,87.37610450043348,69.45159975290298,17.924504747530506,0.9,72.91999816894531,-4.980003356933594,6.8294068595498745,True
garch11,BZ=F,2026-06-22,77.9000015258789,7,2026-07-01,77.9000015258789,88.16600541235421,68.82936580090991,19.336639611444298,0.9,71.56999969482422,-6.3300018310546875,8.844490510054396,True
garch11,BZ=F,2026-06-23,77.08000183105469,0,2026-06-23,77.08000183105469,77.08000183105469,77.08000183105469,0.0,0.9,77.08000183105469,0.0,0.0,True
garch11,BZ=F,2026-06-23,77.08000183105469,1,2026-06-24,77.08000183105469,80.59062055346337,73.72230963693785,6.868310916525516,0.9,73.73999786376953,-3.3400039672851562,4.529433230328572,True
garch11,BZ=F,2026-06-23,77.08000183105469,2,2026-06-25,77.08000183105469,82.08580969155665,72.37946125646269,9.706348435093958,0.9,75.26000213623047,-1.8199996948242188,2.4182828104758496,True
garch11,BZ=F,2026-06-23,77.08000183105469,3,2026-06-26,77.08000183105469,83.24829719650707,71.36874725798812,11.879549938518949,0.9,71.98999786376953,-5.090003967285156,7.070432168809394,True
garch11,BZ=F,2026-06-23,77.08000183105469,4,2026-06-29,77.08000183105469,84.23815253173386,70.5301161494158,13.708036382318056,0.9,73.1500015258789,-3.9300003051757812,5.37252251975064,True
garch11,BZ=F,2026-06-23,77.08000183105469,5,2026-06-30,77.08000183105469,85.11744646865328,69.80151459857812,15.315931870075161,0.9,72.91999816894531,-4.160003662109375,5.70488722787847,True
garch11,BZ=F,2026-06-23,77.08000183105469,6,2026-07-01,77.08000183105469,85.91805000473998,69.15108853084561,16.76696147389437,0.9,71.56999969482422,-5.510002136230469,7.6987594798452115,True
garch11,BZ=F,2026-06-23,77.08000183105469,7,2026-07-02,77.08000183105469,86.65891950643869,68.55989800142797,18.099021505010725,0.9,,,,
garch11,BZ=F,2026-06-24,73.73999786376953,0,2026-06-24,73.73999786376953,73.73999786376953,73.73999786376953,0.0,0.9,73.73999786376953,0.0,0.0,True
garch11,BZ=F,2026-06-24,73.73999786376953,1,2026-06-25,73.73999786376953,77.42628235849772,70.22921828755405,7.197064070943668,0.9,75.26000213623047,1.5200042724609375,2.0196707803828264,True
garch11,BZ=F,2026-06-24,73.73999786376953,2,2026-06-26,73.73999786376953,78.99540427389098,68.83422314158503,10.161181132305956,0.9,71.98999786376953,-1.75,2.4308932517425785,True
garch11,BZ=F,2026-06-24,73.73999786376953,3,2026-06-29,73.73999786376953,80.2134228573493,67.78899455043677,12.424428306912532,0.9,73.1500015258789,-0.589996337890625,0.8065568360677298,True
garch11,BZ=F,2026-06-24,73.73999786376953,4,2026-06-30,73.73999786376953,81.2486364185083,66.92527437555935,14.323362042948943,0.9,72.91999816894531,-0.8199996948242188,1.1245196316714046,True
garch11,BZ=F,2026-06-24,73.73999786376953,5,2026-07-01,73.73999786376953,82.16639446790587,66.17775211096367,15.988642356942208,0.9,71.56999969482422,-2.1699981689453125,3.0319941011572227,True
garch11,BZ=F,2026-06-24,73.73999786376953,6,2026-07-02,73.73999786376953,83.00029814147065,65.51286449213211,17.48743364933854,0.9,,,,
garch11,BZ=F,2026-06-24,73.73999786376953,7,2026-07-03,73.73999786376953,83.77036200954433,64.91063371946755,18.859728290076774,0.9,,,,
garch11,BZ=F,2026-06-25,75.26000213623047,0,2026-06-25,75.26000213623047,75.26000213623047,75.26000213623047,0.0,0.9,75.26000213623047,0.0,0.0,True
garch11,BZ=F,2026-06-25,75.26000213623047,1,2026-06-26,75.26000213623047,78.88073582280542,71.80546507919193,7.075270743613487,0.9,71.98999786376953,-3.2700042724609375,4.542303610911254,True
garch11,BZ=F,2026-06-25,75.26000213623047,2,2026-06-29,75.26000213623047,80.42216243618702,70.42919202825111,9.992970407935914,0.9,73.1500015258789,-2.1100006103515625,2.8844847113298955,True
garch11,BZ=F,2026-06-25,75.26000213623047,3,2026-06-30,75.26000213623047,81.61938802206338,69.39610867964736,12.22327934241602,0.9,72.91999816894531,-2.3400039672851562,3.209001681354542,True
garch11,BZ=F,2026-06-25,75.26000213623047,4,2026-07-01,75.26000213623047,82.63764599873325,68.54101242951964,14.096633569213608,0.9,71.56999969482422,-3.69000244140625,5.155794965964073,True
garch11,BZ=F,2026-06-25,75.26000213623047,5,2026-07-02,75.26000213623047,83.54106233231629,67.79980722551072,15.741255106805568,0.9,,,,
garch11,BZ=F,2026-06-25,75.26000213623047,6,2026-07-03,75.26000213623047,84.36259126050614,67.13956786907066,17.223023391435476,0.9,,,,
garch11,BZ=F,2026-06-25,75.26000213623047,7,2026-07-06,75.26000213623047,85.12185090058267,66.5407044327633,18.581146467819366,0.9,71.98999786376953,-3.2700042724609375,4.542303610911254,True
garch11,BZ=F,2026-06-26,71.98999786376953,0,2026-06-26,71.98999786376953,71.98999786376953,71.98999786376953,0.0,0.9,71.98999786376953,0.0,0.0,True
garch11,BZ=F,2026-06-26,71.98999786376953,1,2026-06-29,71.98999786376953,75.73626002972678,68.42904297613016,7.3072170535966166,0.9,73.1500015258789,1.160003662109375,1.5857876116366048,True
garch11,BZ=F,2026-06-26,71.98999786376953,2,2026-06-30,71.98999786376953,77.33101215009545,67.0178709463477,10.313141203747747,0.9,72.91999816894531,0.9300003051757812,1.275370719320511,True
garch11,BZ=F,2026-06-26,71.98999786376953,3,2026-07-01,71.98999786376953,78.56835459039338,65.96243257790229,12.605922012491092,0.9,71.56999969482422,-0.4199981689453125,0.5868355047313013,True
garch11,BZ=F,2026-06-26,71.98999786376953,4,2026-07-02,71.98999786376953,79.61936651054485,65.09169840906937,14.527668101475484,0.9,,,,
garch11,BZ=F,2026-06-26,71.98999786376953,5,2026-07-03,71.98999786376953,80.55050877717244,64.33925584209658,16.211252935075862,0.9,,,,
garch11,BZ=F,2026-06-26,71.98999786376953,6,2026-07-06,71.98999786376953,81.39597077691509,63.670962370232964,17.72500840668213,0.9,71.98999786376953,0.0,0.0,True
garch11,BZ=F,2026-06-26,71.98999786376953,7,2026-07-07,71.98999786376953,82.17612803759725,63.06648799581329,19.109640041783962,0.9,74.16000366210938,2.1700057983398438,2.9261133915619886,True
garch11,BZ=F,2026-06-29,73.1500015258789,0,2026-06-29,73.1500015258789,73.1500015258789,73.1500015258789,0.0,0.9,73.1500015258789,0.0,0.0,True
garch11,BZ=F,2026-06-29,73.1500015258789,1,2026-06-30,73.1500015258789,76.75956451042094,69.7101756291184,7.049388881302548,0.9,72.91999816894531,-0.23000335693359375,0.3154187640003892,True
garch11,BZ=F,2026-06-29,73.1500015258789,2,2026-07-01,73.1500015258789,78.29613242125178,68.34210781251433,9.954024608737456,0.9,71.56999969482422,-1.5800018310546875,2.207631462612609,True
garch11,BZ=F,2026-06-29,73.1500015258789,3,2026-07-02,73.1500015258789,79.4891451647612,67.31639536624728,12.17274979851392,0.9,,,,
garch11,BZ=F,2026-06-29,73.1500015258789,4,2026-07-03,73.1500015258789,80.5033700300351,66.46830711856789,14.035062911467207,0.9,,,,
garch11,BZ=F,2026-06-29,73.1500015258789,5,2026-07-06,73.1500015258789,81.40277340618522,65.73391174936933,15.668861656815892,0.9,71.98999786376953,-1.160003662109375,1.6113400424104904,True
garch11,BZ=F,2026-06-29,73.1500015258789,6,2026-07-07,73.1500015258789,82.22023885377976,65.08035974879802,17.139879104981745,0.9,74.16000366210938,1.0100021362304688,1.3619229859160726,True
garch11,BZ=F,2026-06-29,73.1500015258789,7,2026-07-08,73.1500015258789,82.97534950470259,64.4881010465985,18.48724845810409,0.9,78.0199966430664,4.8699951171875,6.241983243689737,True
garch11,BZ=F,2026-06-30,72.91999816894531,0,2026-06-30,72.91999816894531,72.91999816894531,72.91999816894531,0.0,0.9,72.91999816894531,0.0,0.0,True
garch11,BZ=F,2026-06-30,72.91999816894531,1,2026-07-01,72.91999816894531,76.27570292097774,69.71192567661788,6.563777244359855,0.9,71.56999969482422,-1.3499984741210938,1.8862630709480392,True
garch11,BZ=F,2026-06-30,72.91999816894531,2,2026-07-02,72.91999816894531,77.70485202472278,68.42978262499246,9.275069399730327,0.9,,,,
garch11,BZ=F,2026-06-30,72.91999816894531,3,2026-07-03,72.91999816894531,78.81582269738266,67.46521131137752,11.350611386005141,0.9,,,,
garch11,BZ=F,2026-06-30,72.91999816894531,4,2026-07-06,72.91999816894531,79.7616398419165,66.66520577432527,13.096434067591233,0.9,71.98999786376953,-0.9300003051757812,1.2918465519830544,True
garch11,BZ=F,2026-06-30,72.91999816894531,5,2026-07-07,72.91999816894531,80.60165065401661,65.97043720337268,14.631213450643926,0.9,74.16000366210938,1.2400054931640625,1.6720677345349422,True
garch11,BZ=F,2026-06-30,72.91999816894531,6,2026-07-08,72.91999816894531,81.36633197532713,65.35044660205855,16.015885373268574,0.9,78.0199966430664,5.099998474121094,6.536783765132766,True
garch11,BZ=F,2026-06-30,72.91999816894531,7,2026-07-09,72.91999816894531,82.073813627624,64.78712146951224,17.286692158111762,0.9,76.30000305175781,3.3800048828125,4.42988826687161,True
garch11,BZ=F,2026-07-01,71.56999969482422,0,2026-07-01,71.56999969482422,71.56999969482422,71.56999969482422,0.0,0.9,71.56999969482422,0.0,0.0,True
garch11,BZ=F,2026-07-01,71.56999969482422,1,2026-07-02,71.56999969482422,74.74500626112622,68.5298605557968,6.2151457053294195,0.9,,,,
garch11,BZ=F,2026-07-01,71.56999969482422,2,2026-07-03,71.56999969482422,76.09781608678108,67.31158816010917,8.786227926671913,0.9,,,,
garch11,BZ=F,2026-07-01,71.56999969482422,3,2026-07-06,71.56999969482422,77.1502899615491,66.39333253147878,10.75695743007033,0.9,71.98999786376953,0.4199981689453125,0.5834118369333712,True
garch11,BZ=F,2026-07-01,71.56999969482422,4,2026-07-07,71.56999969482422,78.04710297030022,65.63042907904408,12.416673891256139,0.9,74.16000366210938,2.5900039672851562,3.492453936606895,True
garch11,BZ=F,2026-07-01,71.56999969482422,5,2026-07-08,71.56999969482422,78.84432962318745,64.96681347659938,13.877516146588064,0.9,78.0199966430664,6.4499969482421875,8.267107441378485,True
garch11,BZ=F,2026-07-01,71.56999969482422,6,2026-07-09,71.56999969482422,79.57074792609231,64.37371760128296,15.197030324809347,0.9,76.30000305175781,4.730003356933594,6.1992177821081,True
garch11,BZ=F,2026-07-01,71.56999969482422,7,2026-07-10,71.56999969482422,80.24346579418007,63.83404312888799,16.409422665292077,0.9,76.01000213623047,4.44000244140625,5.841339714013644,True
garch11,BZ=F,2026-07-06,71.98999786376953,0,2026-07-06,71.98999786376953,71.98999786376953,71.98999786376953,0.0,0.9,71.98999786376953,0.0,0.0,True
garch11,BZ=F,2026-07-06,71.98999786376953,1,2026-07-07,71.98999786376953,74.98518717776255,69.1144476326982,5.870739545064353,0.9,74.16000366210938,2.1700057983398438,2.9261133915619886,True
garch11,BZ=F,2026-07-06,71.98999786376953,2,2026-07-08,71.98999786376953,76.26290258090742,67.95649807489767,8.306404506009756,0.9,78.0199966430664,6.029998779296875,7.728786258327476,False
garch11,BZ=F,2026-07-06,71.98999786376953,3,2026-07-09,71.98999786376953,77.25864367747111,67.08064684724455,10.177996830226562,0.9,76.30000305175781,4.310005187988281,5.648761488337826,True
garch11,BZ=F,2026-07-06,71.98999786376953,4,2026-07-10,71.98999786376953,78.10865367377353,66.35064808658565,11.758005587187881,0.9,76.01000213623047,4.0200042724609375,5.2887832646761455,True
garch11,BZ=F,2026-07-06,71.98999786376953,5,2026-07-13,71.98999786376953,78.86567448650472,65.71375729896748,13.151917187537236,0.9,83.30000305175781,11.310005187988281,13.577436703046574,False
garch11,BZ=F,2026-07-06,71.98999786376953,6,2026-07-14,71.98999786376953,79.55673978012608,65.14293831985545,14.413801460270633,0.9,84.7300033569336,12.740005493164062,15.036002582810623,False
garch11,BZ=F,2026-07-06,71.98999786376953,7,2026-07-15,71.98999786376953,80.1978994244566,64.62213885423918,15.575760570217412,0.9,84.94999694824219,12.959999084472656,15.256032430900316,False
garch11,BZ=F,2026-07-07,74.16000366210938,0,2026-07-07,74.16000366210938,74.16000366210938,74.16000366210938,0.0,0.9,74.16000366210938,0.0,0.0,True
garch11,BZ=F,2026-07-07,74.16000366210938,1,2026-07-08,74.16000366210938,77.32901567473208,71.12086058740756,6.2081550873245135,0.9,78.0199966430664,3.8599929809570312,4.947440588361095,False
garch11,BZ=F,2026-07-07,74.16000366210938,2,2026-07-09,74.16000366210938,78.68012799693699,69.89955765422977,8.780570342707222,0.9,76.30000305175781,2.1399993896484375,2.8047173054459478,True
garch11,BZ=F,2026-07-07,74.16000366210938,3,2026-07-10,74.16000366210938,79.73227621655988,68.9771621247384,10.755114091821483,0.9,76.01000213623047,1.8499984741210938,2.4338882017203427,True
garch11,BZ=F,2026-07-07,74.16000366210938,4,2026-07-13,74.16000366210938,80.62972473483266,68.20941236313261,12.42031237170005,0.9,83.30000305175781,9.139999389648438,10.972387820885636,False
garch11,BZ=F,2026-07-07,74.16000366210938,5,2026-07-14,74.16000366210938,81.4283503576381,67.54043424690593,13.887916110732164,0.9,84.7300033569336,10.569999694824219,12.47491948076178,False
garch11,BZ=F,2026-07-07,74.16000366210938,6,2026-07-15,74.16000366210938,82.15680928256427,66.94157418222972,15.215235100334553,0.9,84.94999694824219,10.789993286132812,12.701581723077487,False
garch11,BZ=F,2026-07-07,74.16000366210938,7,2026-07-16,74.16000366210938,82.83212439544762,66.39581180977574,16.436312585671885,0.9,84.2300033569336,10.069999694824219,11.955359484139546,False
garch11,BZ=F,2026-07-08,78.0199966430664,0,2026-07-08,78.0199966430664,78.0199966430664,78.0199966430664,0.0,0.9,78.0199966430664,0.0,0.0,True
garch11,BZ=F,2026-07-08,78.0199966430664,1,2026-07-09,78.0199966430664,81.92173116306539,74.30409233012502,7.617638832940372,0.9,76.30000305175781,-1.7199935913085938,2.25425101246961,True
garch11,BZ=F,2026-07-08,78.0199966430664,2,2026-07-10,78.0199966430664,83.58274470778737,72.82747051996435,10.75527418782302,0.9,76.01000213623047,-2.0099945068359375,2.6443815949820446,True
garch11,BZ=F,2026-07-08,78.0199966430664,3,2026-07-13,78.0199966430664,84.87221083397034,71.72100050618339,13.151210327786956,0.9,83.30000305175781,5.280006408691406,6.338542875455497,True
garch11,BZ=F,2026-07-08,78.0199966430664,4,2026-07-14,78.0199966430664,85.96824410448116,70.80660934270257,15.161634761778586,0.9,84.7300033569336,6.7100067138671875,7.919280594856835,True
garch11,BZ=F,2026-07-08,78.0199966430664,5,2026-07-15,78.0199966430664,86.94000260169028,70.01517936538163,16.924823236308654,0.9,84.94999694824219,6.930000305175781,8.15774049927047,True
garch11,BZ=F,2026-07-08,78.0199966430664,6,2026-07-16,78.0199966430664,87.82304410842447,69.31119204509766,18.511852063326813,0.9,84.2300033569336,6.2100067138671875,7.372677747086895,True
garch11,BZ=F,2026-07-08,78.0199966430664,7,2026-07-17,78.0199966430664,88.63854765651443,68.67350647229068,19.96504118422375,0.9,88.0999984741211,10.080001831054688,11.441545976888563,True
garch11,BZ=F,2026-07-09,76.30000305175781,0,2026-07-09,76.30000305175781,76.30000305175781,76.30000305175781,0.0,0.9,76.30000305175781,0.0,0.0,True
garch11,BZ=F,2026-07-09,76.30000305175781,1,2026-07-10,76.30000305175781,79.99501666632696,72.77566413894917,7.219352527377794,0.9,76.01000213623047,-0.29000091552734375,0.3815299399776147,True
garch11,BZ=F,2026-07-09,76.30000305175781,2,2026-07-13,76.30000305175781,81.56818045735176,71.37207711458203,10.196103342769732,0.9,83.30000305175781,7.0,8.403361036674397,False
garch11,BZ=F,2026-07-09,76.30000305175781,3,2026-07-14,76.30000305175781,82.7900367698433,70.31873269826634,12.471304071576952,0.9,84.7300033569336,8.430000305175781,9.949250526597483,False
garch11,BZ=F,2026-07-09,76.30000305175781,4,2026-07-15,76.30000305175781,83.82920423691995,69.44704436469254,14.382159872227405,0.9,84.94999694824219,8.649993896484375,10.182453451710646,False
garch11,BZ=F,2026-07-09,76.30000305175781,5,2026-07-16,76.30000305175781,84.75112561550483,68.69160053531137,16.059525080193467,0.9,84.2300033569336,7.930000305175781,9.414697838217531,True
garch11,BZ=F,2026-07-09,76.30000305175781,6,2026-07-17,76.30000305175781,85.58943342920787,68.01879896206403,17.570634467143847,0.9,88.0999984741211,11.799995422363281,13.393865637613454,False
garch11,BZ=F,2026-07-09,76.30000305175781,7,2026-07-20,76.30000305175781,86.36415058352101,67.40864613805486,18.955504445466147,0.9,89.22000122070312,12.919998168945312,14.481055808310481,False
garch11,BZ=F,2026-07-10,76.01000213623047,0,2026-07-10,76.01000213623047,76.01000213623047,76.01000213623047,0.0,0.9,76.01000213623047,0.0,0.0,True
garch11,BZ=F,2026-07-10,76.01000213623047,1,2026-07-13,76.01000213623047,79.4469400857939,72.72174886170158,6.725191224092313,0.9,83.30000305175781,7.290000915527344,8.751501378694739,False
garch11,BZ=F,2026-07-10,76.01000213623047,2,2026-07-14,76.01000213623047,80.91106611841448,71.40581260286787,9.505253515546613,0.9,84.7300033569336,8.720001220703125,10.29151525460143,False
garch11,BZ=F,2026-07-10,76.01000213623047,3,2026-07-15,76.01000213623047,82.04970954127133,70.41487967539533,11.634829865876,0.9,84.94999694824219,8.939994812011719,10.523831822452712,False
garch11,BZ=F,2026-07-10,76.01000213623047,4,2026-07-16,76.01000213623047,83.01953578931779,69.59229981015089,13.427235979166895,0.9,84.2300033569336,8.220001220703125,9.758994293126163,False
garch11,BZ=F,2026-07-10,76.01000213623047,5,2026-07-17,76.01000213623047,83.881284909436,68.87734768235326,15.003937227082744,0.9,88.0999984741211,12.089996337890625,13.723038078646502,False
garch11,BZ=F,2026-07-10,76.01000213623047,6,2026-07-20,76.01000213623047,84.66613893537502,68.23885554955672,16.4272833858183,0.9,89.22000122070312,13.209999084472656,14.806096058881618,False
garch11,BZ=F,2026-07-10,76.01000213623047,7,2026-07-21,76.01000213623047,85.39264091204873,67.65829423990282,17.734346672145918,0.9,91.01000213623047,15.0,16.481704920242606,False
garch11,BZ=F,2026-07-13,83.30000305175781,0,2026-07-13,83.30000305175781,83.30000305175781,83.30000305175781,0.0,0.9,83.30000305175781,0.0,0.0,True
garch11,BZ=F,2026-07-13,83.30000305175781,1,2026-07-14,83.30000305175781,89.0588950145349,77.91350327544926,11.145391739085639,0.9,84.7300033569336,1.4300003051757812,1.6877142080967027,True
garch11,BZ=F,2026-07-13,83.30000305175781,2,2026-07-15,83.30000305175781,91.5230025732824,75.8158092864894,15.707193286793,0.9,84.94999694824219,1.649993896484375,1.9423118961259918,True
garch11,BZ=F,2026-07-13,83.30000305175781,3,2026-07-16,83.30000305175781,93.43523274031764,74.2641753535088,19.17105738680884,0.9,84.2300033569336,0.9300003051757812,1.1041199906342234,True
garch11,BZ=F,2026-07-13,83.30000305175781,4,2026-07-17,83.30000305175781,95.05781728964816,72.99652681146198,22.06129047818618,0.9,88.0999984741211,4.799995422363281,5.448349041428479,True
garch11,BZ=F,2026-07-13,83.30000305175781,5,2026-07-20,83.30000305175781,96.49282518902766,71.91094772932286,24.5818774597048,0.9,89.22000122070312,5.9199981689453125,6.635281425631276,True
garch11,BZ=F,2026-07-13,83.30000305175781,6,2026-07-21,83.30000305175781,97.79287005461708,70.95497355326111,26.83789650135597,0.9,91.01000213623047,7.709999084472656,8.471595323041266,True
garch11,BZ=F,2026-07-13,83.30000305175781,7,2026-07-22,83.30000305175781,98.98937557063468,70.09732578292257,28.89204978771211,0.9,94.06999969482422,10.769996643066406,11.448917484857796,True
garch11,BZ=F,2026-07-14,84.7300033569336,0,2026-07-14,84.7300033569336,84.7300033569336,84.7300033569336,0.0,0.9,84.7300033569336,0.0,0.0,True
garch11,BZ=F,2026-07-14,84.7300033569336,1,2026-07-15,84.7300033569336,90.2205612881077,79.5735846282336,10.646976659874099,0.9,84.94999694824219,0.21999359130859375,0.25896833338632147,True
garch11,BZ=F,2026-07-14,84.7300033569336,2,2026-07-16,84.7300033569336,92.56607322691457,77.55728658022575,15.008786646688819,0.9,84.2300033569336,-0.5,0.5936127033988078,True
garch11,BZ=F,2026-07-14,84.7300033569336,3,2026-07-17,84.7300033569336,94.38566997321114,76.06211272223413,18.323557250977004,0.9,88.0999984741211,3.3699951171875,3.8251931618108013,True
garch11,BZ=F,2026-07-14,84.7300033569336,4,2026-07-20,84.7300033569336,95.92963291293047,74.83791244549093,21.091720467439544,0.9,89.22000122070312,4.489997863769531,5.032501459692478,True
garch11,BZ=F,2026-07-14,84.7300033569336,5,2026-07-21,84.7300033569336,97.29534509224878,73.78743003644394,23.507915055804844,0.9,91.01000213623047,6.279998779296875,6.9003391186569925,True
garch11,BZ=F,2026-07-14,84.7300033569336,6,2026-07-22,84.7300033569336,98.53298577566785,72.86061020429192,25.672375571375937,0.9,94.06999969482422,9.339996337890625,9.928772582322562,True
garch11,BZ=F,2026-07-14,84.7300033569336,7,2026-07-23,84.7300033569336,99.67251243782084,72.02761617296034,27.644896264860506,0.9,100.69000244140625,15.959999084472656,15.850629354945278,False
garch11,BZ=F,2026-07-15,84.94999694824219,0,2026-07-15,84.94999694824219,84.94999694824219,84.94999694824219,0.0,0.9,84.94999694824219,0.0,0.0,True
garch11,BZ=F,2026-07-15,84.94999694824219,1,2026-07-16,84.94999694824219,90.05412100261222,80.13516651055896,9.91895449205326,0.9,84.2300033569336,-0.7199935913085938,0.8547946843330214,True
garch11,BZ=F,2026-07-15,84.94999694824219,2,2026-07-17,84.94999694824219,92.23135596462305,78.24347702612516,13.987878938497886,0.9,88.0999984741211,3.1500015258789062,3.5754842002684057,True
garch11,BZ=F,2026-07-15,84.94999694824219,3,2026-07-20,84.94999694824219,93.92023815555707,76.83649576733285,17.083742388224223,0.9,89.22000122070312,4.2700042724609375,4.785927162114969,True
garch11,BZ=F,2026-07-15,84.94999694824219,4,2026-07-21,84.94999694824219,95.35363309758614,75.68145803234256,19.67217506524358,0.9,91.01000213623047,6.060005187988281,6.65861448823748,True
garch11,BZ=F,2026-07-15,84.94999694824219,5,2026-07-22,84.94999694824219,96.62210113343932,74.68790159655141,21.934199536887903,0.9,94.06999969482422,9.120002746582031,9.694910998372013,True
garch11,BZ=F,2026-07-15,84.94999694824219,6,2026-07-23,84.94999694824219,97.77228086488313,73.80928334360159,23.962997521281537,0.9,100.69000244140625,15.740005493164062,15.63214332259404,False
garch11,BZ=F,2026-07-15,84.94999694824219,7,2026-07-24,84.94999694824219,98.83199987212711,73.01786861384329,25.814131258283822,0.9,96.77999877929688,11.830001831054688,12.223601963493055,True
garch11,BZ=F,2026-07-16,84.2300033569336,0,2026-07-16,84.2300033569336,84.2300033569336,84.2300033569336,0.0,0.9,84.2300033569336,0.0,0.0,True
garch11,BZ=F,2026-07-16,84.2300033569336,1,2026-07-17,84.2300033569336,88.94812500497089,79.76214748891623,9.185977516054663,0.9,88.0999984741211,3.8699951171875,4.392730061538299,True
garch11,BZ=F,2026-07-16,84.2300033569336,2,2026-07-20,84.2300033569336,90.95881913591295,77.99896186985428,12.959857266058663,0.9,89.22000122070312,4.989997863769531,5.592913915598135,True
garch11,BZ=F,2026-07-16,84.2300033569336,3,2026-07-21,84.2300033569336,92.51883610757169,76.68377342382522,15.835062683746472,0.9,91.01000213623047,6.779998779296875,7.4497292826650785,True
garch11,BZ=F,2026-07-16,84.2300033569336,4,2026-07-22,84.2300033569336,93.843513784457,75.60131946683477,18.242194317622236,0.9,94.06999969482422,9.839996337890625,10.460291665581908,False
garch11,BZ=F,2026-07-16,84.2300033569336,5,2026-07-23,84.2300033569336,95.01654719810448,74.66797810192982,20.348569096174657,0.9,100.69000244140625,16.459999084472656,16.347202984776064,False
garch11,BZ=F,2026-07-16,84.2300033569336,6,2026-07-24,84.2300033569336,96.08101306400464,73.84074375634337,22.240269307661265,0.9,96.77999877929688,12.549995422363281,12.967550713637713,False
garch11,BZ=F,2026-07-16,84.2300033569336,7,2026-07-27,84.2300033569336,97.0625970478047,73.09399996802897,23.968597079775734,0.9,88.36000061035156,4.129997253417969,4.674057520246476,True
garch11,BZ=F,2026-07-17,88.0999984741211,0,2026-07-17,88.0999984741211,88.0999984741211,88.0999984741211,0.0,0.9,88.0999984741211,0.0,0.0,True
garch11,BZ=F,2026-07-17,88.0999984741211,1,2026-07-20,88.0999984741211,93.25793848253372,83.22733546800218,10.030603014531536,0.9,89.22000122070312,1.1200027465820312,1.2553269796662359,True
garch11,BZ=F,2026-07-17,88.0999984741211,2,2026-07-21,88.0999984741211,95.45733432227115,81.30972634262304,14.147607979648114,0.9,91.01000213623047,2.910003662109375,3.1974547783808065,True
garch11,BZ=F,2026-07-17,88.0999984741211,3,2026-07-22,88.0999984741211,97.16352850903631,79.88192535039839,17.28160315863792,0.9,94.06999969482422,5.970001220703125,6.3463391517706125,True
garch11,BZ=F,2026-07-17,88.0999984741211,4,2026-07-23,88.0999984741211,98.61187815092158,78.70866955055158,19.903208600370007,0.9,100.69000244140625,12.590003967285156,12.503727939237622,False
garch11,BZ=F,2026-07-17,88.0999984741211,5,2026-07-24,88.0999984741211,99.89389265179263,77.69854117303596,22.195351478756663,0.9,96.77999877929688,8.680000305175781,8.968795634075377,True
garch11,BZ=F,2026-07-17,88.0999984741211,6,2026-07-27,88.0999984741211,101.05668866238028,76.80451273315379,24.252175929226496,0.9,88.36000061035156,0.26000213623046875,0.29425320782536185,True
garch11,BZ=F,2026-07-17,88.0999984741211,7,2026-07-28,88.0999984741211,102.12837217676433,75.99856499921793,26.129807177546397,0.9,84.08999633789062,-4.010002136230469,4.76870295025043,True
garch11,BZ=F,2026-07-20,89.22000122070312,0,2026-07-20,89.22000122070312,89.22000122070312,89.22000122070312,0.0,0.9,89.22000122070312,0.0,0.0,True
garch11,BZ=F,2026-07-20,89.22000122070312,1,2026-07-21,89.22000122070312,94.11870875637575,84.57626249874616,9.542446257629592,0.9,91.01000213623047,1.7900009155273438,1.9668177931123865,True
garch11,BZ=F,2026-07-20,89.22000122070312,2,2026-07-22,89.22000122070312,96.20603335175193,82.74126206532053,13.4647712864314,0.9,94.06999969482422,4.849998474121094,5.155733485548149,True
garch11,BZ=F,2026-07-20,89.22000122070312,3,2026-07-23,89.22000122070312,97.82573547617868,81.37131378644882,16.454421689729855,0.9,100.69000244140625,11.470001220703125,11.391400280656239,False
garch11,BZ=F,2026-07-20,89.22000122070312,4,2026-07-24,89.22000122070312,99.20139515941344,80.24290994124101,18.958485218172427,0.9,96.77999877929688,7.55999755859375,7.8115288840145976,True
garch11,BZ=F,2026-07-20,89.22000122070312,5,2026-07-27,89.22000122070312,100.41989337872319,79.26923988856645,21.150653490156742,0.9,88.36000061035156,-0.8600006103515625,0.9732917659699649,True
garch11,BZ=F,2026-07-20,89.22000122070312,6,2026-07-28,89.22000122070312,101.52593723873697,78.40566493962959,23.120272299107384,0.9,84.08999633789062,-5.1300048828125,6.100612565374723,True
garch11,BZ=F,2026-07-20,89.22000122070312,7,2026-07-29,89.22000122070312,102.54617864831444,77.62559973221505,24.920578916099387,0.9,90.73999786376953,1.5199966430664062,1.6751120551583207,True
garch11,BZ=F,2026-07-21,91.01000213623047,0,2026-07-21,91.01000213623047,91.01000213623047,91.01000213623047,0.0,0.9,91.01000213623047,0.0,0.0,True
garch11,BZ=F,2026-07-21,91.01000213623047,1,2026-07-22,91.01000213623047,95.7806101721199,86.47700692188394,9.303603250235966,0.9,94.06999969482422,3.05999755859375,3.252894194239179,True
garch11,BZ=F,2026-07-21,91.01000213623047,2,2026-07-23,91.01000213623047,97.81274843970908,84.68037777245507,13.132370667254008,0.9,100.69000244140625,9.680000305175781,9.613665776608544,False
garch11,BZ=F,2026-07-21,91.01000213623047,3,2026-07-24,91.01000213623047,99.3902077761916,83.33638367562389,16.05382410056771,0.9,96.77999877929688,5.769996643066406,5.9619722213725845,True
garch11,BZ=F,2026-07-21,91.01000213623047,4,2026-07-27,91.01000213623047,100.73070811810581,82.22736287255273,18.503345245553078,0.9,88.36000061035156,-2.6500015258789062,2.9990963191193694,True
garch11,BZ=F,2026-07-21,91.01000213623047,5,2026-07-28,91.01000213623047,101.91881288320468,81.26880852044947,20.65000436275521,0.9,84.08999633789062,-6.920005798339844,8.229285408140417,True
garch11,BZ=F,2026-07-21,91.01000213623047,6,2026-07-29,91.01000213623047,102.99801507117002,80.41728263513993,22.58073243603009,0.9,90.73999786376953,-0.2700042724609375,0.29755816488590003,True
garch11,BZ=F,2026-07-21,91.01000213623047,7,2026-07-30,91.01000213623047,103.99422924786059,79.64692414898664,24.347305098873946,0.9,89.02999877929688,-1.9800033569335938,2.2239732495582443,True
garch11,BZ=F,2026-07-22,94.06999969482422,0,2026-07-22,94.06999969482422,94.06999969482422,94.06999969482422,0.0,0.9,94.06999969482422,0.0,0.0,True
garch11,BZ=F,2026-07-22,94.06999969482422,1,2026-07-23,94.06999969482422,99.01824247103913,89.36903566201389,9.649206809025245,0.9,100.69000244140625,6.620002746582031,6.57463758672005,False
garch11,BZ=F,2026-07-22,94.06999969482422,2,2026-07-24,94.06999969482422,101.12610301872088,87.50623803773037,13.619864980990513,0.9,96.77999877929688,2.7099990844726562,2.8001644127447314,True
garch11,BZ=F,2026-07-22,94.06999969482422,3,2026-07-27,94.06999969482422,102.76230419892214,86.11294687840457,16.649357320517566,0.9,88.36000061035156,-5.709999084472656,6.462199009767455,True
garch11,BZ=F,2026-07-22,94.06999969482422,4,2026-07-28,94.06999969482422,104.15267288962043,84.9633964935538,19.18927639606663,0.9,84.08999633789062,-9.980003356933594,11.86824092229939,False
garch11,BZ=F,2026-07-22,94.06999969482422,5,2026-07-29,94.06999969482422,105.38492421100665,83.96993126707592,21.414992943930727,0.9,90.73999786376953,-3.3300018310546875,3.669827980439355,True
garch11,BZ=F,2026-07-22,94.06999969482422,6,2026-07-30,94.06999969482422,106.50417371845356,83.0874935096649,23.416680208788662,0.9,89.02999877929688,-5.040000915527344,5.661014247592409,True
garch11,BZ=F,2026-07-22,94.06999969482422,7,2026-07-31,94.06999969482422,107.5373037307097,82.28925717483052,25.24804655587917,0.9,90.12000274658203,-3.9499969482421875,4.383041309208125,True
garch11,BZ=F,2026-07-23,100.69000244140625,0,2026-07-23,100.69000244140625,100.69000244140625,100.69000244140625,0.0,0.9,100.69000244140625,0.0,0.0,True
garch11,BZ=F,2026-07-23,100.69000244140625,1,2026-07-24,100.69000244140625,107.09147694299776,94.67118094791861,12.420295995079144,0.9,96.77999877929688,-3.910003662109375,4.040094762788735,True
garch11,BZ=F,2026-07-23,100.69000244140625,2,2026-07-27,100.69000244140625,109.82568675102601,92.31425626897507,17.51143048205094,0.9,88.36000061035156,-12.330001831054688,13.954279929701812,False
garch11,BZ=F,2026-07-23,100.69000244140625,3,2026-07-28,100.69000244140625,111.94718824752367,90.56481677086394,21.382371476659728,0.9,84.08999633789062,-16.600006103515625,19.740762072117878,False
garch11,BZ=F,2026-07-23,100.69000244140625,4,2026-07-29,100.69000244140625,113.74778368687943,89.13120118066834,24.61658250621109,0.9,90.73999786376953,-9.950004577636719,10.965400938817451,True
garch11,BZ=F,2026-07-23,100.69000244140625,5,2026-07-30,100.69000244140625,115.34098544978029,87.90003442501113,27.440951024769163,0.9,89.02999877929688,-11.660003662109375,13.096713267417009,True
garch11,BZ=F,2026-07-23,100.69000244140625,6,2026-07-31,100.69000244140625,116.7852696289318,86.81297413504228,29.97229549388952,0.9,90.12000274658203,-10.569999694824219,11.728805340305103,True
garch11,BZ=F,2026-07-23,100.69000244140625,7,2026-08-03,100.69000244140625,118.11553786067982,85.83524890356912,32.2802889571107,0.9,83.7699966430664,-16.920005798339844,20.198169364186434,False
garch11,BZ=F,2026-07-24,96.77999877929688,0,2026-07-24,96.77999877929688,96.77999877929688,96.77999877929688,0.0,0.9,96.77999877929688,0.0,0.0,True
garch11,BZ=F,2026-07-24,96.77999877929688,1,2026-07-27,96.77999877929688,102.93149958135997,90.99613045389735,11.935369127462621,0.9,88.36000061035156,-8.419998168945312,9.529196594368166,False
garch11,BZ=F,2026-07-24,96.77999877929688,2,2026-07-28,96.77999877929688,105.558965022236,88.73114814784027,16.827816874395722,0.9,84.08999633789062,-12.69000244140625,15.090977517010765,False
garch11,BZ=F,2026-07-24,96.77999877929688,3,2026-07-29,96.77999877929688,107.59766726113425,87.04991848000755,20.5477487811267,0.9,90.73999786376953,-6.040000915527344,6.6563820340786926,True
garch11,BZ=F,2026-07-24,96.77999877929688,4,2026-07-30,96.77999877929688,109.32801057845948,85.6721723386608,23.655838239798683,0.9,89.02999877929688,-7.75,8.70493104151563,True
garch11,BZ=F,2026-07-24,96.77999877929688,5,2026-07-31,96.77999877929688,110.8590726795646,84.48896366645576,26.370109013108845,0.9,90.12000274658203,-6.659996032714844,7.390141843917594,True
garch11,BZ=F,2026-07-24,96.77999877929688,6,2026-08-03,96.77999877929688,112.24704468765519,83.44422955440906,28.802815133246128,0.9,83.7699966430664,-13.010002136230469,15.530622726015473,True
garch11,BZ=F,2026-07-24,96.77999877929688,7,2026-08-04,96.77999877929688,113.52546416936094,82.50455730132636,31.020906868034587,0.9,79.36000061035156,-17.419998168945312,21.950602362612738,False
garch11,BZ=F,2026-07-27,88.36000061035156,0,2026-07-27,88.36000061035156,88.36000061035156,88.36000061035156,0.0,0.9,88.36000061035156,0.0,0.0,True
garch11,BZ=F,2026-07-27,88.36000061035156,1,2026-07-28,88.36000061035156,95.49165968815463,81.76095936920673,13.730700318947896,0.9,84.08999633789062,-4.2700042724609375,5.077898035936636,True
garch11,BZ=F,2026-07-27,88.36000061035156,2,2026-07-29,88.36000061035156,98.56090681527414,79.2148729160372,19.346033899236943,0.9,90.73999786376953,2.3799972534179688,2.6228755889890194,True
garch11,BZ=F,2026-07-27,88.36000061035156,3,2026-07-30,88.36000061035156,100.94810816720761,77.3416149109919,23.606493256215714,0.9,89.02999877929688,0.6699981689453125,0.752553272078798,True
garch11,BZ=F,2026-07-27,88.36000061035156,4,2026-07-31,88.36000061035156,102.9765529654028,75.81813027364026,27.15842269176254,0.9,90.12000274658203,1.7600021362304688,1.9529539309709132,True
garch11,BZ=F,2026-07-27,88.36000061035156,5,2026-08-03,88.36000061035156,104.77210931012058,74.51877946593133,30.253329844189253,0.9,83.7699966430664,-4.590003967285156,5.479293483611555,True
garch11,BZ=F,2026-07-27,88.36000061035156,6,2026-08-04,88.36000061035156,106.39967816646823,73.37888462074173,33.020793545726505,0.9,79.36000061035156,-9.0,11.340725719230978,True
garch11,BZ=F,2026-07-27,88.36000061035156,7,2026-08-05,88.36000061035156,107.89803562661518,72.35988739294021,35.538148233674974,0.9,79.44999694824219,-8.910003662109375,11.21460541768656,True
garch11,BZ=F,2026-07-28,84.08999633789062,0,2026-07-28,84.08999633789062,84.08999633789062,84.08999633789062,0.0,0.9,84.08999633789062,0.0,0.0,True
garch11,BZ=F,2026-07-28,84.08999633789062,1,2026-07-29,84.08999633789062,90.85524457273166,77.82850090118755,13.02674367154411,0.9,90.73999786376953,6.650001525878906,7.328633108260303,True
garch11,BZ=F,2026-07-28,84.08999633789062,2,2026-07-30,84.08999633789062,93.76647486939463,75.41210751450012,18.354367354894507,0.9,89.02999877929688,4.94000244140625,5.548694270627131,True
garch11,BZ=F,2026-07-28,84.08999633789062,3,2026-07-31,84.08999633789062,96.03069625445129,73.63403328213083,22.396662972320456,0.9,90.12000274658203,6.030006408691406,6.691085469280132,True
garch11,BZ=F,2026-07-28,84.08999633789062,4,2026-08-03,84.08999633789062,97.95461331371378,72.18779437636242,25.76681893735136,0.9,83.7699966430664,-0.31999969482421875,0.38199797976320554,True
garch11,BZ=F,2026-07-28,84.08999633789062,5,2026-08-04,84.08999633789062,99.6576355590757,70.95419678018342,28.703438778892277,0.9,79.36000061035156,-4.7299957275390625,5.96017602212832,True
garch11,BZ=F,2026-07-28,84.08999633789062,6,2026-08-05,84.08999633789062,101.20133282498416,69.8718809991875,31.329451825796667,0.9,79.44999694824219,-4.6399993896484375,5.840150494494257,True
garch11,BZ=F,2026-07-28,84.08999633789062,7,2026-08-06,84.08999633789062,102.62249035346109,68.90426708367225,33.71822326978884,0.9,82.48999786376953,-1.5999984741210938,1.9396272464007782,True
garch11,BZ=F,2026-07-29,90.73999786376953,0,2026-07-29,90.73999786376953,90.73999786376953,90.73999786376953,0.0,0.9,90.73999786376953,0.0,0.0,True
garch11,BZ=F,2026-07-29,90.73999786376953,1,2026-07-30,90.73999786376953,98.70305486397021,83.41937565827534,15.283679205694867,0.9,89.02999877929688,-1.7099990844726562,1.9206998853405592,True
garch11,BZ=F,2026-07-29,90.73999786376953,2,2026-07-31,90.73999786376953,102.14267697600405,80.61025475425136,21.532422221752697,0.9,90.12000274658203,-0.6199951171875,0.6879661543408181,True
garch11,BZ=F,2026-07-29,90.73999786376953,3,2026-08-03,90.73999786376953,104.82197667021879,78.5498182143726,26.27215845584618,0.9,83.7699966430664,-6.970001220703125,8.320402888878506,True
garch11,BZ=F,2026-07-29,90.73999786376953,4,2026-08-04,90.73999786376953,107.10088544156099,76.87842335168733,30.22246208987366,0.9,79.36000061035156,-11.379997253417969,14.339714170735004,True
garch11,BZ=F,2026-07-29,90.73999786376953,5,2026-08-05,90.73999786376953,109.11954982705524,75.45620583448746,33.663343992567775,0.9,79.44999694824219,-11.290000915527344,14.210196789412377,True
garch11,BZ=F,2026-07-29,90.73999786376953,6,2026-08-06,90.73999786376953,110.95024121291473,74.21117000112007,36.739071211794666,0.9,82.48999786376953,-8.25,10.001212527153532,True
garch11,BZ=F,2026-07-29,90.73999786376953,7,2026-08-07,90.73999786376953,112.63614552874049,73.10039928715379,39.53574624158669,0.9,83.55000305175781,-7.189994812011719,8.605618850256223,True
garch11,BZ=F,2026-07-30,89.02999877929688,0,2026-07-30,89.02999877929688,89.02999877929688,89.02999877929688,0.0,0.9,89.02999877929688,0.0,0.0,True
garch11,BZ=F,2026-07-30,89.02999877929688,1,2026-07-31,89.02999877929688,96.31272078705183,82.29796248998933,14.0147582970625,0.9,90.12000274658203,1.0900039672851562,1.2095028118787943,True
garch11,BZ=F,2026-07-30,89.02999877929688,2,2026-08-03,89.02999877929688,99.44892268690846,79.70262993794138,19.74629274896708,0.9,83.7699966430664,-5.260002136230469,6.279100330686043,True
garch11,BZ=F,2026-07-30,89.02999877929688,3,2026-08-04,89.02999877929688,101.88888368403792,77.79396923438235,24.094914449655576,0.9,79.36000061035156,-9.669998168945312,12.184977437719395,True
garch11,BZ=F,2026-07-30,89.02999877929688,4,2026-08-05,89.02999877929688,103.96257570162562,76.24224995531412,27.720325746311502,0.9,79.44999694824219,-9.580001831054688,12.057900816907008,True
garch11,BZ=F,2026-07-30,89.02999877929688,5,2026-08-06,89.02999877929688,105.79846764486234,74.91923899359536,30.879228651266985,0.9,82.48999786376953,-6.540000915527344,7.928235040480927,True
garch11,BZ=F,2026-07-30,89.02999877929688,6,2026-08-07,89.02999877929688,107.46280113795684,73.75892493688173,33.70387620107512,0.9,83.55000305175781,-5.4799957275390625,6.558941385249619,True
garch11,BZ=F,2026-07-30,89.02999877929688,7,2026-08-10,89.02999877929688,108.99515316378755,72.72195554173548,36.273197622052066,0.9,87.72000122070312,-1.30999755859375,1.4933852489329111,True
garch11,BZ=F,2026-07-31,90.12000274658203,0,2026-07-31,90.12000274658203,90.12000274658203,90.12000274658203,0.0,0.9,90.12000274658203,0.0,0.0,True
garch11,BZ=F,2026-07-31,90.12000274658203,1,2026-08-03,90.12000274658203,96.96210064783003,83.760715174086,13.201385473744025,0.9,83.7699966430664,-6.350006103515625,7.580286926084306,True
garch11,BZ=F,2026-07-31,90.12000274658203,2,2026-08-04,90.12000274658203,99.9001888261264,81.29729273264343,18.60289609348297,0.9,79.36000061035156,-10.760002136230469,13.558470329481015,False
garch11,BZ=F,2026-07-31,90.12000274658203,3,2026-08-05,90.12000274658203,102.18360547209484,79.48060608667669,22.702999385418153,0.9,79.44999694824219,-10.670005798339844,13.429837895765854,False
garch11,BZ=F,2026-07-31,90.12000274658203,4,2026-08-06,90.12000274658203,104.12303561030397,78.00017400030775,26.12286160999622,0.9,82.48999786376953,-7.6300048828125,9.249612171663879,True
garch11,BZ=F,2026-07-31,90.12000274658203,5,2026-08-07,90.12000274658203,105.83941792530219,76.73525662032559,29.1041613049766,0.9,83.55000305175781,-6.569999694824219,7.863554105143737,True
garch11,BZ=F,2026-07-31,90.12000274658203,6,2026-08-10,90.12000274658203,107.39509892683616,75.62370141841268,31.771397508423476,0.9,87.72000122070312,-2.4000015258789062,2.735979813589507,True
garch11,BZ=F,2026-07-31,90.12000274658203,7,2026-08-11,90.12000274658203,108.82731982568696,74.62845642116947,34.19886340451748,0.9,88.91000366210938,-1.2099990844726562,1.3609256941109762,True
garch11,BZ=F,2026-08-03,83.7699966430664,0,2026-08-03,83.7699966430664,83.7699966430664,83.7699966430664,0.0,0.9,83.7699966430664,0.0,0.0,True
garch11,BZ=F,2026-08-03,83.7699966430664,1,2026-08-04,83.7699966430664,90.73500126009948,77.33964005206055,13.395361208038935,0.9,79.36000061035156,-4.409996032714844,5.556950603323978,True
garch11,BZ=F,2026-08-03,83.7699966430664,2,2026-08-05,83.7699966430664,93.73672675638895,74.86299746540978,18.87372929097917,0.9,79.44999694824219,-4.319999694824219,5.437381826003705,True
garch11,BZ=F,2026-08-03,83.7699966430664,3,2026-08-06,83.7699966430664,96.07290940880335,73.0425713217376,23.030338087065758,0.9,82.48999786376953,-1.279998779296875,1.5517017971206226,True
garch11,BZ=F,2026-08-03,83.7699966430664,4,2026-08-07,83.7699966430664,98.05892456146789,71.56321945159121,26.49570510987668,0.9,83.55000305175781,-0.21999359130859375,0.2633076999079359,True
garch11,BZ=F,2026-08-03,83.7699966430664,5,2026-08-10,83.7699966430664,99.81755583161706,70.30238597924675,29.515169852370306,0.9,87.72000122070312,3.9500045776367188,4.502969132089414,True
garch11,BZ=F,2026-08-03,83.7699966430664,6,2026-08-11,83.7699966430664,101.41211226569929,69.19698427337521,32.215127992324085,0.9,88.91000366210938,5.140007019042969,5.781134638771224,True
garch11,BZ=F,2026-08-03,83.7699966430664,7,2026-08-12,83.7699966430664,102.8804181864753,68.20940720575207,34.671010980723224,0.9,88.9800033569336,5.2100067138671875,5.855255694886651,True
garch11,BZ=F,2026-08-04,79.36000061035156,0,2026-08-04,79.36000061035156,79.36000061035156,79.36000061035156,0.0,0.9,79.36000061035156,0.0,0.0,True
garch11,BZ=F,2026-08-04,79.36000061035156,1,2026-08-05,79.36000061035156,85.99510796770494,73.23683690518989,12.75827106251505,0.9,79.44999694824219,0.089996337890625,0.11327418671803503,True
garch11,BZ=F,2026-08-04,79.36000061035156,2,2026-08-06,79.36000061035156,88.8553995455794,70.87931323345595,17.976086312123456,0.9,82.48999786376953,3.1299972534179688,3.7943960897987807,True
garch11,BZ=F,2026-08-04,79.36000061035156,3,2026-08-07,79.36000061035156,91.08176539513339,69.14676795682215,21.934997438311242,0.9,83.55000305175781,4.19000244140625,5.0149638400499095,True
garch11,BZ=F,2026-08-04,79.36000061035156,4,2026-08-10,79.36000061035156,92.97458002923827,67.73904969395322,25.23553033528505,0.9,87.72000122070312,8.360000610351562,9.530324320582075,True
garch11,BZ=F,2026-08-04,79.36000061035156,5,2026-08-11,79.36000061035156,94.65078658780648,66.53943325692713,28.111353330879354,0.9,88.91000366210938,9.550003051757812,10.741201955239285,True
garch11,BZ=F,2026-08-04,79.36000061035156,6,2026-08-12,79.36000061035156,96.17068259796088,65.48783399202513,30.682848605935746,0.9,88.9800033569336,9.620002746582031,10.81142097510655,True
garch11,BZ=F,2026-08-04,79.36000061035156,7,2026-08-13,79.36000061035156,97.57029313650999,64.54843471735292,33.02185841915707,0.9,87.06999969482422,7.709999084472656,8.854943277243365,True
garch11,BZ=F,2026-08-05,79.44999694824219,0,2026-08-05,79.44999694824219,79.44999694824219,79.44999694824219,0.0,0.9,79.44999694824219,0.0,0.0,True
garch11,BZ=F,2026-08-05,79.44999694824219,1,2026-08-06,79.44999694824219,85.58481904187555,73.75492623273719,11.829892809138357,0.9,82.48999786376953,3.0400009155273438,3.6852963925976097,True
garch11,BZ=F,2026-08-05,79.44999694824219,2,2026-08-07,79.44999694824219,88.22110159642179,71.55093170284917,16.67016989357262,0.9,83.55000305175781,4.100006103515625,4.907248298932725,True
garch11,BZ=F,2026-08-05,79.44999694824219,3,2026-08-10,79.44999694824219,90.27061764819943,69.92642987861068,20.344187769588757,0.9,87.72000122070312,8.270004272460938,9.4277293175745,True
garch11,BZ=F,2026-08-05,79.44999694824219,4,2026-08-11,79.44999694824219,92.01177504764547,68.60319792555966,23.408577122085816,0.9,88.91000366210938,9.460006713867188,10.63998011946854,True
garch11,BZ=F,2026-08-05,79.44999694824219,5,2026-08-12,79.44999694824219,93.55294777604627,67.47304243353756,26.07990534250871,0.9,88.9800033569336,9.530006408691406,10.71027876955997,True
garch11,BZ=F,2026-08-05,79.44999694824219,6,2026-08-13,79.44999694824219,94.95000490058959,66.48027055590491,28.46973434468468,0.9,87.06999969482422,7.620002746582031,8.75158237428476,True
garch11,BZ=F,2026-08-05,79.44999694824219,7,2026-08-14,79.44999694824219,96.23631856034868,65.59168211653193,30.64463644381675,0.9,88.5199966430664,9.069999694824219,10.246272072734714,True
garch11,BZ=F,2026-08-06,82.48999786376953,0,2026-08-06,82.48999786376953,82.48999786376953,82.48999786376953,0.0,0.9,82.48999786376953,0.0,0.0,True
garch11,BZ=F,2026-08-06,82.48999786376953,1,2026-08-07,82.48999786376953,88.67200385988042,76.73898695598817,11.933016903892252,0.9,83.55000305175781,1.0600051879882812,1.2687075395217233,True
garch11,BZ=F,2026-08-06,82.48999786376953,2,2026-08-10,82.48999786376953,91.32574722992052,74.50910563516688,16.816641594753648,0.9,87.72000122070312,5.230003356933594,5.9621560466864665,True
garch11,BZ=F,2026-08-06,82.48999786376953,3,2026-08-11,82.48999786376953,93.38807184328523,72.86369247438274,20.524379368902487,0.9,88.91000366210938,6.420005798339844,7.220791287714058,True
garch11,BZ=F,2026-08-06,82.48999786376953,4,2026-08-12,82.48999786376953,95.13975113649654,71.5221520582093,23.617599078287242,0.9,88.9800033569336,6.4900054931640625,7.293779780081724,True
garch11,BZ=F,2026-08-06,82.48999786376953,5,2026-08-13,82.48999786376953,96.6900704787119,70.37537271278393,26.314697765927974,0.9,87.06999969482422,4.5800018310546875,5.2601376445473225,True
garch11,BZ=F,2026-08-06,82.48999786376953,6,2026-08-14,82.48999786376953,98.09536339942888,69.36719037226497,28.728173027163905,0.9,88.5199966430664,6.029998779296875,6.812018761829893,True
garch11,BZ=F,2026-08-06,82.48999786376953,7,2026-08-17,82.48999786376953,99.3892758258759,68.46412443416884,30.92515139170706,0.9,90.87000274658203,8.3800048828125,9.221970539807984,True
garch11,BZ=F,2026-08-07,83.55000305175781,0,2026-08-07,83.55000305175781,83.55000305175781,83.55000305175781,0.0,0.9,83.55000305175781,0.0,0.0,True
garch11,BZ=F,2026-08-07,83.55000305175781,1,2026-08-10,83.55000305175781,89.37684068003568,78.10304052857418,11.2738001514615,0.9,87.72000122070312,4.1699981689453125,4.753759816365729,True
garch11,BZ=F,2026-08-07,83.55000305175781,2,2026-08-11,83.55000305175781,91.87237046575493,75.98152713987866,15.890843325876261,0.9,88.91000366210938,5.3600006103515625,6.028568653220993,True
garch11,BZ=F,2026-08-07,83.55000305175781,3,2026-08-12,83.55000305175781,93.81031995729602,74.41188787253289,19.39843208476313,0.9,88.9800033569336,5.430000305175781,6.102495055427147,True
garch11,BZ=F,2026-08-07,83.55000305175781,4,2026-08-13,83.55000305175781,95.45577850944437,73.1291821087404,22.326596400703977,0.9,87.06999969482422,3.5199966430664062,4.042720403587699,True
garch11,BZ=F,2026-08-07,83.55000305175781,5,2026-08-14,83.55000305175781,96.9119003364805,72.03040065989748,24.88149967658302,0.9,88.5199966430664,4.969993591308594,5.614543357190562,True
garch11,BZ=F,2026-08-07,83.55000305175781,6,2026-08-17,83.55000305175781,98.23184378285885,71.06252658129215,27.1693172015667,0.9,90.87000274658203,7.319999694824219,8.055463270137903,True
garch11,BZ=F,2026-08-07,83.55000305175781,7,2026-08-18,83.55000305175781,99.44734855950615,70.19395801962254,29.25339053988361,0.9,91.0199966430664,7.469993591308594,8.206980736993504,True
garch11,BZ=F,2026-08-10,87.72000122070312,0,2026-08-10,87.72000122070312,87.72000122070312,87.72000122070312,0.0,0.9,87.72000122070312,0.0,0.0,True
garch11,BZ=F,2026-08-10,87.72000122070312,1,2026-08-11,87.72000122070312,93.94585447448264,81.90673933622273,12.039115138259916,0.9,88.91000366210938,1.19000244140625,1.3384348131720878,True
garch11,BZ=F,2026-08-10,87.72000122070312,2,2026-08-12,87.72000122070312,96.61376857713019,79.6449484114382,16.968820165691994,0.9,88.9800033569336,1.2600021362304688,1.4160508976113513,True
garch11,BZ=F,2026-08-10,87.72000122070312,3,2026-08-13,87.72000122070312,98.68597119136295,77.9725681499258,20.713403041437147,0.9,87.06999969482422,-0.6500015258789062,0.7465275389423768,True
garch11,BZ=F,2026-08-10,87.72000122070312,4,2026-08-14,87.72000122070312,100.44558774074441,76.60663636137866,23.838951379365753,0.9,88.5199966430664,0.7999954223632812,0.9037454278145223,True
garch11,BZ=F,2026-08-10,87.72000122070312,5,2026-08-17,87.72000122070312,102.00279688253059,75.43713358195185,26.565663300578734,0.9,90.87000274658203,3.1500015258789062,3.466492165366849,True
garch11,BZ=F,2026-08-10,87.72000122070312,6,2026-08-18,87.72000122070312,103.41438022676743,74.40743344675063,29.006946780016804,0.9,91.0199966430664,3.2999954223632812,3.6255719007595277,True
garch11,BZ=F,2026-08-10,87.72000122070312,7,2026-08-19,87.72000122070312,104.71424309298932,73.48378202310984,31.230461069879482,0.9,91.62000274658203,3.9000015258789062,4.256714046021353,True
garch11,BZ=F,2026-08-11,88.91000366210938,0,2026-08-11,88.91000366210938,88.91000366210938,88.91000366210938,0.0,0.9,88.91000366210938,0.0,0.0,True
garch11,BZ=F,2026-08-11,88.91000366210938,1,2026-08-12,88.91000366210938,94.79496093760119,83.39038987947644,11.404571058124745,0.9,88.9800033569336,0.06999969482421875,0.07866901796285913,True
garch11,BZ=F,2026-08-11,88.91000366210938,2,2026-08-13,88.91000366210938,97.3118876724506,81.23353621300924,16.07835145944135,0.9,87.06999969482422,-1.8400039672851562,2.113246782742935,True
garch11,BZ=F,2026-08-11,88.91000366210938,3,2026-08-14,88.91000366210938,99.26580393292137,79.63456132927791,19.631242603643457,0.9,88.5199966430664,-0.39000701904296875,0.44058634639986427,True
garch11,BZ=F,2026-08-11,88.91000366210938,4,2026-08-17,88.91000366210938,100.92469811852098,78.32561205100733,22.599086067513653,0.9,90.87000274658203,1.9599990844726562,2.1569264061086204,True
garch11,BZ=F,2026-08-11,88.91000366210938,5,2026-08-18,88.91000366210938,102.39282569771152,77.20256470442324,25.190260993288277,0.9,91.0199966430664,2.1099929809570312,2.3181642043246145,True
garch11,BZ=F,2026-08-11,88.91000366210938,6,2026-08-19,88.91000366210938,103.72389781242539,76.21183659614981,27.512061216275583,0.9,91.62000274658203,2.7099990844726562,2.9578683728796933,True
garch11,BZ=F,2026-08-11,88.91000366210938,7,2026-08-20,88.91000366210938,104.94997466616313,75.32149270489484,29.628481961268292,0.9,93.77999877929688,4.8699951171875,5.19299976602539,True
garch11,BZ=F,2026-08-12,88.9800033569336,0,2026-08-12,88.9800033569336,88.9800033569336,88.9800033569336,0.0,0.9,88.9800033569336,0.0,0.0,True
garch11,BZ=F,2026-08-12,88.9800033569336,1,2026-08-13,88.9800033569336,94.43553080759676,83.83964096660746,10.595889840989301,0.9,87.06999969482422,-1.910003662109375,2.1936415169448003,True
garch11,BZ=F,2026-08-12,88.9800033569336,2,2026-08-14,88.9800033569336,96.76485496006578,81.82145264070707,14.94340231935871,0.9,88.5199966430664,-0.4600067138671875,0.5196641790691018,True
garch11,BZ=F,2026-08-12,88.9800033569336,3,2026-08-17,88.9800033569336,98.57266306591725,80.32085926404747,18.251803801869784,0.9,90.87000274658203,1.8899993896484375,2.079893620031312,True
garch11,BZ=F,2026-08-12,88.9800033569336,4,2026-08-18,88.9800033569336,100.1076543767142,79.08926691665215,21.018387460062044,0.9,91.0199966430664,2.0399932861328125,2.241258362305391,True
garch11,BZ=F,2026-08-12,88.9800033569336,5,2026-08-19,88.9800033569336,101.46653683826554,78.03007024887486,23.436466589390676,0.9,91.62000274658203,2.6399993896484375,2.881466176060473,True
garch11,BZ=F,2026-08-12,88.9800033569336,6,2026-08-20,88.9800033569336,102.6991096617369,77.0935699781412,25.605539683595694,0.9,93.77999877929688,4.799995422363281,5.11835730949374,True
garch11,BZ=F,2026-08-12,88.9800033569336,7,2026-08-21,88.9800033569336,103.83508289421971,76.25015338472521,27.5849295094945,0.9,94.38999938964844,5.409996032714844,5.73153519196669,True
garch11,BZ=F,2026-08-13,87.06999969482422,0,2026-08-13,87.06999969482422,87.06999969482422,87.06999969482422,0.0,0.9,87.06999969482422,0.0,0.0,True
garch11,BZ=F,2026-08-13,87.06999969482422,1,2026-08-14,87.06999969482422,92.14862428795094,82.27127540359794,9.877348884352998,0.9,88.5199966430664,1.4499969482421875,1.6380445133644985,True
garch11,BZ=F,2026-08-13,87.06999969482422,2,2026-08-17,87.06999969482422,94.31521971108513,80.38135170633174,13.933868004753393,0.9,90.87000274658203,3.8000030517578125,4.181801405195562,True
garch11,BZ=F,2026-08-13,87.06999969482422,3,2026-08-18,87.06999969482422,95.99676861230539,78.97333375328728,17.02343485901811,0.9,91.0199966430664,3.9499969482421875,4.339702366428383,True
garch11,BZ=F,2026-08-13,87.06999969482422,4,2026-08-19,87.06999969482422,97.42488995009724,77.8156880725234,19.609201877573838,0.9,91.62000274658203,4.5500030517578125,4.966167774894063,True
garch11,BZ=F,2026-08-13,87.06999969482422,5,2026-08-20,87.06999969482422,98.68961723808997,76.81846438381639,21.871152854273575,0.9,93.77999877929688,6.709999084472656,7.155042836227861,True
garch11,BZ=F,2026-08-13,87.06999969482422,6,2026-08-21,87.06999969482422,99.83729517225345,75.93539902875524,23.901896143498206,0.9,94.38999938964844,7.319999694824219,7.755058525434198,True
garch11,BZ=F,2026-08-13,87.06999969482422,7,2026-08-24,87.06999969482422,100.89556167818533,75.13893297940594,25.756628698779394,0.9,92.16999816894531,5.099998474121094,5.5332522246261995,True
garch11,BZ=F,2026-08-14,88.5199966430664,0,2026-08-14,88.5199966430664,88.5199966430664,88.5199966430664,0.0,0.9,88.5199966430664,0.0,0.0,True
garch11,BZ=F,2026-08-14,88.5199966430664,1,2026-08-17,88.5199966430664,93.39020521517389,83.90376472173489,9.486440493439005,0.9,90.87000274658203,2.350006103515625,2.586118666761037,True
garch11,BZ=F,2026-08-14,88.5199966430664,2,2026-08-18,88.5199966430664,95.46644647857917,82.07899314076478,13.387453337814392,0.9,91.0199966430664,2.5,2.746649189412425,True
garch11,BZ=F,2026-08-14,88.5199966430664,3,2026-08-19,88.5199966430664,97.07823411327024,80.71623755069278,16.36199656257746,0.9,91.62000274658203,3.100006103515625,3.383547271975249,True
garch11,BZ=F,2026-08-14,88.5199966430664,4,2026-08-20,88.5199966430664,98.44773510500471,79.59339843959647,18.85433666540824,0.9,93.77999877929688,5.260002136230469,5.608874178607561,True
garch11,BZ=F,2026-08-14,88.5199966430664,5,2026-08-21,88.5199966430664,99.66126546693096,78.62422545987555,21.03704000705541,0.9,94.38999938964844,5.870002746582031,6.218882068586795,True
garch11,BZ=F,2026-08-14,88.5199966430664,6,2026-08-24,88.5199966430664,100.76323312278134,77.7643745922729,22.998858530508443,0.9,92.16999816894531,3.6500015258789062,3.960075510892974,True
garch11,BZ=F,2026-08-14,88.5199966430664,7,2026-08-25,88.5199966430664,101.78010633218679,76.98743976661095,24.792666565575843,0.9,88.58000183105469,0.06000518798828125,0.06774123588609413,True
garch11,BZ=F,2026-08-17,90.87000274658203,0,2026-08-17,90.87000274658203,90.87000274658203,90.87000274658203,0.0,0.9,90.87000274658203,0.0,0.0,True
garch11,BZ=F,2026-08-17,90.87000274658203,1,2026-08-18,90.87000274658203,95.7286323409153,86.25796898212405,9.470663358791242,0.9,91.0199966430664,0.149993896484375,0.16479224567824793,True
garch11,BZ=F,2026-08-17,90.87000274658203,2,2026-08-19,90.87000274658203,97.7994854031708,84.43150150661337,13.367983896557433,0.9,91.62000274658203,0.75,0.8185985347266096,True
garch11,BZ=F,2026-08-17,90.87000274658203,3,2026-08-20,90.87000274658203,99.4074113520609,83.06581256723005,16.34159878483085,0.9,93.77999877929688,2.9099960327148438,3.1030028477215787,True
garch11,BZ=F,2026-08-17,90.87000274658203,4,2026-08-21,90.87000274658203,100.77404833410765,81.93932401908945,18.834724315018192,0.9,94.38999938964844,3.5199966430664062,3.729205070269804,True
garch11,BZ=F,2026-08-17,90.87000274658203,5,2026-08-24,90.87000274658203,101.98548260842017,80.9660079843764,21.019474624043767,0.9,92.16999816894531,1.2999954223632812,1.4104322970479202,True
garch11,BZ=F,2026-08-17,90.87000274658203,6,2026-08-25,90.87000274658203,103.08599095013187,80.1016444917171,22.984346458414777,0.9,88.58000183105469,-2.2900009155273438,2.5852346671825277,True
garch11,BZ=F,2026-08-17,90.87000274658203,7,2026-08-26,90.87000274658203,104.10195530166301,79.31990686664767,24.78204843501534,0.9,87.83999633789062,-3.0300064086914062,3.4494609915920313,True
garch11,BZ=F,2026-08-18,91.0199966430664,0,2026-08-18,91.0199966430664,91.0199966430664,91.0199966430664,0.0,0.9,91.0199966430664,0.0,0.0,True
garch11,BZ=F,2026-08-18,91.0199966430664,1,2026-08-19,91.0199966430664,95.54185822093545,86.71214840458751,8.829709816347943,0.9,91.62000274658203,0.600006103515625,0.6548854895532175,True
garch11,BZ=F,2026-08-18,91.0199966430664,2,2026-08-20,91.0199966430664,97.46879816087178,84.99786542181485,12.470932739056934,0.9,93.77999877929688,2.7600021362304688,2.9430605375949037,True
garch11,BZ=F,2026-08-18,91.0199966430664,3,2026-08-21,91.0199966430664,98.96615141960301,83.7118516792481,15.25429974035491,0.9,94.38999938964844,3.3700027465820312,3.570296396200224,True
garch11,BZ=F,2026-08-18,91.0199966430664,4,2026-08-24,91.0199966430664,100.2401165628879,82.64794648065137,17.592170082236535,0.9,92.16999816894531,1.1500015258789062,1.247696157887496,True
garch11,BZ=F,2026-08-18,91.0199966430664,5,2026-08-25,91.0199966430664,101.37071581733441,81.7261644263455,19.64455139098891,0.9,88.58000183105469,-2.4399948120117188,2.7545662244006603,True
garch11,BZ=F,2026-08-18,91.0199966430664,6,2026-08-26,91.0199966430664,102.39907137150695,80.90541914044209,21.493652231064857,0.9,87.83999633789062,-3.1800003051757812,3.620219077586707,True
garch11,BZ=F,2026-08-18,91.0199966430664,7,2026-08-27,91.0199966430664,103.34966318090616,80.16126549345543,23.18839768745073,0.9,89.69999694824219,-1.3199996948242188,1.4715716162018067,True
garch11,BZ=F,2026-08-19,91.62000274658203,0,2026-08-19,91.62000274658203,91.62000274658203,91.62000274658203,0.0,0.9,91.62000274658203,0.0,0.0,True
garch11,BZ=F,2026-08-19,91.62000274658203,1,2026-08-20,91.62000274658203,95.86860409682468,87.55968632656585,8.30891777025883,0.9,93.77999877929688,2.1599960327148438,2.3032587554177817,True
garch11,BZ=F,2026-08-19,91.62000274658203,2,2026-08-21,91.62000274658203,97.67971810770084,85.93621138451991,11.743506723180928,0.9,94.38999938964844,2.7699966430664062,2.9346293685538325,True
garch11,BZ=F,2026-08-19,91.62000274658203,3,2026-08-24,91.62000274658203,99.08864648440696,84.71429574532182,14.374350739085145,0.9,92.16999816894531,0.5499954223632812,0.5967184911462766,True
garch11,BZ=F,2026-08-19,91.62000274658203,4,2026-08-25,91.62000274658203,100.28895533514908,83.70039228379221,16.58856305135687,0.9,88.58000183105469,-3.0400009155273438,3.431926905268554,True
garch11,BZ=F,2026-08-19,91.62000274658203,5,2026-08-26,91.62000274658203,101.3556921946836,82.8194719163883,18.536220278295303,0.9,87.83999633789062,-3.7800064086914062,4.303286163800606,True
garch11,BZ=F,2026-08-19,91.62000274658203,6,2026-08-27,91.62000274658203,102.32738459607165,82.03302504426513,20.294359551806522,0.9,89.69999694824219,-1.9200057983398438,2.1404747643945927,True
garch11,BZ=F,2026-08-19,91.62000274658203,7,2026-08-28,91.62000274658203,103.22694406548726,81.31815757287546,21.908786492611796,0.9,89.30999755859375,-2.3100051879882812,2.5865023526316326,True
garch11,BZ=F,2026-08-20,93.77999877929688,0,2026-08-20,93.77999877929688,93.77999877929688,93.77999877929688,0.0,0.9,93.77999877929688,0.0,0.0,True
garch11,BZ=F,2026-08-20,93.77999877929688,1,2026-08-21,93.77999877929688,98.03947424327427,89.70558276579348,8.33389147748079,0.9,94.38999938964844,0.6100006103515625,0.6462555506896847,True
garch11,BZ=F,2026-08-20,93.77999877929688,2,2026-08-24,93.77999877929688,99.85560830075812,88.0740533326474,11.781554968110726,0.9,92.16999816894531,-1.6100006103515625,1.7467729655375186,True
garch11,BZ=F,2026-08-20,93.77999877929688,3,2026-08-25,93.77999877929688,101.26903334433163,86.84479233786611,14.424241006465522,0.9,88.58000183105469,-5.1999969482421875,5.870396072196912,True
garch11,BZ=F,2026-08-20,93.77999877929688,4,2026-08-26,93.77999877929688,102.47373719868061,85.82382580615156,16.64991139252905,0.9,87.83999633789062,-5.94000244140625,6.7622981432707245,True
garch11,BZ=F,2026-08-20,93.77999877929688,5,2026-08-27,93.77999877929688,103.54490620999889,84.93598085074757,18.608925359251316,0.9,89.69999694824219,-4.0800018310546875,4.548497179335346,True
garch11,BZ=F,2026-08-20,93.77999877929688,6,2026-08-28,93.77999877929688,104.52112612466117,84.14268480570706,20.378441318954103,0.9,89.30999755859375,-4.470001220703125,5.005040133127856,True
garch11,BZ=F,2026-08-20,93.77999877929688,7,2026-08-31,93.77999877929688,105.42533497439136,83.42101235135954,22.004322623031825,0.9,90.48999786376953,-3.2900009155273438,3.6357619551283,True
garch11,BZ=F,2026-08-21,94.38999938964844,0,2026-08-21,94.38999938964844,94.38999938964844,94.38999938964844,0.0,0.9,94.38999938964844,0.0,0.0,True
garch11,BZ=F,2026-08-21,94.38999938964844,1,2026-08-24,94.38999938964844,98.40238994625666,90.54121540791657,7.861174538340094,0.9,92.16999816894531,-2.220001220703125,2.408594189872846,True
garch11,BZ=F,2026-08-21,94.38999938964844,2,2026-08-25,94.38999938964844,100.11494110164102,88.9924309672474,11.122510134393622,0.9,88.58000183105469,-5.80999755859375,6.5590397815467885,False
garch11,BZ=F,2026-08-21,94.38999938964844,3,2026-08-26,94.38999938964844,101.44988779693868,87.82140797051406,13.628479826424623,0.9,87.83999633789062,-6.5500030517578125,7.456743311511735,True
garch11,BZ=F,2026-08-21,94.38999938964844,4,2026-08-27,94.38999938964844,102.58967421448936,86.84569916998029,15.743975044509071,0.9,89.69999694824219,-4.69000244140625,5.228542475996325,True
garch11,BZ=F,2026-08-21,94.38999938964844,5,2026-08-28,94.38999938964844,103.6049289893402,85.99467295320008,17.610256036140115,0.9,89.30999755859375,-5.0800018310546875,5.688055055338953,True
garch11,BZ=F,2026-08-21,94.38999938964844,6,2026-08-31,94.38999938964844,104.53185476507078,85.23212378467161,19.29973098039916,0.9,90.48999786376953,-3.9000015258789062,4.309870281741262,True
garch11,BZ=F,2026-08-21,94.38999938964844,7,2026-09-01,94.38999938964844,105.39194558169275,84.53655481548924,20.855390766203513,0.9,94.6500015258789,0.26000213623046875,0.2746985018900182,True
garch11,BZ=F,2026-08-24,92.16999816894531,0,2026-08-24,92.16999816894531,92.16999816894531,92.16999816894531,0.0,0.9,92.16999816894531,0.0,0.0,True
garch11,BZ=F,2026-08-24,92.16999816894531,1,2026-08-25,92.16999816894531,96.05997666938022,88.43754555242687,7.622431116953351,0.9,88.58000183105469,-3.589996337890625,4.052829378732335,True
garch11,BZ=F,2026-08-24,92.16999816894531,2,2026-08-26,92.16999816894531,97.72052221931945,86.93474379308877,10.785778426230678,0.9,87.83999633789062,-4.3300018310546875,4.929419412084948,True
garch11,BZ=F,2026-08-24,92.16999816894531,3,2026-08-27,92.16999816894531,99.01518717177605,85.79803568643796,13.217151485338093,0.9,89.69999694824219,-2.470001220703125,2.753624642962185,True
garch11,BZ=F,2026-08-24,92.16999816894531,4,2026-08-28,92.16999816894531,100.120812657649,84.85057538947527,15.27023726817373,0.9,89.30999755859375,-2.8600006103515625,3.2023297374688617,True
garch11,BZ=F,2026-08-24,92.16999816894531,5,2026-08-31,92.16999816894531,101.10584855618507,84.02390844623085,17.081940109954218,0.9,90.48999786376953,-1.6800003051757812,1.8565591168484503,True
garch11,BZ=F,2026-08-24,92.16999816894531,6,2026-09-01,92.16999816894531,102.00537563227134,83.28294964658434,18.722425985686996,0.9,94.6500015258789,2.4800033569335938,2.6201831135264366,True
garch11,BZ=F,2026-08-24,92.16999816894531,7,2026-09-02,92.16999816894531,102.84021869757171,82.60686986135288,20.233348836218838,0.9,95.62999725341797,3.4599990844726562,3.618110617846944,True
garch11,BZ=F,2026-08-25,88.58000183105469,0,2026-08-25,88.58000183105469,88.58000183105469,88.58000183105469,0.0,0.9,88.58000183105469,0.0,0.0,True
garch11,BZ=F,2026-08-25,88.58000183105469,1,2026-08-26,88.58000183105469,92.66417427407251,84.6758392427081,7.988335031364414,0.9,87.83999633789062,-0.7400054931640625,0.8424470901814621,True
garch11,BZ=F,2026-08-25,88.58000183105469,2,2026-08-27,88.58000183105469,94.40531103617803,83.11414514997725,11.291165886200787,0.9,89.69999694824219,1.1199951171875,1.2486010649852626,True
garch11,BZ=F,2026-08-25,88.58000183105469,3,2026-08-28,88.58000183105469,95.75996890443794,81.93838003665029,13.821588867787653,0.9,89.30999755859375,0.7299957275390625,0.8173729117617913,True
garch11,BZ=F,2026-08-25,88.58000183105469,4,2026-08-31,88.58000183105469,96.91420147518214,80.96250709344147,15.951694381740666,0.9,90.48999786376953,1.9099960327148438,2.110726133058701,True
garch11,BZ=F,2026-08-25,88.58000183105469,5,2026-09-01,88.58000183105469,97.9401367867568,80.1144145987207,17.825722188036096,0.9,94.6500015258789,6.069999694824219,6.413100472232511,True
garch11,BZ=F,2026-08-25,88.58000183105469,6,2026-09-02,88.58000183105469,98.8747999692098,79.35709328193909,19.517706687270717,0.9,95.62999725341797,7.049995422363281,7.372158971918514,True
garch11,BZ=F,2026-08-25,88.58000183105469,7,2026-09-03,88.58000183105469,99.74020685737429,78.6685427232952,21.071664134079086,0.9,95.5199966430664,6.939994812011719,7.265488961379144,True
garch11,BZ=F,2026-08-26,87.83999633789062,0,2026-08-26,87.83999633789062,87.83999633789062,87.83999633789062,0.0,0.9,87.83999633789062,0.0,0.0,True
garch11,BZ=F,2026-08-26,87.83999633789062,1,2026-08-27,87.83999633789062,91.64379199533428,84.19408220289993,7.449709792434348,0.9,89.69999694824219,1.8600006103515625,2.0735793463012064,True
garch11,BZ=F,2026-08-26,87.83999633789062,2,2026-08-28,87.83999633789062,93.26676791734623,82.72898406298908,10.537783854357144,0.9,89.30999755859375,1.470001220703125,1.6459537127841695,True
garch11,BZ=F,2026-08-26,87.83999633789062,3,2026-08-31,87.83999633789062,94.53128188571392,81.62234556354515,12.90893632216877,0.9,90.48999786376953,2.6500015258789062,2.928502142157654,True
garch11,BZ=F,2026-08-26,87.83999633789062,4,2026-09-01,87.83999633789062,95.61037888870935,80.70112310319278,14.909255785516564,0.9,94.6500015258789,6.810005187988281,7.194934049870365,True
garch11,BZ=F,2026-08-26,87.83999633789062,5,2026-09-02,87.83999633789062,96.57107223665649,79.89830471936965,16.672767517286843,0.9,95.62999725341797,7.790000915527344,8.1459804865245,True
garch11,BZ=F,2026-08-26,87.83999633789062,6,2026-09-03,87.83999633789062,97.44772374139127,79.17952990997671,18.268193831414564,0.9,95.5199966430664,7.680000305175781,8.040201607077062,True
garch11,BZ=F,2026-08-26,87.83999633789062,7,2026-09-04,87.83999633789062,98.26074213069231,78.52439122002666,19.73635091066565,0.9,96.27999877929688,8.44000244140625,8.766101525149901,True
garch11,BZ=F,2026-08-27,89.69999694824219,0,2026-08-27,89.69999694824219,89.69999694824219,89.69999694824219,0.0,0.9,89.69999694824219,0.0,0.0,True
garch11,BZ=F,2026-08-27,89.69999694824219,1,2026-08-28,89.69999694824219,93.49943462324785,86.05495300518179,7.444481618066064,0.9,89.30999755859375,-0.3899993896484375,0.4366805512367974,True
garch11,BZ=F,2026-08-27,89.69999694824219,2,2026-08-31,89.69999694824219,95.12121988207663,84.58774459042401,10.533475291652621,0.9,90.48999786376953,0.7900009155273438,0.8730256759610833,True
garch11,BZ=F,2026-08-27,89.69999694824219,3,2026-09-01,89.69999694824219,96.3855445709143,83.47817598929333,12.907368581620972,0.9,94.6500015258789,4.950004577636719,5.2297987298851805,True
garch11,BZ=F,2026-08-27,89.69999694824219,4,2026-09-02,89.69999694824219,97.46515107054896,82.55350106306814,14.911650007480816,0.9,95.62999725341797,5.930000305175781,6.200983452358965,True
garch11,BZ=F,2026-08-27,89.69999694824219,5,2026-09-03,89.69999694824219,98.42690738915385,81.74684815304173,16.68005923611213,0.9,95.5199966430664,5.819999694824219,6.092964718761515,True
garch11,BZ=F,2026-08-27,89.69999694824219,6,2026-09-04,89.69999694824219,99.3050860195298,81.02394122021383,18.281144799315967,0.9,96.27999877929688,6.5800018310546875,6.8342354741175875,True
garch11,BZ=F,2026-08-27,89.69999694824219,7,2026-09-07,89.69999694824219,100.12003347313642,80.36443030828129,19.75560316485513,0.9,,,,
garch11,BZ=F,2026-08-28,89.30999755859375,0,2026-08-28,89.30999755859375,89.30999755859375,89.30999755859375,0.0,0.9,89.30999755859375,0.0,0.0,True
garch11,BZ=F,2026-08-28,89.30999755859375,1,2026-08-31,89.30999755859375,92.85523611729982,85.90011718714445,6.955118930155379,0.9,90.48999786376953,1.1800003051757812,1.304011861015007,True
garch11,BZ=F,2026-08-28,89.30999755859375,2,2026-09-01,89.30999755859375,94.37092187793084,84.52048051658716,9.850441361343684,0.9,94.6500015258789,5.340003967285156,5.641842452400922,False
garch11,BZ=F,2026-08-28,89.30999755859375,3,2026-09-02,89.30999755859375,95.55489113481107,83.47323270624533,12.081658428565746,0.9,95.62999725341797,6.319999694824219,6.608804639067718,False
garch11,BZ=F,2026-08-28,89.30999755859375,4,2026-09-03,89.30999755859375,96.56797714368554,82.5975224897582,13.970454653927334,0.9,95.5199966430664,6.209999084472656,6.501255551419062,True
garch11,BZ=F,2026-08-28,89.30999755859375,5,2026-09-04,89.30999755859375,97.47235171781574,81.8311605634333,15.64119115438244,0.9,96.27999877929688,6.970001220703125,7.239303395381729,True
garch11,BZ=F,2026-08-28,89.30999755859375,6,2026-09-07,89.30999755859375,98.29983504997085,81.14230974915952,17.15752530081133,0.9,,,,
garch11,BZ=F,2026-08-28,89.30999755859375,7,2026-09-08,89.30999755859375,99.06928985849356,80.51209083368825,18.557199024805314,0.9,97.91999816894531,8.610000610351562,8.792892944601961,True
garch11,BZ=F,2026-08-31,90.48999786376953,0,2026-08-31,90.48999786376953,90.48999786376953,90.48999786376953,0.0,0.9,90.48999786376953,0.0,0.0,True
garch11,BZ=F,2026-08-31,90.48999786376953,1,2026-09-01,90.48999786376953,93.92990948653511,87.17606306816295,6.753846418372163,0.9,94.6500015258789,4.160003662109375,4.395143787686004,False
garch11,BZ=F,2026-08-31,90.48999786376953,2,2026-09-02,90.48999786376953,95.40261388235506,85.83034971643994,9.572264165915115,0.9,95.62999725341797,5.1399993896484375,5.374881875221141,False
garch11,BZ=F,2026-08-31,90.48999786376953,3,2026-09-03,90.48999786376953,96.55482141750193,84.80611939592642,11.748702021575511,0.9,95.5199966430664,5.029998779296875,5.265911804930943,True
garch11,BZ=F,2026-08-31,90.48999786376953,4,2026-09-04,90.48999786376953,97.5423017366912,83.94757523242743,13.594726504263775,0.9,96.27999877929688,5.790000915527344,6.01371103961041,True
garch11,BZ=F,2026-08-31,90.48999786376953,5,2026-09-07,90.48999786376953,98.42520519290376,83.1945404364307,15.230664756473061,0.9,,,,
garch11,BZ=F,2026-08-31,90.48999786376953,6,2026-09-08,90.48999786376953,99.23428377928917,82.51623734794366,16.718046431345513,0.9,97.91999816894531,7.430000305175781,7.587827250932443,True
garch11,BZ=F,2026-08-31,90.48999786376953,7,2026-09-09,90.48999786376953,99.98774636188855,81.89443218120313,18.093314180685425,0.9,101.20999908447266,10.720001220703125,10.591840053032623,False
garch11,BZ=F,2026-09-01,94.6500015258789,0,2026-09-01,94.6500015258789,94.6500015258789,94.6500015258789,0.0,0.9,94.6500015258789,0.0,0.0,True
garch11,BZ=F,2026-09-01,94.6500015258789,1,2026-09-02,94.6500015258789,98.87565296139692,90.60494186922344,8.270711092173485,0.9,95.62999725341797,0.9799957275390625,1.0247785796146052,True
garch11,BZ=F,2026-09-01,94.6500015258789,2,2026-09-03,94.6500015258789,100.6778013249133,88.98309926273704,11.694702062176262,0.9,95.5199966430664,0.8699951171875,0.910798940287286,True
garch11,BZ=F,2026-09-01,94.6500015258789,3,2026-09-04,94.6500015258789,102.08090251929383,87.76002727009248,14.32087524920135,0.9,96.27999877929688,1.6299972534179688,1.6929759805610505,True
garch11,BZ=F,2026-09-01,94.6500015258789,4,2026-09-07,94.6500015258789,103.2773297703454,86.7433618662478,16.533967904097608,0.9,,,,
garch11,BZ=F,2026-09-01,94.6500015258789,5,2026-09-08,94.6500015258789,104.3416213539371,85.85857371777216,18.48304763616494,0.9,97.91999816894531,3.2699966430664062,3.339457418518891,True
garch11,BZ=F,2026-09-01,94.6500015258789,6,2026-09-09,94.6500015258789,105.31201865741579,85.06743012866971,20.24458852874608,0.9,101.20999908447266,6.55999755859375,6.48157061351082,True
garch11,BZ=F,2026-09-01,94.6500015258789,7,2026-09-10,94.6500015258789,106.21124769426534,84.34721353275827,21.864034161507064,0.9,107.62999725341797,12.979995727539062,12.059830956770615,False
garch11,BZ=F,2026-09-02,95.62999725341797,0,2026-09-02,95.62999725341797,95.62999725341797,95.62999725341797,0.0,0.9,95.62999725341797,0.0,0.0,True
garch11,BZ=F,2026-09-02,95.62999725341797,1,2026-09-03,95.62999725341797,99.66216759617954,91.7609620106165,7.901205585563048,0.9,95.5199966430664,-0.1100006103515625,0.11515977200314026,True
garch11,BZ=F,2026-09-02,95.62999725341797,2,2026-09-04,95.62999725341797,101.38345778777517,90.203042727464,11.180415060311176,0.9,96.27999877929688,0.6500015258789062,0.6751158434981995,True
garch11,BZ=F,2026-09-02,95.62999725341797,3,2026-09-07,95.62999725341797,102.72552744014469,89.02457453934534,13.70095290079935,0.9,,,,
garch11,BZ=F,2026-09-02,95.62999725341797,4,2026-09-08,95.62999725341797,103.87167552298939,88.04225337315069,15.829422149838706,0.9,97.91999816894531,2.2900009155273438,2.3386447695559727,True
garch11,BZ=F,2026-09-02,95.62999725341797,5,2026-09-09,95.62999725341797,104.8928500701498,87.1851262366568,17.707723833493006,0.9,101.20999908447266,5.5800018310546875,5.513291059707909,True
garch11,BZ=F,2026-09-02,95.62999725341797,6,2026-09-10,95.62999725341797,105.82541138251952,86.41682801149341,19.40858337102611,0.9,107.62999725341797,12.0,11.149308098322859,False
garch11,BZ=F,2026-09-02,95.62999725341797,7,2026-09-11,95.62999725341797,106.69094335726878,85.7157701199169,20.975173237351882,0.9,104.61000061035156,8.980003356933594,8.584268525513217,True
garch11,BZ=F,2026-09-03,95.5199966430664,0,2026-09-03,95.5199966430664,95.5199966430664,95.5199966430664,0.0,0.9,95.5199966430664,0.0,0.0,True
garch11,BZ=F,2026-09-03,95.5199966430664,1,2026-09-04,95.5199966430664,99.29082244159804,91.89237770749776,7.398444734100281,0.9,96.27999877929688,0.7600021362304688,0.7893665827443823,True
garch11,BZ=F,2026-09-03,95.5199966430664,2,2026-09-07,95.5199966430664,100.90317080182184,90.42401429199371,10.47915650982813,0.9,,,,
garch11,BZ=F,2026-09-03,95.5199966430664,3,2026-09-08,95.5199966430664,102.16285854540747,89.30906876138476,12.853789784022709,0.9,97.91999816894531,2.4000015258789062,2.4509819962803587,True
garch11,BZ=F,2026-09-03,95.5199966430664,4,2026-09-09,95.5199966430664,103.24092143465626,88.37648513691609,14.86443629774017,0.9,101.20999908447266,5.69000244140625,5.621976576303708,True
garch11,BZ=F,2026-09-03,95.5199966430664,5,2026-09-10,95.5199966430664,104.20346758344405,87.56013566808656,16.643331915357493,0.9,107.62999725341797,12.110000610351562,11.251510656307287,False
garch11,BZ=F,2026-09-03,95.5199966430664,6,2026-09-11,95.5199966430664,105.08432785083582,86.82617042231811,18.258157428517706,0.9,104.61000061035156,9.090003967285156,8.689421579437086,True
garch11,BZ=F,2026-09-03,95.5199966430664,7,2026-09-14,95.5199966430664,105.90355441514208,86.15451869467059,19.749035720471497,0.9,105.68000030517578,10.160003662109375,9.613932279305432,True
garch11,BZ=F,2026-09-04,96.27999877929688,0,2026-09-04,96.27999877929688,96.27999877929688,96.27999877929688,0.0,0.9,96.27999877929688,0.0,0.0,True
garch11,BZ=F,2026-09-04,96.27999877929688,1,2026-09-07,96.27999877929688,99.87452026762175,92.81484546911607,7.059674798505682,0.9,,,,
garch11,BZ=F,2026-09-04,96.27999877929688,2,2026-09-08,96.27999877929688,101.4143386503737,91.40559696296215,10.008741687411543,0.9,97.91999816894531,1.6399993896484375,1.674836009309233,True
garch11,BZ=F,2026-09-04,96.27999877929688,3,2026-09-09,96.27999877929688,102.61985538002038,90.33181863893181,12.288036741088575,0.9,101.20999908447266,4.930000305175781,4.871060517509804,True
garch11,BZ=F,2026-09-04,96.27999877929688,4,2026-09-10,96.27999877929688,103.65371416954262,89.43083457462097,14.22287959492165,0.9,107.62999725341797,11.349998474121094,10.5453858252892,False
garch11,BZ=F,2026-09-04,96.27999877929688,5,2026-09-11,96.27999877929688,104.57869178221465,88.63983672932025,15.938855052894397,0.9,104.61000061035156,8.330001831054688,7.962911559557339,False
garch11,BZ=F,2026-09-04,96.27999877929688,6,2026-09-14,96.27999877929688,105.42686831999866,87.92671462842831,17.500153691570347,0.9,105.68000030517578,9.400001525878906,8.894778102511543,False
garch11,BZ=F,2026-09-04,96.27999877929688,7,2026-09-15,96.27999877929688,106.217230071423,87.27245248918797,18.944777582235034,0.9,108.75,12.470001220703125,11.466667789152298,False
garch11,BZ=F,2026-09-08,97.91999816894531,0,2026-09-08,97.91999816894531,97.91999816894531,97.91999816894531,0.0,0.9,97.91999816894531,0.0,0.0,True
garch11,BZ=F,2026-09-08,97.91999816894531,1,2026-09-09,97.91999816894531,101.49421054171724,94.47165498632224,7.022555555395002,0.9,101.20999908447266,3.2900009155273438,3.2506678641320987,True
garch11,BZ=F,2026-09-08,97.91999816894531,2,2026-09-10,97.91999816894531,103.02668128290236,93.06643601454603,9.960245268356331,0.9,107.62999725341797,9.709999084472656,9.021647618934878,False
garch11,BZ=F,2026-09-08,97.91999816894531,3,2026-09-11,97.91999816894531,104.22756622873123,91.99414692620113,12.233419302530109,0.9,104.61000061035156,6.69000244140625,6.3951844014655785,False
garch11,BZ=F,2026-09-08,97.91999816894531,4,2026-09-14,97.91999816894531,105.25840684470495,91.09320888309267,14.165197961612279,0.9,105.68000030517578,7.760002136230469,7.342924028975817,False
garch11,BZ=F,2026-09-08,97.91999816894531,5,2026-09-15,97.91999816894531,106.18151560270748,90.30127312631588,15.8802424763916,0.9,108.75,10.830001831054688,9.958622373383621,False
garch11,BZ=F,2026-09-08,97.91999816894531,6,2026-09-16,97.91999816894531,107.02871502537879,89.58648190004583,17.44223312533296,0.9,105.83000183105469,7.910003662109375,7.474254488568163,True
garch11,BZ=F,2026-09-08,97.91999816894531,7,2026-09-17,97.91999816894531,107.81882652457568,88.92997958219054,18.888846942385143,0.9,104.81999969482422,6.900001525878906,6.582714697546038,True
garch11,BZ=F,2026-09-09,101.20999908447266,0,2026-09-09,101.20999908447266,101.20999908447266,101.20999908447266,0.0,0.9,101.20999908447266,0.0,0.0,True
garch11,BZ=F,2026-09-09,101.20999908447266,1,2026-09-10,101.20999908447266,105.21245549218325,97.35980276061505,7.852652731568199,0.9,107.62999725341797,6.4199981689453125,5.964878131353324,False
garch11,BZ=F,2026-09-09,101.20999908447266,2,2026-09-11,101.20999908447266,106.92373746067162,95.80158866450654,11.122148796165078,0.9,104.61000061035156,3.4000015258789062,3.2501687276947235,True
garch11,BZ=F,2026-09-09,101.20999908447266,3,2026-09-14,101.20999908447266,108.26062557048648,94.61855462870592,13.64207094178056,0.9,105.68000030517578,4.470001220703125,4.2297513321299665,True
garch11,BZ=F,2026-09-09,101.20999908447266,4,2026-09-15,101.20999908447266,109.4046764316592,93.62912307571827,15.775553355940929,0.9,108.75,7.540000915527344,6.933334175197557,True
garch11,BZ=F,2026-09-09,101.20999908447266,5,2026-09-16,101.20999908447266,110.42606784115671,92.76309584267501,17.662971998481694,0.9,105.83000183105469,4.620002746582031,4.365494346260458,True
garch11,BZ=F,2026-09-09,101.20999908447266,6,2026-09-17,101.20999908447266,111.36071500150106,91.9845379453686,19.376177056132462,0.9,104.81999969482422,3.6100006103515625,3.4439998290992326,True
garch11,BZ=F,2026-09-09,101.20999908447266,7,2026-09-18,101.20999908447266,112.22990655458761,91.27214152759385,20.95776502699377,0.9,103.87000274658203,2.660003662109375,2.560896882422491,True
garch11,BZ=F,2026-09-10,107.62999725341797,0,2026-09-10,107.62999725341797,107.62999725341797,107.62999725341797,0.0,0.9,107.62999725341797,0.0,0.0,True
garch11,BZ=F,2026-09-10,107.62999725341797,1,2026-09-11,107.62999725341797,113.23728966851303,102.30036715539545,10.93692251311758,0.9,104.61000061035156,-3.0199966430664062,2.8869100711653815,True
garch11,BZ=F,2026-09-10,107.62999725341797,2,2026-09-14,107.62999725341797,115.6270771956825,100.18601688915909,15.441060306523411,0.9,105.68000030517578,-1.9499969482421875,1.8451901425161943,True
garch11,BZ=F,2026-09-10,107.62999725341797,3,2026-09-15,107.62999725341797,117.48317371974076,98.60319518099848,18.87997853874228,0.9,108.75,1.1200027465820312,1.0298875830639367,True
garch11,BZ=F,2026-09-10,107.62999725341797,4,2026-09-16,107.62999725341797,119.06133540376946,97.29620677851052,21.76512862525894,0.9,105.83000183105469,-1.7999954223632812,1.7008366164792903,True
garch11,BZ=F,2026-09-10,107.62999725341797,5,2026-09-17,107.62999725341797,120.46087029418842,96.16580289084649,24.295067403341932,0.9,104.81999969482422,-2.80999755859375,2.6807837881843666,True
garch11,BZ=F,2026-09-10,107.62999725341797,6,2026-09-18,107.62999725341797,121.73283960387037,95.16097994975581,26.57185965411456,0.9,103.87000274658203,-3.7599945068359375,3.6199041180439986,True
garch11,BZ=F,2026-09-10,107.62999725341797,7,2026-09-21,107.62999725341797,122.90765772852706,94.25137963622615,28.65627809230091,0.9,100.33999633789062,-7.290000915527344,7.265299164431478,True
garch11,BZ=F,2026-09-11,104.61000061035156,0,2026-09-11,104.61000061035156,104.61000061035156,104.61000061035156,0.0,0.9,104.61000061035156,0.0,0.0,True
garch11,BZ=F,2026-09-11,104.61000061035156,1,2026-09-14,104.61000061035156,109.98427675162544,99.49833331550299,10.485943436122454,0.9,105.68000030517578,1.0699996948242188,1.01249024577436,True
garch11,BZ=F,2026-09-11,104.61000061035156,2,2026-09-15,104.61000061035156,112.27469096755878,97.46855799282275,14.80613297473603,0.9,108.75,4.1399993896484375,3.8068959904813218,True
garch11,BZ=F,2026-09-11,104.61000061035156,3,2026-09-16,104.61000061035156,114.05388660337742,95.94808694028055,18.105799663096874,0.9,105.83000183105469,1.220001220703125,1.152793347439146,True
garch11,BZ=F,2026-09-11,104.61000061035156,4,2026-09-17,104.61000061035156,115.5669716493409,94.69186629638718,20.875105352953724,0.9,104.81999969482422,0.20999908447265625,0.20034257306244346,True
garch11,BZ=F,2026-09-11,104.61000061035156,5,2026-09-18,104.61000061035156,116.90910388612511,93.60479093533203,23.304312950793076,0.9,103.87000274658203,-0.7399978637695312,0.7124269223087911,True
garch11,BZ=F,2026-09-11,104.61000061035156,6,2026-09-21,104.61000061035156,118.12920225481346,92.6379931364672,25.491209118346262,0.9,100.33999633789062,-4.2700042724609375,4.255535607238695,True
garch11,BZ=F,2026-09-11,104.61000061035156,7,2026-09-22,104.61000061035156,119.25639989249494,91.7623895871641,27.494010305330846,0.9,99.25,-5.3600006103515625,5.400504393301323,True
garch11,BZ=F,2026-09-14,105.68000030517578,0,2026-09-14,105.68000030517578,105.68000030517578,105.68000030517578,0.0,0.9,105.68000030517578,0.0,0.0,True
garch11,BZ=F,2026-09-14,105.68000030517578,1,2026-09-15,105.68000030517578,110.77502568201275,100.8193173122,9.955708369812754,0.9,108.75,3.0699996948242188,2.822988225125718,True
garch11,BZ=F,2026-09-14,105.68000030517578,2,2026-09-16,105.68000030517578,112.94663716576706,98.88087635677684,14.06576080899022,0.9,105.83000183105469,0.15000152587890625,0.14173818698252152,True
garch11,BZ=F,2026-09-14,105.68000030517578,3,2026-09-17,105.68000030517578,114.63502236092776,97.42452380162436,17.210498559303403,0.9,104.81999969482422,-0.8600006103515625,0.820454696484823,True
garch11,BZ=F,2026-09-14,105.68000030517578,4,2026-09-18,105.68000030517578,116.07241520913267,96.21805873841436,19.854356470718315,0.9,103.87000274658203,-1.80999755859375,1.7425604223865396,True
garch11,BZ=F,2026-09-14,105.68000030517578,5,2026-09-21,105.68000030517578,117.34890181960161,95.1714271827675,22.177474636834106,0.9,100.33999633789062,-5.340003967285156,5.321909669303677,True
garch11,BZ=F,2026-09-14,105.68000030517578,6,2026-09-22,105.68000030517578,118.51075484265795,94.23838772548203,24.272367117175918,0.9,99.25,-6.430000305175781,6.478589728136807,True
garch11,BZ=F,2026-09-14,105.68000030517578,7,2026-09-23,105.68000030517578,119.58550705109587,93.3914379752559,26.194069075839977,0.9,96.30000305175781,-9.379997253417969,9.740391439423481,True
