method,ticker,as_of_date,as_of_price,step_ahead,forecast_date,predicted_price,upper_corridor,lower_corridor,corridor_width,confidence_level,actual_price,prediction_error,abs_pct_error,within_corridor
mc_variance_reduction,BZ=F,2025-09-11,66.37000274658203,0,2025-09-11,66.37000274658203,66.37000274658203,66.37000274658203,0.0,0.9,66.37000274658203,0.0,0.0,True
mc_variance_reduction,BZ=F,2025-09-11,66.37000274658203,1,2025-09-12,66.38089313004559,69.14949624851427,63.72313911474305,5.426357133771219,0.9,66.98999786376953,0.6091047337239388,0.9092472804113393,True
mc_variance_reduction,BZ=F,2025-09-11,66.37000274658203,2,2025-09-15,66.39178524233068,70.23907435303175,62.75522831285257,7.483846040179181,0.9,67.44000244140625,1.048217199075566,1.554295909147225,True
mc_variance_reduction,BZ=F,2025-09-11,66.37000274658203,3,2025-09-16,66.40267917181629,71.07466659951154,62.03779789032465,9.036868709186898,0.9,68.47000122070312,2.0673220488868367,3.019310664568449,True
mc_variance_reduction,BZ=F,2025-09-11,66.37000274658203,4,2025-09-17,66.41357493817296,71.91442169970577,61.333496474540794,10.580925225164975,0.9,67.94999694824219,1.5364220100692307,2.2611068124690723,True
mc_variance_reduction,BZ=F,2025-09-11,66.37000274658203,5,2025-09-18,66.42447243306373,72.63672041631105,60.74352634375733,11.893194072553719,0.9,67.44000244140625,1.0155300083425232,1.5058273599928231,True
mc_variance_reduction,BZ=F,2025-09-11,66.37000274658203,6,2025-09-19,66.43537190728435,73.42721033850776,60.10930627641673,13.317904062091031,0.9,66.68000030517578,0.24462839789143231,0.36686922131349176,True
mc_variance_reduction,BZ=F,2025-09-11,66.37000274658203,7,2025-09-22,66.44627283585217,73.91286188383596,59.733949569665256,14.178912314170702,0.9,66.56999969482422,0.1237268589720486,0.1858597859985694,True
mc_variance_reduction,BZ=F,2025-09-12,66.98999786376953,0,2025-09-12,66.98999786376953,66.98999786376953,66.98999786376953,0.0,0.9,66.98999786376953,0.0,0.0,True
mc_variance_reduction,BZ=F,2025-09-12,66.98999786376953,1,2025-09-15,67.00126194663429,69.71429315797236,64.39381221665566,5.320480941316703,0.9,67.44000244140625,0.4387404947719631,0.6505641739161457,True
mc_variance_reduction,BZ=F,2025-09-12,66.98999786376953,2,2025-09-16,67.01252799723008,70.96222926318329,63.28266382793439,7.679565435248897,0.9,68.47000122070312,1.4574732234730448,2.128630345390372,True
mc_variance_reduction,BZ=F,2025-09-12,66.98999786376953,3,2025-09-17,67.02379581478918,71.95508285124748,62.4304639376507,9.524618913596782,0.9,67.94999694824219,0.9262011334530058,1.3630628036061536,True
mc_variance_reduction,BZ=F,2025-09-12,66.98999786376953,4,2025-09-18,67.03506556368609,72.68013408273424,61.82844977279651,10.851684309937731,0.9,67.44000244140625,0.40493687772016074,0.6004401884059556,True
mc_variance_reduction,BZ=F,2025-09-12,66.98999786376953,5,2025-09-19,67.04633763075628,73.28149309502078,61.34169967842043,11.939793416600345,0.9,66.68000030517578,-0.3663373255805027,0.5493961066344913,True
mc_variance_reduction,BZ=F,2025-09-12,66.98999786376953,6,2025-09-22,67.0576108496785,73.95742004072532,60.80151473057223,13.155905310153095,0.9,66.56999969482422,-0.4876111548542781,0.7324788299378491,True
mc_variance_reduction,BZ=F,2025-09-12,66.98999786376953,7,2025-09-23,67.06888622793642,74.49183246781553,60.38562023600197,14.106212231813558,0.9,67.62999725341797,0.5611110254815515,0.8296777292168134,True
mc_variance_reduction,BZ=F,2025-09-15,67.44000244140625,0,2025-09-15,67.44000244140625,67.44000244140625,67.44000244140625,0.0,0.9,67.44000244140625,0.0,0.0,True
mc_variance_reduction,BZ=F,2025-09-15,67.44000244140625,1,2025-09-16,67.45153777019715,70.24257389400582,64.77140137774653,5.471172516259287,0.9,68.47000122070312,1.0184634505059762,1.487459372496733,True
mc_variance_reduction,BZ=F,2025-09-15,67.44000244140625,2,2025-09-17,67.46307510921213,71.44560425164146,63.70254051558631,7.743063736055149,0.9,67.94999694824219,0.48692183903006026,0.7165884634269384,True
mc_variance_reduction,BZ=F,2025-09-15,67.44000244140625,3,2025-09-18,67.47461453644982,72.1515578594909,63.100835466849404,9.05072239264149,0.9,67.44000244140625,-0.034612095043570434,0.05132279624936607,True
mc_variance_reduction,BZ=F,2025-09-15,67.44000244140625,4,2025-09-19,67.48615562250197,73.09667305134563,62.30627208075828,10.79040097058735,0.9,66.68000030517578,-0.8061553173261871,1.2089911722205142,True
mc_variance_reduction,BZ=F,2025-09-15,67.44000244140625,5,2025-09-22,67.49769894190061,73.89722604349065,61.652373032997055,12.244853010493593,0.9,66.56999969482422,-0.9276992470763901,1.3935695528454661,True
mc_variance_reduction,BZ=F,2025-09-15,67.44000244140625,6,2025-09-23,67.50924407671262,74.58518327882344,61.10460336911393,13.480579909709505,0.9,67.62999725341797,0.12075317670534957,0.17854972883241807,True
mc_variance_reduction,BZ=F,2025-09-15,67.44000244140625,7,2025-09-24,67.52079157314017,75.01539687104564,60.774953393188675,14.240443477856964,0.9,69.30999755859375,1.7892059854535773,2.5814544055365265,True
mc_variance_reduction,BZ=F,2025-09-16,68.47000122070312,0,2025-09-16,68.47000122070312,68.47000122070312,68.47000122070312,0.0,0.9,68.47000122070312,0.0,0.0,True
mc_variance_reduction,BZ=F,2025-09-16,68.47000122070312,1,2025-09-17,68.48216845607428,71.29712704050813,65.77835027029712,5.518776770211005,0.9,67.94999694824219,-0.5321715078320892,0.7831810621528749,True
mc_variance_reduction,BZ=F,2025-09-16,68.47000122070312,2,2025-09-18,68.49433786011974,72.64962390615518,64.57671856188432,8.072905344270865,0.9,67.44000244140625,-1.0543354187134923,1.563368001994852,True
mc_variance_reduction,BZ=F,2025-09-16,68.47000122070312,3,2025-09-19,68.50650948880588,73.59042174294635,63.77381369383938,9.816608049106968,0.9,66.68000030517578,-1.826509183630094,2.739215919722061,True
mc_variance_reduction,BZ=F,2025-09-16,68.47000122070312,4,2025-09-22,68.51868314113342,74.26742068331473,63.21493183432186,11.052488848992866,0.9,66.56999969482422,-1.9486834463092038,2.9272697239635304,True
mc_variance_reduction,BZ=F,2025-09-16,68.47000122070312,5,2025-09-23,68.53085912823846,74.95144321451771,62.66028295727124,12.291160257246467,0.9,67.62999725341797,-0.9008618748204924,1.3320448194679817,True
mc_variance_reduction,BZ=F,2025-09-16,68.47000122070312,6,2025-09-24,68.54303708797035,75.49517853286444,62.231098968675575,13.264079564188869,0.9,69.30999755859375,0.7669604706234026,1.1065654272675804,True
mc_variance_reduction,BZ=F,2025-09-16,68.47000122070312,7,2025-09-25,68.55521725254097,76.26766188403646,61.62268130487217,14.64498057916429,0.9,69.41999816894531,0.8647809164043423,1.2457230469810034,True
mc_variance_reduction,BZ=F,2025-09-17,67.94999694824219,0,2025-09-17,67.94999694824219,67.94999694824219,67.94999694824219,0.0,0.9,67.94999694824219,0.0,0.0,True
mc_variance_reduction,BZ=F,2025-09-17,67.94999694824219,1,2025-09-18,67.96183644634013,70.7239700171851,65.30757836154363,5.416391655641462,0.9,67.44000244140625,-0.5218340049338792,0.7737751868963277,True
mc_variance_reduction,BZ=F,2025-09-17,67.94999694824219,2,2025-09-19,67.97367805900727,72.06028979117515,64.11882212132504,7.9414676698501125,0.9,66.68000030517578,-1.2936777538314885,1.9401285961467996,True
mc_variance_reduction,BZ=F,2025-09-17,67.94999694824219,3,2025-09-22,67.98552167073393,73.21465164688956,63.12986605291996,10.084785593969606,0.9,66.56999969482422,-1.4155219759097122,2.1263662045949627,True
mc_variance_reduction,BZ=F,2025-09-17,67.94999694824219,4,2025-09-23,67.9973674604185,73.94442366317463,62.52860924468484,11.415814418489795,0.9,67.62999725341797,-0.36737020700053336,0.5432060060921661,True
mc_variance_reduction,BZ=F,2025-09-17,67.94999694824219,5,2025-09-24,68.00921507831379,74.40598571524666,62.16238241583905,12.24360329940761,0.9,69.30999755859375,1.3007824802799632,1.8767602454181291,True
mc_variance_reduction,BZ=F,2025-09-17,67.94999694824219,6,2025-09-25,68.0210649010667,75.41511372001025,61.35196301891466,14.063150701095594,0.9,69.41999816894531,1.3989332678786184,2.015173299881221,True
mc_variance_reduction,BZ=F,2025-09-17,67.94999694824219,7,2025-09-26,68.0329167692681,75.73192266061162,61.11660187168036,14.615320788931257,0.9,70.12999725341797,2.0970804841498705,2.9902760106662685,True
mc_variance_reduction,BZ=F,2025-09-18,67.44000244140625,0,2025-09-18,67.44000244140625,67.44000244140625,67.44000244140625,0.0,0.9,67.44000244140625,0.0,0.0,True
mc_variance_reduction,BZ=F,2025-09-18,67.44000244140625,1,2025-09-19,67.45152241511634,70.2563823389085,64.75864149044362,5.497740848464872,0.9,66.68000030517578,-0.7715221099405625,1.157051749264428,True
mc_variance_reduction,BZ=F,2025-09-18,67.44000244140625,2,2025-09-22,67.46304444202053,71.29009819196234,63.84143758639136,7.448660605570986,0.9,66.56999969482422,-0.8930447471963134,1.341512319799135,True
mc_variance_reduction,BZ=F,2025-09-18,67.44000244140625,3,2025-09-23,67.47456829572354,72.3970893786521,62.886745895332915,9.510343483319183,0.9,67.62999725341797,0.15542895769442566,0.22982251072998588,True
mc_variance_reduction,BZ=F,2025-09-18,67.44000244140625,4,2025-09-24,67.48609414459625,73.17059865750984,62.24320955621247,10.927389101297372,0.9,69.30999755859375,1.823903413997499,2.631515622916586,True
mc_variance_reduction,BZ=F,2025-09-18,67.44000244140625,5,2025-09-25,67.4976219939911,73.85132600935388,61.69055081667813,12.16077519267575,0.9,69.41999816894531,1.9223761749542092,2.7691965221257733,True
mc_variance_reduction,BZ=F,2025-09-18,67.44000244140625,6,2025-09-26,67.50915181948764,74.39200851040158,61.263107020179454,13.128901490222127,0.9,70.12999725341797,2.6208454339303273,3.7371246778461744,True
mc_variance_reduction,BZ=F,2025-09-18,67.44000244140625,7,2025-09-29,67.52068367239875,75.03188104331579,60.76140783647096,14.270473206844834,0.9,67.97000122070312,0.44931754830437853,0.6610527294907859,True
mc_variance_reduction,BZ=F,2025-09-19,66.68000030517578,0,2025-09-19,66.68000030517578,66.68000030517578,66.68000030517578,0.0,0.9,66.68000030517578,0.0,0.0,True
mc_variance_reduction,BZ=F,2025-09-19,66.68000030517578,1,2025-09-22,66.69105025501739,69.45549433293995,64.036635588996,5.418858743943943,0.9,66.56999969482422,-0.12105056019316862,0.18183950840934168,True
mc_variance_reduction,BZ=F,2025-09-19,66.68000030517578,2,2025-09-23,66.70210198090433,70.62844120167435,62.99403380142751,7.634407400246836,0.9,67.62999725341797,0.9278952725136378,1.3720173150927382,True
mc_variance_reduction,BZ=F,2025-09-19,66.68000030517578,3,2025-09-24,66.71315557158775,71.45031997742517,62.29006593705833,9.160254040366837,0.9,69.30999755859375,2.5968419870060018,3.7467062162434304,True
mc_variance_reduction,BZ=F,2025-09-19,66.68000030517578,4,2025-09-25,66.7242109738483,72.27630211190443,61.59861809746033,10.677684014444097,0.9,69.41999816894531,2.6957871950970116,3.8833005851373796,True
mc_variance_reduction,BZ=F,2025-09-19,66.68000030517578,5,2025-09-26,66.73526822343392,72.87611182775348,61.11187758658616,11.764234241167316,0.9,70.12999725341797,3.394729029984049,4.840623360809554,True
mc_variance_reduction,BZ=F,2025-09-19,66.68000030517578,6,2025-09-29,66.7463275556732,73.53051696674153,60.58807134404049,12.942445622701037,0.9,67.97000122070312,1.2236736650299207,1.8003143196313485,True
mc_variance_reduction,BZ=F,2025-09-19,66.68000030517578,7,2025-09-30,66.75738833060413,74.02510159900172,60.20321296416543,13.821888634836284,0.9,67.0199966430664,0.26260831246227667,0.3918357589017351,True
mc_variance_reduction,BZ=F,2025-09-22,66.56999969482422,0,2025-09-22,66.56999969482422,66.56999969482422,66.56999969482422,0.0,0.9,66.56999969482422,0.0,0.0,True
mc_variance_reduction,BZ=F,2025-09-22,66.56999969482422,1,2025-09-23,66.5809777709126,69.23502224262788,64.02867301916777,5.2063492234601085,0.9,67.62999725341797,1.049019482505372,1.551115666284247,True
mc_variance_reduction,BZ=F,2025-09-22,66.56999969482422,2,2025-09-24,66.59195767396261,70.40391296467959,62.98639720512299,7.417515759556601,0.9,69.30999755859375,2.718039884631139,3.9215697307352295,True
mc_variance_reduction,BZ=F,2025-09-22,66.56999969482422,3,2025-09-25,66.60293940802825,71.38016172106421,62.145439638423014,9.234722082641198,0.9,69.41999816894531,2.817058760917064,4.057993136302416,True
mc_variance_reduction,BZ=F,2025-09-22,66.56999969482422,4,2025-09-26,66.61392301294508,72.12063308100264,61.52767341192333,10.592959669079306,0.9,70.12999725341797,3.5160742404728893,5.013652328785061,True
mc_variance_reduction,BZ=F,2025-09-22,66.56999969482422,5,2025-09-29,66.6249081756678,72.71609102432586,61.04396326922111,11.672127755104754,0.9,67.97000122070312,1.345093045035327,1.978951038514359,True
mc_variance_reduction,BZ=F,2025-09-22,66.56999969482422,6,2025-09-30,66.63589530054222,73.48543566280408,60.424797254958975,13.060638407845104,0.9,67.0199966430664,0.3841013425241897,0.5731145356061834,True
mc_variance_reduction,BZ=F,2025-09-22,66.56999969482422,7,2025-10-01,66.6468842670842,74.18765354115916,59.872592980638,14.315060560521168,0.9,65.3499984741211,-1.29688579296311,1.984523065408613,True
mc_variance_reduction,BZ=F,2025-09-23,67.62999725341797,0,2025-09-23,67.62999725341797,67.62999725341797,67.62999725341797,0.0,0.9,67.62999725341797,0.0,0.0,True
mc_variance_reduction,BZ=F,2025-09-23,67.62999725341797,1,2025-09-24,67.64161863798151,70.47301108638796,64.92398297803958,5.549028108348381,0.9,69.30999755859375,1.6683789206122412,2.407125926100078,True
mc_variance_reduction,BZ=F,2025-09-23,67.62999725341797,2,2025-09-25,67.65324203258866,71.73788988207797,63.80116796737369,7.936721914704279,0.9,69.41999816894531,1.7667561363566477,2.545024752171482,True
mc_variance_reduction,BZ=F,2025-09-23,67.62999725341797,3,2025-09-26,67.66486746198825,72.68339476905692,62.9928513238874,9.690543445169517,0.9,70.12999725341797,2.4651297914297174,3.5150861086189087,True
mc_variance_reduction,BZ=F,2025-09-23,67.62999725341797,4,2025-09-29,67.67649477531248,73.40573166135857,62.394418598540206,11.011313062818367,0.9,67.97000122070312,0.29350644539064774,0.4318176255987001,True
mc_variance_reduction,BZ=F,2025-09-23,67.62999725341797,5,2025-09-30,67.6881241497654,74.26370434000802,61.6947699035211,12.56893443648692,0.9,67.0199966430664,-0.668127506698994,0.9969076994397545,True
mc_variance_reduction,BZ=F,2025-09-23,67.62999725341797,6,2025-10-01,67.69975552737051,74.90224391919689,61.189847700271464,13.712396218925427,0.9,65.3499984741211,-2.3497570532494194,3.5956497446284317,True
mc_variance_reduction,BZ=F,2025-09-23,67.62999725341797,7,2025-10-02,67.71138915520524,75.32565286663149,60.86680980820774,14.458843058423746,0.9,64.11000061035156,-3.601388544853677,5.617514444809062,True
mc_variance_reduction,BZ=F,2025-09-24,69.30999755859375,0,2025-09-24,69.30999755859375,69.30999755859375,69.30999755859375,0.0,0.9,69.30999755859375,0.0,0.0,True
mc_variance_reduction,BZ=F,2025-09-24,69.30999755859375,1,2025-09-25,69.32265568287167,72.11928514064857,66.63447346879143,5.484811671857145,0.9,69.41999816894531,0.09734248607364293,0.14022254197809617,True
mc_variance_reduction,BZ=F,2025-09-24,69.30999755859375,2,2025-09-26,69.3353162506791,73.43085067229876,65.46820621187462,7.962644460424144,0.9,70.12999725341797,0.7946810027388693,1.1331541905915852,True
mc_variance_reduction,BZ=F,2025-09-24,69.30999755859375,3,2025-09-29,69.34797887870982,74.48033718247143,64.56928571100163,9.911051471469804,0.9,67.97000122070312,-1.3779776580066994,2.0273321071928687,True
mc_variance_reduction,BZ=F,2025-09-24,69.30999755859375,4,2025-09-30,69.36064397582153,75.07763394334174,64.07898964248461,10.998644300857123,0.9,67.0199966430664,-2.3406473327551254,3.492461130997801,True
mc_variance_reduction,BZ=F,2025-09-24,69.30999755859375,5,2025-10-01,69.37331143445378,76.03169432731848,63.298028040642414,12.733666286676062,0.9,65.3499984741211,-4.023312960332689,6.156561674482578,True
mc_variance_reduction,BZ=F,2025-09-24,69.30999755859375,6,2025-10-02,69.38598098799184,76.6434592042316,62.8157238286111,13.827735375620506,0.9,64.11000061035156,-5.2759803776402805,8.22957468009818,True
mc_variance_reduction,BZ=F,2025-09-24,69.30999755859375,7,2025-10-03,69.398653027442,77.164154521863,62.41464135713851,14.74951316472449,0.9,64.52999877929688,-4.86865424814512,7.544792097078309,True
mc_variance_reduction,BZ=F,2025-09-25,69.41999816894531,0,2025-09-25,69.41999816894531,69.41999816894531,69.41999816894531,0.0,0.9,69.41999816894531,0.0,0.0,True
mc_variance_reduction,BZ=F,2025-09-25,69.41999816894531,1,2025-09-26,69.43271953528227,72.17160358800558,66.79777500156143,5.373828586444148,0.9,70.12999725341797,0.6972777181356946,0.9942645735690672,True
mc_variance_reduction,BZ=F,2025-09-25,69.41999816894531,2,2025-09-29,69.44544319026579,73.4359143697923,65.67181223797454,7.764102131817765,0.9,67.97000122070312,-1.4754419695626666,2.170725236228565,True
mc_variance_reduction,BZ=F,2025-09-25,69.41999816894531,3,2025-09-30,69.45816917268235,74.55457918055986,64.71014011212293,9.844439068436927,0.9,67.0199966430664,-2.43817252961594,3.6379776958227925,True
mc_variance_reduction,BZ=F,2025-09-25,69.41999816894531,4,2025-10-01,69.47089767273219,75.31572873674315,64.0796510257446,11.236077710998558,0.9,65.3499984741211,-4.120899198611099,6.305890275181865,True
mc_variance_reduction,BZ=F,2025-09-25,69.41999816894531,5,2025-10-02,69.48362834639494,76.01644470630748,63.51223881776271,12.504205888544774,0.9,64.11000061035156,-5.373627736043375,8.381886889540473,True
mc_variance_reduction,BZ=F,2025-09-25,69.41999816894531,6,2025-10-03,69.49636129880025,76.68533265831101,62.9813296775204,13.704002980790612,0.9,64.52999877929688,-4.966362519503377,7.6962073662656465,True
mc_variance_reduction,BZ=F,2025-09-25,69.41999816894531,7,2025-10-06,69.50909686904896,77.30661954018439,62.498069682060645,14.80854985812374,0.9,65.47000122070312,-4.039095648345835,6.16938379874137,True
mc_variance_reduction,BZ=F,2025-09-26,70.12999725341797,0,2025-09-26,70.12999725341797,70.12999725341797,70.12999725341797,0.0,0.9,70.12999725341797,0.0,0.0,True
mc_variance_reduction,BZ=F,2025-09-26,70.12999725341797,1,2025-09-29,70.14315883111793,72.97699740253998,67.41936379369908,5.557633608840902,0.9,67.97000122070312,-2.1731576104148047,3.197230500788748,True
mc_variance_reduction,BZ=F,2025-09-26,70.12999725341797,2,2025-09-30,70.15632288971304,74.32780371870734,66.21895701633268,8.108846702374663,0.9,67.0199966430664,-3.1363262466466324,4.679687263116422,True
mc_variance_reduction,BZ=F,2025-09-26,70.12999725341797,3,2025-10-01,70.16948939740837,75.28429149138876,65.4021860968703,9.882105394518462,0.9,65.3499984741211,-4.819490923287276,7.3748906439467135,False
mc_variance_reduction,BZ=F,2025-09-26,70.12999725341797,4,2025-10-02,70.18265838232635,75.90691074380251,64.89008054116036,11.016830202642154,0.9,64.11000061035156,-6.072657771974789,9.47224725340942,False
mc_variance_reduction,BZ=F,2025-09-26,70.12999725341797,5,2025-10-03,70.19582995407757,76.69670312887894,64.24597573252687,12.450727396352065,0.9,64.52999877929688,-5.665831174780692,8.780150754626169,True
mc_variance_reduction,BZ=F,2025-09-26,70.12999725341797,6,2025-10-06,70.20900381931958,77.5428652619764,63.56876548527877,13.974099776697635,0.9,65.47000122070312,-4.739002598616452,7.2384336493915775,True
mc_variance_reduction,BZ=F,2025-09-26,70.12999725341797,7,2025-10-07,70.2221802738249,78.06330416706804,63.168663819224726,14.894640347843314,0.9,65.44999694824219,-4.772183325582716,7.291342319475669,True
mc_variance_reduction,BZ=F,2025-09-29,67.97000122070312,0,2025-09-29,67.97000122070312,67.97000122070312,67.97000122070312,0.0,0.9,67.97000122070312,0.0,0.0,True
mc_variance_reduction,BZ=F,2025-09-29,67.97000122070312,1,2025-09-30,67.98181116075196,70.80317894227281,65.27286932756847,5.530309614704336,0.9,67.0199966430664,-0.9618145176855535,1.4351157353945625,True
mc_variance_reduction,BZ=F,2025-09-29,67.97000122070312,2,2025-10-01,67.99362312763404,71.86102756119529,64.3343540363101,7.526673524885183,0.9,65.3499984741211,-2.643624653512944,4.045332387513111,True
mc_variance_reduction,BZ=F,2025-09-29,67.97000122070312,3,2025-10-02,68.00543716621888,72.8108953608093,63.51713517421,9.2937601865993,0.9,64.11000061035156,-3.8954365558673203,6.076176132867391,True
mc_variance_reduction,BZ=F,2025-09-29,67.97000122070312,4,2025-10-03,68.01725323936503,73.722300050989,62.75369510689082,10.968604944098189,0.9,64.52999877929688,-3.487254460068158,5.404082637588662,True
mc_variance_reduction,BZ=F,2025-09-29,67.97000122070312,5,2025-10-06,68.02907139787214,74.36302473656814,62.2346195533687,12.128405183199433,0.9,65.47000122070312,-2.559070177169019,3.908767572101071,True
mc_variance_reduction,BZ=F,2025-09-29,67.97000122070312,6,2025-10-07,68.04089158722552,75.01113986776114,61.7183386792934,13.292801188467742,0.9,65.44999694824219,-2.590894638983329,3.958586340396939,True
mc_variance_reduction,BZ=F,2025-09-29,67.97000122070312,7,2025-10-08,68.05271382545666,75.526104511947,61.31882332561813,14.207281186328863,0.9,66.25,-1.8027138254566637,2.721077472387417,True
mc_variance_reduction,BZ=F,2025-09-30,67.0199966430664,0,2025-09-30,67.0199966430664,67.0199966430664,67.0199966430664,0.0,0.9,67.0199966430664,0.0,0.0,True
mc_variance_reduction,BZ=F,2025-09-30,67.0199966430664,1,2025-10-01,67.03121925982498,69.85283007390966,64.3235835914494,5.529246482460252,0.9,65.3499984741211,-1.6812207857038857,2.5726408951174755,True
mc_variance_reduction,BZ=F,2025-09-30,67.0199966430664,2,2025-10-02,67.04244375592512,71.11211404017789,63.2056763262491,7.9064377139287885,0.9,64.11000061035156,-2.932443145573558,4.574080670184971,True
mc_variance_reduction,BZ=F,2025-09-30,67.0199966430664,3,2025-10-03,67.05367010144056,71.89708565595578,62.53653638355124,9.36054927240454,0.9,64.52999877929688,-2.5236713221436844,3.9108497906145208,True
mc_variance_reduction,BZ=F,2025-09-30,67.0199966430664,4,2025-10-06,67.06489837311887,72.76871279951416,61.80816488033957,10.960547919174594,0.9,65.47000122070312,-1.59489715241574,2.4360731979204497,True
mc_variance_reduction,BZ=F,2025-09-30,67.0199966430664,5,2025-10-07,67.07612847241498,73.30449548695454,61.37695911333454,11.927536373619994,0.9,65.44999694824219,-1.6261315241727914,2.4845402597325332,True
mc_variance_reduction,BZ=F,2025-09-30,67.0199966430664,6,2025-10-08,67.08736055785548,74.06881232011605,60.76395469229799,13.304857627818059,0.9,66.25,-0.8373605578554759,1.263940464687511,True
mc_variance_reduction,BZ=F,2025-09-30,67.0199966430664,7,2025-10-09,67.09859439232683,74.4482598546567,60.47450100466618,13.973758849990517,0.9,65.22000122070312,-1.8785931716237059,2.8803942601389805,True
mc_variance_reduction,BZ=F,2025-10-01,65.3499984741211,0,2025-10-01,65.3499984741211,65.3499984741211,65.3499984741211,0.0,0.9,65.3499984741211,0.0,0.0,True
mc_variance_reduction,BZ=F,2025-10-01,65.3499984741211,1,2025-10-02,65.3602077970673,68.06453877239632,62.76332502699514,5.301213745401178,0.9,64.11000061035156,-1.2502071867157412,1.9500969814588889,True
mc_variance_reduction,BZ=F,2025-10-01,65.3499984741211,2,2025-10-03,65.37041878056019,69.3219573122647,61.64412855029358,7.677828761971121,0.9,64.52999877929688,-0.8404200012633112,1.3023710168315434,True
mc_variance_reduction,BZ=F,2025-10-01,65.3499984741211,3,2025-10-06,65.38063123984634,70.23344281883077,60.863127092592315,9.370315726238452,0.9,65.47000122070312,0.08936998085678738,0.1365052378042824,True
mc_variance_reduction,BZ=F,2025-10-01,65.3499984741211,4,2025-10-07,65.39084535564592,70.78469642620641,60.4080101060269,10.376686320179509,0.9,65.44999694824219,0.059151592596265345,0.09037676906699077,True
mc_variance_reduction,BZ=F,2025-10-01,65.3499984741211,5,2025-10-08,65.4010610373343,71.4573216749739,59.858089900752645,11.599231774221252,0.9,66.25,0.8489389626656987,1.2814173021369037,True
mc_variance_reduction,BZ=F,2025-10-01,65.3499984741211,6,2025-10-09,65.41127851268618,72.12978399951902,59.318565750549084,12.811218248969936,0.9,65.22000122070312,-0.19127729198305587,0.2932801110134566,True
mc_variance_reduction,BZ=F,2025-10-01,65.3499984741211,7,2025-10-10,65.42149744395405,72.63166832151691,58.92708235494356,13.704585966573354,0.9,62.72999954223633,-2.6914979017177245,4.290607239532227,True
mc_variance_reduction,BZ=F,2025-10-02,64.11000061035156,0,2025-10-02,64.11000061035156,64.11000061035156,64.11000061035156,0.0,0.9,64.11000061035156,0.0,0.0,True
mc_variance_reduction,BZ=F,2025-10-02,64.11000061035156,1,2025-10-03,64.11946932392146,66.68466640057221,61.652948974709744,5.0317174258624675,0.9,64.52999877929688,0.41052945537541063,0.6361838883330656,True
mc_variance_reduction,BZ=F,2025-10-02,64.11000061035156,2,2025-10-06,64.12893939135066,67.9746092621022,60.50083839732664,7.473770864775567,0.9,65.47000122070312,1.3410618293524692,2.048360782569215,True
mc_variance_reduction,BZ=F,2025-10-02,64.11000061035156,3,2025-10-07,64.1384107681744,68.99717919559428,59.621795772906076,9.37538342268821,0.9,65.44999694824219,1.311586180067792,2.0039514762773685,True
mc_variance_reduction,BZ=F,2025-10-02,64.11000061035156,4,2025-10-08,64.14788349606447,69.70313461219926,59.03537886084064,10.667755751358627,0.9,66.25,2.102116503935534,3.1730060436762777,True
mc_variance_reduction,BZ=F,2025-10-02,64.11000061035156,5,2025-10-09,64.15735775186536,70.32769445992483,58.528387743679566,11.799306716245262,0.9,65.22000122070312,1.0626434688377628,1.629321448863209,True
mc_variance_reduction,BZ=F,2025-10-02,64.11000061035156,6,2025-10-10,64.16683340639133,70.91925018899886,58.05733266140099,12.861917527597868,0.9,62.72999954223633,-1.4368338641550054,2.2905051405071033,True
mc_variance_reduction,BZ=F,2025-10-02,64.11000061035156,7,2025-10-13,64.176310385747,71.40737391815557,57.677500188106485,13.729873730049086,0.9,63.31999969482422,-0.8563106909227827,1.3523542246523061,True
mc_variance_reduction,BZ=F,2025-10-03,64.52999877929688,0,2025-10-03,64.52999877929688,64.52999877929688,64.52999877929688,0.0,0.9,64.52999877929688,0.0,0.0,True
mc_variance_reduction,BZ=F,2025-10-03,64.52999877929688,1,2025-10-06,64.53971128940739,67.17073727776952,62.01174065333628,5.158996624433236,0.9,65.47000122070312,0.9302899312957322,1.4209407575229327,True
mc_variance_reduction,BZ=F,2025-10-03,64.52999877929688,2,2025-10-07,64.54942527634631,68.29969450580545,61.00507981964862,7.294614686156827,0.9,65.44999694824219,0.9005716718958752,1.375969005175121,True
mc_variance_reduction,BZ=F,2025-10-03,64.52999877929688,3,2025-10-08,64.55914106254426,69.06053700599479,60.35114741318527,8.709389592809522,0.9,66.25,1.6908589374557437,2.5522399055935754,True
mc_variance_reduction,BZ=F,2025-10-03,64.52999877929688,4,2025-10-09,64.56885762900758,69.63811580320369,59.868612505209626,9.769503297994063,0.9,65.22000122070312,0.6511435916955435,0.9983802200372354,True
mc_variance_reduction,BZ=F,2025-10-03,64.52999877929688,5,2025-10-10,64.57857595136292,70.61223294294858,59.06048152706329,11.551751415885292,0.9,62.72999954223633,-1.8485764091265935,2.9468777660072205,True
mc_variance_reduction,BZ=F,2025-10-03,64.52999877929688,6,2025-10-13,64.58829577668703,71.18172290609391,58.6056054334356,12.57611747265831,0.9,63.31999969482422,-1.2682960818628146,2.0029944535304307,True
mc_variance_reduction,BZ=F,2025-10-03,64.52999877929688,7,2025-10-14,64.59801706401976,71.8259000696799,58.097480284373056,13.728419785306848,0.9,62.38999938964844,-2.2080176743713196,3.539057053970203,True
mc_variance_reduction,BZ=F,2025-10-06,65.47000122070312,0,2025-10-06,65.47000122070312,65.47000122070312,65.47000122070312,0.0,0.9,65.47000122070312,0.0,0.0,True
mc_variance_reduction,BZ=F,2025-10-06,65.47000122070312,1,2025-10-07,65.48026878373287,68.08698079995422,62.9733547809643,5.113626018989919,0.9,65.44999694824219,-0.030271835490680132,0.04625185164579775,True
mc_variance_reduction,BZ=F,2025-10-06,65.47000122070312,2,2025-10-08,65.49053795137978,69.3453018413184,61.85005246824902,7.4952493730693845,0.9,66.25,0.7594620486202217,1.1463578092380706,True
mc_variance_reduction,BZ=F,2025-10-06,65.47000122070312,3,2025-10-09,65.50080868181033,70.31780787961507,61.01378970005399,9.304018179561083,0.9,65.22000122070312,-0.28080746110720156,0.4305542101370943,True
mc_variance_reduction,BZ=F,2025-10-06,65.47000122070312,4,2025-10-10,65.51108115058798,70.97768963244663,60.46550349533778,10.512186137108849,0.9,62.72999954223633,-2.7810816083516556,4.433415636292399,True
mc_variance_reduction,BZ=F,2025-10-06,65.47000122070312,5,2025-10-13,65.52135503957068,71.62704354103255,59.93613241006673,11.690911130965816,0.9,63.31999969482422,-2.20135534474646,3.47655615185734,True
mc_variance_reduction,BZ=F,2025-10-06,65.47000122070312,6,2025-10-14,65.53163067657472,72.08626166658301,59.572996494757696,12.513265171825317,0.9,62.38999938964844,-3.141631286926284,5.035472539926862,True
mc_variance_reduction,BZ=F,2025-10-06,65.47000122070312,7,2025-10-15,65.54190784348262,72.60650046178752,59.164698198521556,13.441802263265963,0.9,61.90999984741211,-3.6319079960705096,5.866431925411039,True
mc_variance_reduction,BZ=F,2025-10-07,65.44999694824219,0,2025-10-07,65.44999694824219,65.44999694824219,65.44999694824219,0.0,0.9,65.44999694824219,0.0,0.0,True
mc_variance_reduction,BZ=F,2025-10-07,65.44999694824219,1,2025-10-08,65.46024800101328,68.16295688258258,62.864703417405686,5.2982534651768916,0.9,66.25,0.7897519989867163,1.192078489036553,True
mc_variance_reduction,BZ=F,2025-10-07,65.44999694824219,2,2025-10-09,65.47050067096521,69.28170828252273,61.868948751317156,7.412759531205573,0.9,65.22000122070312,-0.2504994502620832,0.3840837865279982,True
mc_variance_reduction,BZ=F,2025-10-07,65.44999694824219,3,2025-10-10,65.48075493506559,70.20084149569882,61.07803231925614,9.122809176442686,0.9,62.72999954223633,-2.7507553928292623,4.385071597166471,True
mc_variance_reduction,BZ=F,2025-10-07,65.44999694824219,4,2025-10-13,65.49101079432003,71.08787659754688,60.334795623373445,10.753080974173436,0.9,63.31999969482422,-2.1710110994958143,3.4286340965874533,True
mc_variance_reduction,BZ=F,2025-10-07,65.44999694824219,5,2025-10-14,65.50126827063221,71.78413217853841,59.768308413605496,12.015823764932918,0.9,62.38999938964844,-3.111268880983772,4.986807038661366,True
mc_variance_reduction,BZ=F,2025-10-07,65.44999694824219,6,2025-10-15,65.51152735710377,72.17168307930257,59.46598500724997,12.705698072052598,0.9,61.90999984741211,-3.601527509691664,5.817359907233485,True
mc_variance_reduction,BZ=F,2025-10-07,65.44999694824219,7,2025-10-16,65.52178805684908,72.77584556303259,58.99079128618149,13.785054276851099,0.9,61.060001373291016,-4.46178668355806,7.307216808399457,True
mc_variance_reduction,BZ=F,2025-10-08,66.25,0,2025-10-08,66.25,66.25,66.25,0.0,0.9,66.25,0.0,0.0,True
mc_variance_reduction,BZ=F,2025-10-08,66.25,1,2025-10-09,66.26072671585027,68.9361623331189,63.68912565529466,5.247036677824241,0.9,65.22000122070312,-1.040725495147143,1.5957152340818725,True
mc_variance_reduction,BZ=F,2025-10-08,66.25,2,2025-10-10,66.27145516862484,70.08535271663946,62.66510190773431,7.420250808905152,0.9,62.72999954223633,-3.5414556263885117,5.645553407033006,True
mc_variance_reduction,BZ=F,2025-10-08,66.25,3,2025-10-13,66.28218535776773,71.02433262023324,61.85666142410383,9.167671196129412,0.9,63.31999969482422,-2.9621856629435115,4.678120147220469,True
mc_variance_reduction,BZ=F,2025-10-08,66.25,4,2025-10-14,66.29291729505809,71.69168674151864,61.30070420721974,10.3909825342989,0.9,62.38999938964844,-3.9029179054096517,6.255678704265562,True
mc_variance_reduction,BZ=F,2025-10-08,66.25,5,2025-10-15,66.30365095793267,72.56063086510397,60.58621705936721,11.974413805736766,0.9,61.90999984741211,-4.393651110520565,7.096835925293939,True
mc_variance_reduction,BZ=F,2025-10-08,66.25,6,2025-10-16,66.31438635448055,73.29829362758058,59.99591017746054,13.30238345012004,0.9,61.060001373291016,-5.254384981189531,8.605281465794258,True
mc_variance_reduction,BZ=F,2025-10-08,66.25,7,2025-10-17,66.32512349675856,73.70811018077374,59.68165515117841,14.026455029595333,0.9,61.290000915527344,-5.035122581231221,8.215243116362252,True
mc_variance_reduction,BZ=F,2025-10-09,65.22000122070312,0,2025-10-09,65.22000122070312,65.22000122070312,65.22000122070312,0.0,0.9,65.22000122070312,0.0,0.0,True
mc_variance_reduction,BZ=F,2025-10-09,65.22000122070312,1,2025-10-10,65.23010604767259,67.96473540530965,62.605507245859684,5.3592281594499696,0.9,62.72999954223633,-2.500106505436264,3.9855037839637375,True
mc_variance_reduction,BZ=F,2025-10-09,65.22000122070312,2,2025-10-13,65.24021247998948,69.04734505286059,61.64299751200834,7.40434754085225,0.9,63.31999969482422,-1.920212785165262,3.032553370846305,True
mc_variance_reduction,BZ=F,2025-10-09,65.22000122070312,3,2025-10-14,65.25032039086776,70.00014710244703,60.82279090715548,9.177356195291551,0.9,62.38999938964844,-2.8603210012193188,4.5845825119432435,True
mc_variance_reduction,BZ=F,2025-10-09,65.22000122070312,4,2025-10-15,65.26042990809358,70.7705163394457,60.179350918552366,10.59116542089334,0.9,61.90999984741211,-3.350430060681475,5.411775268840557,True
mc_variance_reduction,BZ=F,2025-10-09,65.22000122070312,5,2025-10-16,65.27054100969804,71.53145820655892,59.55762164702913,11.973836559529794,0.9,61.060001373291016,-4.21053963640702,6.895741142660378,True
mc_variance_reduction,BZ=F,2025-10-09,65.22000122070312,6,2025-10-17,65.28065388272832,72.2832463421953,58.9564520559479,13.326794286247399,0.9,61.290000915527344,-3.9906529672009725,6.511099539223488,True
mc_variance_reduction,BZ=F,2025-10-09,65.22000122070312,7,2025-10-20,65.2907687777431,72.92412107865442,58.456438182366526,14.467682896287897,0.9,61.0099983215332,-4.280770456209893,7.0165064316991055,True
mc_variance_reduction,BZ=F,2025-10-10,62.72999954223633,0,2025-10-10,62.72999954223633,62.72999954223633,62.72999954223633,0.0,0.9,62.72999954223633,0.0,0.0,True
mc_variance_reduction,BZ=F,2025-10-10,62.72999954223633,1,2025-10-13,62.73863854755052,65.26962671300362,60.305795372419894,4.963831340583724,0.9,63.31999969482422,0.5813611472736966,0.9181319489507469,True
mc_variance_reduction,BZ=F,2025-10-10,62.72999954223633,2,2025-10-14,62.747278514245316,66.36704634211505,59.324938790110316,7.04210755200473,0.9,62.38999938964844,-0.3572791245968787,0.5726544768265496,True
mc_variance_reduction,BZ=F,2025-10-10,62.72999954223633,3,2025-10-15,62.75591978603715,67.34478127315886,58.47974250908787,8.865038764070988,0.9,61.90999984741211,-0.8459199386250376,1.3663704421094385,True
mc_variance_reduction,BZ=F,2025-10-10,62.72999954223633,4,2025-10-16,62.764562245171206,68.00869032758159,57.924807294611455,10.083883032970135,0.9,61.060001373291016,-1.7045608718801901,2.791616170231209,True
mc_variance_reduction,BZ=F,2025-10-10,62.72999954223633,5,2025-10-17,62.77320589945131,68.62083490811649,57.423891559507176,11.196943348609317,0.9,61.290000915527344,-1.4832049839239687,2.4199787269838504,True
mc_variance_reduction,BZ=F,2025-10-10,62.72999954223633,6,2025-10-20,62.781850819284074,69.20767406730855,56.95265513112418,12.255018936184364,0.9,61.0099983215332,-1.7718524977508707,2.9042002073379884,True
mc_variance_reduction,BZ=F,2025-10-10,62.72999954223633,7,2025-10-21,62.79049678452314,69.66715287969872,56.592616798164634,13.074536081534085,0.9,61.31999969482422,-1.4704970896989238,2.39807093447041,True
mc_variance_reduction,BZ=F,2025-10-13,63.31999969482422,0,2025-10-13,63.31999969482422,63.31999969482422,63.31999969482422,0.0,0.9,63.31999969482422,0.0,0.0,True
mc_variance_reduction,BZ=F,2025-10-13,63.31999969482422,1,2025-10-14,63.328977054774796,65.91425473384173,60.84509868838389,5.069156045457838,0.9,62.38999938964844,-0.9389776651263588,1.5050131019590156,True
mc_variance_reduction,BZ=F,2025-10-13,63.31999969482422,2,2025-10-15,63.337955712956706,67.09236187146823,59.79364156519553,7.298720306272699,0.9,61.90999984741211,-1.4279558655445967,2.3065027767146513,True
mc_variance_reduction,BZ=F,2025-10-13,63.31999969482422,3,2025-10-16,63.34693560373104,67.81628224940357,59.17213560058985,8.644146648813724,0.9,61.060001373291016,-2.286934230440025,3.7453884359727185,True
mc_variance_reduction,BZ=F,2025-10-13,63.31999969482422,4,2025-10-17,63.35591690276313,68.56830542879868,58.539760645940554,10.028544782858127,0.9,61.290000915527344,-2.0659159872357833,3.3707227221013136,True
mc_variance_reduction,BZ=F,2025-10-13,63.31999969482422,5,2025-10-20,63.36489920600141,69.4396094623432,57.82161646211481,11.617993000228388,0.9,61.0099983215332,-2.3549008844682078,3.8598605954018788,True
mc_variance_reduction,BZ=F,2025-10-13,63.31999969482422,6,2025-10-21,63.37388292450024,69.98489054129656,57.38737328199597,12.597517259300595,0.9,61.31999969482422,-2.0538832296760248,3.349450815227882,True
mc_variance_reduction,BZ=F,2025-10-13,63.31999969482422,7,2025-10-22,63.38286800249808,70.52315298286507,56.96551807535272,13.557634907512352,0.9,62.59000015258789,-0.7928678499101878,1.2667644160045672,True
mc_variance_reduction,BZ=F,2025-10-14,62.38999938964844,0,2025-10-14,62.38999938964844,62.38999938964844,62.38999938964844,0.0,0.9,62.38999938964844,0.0,0.0,True
mc_variance_reduction,BZ=F,2025-10-14,62.38999938964844,1,2025-10-15,62.39843463167739,64.99921864431751,59.90171461093969,5.097504033377817,0.9,61.90999984741211,-0.4884347842652801,0.7889432813262995,True
mc_variance_reduction,BZ=F,2025-10-14,62.38999938964844,2,2025-10-16,62.40687101738338,66.17389636351088,58.85428793065078,7.3196084328601,0.9,61.060001373291016,-1.346869644092365,2.205813320995953,True
mc_variance_reduction,BZ=F,2025-10-14,62.38999938964844,3,2025-10-17,62.41530853675032,67.11823156950581,58.04191571685942,9.076315852646388,0.9,61.290000915527344,-1.125307621222973,1.836037860031888,True
mc_variance_reduction,BZ=F,2025-10-14,62.38999938964844,4,2025-10-20,62.423747249358456,67.98450403079727,57.31782955601856,10.66667447477871,0.9,61.0099983215332,-1.413748927825253,2.3172413812807413,True
mc_variance_reduction,BZ=F,2025-10-14,62.38999938964844,5,2025-10-21,62.43218721438686,68.47915478839498,56.91918929572102,11.55996549267396,0.9,61.31999969482422,-1.1121875195626387,1.8137435177719252,True
mc_variance_reduction,BZ=F,2025-10-14,62.38999938964844,6,2025-10-22,62.44062795863249,69.14357395745898,56.387482131066655,12.756091826392328,0.9,62.59000015258789,0.1493721939554007,0.23865185108043915,True
mc_variance_reduction,BZ=F,2025-10-14,62.38999938964844,7,2025-10-23,62.449070094977046,69.57950220045251,56.04935685317624,13.530145347276267,0.9,65.98999786376953,3.5409277687924856,5.3658552559774515,True
mc_variance_reduction,BZ=F,2025-10-15,61.90999984741211,0,2025-10-15,61.90999984741211,61.90999984741211,61.90999984741211,0.0,0.9,61.90999984741211,0.0,0.0,True
mc_variance_reduction,BZ=F,2025-10-15,61.90999984741211,1,2025-10-16,61.91815612472624,64.36395166809625,59.56529949460616,4.79865217349009,0.9,61.060001373291016,-0.8581547514352224,1.4054286474526647,True
mc_variance_reduction,BZ=F,2025-10-15,61.90999984741211,2,2025-10-17,61.92631347033993,65.51550345538143,58.53375304866142,6.981750406720018,0.9,61.290000915527344,-0.6363125548125836,1.0381996170787766,True
mc_variance_reduction,BZ=F,2025-10-15,61.90999984741211,3,2025-10-20,61.934471899373904,66.2688265531299,57.883608503017754,8.385218050112144,0.9,61.0099983215332,-0.9244735778407005,1.515282090270787,True
mc_variance_reduction,BZ=F,2025-10-15,61.90999984741211,4,2025-10-21,61.94263140779658,67.19083716319537,57.10435762939207,10.086479533803299,0.9,61.31999969482422,-0.622631712972364,1.0153811416683973,True
mc_variance_reduction,BZ=F,2025-10-15,61.90999984741211,5,2025-10-22,61.950792008445234,67.85707423313777,56.558592875356865,11.2984813577809,0.9,62.59000015258789,0.6392081441426569,1.0212624102641543,True
mc_variance_reduction,BZ=F,2025-10-15,61.90999984741211,6,2025-10-23,61.95895369428182,68.3271746268592,56.1842627885628,12.142911838296406,0.9,65.98999786376953,4.031044169487714,6.108568419428419,True
mc_variance_reduction,BZ=F,2025-10-15,61.90999984741211,7,2025-10-24,61.96711633619704,69.06569788407316,55.59812795086716,13.467569933206,0.9,65.94000244140625,3.972886105209213,6.025001453009479,True
mc_variance_reduction,BZ=F,2025-10-16,61.060001373291016,0,2025-10-16,61.060001373291016,61.060001373291016,61.060001373291016,0.0,0.9,61.060001373291016,0.0,0.0,True
mc_variance_reduction,BZ=F,2025-10-16,61.060001373291016,1,2025-10-17,61.06767087006655,63.60072481052746,58.63550197474208,4.965222835785383,0.9,61.290000915527344,0.2223300454607937,0.36275092533808095,True
mc_variance_reduction,BZ=F,2025-10-16,61.060001373291016,2,2025-10-20,61.075341328747015,64.63112676399102,57.715183146763025,6.915943617227995,0.9,61.0099983215332,-0.06534300721381214,0.10710212917798036,True
mc_variance_reduction,BZ=F,2025-10-16,61.060001373291016,3,2025-10-21,61.083012746867794,65.44125912583975,57.015016190168744,8.426242935671006,0.9,61.31999969482422,0.2369869479564244,0.38647578136962635,True
mc_variance_reduction,BZ=F,2025-10-16,61.060001373291016,4,2025-10-22,61.09068549342898,66.25076767245004,56.33250676257254,9.918260909877496,0.9,62.59000015258789,1.4993146591589124,2.3954539950531073,True
mc_variance_reduction,BZ=F,2025-10-16,61.060001373291016,5,2025-10-23,61.098358491860694,66.73903016148643,55.934427099138325,10.8046030623481,0.9,65.98999786376953,4.891639371908838,7.412698181938407,True
mc_variance_reduction,BZ=F,2025-10-16,61.060001373291016,6,2025-10-24,61.10603281465511,67.55284590157687,55.27446243915363,12.278383462423243,0.9,65.94000244140625,4.833969626751141,7.330860551675847,True
mc_variance_reduction,BZ=F,2025-10-16,61.060001373291016,7,2025-10-27,61.11370807382011,67.96944509909422,54.949474846635844,13.019970252458371,0.9,65.62000274658203,4.506294672761918,6.8672576716657305,True
mc_variance_reduction,BZ=F,2025-10-17,61.290000915527344,0,2025-10-17,61.290000915527344,61.290000915527344,61.290000915527344,0.0,0.9,61.290000915527344,0.0,0.0,True
mc_variance_reduction,BZ=F,2025-10-17,61.290000915527344,1,2025-10-20,61.297797218524735,63.80904112839825,58.88538485106478,4.923656277333471,0.9,61.0099983215332,-0.28779889699153216,0.4717241516296762,True
mc_variance_reduction,BZ=F,2025-10-17,61.290000915527344,2,2025-10-21,61.30559454061898,64.75561213211999,58.03938527460329,6.716226857516702,0.9,61.31999969482422,0.014405154205235249,0.02349177148879068,True
mc_variance_reduction,BZ=F,2025-10-17,61.290000915527344,3,2025-10-22,61.31339279526249,65.82845515539283,57.10801095248976,8.720444202903074,0.9,62.59000015258789,1.2766073573254033,2.0396346927834603,True
mc_variance_reduction,BZ=F,2025-10-17,61.290000915527344,4,2025-10-23,61.321192121390524,66.39449936383227,56.6355441031166,9.758955260715666,0.9,65.98999786376953,4.668805742379007,7.075020296283902,True
mc_variance_reduction,BZ=F,2025-10-17,61.290000915527344,5,2025-10-24,61.32899236225674,67.10314991642394,56.05169559374476,11.051454322679184,0.9,65.94000244140625,4.611010079149509,6.992735681571766,True
mc_variance_reduction,BZ=F,2025-10-17,61.290000915527344,6,2025-10-27,61.33679372448242,67.82054180330825,55.472901719004746,12.3476400843035,0.9,65.62000274658203,4.283209022099612,6.52729174462388,True
mc_variance_reduction,BZ=F,2025-10-17,61.290000915527344,7,2025-10-28,61.3445958581888,68.11052232667654,55.25077935758744,12.859742969089105,0.9,64.4000015258789,3.05540566769011,4.744418626236067,True
mc_variance_reduction,BZ=F,2025-10-20,61.0099983215332,0,2025-10-20,61.0099983215332,61.0099983215332,61.0099983215332,0.0,0.9,61.0099983215332,0.0,0.0,True
mc_variance_reduction,BZ=F,2025-10-20,61.0099983215332,1,2025-10-21,61.01763283721718,63.51928065130891,58.614510104827886,4.904770546481025,0.9,61.31999969482422,0.30236685760704063,0.4930966391256559,True
mc_variance_reduction,BZ=F,2025-10-20,61.0099983215332,2,2025-10-22,61.025268364911284,64.64900418391473,57.60465178585937,7.044352398055359,0.9,62.59000015258789,1.5647317876766067,2.4999708960887586,True
mc_variance_reduction,BZ=F,2025-10-20,61.0099983215332,3,2025-10-23,61.032904744945675,65.55159555297924,56.82570254792583,8.725893005053408,0.9,65.98999786376953,4.957093118823856,7.5118855573496655,False
mc_variance_reduction,BZ=F,2025-10-20,61.0099983215332,4,2025-10-24,61.040542119323604,66.23655779409461,56.25213486496021,9.984422929134396,0.9,65.94000244140625,4.899460322082646,7.430179163909292,True
mc_variance_reduction,BZ=F,2025-10-20,61.0099983215332,5,2025-10-27,61.048180456012766,66.82753786563116,55.768632944370516,11.058904921260641,0.9,65.62000274658203,4.571822290569266,6.967116883894674,True
mc_variance_reduction,BZ=F,2025-10-20,61.0099983215332,6,2025-10-28,61.055819757757135,67.35294823635373,55.347437983423255,12.00551025293047,0.9,64.4000015258789,3.3441817681217714,5.1928287094495245,True
mc_variance_reduction,BZ=F,2025-10-20,61.0099983215332,7,2025-10-29,61.063459997652096,68.07392987236568,54.77495152943836,13.29897834292732,0.9,64.91999816894531,3.8565381712932165,5.940447135037049,True
mc_variance_reduction,BZ=F,2025-10-21,61.31999969482422,0,2025-10-21,61.31999969482422,61.31999969482422,61.31999969482422,0.0,0.9,61.31999969482422,0.0,0.0,True
mc_variance_reduction,BZ=F,2025-10-21,61.31999969482422,1,2025-10-22,61.32780616869032,63.922603064166175,58.838339267813396,5.084263796352779,0.9,62.59000015258789,1.2621939838975678,2.0166064560160897,True
mc_variance_reduction,BZ=F,2025-10-21,61.31999969482422,2,2025-10-23,61.33561361543832,64.9276958862224,57.94226088224979,6.985435003972604,0.9,65.98999786376953,4.654384248331212,7.053166235797997,False
mc_variance_reduction,BZ=F,2025-10-21,61.31999969482422,3,2025-10-24,61.34342201782597,65.76710929470613,57.21728481706058,8.54982447764555,0.9,65.94000244140625,4.596580423580278,6.970852674239376,False
mc_variance_reduction,BZ=F,2025-10-21,61.31999969482422,4,2025-10-27,61.3512314557735,66.44426649307955,56.6485838156381,9.795682677441455,0.9,65.62000274658203,4.26877129080853,6.505289716756189,True
mc_variance_reduction,BZ=F,2025-10-21,61.31999969482422,5,2025-10-28,61.359041858951684,67.01238475108858,56.182629998840625,10.82975475224795,0.9,64.4000015258789,3.040959666927222,4.721986948564315,True
mc_variance_reduction,BZ=F,2025-10-21,61.31999969482422,6,2025-10-29,61.36685329095441,67.9037184752976,55.459270392015995,12.4444480832816,0.9,64.91999816894531,3.5531448779909027,5.473113028660806,True
mc_variance_reduction,BZ=F,2025-10-21,61.31999969482422,7,2025-10-30,61.37466578194981,68.40447144982568,55.06730071037905,13.337170739446627,0.9,65.0,3.6253342180501917,5.577437258538756,True
mc_variance_reduction,BZ=F,2025-10-22,62.59000015258789,0,2025-10-22,62.59000015258789,62.59000015258789,62.59000015258789,0.0,0.9,62.59000015258789,0.0,0.0,True
mc_variance_reduction,BZ=F,2025-10-22,62.59000015258789,1,2025-10-23,62.59852813062193,65.09103869141406,60.20146241885653,4.889576272557527,0.9,65.98999786376953,3.391469733147602,5.1393693634435165,False
mc_variance_reduction,BZ=F,2025-10-22,62.59000015258789,2,2025-10-24,62.60705719911721,66.12230965930604,59.27868570062022,6.843623958685818,0.9,65.94000244140625,3.3329452422890427,5.054511857579428,True
mc_variance_reduction,BZ=F,2025-10-22,62.59000015258789,3,2025-10-27,62.615587462009046,67.16065043505276,58.3781093358199,8.782541099232859,0.9,65.62000274658203,3.0044152845729855,4.578505270985343,True
mc_variance_reduction,BZ=F,2025-10-22,62.59000015258789,4,2025-10-28,62.624119108523104,67.71383456365061,57.916972191133866,9.796862372516742,0.9,64.4000015258789,1.7758824173558025,2.7575813280721286,True
mc_variance_reduction,BZ=F,2025-10-22,62.59000015258789,5,2025-10-29,62.6326514805976,68.27543639440384,57.45622788797645,10.819208506427387,0.9,64.91999816894531,2.2873466883477107,3.5233314122948793,True
mc_variance_reduction,BZ=F,2025-10-22,62.59000015258789,6,2025-10-30,62.64118523461876,68.99497921379053,56.872516448707586,12.122462765082943,0.9,65.0,2.35881476538124,3.628945792894215,True
mc_variance_reduction,BZ=F,2025-10-22,62.59000015258789,7,2025-10-31,62.6497203960636,69.65632086903493,56.34790046096406,13.308420408070866,0.9,65.06999969482422,2.4202792987606188,3.7195010144638623,True
mc_variance_reduction,BZ=F,2025-10-23,65.98999786376953,0,2025-10-23,65.98999786376953,65.98999786376953,65.98999786376953,0.0,0.9,65.98999786376953,0.0,0.0,True
mc_variance_reduction,BZ=F,2025-10-23,65.98999786376953,1,2025-10-24,66.00051702616094,68.73147496966736,63.3780702505642,5.35340471910316,0.9,65.94000244140625,-0.060514584754685075,0.09177219064930707,True
mc_variance_reduction,BZ=F,2025-10-23,65.98999786376953,2,2025-10-27,66.01103786662487,69.83479324742967,62.39664957809623,7.438143669333442,0.9,65.62000274658203,-0.3910351200428437,0.5959084176710304,True
mc_variance_reduction,BZ=F,2025-10-23,65.98999786376953,3,2025-10-28,66.02156042032064,70.93961283962744,61.44446327225156,9.495149567375883,0.9,64.4000015258789,-1.6215588944417334,2.517948534193925,True
mc_variance_reduction,BZ=F,2025-10-23,65.98999786376953,4,2025-10-29,66.03208459501178,71.69914766217376,60.81294320642012,10.886204455753635,0.9,64.91999816894531,-1.112086426066469,1.7130105628968408,True
mc_variance_reduction,BZ=F,2025-10-23,65.98999786376953,5,2025-10-30,66.04261046948011,72.38766683969374,60.25372263455579,12.133944205137944,0.9,65.0,-1.0426104694801097,1.6040161068924765,True
mc_variance_reduction,BZ=F,2025-10-23,65.98999786376953,6,2025-10-31,66.05313822623275,72.8545485146079,59.886680255091754,12.967868259516145,0.9,65.06999969482422,-0.9831385314085281,1.5108937083439524,True
mc_variance_reduction,BZ=F,2025-10-23,65.98999786376953,7,2025-11-03,66.06366733116613,73.59988243163438,59.29911819908991,14.300764232544473,0.9,,,,
mc_variance_reduction,BZ=F,2025-10-24,65.94000244140625,0,2025-10-24,65.94000244140625,65.94000244140625,65.94000244140625,0.0,0.9,65.94000244140625,0.0,0.0,True
mc_variance_reduction,BZ=F,2025-10-24,65.94000244140625,1,2025-10-27,65.95048710765565,68.61380543785775,63.39054842806815,5.223257009789599,0.9,65.62000274658203,-0.3304843610736157,0.5036335678770293,True
mc_variance_reduction,BZ=F,2025-10-24,65.94000244140625,2,2025-10-28,65.96097344196032,69.86252828769673,62.277305525563676,7.585222762133057,0.9,64.4000015258789,-1.5609719160814137,2.4238693774784195,True
mc_variance_reduction,BZ=F,2025-10-24,65.94000244140625,3,2025-10-29,65.9714614208971,70.68053822760143,61.5761259290722,9.104412298529233,0.9,64.91999816894531,-1.0514632519517875,1.6196292076526249,True
mc_variance_reduction,BZ=F,2025-10-24,65.94000244140625,4,2025-10-30,65.98195108245923,71.47177402260554,60.913807294417516,10.557966728188028,0.9,65.0,-0.9819510824592328,1.5106939730142044,True
mc_variance_reduction,BZ=F,2025-10-24,65.94000244140625,5,2025-10-31,65.99244279824826,72.20475336271133,60.31462274656276,11.890130616148568,0.9,65.06999969482422,-0.9224431034240439,1.4176165786849029,True
mc_variance_reduction,BZ=F,2025-10-24,65.94000244140625,6,2025-11-03,66.00293542105413,72.81366888532551,59.829254080414366,12.984414804911147,0.9,,,,
mc_variance_reduction,BZ=F,2025-10-24,65.94000244140625,7,2025-11-04,66.01343007489807,73.59097092922735,59.21613642351698,14.374834505710375,0.9,64.44000244140625,-1.5734276334918178,2.441693938361498,True
mc_variance_reduction,BZ=F,2025-10-27,65.62000274658203,0,2025-10-27,65.62000274658203,65.62000274658203,65.62000274658203,0.0,0.9,65.62000274658203,0.0,0.0,True
mc_variance_reduction,BZ=F,2025-10-27,65.62000274658203,1,2025-10-28,65.63029198033479,68.29089154617088,63.073348853546506,5.217542692624377,0.9,64.4000015258789,-1.2302904544558828,1.910388859170283,True
mc_variance_reduction,BZ=F,2025-10-27,65.62000274658203,2,2025-10-29,65.6405828604861,69.57697559609646,61.92689574305759,7.650079853038868,0.9,64.91999816894531,-0.7205846915407932,1.1099579665199177,True
mc_variance_reduction,BZ=F,2025-10-27,65.62000274658203,3,2025-10-30,65.65087537274123,70.39455996177888,61.22685373790994,9.16770622386894,0.9,65.0,-0.6508753727412255,1.0013467272941932,True
mc_variance_reduction,BZ=F,2025-10-27,65.62000274658203,4,2025-10-31,65.66116970173536,71.34504570072362,60.43011292446819,10.914932776255426,0.9,65.06999969482422,-0.5911700069111419,0.9085139229809533,True
mc_variance_reduction,BZ=F,2025-10-27,65.62000274658203,5,2025-11-03,65.67146505074942,71.95139655704274,59.939647156622485,12.011749400420257,0.9,,,,
mc_variance_reduction,BZ=F,2025-10-27,65.62000274658203,6,2025-11-04,65.68176235323035,72.42608404108543,59.565472364422,12.860611676663432,0.9,64.44000244140625,-1.2417599118241043,1.9270016523559368,True
mc_variance_reduction,BZ=F,2025-10-27,65.62000274658203,7,2025-11-05,65.69206137976472,73.21237246826828,58.94423002020621,14.268142448062072,0.9,63.52000045776367,-2.1720609220010516,3.4194913513033094,True
mc_variance_reduction,BZ=F,2025-10-28,64.4000015258789,0,2025-10-28,64.4000015258789,64.4000015258789,64.4000015258789,0.0,0.9,64.4000015258789,0.0,0.0,True
mc_variance_reduction,BZ=F,2025-10-28,64.4000015258789,1,2025-10-29,64.40956534208595,67.11646825217242,61.81183568056178,5.304632571610647,0.9,64.91999816894531,0.5104328268593576,0.7862489852988394,True
mc_variance_reduction,BZ=F,2025-10-28,64.4000015258789,2,2025-10-30,64.41913081266408,68.16370020799918,60.88026880709883,7.283431400900355,0.9,65.0,0.5808691873359209,0.8936449035937244,True
mc_variance_reduction,BZ=F,2025-10-28,64.4000015258789,3,2025-10-31,64.42869752932498,69.01439986137454,60.14769438117407,8.866705480200473,0.9,65.06999969482422,0.6413021654992406,0.9855573513246088,True
mc_variance_reduction,BZ=F,2025-10-28,64.4000015258789,4,2025-11-03,64.43826529926915,69.7120672968076,59.56343279951563,10.148634497291972,0.9,,,,
mc_variance_reduction,BZ=F,2025-10-28,64.4000015258789,5,2025-11-04,64.44783480379424,70.52137718012736,58.89736666574519,11.62401051438217,0.9,64.44000244140625,-0.007832362387986791,0.012154503555626911,True
mc_variance_reduction,BZ=F,2025-10-28,64.4000015258789,6,2025-11-05,64.45740599935084,71.12490662668439,58.41493998173667,12.70996664494772,0.9,63.52000045776367,-0.937405541587168,1.4757643810322023,True
mc_variance_reduction,BZ=F,2025-10-28,64.4000015258789,7,2025-11-06,64.46697808011415,71.62056466831935,58.02790410559596,13.592660562723388,0.9,63.380001068115234,-1.0869770119989113,1.7150157678771958,True
mc_variance_reduction,BZ=F,2025-10-29,64.91999816894531,0,2025-10-29,64.91999816894531,64.91999816894531,64.91999816894531,0.0,0.9,64.91999816894531,0.0,0.0,True
mc_variance_reduction,BZ=F,2025-10-29,64.91999816894531,1,2025-10-30,64.929863733056,67.59234296660372,62.37226024046424,5.220082726139481,0.9,65.0,0.07013626694400443,0.10790194914462221,True
mc_variance_reduction,BZ=F,2025-10-29,64.91999816894531,2,2025-10-31,64.93973075625969,68.81183669990332,61.285511771177006,7.526324928726318,0.9,65.06999969482422,0.1302689385645266,0.20019815456505746,True
mc_variance_reduction,BZ=F,2025-10-29,64.91999816894531,3,2025-11-03,64.94959926768954,69.65923773382806,60.558377970113824,9.10085976371424,0.9,,,,
mc_variance_reduction,BZ=F,2025-10-29,64.91999816894531,4,2025-11-04,64.95946950878094,70.52217131956614,59.835546369875544,10.686624949690597,0.9,64.44000244140625,-0.5194670673746913,0.8061251516044405,True
mc_variance_reduction,BZ=F,2025-10-29,64.91999816894531,5,2025-11-05,64.96934082663029,71.07351683514955,59.38942451924585,11.684092315903698,0.9,63.52000045776367,-1.4493403688666149,2.281707113384428,True
mc_variance_reduction,BZ=F,2025-10-29,64.91999816894531,6,2025-11-06,64.97921386360662,71.65631239248849,58.924302583123136,12.732009809365351,0.9,63.380001068115234,-1.5992127954913826,2.523213582424351,True
mc_variance_reduction,BZ=F,2025-10-29,64.91999816894531,7,2025-11-07,64.98908838812673,72.30178121111557,58.41601051811515,13.885770693000417,0.9,63.630001068115234,-1.359087320011497,2.135922202101818,True
mc_variance_reduction,BZ=F,2025-10-30,65.0,0,2025-10-30,65.0,65.0,65.0,0.0,0.9,65.0,0.0,0.0,True
mc_variance_reduction,BZ=F,2025-10-30,65.0,1,2025-10-31,65.00990841909945,67.65100840423506,62.47191721847911,5.179091185755944,0.9,65.06999969482422,0.060091275724772686,0.09234866452527807,True
mc_variance_reduction,BZ=F,2025-10-30,65.0,2,2025-11-03,65.01981840121829,68.670436675976,61.56327217551708,7.107164500458929,0.9,,,,
mc_variance_reduction,BZ=F,2025-10-30,65.0,3,2025-11-04,65.02972978768062,69.68942537928281,60.681598868534635,9.007826510748174,0.9,64.44000244140625,-0.5897273462743726,0.9151572376344919,True
mc_variance_reduction,BZ=F,2025-10-30,65.0,4,2025-11-05,65.0396427383834,70.39090290695704,60.09519629848223,10.29570660847481,0.9,63.52000045776367,-1.5196422806197347,2.3923839258001736,True
mc_variance_reduction,BZ=F,2025-10-30,65.0,5,2025-11-06,65.04955721935939,71.07941045215689,59.53123225575669,11.548178196400201,0.9,63.380001068115234,-1.6695561512441515,2.634200257349096,True
mc_variance_reduction,BZ=F,2025-10-30,65.0,6,2025-11-07,65.05947317334915,71.55988248223498,59.14955283295162,12.410329649283362,0.9,63.630001068115234,-1.4294721052339128,2.2465379243097576,True
mc_variance_reduction,BZ=F,2025-10-30,65.0,7,2025-11-10,65.06939066205976,71.95357422235118,58.843853791790465,13.109720430560714,0.9,64.05999755859375,-1.0093931034660102,1.575699565930749,True
mc_variance_reduction,BZ=F,2025-10-31,65.06999969482422,0,2025-10-31,65.06999969482422,65.06999969482422,65.06999969482422,0.0,0.9,65.06999969482422,0.0,0.0,True
mc_variance_reduction,BZ=F,2025-10-31,65.06999969482422,1,2025-11-03,65.07994515184132,67.83276020126492,62.43884579430629,5.393914406958629,0.9,,,,
mc_variance_reduction,BZ=F,2025-10-31,65.06999969482422,2,2025-11-04,65.0898920814614,69.06371686767456,61.34471522314127,7.719001644533286,0.9,64.44000244140625,-0.6498896400551502,1.0085189562897352,True
mc_variance_reduction,BZ=F,2025-10-31,65.06999969482422,3,2025-11-05,65.09984046679352,69.92984306277259,60.603443311441424,9.326399751331166,0.9,63.52000045776367,-1.5798400090298514,2.487153648684769,True
mc_variance_reduction,BZ=F,2025-10-31,65.06999969482422,4,2025-11-06,65.10979046107965,70.65599787964523,59.99893763197538,10.657060247669847,0.9,63.380001068115234,-1.7297893929644204,2.7292353483954592,True
mc_variance_reduction,BZ=F,2025-10-31,65.06999969482422,5,2025-11-07,65.11974193509741,71.35907952771348,59.425945727353714,11.933133800359762,0.9,63.630001068115234,-1.4897408669821743,2.341255448648229,True
mc_variance_reduction,BZ=F,2025-10-31,65.06999969482422,6,2025-11-10,65.12969494516454,72.01643828257355,58.9015128033444,13.114925479229143,0.9,64.05999755859375,-1.0696973865707946,1.6698367582552196,True
mc_variance_reduction,BZ=F,2025-10-31,65.06999969482422,7,2025-11-11,65.13964978262476,72.40503988123207,58.60329538920895,13.801744492023118,0.9,65.16000366210938,0.020353879484616755,0.03123676847865581,True
mc_variance_reduction,BZ=F,2025-11-04,64.44000244140625,0,2025-11-04,64.44000244140625,64.44000244140625,64.44000244140625,0.0,0.9,64.44000244140625,0.0,0.0,True
mc_variance_reduction,BZ=F,2025-11-04,64.44000244140625,1,2025-11-05,64.44957295509587,67.1326882016355,61.87369470250014,5.258993499135364,0.9,63.52000045776367,-0.9295724973322024,1.4634327623317676,True
mc_variance_reduction,BZ=F,2025-11-04,64.44000244140625,2,2025-11-06,64.45914497418562,68.23650621759593,60.89088657782126,7.345619639774668,0.9,63.380001068115234,-1.0791439060703851,1.702656812691777,True
mc_variance_reduction,BZ=F,2025-11-04,64.44000244140625,3,2025-11-07,64.46871824407475,69.04904502635861,60.192224763958095,8.856820262400518,0.9,63.630001068115234,-0.8387171759595162,1.318115923118842,True
mc_variance_reduction,BZ=F,2025-11-04,64.44000244140625,4,2025-11-10,64.47829302280684,69.81294686624186,59.551279526865294,10.261667339376565,0.9,64.05999755859375,-0.41829546421308805,0.6529745241255837,True
mc_variance_reduction,BZ=F,2025-11-04,64.44000244140625,5,2025-11-11,64.4878692500817,70.47053453998161,59.013108158954346,11.457426381027268,0.9,65.16000366210938,0.672134412027674,1.031513772640441,True
mc_variance_reduction,BZ=F,2025-11-04,64.44000244140625,6,2025-11-12,64.49744684315995,71.092689115616,58.514042766111274,12.578646349504723,0.9,62.709999084472656,-1.7874477586872928,2.8503393155524295,True
mc_variance_reduction,BZ=F,2025-11-04,64.44000244140625,7,2025-11-13,64.50702588756084,71.48714446439044,58.208457537545925,13.278686926844514,0.9,63.0099983215332,-1.49702756602764,2.3758571749017836,True
mc_variance_reduction,BZ=F,2025-11-05,63.52000045776367,0,2025-11-05,63.52000045776367,63.52000045776367,63.52000045776367,0.0,0.9,63.52000045776367,0.0,0.0,True
mc_variance_reduction,BZ=F,2025-11-05,63.52000045776367,1,2025-11-06,63.52903076721444,66.01342073604181,61.13813995711739,4.87528077892442,0.9,63.380001068115234,-0.14902969909920216,0.2351367885573845,True
mc_variance_reduction,BZ=F,2025-11-05,63.52000045776367,2,2025-11-07,63.53806235231528,67.19711135522363,60.07825761423984,7.118853740983788,0.9,63.630001068115234,0.09193871579995516,0.14448957136042753,True
mc_variance_reduction,BZ=F,2025-11-05,63.52000045776367,3,2025-11-10,63.547095218863646,68.01695452392369,59.370981065870104,8.645973458053582,0.9,64.05999755859375,0.512902339730104,0.8006593182601478,True
mc_variance_reduction,BZ=F,2025-11-05,63.52000045776367,4,2025-11-11,63.55612956575301,68.80412286801834,58.70842355624753,10.095699311770808,0.9,65.16000366210938,1.603874096356364,2.461439542995328,True
mc_variance_reduction,BZ=F,2025-11-05,63.52000045776367,5,2025-11-12,63.565164821667324,69.37138698571309,58.24490980107772,11.12647718463537,0.9,62.709999084472656,-0.8551657371946675,1.3636832238551433,True
mc_variance_reduction,BZ=F,2025-11-05,63.52000045776367,6,2025-11-13,63.574201631511116,70.12815976573918,57.63275590313343,12.495403862605755,0.9,63.0099983215332,-0.5642033099779127,0.8954187033918716,True
mc_variance_reduction,BZ=F,2025-11-05,63.52000045776367,7,2025-11-14,63.583239585961735,70.47943781848201,57.36181327075057,13.117624547731445,0.9,64.38999938964844,0.8067598036867025,1.2529271802049435,True
mc_variance_reduction,BZ=F,2025-11-06,63.380001068115234,0,2025-11-06,63.380001068115234,63.380001068115234,63.380001068115234,0.0,0.9,63.380001068115234,0.0,0.0,True
mc_variance_reduction,BZ=F,2025-11-06,63.380001068115234,1,2025-11-07,63.388946407138356,66.02336270704596,60.85964667617521,5.163716030870752,0.9,63.630001068115234,0.24105466097687867,0.37883805898232226,True
mc_variance_reduction,BZ=F,2025-11-06,63.380001068115234,2,2025-11-10,63.397892994810746,67.17870774683979,59.82986237064838,7.348845376191413,0.9,64.05999755859375,0.6621045637830036,1.03356944898007,True
mc_variance_reduction,BZ=F,2025-11-06,63.380001068115234,3,2025-11-11,63.40684092523834,68.00472781547575,59.119822930167324,8.884904885308423,0.9,65.16000366210938,1.7531627368710332,2.6905503964704343,True
mc_variance_reduction,BZ=F,2025-11-06,63.380001068115234,4,2025-11-12,63.41578998776076,68.58501370144569,58.636168518459826,9.948845182985863,0.9,62.709999084472656,-0.7057909032881042,1.1254838360583903,True
mc_variance_reduction,BZ=F,2025-11-06,63.380001068115234,5,2025-11-13,63.42474039393561,69.29558200862186,58.05128660321056,11.2442954054113,0.9,63.0099983215332,-0.41474207240240446,0.6582162886055329,True
mc_variance_reduction,BZ=F,2025-11-06,63.380001068115234,6,2025-11-14,63.43369200944478,69.82579096042889,57.62674888816765,12.199042072261243,0.9,64.38999938964844,0.9563073802036541,1.4851799802274783,True
mc_variance_reduction,BZ=F,2025-11-06,63.380001068115234,7,2025-11-17,63.4426449128255,70.50729472819349,57.08585491864881,13.421439809544673,0.9,64.19999694824219,0.7573520354166874,1.1796761237033422,True
mc_variance_reduction,BZ=F,2025-11-07,63.630001068115234,0,2025-11-07,63.630001068115234,63.630001068115234,63.630001068115234,0.0,0.9,63.630001068115234,0.0,0.0,True
mc_variance_reduction,BZ=F,2025-11-07,63.630001068115234,1,2025-11-10,63.639087216270724,66.20939019626039,61.16856550149269,5.0408246947677,0.9,64.05999755859375,0.42091034232302604,0.6570564445276977,True
mc_variance_reduction,BZ=F,2025-11-07,63.630001068115234,2,2025-11-11,63.648174651734905,67.38369132987671,60.11974213994525,7.263949189931459,0.9,65.16000366210938,1.5118290103744698,2.320179443534317,True
mc_variance_reduction,BZ=F,2025-11-07,63.630001068115234,3,2025-11-12,63.65726340067144,68.21915542850185,59.40043022370689,8.818725204794958,0.9,62.709999084472656,-0.9472643161987833,1.5105474884839079,True
mc_variance_reduction,BZ=F,2025-11-07,63.630001068115234,4,2025-11-13,63.666353423261896,68.89456313975343,58.83489745928654,10.059665680466892,0.9,63.0099983215332,-0.6563551017286926,1.0416681784046138,True
mc_variance_reduction,BZ=F,2025-11-07,63.630001068115234,5,2025-11-14,63.675444895731204,69.51822837865967,58.323728313610275,11.194500065049397,0.9,64.38999938964844,0.7145544939172339,1.1097289962579315,True
mc_variance_reduction,BZ=F,2025-11-07,63.630001068115234,6,2025-11-17,63.68453762526065,70.37348361684228,57.63137042176435,12.742113195077927,0.9,64.19999694824219,0.5154593229815347,0.8028961798815913,True
mc_variance_reduction,BZ=F,2025-11-07,63.630001068115234,7,2025-11-18,63.69363131628005,70.82245734895201,57.28237654628075,13.540080802671262,0.9,64.88999938964844,1.1963680733683901,1.8436863686567402,True
mc_variance_reduction,BZ=F,2025-11-10,64.05999755859375,0,2025-11-10,64.05999755859375,64.05999755859375,64.05999755859375,0.0,0.9,64.05999755859375,0.0,0.0,True
mc_variance_reduction,BZ=F,2025-11-10,64.05999755859375,1,2025-11-11,64.06932954010847,66.719827923365,61.52412431709459,5.195703606270413,0.9,65.16000366210938,1.0906741220009053,1.6738398721655285,True
mc_variance_reduction,BZ=F,2025-11-10,64.05999755859375,2,2025-11-12,64.07866287930284,67.71448575876332,60.63805979622838,7.076425962534934,0.9,62.709999084472656,-1.3686637948301836,2.1825288069077207,True
mc_variance_reduction,BZ=F,2025-11-10,64.05999755859375,3,2025-11-13,64.08799757827931,68.63264061722758,59.84428690654009,8.788353710687488,0.9,63.0099983215332,-1.0779992567461107,1.7108384152705374,True
mc_variance_reduction,BZ=F,2025-11-10,64.05999755859375,4,2025-11-14,64.09733363783693,69.43973761355142,59.16595196145372,10.273785652097693,0.9,64.38999938964844,0.2926657518115121,0.45452050719938675,True
mc_variance_reduction,BZ=F,2025-11-10,64.05999755859375,5,2025-11-17,64.10667105680159,70.21624975938985,58.52869278903642,11.687556970353434,0.9,64.19999694824219,0.09332589144059966,0.14536743906053246,True
mc_variance_reduction,BZ=F,2025-11-10,64.05999755859375,6,2025-11-18,64.11601030343815,70.8115598134919,58.05355409516334,12.758005718328555,0.9,64.88999938964844,0.7739890862102925,1.1927709870402048,True
mc_variance_reduction,BZ=F,2025-11-10,64.05999755859375,7,2025-11-19,64.12534997629042,71.33006066866172,57.6483529002897,13.681707768372014,0.9,63.5099983215332,-0.6153516547572195,0.9689051661470178,True
mc_variance_reduction,BZ=F,2025-11-11,65.16000366210938,0,2025-11-11,65.16000366210938,65.16000366210938,65.16000366210938,0.0,0.9,65.16000366210938,0.0,0.0,True
mc_variance_reduction,BZ=F,2025-11-11,65.16000366210938,1,2025-11-12,65.16997616205919,67.7814754483939,62.65909308310774,5.122382365286164,0.9,62.709999084472656,-2.4599770775865295,3.922782831287959,True
mc_variance_reduction,BZ=F,2025-11-11,65.16000366210938,2,2025-11-13,65.17994999051392,68.94539305293416,61.62015606928496,7.325236983649205,0.9,63.0099983215332,-2.1699516689807155,3.4438211820093803,True
mc_variance_reduction,BZ=F,2025-11-11,65.16000366210938,3,2025-11-14,65.18992545363673,69.88691349273832,60.8086144458321,9.078299046906217,0.9,64.38999938964844,-0.7999260639882948,1.242314135068766,True
mc_variance_reduction,BZ=F,2025-11-11,65.16000366210938,4,2025-11-17,65.19990241174465,70.57712281613425,60.23236855448911,10.344754261645136,0.9,64.19999694824219,-0.9999054635024578,1.55748521967778,True
mc_variance_reduction,BZ=F,2025-11-11,65.16000366210938,5,2025-11-18,65.20988091786762,71.33523083522499,59.61049704765209,11.724733787572902,0.9,64.88999938964844,-0.3198815282191845,0.492959672103516,True
mc_variance_reduction,BZ=F,2025-11-11,65.16000366210938,6,2025-11-19,65.2198614172137,72.08929309406528,59.00502108979182,13.084272004273465,0.9,63.5099983215332,-1.7098630956805039,2.6922738794983894,True
mc_variance_reduction,BZ=F,2025-11-11,65.16000366210938,7,2025-11-20,65.22984276229148,72.55680745154659,58.64277282409331,13.914034627453276,0.9,63.380001068115234,-1.8498416941762486,2.9186520400783866,True
mc_variance_reduction,BZ=F,2025-11-12,62.709999084472656,0,2025-11-12,62.709999084472656,62.709999084472656,62.709999084472656,0.0,0.9,62.709999084472656,0.0,0.0,True
mc_variance_reduction,BZ=F,2025-11-12,62.709999084472656,1,2025-11-13,62.718543612276704,65.37093655252126,60.17377015060043,5.197166401920825,0.9,63.0099983215332,0.29145470925649875,0.4625531138236775,True
mc_variance_reduction,BZ=F,2025-11-12,62.709999084472656,2,2025-11-14,62.72708927308675,66.42147998098142,59.23818213391758,7.183297847063834,0.9,64.38999938964844,1.6629101165616902,2.58255960913866,True
mc_variance_reduction,BZ=F,2025-11-12,62.709999084472656,3,2025-11-17,62.73563620821312,67.26608494683929,58.51031825245175,8.755766694387532,0.9,64.19999694824219,1.4643607400290648,2.280935840557169,True
mc_variance_reduction,BZ=F,2025-11-12,62.709999084472656,4,2025-11-18,62.74418411760807,67.94301849246355,57.94315188093234,9.99986661153121,0.9,64.88999938964844,2.145815272040366,3.3068505042745873,True
mc_variance_reduction,BZ=F,2025-11-12,62.709999084472656,5,2025-11-19,62.75273346188952,68.85534986865535,57.19098869028333,11.664361178372019,0.9,63.5099983215332,0.7572648596436835,1.1923553450747475,True
mc_variance_reduction,BZ=F,2025-11-12,62.709999084472656,6,2025-11-20,62.76128361188597,69.3026721863586,56.83732828951183,12.465343896846775,0.9,63.380001068115234,0.6187174562292626,0.9762029753901702,True
mc_variance_reduction,BZ=F,2025-11-12,62.709999084472656,7,2025-11-21,62.76983531949578,69.84376855561068,56.41236550796379,13.431403047646889,0.9,62.560001373291016,-0.20983394620476759,0.33541231073941885,True
mc_variance_reduction,BZ=F,2025-11-13,63.0099983215332,0,2025-11-13,63.0099983215332,63.0099983215332,63.0099983215332,0.0,0.9,63.0099983215332,0.0,0.0,True
mc_variance_reduction,BZ=F,2025-11-13,63.0099983215332,1,2025-11-14,63.01871113274413,65.64157111410725,60.500653544498846,5.140917569608405,0.9,64.38999938964844,1.3712882569043074,2.1296603042440165,True
mc_variance_reduction,BZ=F,2025-11-13,63.0099983215332,2,2025-11-17,63.02742515788727,66.69806183896165,59.55879691638742,7.1392649225742275,0.9,64.19999694824219,1.1725717903549153,1.826435897341613,True
mc_variance_reduction,BZ=F,2025-11-13,63.0099983215332,3,2025-11-18,63.036140352842764,67.38264555204726,58.970005677312294,8.412639874734971,0.9,64.88999938964844,1.853859036805673,2.8569256499352185,True
mc_variance_reduction,BZ=F,2025-11-13,63.0099983215332,4,2025-11-19,63.04485677143259,68.18366859449291,58.29334278866417,9.890325805828745,0.9,63.5099983215332,0.4651415501006113,0.7323910602953111,True
mc_variance_reduction,BZ=F,2025-11-13,63.0099983215332,5,2025-11-20,63.05357463966497,69.03293557082237,57.59212195451667,11.440813616305704,0.9,63.380001068115234,0.3264264284502616,0.5150306452337343,True
mc_variance_reduction,BZ=F,2025-11-13,63.0099983215332,6,2025-11-21,63.06229326120594,69.56894529903406,57.16419604264703,12.404749256387028,0.9,62.560001373291016,-0.5022918879149216,0.8028962226483696,True
mc_variance_reduction,BZ=F,2025-11-13,63.0099983215332,7,2025-11-24,63.071013285928004,70.12673934682805,56.725191628022515,13.401547718805531,0.9,63.369998931884766,0.2989856459567619,0.4718094539943673,True
mc_variance_reduction,BZ=F,2025-11-14,64.38999938964844,0,2025-11-14,64.38999938964844,64.38999938964844,64.38999938964844,0.0,0.9,64.38999938964844,0.0,0.0,True
mc_variance_reduction,BZ=F,2025-11-14,64.38999938964844,1,2025-11-17,64.39950738039445,66.96462772963768,61.932645418172754,5.03198231146493,0.9,64.19999694824219,-0.19951043215226605,0.31076392778197587,True
mc_variance_reduction,BZ=F,2025-11-14,64.38999938964844,2,2025-11-18,64.40901668540718,67.99245747496556,61.014435772160624,6.978021702804938,0.9,64.88999938964844,0.48098270424125644,0.7412277835804466,True
mc_variance_reduction,BZ=F,2025-11-14,64.38999938964844,3,2025-11-19,64.41852744327718,68.89077869657935,60.23660577768854,8.654172918890808,0.9,63.5099983215332,-0.9085291217439817,1.4305292800424196,True
mc_variance_reduction,BZ=F,2025-11-14,64.38999938964844,4,2025-11-20,64.42803958335364,69.67532150485819,59.575933185609976,10.099388319248213,0.9,63.380001068115234,-1.048038515238403,1.6535792009723442,True
mc_variance_reduction,BZ=F,2025-11-14,64.38999938964844,5,2025-11-21,64.43755320824658,70.41964894113923,58.963631854917686,11.456017086221543,0.9,62.560001373291016,-1.8775518349555682,3.001201716336852,True
mc_variance_reduction,BZ=F,2025-11-14,64.38999938964844,6,2025-11-24,64.44706811288333,71.16856468539363,58.3603815205002,12.808183164893435,0.9,63.369998931884766,-1.0770691809985635,1.6996515688066922,True
mc_variance_reduction,BZ=F,2025-11-14,64.38999938964844,7,2025-11-25,64.45658448447327,71.60284426343344,58.023550948776126,13.579293314657313,0.9,62.47999954223633,-1.97658494223694,3.163548266194806,True
mc_variance_reduction,BZ=F,2025-11-17,64.19999694824219,0,2025-11-17,64.19999694824219,64.19999694824219,64.19999694824219,0.0,0.9,64.19999694824219,0.0,0.0,True
mc_variance_reduction,BZ=F,2025-11-17,64.19999694824219,1,2025-11-18,64.20939005408727,66.88261382096526,61.6430120271377,5.2396017938275605,0.9,64.88999938964844,0.6806093355611722,1.0488662998350193,True
mc_variance_reduction,BZ=F,2025-11-17,64.19999694824219,2,2025-11-19,64.2187844735379,68.06431975256045,60.59051636064837,7.473803391912078,0.9,63.5099983215332,-0.7087861520046914,1.11602294242917,True
mc_variance_reduction,BZ=F,2025-11-17,64.19999694824219,3,2025-11-20,64.22818030034142,68.90578233416541,59.868112923360485,9.037669410804924,0.9,63.380001068115234,-0.8481792322261867,1.3382442693786618,True
mc_variance_reduction,BZ=F,2025-11-17,64.19999694824219,4,2025-11-21,64.23757749582397,69.60069979528858,59.28771370593143,10.312986089357146,0.9,62.560001373291016,-1.6775761225329546,2.6815474515784916,True
mc_variance_reduction,BZ=F,2025-11-17,64.19999694824219,5,2025-11-24,64.24697612550986,70.19793778431867,58.80050134298193,11.397436441336737,0.9,63.369998931884766,-0.8769771936250947,1.383899650318349,True
mc_variance_reduction,BZ=F,2025-11-17,64.19999694824219,6,2025-11-25,64.25637604258459,70.83504519474154,58.288688155065806,12.546357039675733,0.9,62.47999954223633,-1.7763765003482632,2.84311221729033,True
mc_variance_reduction,BZ=F,2025-11-17,64.19999694824219,7,2025-11-26,64.26577778244979,71.26497263872453,57.95399892782705,13.310973710897478,0.9,63.130001068115234,-1.135776714334554,1.799107706507224,True
mc_variance_reduction,BZ=F,2025-11-18,64.88999938964844,0,2025-11-18,64.88999938964844,64.88999938964844,64.88999938964844,0.0,0.9,64.88999938964844,0.0,0.0,True
mc_variance_reduction,BZ=F,2025-11-18,64.88999938964844,1,2025-11-19,64.8997915250636,67.60815633316784,62.29992307980865,5.308233253359191,0.9,63.5099983215332,-1.3897932035304024,2.188306156920792,True
mc_variance_reduction,BZ=F,2025-11-18,64.88999938964844,2,2025-11-20,64.90958501072072,68.7466784766996,61.286658788342145,7.460019688357455,0.9,63.380001068115234,-1.529583942605484,2.413354239236478,True
mc_variance_reduction,BZ=F,2025-11-18,64.88999938964844,3,2025-11-21,64.91938003873145,69.59991155360755,60.553610102468014,9.046301451139541,0.9,62.560001373291016,-2.359378665440431,3.7713852519954223,True
mc_variance_reduction,BZ=F,2025-11-18,64.88999938964844,4,2025-11-24,64.9291765432859,70.46149127001657,59.83123394778323,10.630257322233334,0.9,63.369998931884766,-1.5591776114011395,2.4604349655695446,True
mc_variance_reduction,BZ=F,2025-11-18,64.88999938964844,5,2025-11-25,64.93897460747453,71.06128203100852,59.344136392483726,11.71714563852479,0.9,62.47999954223633,-2.4589750652382065,3.9356195314565348,True
mc_variance_reduction,BZ=F,2025-11-18,64.88999938964844,6,2025-11-26,64.94877401106385,71.6511449536168,58.87335456815218,12.777790385464613,0.9,63.130001068115234,-1.8187729429486126,2.880996217608511,True
mc_variance_reduction,BZ=F,2025-11-18,64.88999938964844,7,2025-11-27,64.95857493289475,72.18587937177138,58.45487390230289,13.731005469468485,0.9,,,,
mc_variance_reduction,BZ=F,2025-11-19,63.5099983215332,0,2025-11-19,63.5099983215332,63.5099983215332,63.5099983215332,0.0,0.9,63.5099983215332,0.0,0.0,True
mc_variance_reduction,BZ=F,2025-11-19,63.5099983215332,1,2025-11-20,63.518983538293575,66.0761502782415,61.06077991484107,5.015370363400429,0.9,63.380001068115234,-0.1389824701783411,0.21928442385000121,True
mc_variance_reduction,BZ=F,2025-11-19,63.5099983215332,2,2025-11-21,63.52797002619126,67.22022416837328,60.03852328993295,7.181700878440331,0.9,62.560001373291016,-0.9679686529002467,1.547264436783573,True
mc_variance_reduction,BZ=F,2025-11-19,63.5099983215332,3,2025-11-24,63.53695784034642,68.0232887332462,59.34651322688482,8.676775506361388,0.9,63.369998931884766,-0.16695890846165184,0.26346680018270613,True
mc_variance_reduction,BZ=F,2025-11-19,63.5099983215332,4,2025-11-25,63.54594684608796,68.9271653557718,58.584845841880636,10.34231951389117,0.9,62.47999954223633,-1.0659473038516296,1.7060616383824585,True
mc_variance_reduction,BZ=F,2025-11-19,63.5099983215332,5,2025-11-26,63.55493714084143,69.50574304624534,58.11361558167226,11.392127464573079,0.9,63.130001068115234,-0.42493607272619727,0.673112728554693,True
mc_variance_reduction,BZ=F,2025-11-19,63.5099983215332,6,2025-11-27,63.56392875001108,70.1213336921882,57.619740219451856,12.501593472736346,0.9,,,,
mc_variance_reduction,BZ=F,2025-11-19,63.5099983215332,7,2025-11-28,63.5729215444386,70.81459226070636,57.07180180822847,13.742790452477891,0.9,63.20000076293945,-0.37292078149914687,0.5900645205653668,True
mc_variance_reduction,BZ=F,2025-11-20,63.380001068115234,0,2025-11-20,63.380001068115234,63.380001068115234,63.380001068115234,0.0,0.9,63.380001068115234,0.0,0.0,True
mc_variance_reduction,BZ=F,2025-11-20,63.380001068115234,1,2025-11-21,63.3889074723198,65.98475136306648,60.895184231101176,5.089567131965303,0.9,62.560001373291016,-0.8289060990287851,1.324977750692111,True
mc_variance_reduction,BZ=F,2025-11-20,63.380001068115234,2,2025-11-24,63.3978152126776,67.09637407688685,59.903132164236254,7.193241912650592,0.9,63.369998931884766,-0.027816280792833936,0.04389503118460384,True
mc_variance_reduction,BZ=F,2025-11-20,63.380001068115234,3,2025-11-25,63.40672405381586,67.93536853537395,59.179963849166725,8.755404686207228,0.9,62.47999954223633,-0.9267245115795291,1.4832338642273286,True
mc_variance_reduction,BZ=F,2025-11-20,63.380001068115234,4,2025-11-26,63.415634190885164,68.5541678460825,58.66226390091011,9.891903945172395,0.9,63.130001068115234,-0.28563312276993,0.4524522698197663,True
mc_variance_reduction,BZ=F,2025-11-20,63.380001068115234,5,2025-11-27,63.42454560385525,69.27179811626243,58.07086136758575,11.200936748676682,0.9,,,,
mc_variance_reduction,BZ=F,2025-11-20,63.380001068115234,6,2025-11-28,63.433458393694124,69.86517524114116,57.593838608556524,12.271336632584635,0.9,63.20000076293945,-0.23345763075467119,0.3693949809120429,True
mc_variance_reduction,BZ=F,2025-11-20,63.380001068115234,7,2025-12-01,63.44237217677589,70.2350785720757,57.30661472301004,12.92846384906565,0.9,63.16999816894531,-0.2723740078305781,0.4311762161241893,True
mc_variance_reduction,BZ=F,2025-11-21,62.560001373291016,0,2025-11-21,62.560001373291016,62.560001373291016,62.560001373291016,0.0,0.9,62.560001373291016,0.0,0.0,True
mc_variance_reduction,BZ=F,2025-11-21,62.560001373291016,1,2025-11-24,62.56843431423211,65.18958090223094,60.052678953430814,5.13690194880013,0.9,63.369998931884766,0.8015646176526587,1.2648960567511538,True
mc_variance_reduction,BZ=F,2025-11-21,62.560001373291016,2,2025-11-25,62.57686839320051,66.3093010456343,59.054527814098265,7.254773231536035,0.9,62.47999954223633,-0.09686885096418507,0.15503977540637137,True
mc_variance_reduction,BZ=F,2025-11-21,62.560001373291016,3,2025-11-26,62.585303607664244,67.22995864054181,58.261529634103674,8.968429006438136,0.9,63.130001068115234,0.5446974604509904,0.8628187093855415,True
mc_variance_reduction,BZ=F,2025-11-21,62.560001373291016,4,2025-11-27,62.59374001208415,67.9956628369334,57.62097419020807,10.374688646725339,0.9,,,,
mc_variance_reduction,BZ=F,2025-11-21,62.560001373291016,5,2025-11-28,62.602177480756865,68.45949914274105,57.24600196374742,11.213497178993634,0.9,63.20000076293945,0.5978232821825884,0.9459229034268503,True
mc_variance_reduction,BZ=F,2025-11-21,62.560001373291016,6,2025-12-01,62.61061607607785,68.88367773016606,56.90882626127899,11.974851468887067,0.9,63.16999816894531,0.559382092867466,0.8855186149783064,True
mc_variance_reduction,BZ=F,2025-11-21,62.560001373291016,7,2025-12-02,62.61905583773343,69.48828886900712,56.42887808055169,13.05941078845543,0.9,62.45000076293945,-0.16905507479397386,0.27070468010994564,True
mc_variance_reduction,BZ=F,2025-11-24,63.369998931884766,0,2025-11-24,63.369998931884766,63.369998931884766,63.369998931884766,0.0,0.9,63.369998931884766,0.0,0.0,True
mc_variance_reduction,BZ=F,2025-11-24,63.369998931884766,1,2025-11-25,63.37889188673685,65.9767869914443,60.883291133843116,5.093495857601184,0.9,62.47999954223633,-0.8988923445005241,1.4386881419435271,True
mc_variance_reduction,BZ=F,2025-11-24,63.369998931884766,2,2025-11-26,63.387785997700746,67.15967836811393,59.82773471118455,7.331943656929383,0.9,63.130001068115234,-0.2577849295855117,0.408339815022924,True
mc_variance_reduction,BZ=F,2025-11-24,63.369998931884766,3,2025-11-27,63.396681409558695,68.02517827752192,59.08311177190427,8.942066505617646,0.9,,,,
mc_variance_reduction,BZ=F,2025-11-24,63.369998931884766,4,2025-11-28,63.405578037099076,68.56749650657044,58.63226068525509,9.935235821315345,0.9,63.20000076293945,-0.2055772741596229,0.32528049316128116,True
mc_variance_reduction,BZ=F,2025-11-24,63.369998931884766,5,2025-12-01,63.41447594159601,69.34346723233587,57.99242477390938,11.351042458426491,0.9,63.16999816894531,-0.24447777265069703,0.38701563991952675,True
mc_variance_reduction,BZ=F,2025-11-24,63.369998931884766,6,2025-12-02,63.42337508941898,70.05651647584759,57.41827767340142,12.638238802446168,0.9,62.45000076293945,-0.9733743264795294,1.5586458199968063,True
mc_variance_reduction,BZ=F,2025-11-24,63.369998931884766,7,2025-12-03,63.43227555962715,70.53802557979489,57.04233339423163,13.495692185563257,0.9,62.66999816894531,-0.7622773906818381,1.216335428360627,True
mc_variance_reduction,BZ=F,2025-11-25,62.47999954223633,0,2025-11-25,62.47999954223633,62.47999954223633,62.47999954223633,0.0,0.9,62.47999954223633,0.0,0.0,True
mc_variance_reduction,BZ=F,2025-11-25,62.47999954223633,1,2025-11-26,62.488379629333394,64.99605475764243,60.077455564445884,4.918599193196542,0.9,63.130001068115234,0.64162143878184,1.0163494819040968,True
mc_variance_reduction,BZ=F,2025-11-25,62.47999954223633,2,2025-11-27,62.49676083752488,66.06507060579862,59.12118279668371,6.943887809114912,0.9,,,,
mc_variance_reduction,BZ=F,2025-11-25,62.47999954223633,3,2025-11-28,62.50514317023662,67.02704368493781,58.28830746310315,8.738736221834657,0.9,63.20000076293945,0.6948575927028315,1.0994582030294797,True
mc_variance_reduction,BZ=F,2025-11-25,62.47999954223633,4,2025-12-01,62.51352662779243,67.79663660121021,57.64210766558303,10.154528935627177,0.9,63.16999816894531,0.6564715411528823,1.0392141209141383,True
mc_variance_reduction,BZ=F,2025-11-25,62.47999954223633,5,2025-12-02,62.52191124407614,68.41741164692912,57.134423670105214,11.282987976823911,0.9,62.45000076293945,-0.07191048113669041,0.11514888752309706,True
mc_variance_reduction,BZ=F,2025-11-25,62.47999954223633,6,2025-12-03,62.530296985596664,68.97310302433797,56.68931601243626,12.283787011901715,0.9,62.66999816894531,0.13970118334864878,0.2229155695394204,True
mc_variance_reduction,BZ=F,2025-11-25,62.47999954223633,7,2025-12-04,62.53868382257299,69.34764379350366,56.39826752406492,12.949376269438744,0.9,63.2599983215332,0.7213144989602114,1.1402379356603327,True
mc_variance_reduction,BZ=F,2025-11-26,63.130001068115234,0,2025-11-26,63.130001068115234,63.130001068115234,63.130001068115234,0.0,0.9,63.130001068115234,0.0,0.0,True
mc_variance_reduction,BZ=F,2025-11-26,63.130001068115234,1,2025-11-27,63.13874852660497,65.71188071812259,60.66637450402526,5.045506214097323,0.9,,,,
mc_variance_reduction,BZ=F,2025-11-26,63.130001068115234,2,2025-11-28,63.14749718826577,66.91898376418852,59.588567803052946,7.330415961135579,0.9,63.20000076293945,0.05250357467368616,0.08307527537954447,True
mc_variance_reduction,BZ=F,2025-11-26,63.130001068115234,3,2025-12-01,63.156247066992606,67.90972575667716,58.73549773707616,9.174228019601003,0.9,63.16999816894531,0.01375110195270679,0.021768406444986885,True
mc_variance_reduction,BZ=F,2025-11-26,63.130001068115234,4,2025-12-02,63.16499818720138,68.61313486897711,58.14946378381156,10.46367108516555,0.9,62.45000076293945,-0.7149974242619237,1.1449117942785267,True
mc_variance_reduction,BZ=F,2025-11-26,63.130001068115234,5,2025-12-03,63.17375046061613,69.24022630463345,57.638788632844,11.601437671789455,0.9,62.66999816894531,-0.5037522916708141,0.8038173071471975,True
mc_variance_reduction,BZ=F,2025-11-26,63.130001068115234,6,2025-12-04,63.182504015530995,69.92408759366442,57.09089594480531,12.833191648859113,0.9,63.2599983215332,0.07749430600220819,0.12250127736065675,True
mc_variance_reduction,BZ=F,2025-11-26,63.130001068115234,7,2025-12-05,63.191259460148586,70.34533415423235,56.76474865538345,13.580585498848897,0.9,63.75,0.5587405398514136,0.8764557487865312,True
mc_variance_reduction,BZ=F,2025-11-28,63.20000076293945,0,2025-11-28,63.20000076293945,63.20000076293945,63.20000076293945,0.0,0.9,63.20000076293945,0.0,0.0,True
mc_variance_reduction,BZ=F,2025-11-28,63.20000076293945,1,2025-12-01,63.208784529537404,65.8120173861082,60.70852408210283,5.103493304005369,0.9,63.16999816894531,-0.038786360592091285,0.06139997105644821,True
mc_variance_reduction,BZ=F,2025-11-28,63.20000076293945,2,2025-12-02,63.217569524434865,66.89151013993849,59.745415939524925,7.146094200413565,0.9,62.45000076293945,-0.7675687614954114,1.2290932780114874,True
mc_variance_reduction,BZ=F,2025-11-28,63.20000076293945,3,2025-12-03,63.226355725798314,67.78388470173462,58.97525761251897,8.808627089215648,0.9,62.66999816894531,-0.5563575568530013,0.8877574167996252,True
mc_variance_reduction,BZ=F,2025-11-28,63.20000076293945,4,2025-12-04,63.23514316286061,68.4749368359891,58.3963054891143,10.0786313468748,0.9,63.2599983215332,0.024855158672593802,0.03929048266214276,True
mc_variance_reduction,BZ=F,2025-11-28,63.20000076293945,5,2025-12-05,63.24393180562089,69.094252449915,57.888967203512266,11.205285246402738,0.9,63.75,0.506068194379111,0.7938324617711545,True
mc_variance_reduction,BZ=F,2025-11-28,63.20000076293945,6,2025-12-08,63.252722112674576,69.7530098802644,57.35819581998977,12.394814060274634,0.9,62.4900016784668,-0.7627204342077789,1.2205479496259992,True
mc_variance_reduction,BZ=F,2025-11-28,63.20000076293945,7,2025-12-09,63.26151278859865,70.39412792797489,56.85160287281973,13.54252505515516,0.9,61.939998626708984,-1.3215141618896666,2.1335392172899077,True
mc_variance_reduction,BZ=F,2025-12-01,63.16999816894531,0,2025-12-01,63.16999816894531,63.16999816894531,63.16999816894531,0.0,0.9,63.16999816894531,0.0,0.0,True
mc_variance_reduction,BZ=F,2025-12-01,63.16999816894531,1,2025-12-02,63.178760972497464,65.71380685516313,60.741509649185375,4.972297205977753,0.9,62.45000076293945,-0.7287602095580112,1.1669498809525862,True
mc_variance_reduction,BZ=F,2025-12-01,63.16999816894531,2,2025-12-03,63.18752491712743,66.8191156695933,59.753309611792766,7.065806057800536,0.9,62.66999816894531,-0.5175267481821209,0.8257966543847284,True
mc_variance_reduction,BZ=F,2025-12-01,63.16999816894531,3,2025-12-04,63.19629011740234,67.6294891007383,59.05369296875487,8.575796131983424,0.9,63.2599983215332,0.06370820413086165,0.10070851378631143,True
mc_variance_reduction,BZ=F,2025-12-01,63.16999816894531,4,2025-12-05,63.205057658257644,68.37894233455003,58.42265226434522,9.956290070204815,0.9,63.75,0.544942341742356,0.8548115164585977,True
mc_variance_reduction,BZ=F,2025-12-01,63.16999816894531,5,2025-12-08,63.213824156140916,69.04645947150779,57.87389528923879,11.172564182269,0.9,62.4900016784668,-0.7238224776741191,1.158301261373687,True
mc_variance_reduction,BZ=F,2025-12-01,63.16999816894531,6,2025-12-09,63.222593000397275,69.53493658443051,57.48328108799982,12.05165549643069,0.9,61.939998626708984,-1.2825943736882905,2.0707045562239106,True
mc_variance_reduction,BZ=F,2025-12-01,63.16999816894531,7,2025-12-10,63.23136306150771,70.15102450885782,56.99425349989484,13.156771008962977,0.9,62.209999084472656,-1.021363977035051,1.64180034088761,True
mc_variance_reduction,BZ=F,2025-12-02,62.45000076293945,0,2025-12-02,62.45000076293945,62.45000076293945,62.45000076293945,0.0,0.9,62.45000076293945,0.0,0.0,True
mc_variance_reduction,BZ=F,2025-12-02,62.45000076293945,1,2025-12-03,62.458349291204506,64.94699225650845,60.06506726669003,4.8819249898184225,0.9,62.66999816894531,0.21164887774080654,0.33771961692139363,True
mc_variance_reduction,BZ=F,2025-12-02,62.45000076293945,2,2025-12-04,62.466698906123895,66.1147818214517,59.01990998567322,7.094871835778477,0.9,63.2599983215332,0.793299415409308,1.2540300924087682,True
mc_variance_reduction,BZ=F,2025-12-02,62.45000076293945,3,2025-12-05,62.475049875116035,66.88940250892168,58.352021130699065,8.537381378222612,0.9,63.75,1.274950124883965,1.9999217645238667,True
mc_variance_reduction,BZ=F,2025-12-02,62.45000076293945,4,2025-12-08,62.48340161847146,67.69758238298947,57.67082556094697,10.026756822042493,0.9,62.4900016784668,0.006600059995335528,0.010561785594590275,True
mc_variance_reduction,BZ=F,2025-12-02,62.45000076293945,5,2025-12-09,62.49175462002194,68.34956361788349,57.13598115591462,11.213582461968869,0.9,61.939998626708984,-0.551755993312959,0.8907910971038312,True
mc_variance_reduction,BZ=F,2025-12-02,62.45000076293945,6,2025-12-10,62.50010880251487,69.04517915240855,56.575471634231775,12.469707518176776,0.9,62.209999084472656,-0.29010971804221697,0.46633937037724066,True
mc_variance_reduction,BZ=F,2025-12-02,62.45000076293945,7,2025-12-11,62.50846379003129,69.62968534473774,56.11554940994369,13.514135934794048,0.9,61.279998779296875,-1.2284650107344177,2.004675318546919,True
mc_variance_reduction,BZ=F,2025-12-03,62.66999816894531,0,2025-12-03,62.66999816894531,62.66999816894531,62.66999816894531,0.0,0.9,62.66999816894531,0.0,0.0,True
mc_variance_reduction,BZ=F,2025-12-03,62.66999816894531,1,2025-12-04,62.67846804247273,65.28441814389383,60.17653949366663,5.1078786502272,0.9,63.2599983215332,0.5815302790604733,0.9192701462063191,True
mc_variance_reduction,BZ=F,2025-12-03,62.66999816894531,2,2025-12-05,62.68693905645864,66.37452726792311,59.204223228030585,7.170304039892528,0.9,63.75,1.063060943541359,1.6675465781040923,True
mc_variance_reduction,BZ=F,2025-12-03,62.66999816894531,3,2025-12-08,62.69541122478951,67.20601610810976,58.487540481565105,8.71847562654466,0.9,62.4900016784668,-0.2054095463227128,0.32870785854610424,True
mc_variance_reduction,BZ=F,2025-12-03,62.66999816894531,4,2025-12-09,62.703884533146045,67.99760834184478,57.82228570297734,10.175322638867442,0.9,61.939998626708984,-0.7638859064370607,1.2332675546874607,True
mc_variance_reduction,BZ=F,2025-12-03,62.66999816894531,5,2025-12-10,62.712358989244784,68.68863200666905,57.25605338659195,11.432578620077102,0.9,62.209999084472656,-0.5023599047721277,0.807522765094389,True
mc_variance_reduction,BZ=F,2025-12-03,62.66999816894531,6,2025-12-11,62.72083457125403,69.1244645053153,56.91043131451137,12.214033190803931,0.9,61.279998779296875,-1.4408357919571557,2.351233388803419,True
mc_variance_reduction,BZ=F,2025-12-03,62.66999816894531,7,2025-12-12,62.72931289704399,69.74771098887551,56.41714178599812,13.330569202877392,0.9,61.119998931884766,-1.6093139651592239,2.633039910476316,True
mc_variance_reduction,BZ=F,2025-12-04,63.2599983215332,0,2025-12-04,63.2599983215332,63.2599983215332,63.2599983215332,0.0,0.9,63.2599983215332,0.0,0.0,True
mc_variance_reduction,BZ=F,2025-12-04,63.2599983215332,1,2025-12-05,63.26880120449364,65.84053915601137,60.797515591307686,5.043023564703688,0.9,63.75,0.4811987955063586,0.7548216400099742,True
mc_variance_reduction,BZ=F,2025-12-04,63.2599983215332,2,2025-12-08,63.277605351981094,66.90237441616857,59.84922611984312,7.053148296325453,0.9,62.4900016784668,-0.7876036735142975,1.2603675025755279,True
mc_variance_reduction,BZ=F,2025-12-04,63.2599983215332,3,2025-12-09,63.28641064607487,67.6938536286727,59.16592951361765,8.52792411505505,0.9,61.939998626708984,-1.3464120193658857,2.173735952886029,True
mc_variance_reduction,BZ=F,2025-12-04,63.2599983215332,4,2025-12-10,63.29521720435694,68.44660920282082,58.53152650831385,9.915082694506971,0.9,62.209999084472656,-1.0852181198842814,1.7444432339738567,True
mc_variance_reduction,BZ=F,2025-12-04,63.2599983215332,5,2025-12-11,63.30402499479489,69.07006131932029,58.01934301636918,11.050718302951111,0.9,61.279998779296875,-2.0240262154980115,3.3029149083172276,True
mc_variance_reduction,BZ=F,2025-12-04,63.2599983215332,6,2025-12-12,63.31283453169632,69.69598176279655,57.514290934414355,12.181690828382195,0.9,61.119998931884766,-2.192835599811552,3.5877546435420586,True
mc_variance_reduction,BZ=F,2025-12-04,63.2599983215332,7,2025-12-15,63.32164424180098,70.31674269595884,57.022417541742655,13.294325154216182,0.9,60.560001373291016,-2.7616428685099663,4.56017636374748,True
mc_variance_reduction,BZ=F,2025-12-05,63.75,0,2025-12-05,63.75,63.75,63.75,0.0,0.9,63.75,0.0,0.0,True
mc_variance_reduction,BZ=F,2025-12-05,63.75,1,2025-12-08,63.75908039045313,66.3876329407939,61.23460275905466,5.153030181739247,0.9,62.4900016784668,-1.2690787119863316,2.030850820770003,True
mc_variance_reduction,BZ=F,2025-12-05,63.75,2,2025-12-09,63.7681620605338,67.51754256709592,60.22699195061176,7.290550616484154,0.9,61.939998626708984,-1.8281634338248125,2.951507062249909,True
mc_variance_reduction,BZ=F,2025-12-05,63.75,3,2025-12-10,63.77724502274537,68.30428458983927,59.550246524404386,8.754038065434884,0.9,62.209999084472656,-1.5672459382727126,2.5192830113123894,True
mc_variance_reduction,BZ=F,2025-12-05,63.75,4,2025-12-11,63.78632931693717,69.0225861626955,58.94731028716571,10.07527587552979,0.9,61.279998779296875,-2.506330537640295,4.0899650580395335,True
mc_variance_reduction,BZ=F,2025-12-05,63.75,5,2025-12-12,63.79541483948626,69.71506138816054,58.37841742192382,11.336643966236714,0.9,61.119998931884766,-2.675415907601497,4.377316679247846,True
mc_variance_reduction,BZ=F,2025-12-05,63.75,6,2025-12-15,63.80450178391352,70.23131427353384,57.96580171395985,12.265512559573992,0.9,60.560001373291016,-3.244500410622507,5.3574972540430625,True
mc_variance_reduction,BZ=F,2025-12-05,63.75,7,2025-12-16,63.81358983068125,70.94000083366586,57.4030758332093,13.536925000456563,0.9,58.91999816894531,-4.89359166173594,8.305485087939433,True
mc_variance_reduction,BZ=F,2025-12-08,62.4900016784668,0,2025-12-08,62.4900016784668,62.4900016784668,62.4900016784668,0.0,0.9,62.4900016784668,0.0,0.0,True
mc_variance_reduction,BZ=F,2025-12-08,62.4900016784668,1,2025-12-09,62.49835839893579,64.94266136291343,60.146053770078844,4.796607592834583,0.9,61.939998626708984,-0.5583597722268081,0.9014526713050962,True
mc_variance_reduction,BZ=F,2025-12-08,62.4900016784668,2,2025-12-10,62.5067162341484,66.0719872441029,59.13382873640269,6.938158507700209,0.9,62.209999084472656,-0.29671714967574303,0.47696054338924165,True
mc_variance_reduction,BZ=F,2025-12-08,62.4900016784668,3,2025-12-11,62.51507522848718,67.01628131198933,58.31619643841974,8.700084873569594,0.9,61.279998779296875,-1.2350764491903021,2.01546421963632,True
mc_variance_reduction,BZ=F,2025-12-08,62.4900016784668,4,2025-12-12,62.52343526002437,67.75537376229616,57.69549690139066,10.059876860905497,0.9,61.119998931884766,-1.4034363281396054,2.2961982209843725,True
mc_variance_reduction,BZ=F,2025-12-08,62.4900016784668,5,2025-12-15,62.53179645093829,68.4754078736298,57.10408581596508,11.371322057664727,0.9,60.560001373291016,-1.971795077647272,3.25593631594087,True
mc_variance_reduction,BZ=F,2025-12-08,62.4900016784668,6,2025-12-16,62.540158760624365,68.91782470695705,56.752682979072496,12.165141727884553,0.9,58.91999816894531,-3.6201605916790527,6.144196714498735,True
mc_variance_reduction,BZ=F,2025-12-08,62.4900016784668,7,2025-12-17,62.54852236830437,69.60966919940982,56.20365204993448,13.406017149475339,0.9,59.68000030517578,-2.8685220631285873,4.80650477288924,True
mc_variance_reduction,BZ=F,2025-12-09,61.939998626708984,0,2025-12-09,61.939998626708984,61.939998626708984,61.939998626708984,0.0,0.9,61.939998626708984,0.0,0.0,True
mc_variance_reduction,BZ=F,2025-12-09,61.939998626708984,1,2025-12-10,61.9480411507531,64.46241647274287,59.53173976072844,4.9306767120144315,0.9,62.209999084472656,0.26195793371955745,0.4210865416729141,True
mc_variance_reduction,BZ=F,2025-12-09,61.939998626708984,2,2025-12-11,61.956084790504775,65.4915480105062,58.611478053751384,6.880069956754809,0.9,61.279998779296875,-0.6760860112079001,1.1032735389614796,True
mc_variance_reduction,BZ=F,2025-12-09,61.939998626708984,3,2025-12-12,61.96412927502621,66.34339882326984,57.87393148119576,8.469467342074076,0.9,61.119998931884766,-0.844130343141444,1.3811033342493768,True
mc_variance_reduction,BZ=F,2025-12-09,61.939998626708984,4,2025-12-15,61.9721749293254,67.13888336733145,57.203073879664316,9.935809487667129,0.9,60.560001373291016,-1.4121735560343822,2.33185852709904,True
mc_variance_reduction,BZ=F,2025-12-09,61.939998626708984,5,2025-12-16,61.98022159190553,67.5597807670478,56.86146157545906,10.698319191588737,0.9,58.91999816894531,-3.0602234229602203,5.193862046949549,True
mc_variance_reduction,BZ=F,2025-12-09,61.939998626708984,6,2025-12-17,61.98826936477729,68.16937555099253,56.36762112145692,11.801754429535606,0.9,59.68000030517578,-2.308269059601507,3.8677430425571244,True
mc_variance_reduction,BZ=F,2025-12-09,61.939998626708984,7,2025-12-18,61.996318111742355,68.96147381198004,55.73464795255555,13.226825859424494,0.9,59.81999969482422,-2.1763184169181358,3.63811171518016,True
mc_variance_reduction,BZ=F,2025-12-10,62.209999084472656,0,2025-12-10,62.209999084472656,62.209999084472656,62.209999084472656,0.0,0.9,62.209999084472656,0.0,0.0,True
mc_variance_reduction,BZ=F,2025-12-10,62.209999084472656,1,2025-12-11,62.21819034930192,64.83406762501876,59.70785643848402,5.126211186534739,0.9,61.279998779296875,-0.9381915700050456,1.530991495910422,True
mc_variance_reduction,BZ=F,2025-12-10,62.209999084472656,2,2025-12-12,62.22638250727805,65.94472304095078,58.71770328259457,7.227019758356207,0.9,61.119998931884766,-1.1063835753932878,1.8101825829975846,True
mc_variance_reduction,BZ=F,2025-12-10,62.209999084472656,3,2025-12-15,62.234575868794096,66.6614968333514,58.1016421556111,8.559854677740304,0.9,60.560001373291016,-1.6745744955030801,2.7651493684437454,True
mc_variance_reduction,BZ=F,2025-12-10,62.209999084472656,4,2025-12-16,62.242770234611754,67.4156190945109,57.46683777751758,9.948781316993319,0.9,58.91999816894531,-3.3227720656664417,5.639463966273101,True
mc_variance_reduction,BZ=F,2025-12-10,62.209999084472656,5,2025-12-17,62.25096571533221,68.0029863161696,56.98547935872059,11.017506957449008,0.9,59.68000030517578,-2.5709654101564254,4.307917890431809,True
mc_variance_reduction,BZ=F,2025-12-10,62.209999084472656,6,2025-12-18,62.25916227785943,68.62697053893574,56.482214758440605,12.144755780495132,0.9,59.81999969482422,-2.4391625830352126,4.0775035029735305,True
mc_variance_reduction,BZ=F,2025-12-10,62.209999084472656,7,2025-12-19,62.26736030012996,68.98382445144343,56.20482991312988,12.778994538313547,0.9,60.470001220703125,-1.7973590794268333,2.9723152689659136,True
mc_variance_reduction,BZ=F,2025-12-11,61.279998779296875,0,2025-12-11,61.279998779296875,61.279998779296875,61.279998779296875,0.0,0.9,61.279998779296875,0.0,0.0,True
mc_variance_reduction,BZ=F,2025-12-11,61.279998779296875,1,2025-12-12,61.28766473664477,63.787145609463344,58.886125282685626,4.901020326777719,0.9,61.119998931884766,-0.1676658047600057,0.27432232933587086,True
mc_variance_reduction,BZ=F,2025-12-11,61.279998779296875,2,2025-12-15,61.29533165142544,64.6729596836577,58.09410454333497,6.578855140322723,0.9,60.560001373291016,-0.7353302781344269,1.2142177368885134,True
mc_variance_reduction,BZ=F,2025-12-11,61.279998779296875,3,2025-12-16,61.30299952374888,65.65768790775022,57.237131973766466,8.42055593398375,0.9,58.91999816894531,-2.383001354803568,4.04446949908353,True
mc_variance_reduction,BZ=F,2025-12-11,61.279998779296875,4,2025-12-17,61.31066833820833,66.37749624138115,56.6306092386925,9.746887002688652,0.9,59.68000030517578,-1.6306680330325491,2.7323525882943547,True
mc_variance_reduction,BZ=F,2025-12-11,61.279998779296875,5,2025-12-18,61.318338288794074,67.09989704138749,56.03493841307116,11.064958628316333,0.9,59.81999969482422,-1.498338593969855,2.5047452384047655,True
mc_variance_reduction,BZ=F,2025-12-11,61.279998779296875,6,2025-12-19,61.32600888174224,67.72003383599882,55.535698227416695,12.184335608582124,0.9,60.470001220703125,-0.856007661039115,1.4155906131287517,True
mc_variance_reduction,BZ=F,2025-12-11,61.279998779296875,7,2025-12-22,61.33368065359458,68.30019788026073,55.07773765379297,13.222460226467753,0.9,62.06999969482422,0.7363190412296419,1.1862720232799369,True
mc_variance_reduction,BZ=F,2025-12-12,61.119998931884766,0,2025-12-12,61.119998931884766,61.119998931884766,61.119998931884766,0.0,0.9,61.119998931884766,0.0,0.0,True
mc_variance_reduction,BZ=F,2025-12-12,61.119998931884766,1,2025-12-15,61.12757247727866,63.6667792833108,58.68963622089899,4.9771430624118125,0.9,60.560001373291016,-0.5675711039876461,0.9372045758208386,True
mc_variance_reduction,BZ=F,2025-12-12,61.119998931884766,2,2025-12-16,61.13514694468378,64.67183652969864,57.79186748777317,6.87996904192547,0.9,58.91999816894531,-2.21514877573847,3.7595873125909196,True
mc_variance_reduction,BZ=F,2025-12-12,61.119998931884766,3,2025-12-17,61.14272237910751,65.52197148693395,57.05616621745705,8.465805269476903,0.9,59.68000030517578,-1.4627220739317295,2.4509418003553094,True
mc_variance_reduction,BZ=F,2025-12-12,61.119998931884766,4,2025-12-18,61.15029869777561,66.20596334169676,56.48069815572643,9.72526518597033,0.9,59.81999969482422,-1.3302990029513921,2.2238365258074264,True
mc_variance_reduction,BZ=F,2025-12-12,61.119998931884766,5,2025-12-19,61.15787660725063,66.87091550325904,55.93292350564143,10.937991997617608,0.9,60.470001220703125,-0.6878753865475034,1.1375481605116875,True
mc_variance_reduction,BZ=F,2025-12-12,61.119998931884766,6,2025-12-22,61.16545421112425,67.27605085791694,55.609875153108625,11.666175704808317,0.9,62.06999969482422,0.9045454836999696,1.4572989981428923,True
mc_variance_reduction,BZ=F,2025-12-12,61.119998931884766,7,2025-12-23,61.173033377150844,67.9079092134076,55.106099900271296,12.80180931313631,0.9,62.380001068115234,1.2069676909643903,1.934863209839406,True
mc_variance_reduction,BZ=F,2025-12-15,60.560001373291016,0,2025-12-15,60.560001373291016,60.560001373291016,60.560001373291016,0.0,0.9,60.560001373291016,0.0,0.0,True
mc_variance_reduction,BZ=F,2025-12-15,60.560001373291016,1,2025-12-16,60.567261352195814,63.02864460723965,58.20199959065877,4.826645016580876,0.9,58.91999816894531,-1.6472631832505016,2.7957624481372045,True
mc_variance_reduction,BZ=F,2025-12-15,60.560001373291016,2,2025-12-17,60.57452220769038,64.1202844460755,57.224835758268775,6.895448687806727,0.9,59.68000030517578,-0.8945219025145974,1.4988637700074199,True
mc_variance_reduction,BZ=F,2025-12-15,60.560001373291016,3,2025-12-18,60.581783938481806,64.93873807644047,56.51715218800173,8.421585888438742,0.9,59.81999969482422,-0.761784243657587,1.273460794958009,True
mc_variance_reduction,BZ=F,2025-12-15,60.560001373291016,4,2025-12-19,60.58904665072334,65.67492520250862,55.89701925347902,9.777905949029595,0.9,60.470001220703125,-0.11904543002021484,0.19686692180759746,True
mc_variance_reduction,BZ=F,2025-12-15,60.560001373291016,5,2025-12-22,60.596309971340375,66.23958120658882,55.433816428661956,10.805764777926868,0.9,62.06999969482422,1.4736897234838437,2.374238328869734,True
mc_variance_reduction,BZ=F,2025-12-15,60.560001373291016,6,2025-12-23,60.60357430700509,66.87020305749884,54.92421218753059,11.945990869968249,0.9,62.380001068115234,1.7764267611101445,2.8477504499725685,True
mc_variance_reduction,BZ=F,2025-12-15,60.560001373291016,7,2025-12-24,60.610839525028354,67.3813103680509,54.5206652258269,12.860645142224001,0.9,62.2400016784668,1.6291621534384433,2.6175483764520613,True
mc_variance_reduction,BZ=F,2025-12-16,58.91999816894531,0,2025-12-16,58.91999816894531,58.91999816894531,58.91999816894531,0.0,0.9,58.91999816894531,0.0,0.0,True
mc_variance_reduction,BZ=F,2025-12-16,58.91999816894531,1,2025-12-17,58.92635966716982,61.35715126240923,56.59186895315746,4.7652823092517735,0.9,59.68000030517578,0.7536406380059617,1.2628026711665445,True
mc_variance_reduction,BZ=F,2025-12-16,58.91999816894531,2,2025-12-18,58.93272185144532,62.349798208661674,55.70291812656044,6.646880082101234,0.9,59.81999969482422,0.8872778433788966,1.4832461516305662,True
mc_variance_reduction,BZ=F,2025-12-16,58.91999816894531,3,2025-12-19,58.93908474283807,63.30811184793362,54.87157350193947,8.436538345994144,0.9,60.470001220703125,1.5309164778650555,2.531695794543684,True
mc_variance_reduction,BZ=F,2025-12-16,58.91999816894531,4,2025-12-22,58.9454482811973,63.83011772342855,54.434583503968405,9.395534219460146,0.9,62.06999969482422,3.124551413626918,5.03391562588885,True
mc_variance_reduction,BZ=F,2025-12-16,58.91999816894531,5,2025-12-23,58.95181253019494,64.49795628245091,53.882578680660316,10.615377601790598,0.9,62.380001068115234,3.428188537920292,5.495653220936811,True
mc_variance_reduction,BZ=F,2025-12-16,58.91999816894531,6,2025-12-24,58.95817751254481,65.0214366827931,53.460318166684594,11.5611185161085,0.9,62.2400016784668,3.2818241659219893,5.272853594824698,True
mc_variance_reduction,BZ=F,2025-12-16,58.91999816894531,7,2025-12-25,58.96454322356629,65.4873770282249,53.09141243237484,12.39596459585006,0.9,,,,
mc_variance_reduction,BZ=F,2025-12-17,59.68000030517578,0,2025-12-17,59.68000030517578,59.68000030517578,59.68000030517578,0.0,0.9,59.68000030517578,0.0,0.0,True
mc_variance_reduction,BZ=F,2025-12-17,59.68000030517578,1,2025-12-18,59.686771389034114,62.16504944047295,57.30729259070022,4.857756849772727,0.9,59.81999969482422,0.13322830579010514,0.22271532341989028,True
mc_variance_reduction,BZ=F,2025-12-17,59.68000030517578,2,2025-12-19,59.69354348556682,63.12438543356344,56.44916899820867,6.67521643535477,0.9,60.470001220703125,0.7764577351363044,1.2840379022027677,True
mc_variance_reduction,BZ=F,2025-12-17,59.68000030517578,3,2025-12-22,59.70031584670676,63.78543852646993,55.876823975838,7.908614550631931,0.9,62.06999969482422,2.369683848117461,3.817760366953989,True
mc_variance_reduction,BZ=F,2025-12-17,59.68000030517578,4,2025-12-23,59.70708919844964,64.65665662208882,55.13641883184296,9.520237790245858,0.9,62.380001068115234,2.6729118696655974,4.284885899163319,True
mc_variance_reduction,BZ=F,2025-12-17,59.68000030517578,5,2025-12-24,59.71386333349609,65.32953554528608,54.58090960171698,10.748625943569095,0.9,62.2400016784668,2.526138344970704,4.058705457658548,True
mc_variance_reduction,BZ=F,2025-12-17,59.68000030517578,6,2025-12-25,59.720638386483344,65.91848004984908,54.1055350727745,11.81294497707458,0.9,,,,
mc_variance_reduction,BZ=F,2025-12-17,59.68000030517578,7,2025-12-26,59.72741393365176,66.41303600491959,53.71481550711668,12.698220497802907,0.9,60.63999938964844,0.9125854559966768,1.5049232605244056,True
mc_variance_reduction,BZ=F,2025-12-18,59.81999969482422,0,2025-12-18,59.81999969482422,59.81999969482422,59.81999969482422,0.0,0.9,59.81999969482422,0.0,0.0,True
mc_variance_reduction,BZ=F,2025-12-18,59.81999969482422,1,2025-12-19,59.82684422426581,62.27472446290702,57.475184675134265,4.799539787772751,0.9,60.470001220703125,0.6431569964373125,1.0635967975094314,True
mc_variance_reduction,BZ=F,2025-12-18,59.81999969482422,2,2025-12-22,59.83368952520075,63.296014600623614,56.560755546156955,6.73525905446666,0.9,62.06999969482422,2.236310169623472,3.6028841318166616,True
mc_variance_reduction,BZ=F,2025-12-18,59.81999969482422,3,2025-12-23,59.84053564851415,64.1764036786379,55.79760626607099,8.378797412566904,0.9,62.380001068115234,2.539465419601086,4.070960846615154,True
mc_variance_reduction,BZ=F,2025-12-18,59.81999969482422,4,2025-12-24,59.84738272011691,64.84259908038345,55.236977594238766,9.605621486144685,0.9,62.2400016784668,2.3926189583498854,3.8441820273563083,True
mc_variance_reduction,BZ=F,2025-12-18,59.81999969482422,5,2025-12-25,59.85423016138829,65.48181643064778,54.71028578485466,10.77153064579312,0.9,,,,
mc_variance_reduction,BZ=F,2025-12-18,59.81999969482422,6,2025-12-26,59.861078628880534,66.0910941555969,54.21832964635133,11.872764509245577,0.9,60.63999938964844,0.7789207607679032,1.2844999482319734,True
mc_variance_reduction,BZ=F,2025-12-18,59.81999969482422,7,2025-12-29,59.867927816527754,66.44317187557859,53.94337284317827,12.499799032400318,0.9,61.939998626708984,2.0720708101812306,3.3452871425924418,True
mc_variance_reduction,BZ=F,2025-12-19,60.470001220703125,0,2025-12-19,60.470001220703125,60.470001220703125,60.470001220703125,0.0,0.9,60.470001220703125,0.0,0.0,True
mc_variance_reduction,BZ=F,2025-12-19,60.470001220703125,1,2025-12-22,60.47719916116803,62.920005081608714,58.12923260055463,4.790772481054084,0.9,62.06999969482422,1.5928005336561881,2.566135881242812,True
mc_variance_reduction,BZ=F,2025-12-19,60.470001220703125,2,2025-12-23,60.48439784587528,64.03694876957849,57.1289303047065,6.9080184648719865,0.9,62.380001068115234,1.8956032222399557,3.038799598881171,True
mc_variance_reduction,BZ=F,2025-12-19,60.470001220703125,3,2025-12-24,60.4915975090158,64.88381489319958,56.39670498211964,8.487109911079948,0.9,62.2400016784668,1.7484041694509997,2.809132587243962,True
mc_variance_reduction,BZ=F,2025-12-19,60.470001220703125,4,2025-12-25,60.498797881017865,65.49269338426461,55.885692803252944,9.607000581011668,0.9,,,,
mc_variance_reduction,BZ=F,2025-12-19,60.470001220703125,5,2025-12-26,60.505999175969905,66.23382740903547,55.2735071923091,10.960320216726373,0.9,60.63999938964844,0.134000213678533,0.22097660789456985,True
mc_variance_reduction,BZ=F,2025-12-19,60.470001220703125,6,2025-12-29,60.51320137928428,66.64962372766945,54.94175856835848,11.70786515931097,0.9,61.939998626708984,1.4267972474247017,2.3035151421676914,True
mc_variance_reduction,BZ=F,2025-12-19,60.470001220703125,7,2025-12-30,60.52040437949959,67.20003637433868,54.504722860366,12.695313513972678,0.9,61.91999816894531,1.3995937894457242,2.2603259541885152,True
mc_variance_reduction,BZ=F,2025-12-22,62.06999969482422,0,2025-12-22,62.06999969482422,62.06999969482422,62.06999969482422,0.0,0.9,62.06999969482422,0.0,0.0,True
mc_variance_reduction,BZ=F,2025-12-22,62.06999969482422,1,2025-12-23,62.078083923662305,64.56386133318328,59.68801159463054,4.875849738552745,0.9,62.380001068115234,0.30191714445292916,0.48399669651055904,True
mc_variance_reduction,BZ=F,2025-12-22,62.06999969482422,2,2025-12-24,62.08616933027554,65.6616786167917,58.705358892617234,6.95631972417447,0.9,62.2400016784668,0.15383234819125846,0.2471599358013512,True
mc_variance_reduction,BZ=F,2025-12-22,62.06999969482422,3,2025-12-25,62.09425555138145,66.43294589359328,58.038922170676095,8.39402372291719,0.9,,,,
mc_variance_reduction,BZ=F,2025-12-22,62.06999969482422,4,2025-12-26,62.10234301735794,67.17355648195505,57.41397666785075,9.759579814104299,0.9,60.63999938964844,-1.462343627709501,2.4115165607325695,True
mc_variance_reduction,BZ=F,2025-12-22,62.06999969482422,5,2025-12-29,62.110431369919326,67.87082925365274,56.83893576465863,11.031893488994115,0.9,61.939998626708984,-0.1704327432103412,0.27515780915250027,True
mc_variance_reduction,BZ=F,2025-12-22,62.06999969482422,6,2025-12-30,62.11852088665123,68.45745482486397,56.36655128651033,12.090903538353643,0.9,61.91999816894531,-0.19852271770592012,0.3206116336829691,True
mc_variance_reduction,BZ=F,2025-12-22,62.06999969482422,7,2025-12-31,62.12661145494431,68.91439171643766,56.007399197797135,12.906992518640529,0.9,60.849998474121094,-1.2766129808232165,2.09796715338645,True
mc_variance_reduction,BZ=F,2025-12-23,62.380001068115234,0,2025-12-23,62.380001068115234,62.380001068115234,62.380001068115234,0.0,0.9,62.380001068115234,0.0,0.0,True
mc_variance_reduction,BZ=F,2025-12-23,62.380001068115234,1,2025-12-24,62.388256152789296,64.94048304733293,59.93633434890687,5.004148698426064,0.9,62.2400016784668,-0.14825447432249916,0.23819805643384298,True
mc_variance_reduction,BZ=F,2025-12-23,62.380001068115234,2,2025-12-25,62.396512314156,65.93950569372456,59.043887384354754,6.895618309369802,0.9,,,,
mc_variance_reduction,BZ=F,2025-12-23,62.380001068115234,3,2025-12-26,62.40476958673432,66.81327508072985,58.28714820788334,8.526126872846511,0.9,60.63999938964844,-1.7647701970858805,2.9102411194732563,True
mc_variance_reduction,BZ=F,2025-12-23,62.380001068115234,4,2025-12-29,62.41302792468666,67.58580310292228,57.63615841980068,9.949644683121605,0.9,61.939998626708984,-0.4730292979776749,0.7636895519298594,True
mc_variance_reduction,BZ=F,2025-12-23,62.380001068115234,5,2025-12-30,62.421287661020585,68.16460230566082,57.16188444995356,11.00271785570726,0.9,61.91999816894531,-0.5012894920752728,0.8095760770333552,True
mc_variance_reduction,BZ=F,2025-12-23,62.380001068115234,6,2025-12-31,62.42954792376181,68.95577065313938,56.52099055672184,12.43478009641754,0.9,60.849998474121094,-1.5795494496407159,2.5958085279369114,True
mc_variance_reduction,BZ=F,2025-12-23,62.380001068115234,7,2026-01-01,62.437809561907315,69.47952056932179,56.10977203548672,13.369748533835072,0.9,,,,
mc_variance_reduction,BZ=F,2025-12-24,62.2400016784668,0,2025-12-24,62.2400016784668,62.2400016784668,62.2400016784668,0.0,0.9,62.2400016784668,0.0,0.0,True
mc_variance_reduction,BZ=F,2025-12-24,62.2400016784668,1,2025-12-25,62.24817456337459,64.79849700502336,59.79822677974976,5.000270225273603,0.9,,,,
mc_variance_reduction,BZ=F,2025-12-24,62.2400016784668,2,2025-12-26,62.256348236603586,65.98100055811655,58.74195403441215,7.2390465237043955,0.9,60.63999938964844,-1.6163488469551481,2.6654829538653777,True
mc_variance_reduction,BZ=F,2025-12-24,62.2400016784668,3,2025-12-29,62.26452311857386,66.91656540975774,57.93589110237972,8.980674307378017,0.9,61.939998626708984,-0.324524491864878,0.5239336439457727,True
mc_variance_reduction,BZ=F,2025-12-24,62.2400016784668,4,2025-12-30,62.27269966357596,67.5539726818462,57.404307939892064,10.14966474195414,0.9,61.91999816894531,-0.3527014946306508,0.5696083738057036,True
mc_variance_reduction,BZ=F,2025-12-24,62.2400016784668,5,2025-12-31,62.2808762649739,68.1874197008863,56.88597041253659,11.301449288349708,0.9,60.849998474121094,-1.4308777908528043,2.3514836922491336,True
mc_variance_reduction,BZ=F,2025-12-24,62.2400016784668,6,2026-01-01,62.28905422866613,68.87777906635024,56.33059521262219,12.54718385372805,0.9,,,,
mc_variance_reduction,BZ=F,2025-12-24,62.2400016784668,7,2026-01-02,62.29723359035562,69.46232713244727,55.87122507698897,13.5911020554583,0.9,60.75,-1.5472335903556171,2.5468865684866127,True
mc_variance_reduction,BZ=F,2025-12-26,60.63999938964844,0,2025-12-26,60.63999938964844,60.63999938964844,60.63999938964844,0.0,0.9,60.63999938964844,0.0,0.0,True
mc_variance_reduction,BZ=F,2025-12-26,60.63999938964844,1,2025-12-29,60.647278390018,63.11941880983581,58.27196205028884,4.847456759546965,0.9,61.939998626708984,1.2927202366909825,2.087052414194843,True
mc_variance_reduction,BZ=F,2025-12-26,60.63999938964844,2,2025-12-30,60.654558267765225,64.20815871055407,57.297631833226106,6.9105268773279676,0.9,61.91999816894531,1.2654399011800876,2.0436691514870597,True
mc_variance_reduction,BZ=F,2025-12-26,60.63999938964844,3,2025-12-31,60.66183901821387,64.93837475066874,56.66693578945879,8.271438961209952,0.9,60.849998474121094,0.1881594559072255,0.30921850554728914,True
mc_variance_reduction,BZ=F,2025-12-26,60.63999938964844,4,2026-01-01,60.669120636379944,65.48808415349738,56.20476222979761,9.283321923699773,0.9,,,,
mc_variance_reduction,BZ=F,2025-12-26,60.63999938964844,5,2026-01-02,60.67640316136183,66.28046702195988,55.546167424710134,10.734299597249745,0.9,60.75,0.07359683863816713,0.12114705948669485,True
mc_variance_reduction,BZ=F,2025-12-26,60.63999938964844,6,2026-01-05,60.683686503172325,66.8774231220297,55.06357206264083,11.813851059388867,0.9,61.7599983215332,1.0763118183608782,1.7427329138796495,True
mc_variance_reduction,BZ=F,2025-12-26,60.63999938964844,7,2026-01-06,60.69097093966694,67.53079944800905,54.54391121839831,12.986888229610742,0.9,60.70000076293945,0.009029823272513227,0.014876150179600011,True
mc_variance_reduction,BZ=F,2025-12-29,61.939998626708984,0,2025-12-29,61.939998626708984,61.939998626708984,61.939998626708984,0.0,0.9,61.939998626708984,0.0,0.0,True
mc_variance_reduction,BZ=F,2025-12-29,61.939998626708984,1,2025-12-30,61.94799612656597,64.3934352663118,59.595426487729064,4.798008778582734,0.9,61.91999816894531,-0.02799795762065571,0.0452163411637462,True
mc_variance_reduction,BZ=F,2025-12-29,61.939998626708984,2,2025-12-31,61.95599464952015,65.55029243234611,58.55878181850088,6.991510613845229,0.9,60.849998474121094,-1.1059961753990564,1.8175779837848733,True
mc_variance_reduction,BZ=F,2025-12-29,61.939998626708984,3,2026-01-01,61.96399457281326,66.36719568683131,57.85292782249557,8.514267864335736,0.9,,,,
mc_variance_reduction,BZ=F,2025-12-29,61.939998626708984,4,2026-01-02,61.971994803180635,67.1015574015208,57.23456040195822,9.866996999562573,0.9,60.75,-1.2219948031806354,2.011514079309688,True
mc_variance_reduction,BZ=F,2025-12-29,61.939998626708984,5,2026-01-05,61.979996423078326,67.83734393818982,56.628396090308634,11.208947847881184,0.9,61.7599983215332,-0.2199981015451229,0.35621455233818955,True
mc_variance_reduction,BZ=F,2025-12-29,61.939998626708984,6,2026-01-06,61.98799908071114,68.51829319709218,56.080089916317505,12.438203280774673,0.9,60.70000076293945,-1.287998317771688,2.121908239839889,True
mc_variance_reduction,BZ=F,2025-12-29,61.939998626708984,7,2026-01-07,61.996002774020695,68.90118526179698,55.7828482212479,13.11833704054908,0.9,59.959999084472656,-2.036003689548039,3.39560326990613,True
mc_variance_reduction,BZ=F,2025-12-30,61.91999816894531,0,2025-12-30,61.91999816894531,61.91999816894531,61.91999816894531,0.0,0.9,61.91999816894531,0.0,0.0,True
mc_variance_reduction,BZ=F,2025-12-30,61.91999816894531,1,2025-12-31,61.927981035353426,64.42306308641814,59.529532650860695,4.8935304355574445,0.9,60.849998474121094,-1.0779825612323322,1.7715408188396053,True
mc_variance_reduction,BZ=F,2025-12-30,61.91999816894531,2,2026-01-01,61.935964932326655,65.48653669423388,58.57789943182098,6.9086372624128956,0.9,,,,
mc_variance_reduction,BZ=F,2025-12-30,61.91999816894531,3,2026-01-02,61.94394987855847,66.28801442326657,57.88456579855188,8.403448624714692,0.9,60.75,-1.1939498785584703,1.9653495943349304,True
mc_variance_reduction,BZ=F,2025-12-30,61.91999816894531,4,2026-01-05,61.95193581066803,67.09322637743256,57.20461747714734,9.88860890028522,0.9,61.7599983215332,-0.19193748913482978,0.31077962168258183,True
mc_variance_reduction,BZ=F,2025-12-30,61.91999816894531,5,2026-01-06,61.959922788556725,67.55156419903923,56.83113456100024,10.720429638038993,0.9,60.70000076293945,-1.2599220256172714,2.0756540523579696,True
mc_variance_reduction,BZ=F,2025-12-30,61.91999816894531,6,2026-01-07,61.96791095764675,68.10959515922036,56.380044199497874,11.729550959722488,0.9,59.959999084472656,-2.007911873174095,3.3487523412822515,True
mc_variance_reduction,BZ=F,2025-12-30,61.91999816894531,7,2026-01-08,61.97589984266589,68.75660185236522,55.86390371495941,12.892698137405809,0.9,61.9900016784668,0.014101835800907736,0.022748564960607558,True
mc_variance_reduction,BZ=F,2025-12-31,60.849998474121094,0,2025-12-31,60.849998474121094,60.849998474121094,60.849998474121094,0.0,0.9,60.849998474121094,0.0,0.0,True
mc_variance_reduction,BZ=F,2025-12-31,60.849998474121094,1,2026-01-01,60.85738374732776,63.268031537540374,58.538586853062164,4.72944468447821,0.9,,,,
mc_variance_reduction,BZ=F,2025-12-31,60.849998474121094,2,2026-01-02,60.86477030467577,64.35897086868033,57.56027742761932,6.798693441061012,0.9,60.75,-0.11477030467577265,0.18892231222349407,True
mc_variance_reduction,BZ=F,2025-12-31,60.849998474121094,3,2026-01-05,60.872156990697036,65.39779859249394,56.65969765948607,8.738100933007871,0.9,61.7599983215332,0.8878413308361672,1.437566960759798,True
mc_variance_reduction,BZ=F,2025-12-31,60.849998474121094,4,2026-01-06,60.87954499581198,65.94162055978359,56.20606472519365,9.735555834589938,0.9,60.70000076293945,-0.17954423287253007,0.29578950678061816,True
mc_variance_reduction,BZ=F,2025-12-31,60.849998474121094,5,2026-01-07,60.8869338145242,66.57241254158316,55.68701175904124,10.885400782541922,0.9,59.959999084472656,-0.926934730051542,1.5459218549114064,True
mc_variance_reduction,BZ=F,2025-12-31,60.849998474121094,6,2026-01-08,60.894323844517906,67.15564005790809,55.21678652439348,11.93885353351461,0.9,61.9900016784668,1.0956778339488906,1.767507346800882,True
mc_variance_reduction,BZ=F,2025-12-31,60.849998474121094,7,2026-01-09,60.901714201317155,67.71220459659702,54.776222637813106,12.935981958783913,0.9,63.34000015258789,2.4382859512707356,3.8495199643145477,True
mc_variance_reduction,BZ=F,2026-01-02,60.75,0,2026-01-02,60.75,60.75,60.75,0.0,0.9,60.75,0.0,0.0,True
mc_variance_reduction,BZ=F,2026-01-02,60.75,1,2026-01-05,60.75732743123968,63.142915409718626,58.461867983300436,4.681047426418189,0.9,61.7599983215332,1.0026708902935226,1.6234956566440386,True
mc_variance_reduction,BZ=F,2026-01-02,60.75,2,2026-01-06,60.7646549265764,64.3409139035139,57.387174979466096,6.953738924047798,0.9,60.70000076293945,-0.06465416363694487,0.10651427153921823,True
mc_variance_reduction,BZ=F,2026-01-02,60.75,3,2026-01-07,60.771983664721645,65.22121651928602,56.626266653608326,8.594949865677691,0.9,59.959999084472656,-0.8119845802489891,1.3542104613861845,True
mc_variance_reduction,BZ=F,2026-01-02,60.75,4,2026-01-08,60.779313441506055,65.91880063650368,56.04053610731402,9.878264529189657,0.9,61.9900016784668,1.210688236960742,1.9530379160826732,True
mc_variance_reduction,BZ=F,2026-01-02,60.75,5,2026-01-09,60.78664386612628,66.45326124803276,55.60323187891526,10.8500293691175,0.9,63.34000015258789,2.5533562864616073,4.03119084355936,True
mc_variance_reduction,BZ=F,2026-01-02,60.75,6,2026-01-12,60.793975310652414,67.15800310544793,55.03301589808164,12.124987207366289,0.9,63.869998931884766,3.076023621232352,4.816069629988297,True
mc_variance_reduction,BZ=F,2026-01-02,60.75,7,2026-01-13,60.80130758561887,67.60081640934015,54.68571535563806,12.915101053702095,0.9,65.47000122070312,4.668693635084253,7.131042535566509,True
mc_variance_reduction,BZ=F,2026-01-05,61.7599983215332,0,2026-01-05,61.7599983215332,61.7599983215332,61.7599983215332,0.0,0.9,61.7599983215332,0.0,0.0,True
mc_variance_reduction,BZ=F,2026-01-05,61.7599983215332,1,2026-01-06,61.76788167058824,64.29172800469863,59.34311186417341,4.948616140525218,0.9,60.70000076293945,-1.0678809076487852,1.7592765967488797,True
mc_variance_reduction,BZ=F,2026-01-05,61.7599983215332,2,2026-01-07,61.7757659598565,65.40872060237601,58.344594105551586,7.0641264968244215,0.9,59.959999084472656,-1.8157668753838436,3.0282970365389112,True
mc_variance_reduction,BZ=F,2026-01-05,61.7599983215332,3,2026-01-08,61.783651312402526,66.14490885940728,57.709952651490305,8.434956207916976,0.9,61.9900016784668,0.20635036606427093,0.33287685187456606,True
mc_variance_reduction,BZ=F,2026-01-05,61.7599983215332,4,2026-01-09,61.791537536138016,66.87994632423468,57.09026908642349,9.78967723781119,0.9,63.34000015258789,1.548462616449875,2.4446836323327816,True
mc_variance_reduction,BZ=F,2026-01-05,61.7599983215332,5,2026-01-12,61.79942486178344,67.47504483437604,56.60120600668824,10.873838827687798,0.9,63.869998931884766,2.0705740701013227,3.2418570607923782,True
mc_variance_reduction,BZ=F,2026-01-05,61.7599983215332,6,2026-01-13,61.807313185965334,68.02501153907075,56.157932039166795,11.867079499903952,0.9,65.47000122070312,3.6626880347377906,5.594452369705416,True
mc_variance_reduction,BZ=F,2026-01-05,61.7599983215332,7,2026-01-14,61.81520251636009,68.83256869634532,55.51324518055471,13.319323515790607,0.9,66.5199966430664,4.704794126706318,7.072751599720223,True
mc_variance_reduction,BZ=F,2026-01-06,60.70000076293945,0,2026-01-06,60.70000076293945,60.70000076293945,60.70000076293945,0.0,0.9,60.70000076293945,0.0,0.0,True
mc_variance_reduction,BZ=F,2026-01-06,60.70000076293945,1,2026-01-07,60.707294028354575,63.14930632968828,58.35971538613312,4.789590943555162,0.9,59.959999084472656,-0.7472949438819185,1.2463224738031047,True
mc_variance_reduction,BZ=F,2026-01-06,60.70000076293945,2,2026-01-08,60.714588152916036,64.23100656602706,57.39068093179802,6.840325634229039,0.9,61.9900016784668,1.2754135255507606,2.0574503807342137,True
mc_variance_reduction,BZ=F,2026-01-06,60.70000076293945,3,2026-01-09,60.721883031779775,65.21778049962455,56.535917826852184,8.681862672772368,0.9,63.34000015258789,2.6181171208081153,4.133434029840536,True
mc_variance_reduction,BZ=F,2026-01-06,60.70000076293945,4,2026-01-12,60.729178876845815,65.63562184716953,56.1895059985264,9.446115848643132,0.9,63.869998931884766,3.140820055038951,4.917520130834089,True
mc_variance_reduction,BZ=F,2026-01-06,60.70000076293945,5,2026-01-13,60.736476321688556,66.45155330754382,55.51291596351293,10.938637344030887,0.9,65.47000122070312,4.733524899014569,7.230066917300926,True
mc_variance_reduction,BZ=F,2026-01-06,60.70000076293945,6,2026-01-14,60.743773181221684,66.93900543248256,55.12191222845035,11.817093204032211,0.9,66.5199966430664,5.776223461844722,8.683439196244754,True
mc_variance_reduction,BZ=F,2026-01-06,60.70000076293945,7,2026-01-15,60.751071658258454,67.5240708623973,54.65743788862443,12.866632973772866,0.9,63.7599983215332,3.0089266632747496,4.719144828237184,True
mc_variance_reduction,BZ=F,2026-01-07,59.959999084472656,0,2026-01-07,59.959999084472656,59.959999084472656,59.959999084472656,0.0,0.9,59.959999084472656,0.0,0.0,True
mc_variance_reduction,BZ=F,2026-01-07,59.959999084472656,1,2026-01-08,59.96688446742129,62.46494494904488,57.56872491156874,4.896220037476141,0.9,61.9900016784668,2.023117211045509,3.2636185776201887,True
mc_variance_reduction,BZ=F,2026-01-07,59.959999084472656,2,2026-01-09,59.97377063750566,63.509255446119795,56.635102071014394,6.874153375105401,0.9,63.34000015258789,3.3662295150822317,5.314539796294423,True
mc_variance_reduction,BZ=F,2026-01-07,59.959999084472656,3,2026-01-12,59.980657632007805,64.31326857558284,55.93992293430984,8.373345641272998,0.9,63.869998931884766,3.8893412998769605,6.089465108688688,True
mc_variance_reduction,BZ=F,2026-01-07,59.959999084472656,4,2026-01-13,59.98754534957128,65.08346739385783,55.290625127223656,9.792842266634175,0.9,65.47000122070312,5.482455871131847,8.37399689767864,False
mc_variance_reduction,BZ=F,2026-01-07,59.959999084472656,5,2026-01-14,59.99443392692896,65.70037778916914,54.78403959200814,10.916338197160997,0.9,66.5199966430664,6.525562716137443,9.80992640626903,False
mc_variance_reduction,BZ=F,2026-01-07,59.959999084472656,6,2026-01-15,60.0013233800789,66.4601582401923,54.170181034190136,12.289977206002163,0.9,63.7599983215332,3.758674941454302,5.8950361361363335,True
mc_variance_reduction,BZ=F,2026-01-07,59.959999084472656,7,2026-01-16,60.00821350823805,67.00896347776586,53.73886542647358,13.27009805129228,0.9,64.12999725341797,4.121783745179918,6.427232062543458,True
mc_variance_reduction,BZ=F,2026-01-08,61.9900016784668,0,2026-01-08,61.9900016784668,61.9900016784668,61.9900016784668,0.0,0.9,61.9900016784668,0.0,0.0,True
mc_variance_reduction,BZ=F,2026-01-08,61.9900016784668,1,2026-01-09,61.99800305357296,64.52356599519467,59.5712949715463,4.952271023648372,0.9,63.34000015258789,1.3419970990149324,2.118719759681122,True
mc_variance_reduction,BZ=F,2026-01-08,61.9900016784668,2,2026-01-12,62.00600549637237,65.62172833299324,58.589507023692256,7.032221309300986,0.9,63.869998931884766,1.8639934355123984,2.9184178279074118,True
mc_variance_reduction,BZ=F,2026-01-08,61.9900016784668,3,2026-01-13,62.01400895099769,66.54526882291232,57.7912956033079,8.753973219604418,0.9,65.47000122070312,3.4559922697054333,5.278741721807955,True
mc_variance_reduction,BZ=F,2026-01-08,61.9900016784668,4,2026-01-14,62.02201342576889,67.2052432555674,57.23854207740926,9.96670117815814,0.9,66.5199966430664,4.4979832172975165,6.761851239158707,True
mc_variance_reduction,BZ=F,2026-01-08,61.9900016784668,5,2026-01-15,62.03001888285689,67.73456289283666,56.80590647603029,10.928656416806376,0.9,63.7599983215332,1.7299794386763097,2.713267697957351,True
mc_variance_reduction,BZ=F,2026-01-08,61.9900016784668,6,2026-01-16,62.038025417643354,68.21098232519049,56.4237088779906,11.787273447199887,0.9,64.12999725341797,2.091971835774615,3.2620800333234348,True
mc_variance_reduction,BZ=F,2026-01-08,61.9900016784668,7,2026-01-19,62.04603299578339,68.62953236192085,56.094076177266416,12.535456184654436,0.9,,,,
mc_variance_reduction,BZ=F,2026-01-09,63.34000015258789,0,2026-01-09,63.34000015258789,63.34000015258789,63.34000015258789,0.0,0.9,63.34000015258789,0.0,0.0,True
mc_variance_reduction,BZ=F,2026-01-09,63.34000015258789,1,2026-01-12,63.34875777555229,65.99734430611588,60.80646353522839,5.190880770887489,0.9,63.869998931884766,0.5212411563324721,0.8160970174562842,True
mc_variance_reduction,BZ=F,2026-01-09,63.34000015258789,2,2026-01-13,63.3575165776887,67.22998485731462,59.70810369696472,7.521881160349899,0.9,65.47000122070312,2.112484643014426,3.2266451865383647,True
mc_variance_reduction,BZ=F,2026-01-09,63.34000015258789,3,2026-01-14,63.36627661025962,67.97781683182907,59.06757831510564,8.910238516723432,0.9,66.5199966430664,3.1537200328067883,4.741010511063384,True
mc_variance_reduction,BZ=F,2026-01-09,63.34000015258789,4,2026-01-15,63.37503787716639,68.85653111616158,58.32991232743095,10.52661878873063,0.9,63.7599983215332,0.3849604443668113,0.6037648282634935,True
mc_variance_reduction,BZ=F,2026-01-09,63.34000015258789,5,2026-01-16,63.383800372724366,69.66556390601524,57.66846512098634,11.997098785028896,0.9,64.12999725341797,0.7461968806936028,1.1635691761297127,True
mc_variance_reduction,BZ=F,2026-01-09,63.34000015258789,6,2026-01-19,63.39256401571015,70.06772822359156,57.353324671753164,12.714403551838394,0.9,,,,
mc_variance_reduction,BZ=F,2026-01-09,63.34000015258789,7,2026-01-20,63.401329584468,70.61215542224457,56.926863186013236,13.685292236231334,0.9,64.91999816894531,1.518668584477311,2.339292401896232,True
mc_variance_reduction,BZ=F,2026-01-12,63.869998931884766,0,2026-01-12,63.869998931884766,63.869998931884766,63.869998931884766,0.0,0.9,63.869998931884766,0.0,0.0,True
mc_variance_reduction,BZ=F,2026-01-12,63.869998931884766,1,2026-01-13,63.8790542944315,66.50395219338239,61.3577606280352,5.146191565347188,0.9,65.47000122070312,1.5909469262716271,2.4300395549229545,True
mc_variance_reduction,BZ=F,2026-01-12,63.869998931884766,2,2026-01-14,63.88811092852374,67.54955598411705,60.4251302231179,7.124425760999152,0.9,66.5199966430664,2.631885714542669,3.9565331439579965,True
mc_variance_reduction,BZ=F,2026-01-12,63.869998931884766,3,2026-01-15,63.89716885376026,68.38621636547369,59.702794015162354,8.683422350311332,0.9,63.7599983215332,-0.13717053222706,0.2151357212014455,True
mc_variance_reduction,BZ=F,2026-01-12,63.869998931884766,4,2026-01-16,63.906228043419034,69.20350714213869,59.014436729803556,10.189070412335134,0.9,64.12999725341797,0.22376920999893457,0.3489306402348368,True
mc_variance_reduction,BZ=F,2026-01-12,63.869998931884766,5,2026-01-19,63.91528854051437,69.8978476641498,58.444776875809616,11.453070788340177,0.9,,,,
mc_variance_reduction,BZ=F,2026-01-12,63.869998931884766,6,2026-01-20,63.92435030518658,70.22038166184169,58.19282756812031,12.027554093721378,0.9,64.91999816894531,0.9956478637587338,1.5336535610609507,True
mc_variance_reduction,BZ=F,2026-01-12,63.869998931884766,7,2026-01-21,63.93341337228573,71.02248778682853,57.55193138764903,13.470556399179507,0.9,65.23999786376953,1.3065844914838038,2.002735337625454,True
mc_variance_reduction,BZ=F,2026-01-13,65.47000122070312,0,2026-01-13,65.47000122070312,65.47000122070312,65.47000122070312,0.0,0.9,65.47000122070312,0.0,0.0,True
mc_variance_reduction,BZ=F,2026-01-13,65.47000122070312,1,2026-01-14,65.47997408388193,68.12506894959407,62.937580064191344,5.187488885402722,0.9,66.5199966430664,1.0400225591844787,1.5634735593344076,True
mc_variance_reduction,BZ=F,2026-01-13,65.47000122070312,2,2026-01-15,65.4899480473468,69.14873734574066,62.02475218579175,7.123985159948909,0.9,63.7599983215332,-1.7299497258135972,2.7132210968540034,True
mc_variance_reduction,BZ=F,2026-01-13,65.47000122070312,3,2026-01-16,65.49992376385103,70.0987116127188,61.202836845588976,8.895874767129825,0.9,64.12999725341797,-1.3699265104330607,2.136171166544136,True
mc_variance_reduction,BZ=F,2026-01-13,65.47000122070312,4,2026-01-19,65.50990100035135,70.84783135952806,60.57414952203071,10.27368183749735,0.9,,,,
mc_variance_reduction,BZ=F,2026-01-13,65.47000122070312,5,2026-01-20,65.51987973187181,71.48847241549237,60.04960642837786,11.43886598711451,0.9,64.91999816894531,-0.5998815629264982,0.9240320083888318,True
mc_variance_reduction,BZ=F,2026-01-13,65.47000122070312,6,2026-01-21,65.52985993681656,72.06786897102269,59.58498029563968,12.482888675383009,0.9,65.23999786376953,-0.2898620730470327,0.4443011688202478,True
mc_variance_reduction,BZ=F,2026-01-13,65.47000122070312,7,2026-01-22,65.53984173829821,72.74481834133388,59.048481226400156,13.696337114933726,0.9,64.05999755859375,-1.4798441797044575,2.3100909086842982,True
mc_variance_reduction,BZ=F,2026-01-14,66.5199966430664,0,2026-01-14,66.5199966430664,66.5199966430664,66.5199966430664,0.0,0.9,66.5199966430664,0.0,0.0,True
mc_variance_reduction,BZ=F,2026-01-14,66.5199966430664,1,2026-01-15,66.5305784237855,69.28586128186758,63.88486457819957,5.400996703668014,0.9,63.7599983215332,-2.7705801022522962,4.345326498097802,False
mc_variance_reduction,BZ=F,2026-01-14,66.5199966430664,2,2026-01-16,66.54116190280375,70.25311998291241,63.02533225787829,7.227787725034119,0.9,64.12999725341797,-2.411164649385782,3.7598078163916853,True
mc_variance_reduction,BZ=F,2026-01-14,66.5199966430664,3,2026-01-19,66.55174702939668,71.20545085661135,62.202190694932575,9.003260161678774,0.9,,,,
mc_variance_reduction,BZ=F,2026-01-14,66.5199966430664,4,2026-01-20,66.56233394866936,72.11624313845321,61.43614944645659,10.680093691996625,0.9,64.91999816894531,-1.6423357797240499,2.529784082017529,True
mc_variance_reduction,BZ=F,2026-01-14,66.5199966430664,5,2026-01-21,66.5729223774766,72.85644103800236,60.83132705972447,12.025113978277886,0.9,65.23999786376953,-1.33292451370707,2.04310937669006,True
mc_variance_reduction,BZ=F,2026-01-14,66.5199966430664,6,2026-01-22,66.58351258072358,73.44022281395056,60.36697570590936,13.073247108041194,0.9,64.05999755859375,-2.5235150221298284,3.9392992792758776,True
mc_variance_reduction,BZ=F,2026-01-14,66.5199966430664,7,2026-01-23,66.59410506960421,73.98435703135215,59.94205972593173,14.04229730542042,0.9,65.87999725341797,-0.7141078161862424,1.0839524073434799,True
mc_variance_reduction,BZ=F,2026-01-15,63.7599983215332,0,2026-01-15,63.7599983215332,63.7599983215332,63.7599983215332,0.0,0.9,63.7599983215332,0.0,0.0,True
mc_variance_reduction,BZ=F,2026-01-15,63.7599983215332,1,2026-01-16,63.76897938780208,66.27152822193473,61.360931941635,4.910596280299728,0.9,64.12999725341797,0.3610178656158922,0.5629469531852364,True
mc_variance_reduction,BZ=F,2026-01-15,63.7599983215332,2,2026-01-19,63.777961755494616,67.47372934035023,60.28462399038287,7.189105349967363,0.9,,,,
mc_variance_reduction,BZ=F,2026-01-15,63.7599983215332,3,2026-01-20,63.78694531671263,68.29318109914212,59.57804758602818,8.71513351311394,0.9,64.91999816894531,1.1330528522326802,1.7453063527267312,True
mc_variance_reduction,BZ=F,2026-01-15,63.7599983215332,4,2026-01-21,63.795930175212234,68.98656965112117,58.99584118327838,9.990728467842793,0.9,65.23999786376953,1.444067688557297,2.213469858740212,True
mc_variance_reduction,BZ=F,2026-01-15,63.7599983215332,5,2026-01-22,63.80491633833944,69.77785566670133,58.34325684392869,11.434598822772635,0.9,64.05999755859375,0.25508122025431135,0.39819111766433685,True
mc_variance_reduction,BZ=F,2026-01-15,63.7599983215332,6,2026-01-23,63.813903719878645,70.2720563936291,57.94926913276568,12.322787260863421,0.9,65.87999725341797,2.0660935335393233,3.13614696368575,True
mc_variance_reduction,BZ=F,2026-01-15,63.7599983215332,7,2026-01-26,63.82289235329231,71.00156516483922,57.370025283700706,13.631539881138515,0.9,65.58999633789062,1.7671039845983145,2.6941669206611585,True
mc_variance_reduction,BZ=F,2026-01-16,64.12999725341797,0,2026-01-16,64.12999725341797,64.12999725341797,64.12999725341797,0.0,0.9,64.12999725341797,0.0,0.0,True
mc_variance_reduction,BZ=F,2026-01-16,64.12999725341797,1,2026-01-19,64.139185442616,66.69175246039592,61.684315635270345,5.007436825125573,0.9,,,,
mc_variance_reduction,BZ=F,2026-01-16,64.12999725341797,2,2026-01-20,64.14837497839265,67.78248330519044,60.709106662555364,7.0733766426350755,0.9,64.91999816894531,0.7716231905526598,1.1885754964820197,True
mc_variance_reduction,BZ=F,2026-01-16,64.12999725341797,3,2026-01-21,64.15756580950507,68.88355658448219,59.75581768234568,9.127738902136514,0.9,65.23999786376953,1.0824320542644585,1.6591540308212944,True
mc_variance_reduction,BZ=F,2026-01-16,64.12999725341797,4,2026-01-22,64.16675790668576,69.48466767113858,59.25584675996856,10.228820911170018,0.9,64.05999755859375,-0.10676034809200985,0.1666568094923191,True
mc_variance_reduction,BZ=F,2026-01-16,64.12999725341797,5,2026-01-23,64.1759517216231,70.07580939067356,58.77281742359222,11.302991967081333,0.9,65.87999725341797,1.7040455317948755,2.5865901682417975,True
mc_variance_reduction,BZ=F,2026-01-16,64.12999725341797,6,2026-01-26,64.18514639095773,70.69419344979858,58.27540837399586,12.418785075802717,0.9,65.58999633789062,1.4048499469328988,2.14186617681107,True
mc_variance_reduction,BZ=F,2026-01-16,64.12999725341797,7,2026-01-27,64.1943422126786,71.4284598606478,57.69288014458731,13.735579716060492,0.9,67.56999969482422,3.3756574821456127,4.9957932475826015,True
mc_variance_reduction,BZ=F,2026-01-20,64.91999816894531,0,2026-01-20,64.91999816894531,64.91999816894531,64.91999816894531,0.0,0.9,64.91999816894531,0.0,0.0,True
mc_variance_reduction,BZ=F,2026-01-20,64.91999816894531,1,2026-01-21,64.92963572626934,67.52772449782057,62.43150688605449,5.096217611766079,0.9,65.23999786376953,0.31036213750019215,0.4757237088638059,True
mc_variance_reduction,BZ=F,2026-01-20,64.91999816894531,2,2026-01-22,64.93927505466102,68.7591041121656,61.33165137650135,7.427452735664254,0.9,64.05999755859375,-0.8792774960672745,1.3725843421442934,True
mc_variance_reduction,BZ=F,2026-01-20,64.91999816894531,3,2026-01-23,64.94891514445959,69.6172274498241,60.593645156550764,9.023582293273336,0.9,65.87999725341797,0.9310821089583783,1.413300163594151,True
mc_variance_reduction,BZ=F,2026-01-20,64.91999816894531,4,2026-01-26,64.95855698233619,70.3209493387938,60.00507908025197,10.315870258541828,0.9,65.58999633789062,0.6314393555544342,0.9627068010517003,True
mc_variance_reduction,BZ=F,2026-01-20,64.91999816894531,5,2026-01-27,64.96820031808124,70.84178275848126,59.58160400649979,11.26017875198147,0.9,67.56999969482422,2.6017993767429743,3.8505244760897477,True
mc_variance_reduction,BZ=F,2026-01-20,64.91999816894531,6,2026-01-28,64.97784498537155,71.73275281566151,58.85903128273594,12.873721532925572,0.9,68.4000015258789,3.422156540507359,5.003152725387876,True
mc_variance_reduction,BZ=F,2026-01-20,64.91999816894531,7,2026-01-29,64.98749125458863,72.37694303679304,58.35247837322466,14.024464663568374,0.9,70.70999908447266,5.722507829884023,8.092925900123,True
mc_variance_reduction,BZ=F,2026-01-21,65.23999786376953,0,2026-01-21,65.23999786376953,65.23999786376953,65.23999786376953,0.0,0.9,65.23999786376953,0.0,0.0,True
mc_variance_reduction,BZ=F,2026-01-21,65.23999786376953,1,2026-01-22,65.2498160123688,68.02743668758286,62.58560806318459,5.441828624398276,0.9,64.05999755859375,-1.1898184537750467,1.8573501391203702,True
mc_variance_reduction,BZ=F,2026-01-21,65.23999786376953,2,2026-01-23,65.2596356431661,69.1494211497435,61.58865791510807,7.560763234635431,0.9,65.87999725341797,0.6203616102518623,0.9416539710309063,True
mc_variance_reduction,BZ=F,2026-01-21,65.23999786376953,3,2026-01-26,65.26945673498352,69.9830519329053,60.873338153840294,9.109713779065004,0.9,65.58999633789062,0.3205396029071039,0.48870196798887716,True
mc_variance_reduction,BZ=F,2026-01-21,65.23999786376953,4,2026-01-27,65.27927931165188,70.74659513555079,60.234479119238365,10.512116016312426,0.9,67.56999969482422,2.290720383172342,3.3901441372180567,True
mc_variance_reduction,BZ=F,2026-01-21,65.23999786376953,5,2026-01-28,65.28910337847756,71.66074955828238,59.48398594841131,12.176763609871067,0.9,68.4000015258789,3.1108981474013433,4.548096605267393,True
mc_variance_reduction,BZ=F,2026-01-21,65.23999786376953,6,2026-01-29,65.29892897629142,72.07900636627718,59.15661761117448,12.922388755102702,0.9,70.70999908447266,5.411070108181235,7.65248222067855,True
mc_variance_reduction,BZ=F,2026-01-21,65.23999786376953,7,2026-01-30,65.30875606064288,72.50513271316584,58.82664358003137,13.678489133134462,0.9,70.69000244140625,5.381246380763372,7.6124574832541505,True
mc_variance_reduction,BZ=F,2026-01-22,64.05999755859375,0,2026-01-22,64.05999755859375,64.05999755859375,64.05999755859375,0.0,0.9,64.05999755859375,0.0,0.0,True
mc_variance_reduction,BZ=F,2026-01-22,64.05999755859375,1,2026-01-23,64.06913403785168,66.60121655978625,61.63331763678608,4.96789892300017,0.9,65.87999725341797,1.810863215566286,2.7487299500036566,True
mc_variance_reduction,BZ=F,2026-01-22,64.05999755859375,2,2026-01-26,64.07827181128218,67.73189182282427,60.621737236000946,7.11015458682332,0.9,65.58999633789062,1.5117245266084467,2.304809591421093,True
mc_variance_reduction,BZ=F,2026-01-22,64.05999755859375,3,2026-01-27,64.087410878964,68.64579399921709,59.831724477091534,8.814069522125557,0.9,67.56999969482422,3.4825888158602254,5.154045925098602,True
mc_variance_reduction,BZ=F,2026-01-22,64.05999755859375,4,2026-01-28,64.09655125740004,69.37688998451732,59.21810395220387,10.15878603231345,0.9,68.4000015258789,4.303450268478869,6.291593819410476,True
mc_variance_reduction,BZ=F,2026-01-22,64.05999755859375,5,2026-01-29,64.105692946419,70.16116648394295,58.57285573240237,11.588310751540583,0.9,70.70999908447266,6.6043061380536585,9.339989002353008,False
mc_variance_reduction,BZ=F,2026-01-22,64.05999755859375,6,2026-01-30,64.11483595042952,70.71343443971242,58.13198329965735,12.581451140055066,0.9,70.69000244140625,6.575166490976727,9.301409342044897,True
mc_variance_reduction,BZ=F,2026-01-22,64.05999755859375,7,2026-02-02,64.1239804020725,71.37550676823608,57.60918607611017,13.766320692125909,0.9,66.30000305175781,2.176022649685308,3.282085293399719,True
mc_variance_reduction,BZ=F,2026-01-23,65.87999725341797,0,2026-01-23,65.87999725341797,65.87999725341797,65.87999725341797,0.0,0.9,65.87999725341797,0.0,0.0,True
mc_variance_reduction,BZ=F,2026-01-23,65.87999725341797,1,2026-01-26,65.89017813051561,68.53620176208027,63.346311479352124,5.189890282728143,0.9,65.58999633789062,-0.3001817926249828,0.45766398747543613,True
mc_variance_reduction,BZ=F,2026-01-23,65.87999725341797,2,2026-01-27,65.90036060281766,69.6348608488372,62.3661406716698,7.26872017716741,0.9,67.56999969482422,1.6696390920065625,2.4709769121612926,True
mc_variance_reduction,BZ=F,2026-01-23,65.87999725341797,3,2026-01-28,65.91054458594785,70.54558388168054,61.58004024081158,8.965543640868965,0.9,68.4000015258789,2.4894569399310598,3.6395568485319143,True
mc_variance_reduction,BZ=F,2026-01-23,65.87999725341797,4,2026-01-29,65.9207302598233,71.382601490414,60.87677635136723,10.50582513904677,0.9,70.70999908447266,4.789268824649355,6.773113967839153,True
mc_variance_reduction,BZ=F,2026-01-23,65.87999725341797,5,2026-01-30,65.93091737419174,72.01933268761263,60.357208514777675,11.662124172834957,0.9,70.69000244140625,4.759085067214514,6.732331168271269,True
mc_variance_reduction,BZ=F,2026-01-23,65.87999725341797,6,2026-02-02,65.9411060758166,72.8122407881496,59.71838558100856,13.093855207141033,0.9,66.30000305175781,0.3588969759412066,0.5413227140593491,True
mc_variance_reduction,BZ=F,2026-01-23,65.87999725341797,7,2026-02-03,65.95129645902442,73.25118280625155,59.37888427454688,13.872298531704672,0.9,67.33000183105469,1.378705372030268,2.047683550476849,True
mc_variance_reduction,BZ=F,2026-01-26,65.58999633789062,0,2026-01-26,65.58999633789062,65.58999633789062,65.58999633789062,0.0,0.9,65.58999633789062,0.0,0.0,True
mc_variance_reduction,BZ=F,2026-01-26,65.58999633789062,1,2026-01-27,65.60000444622003,68.19105943021367,63.107401812206604,5.0836576180070665,0.9,67.56999969482422,1.9699952486041923,2.915488023533455,True
mc_variance_reduction,BZ=F,2026-01-26,65.58999633789062,2,2026-01-28,65.61001406779931,69.32959054024825,62.08999522360894,7.23959531663931,0.9,68.4000015258789,2.789987458079594,4.078928941286663,True
mc_variance_reduction,BZ=F,2026-01-26,65.58999633789062,3,2026-01-29,65.62002521479897,70.29653992412375,61.25461813321605,9.0419217909077,0.9,70.70999908447266,5.089973869673685,7.198379204605876,False
mc_variance_reduction,BZ=F,2026-01-26,65.58999633789062,4,2026-01-30,65.63003792420425,71.11794184254363,60.56561486368235,10.55232697886128,0.9,70.69000244140625,5.059964517202005,7.157963421201073,True
mc_variance_reduction,BZ=F,2026-01-26,65.58999633789062,5,2026-02-02,65.6400521279007,71.92863303909913,59.9012696075619,12.027363431537225,0.9,66.30000305175781,0.6599509238571102,0.9954010459726712,True
mc_variance_reduction,BZ=F,2026-01-26,65.58999633789062,6,2026-02-03,65.65006802831599,72.33529841749728,59.58268682818974,12.752611589307541,0.9,67.33000183105469,1.6799338027387023,2.4950746428821047,True
mc_variance_reduction,BZ=F,2026-01-26,65.58999633789062,7,2026-02-04,65.66008511413844,72.86942522413759,59.16400139823728,13.705423825900304,0.9,69.45999908447266,3.7999139703342166,5.4706507636330555,True
mc_variance_reduction,BZ=F,2026-01-27,67.56999969482422,0,2026-01-27,67.56999969482422,67.56999969482422,67.56999969482422,0.0,0.9,67.56999969482422,0.0,0.0,True
mc_variance_reduction,BZ=F,2026-01-27,67.56999969482422,1,2026-01-28,67.58116371833788,70.33498118314097,64.93516614955296,5.399815033588013,0.9,68.4000015258789,0.8188378075410299,1.1971312708687958,True
mc_variance_reduction,BZ=F,2026-01-27,67.56999969482422,2,2026-01-29,67.59232957843352,71.44920848894029,63.94364775103639,7.505560737903899,0.9,70.70999908447266,3.1176695060391353,4.40909283892743,True
mc_variance_reduction,BZ=F,2026-01-27,67.56999969482422,3,2026-01-30,67.60349729134848,72.3562674112652,63.16291606925875,9.193351342006444,0.9,70.69000244140625,3.086505150057775,4.366254128532711,True
mc_variance_reduction,BZ=F,2026-01-27,67.56999969482422,4,2026-02-02,67.61466700069495,73.05447269555246,62.57992157739098,10.474551118161486,0.9,66.30000305175781,-1.3146639489371381,1.982901792494386,True
mc_variance_reduction,BZ=F,2026-01-27,67.56999969482422,5,2026-02-03,67.62583845804585,73.87072787493439,61.90887967034454,11.961848204589849,0.9,67.33000183105469,-0.29583662699116076,0.4393830669030395,True
mc_variance_reduction,BZ=F,2026-01-27,67.56999969482422,6,2026-02-04,67.63701148486516,74.34310868629184,61.53583575106109,12.807272935230749,0.9,69.45999908447266,1.822987599607501,2.62451428683508,True
mc_variance_reduction,BZ=F,2026-01-27,67.56999969482422,7,2026-02-05,67.64818657693536,75.02955988005104,60.992989368364704,14.036570511686335,0.9,67.55000305175781,-0.09818352517754647,0.14534940154231643,True
mc_variance_reduction,BZ=F,2026-01-28,68.4000015258789,0,2026-01-28,68.4000015258789,68.4000015258789,68.4000015258789,0.0,0.9,68.4000015258789,0.0,0.0,True
mc_variance_reduction,BZ=F,2026-01-28,68.4000015258789,1,2026-01-29,68.41165433510147,71.15468784706,65.77436558382888,5.380322263231122,0.9,70.70999908447266,2.298344749371182,3.250381528962401,True
mc_variance_reduction,BZ=F,2026-01-28,68.4000015258789,2,2026-01-30,68.42330913259613,72.34640533919045,64.71294889296061,7.633456446229843,0.9,70.69000244140625,2.266693308810119,3.2065260015925774,True
mc_variance_reduction,BZ=F,2026-01-28,68.4000015258789,3,2026-02-02,68.43496589323641,73.22647785653645,63.956982430884146,9.269495425652302,0.9,66.30000305175781,-2.134962841478597,3.220154967130115,True
mc_variance_reduction,BZ=F,2026-01-28,68.4000015258789,4,2026-02-03,68.44662470474108,74.02985225769926,63.2844762670023,10.745375990696964,0.9,67.33000183105469,-1.1166228736863957,1.658432858041858,True
mc_variance_reduction,BZ=F,2026-01-28,68.4000015258789,5,2026-02-04,68.45828546279463,74.6921747961299,62.74468318083185,11.947491615298055,0.9,69.45999908447266,1.0017136216780216,1.4421445938399793,True
mc_variance_reduction,BZ=F,2026-01-28,68.4000015258789,6,2026-02-05,68.46994819344292,75.36013095504298,62.20973528031323,13.150395674729744,0.9,67.55000305175781,-0.9199451416851048,1.3618728351207168,True
mc_variance_reduction,BZ=F,2026-01-28,68.4000015258789,7,2026-02-06,68.48161287634267,76.01616412508332,61.693869363339495,14.322294761743827,0.9,68.05000305175781,-0.43160982458485364,0.6342539386171338,True
mc_variance_reduction,BZ=F,2026-01-29,70.70999908447266,0,2026-01-29,70.70999908447266,70.70999908447266,70.70999908447266,0.0,0.9,70.70999908447266,0.0,0.0,True
mc_variance_reduction,BZ=F,2026-01-29,70.70999908447266,1,2026-01-30,70.72304241474974,73.61656957987898,67.9432464320995,5.6733231477794845,0.9,70.69000244140625,-0.033039973343491624,0.04673924487536678,True
mc_variance_reduction,BZ=F,2026-01-29,70.70999908447266,2,2026-02-02,70.73608815025659,74.67697774900782,67.0031690864613,7.67380866254652,0.9,66.30000305175781,-4.436085098498779,6.690927442394989,False
mc_variance_reduction,BZ=F,2026-01-29,70.70999908447266,3,2026-02-03,70.74913638597965,75.67586902889086,66.14314910862917,9.532719920261684,0.9,67.33000183105469,-3.419134554924966,5.078173862974641,True
mc_variance_reduction,BZ=F,2026-01-29,70.70999908447266,4,2026-02-04,70.76218686880813,76.60006881792462,65.36922449146566,11.230844326458964,0.9,69.45999908447266,-1.302187784335473,1.874730494527992,True
mc_variance_reduction,BZ=F,2026-01-29,70.70999908447266,5,2026-02-05,70.77523983514752,77.43590178859851,64.68749593528416,12.748405853314352,0.9,67.55000305175781,-3.225236783389704,4.774591617588055,True
mc_variance_reduction,BZ=F,2026-01-29,70.70999908447266,6,2026-02-06,70.7882951615426,78.01538007748076,64.23070331645788,13.78467676102288,0.9,68.05000305175781,-2.738292109784794,4.023941200564077,True
mc_variance_reduction,BZ=F,2026-01-29,70.70999908447266,7,2026-02-09,70.80135304872148,78.67855376241712,63.71280794671313,14.965745815703997,0.9,69.04000091552734,-1.761352133194137,2.551205257585683,True
mc_variance_reduction,BZ=F,2026-01-30,70.69000244140625,0,2026-01-30,70.69000244140625,70.69000244140625,70.69000244140625,0.0,0.9,70.69000244140625,0.0,0.0,True
mc_variance_reduction,BZ=F,2026-01-30,70.69000244140625,1,2026-02-02,70.70302799381261,73.5484851914947,67.96765638253666,5.580828808958046,0.9,66.30000305175781,-4.403024942054799,6.641062955332792,False
mc_variance_reduction,BZ=F,2026-01-30,70.69000244140625,2,2026-02-03,70.71605598407473,74.72761323507162,66.91984866418379,7.8077645708878265,0.9,67.33000183105469,-3.3860541530200408,5.029042122286543,True
mc_variance_reduction,BZ=F,2026-01-30,70.69000244140625,3,2026-02-04,70.72908630558038,75.67939219645925,66.10258755404767,9.576804642411574,0.9,69.45999908447266,-1.2690872211077249,1.8270763573785036,True
mc_variance_reduction,BZ=F,2026-01-30,70.69000244140625,4,2026-02-05,70.74211905312418,76.43923416952283,65.46961730561769,10.969616863905145,0.9,67.55000305175781,-3.1921160013663723,4.725560114217205,True
mc_variance_reduction,BZ=F,2026-01-30,70.69000244140625,5,2026-02-06,70.75515431516153,77.25352575456044,64.80340927638807,12.450116478172376,0.9,68.05000305175781,-2.705151263403721,3.975240473312284,True
mc_variance_reduction,BZ=F,2026-01-30,70.69000244140625,6,2026-02-09,70.76819184178284,77.91780155982168,64.274618450442,13.643183109379677,0.9,69.04000091552734,-1.7281909262554933,2.5031733825872777,True
mc_variance_reduction,BZ=F,2026-01-30,70.69000244140625,7,2026-02-10,70.78123176683425,78.46905497214615,63.846605096237624,14.62244987590853,0.9,68.80000305175781,-1.9812287150764405,2.879692772086034,True
mc_variance_reduction,BZ=F,2026-02-02,66.30000305175781,0,2026-02-02,66.30000305175781,66.30000305175781,66.30000305175781,0.0,0.9,66.30000305175781,0.0,0.0,True
mc_variance_reduction,BZ=F,2026-02-02,66.30000305175781,1,2026-02-03,66.31040226166508,68.94858088609165,63.77316823504115,5.1754126510505,0.9,67.33000183105469,1.0195995693896123,1.5143317119580728,True
mc_variance_reduction,BZ=F,2026-02-02,66.30000305175781,2,2026-02-04,66.32080307819683,70.1674975588387,62.684990543885405,7.482507014953299,0.9,69.45999908447266,3.1391960062758244,4.5194299563093026,True
mc_variance_reduction,BZ=F,2026-02-02,66.30000305175781,3,2026-02-05,66.33120553761586,71.02773697834093,61.94522053342139,9.082516444919534,0.9,67.55000305175781,1.2187975141419543,1.8042893546697452,True
mc_variance_reduction,BZ=F,2026-02-02,66.30000305175781,4,2026-02-06,66.34160986608276,71.9001550405003,61.2127912612177,10.687363779282592,0.9,68.05000305175781,1.7083931856750496,2.510496853873278,True
mc_variance_reduction,BZ=F,2026-02-02,66.30000305175781,5,2026-02-09,66.35201535252699,72.49632402687182,60.72845767616772,11.767866350704097,0.9,69.04000091552734,2.6879855630003533,3.8933741705611937,True
mc_variance_reduction,BZ=F,2026-02-02,66.30000305175781,6,2026-02-10,66.3624229897274,73.10146585687714,60.244635296193586,12.856830560683555,0.9,68.80000305175781,2.4375800620304062,3.542994119050591,True
mc_variance_reduction,BZ=F,2026-02-02,66.30000305175781,7,2026-02-11,66.37283169648197,73.84097277056865,59.66000478129918,14.180967989269476,0.9,69.4000015258789,3.0271698293969393,4.361916084782972,True
mc_variance_reduction,BZ=F,2026-02-03,67.33000183105469,0,2026-02-03,67.33000183105469,67.33000183105469,67.33000183105469,0.0,0.9,67.33000183105469,0.0,0.0,True
mc_variance_reduction,BZ=F,2026-02-03,67.33000183105469,1,2026-02-04,67.34100041025386,70.08337482624398,64.70593556170684,5.377439264537145,0.9,69.45999908447266,2.118998674218801,3.0506747799432232,True
mc_variance_reduction,BZ=F,2026-02-03,67.33000183105469,2,2026-02-05,67.35200077542711,71.29253512625633,63.62927058537978,7.663264540876547,0.9,67.55000305175781,0.19800227633069767,0.29311956681776224,True
mc_variance_reduction,BZ=F,2026-02-03,67.33000183105469,3,2026-02-06,67.36300307729272,72.19726723171186,62.852436843569464,9.344830388142398,0.9,68.05000305175781,0.6869999744650954,1.0095517173490405,True
mc_variance_reduction,BZ=F,2026-02-03,67.33000183105469,4,2026-02-09,67.37400690734789,72.91349398093944,62.255373574182755,10.65812040675668,0.9,69.04000091552734,1.665994008179453,2.413085147866452,True
mc_variance_reduction,BZ=F,2026-02-03,67.33000183105469,5,2026-02-10,67.38501267510165,73.83680767930242,61.49696996575728,12.339837713545144,0.9,68.80000305175781,1.4149903766561636,2.056671967865576,True
mc_variance_reduction,BZ=F,2026-02-03,67.33000183105469,6,2026-02-11,67.39602022918197,74.4738094514978,60.990884975900066,13.482924475597734,0.9,69.4000015258789,2.003981296696935,2.88758105567139,True
mc_variance_reduction,BZ=F,2026-02-03,67.33000183105469,7,2026-02-12,67.40703000384448,74.94255462673257,60.62920696624198,14.313347660490592,0.9,67.5199966430664,0.11296663922192351,0.16730841948808658,True
mc_variance_reduction,BZ=F,2026-02-04,69.45999908447266,0,2026-02-04,69.45999908447266,69.45999908447266,69.45999908447266,0.0,0.9,69.45999908447266,0.0,0.0,True
mc_variance_reduction,BZ=F,2026-02-04,69.45999908447266,1,2026-02-05,69.47226231078079,72.33842587545695,66.71966068258892,5.618765192868025,0.9,67.55000305175781,-1.9222592590229794,2.8456834525234824,True
mc_variance_reduction,BZ=F,2026-02-04,69.45999908447266,2,2026-02-06,69.48452763620904,73.49632588255041,65.6917134745963,7.80461240795411,0.9,68.05000305175781,-1.4345245844512249,2.108044849550039,True
mc_variance_reduction,BZ=F,2026-02-04,69.45999908447266,3,2026-02-09,69.49679516680325,74.50240674858746,64.82749682920705,9.674909919380411,0.9,69.04000091552734,-0.4567942512759089,0.6616370875122254,True
mc_variance_reduction,BZ=F,2026-02-04,69.45999908447266,4,2026-02-10,69.5090648622929,75.42634493025612,64.05600194055367,11.37034298970245,0.9,68.80000305175781,-0.7090618105350899,1.0306130509931333,True
mc_variance_reduction,BZ=F,2026-02-04,69.45999908447266,5,2026-02-11,69.52133670722642,76.25482835109588,63.38242921493862,12.872399136157263,0.9,69.4000015258789,-0.12133518134751853,0.1748345514117507,True
mc_variance_reduction,BZ=F,2026-02-04,69.45999908447266,6,2026-02-12,69.53361080393512,76.90819637039355,62.86616057065392,14.042035799739637,0.9,67.5199966430664,-2.0136141608687126,2.9822486092725384,True
mc_variance_reduction,BZ=F,2026-02-04,69.45999908447266,7,2026-02-13,69.54588691306841,77.54482347531295,62.37206005938181,15.172763415931144,0.9,67.75,-1.795886913068415,2.6507555912448932,True
mc_variance_reduction,BZ=F,2026-02-05,67.55000305175781,0,2026-02-05,67.55000305175781,67.55000305175781,67.55000305175781,0.0,0.9,67.55000305175781,0.0,0.0,True
mc_variance_reduction,BZ=F,2026-02-05,67.55000305175781,1,2026-02-06,67.56112199265897,70.31911135052736,64.91130387235964,5.407807478167726,0.9,68.05000305175781,0.48888105909884416,0.7184144558039307,True
mc_variance_reduction,BZ=F,2026-02-05,67.55000305175781,2,2026-02-09,67.57224276398529,71.55282392640517,63.813106773175804,7.739717153229364,0.9,69.04000091552734,1.467758151542057,2.125953261990692,True
mc_variance_reduction,BZ=F,2026-02-05,67.55000305175781,3,2026-02-10,67.58336536710979,72.46822489459366,63.027779216066186,9.440445678527475,0.9,68.80000305175781,1.2166376846480205,1.7683686492466453,True
mc_variance_reduction,BZ=F,2026-02-05,67.55000305175781,4,2026-02-11,67.59448979758247,73.2982566634705,62.33456647216219,10.96369019130831,0.9,69.4000015258789,1.8055117282964375,2.6016018567711003,True
mc_variance_reduction,BZ=F,2026-02-05,67.55000305175781,5,2026-02-12,67.60561617840692,74.04400184615409,61.72707051470727,12.316931331446817,0.9,67.5199966430664,-0.0856195353405127,0.12680619016189618,True
mc_variance_reduction,BZ=F,2026-02-05,67.55000305175781,6,2026-02-13,67.61674416256159,74.671552266285,61.228459194587344,13.44309307169766,0.9,67.75,0.13325583743841207,0.19668758293492558,True
mc_variance_reduction,BZ=F,2026-02-05,67.55000305175781,7,2026-02-16,67.62787417531655,75.36690878328608,60.68352058473587,14.683388198550212,0.9,,,,
mc_variance_reduction,BZ=F,2026-02-06,68.05000305175781,0,2026-02-06,68.05000305175781,68.05000305175781,68.05000305175781,0.0,0.9,68.05000305175781,0.0,0.0,True
mc_variance_reduction,BZ=F,2026-02-06,68.05000305175781,1,2026-02-09,68.0614131148434,70.81208446666258,65.4175906676011,5.394493799061479,0.9,69.04000091552734,0.9785878006839397,1.4174214769800964,True
mc_variance_reduction,BZ=F,2026-02-06,68.05000305175781,2,2026-02-10,68.07282513420162,71.97901261373586,64.378620249555,7.600392364180863,0.9,68.80000305175781,0.7271779175561903,1.0569446007279084,True
mc_variance_reduction,BZ=F,2026-02-06,68.05000305175781,3,2026-02-11,68.08423897975678,72.94673114993063,63.54587141061381,9.400859739316815,0.9,69.4000015258789,1.31576254612213,1.8959114080588153,True
mc_variance_reduction,BZ=F,2026-02-06,68.05000305175781,4,2026-02-12,68.09565478678287,73.68985135645019,62.92614403710817,10.763707319342018,0.9,67.5199966430664,-0.575658143716467,0.8525743073708831,True
mc_variance_reduction,BZ=F,2026-02-06,68.05000305175781,5,2026-02-13,68.10707249984485,74.49576052017488,62.266272503201726,12.229488016973157,0.9,67.75,-0.3570724998448469,0.5270442802137961,True
mc_variance_reduction,BZ=F,2026-02-06,68.05000305175781,6,2026-02-16,68.11849213415076,75.11781865242183,61.77134872033074,13.34646993209109,0.9,,,,
mc_variance_reduction,BZ=F,2026-02-06,68.05000305175781,7,2026-02-17,68.12991448389471,75.67467218699021,61.33736714286584,14.33730504412437,0.9,67.41999816894531,-0.7099163149493961,1.0529758739690895,True
mc_variance_reduction,BZ=F,2026-02-09,69.04000091552734,0,2026-02-09,69.04000091552734,69.04000091552734,69.04000091552734,0.0,0.9,69.04000091552734,0.0,0.0,True
mc_variance_reduction,BZ=F,2026-02-09,69.04000091552734,1,2026-02-10,69.05199627110795,71.92066219061056,66.29775148095125,5.622910709659308,0.9,68.80000305175781,-0.2519932193501404,0.36626919792513307,True
mc_variance_reduction,BZ=F,2026-02-09,69.04000091552734,2,2026-02-11,69.06399376008055,73.11242591765476,65.23973409284253,7.872691824812236,0.9,69.4000015258789,0.3360077657983567,0.4841610351738409,True
mc_variance_reduction,BZ=F,2026-02-09,69.04000091552734,3,2026-02-12,69.07599321980868,74.09757803897284,64.39472065583469,9.702857383138152,0.9,67.5199966430664,-1.5559965767422739,2.3044974142516614,True
mc_variance_reduction,BZ=F,2026-02-09,69.04000091552734,4,2026-02-13,69.08799488112685,74.82827665217371,63.788065715817595,11.040210936356118,0.9,67.75,-1.3379948811268463,1.9749001935451607,True
mc_variance_reduction,BZ=F,2026-02-09,69.04000091552734,5,2026-02-16,69.09999858741128,75.58501438025218,63.17138172665818,12.413632653593993,0.9,,,,
mc_variance_reduction,BZ=F,2026-02-09,69.04000091552734,6,2026-02-17,69.1120043270347,76.31922071628043,62.58540239078699,13.733818325493438,0.9,67.41999816894531,-1.6920061580893844,2.509650258146623,True
mc_variance_reduction,BZ=F,2026-02-09,69.04000091552734,7,2026-02-18,69.12401214609747,76.80658810281777,62.20988555296684,14.596702549850932,0.9,70.3499984741211,1.2259863280236232,1.7426956000213898,True
mc_variance_reduction,BZ=F,2026-02-10,68.80000305175781,0,2026-02-10,68.80000305175781,68.80000305175781,68.80000305175781,0.0,0.9,68.80000305175781,0.0,0.0,True
mc_variance_reduction,BZ=F,2026-02-10,68.80000305175781,1,2026-02-11,68.81184974626908,71.64054016775337,66.09484872383108,5.545691443922294,0.9,69.4000015258789,0.5881517796098308,0.8474809318131096,True
mc_variance_reduction,BZ=F,2026-02-10,68.80000305175781,2,2026-02-12,68.82369847798029,72.85829575321702,65.01252084389455,7.845774909322472,0.9,67.5199966430664,-1.3037018349138805,1.9308381216392685,True
mc_variance_reduction,BZ=F,2026-02-10,68.80000305175781,3,2026-02-13,68.83554924596484,73.821733704614,64.1861495426826,9.635584161931405,0.9,67.75,-1.0855492459648417,1.6022867099112055,True
mc_variance_reduction,BZ=F,2026-02-10,68.80000305175781,4,2026-02-16,68.84740206553435,74.65994179647565,63.48738901859314,11.172552777882508,0.9,,,,
mc_variance_reduction,BZ=F,2026-02-10,68.80000305175781,5,2026-02-17,68.85925709309329,75.33505760599614,62.940116610408076,12.394940995588065,0.9,67.41999816894531,-1.4392589241479783,2.134765593646846,True
mc_variance_reduction,BZ=F,2026-02-10,68.80000305175781,6,2026-02-18,68.87111397407456,76.10048615608974,62.328515289239014,13.77197086685073,0.9,70.3499984741211,1.478884500046533,2.1021812823358546,True
mc_variance_reduction,BZ=F,2026-02-10,68.80000305175781,7,2026-02-19,68.88297281541162,76.52343224104725,62.005373677260145,14.5180585637871,0.9,71.66000366210938,2.7770308466977554,3.8752870566292277,True
mc_variance_reduction,BZ=F,2026-02-11,69.4000015258789,0,2026-02-11,69.4000015258789,69.4000015258789,69.4000015258789,0.0,0.9,69.4000015258789,0.0,0.0,True
mc_variance_reduction,BZ=F,2026-02-11,69.4000015258789,1,2026-02-12,69.4122026185641,72.34275696349866,66.60036293093096,5.742394032567702,0.9,67.5199966430664,-1.8922059754976885,2.8024378992501005,True
mc_variance_reduction,BZ=F,2026-02-11,69.4000015258789,2,2026-02-13,69.42440581064618,73.55077305594331,65.52953756420548,8.021235491737826,0.9,67.75,-1.6744058106461779,2.471447690990668,True
mc_variance_reduction,BZ=F,2026-02-11,69.4000015258789,3,2026-02-16,69.43661117103639,74.33717097647975,64.85911298110923,9.47805799537052,0.9,,,,
mc_variance_reduction,BZ=F,2026-02-11,69.4000015258789,4,2026-02-17,69.44881892358146,75.17283897607395,64.160652724135,11.012186251938942,0.9,67.41999816894531,-2.0288207546361434,3.0092269500693187,True
mc_variance_reduction,BZ=F,2026-02-11,69.4000015258789,5,2026-02-18,69.46102850063542,75.8987751765323,63.56933229361902,12.329442882913277,0.9,70.3499984741211,0.888969973485672,1.2636389378354969,True
mc_variance_reduction,BZ=F,2026-02-11,69.4000015258789,6,2026-02-19,69.47324022933992,76.3276445355723,63.23437758112912,13.093266954443187,0.9,71.66000366210938,2.186763432769453,3.051581525282166,True
mc_variance_reduction,BZ=F,2026-02-11,69.4000015258789,7,2026-02-20,69.4854544440962,77.16783772185575,62.56788443734382,14.599953284511926,0.9,71.76000213623047,2.274547692134263,3.1696594543241807,True
mc_variance_reduction,BZ=F,2026-02-12,67.5199966430664,0,2026-02-12,67.5199966430664,67.5199966430664,67.5199966430664,0.0,0.9,67.5199966430664,0.0,0.0,True
mc_variance_reduction,BZ=F,2026-02-12,67.5199966430664,1,2026-02-13,67.53107433193424,70.21353136043481,64.95109854749663,5.2624328129381865,0.9,67.75,0.21892566806576497,0.3231375174402435,True
mc_variance_reduction,BZ=F,2026-02-12,67.5199966430664,2,2026-02-16,67.54215384560048,71.37746698085965,63.9129227573354,7.46454422352425,0.9,,,,
mc_variance_reduction,BZ=F,2026-02-12,67.5199966430664,3,2026-02-17,67.55323503998707,72.33919820169274,63.08391131612293,9.25528688556981,0.9,67.41999816894531,-0.13323687104175974,0.1976221813413378,True
mc_variance_reduction,BZ=F,2026-02-12,67.5199966430664,4,2026-02-18,67.5643182042345,73.23176988927844,62.335473967287626,10.896295921990813,0.9,70.3499984741211,2.7856802698865977,3.959744605980818,True
mc_variance_reduction,BZ=F,2026-02-12,67.5199966430664,5,2026-02-19,67.57540305842988,73.84505660951639,61.8380607677757,12.00699584174069,0.9,71.66000366210938,4.08460060367949,5.699972641557714,True
mc_variance_reduction,BZ=F,2026-02-12,67.5199966430664,6,2026-02-20,67.5864897976251,74.41978706884585,61.38063261516176,13.039154453684091,0.9,71.76000213623047,4.173512338605363,5.815931179436551,True
mc_variance_reduction,BZ=F,2026-02-12,67.5199966430664,7,2026-02-23,67.5975783487319,75.13233445884373,60.81845655088592,14.31387790795781,0.9,71.48999786376953,3.8924195150376306,5.444705037556411,True
mc_variance_reduction,BZ=F,2026-02-13,67.75,0,2026-02-13,67.75,67.75,67.75,0.0,0.9,67.75,0.0,0.0,True
mc_variance_reduction,BZ=F,2026-02-13,67.75,1,2026-02-16,67.761208510454,70.6012997351702,65.03536614765271,5.565933587517492,0.9,,,,
mc_variance_reduction,BZ=F,2026-02-13,67.75,2,2026-02-17,67.77241900806246,71.67732199867724,64.08025077487478,7.597071223802459,0.9,67.41999816894531,-0.35242083911714417,0.5227244863371631,True
mc_variance_reduction,BZ=F,2026-02-13,67.75,3,2026-02-18,67.78363109462217,72.60686841816458,63.280799176339286,9.326069241825294,0.9,70.3499984741211,2.566367379498928,3.6479991971044465,True
mc_variance_reduction,BZ=F,2026-02-13,67.75,4,2026-02-19,67.79484516805826,73.45436501025748,62.571380621400834,10.882984388856642,0.9,71.66000366210938,3.8651584940511157,5.39374587849043,True
mc_variance_reduction,BZ=F,2026-02-13,67.75,5,2026-02-20,67.80606119949292,74.12337357056636,62.027154190429464,12.096219380136894,0.9,71.76000213623047,3.9539409367375526,5.50995097412528,True
mc_variance_reduction,BZ=F,2026-02-13,67.75,6,2026-02-23,67.81727888326729,74.86832722480902,61.43029350697731,13.438033717831715,0.9,71.48999786376953,3.672718980502239,5.137388572176108,True
mc_variance_reduction,BZ=F,2026-02-13,67.75,7,2026-02-24,67.82849859144186,75.33176557273565,61.07257943711687,14.259186135618776,0.9,70.7699966430664,2.9414980516245492,4.1564196568500735,True
mc_variance_reduction,BZ=F,2026-02-17,67.41999816894531,0,2026-02-17,67.41999816894531,67.41999816894531,67.41999816894531,0.0,0.9,67.41999816894531,0.0,0.0,True
mc_variance_reduction,BZ=F,2026-02-17,67.41999816894531,1,2026-02-18,67.43100760252885,70.09615373242676,64.86719375928908,5.228959973137677,0.9,70.3499984741211,2.918990871592243,4.1492408456355845,False
mc_variance_reduction,BZ=F,2026-02-17,67.41999816894531,2,2026-02-19,67.44201882741874,71.3162941804805,63.77821444347127,7.538079737009227,0.9,71.66000366210938,4.21798483469064,5.886107478558396,False
mc_variance_reduction,BZ=F,2026-02-17,67.41999816894531,3,2026-02-20,67.45303195712788,72.34459341430389,62.89221200520294,9.452381409100944,0.9,71.76000213623047,4.306970179102592,6.001909212497184,True
mc_variance_reduction,BZ=F,2026-02-17,67.41999816894531,4,2026-02-23,67.4640466888739,73.11495082284321,62.24988933030956,10.865061492533655,0.9,71.48999786376953,4.025951174895624,5.631488732965733,True
mc_variance_reduction,BZ=F,2026-02-17,67.41999816894531,5,2026-02-24,67.47506359035566,73.64452389108294,61.82244011519066,11.822083775892281,0.9,70.7699966430664,3.2949330527107463,4.6558332754048015,True
mc_variance_reduction,BZ=F,2026-02-17,67.41999816894531,6,2026-02-25,67.48608179607419,74.25674955482991,61.33275772276372,12.923991832066186,0.9,70.8499984741211,3.3639166780469054,4.7479417791033836,True
mc_variance_reduction,BZ=F,2026-02-17,67.41999816894531,7,2026-02-26,67.49710195753215,75.06320586226047,60.69363439038791,14.369571471872561,0.9,70.75,3.252898042467848,4.5977357490711634,True
mc_variance_reduction,BZ=F,2026-02-18,70.3499984741211,0,2026-02-18,70.3499984741211,70.3499984741211,70.3499984741211,0.0,0.9,70.3499984741211,0.0,0.0,True
mc_variance_reduction,BZ=F,2026-02-18,70.3499984741211,1,2026-02-19,70.36275144159356,73.19144567594914,67.64338067479808,5.548065001151059,0.9,71.66000366210938,1.2972522205158157,1.8102876838139836,True
mc_variance_reduction,BZ=F,2026-02-18,70.3499984741211,2,2026-02-20,70.37550674003785,74.48382260334415,66.49379388453355,7.990028718810606,0.9,71.76000213623047,1.3844953961926194,1.92934135309008,True
mc_variance_reduction,BZ=F,2026-02-18,70.3499984741211,3,2026-02-23,70.38826431588366,75.35324487014422,65.75042339645783,9.60282147368639,0.9,71.48999786376953,1.1017335478858712,1.5411016656977963,True
mc_variance_reduction,BZ=F,2026-02-18,70.3499984741211,4,2026-02-24,70.40102423406955,76.4177226173241,64.85804682934321,11.559675787980893,0.9,70.7699966430664,0.3689724089968536,0.5213684138743041,True
mc_variance_reduction,BZ=F,2026-02-18,70.3499984741211,5,2026-02-25,70.41378644315182,77.13195129475054,64.28077129886618,12.851179995884351,0.9,70.8499984741211,0.43621203096927275,0.615683896067556,True
mc_variance_reduction,BZ=F,2026-02-18,70.3499984741211,6,2026-02-26,70.42655096825276,77.87827219436443,63.687841837465726,14.190430356898702,0.9,70.75,0.32344903174724493,0.45717177632119427,True
mc_variance_reduction,BZ=F,2026-02-18,70.3499984741211,7,2026-02-27,70.43931781484133,78.28598216474323,63.37913087952192,14.906851285221315,0.9,72.4800033569336,2.0406855420922625,2.815515242242392,True
mc_variance_reduction,BZ=F,2026-02-19,71.66000366210938,0,2026-02-19,71.66000366210938,71.66000366210938,71.66000366210938,0.0,0.9,71.66000366210938,0.0,0.0,True
mc_variance_reduction,BZ=F,2026-02-19,71.66000366210938,1,2026-02-20,71.67354940595851,74.47664572661783,68.97595391652808,5.500691810089748,0.9,71.76000213623047,0.08645273027195799,0.12047481563313583,True
mc_variance_reduction,BZ=F,2026-02-19,71.66000366210938,2,2026-02-23,71.68709771272664,75.77691038191318,67.81801936918043,7.9588910127327495,0.9,71.48999786376953,-0.19709984895710875,0.275702692469931,True
mc_variance_reduction,BZ=F,2026-02-19,71.66000366210938,3,2026-02-24,71.70064858222985,76.80895697579102,66.93207675204344,9.876880223747577,0.9,70.7699966430664,-0.9306519391634396,1.3150374216594214,True
mc_variance_reduction,BZ=F,2026-02-19,71.66000366210938,4,2026-02-25,71.71420208502403,77.75970782904002,66.13871002113471,11.620997807905312,0.9,70.8499984741211,-0.8642036109029334,1.2197651792732154,True
mc_variance_reduction,BZ=F,2026-02-19,71.66000366210938,5,2026-02-26,71.72775800987452,78.31531824970405,65.69431595514072,12.621002294563326,0.9,70.75,-0.9777580098745204,1.3819901199639864,True
mc_variance_reduction,BZ=F,2026-02-19,71.66000366210938,6,2026-02-27,71.74131650398324,79.00623162138521,65.14443733019698,13.861794291188232,0.9,72.4800033569336,0.7386868529503516,1.0191595181261637,True
mc_variance_reduction,BZ=F,2026-02-19,71.66000366210938,7,2026-03-02,71.754877606208,79.57721024248079,64.70146976257715,14.87574047990364,0.9,77.73999786376953,5.985120257561533,7.6988942912627465,True
mc_variance_reduction,BZ=F,2026-02-20,71.76000213623047,0,2026-02-20,71.76000213623047,71.76000213623047,71.76000213623047,0.0,0.9,71.76000213623047,0.0,0.0,True
mc_variance_reduction,BZ=F,2026-02-20,71.76000213623047,1,2026-02-23,71.77360345938087,74.74335683807745,68.92184633057315,5.8215105075043,0.9,71.48999786376953,-0.28360559561133414,0.3967066779772039,True
mc_variance_reduction,BZ=F,2026-02-20,71.76000213623047,2,2026-02-24,71.78720735604465,75.98701961303651,67.81951930713403,8.167500305902479,0.9,70.7699966430664,-1.0172107129782404,1.437347408830067,True
mc_variance_reduction,BZ=F,2026-02-20,71.76000213623047,3,2026-02-25,71.80081382173482,76.92454717219216,67.0183583109731,9.906188861219064,0.9,70.8499984741211,-0.9508153476137267,1.3420118109967563,True
mc_variance_reduction,BZ=F,2026-02-20,71.76000213623047,4,2026-02-26,71.8144228702264,77.74002504535784,66.34048972305496,11.399535322302881,0.9,70.75,-1.0644228702263945,1.5044846222281194,True
mc_variance_reduction,BZ=F,2026-02-20,71.76000213623047,5,2026-02-27,71.82803450122552,78.68360897087562,65.5697750678772,13.113833902998422,0.9,72.4800033569336,0.6519688557080769,0.8995154877372232,True
mc_variance_reduction,BZ=F,2026-02-20,71.76000213623047,6,2026-03-02,71.84164871173428,79.13603394561602,65.21962623112344,13.916407714492578,0.9,77.73999786376953,5.898349152035252,7.587277224230743,True
mc_variance_reduction,BZ=F,2026-02-20,71.76000213623047,7,2026-03-03,71.85526550917034,79.758989957997,64.73476189701852,15.024228060978487,0.9,81.4000015258789,9.544736016708569,11.72571970244261,False
mc_variance_reduction,BZ=F,2026-02-23,71.48999786376953,0,2026-02-23,71.48999786376953,71.48999786376953,71.48999786376953,0.0,0.9,71.48999786376953,0.0,0.0,True
mc_variance_reduction,BZ=F,2026-02-23,71.48999786376953,1,2026-02-24,71.50342807180579,74.47908939255238,68.64665323059529,5.832436161957091,0.9,70.7699966430664,-0.7334314287393795,1.036359281516564,True
mc_variance_reduction,BZ=F,2026-02-23,71.48999786376953,2,2026-02-25,71.5168607615646,75.59198386379865,67.66142535183535,7.930558511963298,0.9,70.8499984741211,-0.6668622874435073,0.9412311952089704,True
mc_variance_reduction,BZ=F,2026-02-23,71.48999786376953,3,2026-02-26,71.53029600680591,76.60477647309915,66.79196133446784,9.812815138631308,0.9,70.75,-0.7802960068059122,1.1028918824111833,True
mc_variance_reduction,BZ=F,2026-02-23,71.48999786376953,4,2026-02-27,71.5437337554994,77.3790911448102,66.14843572816639,11.230655416643813,0.9,72.4800033569336,0.9362696014341907,1.2917626353070872,True
mc_variance_reduction,BZ=F,2026-02-23,71.48999786376953,5,2026-03-02,71.55717406997908,78.2634304118072,65.42556499162949,12.837865420177721,0.9,77.73999786376953,6.1828237937904476,7.953208082955109,True
mc_variance_reduction,BZ=F,2026-02-23,71.48999786376953,6,2026-03-03,71.57061684758274,78.84490118599496,64.96746322960689,13.877437956388064,0.9,81.4000015258789,9.829384678296165,12.075410926339087,False
mc_variance_reduction,BZ=F,2026-02-23,71.48999786376953,7,2026-03-04,71.58406214556918,79.6469488130738,64.33740465857382,15.309544154499989,0.9,81.4000015258789,9.815939380309729,12.058893361554814,False
mc_variance_reduction,BZ=F,2026-02-24,70.7699966430664,0,2026-02-24,70.7699966430664,70.7699966430664,70.7699966430664,0.0,0.9,70.7699966430664,0.0,0.0,True
mc_variance_reduction,BZ=F,2026-02-24,70.7699966430664,1,2026-02-25,70.78298247312014,73.59464154917957,68.07874188860298,5.5158996605765935,0.9,70.8499984741211,0.06701600100095106,0.09458857084581244,True
mc_variance_reduction,BZ=F,2026-02-24,70.7699966430664,2,2026-02-26,70.79597066689216,74.90073409751804,66.91615940503272,7.9845746924853245,0.9,70.75,-0.045970666892159784,0.06497620762142725,True
mc_variance_reduction,BZ=F,2026-02-24,70.7699966430664,3,2026-02-27,70.80896125692831,75.7879399539624,66.15708248748733,9.630857466475064,0.9,72.4800033569336,1.6710421000052804,2.305521554374245,True
mc_variance_reduction,BZ=F,2026-02-24,70.7699966430664,4,2026-03-02,70.82195426920877,76.66008199278286,65.42843510341265,11.23164688937021,0.9,77.73999786376953,6.918043594560757,8.898950070314946,False
mc_variance_reduction,BZ=F,2026-02-24,70.7699966430664,5,2026-03-03,70.83494973697375,77.43277175404181,64.79930876630327,12.63346298773854,0.9,81.4000015258789,10.565051788905151,12.979178858548648,False
mc_variance_reduction,BZ=F,2026-02-24,70.7699966430664,6,2026-03-04,70.84794742132487,78.05636647798372,64.30521769805509,13.751148779928627,0.9,81.4000015258789,10.552054104554031,12.963211187654947,False
mc_variance_reduction,BZ=F,2026-02-24,70.7699966430664,7,2026-03-05,70.86094743903286,78.78567281095941,63.7333375197232,15.052335291236211,0.9,85.41000366210938,14.54905622307652,17.034370213393338,False
mc_variance_reduction,BZ=F,2026-02-25,70.8499984741211,0,2026-02-25,70.8499984741211,70.8499984741211,70.8499984741211,0.0,0.9,70.8499984741211,0.0,0.0,True
mc_variance_reduction,BZ=F,2026-02-25,70.8499984741211,1,2026-02-26,70.86302736508581,73.69599263401159,68.13896480789427,5.55702782611732,0.9,70.75,-0.1130273650858129,0.1597559930541525,True
mc_variance_reduction,BZ=F,2026-02-25,70.8499984741211,2,2026-02-27,70.87605865171997,74.99649787127842,66.98200359403134,8.014494277247081,0.9,72.4800033569336,1.603944705213621,2.212947890351035,True
mc_variance_reduction,BZ=F,2026-02-25,70.8499984741211,3,2026-03-02,70.88909233548901,75.9041198611356,66.20541047330518,9.69870938783042,0.9,77.73999786376953,6.850905528280521,8.812587749598283,False
mc_variance_reduction,BZ=F,2026-02-25,70.8499984741211,4,2026-03-03,70.9021284934858,76.71457480021724,65.53007471052864,11.184500089688598,0.9,81.4000015258789,10.497873032393102,12.896649675191455,False
mc_variance_reduction,BZ=F,2026-02-25,70.8499984741211,5,2026-03-04,70.91516691311554,77.33977022911878,65.02425484983647,12.315515379282317,0.9,81.4000015258789,10.484834612763365,12.880631960958869,False
mc_variance_reduction,BZ=F,2026-02-25,70.8499984741211,6,2026-03-05,70.92820805500045,78.19961815094116,64.33293124271763,13.866686908223528,0.9,85.41000366210938,14.481795607108921,16.955619934639472,False
mc_variance_reduction,BZ=F,2026-02-25,70.8499984741211,7,2026-03-06,70.94125111877352,78.84054356189702,63.833414530074734,15.007129031822288,0.9,92.69000244140625,21.748751322632728,23.463966716778486,False
mc_variance_reduction,BZ=F,2026-02-26,70.75,0,2026-02-26,70.75,70.75,70.75,0.0,0.9,70.75,0.0,0.0,True
mc_variance_reduction,BZ=F,2026-02-26,70.75,1,2026-02-27,70.76296274057785,73.648656802283,67.99033556816995,5.658321234113046,0.9,72.4800033569336,1.717040616355746,2.368985288121527,True
mc_variance_reduction,BZ=F,2026-02-26,70.75,2,2026-03-02,70.7759277737126,74.9358562835464,66.84693021524285,8.08892606830355,0.9,77.73999786376953,6.964070090056936,8.958155751767158,False
mc_variance_reduction,BZ=F,2026-02-26,70.75,3,2026-03-03,70.78889540530437,75.86956329100653,66.04845849472527,9.821104796281261,0.9,81.4000015258789,10.611106120574533,13.035756660521711,False
mc_variance_reduction,BZ=F,2026-02-26,70.75,4,2026-03-04,70.80186504833804,76.72328274697702,65.33745579265248,11.385826954324543,0.9,81.4000015258789,10.598136477540862,13.019823438420296,False
mc_variance_reduction,BZ=F,2026-02-26,70.75,5,2026-03-05,70.81483732231342,77.3615301232251,64.82215609157332,12.539374031651775,0.9,85.41000366210938,14.595166339795952,17.088357000353156,False
mc_variance_reduction,BZ=F,2026-02-26,70.75,6,2026-03-06,70.82781194915663,77.80299753439145,64.4779648994068,13.325032634984652,0.9,92.69000244140625,21.862190492249624,23.586352267138793,False
mc_variance_reduction,BZ=F,2026-02-26,70.75,7,2026-03-09,70.84078878754791,78.50832179647261,63.922107324283914,14.5862144721887,0.9,98.95999908447266,28.11921029692475,28.41472368337643,False
mc_variance_reduction,BZ=F,2026-02-27,72.4800033569336,0,2026-02-27,72.4800033569336,72.4800033569336,72.4800033569336,0.0,0.9,72.4800033569336,0.0,0.0,True
mc_variance_reduction,BZ=F,2026-02-27,72.4800033569336,1,2026-03-02,72.49401824643402,75.3813575059065,69.71727298907709,5.664084516829405,0.9,77.73999786376953,5.245979617335507,6.748108774750017,False
mc_variance_reduction,BZ=F,2026-02-27,72.4800033569336,2,2026-03-03,72.50803594370316,76.60171186136904,68.63313013018016,7.968581731188877,0.9,81.4000015258789,8.891965582175743,10.923790436722273,False
mc_variance_reduction,BZ=F,2026-02-27,72.4800033569336,3,2026-03-04,72.52205612202081,77.56666481580262,67.80552750203373,9.761137313768899,0.9,81.4000015258789,8.877945403858092,10.9065666307581,False
mc_variance_reduction,BZ=F,2026-02-27,72.4800033569336,4,2026-03-05,72.53607915382474,78.58258007053234,66.95482346735463,11.627756603177716,0.9,85.41000366210938,12.873924508284631,15.073087409310016,False
mc_variance_reduction,BZ=F,2026-02-27,72.4800033569336,5,2026-03-06,72.55010487661102,79.46627736985134,66.23586640033,13.230410969521344,0.9,92.69000244140625,20.139897564795234,21.728230698371835,False
mc_variance_reduction,BZ=F,2026-02-27,72.4800033569336,6,2026-03-09,72.56413330056591,80.1895837647399,65.66380806998106,14.525775694758835,0.9,98.95999908447266,26.395865783906743,26.673268015468683,False
mc_variance_reduction,BZ=F,2026-02-27,72.4800033569336,7,2026-03-10,72.57816452170943,80.75700039660842,65.22765734485331,15.529343051755106,0.9,87.80000305175781,15.221838530048387,17.33694533139727,False
mc_variance_reduction,BZ=F,2026-03-02,77.73999786376953,0,2026-03-02,77.73999786376953,77.73999786376953,77.73999786376953,0.0,0.9,77.73999786376953,0.0,0.0,True
mc_variance_reduction,BZ=F,2026-03-02,77.73999786376953,1,2026-03-03,77.75732686345737,80.91588535286141,74.72206299606786,6.193822356793547,0.9,81.4000015258789,3.642674662421541,4.475030213928745,False
mc_variance_reduction,BZ=F,2026-03-02,77.73999786376953,2,2026-03-04,77.77465972886124,82.33265896046045,73.46899486309742,8.863664097363028,0.9,81.4000015258789,3.6253417970176685,4.453736767885797,True
mc_variance_reduction,BZ=F,2026-03-02,77.73999786376953,3,2026-03-05,77.7919964572119,83.25862674418163,72.68429649240109,10.574330251780538,0.9,85.41000366210938,7.618007204897481,8.91933834242074,False
mc_variance_reduction,BZ=F,2026-03-02,77.73999786376953,4,2026-03-06,77.80933705042065,84.24940657128076,71.86154987874687,12.387856692533887,0.9,92.69000244140625,14.880665390985598,16.054229149893885,False
mc_variance_reduction,BZ=F,2026-03-02,77.73999786376953,5,2026-03-09,77.82668178550512,85.14440373271897,71.13788061578012,14.006523116938851,0.9,98.95999908447266,21.13331729896754,21.3554137979812,False
mc_variance_reduction,BZ=F,2026-03-02,77.73999786376953,6,2026-03-10,77.84402997721453,85.83400550261291,70.59781194210925,15.236193560503665,0.9,87.80000305175781,9.95597307454328,11.339376683932763,False
mc_variance_reduction,BZ=F,2026-03-02,77.73999786376953,7,2026-03-11,77.86138204322216,86.40500897653787,70.16253895834275,16.24247001819512,0.9,91.9800033569336,14.11862131371143,15.349663838262021,False
mc_variance_reduction,BZ=F,2026-03-03,81.4000015258789,0,2026-03-03,81.4000015258789,81.4000015258789,81.4000015258789,0.0,0.9,81.4000015258789,0.0,0.0,True
mc_variance_reduction,BZ=F,2026-03-03,81.4000015258789,1,2026-03-04,81.4197218514744,84.73671007161755,78.23257594804784,6.504134123569713,0.9,81.4000015258789,-0.0197203255955003,0.024226443766380962,True
mc_variance_reduction,BZ=F,2026-03-03,81.4000015258789,2,2026-03-05,81.43944695369115,86.28217210903044,76.86852748977455,9.41364461925589,0.9,85.41000366210938,3.970556708418229,4.648819269609393,True
mc_variance_reduction,BZ=F,2026-03-03,81.4000015258789,3,2026-03-06,81.45917682189143,87.33467197956135,75.97895938225004,11.35571259731131,0.9,92.69000244140625,11.230825619514818,12.116544744525555,False
mc_variance_reduction,BZ=F,2026-03-03,81.4000015258789,4,2026-03-09,81.47891147972811,88.1791805214494,75.28776042480825,12.891420096641141,0.9,98.95999908447266,17.481087604744545,17.664801704194254,False
mc_variance_reduction,BZ=F,2026-03-03,81.4000015258789,5,2026-03-10,81.49865091328434,89.19783744100967,74.46402621959871,14.73381122141096,0.9,87.80000305175781,6.301352138473476,7.176938404841341,True
mc_variance_reduction,BZ=F,2026-03-03,81.4000015258789,6,2026-03-11,81.5183951658224,89.83228352370871,73.97394883326291,15.858334690445801,0.9,91.9800033569336,10.461608191111196,11.373785398239589,False
mc_variance_reduction,BZ=F,2026-03-03,81.4000015258789,7,2026-03-12,81.53814417176962,90.58521640553045,73.39463561154287,17.19058079398758,0.9,100.45999908447266,18.92185491270304,18.8352131048622,False
mc_variance_reduction,BZ=F,2026-03-04,81.4000015258789,0,2026-03-04,81.4000015258789,81.4000015258789,81.4000015258789,0.0,0.9,81.4000015258789,0.0,0.0,True
mc_variance_reduction,BZ=F,2026-03-04,81.4000015258789,1,2026-03-05,81.41971351787122,84.71348486699983,78.25400839443253,6.459476472567303,0.9,85.41000366210938,3.990290144238159,4.671923630894749,False
mc_variance_reduction,BZ=F,2026-03-04,81.4000015258789,2,2026-03-06,81.4394302988753,86.13171837718635,77.00276926309839,9.128949114087959,0.9,92.69000244140625,11.250572142530956,12.1378485771893,False
mc_variance_reduction,BZ=F,2026-03-04,81.4000015258789,3,2026-03-09,81.45915227342053,87.32267357868852,75.98935245348325,11.333321125205273,0.9,98.95999908447266,17.500846811052128,17.684768566047918,False
mc_variance_reduction,BZ=F,2026-03-04,81.4000015258789,4,2026-03-10,81.47887814718311,88.27153667253006,75.20892725666957,13.062609415860493,0.9,87.80000305175781,6.321124904574702,7.199458638798019,True
mc_variance_reduction,BZ=F,2026-03-04,81.4000015258789,5,2026-03-11,81.49860927588385,89.285489370695,74.39084839137213,14.894640979322872,0.9,91.9800033569336,10.481394081049743,11.395296475883027,False
mc_variance_reduction,BZ=F,2026-03-04,81.4000015258789,6,2026-03-12,81.5183451263897,89.8284299958077,73.97703144626611,15.851398549541585,0.9,100.45999908447266,18.941653958082952,18.85492149184244,False
mc_variance_reduction,BZ=F,2026-03-04,81.4000015258789,7,2026-03-13,81.53808591606,90.40608333334889,73.53995642378992,16.86612690955897,0.9,103.13999938964844,21.60191347358844,20.944263720595384,False
mc_variance_reduction,BZ=F,2026-03-05,85.41000366210938,0,2026-03-05,85.41000366210938,85.41000366210938,85.41000366210938,0.0,0.9,85.41000366210938,0.0,0.0,True
mc_variance_reduction,BZ=F,2026-03-05,85.41000366210938,1,2026-03-06,85.43241287991921,88.91750348822157,82.0839194013119,6.833584086909667,0.9,92.69000244140625,7.257589561487038,7.8299594026603945,False
mc_variance_reduction,BZ=F,2026-03-05,85.41000366210938,2,2026-03-09,85.45482797436372,90.34247249408962,80.83161133741349,9.510861156676128,0.9,98.95999908447266,13.505171110108932,13.647101086349913,False
mc_variance_reduction,BZ=F,2026-03-05,85.41000366210938,3,2026-03-10,85.47724894912764,91.55984266210582,79.79874010823383,11.761102553871993,0.9,87.80000305175781,2.322754102630171,2.6455057196990244,True
mc_variance_reduction,BZ=F,2026-03-05,85.41000366210938,4,2026-03-11,85.49967581479015,92.63885794799249,78.91067232275996,13.728185625232527,0.9,91.9800033569336,6.480327542143442,7.045365629088058,True
mc_variance_reduction,BZ=F,2026-03-05,85.41000366210938,5,2026-03-12,85.5221085754716,93.53961907514149,78.191798557558,15.347820517583486,0.9,100.45999908447266,14.93789050900105,14.869490986596961,False
mc_variance_reduction,BZ=F,2026-03-05,85.41000366210938,6,2026-03-13,85.54454725113834,94.32359923329172,77.58259452011467,16.74100471317705,0.9,103.13999938964844,17.595452138510097,17.059775298269052,False
mc_variance_reduction,BZ=F,2026-03-05,85.41000366210938,7,2026-03-16,85.5669929533179,95.08983323890352,76.99782217436903,18.09201106453449,0.9,100.20999908447266,14.643006131154763,14.612320392111119,False
mc_variance_reduction,BZ=F,2026-03-06,92.69000244140625,0,2026-03-06,92.69000244140625,92.69000244140625,92.69000244140625,0.0,0.9,92.69000244140625,0.0,0.0,True
mc_variance_reduction,BZ=F,2026-03-06,92.69000244140625,1,2026-03-09,92.7175129560719,96.62130020167052,88.97144995801811,7.649850243652409,0.9,98.95999908447266,6.242486128400756,6.308090325538649,False
mc_variance_reduction,BZ=F,2026-03-06,92.69000244140625,2,2026-03-10,92.74503128477689,98.19146203639214,87.600700205564,10.590761830828143,0.9,87.80000305175781,-4.945028233019073,5.632150411320596,True
mc_variance_reduction,BZ=F,2026-03-06,92.69000244140625,3,2026-03-11,92.7725579850105,99.52089478749016,86.48181420412097,13.039080583369199,0.9,91.9800033569336,-0.7925546280768998,0.8616597077098886,True
mc_variance_reduction,BZ=F,2026-03-06,92.69000244140625,4,2026-03-12,92.80009280576057,100.7007158288545,85.5193247572083,15.181391071646203,0.9,100.45999908447266,7.659906278712086,7.624832120763994,True
mc_variance_reduction,BZ=F,2026-03-06,92.69000244140625,5,2026-03-13,92.82763580325744,101.39673156419883,84.98271934941899,16.414012214779845,0.9,103.13999938964844,10.312363586391001,9.99841346462718,False
mc_variance_reduction,BZ=F,2026-03-06,92.69000244140625,6,2026-03-16,92.85518697600146,102.26653293436735,84.30994481678816,17.956588117579187,0.9,100.20999908447266,7.354812108471194,7.339399436848022,True
mc_variance_reduction,BZ=F,2026-03-06,92.69000244140625,7,2026-03-17,92.8827469882269,103.39235948376795,83.4414129851092,19.95094649865875,0.9,103.41999816894531,10.537251180718414,10.188794592226664,False
mc_variance_reduction,BZ=F,2026-03-09,98.95999908447266,0,2026-03-09,98.95999908447266,98.95999908447266,98.95999908447266,0.0,0.9,98.95999908447266,0.0,0.0,True
mc_variance_reduction,BZ=F,2026-03-09,98.95999908447266,1,2026-03-10,98.99209217946168,103.18458889463199,94.96994042556777,8.214648469064215,0.9,87.80000305175781,-11.192089127703866,12.747253688711341,False
mc_variance_reduction,BZ=F,2026-03-09,98.95999908447266,2,2026-03-11,99.02419536848191,104.78296808216768,93.58191897224435,11.201049109923332,0.9,91.9800033569336,-7.0441920115483185,7.658395036378652,False
mc_variance_reduction,BZ=F,2026-03-09,98.95999908447266,3,2026-03-12,99.05630897398308,106.14227836405647,92.44339312821891,13.698885235837551,0.9,100.45999908447266,1.4036901104895776,1.3972627147938481,True
mc_variance_reduction,BZ=F,2026-03-09,98.95999908447266,4,2026-03-13,99.08843280703874,107.54590225262783,91.29606345489867,16.249838797729154,0.9,103.13999938964844,4.051566582609695,3.9282204834066805,True
mc_variance_reduction,BZ=F,2026-03-09,98.95999908447266,5,2026-03-16,99.12056759777943,108.24956015322279,90.7614483165647,17.488111836658092,0.9,100.20999908447266,1.089431486693229,1.0871484848282316,True
mc_variance_reduction,BZ=F,2026-03-09,98.95999908447266,6,2026-03-17,99.15271281902565,109.32365649048887,89.92802335356679,19.395633136922086,0.9,103.41999816894531,4.267285349919661,4.12617039786511,True
mc_variance_reduction,BZ=F,2026-03-09,98.95999908447266,7,2026-03-18,99.18486786563929,110.32118713864743,89.17269829114193,21.148488847505504,0.9,107.37999725341797,8.195129387778678,7.631895695096809,True
mc_variance_reduction,BZ=F,2026-03-10,87.80000305175781,0,2026-03-10,87.80000305175781,87.80000305175781,87.80000305175781,0.0,0.9,87.80000305175781,0.0,0.0,True
mc_variance_reduction,BZ=F,2026-03-10,87.80000305175781,1,2026-03-11,87.82403244976399,91.29558168950095,84.48449018444035,6.8110915050606025,0.9,91.9800033569336,4.155970907169603,4.518341765048783,False
mc_variance_reduction,BZ=F,2026-03-10,87.80000305175781,2,2026-03-12,87.84806848903861,92.88538476453263,83.08393343268176,9.80145133185087,0.9,100.45999908447266,12.611930595434046,12.554181475583325,False
mc_variance_reduction,BZ=F,2026-03-10,87.80000305175781,3,2026-03-13,87.8721109733261,94.04328228927348,82.1058953157834,11.937386973490078,0.9,103.13999938964844,15.267888416322336,14.803072044476554,False
mc_variance_reduction,BZ=F,2026-03-10,87.80000305175781,4,2026-03-16,87.89616010122518,94.99577160002134,81.32714581288604,13.668625787135298,0.9,100.20999908447266,12.313838983247479,12.288034223877649,False
mc_variance_reduction,BZ=F,2026-03-10,87.80000305175781,5,2026-03-17,87.9202162334883,96.06475866052749,80.46618203630018,15.598576624227306,0.9,103.41999816894531,15.499781935457008,14.987219309496414,False
mc_variance_reduction,BZ=F,2026-03-10,87.80000305175781,6,2026-03-18,87.94427811704787,97.03553315702045,79.7047823716437,17.33075078537675,0.9,107.37999725341797,19.435719136370096,18.099943782361613,False
mc_variance_reduction,BZ=F,2026-03-10,87.80000305175781,7,2026-03-19,87.96834698603459,97.9932612821338,78.96900231736299,19.02425896477081,0.9,108.6500015258789,20.681654539844317,19.035116658436714,False
mc_variance_reduction,BZ=F,2026-03-11,91.9800033569336,0,2026-03-11,91.9800033569336,91.9800033569336,91.9800033569336,0.0,0.9,91.9800033569336,0.0,0.0,True
mc_variance_reduction,BZ=F,2026-03-11,91.9800033569336,1,2026-03-12,92.00697017261268,95.69974176522346,88.45669178054392,7.243049984679544,0.9,100.45999908447266,8.453028911859974,8.414323102623335,False
mc_variance_reduction,BZ=F,2026-03-11,91.9800033569336,2,2026-03-13,92.03394496487928,97.58863516646987,86.79542448307205,10.793210683397817,0.9,103.13999938964844,11.106054424769155,10.767941138735168,False
mc_variance_reduction,BZ=F,2026-03-11,91.9800033569336,3,2026-03-16,92.06092751789328,98.91666156815579,85.68035193235552,13.236309635800268,0.9,100.20999908447266,8.14907156657938,8.131994452679386,False
mc_variance_reduction,BZ=F,2026-03-11,91.9800033569336,4,2026-03-17,92.08791805323776,100.03105709328746,84.77551826376312,15.25553882952434,0.9,103.41999816894531,11.332080115707555,10.957339311876261,False
mc_variance_reduction,BZ=F,2026-03-11,91.9800033569336,5,2026-03-18,92.11491653411343,100.95500973101123,84.0489059924053,16.906103738605935,0.9,107.37999725341797,15.265080719304535,14.215944412141097,False
mc_variance_reduction,BZ=F,2026-03-11,91.9800033569336,6,2026-03-19,92.14192309198249,101.83600794635727,83.37064777563187,18.465360170725404,0.9,108.6500015258789,16.508078433896415,15.193813347498594,False
mc_variance_reduction,BZ=F,2026-03-11,91.9800033569336,7,2026-03-20,92.1689376658372,102.57692473612002,82.81699809883673,19.759926637283286,0.9,112.19000244140625,20.021064775569045,17.845676388166133,False
mc_variance_reduction,BZ=F,2026-03-12,100.45999908447266,0,2026-03-12,100.45999908447266,100.45999908447266,100.45999908447266,0.0,0.9,100.45999908447266,0.0,0.0,True
mc_variance_reduction,BZ=F,2026-03-12,100.45999908447266,1,2026-03-13,100.49317426557926,104.51531810461978,96.62581765705428,7.889500447565496,0.9,103.13999938964844,2.6468251240691814,2.5662450453095773,True
mc_variance_reduction,BZ=F,2026-03-12,100.45999908447266,2,2026-03-16,100.52636035893931,106.3512718891348,95.02048218125529,11.330789707879504,0.9,100.20999908447266,-0.31636127446665796,0.3156983109040638,True
mc_variance_reduction,BZ=F,2026-03-12,100.45999908447266,3,2026-03-17,100.55955743195054,107.94308113513011,93.68108169457818,14.261999440551932,0.9,103.41999816894531,2.860440736994775,2.765848760045425,True
mc_variance_reduction,BZ=F,2026-03-12,100.45999908447266,4,2026-03-18,100.59276546859468,108.81655091225754,92.99049077492519,15.826060137332348,0.9,107.37999725341797,6.787231784823291,6.3207598793333455,True
mc_variance_reduction,BZ=F,2026-03-12,100.45999908447266,5,2026-03-19,100.6259844801306,109.85876223692276,92.16915014663219,17.689612090290566,0.9,108.6500015258789,8.024017045748309,7.385197361306157,True
mc_variance_reduction,BZ=F,2026-03-12,100.45999908447266,6,2026-03-20,100.65921470794385,110.84758296050474,91.40729286686444,19.4402900936403,0.9,112.19000244140625,11.530787733462404,10.277910225988823,False
mc_variance_reduction,BZ=F,2026-03-12,100.45999908447266,7,2026-03-23,100.69245539151385,111.80417388060059,90.68508129089233,21.11909258970826,0.9,99.94000244140625,-0.752452950107596,0.7529046745308527,True
mc_variance_reduction,BZ=F,2026-03-13,103.13999938964844,0,2026-03-13,103.13999938964844,103.13999938964844,103.13999938964844,0.0,0.9,103.13999938964844,0.0,0.0,True
mc_variance_reduction,BZ=F,2026-03-13,103.13999938964844,1,2026-03-16,103.17518943257451,107.5068304345728,99.01807792681828,8.488752507754526,0.9,100.20999908447266,-2.9651903481018564,2.958976524490665,True
mc_variance_reduction,BZ=F,2026-03-13,103.13999938964844,2,2026-03-17,103.21039159776318,109.23824949458232,97.51515570359305,11.723093790989267,0.9,103.41999816894531,0.20960657118213533,0.2026750869205444,True
mc_variance_reduction,BZ=F,2026-03-13,103.13999938964844,3,2026-03-18,103.24560563995072,110.5341836818084,96.4376332571039,14.096550424704503,0.9,107.37999725341797,4.134391613467244,3.8502437318097846,True
mc_variance_reduction,BZ=F,2026-03-13,103.13999938964844,4,2026-03-19,103.28083169236741,111.79518503776293,95.41493386417407,16.38025117358886,0.9,108.6500015258789,5.369169833511492,4.9417116963708745,True
mc_variance_reduction,BZ=F,2026-03-13,103.13999938964844,5,2026-03-20,103.31606970261487,112.94720170265954,94.50619488679665,18.44100681586289,0.9,112.19000244140625,8.873932738791382,7.9097357569146975,True
mc_variance_reduction,BZ=F,2026-03-13,103.13999938964844,6,2026-03-23,103.35131980363082,114.02911584594835,93.67340320712148,20.355712638826873,0.9,99.94000244140625,-3.4113173622245654,3.413365298069293,True
mc_variance_reduction,BZ=F,2026-03-13,103.13999938964844,7,2026-03-24,103.38658194551925,115.06780231070763,92.89119206726748,22.17661024344015,0.9,104.48999786376953,1.1034159182502776,1.0560014745993904,True
mc_variance_reduction,BZ=F,2026-03-16,100.20999908447266,0,2026-03-16,100.20999908447266,100.20999908447266,100.20999908447266,0.0,0.9,100.20999908447266,0.0,0.0,True
mc_variance_reduction,BZ=F,2026-03-16,100.20999908447266,1,2026-03-17,100.24295865867438,104.38389918169236,96.26629046293573,8.117608718756628,0.9,103.41999816894531,3.17703951027093,3.071977921601746,True
mc_variance_reduction,BZ=F,2026-03-16,100.20999908447266,2,2026-03-18,100.2759290680501,106.33790388889119,94.55952757387088,11.77837631502031,0.9,107.37999725341797,7.104068185367865,6.615820792584103,False
mc_variance_reduction,BZ=F,2026-03-16,100.20999908447266,3,2026-03-19,100.30891033259675,107.70282421044652,93.4225968375234,14.280227372923122,0.9,108.6500015258789,8.341091193282153,7.677028141868385,False
mc_variance_reduction,BZ=F,2026-03-16,100.20999908447266,4,2026-03-20,100.34190282497596,108.69316723596843,92.63229361195572,16.060873624012714,0.9,112.19000244140625,11.84809961643029,10.560744592744104,False
mc_variance_reduction,BZ=F,2026-03-16,100.20999908447266,5,2026-03-23,100.37490533657379,109.87319655831146,91.69772008163751,18.17547647667395,0.9,99.94000244140625,-0.4349028951675393,0.43516398293317854,True
mc_variance_reduction,BZ=F,2026-03-16,100.20999908447266,6,2026-03-24,100.40791914773118,110.64415334387814,91.11868927615072,19.525464067727427,0.9,104.48999786376953,4.082078716038353,3.9066693458644983,True
mc_variance_reduction,BZ=F,2026-03-16,100.20999908447266,7,2026-03-25,100.44094409884764,111.60192231460842,90.39614177385093,21.205780540757488,0.9,102.22000122070312,1.7790571218554874,1.7404197814616793,True
mc_variance_reduction,BZ=F,2026-03-17,103.41999816894531,0,2026-03-17,103.41999816894531,103.41999816894531,103.41999816894531,0.0,0.9,103.41999816894531,0.0,0.0,True
mc_variance_reduction,BZ=F,2026-03-17,103.41999816894531,1,2026-03-18,103.45537209736919,107.77388558998351,99.30990203905522,8.46398355092829,0.9,107.37999725341797,3.9246251560487764,3.654894073787894,True
mc_variance_reduction,BZ=F,2026-03-17,103.41999816894531,2,2026-03-19,103.49075810536979,109.53236161017126,97.78239845536142,11.749963154809848,0.9,108.6500015258789,5.159243420509114,4.748498249473337,True
mc_variance_reduction,BZ=F,2026-03-17,103.41999816894531,3,2026-03-20,103.52615621535386,110.84073870896397,96.6942763335079,14.146462375456068,0.9,112.19000244140625,8.663846226052385,7.722476189959327,False
mc_variance_reduction,BZ=F,2026-03-17,103.41999816894531,4,2026-03-23,103.56156644285818,112.02713306066285,95.73571818304157,16.29141487762128,0.9,99.94000244140625,-3.6215640014519295,3.623738155875285,True
mc_variance_reduction,BZ=F,2026-03-17,103.41999816894531,5,2026-03-24,103.59698874853481,113.1579132969037,94.84388469810632,18.31402859879738,0.9,104.48999786376953,0.8930091152347188,0.8546359780760963,True
mc_variance_reduction,BZ=F,2026-03-17,103.41999816894531,6,2026-03-25,103.63242329249556,114.34405530979042,93.92424564094296,20.419809668847464,0.9,102.22000122070312,-1.4124220717924345,1.3817472656284508,True
mc_variance_reduction,BZ=F,2026-03-17,103.41999816894531,7,2026-03-26,103.66786990739715,115.1902410739429,93.29807059349541,21.89217048044749,0.9,108.01000213623047,4.3421322288333215,4.020120491578819,True
mc_variance_reduction,BZ=F,2026-03-18,107.37999725341797,0,2026-03-18,107.37999725341797,107.37999725341797,107.37999725341797,0.0,0.9,107.37999725341797,0.0,0.0,True
mc_variance_reduction,BZ=F,2026-03-18,107.37999725341797,1,2026-03-19,107.41840824829279,111.79846001741427,103.20995860148392,8.588501415930352,0.9,108.6500015258789,1.2315932775861143,1.1335418870590315,True
mc_variance_reduction,BZ=F,2026-03-18,107.37999725341797,2,2026-03-20,107.45683298000493,113.72314202037234,101.53580659939516,12.187335420977178,0.9,112.19000244140625,4.733169461401317,4.218887029504542,True
mc_variance_reduction,BZ=F,2026-03-18,107.37999725341797,3,2026-03-23,107.49527146429855,115.31569380476166,100.2052107550569,15.110483049704769,0.9,99.94000244140625,-7.555269022892304,7.559804721159455,False
mc_variance_reduction,BZ=F,2026-03-18,107.37999725341797,4,2026-03-24,107.53372374975949,116.43402571623113,99.31376725758938,17.120258458641757,0.9,104.48999786376953,-3.043725885989957,2.9129351595530344,True
mc_variance_reduction,BZ=F,2026-03-18,107.37999725341797,5,2026-03-25,107.5721901018074,117.6023363709739,98.39750082023579,19.20483555073811,0.9,102.22000122070312,-5.352188881104269,5.2359507113958665,True
mc_variance_reduction,BZ=F,2026-03-18,107.37999725341797,6,2026-03-26,107.61066941535688,118.9231140656652,97.37431010072203,21.548803964943176,0.9,108.01000213623047,0.39933272087358773,0.3697182788404344,True
mc_variance_reduction,BZ=F,2026-03-18,107.37999725341797,7,2026-03-27,107.64916291739056,119.90558653010966,96.64555771945511,23.260028810654546,0.9,112.56999969482422,4.920836777433664,4.3713571917686656,True
mc_variance_reduction,BZ=F,2026-03-19,108.6500015258789,0,2026-03-19,108.6500015258789,108.6500015258789,108.6500015258789,0.0,0.9,108.6500015258789,0.0,0.0,True
mc_variance_reduction,BZ=F,2026-03-19,108.6500015258789,1,2026-03-20,108.68938787897198,113.20643127172774,104.35257880081437,8.853852470913367,0.9,112.19000244140625,3.500614562434265,3.1202553581033565,True
mc_variance_reduction,BZ=F,2026-03-19,108.6500015258789,2,2026-03-23,108.72878849714269,115.05441805244199,102.75093862330897,12.30347942913302,0.9,99.94000244140625,-8.788786055736438,8.794062278404695,False
mc_variance_reduction,BZ=F,2026-03-19,108.6500015258789,3,2026-03-24,108.76820373705749,116.82731987247202,101.26503015907811,15.562289713393909,0.9,104.48999786376953,-4.278205873287959,4.094368801562937,True
mc_variance_reduction,BZ=F,2026-03-19,108.6500015258789,4,2026-03-25,108.80763271189305,118.14190104396218,100.21085496392097,17.931046080041213,0.9,102.22000122070312,-6.587631491189924,6.4445621331646965,True
mc_variance_reduction,BZ=F,2026-03-19,108.6500015258789,5,2026-03-26,108.84707607851703,119.55480554452696,99.09836702194085,20.45643852258611,0.9,108.01000213623047,-0.8370739422865654,0.7749966907979353,True
mc_variance_reduction,BZ=F,2026-03-19,108.6500015258789,6,2026-03-27,108.88653386520095,120.82533613351534,98.12740983076588,22.69792630274945,0.9,112.56999969482422,3.683465829623273,3.272155849346274,True
mc_variance_reduction,BZ=F,2026-03-19,108.6500015258789,7,2026-03-30,108.92600659106529,121.8867118590239,97.34346430902721,24.543247549996693,0.9,112.77999877929688,3.8539921882315866,3.417265676490739,True
mc_variance_reduction,BZ=F,2026-03-20,112.19000244140625,0,2026-03-20,112.19000244140625,112.19000244140625,112.19000244140625,0.0,0.9,112.19000244140625,0.0,0.0,True
mc_variance_reduction,BZ=F,2026-03-20,112.19000244140625,1,2026-03-23,112.23216752708151,116.70667692213677,107.92920986777303,8.77746705436374,0.9,99.94000244140625,-12.292165085675265,12.299544512100677,False
mc_variance_reduction,BZ=F,2026-03-20,112.19000244140625,2,2026-03-24,112.27434844818569,118.84276209234889,106.06896959945006,12.773792492898835,0.9,104.48999786376953,-7.78435058441616,7.449852372056824,False
mc_variance_reduction,BZ=F,2026-03-20,112.19000244140625,3,2026-03-25,112.31654522783433,120.60799832502693,104.59510585902875,16.012892465998178,0.9,102.22000122070312,-10.0965440071312,9.87726852529747,False
mc_variance_reduction,BZ=F,2026-03-20,112.19000244140625,4,2026-03-26,112.3587578835025,122.05270846611016,103.43474259723233,18.617965868877832,0.9,108.01000213623047,-4.348755747272037,4.026252811093415,True
mc_variance_reduction,BZ=F,2026-03-20,112.19000244140625,5,2026-03-27,112.40098637636649,123.35781948551494,102.41735672659193,20.940462758923005,0.9,112.56999969482422,0.16901331845772916,0.15014064041567204,True
mc_variance_reduction,BZ=F,2026-03-20,112.19000244140625,6,2026-03-30,112.44323076625133,124.69009300744574,101.39923579684441,23.29085721060133,0.9,112.77999877929688,0.3367680130455426,0.29860615063897605,True
mc_variance_reduction,BZ=F,2026-03-20,112.19000244140625,7,2026-03-31,112.48549104761386,125.2626827449306,101.0116134309732,24.2510693139574,0.9,118.3499984741211,5.864507426507231,4.955223913914616,True
mc_variance_reduction,BZ=F,2026-03-23,99.94000244140625,0,2026-03-23,99.94000244140625,99.94000244140625,99.94000244140625,0.0,0.9,99.94000244140625,0.0,0.0,True
mc_variance_reduction,BZ=F,2026-03-23,99.94000244140625,1,2026-03-24,99.97269088120684,104.16259219243862,95.95132664445305,8.211265547985576,0.9,104.48999786376953,4.517306982562687,4.323195592799414,False
mc_variance_reduction,BZ=F,2026-03-23,99.94000244140625,2,2026-03-25,100.00538986159367,105.85090957684311,94.48268364606189,11.368225930781222,0.9,102.22000122070312,2.2146113591094547,2.1665147061854255,True
mc_variance_reduction,BZ=F,2026-03-23,99.94000244140625,3,2026-03-26,100.03809961151016,107.13322659523074,93.41286257880921,13.720364016421527,0.9,108.01000213623047,7.971902524720306,7.380707681743709,False
mc_variance_reduction,BZ=F,2026-03-23,99.94000244140625,4,2026-03-27,100.07082010327379,108.16374240986876,92.58341850927366,15.580323900595104,0.9,112.56999969482422,12.49917959155043,11.103473061593267,False
mc_variance_reduction,BZ=F,2026-03-23,99.94000244140625,5,2026-03-30,100.10355120951752,109.26582473883424,91.70956235277049,17.55626238606375,0.9,112.77999877929688,12.676447569779356,11.239978459821,False
mc_variance_reduction,BZ=F,2026-03-23,99.94000244140625,6,2026-03-31,100.13629314175708,109.95252482979654,91.1964250804924,18.75609974930414,0.9,118.3499984741211,18.213705332364015,15.389696296740299,False
mc_variance_reduction,BZ=F,2026-03-23,99.94000244140625,7,2026-04-01,100.16904575731073,111.38433940836049,90.08302025343923,21.30131915492126,0.9,101.16000366210938,0.9909579047986483,0.9795945718908893,True
mc_variance_reduction,BZ=F,2026-03-24,104.48999786376953,0,2026-03-24,104.48999786376953,104.48999786376953,104.48999786376953,0.0,0.9,104.48999786376953,0.0,0.0,True
mc_variance_reduction,BZ=F,2026-03-24,104.48999786376953,1,2026-03-25,104.5261145546566,108.81178903656162,100.40923617442068,8.402552862140936,0.9,102.22000122070312,-2.3061133339534763,2.2560294525670654,True
mc_variance_reduction,BZ=F,2026-03-24,104.48999786376953,2,2026-03-26,104.56224381799785,110.75134241986801,98.71900954071828,12.032332879149735,0.9,108.01000213623047,3.4477583182326157,3.192073187707227,True
mc_variance_reduction,BZ=F,2026-03-24,104.48999786376953,3,2026-03-27,104.5983854374966,112.18572882368197,97.52418905205482,14.661539771627147,0.9,112.56999969482422,7.971614257327616,7.08147310912193,False
mc_variance_reduction,BZ=F,2026-03-24,104.48999786376953,4,2026-03-30,104.63453954644686,113.54227959167649,96.42563976392009,17.1166398277564,0.9,112.77999877929688,8.145459232850015,7.2224324534620274,True
mc_variance_reduction,BZ=F,2026-03-24,104.48999786376953,5,2026-03-31,104.67070625005528,114.63405628306919,95.57331470986352,19.06074157320566,0.9,118.3499984741211,13.679292224065819,11.55833747396033,False
mc_variance_reduction,BZ=F,2026-03-24,104.48999786376953,6,2026-04-01,104.70688535493605,115.45168702672109,94.96207573203057,20.48961129469052,0.9,101.16000366210938,-3.5468816928266733,3.5062095338329824,True
mc_variance_reduction,BZ=F,2026-03-24,104.48999786376953,7,2026-04-02,104.7430770304533,116.5804538461557,94.10764687466089,22.47280697149482,0.9,,,,
mc_variance_reduction,BZ=F,2026-03-25,102.22000122070312,0,2026-03-25,102.22000122070312,102.22000122070312,102.22000122070312,0.0,0.9,102.22000122070312,0.0,0.0,True
mc_variance_reduction,BZ=F,2026-03-25,102.22000122070312,1,2026-03-26,102.25437559612516,106.52860991898089,98.15163582945439,8.376974089526499,0.9,108.01000213623047,5.755626540105311,5.32879032151659,False
mc_variance_reduction,BZ=F,2026-03-25,102.22000122070312,2,2026-03-27,102.28876151105459,108.5380576624075,96.39928110213947,12.138776560268028,0.9,112.56999969482422,10.28123818376963,9.13319553312777,False
mc_variance_reduction,BZ=F,2026-03-25,102.22000122070312,3,2026-03-30,102.32315929626913,109.93264819300728,95.24039527108607,14.69225292192121,0.9,112.77999877929688,10.45683948302775,9.271891821431124,False
mc_variance_reduction,BZ=F,2026-03-25,102.22000122070312,4,2026-03-31,102.35756809709929,111.0463743071832,94.34861612358989,16.697758183593308,0.9,118.3499984741211,15.992430377021805,13.51282685526927,False
mc_variance_reduction,BZ=F,2026-03-25,102.22000122070312,5,2026-04-01,102.3919887140641,112.1546329970074,93.47914628096133,18.675486716046066,0.9,101.16000366210938,-1.231985051954723,1.2178578562232467,True
mc_variance_reduction,BZ=F,2026-03-25,102.22000122070312,6,2026-04-02,102.42642109255584,112.87361666604556,92.94618184762959,19.927434818415975,0.9,,,,
mc_variance_reduction,BZ=F,2026-03-25,102.22000122070312,7,2026-04-03,102.46086466065714,114.26708245111851,91.8744803458675,22.392602105251015,0.9,,,,
mc_variance_reduction,BZ=F,2026-03-26,108.01000213623047,0,2026-03-26,108.01000213623047,108.01000213623047,108.01000213623047,0.0,0.9,108.01000213623047,0.0,0.0,True
mc_variance_reduction,BZ=F,2026-03-26,108.01000213623047,1,2026-03-27,108.04880644355073,112.39479708299135,103.87086302092656,8.523934062064782,0.9,112.56999969482422,4.521193251273488,4.016339400844259,False
mc_variance_reduction,BZ=F,2026-03-26,108.01000213623047,2,2026-03-30,108.08762468113552,114.331654763271,102.18460174079681,12.147053022474196,0.9,112.77999877929688,4.692374098161352,4.160643863229705,True
mc_variance_reduction,BZ=F,2026-03-26,108.01000213623047,3,2026-03-31,108.12645720036896,116.07426658964012,100.72284771240946,15.351418877230657,0.9,118.3499984741211,10.223541273752133,8.638395779943888,False
mc_variance_reduction,BZ=F,2026-03-26,108.01000213623047,4,2026-04-01,108.16530305522178,117.59042340727298,99.49562586822492,18.09479753904806,0.9,101.16000366210938,-7.005299393112409,6.924969493389138,True
mc_variance_reduction,BZ=F,2026-03-26,108.01000213623047,5,2026-04-02,108.20416309958188,118.65109117627829,98.67706062019825,19.974030556080038,0.9,,,,
mc_variance_reduction,BZ=F,2026-03-26,108.01000213623047,6,2026-04-03,108.24303740316,119.5127872819695,98.03599562097344,21.476791660996057,0.9,,,,
mc_variance_reduction,BZ=F,2026-03-26,108.01000213623047,7,2026-04-06,108.28192516718755,120.44240281605211,97.3492312398943,23.093171576157815,0.9,109.7699966430664,1.4880714758788542,1.3556267845370733,True
mc_variance_reduction,BZ=F,2026-03-27,112.56999969482422,0,2026-03-27,112.56999969482422,112.56999969482422,112.56999969482422,0.0,0.9,112.56999969482422,0.0,0.0,True
mc_variance_reduction,BZ=F,2026-03-27,112.56999969482422,1,2026-03-30,112.61237858434777,117.32316034873688,108.09074502651642,9.232415322220461,0.9,112.77999877929688,0.16762019494910874,0.14862581731103808,True
mc_variance_reduction,BZ=F,2026-03-27,112.56999969482422,2,2026-03-31,112.65477339387692,119.16790557529347,106.49761881500206,12.670286760291418,0.9,118.3499984741211,5.695225080244171,4.812188554011273,True
mc_variance_reduction,BZ=F,2026-03-27,112.56999969482422,3,2026-04-01,112.69718441883768,120.91061413699146,105.041690613126,15.868923523865462,0.9,101.16000366210938,-11.537180756728304,11.404883688284885,False
mc_variance_reduction,BZ=F,2026-03-27,112.56999969482422,4,2026-04-02,112.73961093530482,122.1442728365643,104.05907356682458,18.085199269739718,0.9,,,,
mc_variance_reduction,BZ=F,2026-03-27,112.56999969482422,5,2026-04-03,112.7820536663954,123.65637038368527,102.8640230596189,20.79234732406637,0.9,,,,
mc_variance_reduction,BZ=F,2026-03-27,112.56999969482422,6,2026-04-06,112.82451235861564,124.78438535079174,102.01092538721025,22.773459963581487,0.9,109.7699966430664,-3.054515715549229,2.7826508235045724,True
mc_variance_reduction,BZ=F,2026-03-27,112.56999969482422,7,2026-04-07,112.8669873125713,125.80041221986805,101.26323552479371,24.537176695074336,0.9,109.2699966430664,-3.5969906695048905,3.2918374485308757,True
mc_variance_reduction,BZ=F,2026-03-30,112.77999877929688,0,2026-03-30,112.77999877929688,112.77999877929688,112.77999877929688,0.0,0.9,112.77999877929688,0.0,0.0,True
mc_variance_reduction,BZ=F,2026-03-30,112.77999877929688,1,2026-03-31,112.82252719342466,117.60291498338323,108.23645498937685,9.366459994006377,0.9,118.3499984741211,5.527471280696432,4.670444741835034,False
mc_variance_reduction,BZ=F,2026-03-30,112.77999877929688,2,2026-04-01,112.86507140591536,119.8177741857126,106.315815251246,13.5019589344666,0.9,101.16000366210938,-11.705067743805984,11.570845512128278,False
mc_variance_reduction,BZ=F,2026-03-30,112.77999877929688,3,2026-04-02,112.90763208100287,121.36142242895376,105.04271501841438,16.318707410539375,0.9,,,,
mc_variance_reduction,BZ=F,2026-03-30,112.77999877929688,4,2026-04-03,112.95020833641696,122.69816846181355,103.97669099745342,18.721477464360134,0.9,,,,
mc_variance_reduction,BZ=F,2026-03-30,112.77999877929688,5,2026-04-06,112.99280065770672,124.1651620603062,102.82572664591683,21.33943541438937,0.9,109.7699966430664,-3.2228040146403174,2.935960748108381,True
mc_variance_reduction,BZ=F,2026-03-30,112.77999877929688,6,2026-04-07,113.03540943011822,125.02604096867046,102.19473997771655,22.831300990953906,0.9,109.2699966430664,-3.7654127870518153,3.445971357857404,True
mc_variance_reduction,BZ=F,2026-03-30,112.77999877929688,7,2026-04-08,113.07803381168017,126.11127041685346,101.39174584552636,24.7195245713271,0.9,94.75,-18.32803381168017,19.343571305203348,False
mc_variance_reduction,BZ=F,2026-03-31,118.3499984741211,0,2026-03-31,118.3499984741211,118.3499984741211,118.3499984741211,0.0,0.9,118.3499984741211,0.0,0.0,True
mc_variance_reduction,BZ=F,2026-03-31,118.3499984741211,1,2026-04-01,118.39700055315576,123.2131620000193,113.76909344476464,9.44406855525466,0.9,101.16000366210938,-17.236996891046388,17.039339923929543,False
mc_variance_reduction,BZ=F,2026-03-31,118.3499984741211,2,2026-04-02,118.4440213037292,125.64760622449687,111.65342981245531,13.994176412041554,0.9,,,,
mc_variance_reduction,BZ=F,2026-03-31,118.3499984741211,3,2026-04-03,118.49106070065814,127.04918818821277,110.50941532836556,16.539772859847204,0.9,,,,
mc_variance_reduction,BZ=F,2026-03-31,118.3499984741211,4,2026-04-06,118.53811885248926,128.3999254785327,109.43375204688736,18.966173431645345,0.9,109.7699966430664,-8.768122209422856,7.987722034768498,True
mc_variance_reduction,BZ=F,2026-03-31,118.3499984741211,5,2026-04-07,118.58519583928684,129.69906353210123,108.42367119959918,21.27539233250205,0.9,109.2699966430664,-9.315199196220433,8.524937752719806,True
mc_variance_reduction,BZ=F,2026-03-31,118.3499984741211,6,2026-04-08,118.63229108907993,131.06801662206513,107.37646674613666,23.691549875928473,0.9,94.75,-23.882291089079928,25.205584262881192,False
mc_variance_reduction,BZ=F,2026-03-31,118.3499984741211,7,2026-04-09,118.67940524790973,132.4987222314653,106.30141175693225,26.197310474533055,0.9,95.91999816894531,-22.759407078964415,23.727489067376684,False
mc_variance_reduction,BZ=F,2026-04-01,101.16000366210938,0,2026-04-01,101.16000366210938,101.16000366210938,101.16000366210938,0.0,0.9,101.16000366210938,0.0,0.0,True
mc_variance_reduction,BZ=F,2026-04-01,101.16000366210938,1,2026-04-02,101.19350839519765,105.43720114002541,97.12061806434828,8.31658307567713,0.9,,,,
mc_variance_reduction,BZ=F,2026-04-01,101.16000366210938,2,2026-04-03,101.22702422517423,107.16464616014531,95.61838536610935,11.546260794035959,0.9,,,,
mc_variance_reduction,BZ=F,2026-04-01,101.16000366210938,3,2026-04-06,101.26055122939096,108.44276084044118,94.55402224072787,13.888738599713307,0.9,109.7699966430664,8.50944541367545,7.7520685742072,False
mc_variance_reduction,BZ=F,2026-04-01,101.16000366210938,4,2026-04-07,101.29408931046072,109.76536158266929,93.4765976084382,16.288763974231088,0.9,109.2699966430664,7.975907332605686,7.29926565172251,True
mc_variance_reduction,BZ=F,2026-04-01,101.16000366210938,5,2026-04-08,101.32763916265836,110.70582111647704,92.74390641373844,17.961914702738596,0.9,94.75,-6.5776391626583575,6.942099380114361,True
mc_variance_reduction,BZ=F,2026-04-01,101.16000366210938,6,2026-04-09,101.36119916741885,111.76008021404027,91.9298962693252,19.830183944715074,0.9,95.91999816894531,-5.4412009984735334,5.672645019122983,True
mc_variance_reduction,BZ=F,2026-04-01,101.16000366210938,7,2026-04-10,101.39476997672779,112.64323574972796,91.26956724337838,21.37366850634959,0.9,95.19999694824219,-6.194773028485599,6.507114734314056,True
mc_variance_reduction,BZ=F,2026-04-06,109.7699966430664,0,2026-04-06,109.7699966430664,109.7699966430664,109.7699966430664,0.0,0.9,109.7699966430664,0.0,0.0,True
mc_variance_reduction,BZ=F,2026-04-06,109.7699966430664,1,2026-04-07,109.81009391787259,114.38142851368856,105.42145593874262,8.959972574945937,0.9,109.2699966430664,-0.5400972748061861,0.49427774448500206,True
mc_variance_reduction,BZ=F,2026-04-06,109.7699966430664,2,2026-04-08,109.8502058410696,116.14092406138836,103.90022139787283,12.240702663515535,0.9,94.75,-15.100205841069595,15.93689270825287,False
mc_variance_reduction,BZ=F,2026-04-06,109.7699966430664,3,2026-04-09,109.89033249963195,117.85901758567513,102.46042607111686,15.398591514558277,0.9,95.91999816894531,-13.97033433068664,14.564569013106613,False
mc_variance_reduction,BZ=F,2026-04-06,109.7699966430664,4,2026-04-10,109.93047366760831,119.23655403403907,101.35070686753093,17.885847166508142,0.9,95.19999694824219,-14.730476719366123,15.473190327279852,False
mc_variance_reduction,BZ=F,2026-04-06,109.7699966430664,5,2026-04-13,109.97062960103588,120.37570030958824,100.46495539470413,19.910744914884106,0.9,99.36000061035156,-10.610628990684319,10.678974361418108,False
mc_variance_reduction,BZ=F,2026-04-06,109.7699966430664,6,2026-04-14,110.01080014989367,121.32960859453839,99.74792042190221,21.581688172636177,0.9,94.79000091552734,-15.220799234366325,16.057389057238673,False
mc_variance_reduction,BZ=F,2026-04-06,109.7699966430664,7,2026-04-15,110.05098534019893,122.53782874272592,98.83657618038352,23.701252562342404,0.9,94.93000030517578,-15.120985035023153,15.928563137483447,False
mc_variance_reduction,BZ=F,2026-04-07,109.2699966430664,0,2026-04-07,109.2699966430664,109.2699966430664,109.2699966430664,0.0,0.9,109.2699966430664,0.0,0.0,True
mc_variance_reduction,BZ=F,2026-04-07,109.2699966430664,1,2026-04-08,109.30968581988547,113.73106303090186,105.06019256863158,8.670870462270287,0.9,94.75,-14.559685819885473,15.366423028902872,False
mc_variance_reduction,BZ=F,2026-04-07,109.2699966430664,2,2026-04-09,109.34938927806067,115.81111839936393,103.24819470378796,12.562923695575975,0.9,95.91999816894531,-13.429391109115357,14.000616519468622,False
mc_variance_reduction,BZ=F,2026-04-07,109.2699966430664,3,2026-04-10,109.38910702419555,117.31166399941972,102.00159407398542,15.310069925434306,0.9,95.19999694824219,-14.189110075953366,14.90452786849103,False
mc_variance_reduction,BZ=F,2026-04-07,109.2699966430664,4,2026-04-13,109.428839285675,118.7134150692886,100.87041019922437,17.843004870064235,0.9,99.36000061035156,-10.068838675323434,10.13369425671525,False
mc_variance_reduction,BZ=F,2026-04-07,109.2699966430664,5,2026-04-14,109.46858603883275,119.75614979403869,100.06476782957714,19.691381964461556,0.9,94.79000091552734,-14.67858512330541,15.48537291015148,False
mc_variance_reduction,BZ=F,2026-04-07,109.2699966430664,6,2026-04-15,109.5083471724808,120.74810772911569,99.31483478624422,21.43327294287147,0.9,94.93000030517578,-14.578346867305015,15.3569438748966,False
mc_variance_reduction,BZ=F,2026-04-07,109.2699966430664,7,2026-04-16,109.54812277132729,121.79837632989253,98.52997700489985,23.268399324992686,0.9,99.38999938964844,-10.158123381678848,10.220468300693868,True
mc_variance_reduction,BZ=F,2026-04-08,94.75,0,2026-04-08,94.75,94.75,94.75,0.0,0.9,94.75,0.0,0.0,True
mc_variance_reduction,BZ=F,2026-04-08,94.75,1,2026-04-09,94.77874639204069,98.64844049321232,91.06084907186919,7.587591421343134,0.9,95.91999816894531,1.1412517769046246,1.1897954531801815,True
mc_variance_reduction,BZ=F,2026-04-08,94.75,2,2026-04-10,94.80750132579864,100.48196007709333,89.45349296115664,11.028467115936692,0.9,95.19999694824219,0.39249562244354763,0.41228533090913594,True
mc_variance_reduction,BZ=F,2026-04-08,94.75,3,2026-04-13,94.83626510315142,101.88371693102725,88.27629670644534,13.607420224581915,0.9,99.36000061035156,4.5237355072001435,4.552873872193646,True
mc_variance_reduction,BZ=F,2026-04-08,94.75,4,2026-04-14,94.86503755874321,103.2739118445344,87.14083954936154,16.133072295172852,0.9,94.79000091552734,-0.07503664321586712,0.0791609267761654,True
mc_variance_reduction,BZ=F,2026-04-08,94.75,5,2026-04-15,94.89381874929288,104.19745798443213,86.42088797036841,17.776570014063722,0.9,94.93000030517578,0.03618155588290506,0.03811393212534559,True
mc_variance_reduction,BZ=F,2026-04-08,94.75,6,2026-04-16,94.92260871797521,105.42935620345234,85.46292986481191,19.96642633864043,0.9,99.38999938964844,4.467390671673229,4.494809034216084,True
mc_variance_reduction,BZ=F,2026-04-08,94.75,7,2026-04-17,94.95140735398823,106.05180934367364,85.01288149514676,21.038927848526882,0.9,90.37999725341797,-4.571410100570262,5.057988758012915,True
mc_variance_reduction,BZ=F,2026-04-09,95.91999816894531,0,2026-04-09,95.91999816894531,95.91999816894531,95.91999816894531,0.0,0.9,95.91999816894531,0.0,0.0,True
mc_variance_reduction,BZ=F,2026-04-09,95.91999816894531,1,2026-04-10,95.9495797715106,100.01968791723664,92.04509680319768,7.974591114038958,0.9,95.19999694824219,-0.7495828232684119,0.7873769404382869,True
mc_variance_reduction,BZ=F,2026-04-09,95.91999816894531,2,2026-04-13,95.97917055031422,101.71490142104943,90.56687898496976,11.148022436079671,0.9,99.36000061035156,3.38083006003734,3.4026067222921466,True
mc_variance_reduction,BZ=F,2026-04-09,95.91999816894531,3,2026-04-14,96.00877030858325,103.1585441412247,89.35453728146481,13.80400685975988,0.9,94.79000091552734,-1.2187693930559078,1.2857573386269097,True
mc_variance_reduction,BZ=F,2026-04-09,95.91999816894531,4,2026-04-15,96.03837928162142,104.1908466007552,88.523806027061,15.667040573694194,0.9,94.93000030517578,-1.1083789764456355,1.167575026738101,True
mc_variance_reduction,BZ=F,2026-04-09,95.91999816894531,5,2026-04-16,96.06799737375023,105.35056214390087,87.60333055858582,17.74723158531505,0.9,99.38999938964844,3.3220020158982067,3.3423906190748967,True
mc_variance_reduction,BZ=F,2026-04-09,95.91999816894531,6,2026-04-17,96.09762460651902,106.11484789768866,87.02602546561825,19.088822432070415,0.9,90.37999725341797,-5.717627353101051,6.32620881484351,True
mc_variance_reduction,BZ=F,2026-04-09,95.91999816894531,7,2026-04-20,96.12726099918643,107.20323404838805,86.1956300516792,21.007603996708852,0.9,95.4800033569336,-0.6472576422528391,0.6778986379306996,True
mc_variance_reduction,BZ=F,2026-04-10,95.19999694824219,0,2026-04-10,95.19999694824219,95.19999694824219,95.19999694824219,0.0,0.9,95.19999694824219,0.0,0.0,True
mc_variance_reduction,BZ=F,2026-04-10,95.19999694824219,1,2026-04-13,95.2290442549122,99.33034038895386,91.29708841682864,8.033251972125214,0.9,99.36000061035156,4.130956355439366,4.157564744427944,False
mc_variance_reduction,BZ=F,2026-04-10,95.19999694824219,2,2026-04-14,95.25810060269436,101.16835211015228,89.6931255592155,11.475226550936782,0.9,94.79000091552734,-0.4680996871670118,0.4938281281209835,True
mc_variance_reduction,BZ=F,2026-04-10,95.19999694824219,3,2026-04-15,95.28716547517266,102.4901451732593,88.59040956370205,13.89973560955724,0.9,94.93000030517578,-0.3571651699968754,0.37624056552057344,True
mc_variance_reduction,BZ=F,2026-04-10,95.19999694824219,4,2026-04-16,95.31623938584623,103.63358241239679,87.66642326750214,15.967159144894651,0.9,99.38999938964844,4.073760003802207,4.098762479946743,True
mc_variance_reduction,BZ=F,2026-04-10,95.19999694824219,5,2026-04-17,95.34532223836709,104.5955722664132,86.91314808969281,17.68242417672039,0.9,90.37999725341797,-4.96532498494912,5.493831750212122,True
mc_variance_reduction,BZ=F,2026-04-10,95.19999694824219,6,2026-04-20,95.37441380161435,106.08810924655508,85.74268003754094,20.345429209014142,0.9,95.4800033569336,0.10558955531924141,0.11058813532349304,True
mc_variance_reduction,BZ=F,2026-04-10,95.19999694824219,7,2026-04-21,95.40351430219316,106.79366707568944,85.22818615762571,21.565480918063727,0.9,98.4800033569336,3.076489054740435,3.123973344710321,True
mc_variance_reduction,BZ=F,2026-04-13,99.36000061035156,0,2026-04-13,99.36000061035156,99.36000061035156,99.36000061035156,0.0,0.9,99.36000061035156,0.0,0.0,True
mc_variance_reduction,BZ=F,2026-04-13,99.36000061035156,1,2026-04-14,99.3920809418199,103.56148607865818,95.39053684807016,8.170949230588022,0.9,94.79000091552734,-4.602080026292555,4.855026882417403,False
mc_variance_reduction,BZ=F,2026-04-13,99.36000061035156,2,2026-04-15,99.42417194716884,105.30306279392279,93.87348897325856,11.429573820664231,0.9,94.93000030517578,-4.494171641993063,4.734195330817913,True
mc_variance_reduction,BZ=F,2026-04-13,99.36000061035156,3,2026-04-16,99.45627275054272,106.60632059559421,92.78577592853462,13.820544667059593,0.9,99.38999938964844,-0.06627336089428582,0.06668010997209871,True
mc_variance_reduction,BZ=F,2026-04-13,99.36000061035156,4,2026-04-17,99.4883841551894,107.93551635713135,91.70233217157397,16.233184185557377,0.9,90.37999725341797,-9.108386901771425,10.077879153096529,False
mc_variance_reduction,BZ=F,2026-04-13,99.36000061035156,5,2026-04-20,99.52050612932453,109.11105601362165,90.77293769318668,18.338118320434972,0.9,95.4800033569336,-4.040502772390937,4.231779043080147,True
mc_variance_reduction,BZ=F,2026-04-13,99.36000061035156,6,2026-04-21,99.55263911558455,110.24227269204741,89.89952307593485,20.342749616112556,0.9,98.4800033569336,-1.0726357586509607,1.089191431851673,True
mc_variance_reduction,BZ=F,2026-04-13,99.36000061035156,7,2026-04-22,99.58478158857427,111.08750788467364,89.27312091976225,21.814386964911392,0.9,101.91000366210938,2.3252220735351017,2.281642616013005,True
mc_variance_reduction,BZ=F,2026-04-14,94.79000091552734,0,2026-04-14,94.79000091552734,94.79000091552734,94.79000091552734,0.0,0.9,94.79000091552734,0.0,0.0,True
mc_variance_reduction,BZ=F,2026-04-14,94.79000091552734,1,2026-04-15,94.81872815174596,98.79335102120682,91.00401078771479,7.789340233492027,0.9,94.93000030517578,0.1112721534298231,0.11721495109250127,True
mc_variance_reduction,BZ=F,2026-04-14,94.79000091552734,2,2026-04-16,94.84746383178356,100.56603019767671,89.45407684566248,11.111953352014226,0.9,99.38999938964844,4.5425355578648805,4.5704151179801595,True
mc_variance_reduction,BZ=F,2026-04-14,94.79000091552734,3,2026-04-17,94.87620839149619,101.98107573277484,88.26632629559991,13.71474943717493,0.9,90.37999725341797,-4.496211138078223,4.974785654696605,True
mc_variance_reduction,BZ=F,2026-04-14,94.79000091552734,4,2026-04-20,94.90496167357392,103.12391363667848,87.34105804548818,15.782855591190298,0.9,95.4800033569336,0.5750416833596717,0.6022639957499678,True
mc_variance_reduction,BZ=F,2026-04-14,94.79000091552734,5,2026-04-21,94.93372349252023,104.19742925992603,86.49361138094527,17.703817878980757,0.9,98.4800033569336,3.546279864413364,3.601015174177169,True
mc_variance_reduction,BZ=F,2026-04-14,94.79000091552734,6,2026-04-22,94.9624941416556,105.07507617031975,85.82316211326764,19.251914057052105,0.9,101.91000366210938,6.947509520453778,6.817298862522654,True
mc_variance_reduction,BZ=F,2026-04-14,94.79000091552734,7,2026-04-23,94.99127360219794,105.96907315398701,85.15071235374545,20.818360800241564,0.9,105.06999969482422,10.078726092626283,9.59239185485861,True
mc_variance_reduction,BZ=F,2026-04-15,94.93000030517578,0,2026-04-15,94.93000030517578,94.93000030517578,94.93000030517578,0.0,0.9,94.93000030517578,0.0,0.0,True
mc_variance_reduction,BZ=F,2026-04-15,94.93000030517578,1,2026-04-16,94.95881633209956,99.02121253497019,91.06308202655504,7.958130508415152,0.9,99.38999938964844,4.431183057548878,4.458379197867658,False
mc_variance_reduction,BZ=F,2026-04-15,94.93000030517578,2,2026-04-17,94.98764111364672,100.7446729585243,89.5595935547648,11.185079403759502,0.9,90.37999725341797,-4.607643860228748,5.098079221345072,True
mc_variance_reduction,BZ=F,2026-04-15,94.93000030517578,3,2026-04-20,95.01647463394667,101.95890307997304,88.54675935758247,13.412143722390567,0.9,95.4800033569336,0.46352872298692205,0.48547204303513614,True
mc_variance_reduction,BZ=F,2026-04-15,94.93000030517578,4,2026-04-21,95.04531693689749,103.22314197809473,87.5153778101226,15.70776416797213,0.9,98.4800033569336,3.434686420036101,3.4876993328151404,True
mc_variance_reduction,BZ=F,2026-04-15,94.93000030517578,5,2026-04-22,95.0741679474113,104.18686724116044,86.75851050605621,17.42835673510423,0.9,101.91000366210938,6.835835714698078,6.707718054218533,True
mc_variance_reduction,BZ=F,2026-04-15,94.93000030517578,6,2026-04-23,95.1030277366645,105.47819709956674,85.74839287994011,19.72980421962663,0.9,105.06999969482422,9.966971958159718,9.486030253268092,True
mc_variance_reduction,BZ=F,2026-04-15,94.93000030517578,7,2026-04-24,95.13189630953133,106.25945722552953,85.16962098083282,21.089836244696713,0.9,105.33000183105469,10.19810552152336,9.682051974024203,True
mc_variance_reduction,BZ=F,2026-04-16,99.38999938964844,0,2026-04-16,99.38999938964844,99.38999938964844,99.38999938964844,0.0,0.9,99.38999938964844,0.0,0.0,True
mc_variance_reduction,BZ=F,2026-04-16,99.38999938964844,1,2026-04-17,99.42206174866647,103.73019454772438,95.2928548922035,8.437339655520887,0.9,90.37999725341797,-9.042064495248496,10.00449742202946,False
mc_variance_reduction,BZ=F,2026-04-16,99.38999938964844,2,2026-04-20,99.45413444548092,105.51400919601299,93.7422900876259,11.771719108387089,0.9,95.4800033569336,-3.974131088547324,4.162265342294554,True
mc_variance_reduction,BZ=F,2026-04-16,99.38999938964844,3,2026-04-21,99.48621755791056,106.88175226020688,92.60240650441224,14.279345755794637,0.9,98.4800033569336,-1.0062142009769701,1.0217446859034114,True
mc_variance_reduction,BZ=F,2026-04-16,99.38999938964844,4,2026-04-22,99.51831088626895,108.1998709066828,91.53332737349483,16.666543533187976,0.9,101.91000366210938,2.3916927758404256,2.3468675202586304,True
mc_variance_reduction,BZ=F,2026-04-16,99.38999938964844,5,2026-04-23,99.55041465173963,109.04909931908068,90.87911006855057,18.169989250530108,0.9,105.06999969482422,5.519585043084589,5.253245511674334,True
mc_variance_reduction,BZ=F,2026-04-16,99.38999938964844,6,2026-04-24,99.58252893139596,109.93986256621551,90.20095044216627,19.738912124049236,0.9,105.33000183105469,5.747472899658732,5.456634197042415,True
mc_variance_reduction,BZ=F,2026-04-16,99.38999938964844,7,2026-04-27,99.61465321714246,111.1843235625956,89.24890506506026,21.935418497535338,0.9,108.2300033569336,8.615350139791133,7.960223480154963,True
mc_variance_reduction,BZ=F,2026-04-17,90.37999725341797,0,2026-04-17,90.37999725341797,90.37999725341797,90.37999725341797,0.0,0.9,90.37999725341797,0.0,0.0,True
mc_variance_reduction,BZ=F,2026-04-17,90.37999725341797,1,2026-04-20,90.40555673355476,94.35605121287988,86.62046136790441,7.735589844975465,0.9,95.4800033569336,5.074446623378833,5.314669506670409,False
mc_variance_reduction,BZ=F,2026-04-17,90.37999725341797,2,2026-04-21,90.4311234172688,96.10462282263084,85.0925568520122,11.01206597061865,0.9,98.4800033569336,8.0488799396648,8.173110951765732,False
mc_variance_reduction,BZ=F,2026-04-17,90.37999725341797,3,2026-04-22,90.4566973614865,97.191284426238,84.18876401804188,13.00252040819612,0.9,101.91000366210938,11.45330630062287,11.238647717644293,False
mc_variance_reduction,BZ=F,2026-04-17,90.37999725341797,4,2026-04-23,90.48227851599421,98.31899171992546,83.27020625693712,15.048785462988349,0.9,105.06999969482422,14.587721178830009,13.883811955077604,False
mc_variance_reduction,BZ=F,2026-04-17,90.37999725341797,5,2026-04-24,90.50786687160775,99.22104576504522,82.55984304963268,16.661202715412543,0.9,105.33000183105469,14.822134959446942,14.072092188150801,False
mc_variance_reduction,BZ=F,2026-04-17,90.37999725341797,6,2026-04-27,90.53346249507837,100.21350766500173,81.78845375821737,18.425053906784356,0.9,108.2300033569336,17.696540861855226,16.350864190120646,False
mc_variance_reduction,BZ=F,2026-04-17,90.37999725341797,7,2026-04-28,90.55906550755361,101.2271072053744,81.0152988113735,20.211808394000897,0.9,111.26000213623047,20.700936628676857,18.605910687768944,False
mc_variance_reduction,BZ=F,2026-04-20,95.4800033569336,0,2026-04-20,95.4800033569336,95.4800033569336,95.4800033569336,0.0,0.9,95.4800033569336,0.0,0.0,True
mc_variance_reduction,BZ=F,2026-04-20,95.4800033569336,1,2026-04-21,95.50918021002065,99.52642788010385,91.65408314272466,7.872344737379194,0.9,98.4800033569336,2.9708231469129487,3.01667652888416,True
mc_variance_reduction,BZ=F,2026-04-20,95.4800033569336,2,2026-04-22,95.53836591373805,101.32737040346079,90.08009702073174,11.247273382729048,0.9,101.91000366210938,6.371637748371327,6.252220115207721,False
mc_variance_reduction,BZ=F,2026-04-20,95.4800033569336,3,2026-04-23,95.56756063411551,102.64619410354753,88.97708005690778,13.669114046639748,0.9,105.06999969482422,9.50243906070871,9.043912713722795,False
mc_variance_reduction,BZ=F,2026-04-20,95.4800033569336,4,2026-04-24,95.59676409863715,103.76981870413309,88.06743061944664,15.702388084686447,0.9,105.33000183105469,9.733237732417535,9.240707835578773,False
mc_variance_reduction,BZ=F,2026-04-20,95.4800033569336,5,2026-04-27,95.6259765834121,104.77809073509701,87.27327758665348,17.50481314844353,0.9,108.2300033569336,12.604026773521497,11.645593996661406,False
mc_variance_reduction,BZ=F,2026-04-20,95.4800033569336,6,2026-04-28,95.65519799801126,105.78151395896884,86.49826008444334,19.2832538745255,0.9,111.26000213623047,15.604804138219208,14.02552924555238,False
mc_variance_reduction,BZ=F,2026-04-20,95.4800033569336,7,2026-04-29,95.68442834958441,106.74173907430463,85.77253776732165,20.96920130698298,0.9,118.02999877929688,22.345570429712467,18.932111040258697,False
mc_variance_reduction,BZ=F,2026-04-21,98.4800033569336,0,2026-04-21,98.4800033569336,98.4800033569336,98.4800033569336,0.0,0.9,98.4800033569336,0.0,0.0,True
mc_variance_reduction,BZ=F,2026-04-21,98.4800033569336,1,2026-04-22,98.51135472050564,102.60736956084591,94.57884994830113,8.028519612544784,0.9,101.91000366210938,3.3986489416037386,3.3349512505879466,True
mc_variance_reduction,BZ=F,2026-04-21,98.4800033569336,2,2026-04-23,98.54271606427426,104.50546925062314,92.92017880958889,11.585290441034246,0.9,105.06999969482422,6.5272836305499595,6.212319072531125,False
mc_variance_reduction,BZ=F,2026-04-21,98.4800033569336,3,2026-04-24,98.57408739794909,105.98503652225543,91.68134517197689,14.303691350278541,0.9,105.33000183105469,6.755914433105602,6.414045680870519,True
mc_variance_reduction,BZ=F,2026-04-21,98.4800033569336,4,2026-04-27,98.60546879805356,107.18153487558315,90.71561240620412,16.465922469379038,0.9,108.2300033569336,9.624534558880029,8.892667707991388,False
mc_variance_reduction,BZ=F,2026-04-21,98.4800033569336,5,2026-04-28,98.63686029082916,108.13909126976412,89.96959414994065,18.169497119823475,0.9,111.26000213623047,12.623141845401307,11.345624306159108,False
mc_variance_reduction,BZ=F,2026-04-21,98.4800033569336,6,2026-04-29,98.6682613225883,109.0686838087308,89.25958810210558,19.809095706625214,0.9,118.02999877929688,19.361737456708582,16.404081722404236,False
mc_variance_reduction,BZ=F,2026-04-21,98.4800033569336,7,2026-04-30,98.69967260858357,110.2170813528264,88.38580424945779,21.831277103368606,0.9,114.01000213623047,15.3103295276469,13.428935392311104,False
mc_variance_reduction,BZ=F,2026-04-22,101.91000366210938,0,2026-04-22,101.91000366210938,101.91000366210938,101.91000366210938,0.0,0.9,101.91000366210938,0.0,0.0,True
mc_variance_reduction,BZ=F,2026-04-22,101.91000366210938,1,2026-04-23,101.94388770030471,106.28522430911586,97.7798777594635,8.505346549652359,0.9,105.06999969482422,3.126111994519505,2.9752660165597185,True
mc_variance_reduction,BZ=F,2026-04-22,101.91000366210938,2,2026-04-24,101.97778301716676,107.92918094674476,96.35455525668301,11.574625690061751,0.9,105.33000183105469,3.35221881388793,3.1825868751666415,True
mc_variance_reduction,BZ=F,2026-04-22,101.91000366210938,3,2026-04-27,102.01168992541818,109.51413120822495,95.02321478979775,14.490916418427204,0.9,108.2300033569336,6.218313431515412,5.745461737636586,True
mc_variance_reduction,BZ=F,2026-04-22,101.91000366210938,4,2026-04-28,102.04560746238775,110.58048121724717,94.16947620033288,16.411005016914288,0.9,111.26000213623047,9.214394673842719,8.281857358370626,False
mc_variance_reduction,BZ=F,2026-04-22,101.91000366210938,5,2026-04-29,102.07953655026121,111.8010690854803,93.20333189528407,18.597737190196227,0.9,118.02999877929688,15.950462229035665,13.513905273235896,False
mc_variance_reduction,BZ=F,2026-04-22,101.91000366210938,6,2026-04-30,102.11347695003982,112.96369311874757,92.3054318086317,20.658261310115876,0.9,114.01000213623047,11.896525186190644,10.43463289473102,False
mc_variance_reduction,BZ=F,2026-04-22,101.91000366210938,7,2026-05-01,102.14742864469329,114.06573738388288,91.47442058697702,22.591316796905858,0.9,108.16999816894531,6.02256952425202,5.5676894020518235,True
mc_variance_reduction,BZ=F,2026-04-23,105.06999969482422,0,2026-04-23,105.06999969482422,105.06999969482422,105.06999969482422,0.0,0.9,105.06999969482422,0.0,0.0,True
mc_variance_reduction,BZ=F,2026-04-23,105.06999969482422,1,2026-04-24,105.10625661240088,109.55134227771461,100.84153191968895,8.709810358025663,0.9,105.33000183105469,0.2237452186538036,0.21242306537949404,True
mc_variance_reduction,BZ=F,2026-04-23,105.06999969482422,2,2026-04-27,105.14252622779375,111.61932115968735,99.0415518337518,12.577769325935549,0.9,108.2300033569336,3.0874771291398417,2.852699836807357,True
mc_variance_reduction,BZ=F,2026-04-23,105.06999969482422,3,2026-04-28,105.17880798691479,113.08619809664562,97.82433085321212,15.2618672434335,0.9,111.26000213623047,6.081194149315678,5.465750523597564,True
mc_variance_reduction,BZ=F,2026-04-23,105.06999969482422,4,2026-04-29,105.21510362009204,114.55275612352982,96.6385983054478,17.914157818082018,0.9,118.02999877929688,12.814895159204838,10.857320420012275,False
mc_variance_reduction,BZ=F,2026-04-23,105.06999969482422,5,2026-04-30,105.25140943732129,115.65243435570711,95.78578485386205,19.86664950184506,0.9,114.01000213623047,8.758592698909183,7.682302021574867,True
mc_variance_reduction,BZ=F,2026-04-23,105.06999969482422,6,2026-05-01,105.28772906653819,116.52427685759513,95.13473219990045,21.38954465769467,0.9,108.16999816894531,2.882269102407122,2.6645734965303873,True
mc_variance_reduction,BZ=F,2026-04-23,105.06999969482422,7,2026-05-04,105.32406107190388,117.38011330634114,94.50627986163586,22.873833444705284,0.9,114.44000244140625,9.115941369502366,7.965694840114815,True
mc_variance_reduction,BZ=F,2026-04-24,105.33000183105469,0,2026-04-24,105.33000183105469,105.33000183105469,105.33000183105469,0.0,0.9,105.33000183105469,0.0,0.0,True
mc_variance_reduction,BZ=F,2026-04-24,105.33000183105469,1,2026-04-27,105.366441750186,109.80961125314442,101.10305392137022,8.706557331774206,0.9,108.2300033569336,2.863561606747595,2.645811251898243,True
mc_variance_reduction,BZ=F,2026-04-24,105.33000183105469,2,2026-04-28,105.40289427740493,111.79667578423293,99.37478054164589,12.421895242587041,0.9,111.26000213623047,5.857107858825543,5.264342752442072,True
mc_variance_reduction,BZ=F,2026-04-24,105.33000183105469,3,2026-04-29,105.4393594349535,113.28953720840364,98.13314438983474,15.156392818568904,0.9,118.02999877929688,12.590639344343373,10.667321422146657,False
mc_variance_reduction,BZ=F,2026-04-24,105.33000183105469,4,2026-04-30,105.47583716957844,114.79993659154565,96.90904503204844,17.890891559497206,0.9,114.01000213623047,8.534164966652028,7.485452860929308,True
mc_variance_reduction,BZ=F,2026-04-24,105.33000183105469,5,2026-05-01,105.51232754482373,115.76817802320117,96.16503838603954,19.603139637161632,0.9,108.16999816894531,2.657670624121579,2.456938771479589,True
mc_variance_reduction,BZ=F,2026-04-24,105.33000183105469,6,2026-05-04,105.5488305677373,116.82694061462945,95.35947422691018,21.46746638771927,0.9,114.44000244140625,8.891171873668952,7.7692866864637375,True
mc_variance_reduction,BZ=F,2026-04-24,105.33000183105469,7,2026-05-05,105.58534622757455,117.75615613848963,94.67246302847344,23.083693110016185,0.9,109.87000274658203,4.284656519007484,3.899750989257872,True
mc_variance_reduction,BZ=F,2026-04-27,108.2300033569336,0,2026-04-27,108.2300033569336,108.2300033569336,108.2300033569336,0.0,0.9,108.2300033569336,0.0,0.0,True
mc_variance_reduction,BZ=F,2026-04-27,108.2300033569336,1,2026-04-28,108.26865491928095,112.80425733148965,103.91541831951464,8.888839011975008,0.9,111.26000213623047,2.9913472169495208,2.6886097065563734,True
mc_variance_reduction,BZ=F,2026-04-27,108.2300033569336,2,2026-04-29,108.30731985548593,114.92291406108204,102.07255556217194,12.850358498910097,0.9,118.02999877929688,9.722678923810946,8.237464224659773,False
mc_variance_reduction,BZ=F,2026-04-27,108.2300033569336,3,2026-04-30,108.34599878112436,116.54387965951305,100.724769832406,15.819109827107056,0.9,114.01000213623047,5.664003355106104,4.967988114181587,True
mc_variance_reduction,BZ=F,2026-04-27,108.2300033569336,4,2026-05-01,108.38469153682273,117.86727455898054,99.66499527963484,18.202279279345703,0.9,108.16999816894531,-0.2146933678774161,0.19847774014204686,True
mc_variance_reduction,BZ=F,2026-04-27,108.2300033569336,5,2026-05-04,108.42339811721385,119.13296019217579,98.67658153845626,20.456378653719526,0.9,114.44000244140625,6.0166043241924,5.257431139319423,True
mc_variance_reduction,BZ=F,2026-04-27,108.2300033569336,6,2026-05-05,108.46211860676772,120.1109847113474,97.9430091245711,22.167975586776294,0.9,109.87000274658203,1.407884139814314,1.2814090330566705,True
mc_variance_reduction,BZ=F,2026-04-27,108.2300033569336,7,2026-05-06,108.50085317358521,121.16353158874617,97.16153775279051,24.00199383595566,0.9,101.2699966430664,-7.230856530518807,7.140176528300376,True
mc_variance_reduction,BZ=F,2026-04-28,111.26000213623047,0,2026-04-28,111.26000213623047,111.26000213623047,111.26000213623047,0.0,0.9,111.26000213623047,0.0,0.0,True
mc_variance_reduction,BZ=F,2026-04-28,111.26000213623047,1,2026-04-29,111.3009973631992,115.94604721727205,106.84203831408423,9.104008903187818,0.9,118.02999877929688,6.729001416097674,5.701094201212496,False
mc_variance_reduction,BZ=F,2026-04-28,111.26000213623047,2,2026-04-30,111.34200770188178,117.978891415343,105.07848081023756,12.900410605105435,0.9,114.01000213623047,2.667994434348685,2.3401406756932612,True
mc_variance_reduction,BZ=F,2026-04-28,111.26000213623047,3,2026-05-01,111.38303314925113,119.54467177697539,103.77861179065927,15.766059986316122,0.9,108.16999816894531,-3.213034980305821,2.9703568777800498,True
mc_variance_reduction,BZ=F,2026-04-28,111.26000213623047,4,2026-05-04,111.42407398901612,120.93383392654756,102.66212354552438,18.271710381023183,0.9,114.44000244140625,3.0159284523901277,2.6353795771144757,True
mc_variance_reduction,BZ=F,2026-04-28,111.26000213623047,5,2026-05-05,111.46512938427941,122.038732916464,101.80763762270504,20.231095293758955,0.9,109.87000274658203,-1.5951266376973763,1.4518308890704013,True
mc_variance_reduction,BZ=F,2026-04-28,111.26000213623047,6,2026-05-06,111.50620030392868,122.95766696174195,101.12124758121591,21.83641938052604,0.9,101.2699966430664,-10.236203660862273,10.107834502000163,True
mc_variance_reduction,BZ=F,2026-04-28,111.26000213623047,7,2026-05-07,111.54728642321199,124.2950931849859,100.10690465716512,24.188188527820785,0.9,100.05999755859375,-11.487288864618236,11.480400904358847,False
mc_variance_reduction,BZ=F,2026-04-29,118.02999877929688,0,2026-04-29,118.02999877929688,118.02999877929688,118.02999877929688,0.0,0.9,118.02999877929688,0.0,0.0,True
mc_variance_reduction,BZ=F,2026-04-29,118.02999877929688,1,2026-04-30,118.07637044401972,123.16124812852546,113.20142876769701,9.959819360828448,0.9,114.01000213623047,-4.066368307789247,3.566676810452426,True
mc_variance_reduction,BZ=F,2026-04-29,118.02999877929688,2,2026-05-01,118.12276043136015,125.18784686640589,111.4563982047291,13.731448661676794,0.9,108.16999816894531,-9.952762262414836,9.201037654516842,False
mc_variance_reduction,BZ=F,2026-04-29,118.02999877929688,3,2026-05-04,118.16916844595085,126.6618424282471,110.24592817898306,16.415914249264034,0.9,114.44000244140625,-3.729166004544595,3.258621045952829,True
mc_variance_reduction,BZ=F,2026-04-29,118.02999877929688,4,2026-05-05,118.2155949297566,128.17656932127016,109.02871682209813,19.147852499172032,0.9,109.87000274658203,-8.345592183174574,7.59587874264816,True
mc_variance_reduction,BZ=F,2026-04-29,118.02999877929688,5,2026-05-06,118.26203936362501,129.89804112450184,107.66836704288079,22.229674081621056,0.9,101.2699966430664,-16.9920427205586,16.778950611056416,False
mc_variance_reduction,BZ=F,2026-04-29,118.02999877929688,6,2026-05-07,118.30850218247465,130.9141384205304,106.91665447239505,23.997483948135354,0.9,100.05999755859375,-18.248504623880905,18.23756253161493,False
mc_variance_reduction,BZ=F,2026-04-29,118.02999877929688,7,2026-05-08,118.35498395651194,132.17465539837346,105.98024278894306,26.1944126094304,0.9,101.29000091552734,-17.0649830409846,16.847648224641894,False
mc_variance_reduction,BZ=F,2026-04-30,114.01000213623047,0,2026-04-30,114.01000213623047,114.01000213623047,114.01000213623047,0.0,0.9,114.01000213623047,0.0,0.0,True
mc_variance_reduction,BZ=F,2026-04-30,114.01000213623047,1,2026-05-01,114.05313313276055,118.80076205928896,109.49523345741407,9.305528601874883,0.9,108.16999816894531,-5.8831349638152375,5.438786228531375,False
mc_variance_reduction,BZ=F,2026-04-30,114.01000213623047,2,2026-05-04,114.096280504383,120.96874357801991,107.61425493037704,13.354488647642867,0.9,114.44000244140625,0.34372193702324694,0.3003512143397882,True
mc_variance_reduction,BZ=F,2026-04-30,114.01000213623047,3,2026-05-05,114.13944461342317,122.71951781799157,106.15925621352412,16.560261604467456,0.9,109.87000274658203,-4.2694418668411345,3.885903121972893,True
mc_variance_reduction,BZ=F,2026-04-30,114.01000213623047,4,2026-05-06,114.18262413924327,123.70773242034072,105.39091923487037,18.31681318547035,0.9,101.2699966430664,-12.912627496176867,12.750694109024588,False
mc_variance_reduction,BZ=F,2026-04-30,114.01000213623047,5,2026-05-07,114.22582122669911,125.08558162836377,104.30888884625288,20.776692782110885,0.9,100.05999755859375,-14.16582366810536,14.157329615973707,False
mc_variance_reduction,BZ=F,2026-04-30,114.01000213623047,6,2026-05-08,114.26903298460702,126.30410799914542,103.38073810029309,22.92336989885233,0.9,101.29000091552734,-12.979032069079679,12.813734773192254,False
mc_variance_reduction,BZ=F,2026-04-30,114.01000213623047,7,2026-05-11,114.31226216616687,127.33626647668945,102.62035785333731,24.715908623352135,0.9,104.20999908447266,-10.102263081694218,9.694139881438172,True
mc_variance_reduction,BZ=F,2026-05-01,108.16999816894531,0,2026-05-01,108.16999816894531,108.16999816894531,108.16999816894531,0.0,0.9,108.16999816894531,0.0,0.0,True
mc_variance_reduction,BZ=F,2026-05-01,108.16999816894531,1,2026-05-04,108.20853895610362,112.67591622657041,103.91828432441291,8.757631902157499,0.9,114.44000244140625,6.231463485302626,5.445179441072767,False
mc_variance_reduction,BZ=F,2026-05-01,108.16999816894531,2,2026-05-05,108.2470934543679,114.8427026680984,102.03028112518246,12.812421542915942,0.9,109.87000274658203,1.622909292214132,1.4771177315408044,True
mc_variance_reduction,BZ=F,2026-05-01,108.16999816894531,3,2026-05-06,108.28566167153963,116.67136417497062,100.50267781988273,16.168686355087885,0.9,101.2699966430664,-7.015665028473222,6.927683678316346,True
mc_variance_reduction,BZ=F,2026-05-01,108.16999816894531,4,2026-05-07,108.32424365573459,117.90454098043178,99.52239044116965,18.382150539262128,0.9,100.05999755859375,-8.264246097140841,8.259290724349071,True
mc_variance_reduction,BZ=F,2026-05-01,108.16999816894531,5,2026-05-08,108.36283963849877,119.07523098921396,98.61416931464383,20.461061674570132,0.9,101.29000091552734,-7.072838722971426,6.982761041605627,True
mc_variance_reduction,BZ=F,2026-05-01,108.16999816894531,6,2026-05-11,108.40145067280358,119.97501205349349,97.94434672130123,22.030665332192257,0.9,104.20999908447266,-4.191451588330921,4.02212035807939,True
mc_variance_reduction,BZ=F,2026-05-01,108.16999816894531,7,2026-05-12,108.44007213158122,121.07816312438528,97.1211400391101,23.957023085275182,0.9,107.7699966430664,-0.6700754885148115,0.6217644143890043,True
mc_variance_reduction,BZ=F,2026-05-04,114.44000244140625,0,2026-05-04,114.44000244140625,114.44000244140625,114.44000244140625,0.0,0.9,114.44000244140625,0.0,0.0,True
mc_variance_reduction,BZ=F,2026-05-04,114.44000244140625,1,2026-05-05,114.48343912553749,119.37412415841662,109.79312253556053,9.581001622856093,0.9,109.87000274658203,-4.6134363789554556,4.198995416061347,True
mc_variance_reduction,BZ=F,2026-05-04,114.44000244140625,2,2026-05-06,114.52689228206722,121.39272343990025,108.04938484278519,13.343338597115064,0.9,101.2699966430664,-13.256895639000817,13.090644888362865,False
mc_variance_reduction,BZ=F,2026-05-04,114.44000244140625,3,2026-05-07,114.57036240788173,123.4110257424439,106.3630073364857,17.048018405958203,0.9,100.05999755859375,-14.510364849287981,14.50166420480963,False
mc_variance_reduction,BZ=F,2026-05-04,114.44000244140625,4,2026-05-08,114.6138480979215,124.54160426613136,105.47747747294126,19.0641267931901,0.9,101.29000091552734,-13.32384718239416,13.154158418367306,False
mc_variance_reduction,BZ=F,2026-05-04,114.44000244140625,5,2026-05-11,114.65735076583266,125.89310254143818,104.4243713562025,21.468731185235683,0.9,104.20999908447266,-10.447351681360004,10.025287182750455,False
mc_variance_reduction,BZ=F,2026-05-04,114.44000244140625,6,2026-05-12,114.70087036406531,127.06829992827744,103.53714946498965,23.531150463287787,0.9,107.7699966430664,-6.930873720998903,6.431171881682355,True
mc_variance_reduction,BZ=F,2026-05-04,114.44000244140625,7,2026-05-13,114.74440593125792,128.26482232987556,102.64917850976246,25.615643820113092,0.9,105.62999725341797,-9.114408677839947,8.628617736279477,True
mc_variance_reduction,BZ=F,2026-05-05,109.87000274658203,0,2026-05-05,109.87000274658203,109.87000274658203,109.87000274658203,0.0,0.9,109.87000274658203,0.0,0.0,True
mc_variance_reduction,BZ=F,2026-05-05,109.87000274658203,1,2026-05-06,109.90982817778789,114.54582034139314,105.46146768575622,9.08435265563692,0.9,101.2699966430664,-8.63983153472148,8.531481999721207,False
mc_variance_reduction,BZ=F,2026-05-05,109.87000274658203,2,2026-05-07,109.94966804659207,116.63256433913567,103.64969315486285,12.982871184272824,0.9,100.05999755859375,-9.889670487998316,9.883740485009568,False
mc_variance_reduction,BZ=F,2026-05-05,109.87000274658203,3,2026-05-08,109.98952305245379,118.04416405580209,102.48448229657701,15.559681759225072,0.9,101.29000091552734,-8.699522136926447,8.58872747388123,False
mc_variance_reduction,BZ=F,2026-05-05,109.87000274658203,4,2026-05-11,110.02939110482794,119.38507880667044,101.40686783581059,17.97821097085985,0.9,104.20999908447266,-5.819392020355281,5.584293322599572,True
mc_variance_reduction,BZ=F,2026-05-05,109.87000274658203,5,2026-05-12,110.06927431031994,120.49112281000797,100.54886098810492,19.942261821903045,0.9,107.7699966430664,-2.299277667253534,2.1335044436056987,True
mc_variance_reduction,BZ=F,2026-05-05,109.87000274658203,6,2026-05-13,110.10917217958706,121.83900030351374,99.50861155709477,22.330388746418976,0.9,105.62999725341797,-4.479174926169094,4.240438362810008,True
mc_variance_reduction,BZ=F,2026-05-05,109.87000274658203,7,2026-05-14,110.14908409561474,122.64860275215283,98.92343260206941,23.725170150083414,0.9,105.72000122070312,-4.4290828749116145,4.189446484838167,True
mc_variance_reduction,BZ=F,2026-05-06,101.2699966430664,0,2026-05-06,101.2699966430664,101.2699966430664,101.2699966430664,0.0,0.9,101.2699966430664,0.0,0.0,True
mc_variance_reduction,BZ=F,2026-05-06,101.2699966430664,1,2026-05-07,101.30326334229746,105.68416058676978,97.1039662391505,8.580194347619283,0.9,100.05999755859375,-1.2432657837037056,1.2425203018575592,True
mc_variance_reduction,BZ=F,2026-05-06,101.2699966430664,2,2026-05-08,101.33654094788258,107.46761160046836,95.55525035379686,11.912361246671495,0.9,101.29000091552734,-0.046540032355238736,0.04594731161474828,True
mc_variance_reduction,BZ=F,2026-05-06,101.2699966430664,3,2026-05-11,101.36982962332212,108.96503493127965,94.304033756182,14.661001175097653,0.9,104.20999908447266,2.8401694611505377,2.72542892822434,True
mc_variance_reduction,BZ=F,2026-05-06,101.2699966430664,4,2026-05-12,101.40312920525038,110.12397536609524,93.3728966963466,16.751078669748637,0.9,107.7699966430664,6.366867437816026,5.907829299561968,True
mc_variance_reduction,BZ=F,2026-05-06,101.2699966430664,5,2026-05-13,101.43643940818211,111.31681907327084,92.43303324646908,18.883785826801756,0.9,105.62999725341797,4.193557845235858,3.9700444516485716,True
mc_variance_reduction,BZ=F,2026-05-06,101.2699966430664,6,2026-05-14,101.46976077041691,112.46596188509695,91.54869773830936,20.917264146787588,0.9,105.72000122070312,4.2502404502862134,4.020280364368639,True
mc_variance_reduction,BZ=F,2026-05-06,101.2699966430664,7,2026-05-15,101.5030931230394,113.43846104698544,90.8234986357531,22.61496241123234,0.9,109.26000213623047,7.756909013191063,7.099495571599373,True
mc_variance_reduction,BZ=F,2026-05-07,100.05999755859375,0,2026-05-07,100.05999755859375,100.05999755859375,100.05999755859375,0.0,0.9,100.05999755859375,0.0,0.0,True
mc_variance_reduction,BZ=F,2026-05-07,100.05999755859375,1,2026-05-08,100.0923541196433,104.32672526838945,96.02984595167992,8.296879316709536,0.9,101.29000091552734,1.1976467958840402,1.1823939037011557,True
mc_variance_reduction,BZ=F,2026-05-07,100.05999755859375,2,2026-05-11,100.12472113832918,105.99186903491965,94.58234747270558,11.409521562214067,0.9,104.20999908447266,4.085277946143478,3.920236044558402,True
mc_variance_reduction,BZ=F,2026-05-07,100.05999755859375,3,2026-05-12,100.15709862079507,107.39602512390469,93.40610504685857,13.989920077046122,0.9,107.7699966430664,7.612898022271338,7.064023623834018,False
mc_variance_reduction,BZ=F,2026-05-07,100.05999755859375,4,2026-05-13,100.18948658490731,108.77268906492257,92.283581093604,16.489107971318575,0.9,105.62999725341797,5.440510668510655,5.150535652725875,True
mc_variance_reduction,BZ=F,2026-05-07,100.05999755859375,5,2026-05-14,100.2218850115504,109.57425351084892,91.6677588546834,17.90649465616552,0.9,105.72000122070312,5.498116209152727,5.200639562682896,True
mc_variance_reduction,BZ=F,2026-05-07,100.05999755859375,6,2026-05-15,100.25429392101908,110.86188157828835,90.66167129846558,20.20021027982277,0.9,109.26000213623047,9.005708215211385,8.242456561535343,True
mc_variance_reduction,BZ=F,2026-05-07,100.05999755859375,7,2026-05-18,100.28671330804427,111.88950741883288,89.88711361892724,22.002393799905633,0.9,112.0999984741211,11.813285166076824,10.538167106937104,False
mc_variance_reduction,BZ=F,2026-05-08,101.29000091552734,0,2026-05-08,101.29000091552734,101.29000091552734,101.29000091552734,0.0,0.9,101.29000091552734,0.0,0.0,True
mc_variance_reduction,BZ=F,2026-05-08,101.29000091552734,1,2026-05-11,101.32325487890054,105.56039098638824,97.25619508592642,8.30419590046182,0.9,104.20999908447266,2.886744205572114,2.7701220909061886,True
mc_variance_reduction,BZ=F,2026-05-08,101.29000091552734,2,2026-05-12,101.35651979524046,107.60920838521965,95.46714685526281,12.142061529956834,0.9,107.7699966430664,6.413476847825947,5.951078266307594,False
mc_variance_reduction,BZ=F,2026-05-08,101.29000091552734,3,2026-05-13,101.38979556748991,109.21108256408519,94.12863973913778,15.082442824947407,0.9,105.62999725341797,4.2402016859280565,4.01420221166469,True
mc_variance_reduction,BZ=F,2026-05-08,101.29000091552734,4,2026-05-14,101.42308228577967,110.30656029423004,93.25503061448597,17.051529679744064,0.9,105.72000122070312,4.296918934923454,4.064433300519097,True
mc_variance_reduction,BZ=F,2026-05-08,101.29000091552734,5,2026-05-15,101.45638001409088,111.74011104348199,92.11908721139514,19.62102383208685,0.9,109.26000213623047,7.803622122139586,7.142249651807315,True
mc_variance_reduction,BZ=F,2026-05-08,101.29000091552734,6,2026-05-18,101.48968888765111,112.74228514892847,91.3601928589873,21.38209228994117,0.9,112.0999984741211,10.610309586469981,9.465039902671748,True
mc_variance_reduction,BZ=F,2026-05-08,101.29000091552734,7,2026-05-19,101.52300807085618,113.78553757921958,90.58199683268855,23.203540746531033,0.9,111.27999877929688,9.756990708440696,8.76796442799381,True
mc_variance_reduction,BZ=F,2026-05-11,104.20999908447266,0,2026-05-11,104.20999908447266,104.20999908447266,104.20999908447266,0.0,0.9,104.20999908447266,0.0,0.0,True
mc_variance_reduction,BZ=F,2026-05-11,104.20999908447266,1,2026-05-12,104.2454253209443,108.81072818168217,99.87166597039301,8.939062211289155,0.9,107.7699966430664,3.5245713221220996,3.2704569285600513,True
mc_variance_reduction,BZ=F,2026-05-11,104.20999908447266,2,2026-05-13,104.2808636009541,110.37824465617828,98.5203066664782,11.857937989700076,0.9,105.62999725341797,1.3491336524638626,1.277225871006266,True
mc_variance_reduction,BZ=F,2026-05-11,104.20999908447266,3,2026-05-14,104.31631393558074,111.99437999980842,97.16463769871181,14.829742301096601,0.9,105.72000122070312,1.4036872851223876,1.3277405116483332,True
mc_variance_reduction,BZ=F,2026-05-11,104.20999908447266,4,2026-05-15,104.35177689691369,113.38034864718902,96.04215672681423,17.338191920374797,0.9,109.26000213623047,4.908225239316778,4.492243404129695,True
mc_variance_reduction,BZ=F,2026-05-11,104.20999908447266,5,2026-05-18,104.3872507103446,114.67446336109948,95.02288330974224,19.651580051357243,0.9,112.0999984741211,7.712747763776491,6.880238955183413,True
mc_variance_reduction,BZ=F,2026-05-11,104.20999908447266,6,2026-05-19,104.4227371904382,115.66347260985917,94.27443080441085,21.389041805448315,0.9,111.27999877929688,6.857261588858677,6.162169000791217,True
mc_variance_reduction,BZ=F,2026-05-11,104.20999908447266,7,2026-05-20,104.45823596446066,116.58094165675975,93.59611334951953,22.98482830724022,0.9,105.0199966430664,0.5617606786057507,0.5349082999069389,True
mc_variance_reduction,BZ=F,2026-05-12,107.7699966430664,0,2026-05-12,107.7699966430664,107.7699966430664,107.7699966430664,0.0,0.9,107.7699966430664,0.0,0.0,True
mc_variance_reduction,BZ=F,2026-05-12,107.7699966430664,1,2026-05-13,107.8081184388717,112.36051377153063,103.44016712624739,8.920346645283246,0.9,105.62999725341797,-2.1781211854537332,2.062029008888622,True
mc_variance_reduction,BZ=F,2026-05-12,107.7699966430664,2,2026-05-14,107.84625303324881,114.41212046603313,101.65718663563212,12.754933830401015,0.9,105.72000122070312,-2.1262518125456893,2.011210544830476,True
mc_variance_reduction,BZ=F,2026-05-12,107.7699966430664,3,2026-05-15,107.88440139089629,115.87263616728255,100.44687383831973,15.425762328962819,0.9,109.26000213623047,1.3756007453341823,1.259015850666943,True
mc_variance_reduction,BZ=F,2026-05-12,107.7699966430664,4,2026-05-18,107.92256328851903,117.3011570788245,99.29381737251128,18.007339706313218,0.9,112.0999984741211,4.177435185602064,3.7265256400217064,True
mc_variance_reduction,BZ=F,2026-05-12,107.7699966430664,5,2026-05-19,107.96073869754679,118.54739144183235,98.31950712701507,20.227884314817274,0.9,111.27999877929688,3.3192600817500875,2.982800249965154,True
mc_variance_reduction,BZ=F,2026-05-12,107.7699966430664,6,2026-05-20,107.99892788746081,119.19669754271663,97.85311681138872,21.34358073132792,0.9,105.0199966430664,-2.9789312443944027,2.836537173505115,True
mc_variance_reduction,BZ=F,2026-05-12,107.7699966430664,7,2026-05-21,108.03713000127856,120.31439243810222,97.01267838164775,23.301714056454472,0.9,102.58000183105469,-5.457128170223868,5.319875290323691,True
mc_variance_reduction,BZ=F,2026-05-13,105.62999725341797,0,2026-05-13,105.62999725341797,105.62999725341797,105.62999725341797,0.0,0.9,105.62999725341797,0.0,0.0,True
mc_variance_reduction,BZ=F,2026-05-13,105.62999725341797,1,2026-05-14,105.66646865222249,110.24205948453832,101.28078747045959,8.96127201407873,0.9,105.72000122070312,0.05353256848063381,0.05063617845489633,True
mc_variance_reduction,BZ=F,2026-05-13,105.62999725341797,2,2026-05-15,105.70295266446334,112.01041348522152,99.75067364303551,12.259739842186008,0.9,109.26000213623047,3.5570494717671295,3.2555824658799053,True
mc_variance_reduction,BZ=F,2026-05-13,105.62999725341797,3,2026-05-18,105.73944924073584,113.69148993128178,98.34360627332681,15.347883657954966,0.9,112.0999984741211,6.360549233385257,5.673995825123606,True
mc_variance_reduction,BZ=F,2026-05-13,105.62999725341797,4,2026-05-19,105.7759584686219,114.90621470708518,97.3711771894693,17.53503751761589,0.9,111.27999877929688,5.504040310674981,4.946118234231129,True
mc_variance_reduction,BZ=F,2026-05-13,105.62999725341797,5,2026-05-20,105.81248023957653,115.96415045577103,96.54950192344245,19.414648532328584,0.9,105.0199966430664,-0.7924835965101238,0.7546025726924691,True
mc_variance_reduction,BZ=F,2026-05-13,105.62999725341797,6,2026-05-21,105.84901460871436,117.21216963502808,95.58746299950184,21.624706635526238,0.9,102.58000183105469,-3.2690127776596682,3.186793448340551,True
mc_variance_reduction,BZ=F,2026-05-13,105.62999725341797,7,2026-05-22,105.88556301961623,117.82231328921883,95.1581398302101,22.664173459008722,0.9,103.54000091552734,-2.3455621040888843,2.26536805422911,True
mc_variance_reduction,BZ=F,2026-05-14,105.72000122070312,0,2026-05-14,105.72000122070312,105.72000122070312,105.72000122070312,0.0,0.9,105.72000122070312,0.0,0.0,True
mc_variance_reduction,BZ=F,2026-05-14,105.72000122070312,1,2026-05-15,105.7565259115851,110.35569555913555,101.34903059846951,9.006664960666043,0.9,109.26000213623047,3.503476224645368,3.206549657830933,True
mc_variance_reduction,BZ=F,2026-05-14,105.72000122070312,2,2026-05-18,105.79306313075827,111.97761248942606,99.95008785029852,12.027524639127549,0.9,112.0999984741211,6.306935343362824,5.626168982347323,False
mc_variance_reduction,BZ=F,2026-05-14,105.72000122070312,3,2026-05-19,105.8296130122061,113.85986773004416,98.36571232943123,15.494155400612925,0.9,111.27999877929688,5.450385767090779,4.897902432494273,True
mc_variance_reduction,BZ=F,2026-05-14,105.72000122070312,4,2026-05-20,105.86617638929985,115.10237323452694,97.3711210769016,17.731252157625335,0.9,105.0199966430664,-0.8461797462334459,0.805732025596396,True
mc_variance_reduction,BZ=F,2026-05-14,105.72000122070312,5,2026-05-21,105.90275067951221,116.30062243955119,96.43450219859548,19.86612024095571,0.9,102.58000183105469,-3.322748848457522,3.239177996828233,True
mc_variance_reduction,BZ=F,2026-05-14,105.72000122070312,6,2026-05-22,105.93933845012586,117.39488101371371,95.60164269428412,21.79323831942959,0.9,103.54000091552734,-2.3993375345985157,2.317304919241796,True
mc_variance_reduction,BZ=F,2026-05-14,105.72000122070312,7,2026-05-25,105.97593928326643,118.75087198082119,94.57530232547052,24.17556965535067,0.9,,,,
mc_variance_reduction,BZ=F,2026-05-15,109.26000213623047,0,2026-05-15,109.26000213623047,109.26000213623047,109.26000213623047,0.0,0.9,109.26000213623047,0.0,0.0,True
mc_variance_reduction,BZ=F,2026-05-15,109.26000213623047,1,2026-05-18,109.29922359564159,113.78974614455414,104.98591201539492,8.803834129159227,0.9,112.0999984741211,2.8007748784795012,2.4984611209660947,True
mc_variance_reduction,BZ=F,2026-05-15,109.26000213623047,2,2026-05-19,109.33845951594967,115.92292748809227,103.12799113209195,12.79493635600032,0.9,111.27999877929688,1.9415392633472095,1.7447333614712655,True
mc_variance_reduction,BZ=F,2026-05-15,109.26000213623047,3,2026-05-20,109.37770871084828,117.68483475324992,101.65696529618798,16.02786945706194,0.9,105.0199966430664,-4.3577120677818755,4.149411737835528,True
mc_variance_reduction,BZ=F,2026-05-15,109.26000213623047,4,2026-05-21,109.41697241605952,118.9571121082781,100.64193470382331,18.315177404454786,0.9,102.58000183105469,-6.836970585004835,6.665013124356404,True
mc_variance_reduction,BZ=F,2026-05-15,109.26000213623047,5,2026-05-22,109.45625030986716,120.13033684341264,99.73060112664668,20.39973571676596,0.9,103.54000091552734,-5.916249394339815,5.71397463977865,True
mc_variance_reduction,BZ=F,2026-05-15,109.26000213623047,6,2026-05-25,109.4955420891836,121.31629131416771,98.82657772644265,22.489713587725063,0.9,,,,
mc_variance_reduction,BZ=F,2026-05-15,109.26000213623047,7,2026-05-26,109.5348482115578,122.44613363473898,97.98498835970753,24.461145275031456,0.9,99.58000183105469,-9.954846380503113,9.99683289561723,True
mc_variance_reduction,BZ=F,2026-05-18,112.0999984741211,0,2026-05-18,112.0999984741211,112.0999984741211,112.0999984741211,0.0,0.9,112.0999984741211,0.0,0.0,True
mc_variance_reduction,BZ=F,2026-05-18,112.0999984741211,1,2026-05-19,112.14141300405115,116.76108115904296,107.70452236585362,9.056558793189339,0.9,111.27999877929688,-0.8614142247542702,0.7740961845827521,True
mc_variance_reduction,BZ=F,2026-05-18,112.0999984741211,2,2026-05-20,112.182842513597,118.78034614921364,105.95178884788733,12.828557301326313,0.9,105.0199966430664,-7.162845870530589,6.820459054931318,False
mc_variance_reduction,BZ=F,2026-05-18,112.0999984741211,3,2026-05-21,112.22428827137372,120.66006164438757,104.37828831528626,16.281773329101313,0.9,102.58000183105469,-9.644286440319036,9.401721844578248,False
mc_variance_reduction,BZ=F,2026-05-18,112.0999984741211,4,2026-05-22,112.26574794514185,122.07098251727373,103.24810926179417,18.822873255479564,0.9,103.54000091552734,-8.72574702961451,8.427416411492377,True
mc_variance_reduction,BZ=F,2026-05-18,112.0999984741211,5,2026-05-25,112.30722339325656,122.96263224564836,102.57516657955672,20.387465666091643,0.9,,,,
mc_variance_reduction,BZ=F,2026-05-18,112.0999984741211,6,2026-05-26,112.34871445536493,123.93719797081182,101.84378713515044,22.093410835661388,0.9,99.58000183105469,-12.76871262431024,12.822567171642923,False
mc_variance_reduction,BZ=F,2026-05-18,112.0999984741211,7,2026-05-27,112.39022097448213,124.8688444872523,101.15863360667397,23.71021088057833,0.9,94.29000091552734,-18.10022005895479,19.19633034596154,False
mc_variance_reduction,BZ=F,2026-05-19,111.27999877929688,0,2026-05-19,111.27999877929688,111.27999877929688,111.27999877929688,0.0,0.9,111.27999877929688,0.0,0.0,True
mc_variance_reduction,BZ=F,2026-05-19,111.27999877929688,1,2026-05-20,111.32075538061932,115.9580832472986,106.86888076948499,9.089202477813615,0.9,105.0199966430664,-6.300758737552911,5.999580021857578,False
mc_variance_reduction,BZ=F,2026-05-19,111.27999877929688,2,2026-05-21,111.36152684770146,117.9631690750268,105.12933619453749,12.833832880489311,0.9,102.58000183105469,-8.781525016646768,8.560659836124396,False
mc_variance_reduction,BZ=F,2026-05-19,111.27999877929688,3,2026-05-22,111.4023132634033,119.62388979409593,103.74579382851725,15.87809596557868,0.9,103.54000091552734,-7.862312347875957,7.593502297040146,False
mc_variance_reduction,BZ=F,2026-05-19,111.27999877929688,4,2026-05-25,111.44311502331402,120.89565395249576,102.72964686200878,18.166007090486985,0.9,,,,
mc_variance_reduction,BZ=F,2026-05-19,111.27999877929688,5,2026-05-26,111.48393101916288,122.30013516859731,101.62431009096146,20.67582507763585,0.9,99.58000183105469,-11.903929188108194,11.95413634185722,False
mc_variance_reduction,BZ=F,2026-05-19,111.27999877929688,6,2026-05-27,111.52476314417143,123.19866359823152,100.95704139879298,22.241622199438538,0.9,94.29000091552734,-17.234762228644087,18.278462256124474,False
mc_variance_reduction,BZ=F,2026-05-19,111.27999877929688,7,2026-05-28,111.56560841296081,124.05367436474793,100.3346740395983,23.719000325149636,0.9,93.70999908447266,-17.855609328488157,19.05411322477193,False
mc_variance_reduction,BZ=F,2026-05-20,105.0199966430664,0,2026-05-20,105.0199966430664,105.0199966430664,105.0199966430664,0.0,0.9,105.0199966430664,0.0,0.0,True
mc_variance_reduction,BZ=F,2026-05-20,105.0199966430664,1,2026-05-21,105.05593111820517,109.5931695954821,100.7065375784861,8.88663201699599,0.9,102.58000183105469,-2.4759292871504783,2.4136568950624886,True
mc_variance_reduction,BZ=F,2026-05-20,105.0199966430664,2,2026-05-22,105.09187778643826,111.6639108605035,98.90664490731437,12.757265953189133,0.9,103.54000091552734,-1.5518768709109168,1.4988186760564246,True
mc_variance_reduction,BZ=F,2026-05-20,105.0199966430664,3,2026-05-25,105.12783706763994,113.02205867064437,97.78500057803875,15.237058092605622,0.9,,,,
mc_variance_reduction,BZ=F,2026-05-20,105.0199966430664,4,2026-05-26,105.16380830169241,114.35770208777254,96.70906583087624,17.648636256896296,0.9,99.58000183105469,-5.583806470637725,5.6073572684916115,True
mc_variance_reduction,BZ=F,2026-05-20,105.0199966430664,5,2026-05-27,105.19979176650006,115.42738437612147,95.8784282149439,19.54895616117757,0.9,94.29000091552734,-10.909790850972712,11.570464253942038,False
mc_variance_reduction,BZ=F,2026-05-20,105.0199966430664,6,2026-05-28,105.23578770127861,116.90295676354461,94.7330277441792,22.169929019365412,0.9,93.70999908447266,-11.525788616805954,12.299422398261155,False
mc_variance_reduction,BZ=F,2026-05-20,105.0199966430664,7,2026-05-29,105.27179616635817,117.9853764715201,93.92817445429365,24.057202017226444,0.9,92.05000305175781,-13.22179311460036,14.363707415811838,False
mc_variance_reduction,BZ=F,2026-05-21,102.58000183105469,0,2026-05-21,102.58000183105469,102.58000183105469,102.58000183105469,0.0,0.9,102.58000183105469,0.0,0.0,True
mc_variance_reduction,BZ=F,2026-05-21,102.58000183105469,1,2026-05-22,102.61409054447807,107.12915904993933,98.28931415828507,8.839844891654266,0.9,103.54000091552734,0.9259103710492695,0.8942537790826074,True
mc_variance_reduction,BZ=F,2026-05-21,102.58000183105469,2,2026-05-25,102.64819046713438,108.93549113732202,96.72376650798356,12.211724629338462,0.9,,,,
mc_variance_reduction,BZ=F,2026-05-21,102.58000183105469,3,2026-05-26,102.682301886755,110.39710245638479,95.50662898709439,14.890473469290399,0.9,99.58000183105469,-3.1023000557003115,3.115384614034862,True
mc_variance_reduction,BZ=F,2026-05-21,102.58000183105469,4,2026-05-27,102.71642474643963,111.79982610673953,94.37102198918669,17.428804117552843,0.9,94.29000091552734,-8.426423830912285,8.936709883438606,False
mc_variance_reduction,BZ=F,2026-05-21,102.58000183105469,5,2026-05-28,102.75055919890389,112.89846434804944,93.51479950150589,19.383664846543553,0.9,93.70999908447266,-9.04056011443123,9.647380431923633,True
mc_variance_reduction,BZ=F,2026-05-21,102.58000183105469,6,2026-05-29,102.78470375051094,113.82369016061271,92.81631363500544,21.00737652560727,0.9,92.05000305175781,-10.73470069875313,11.661814603870496,False
mc_variance_reduction,BZ=F,2026-05-21,102.58000183105469,7,2026-06-01,102.81886062814661,114.63995176297455,92.21670030455056,22.42325145842399,0.9,94.9800033569336,-7.838857271213016,8.253165923520442,True
mc_variance_reduction,BZ=F,2026-05-22,103.54000091552734,0,2026-05-22,103.54000091552734,103.54000091552734,103.54000091552734,0.0,0.9,103.54000091552734,0.0,0.0,True
mc_variance_reduction,BZ=F,2026-05-22,103.54000091552734,1,2026-05-25,103.57479274061056,107.92537255053035,99.39958914335978,8.525783407170579,0.9,,,,
mc_variance_reduction,BZ=F,2026-05-22,103.54000091552734,2,2026-05-26,103.60959644611576,109.95502421979033,97.6303585209562,12.324665698834139,0.9,99.58000183105469,-4.029594615061072,4.046590219889326,True
mc_variance_reduction,BZ=F,2026-05-22,103.54000091552734,3,2026-05-27,103.64441143952689,111.69088933652081,96.17762106777003,15.513268268750778,0.9,94.29000091552734,-9.354410523999547,9.920893449115553,False
mc_variance_reduction,BZ=F,2026-05-22,103.54000091552734,4,2026-05-28,103.67923833035951,112.79552352599475,95.29974355689816,17.49577996909659,0.9,93.70999908447266,-9.969239245886854,10.638394347758258,False
mc_variance_reduction,BZ=F,2026-05-22,103.54000091552734,5,2026-05-29,103.71407693209821,114.07772767205722,94.29193566805036,19.785792004006865,0.9,92.05000305175781,-11.664073880340396,12.671454094120918,False
mc_variance_reduction,BZ=F,2026-05-22,103.54000091552734,6,2026-06-01,103.74892723699195,115.25693487930975,93.38995452939842,21.86698034991133,0.9,94.9800033569336,-8.768923880058352,9.232389524250545,True
mc_variance_reduction,BZ=F,2026-05-22,103.54000091552734,7,2026-06-02,103.78378926428343,116.5945597166984,92.38059618863085,24.213963528067552,0.9,96.0,-7.783789264283428,8.108113816961904,True
mc_variance_reduction,BZ=F,2026-05-26,99.58000183105469,0,2026-05-26,99.58000183105469,99.58000183105469,99.58000183105469,0.0,0.9,99.58000183105469,0.0,0.0,True
mc_variance_reduction,BZ=F,2026-05-26,99.58000183105469,1,2026-05-27,99.6118459789862,103.7440727357715,95.64420981047743,8.099862925294062,0.9,94.29000091552734,-5.321845063458852,5.644124521991037,False
mc_variance_reduction,BZ=F,2026-05-26,99.58000183105469,2,2026-05-28,99.64370039534397,105.58469955983185,94.03698693337333,11.54771262645852,0.9,93.70999908447266,-5.933701310871314,6.331983106223829,False
mc_variance_reduction,BZ=F,2026-05-26,99.58000183105469,3,2026-05-29,99.67556484423054,107.09270342536354,92.77213021261939,14.32057321274415,0.9,92.05000305175781,-7.625561792472723,8.284151591157501,False
mc_variance_reduction,BZ=F,2026-05-26,99.58000183105469,4,2026-06-01,99.70743954390528,108.34893435691069,91.75515716892214,16.59377718798855,0.9,94.9800033569336,-4.727436186971687,4.977296293837814,True
mc_variance_reduction,BZ=F,2026-05-26,99.58000183105469,5,2026-06-02,99.73932451557181,109.12846014435075,91.15800613395568,17.970454010395073,0.9,96.0,-3.739324515571809,3.8951297037206345,True
mc_variance_reduction,BZ=F,2026-05-26,99.58000183105469,6,2026-06-03,99.77121989883034,110.09363954929351,90.4166335433286,19.677006005964913,0.9,97.80999755859375,-1.9612223402365885,2.0051348422350226,True
mc_variance_reduction,BZ=F,2026-05-26,99.58000183105469,7,2026-06-04,99.80312483534338,111.22752772830776,89.55214531063531,21.675382417672452,0.9,95.02999877929688,-4.773126056046507,5.022757147594929,True
mc_variance_reduction,BZ=F,2026-05-27,94.29000091552734,0,2026-05-27,94.29000091552734,94.29000091552734,94.29000091552734,0.0,0.9,94.29000091552734,0.0,0.0,True
mc_variance_reduction,BZ=F,2026-05-27,94.29000091552734,1,2026-05-28,94.31801711140153,98.36707578623164,90.4356285707931,7.9314472154385385,0.9,93.70999908447266,-0.6080180269288746,0.6488294022719937,True
mc_variance_reduction,BZ=F,2026-05-27,94.29000091552734,2,2026-05-29,94.34604138680393,100.1679305196019,88.86252795402854,11.30540256557336,0.9,92.05000305175781,-2.29603833504612,2.494338141146074,True
mc_variance_reduction,BZ=F,2026-05-27,94.29000091552734,3,2026-06-01,94.37407410115117,101.63120912606688,87.63514639399263,13.99606273207425,0.9,94.9800033569336,0.6059292557824278,0.6379545529234756,True
mc_variance_reduction,BZ=F,2026-05-27,94.29000091552734,4,2026-06-02,94.40211677414058,102.84824349052141,86.64960179824735,16.198641692274066,0.9,96.0,1.5978832258594196,1.664461693603562,True
mc_variance_reduction,BZ=F,2026-05-27,94.29000091552734,5,2026-06-03,94.43016453017279,104.00327416919352,85.73822357231577,18.265050596877742,0.9,97.80999755859375,3.3798330284209612,3.4555087545076866,True
mc_variance_reduction,BZ=F,2026-05-27,94.29000091552734,6,2026-06-04,94.4582223272171,104.61503604775285,85.28750824925373,19.32752779849912,0.9,95.02999877929688,0.5717764520797743,0.6016799530932341,True
mc_variance_reduction,BZ=F,2026-05-27,94.29000091552734,7,2026-06-05,94.48628831336566,105.31958101604427,84.76732051187392,20.55226050417035,0.9,93.08999633789062,-1.3962919754750374,1.4999377273653427,True
mc_variance_reduction,BZ=F,2026-05-28,93.70999908447266,0,2026-05-28,93.70999908447266,93.70999908447266,93.70999908447266,0.0,0.9,93.70999908447266,0.0,0.0,True
mc_variance_reduction,BZ=F,2026-05-28,93.70999908447266,1,2026-05-29,93.73759282632437,97.77775214540246,89.86437231094074,7.913379834461722,0.9,92.05000305175781,-1.6875897745665611,1.8333402700895778,True
mc_variance_reduction,BZ=F,2026-05-28,93.70999908447266,2,2026-06-01,93.76519469360187,99.26818681318888,88.56726428546102,10.700922527727855,0.9,94.9800033569336,1.2148086633317234,1.279015182560574,True
mc_variance_reduction,BZ=F,2026-05-28,93.70999908447266,3,2026-06-02,93.79280468766571,100.58104628966574,87.46270336082934,13.118342928836398,0.9,96.0,2.2071953123342922,2.299161783681554,True
mc_variance_reduction,BZ=F,2026-05-28,93.70999908447266,4,2026-06-03,93.8204228797673,102.04815873416084,86.25605656431648,15.792102169844355,0.9,97.80999755859375,3.9895746788264432,4.078902748603445,True
mc_variance_reduction,BZ=F,2026-05-28,93.70999908447266,5,2026-06-04,93.84804908082111,102.9505212430936,85.55038103294994,17.40014021014366,0.9,95.02999877929688,1.181949698475762,1.2437648254850449,True
mc_variance_reduction,BZ=F,2026-05-28,93.70999908447266,6,2026-06-05,93.87568346787295,103.71850990753357,84.96693555740737,18.751574350126205,0.9,93.08999633789062,-0.7856871299823212,0.8440081221300052,True
mc_variance_reduction,BZ=F,2026-05-28,93.70999908447266,7,2026-06-08,93.90332599660519,104.83708569848997,84.1098794455683,20.727206252921675,0.9,94.25,0.3466740033948099,0.3678238762809654,True
mc_variance_reduction,BZ=F,2026-05-29,92.05000305175781,0,2026-05-29,92.05000305175781,92.05000305175781,92.05000305175781,0.0,0.9,92.05000305175781,0.0,0.0,True
mc_variance_reduction,BZ=F,2026-05-29,92.05000305175781,1,2026-06-01,92.07641847091003,95.98367557364843,88.32821611244292,7.65545946120551,0.9,94.9800033569336,2.903584886023566,3.0570486243424657,True
mc_variance_reduction,BZ=F,2026-05-29,92.05000305175781,2,2026-06-02,92.1028414624028,97.60618054283476,86.90979772773328,10.696382815101487,0.9,96.0,3.897158537597207,4.059540143330423,True
mc_variance_reduction,BZ=F,2026-05-29,92.05000305175781,3,2026-06-03,92.12927215975024,98.8681099533821,85.84975248006242,13.018357473319682,0.9,97.80999755859375,5.6807253988435065,5.8079189659936645,True
mc_variance_reduction,BZ=F,2026-05-29,92.05000305175781,4,2026-06-04,92.15571019940415,99.99635838071487,84.92984293654825,15.066515444166612,0.9,95.02999877929688,2.8742885798927205,3.024611824491478,True
mc_variance_reduction,BZ=F,2026-05-29,92.05000305175781,5,2026-06-05,92.18215596436843,101.25739322115822,83.92029096017689,17.33710226098134,0.9,93.08999633789062,0.9078403735221912,0.9752287133270312,True
mc_variance_reduction,BZ=F,2026-05-29,92.05000305175781,6,2026-06-08,92.20860997176831,102.19505300523937,83.1980352944345,18.99701771080487,0.9,94.25,2.041390028231689,2.165931064436805,True
mc_variance_reduction,BZ=F,2026-05-29,92.05000305175781,7,2026-06-09,92.23507021478909,103.18750904227292,82.44513562170681,20.74237342056611,0.9,91.44999694824219,-0.7850732665469025,0.8584727093990272,True
mc_variance_reduction,BZ=F,2026-06-01,94.9800033569336,0,2026-06-01,94.9800033569336,94.9800033569336,94.9800033569336,0.0,0.9,94.9800033569336,0.0,0.0,True
mc_variance_reduction,BZ=F,2026-06-01,94.9800033569336,1,2026-06-02,95.00847498039101,99.07248588281222,91.11117222626903,7.961313656543183,0.9,96.0,0.9915250196089858,1.0328385620926936,True
mc_variance_reduction,BZ=F,2026-06-01,94.9800033569336,2,2026-06-03,95.03695570784215,100.73837948133281,89.658210596787,11.080168884545813,0.9,97.80999755859375,2.7730418507515964,2.8351312953365393,True
mc_variance_reduction,BZ=F,2026-06-01,94.9800033569336,3,2026-06-04,95.06544383940653,102.17607985061665,88.44965108489272,13.726428765723924,0.9,95.02999877929688,-0.03544506010965165,0.03729881149632685,True
mc_variance_reduction,BZ=F,2026-06-01,94.9800033569336,4,2026-06-05,95.09394118751393,103.25308069537996,87.57954313115891,15.67353756422105,0.9,93.08999633789062,-2.003944849623309,2.152696238540552,True
mc_variance_reduction,BZ=F,2026-06-01,94.9800033569336,5,2026-06-08,95.12244725938827,104.50740621972844,86.5802742848857,17.927131934842734,0.9,94.25,-0.8724472593882666,0.9256734847620867,True
mc_variance_reduction,BZ=F,2026-06-01,94.9800033569336,6,2026-06-09,95.15096116889407,105.53494033145611,85.7887007187845,19.746239612671616,0.9,91.44999694824219,-3.7009642206518834,4.0469812401924,True
mc_variance_reduction,BZ=F,2026-06-01,94.9800033569336,7,2026-06-10,95.17948403916901,106.29141398274176,85.229219316668,21.062194666073765,0.9,93.0999984741211,-2.079485565047918,2.233604295520961,True
mc_variance_reduction,BZ=F,2026-06-02,96.0,0,2026-06-02,96.0,96.0,96.0,0.0,0.9,96.0,0.0,0.0,True
mc_variance_reduction,BZ=F,2026-06-02,96.0,1,2026-06-03,96.0291880005829,100.06972584705522,92.15179587821993,7.9179299688352955,0.9,97.80999755859375,1.7808095580108443,1.8206825503129556,True
mc_variance_reduction,BZ=F,2026-06-02,96.0,2,2026-06-04,96.05838489207488,101.88215060755027,90.56751599834203,11.314634609208241,0.9,95.02999877929688,-1.0283861127780085,1.0821699736799866,True
mc_variance_reduction,BZ=F,2026-06-02,96.0,3,2026-06-05,96.08759067036075,103.37618481476656,89.31288275446992,14.063302060296635,0.9,93.08999633789062,-2.997594332470129,3.220103609833328,True
mc_variance_reduction,BZ=F,2026-06-02,96.0,4,2026-06-08,96.1168054116437,104.54802029550399,88.36552096727098,16.182499328233007,0.9,94.25,-1.8668054116436963,1.980695396969439,True
mc_variance_reduction,BZ=F,2026-06-02,96.0,5,2026-06-09,96.14602878999108,105.66381878276891,87.4855646669053,18.17825411586361,0.9,91.44999694824219,-4.696031841748891,5.135081463596655,True
mc_variance_reduction,BZ=F,2026-06-02,96.0,6,2026-06-10,96.17526145845247,106.4448175018991,86.89648856313786,19.54832893876123,0.9,93.0999984741211,-3.075262984331374,3.3031826366637396,True
mc_variance_reduction,BZ=F,2026-06-02,96.0,7,2026-06-11,96.20450356407443,107.46133158570635,86.12685285809606,21.33447872761029,0.9,90.37999725341797,-5.82450631065646,6.444463916418399,True
mc_variance_reduction,BZ=F,2026-06-03,97.80999755859375,0,2026-06-03,97.80999755859375,97.80999755859375,97.80999755859375,0.0,0.9,97.80999755859375,0.0,0.0,True
mc_variance_reduction,BZ=F,2026-06-03,97.80999755859375,1,2026-06-04,97.8404760028618,101.98345129069628,93.86580492897669,8.117646361719594,0.9,95.02999877929688,-2.8104772235649307,2.9574631796977546,True
mc_variance_reduction,BZ=F,2026-06-03,97.80999755859375,2,2026-06-05,97.87096396431218,103.72381586067789,92.34837284802458,11.375443012653307,0.9,93.08999633789062,-4.780967626421557,5.135855424322913,True
mc_variance_reduction,BZ=F,2026-06-03,97.80999755859375,3,2026-06-08,97.90146144436467,105.28942986359512,91.03189368255563,14.257536181039484,0.9,94.25,-3.6514614443646707,3.8742296491932846,True
mc_variance_reduction,BZ=F,2026-06-03,97.80999755859375,4,2026-06-09,97.9319683513925,106.59775711069918,89.97065869186223,16.62709841883695,0.9,91.44999694824219,-6.481971403150311,7.087995209905696,True
mc_variance_reduction,BZ=F,2026-06-03,97.80999755859375,5,2026-06-10,97.96248478307844,107.76117723484091,89.05478463453615,18.706392600304767,0.9,93.0999984741211,-4.862486308957344,5.222864004996696,True
mc_variance_reduction,BZ=F,2026-06-03,97.80999755859375,6,2026-06-11,97.99301078144885,108.59718910814799,88.42429756122824,20.172891546919743,0.9,90.37999725341797,-7.613013528030876,8.423338968117715,True
mc_variance_reduction,BZ=F,2026-06-03,97.80999755859375,7,2026-06-12,98.02354628736734,109.86695919292485,87.45682672477024,22.410132468154615,0.9,87.33000183105469,-10.693544456312651,12.244983662086687,False
mc_variance_reduction,BZ=F,2026-06-04,95.02999877929688,0,2026-06-04,95.02999877929688,95.02999877929688,95.02999877929688,0.0,0.9,95.02999877929688,0.0,0.0,True
mc_variance_reduction,BZ=F,2026-06-04,95.02999877929688,1,2026-06-05,95.05847080139574,98.97829701321314,91.29388114862684,7.684415864586299,0.9,93.08999633789062,-1.9684744635051175,2.1145929111008948,True
mc_variance_reduction,BZ=F,2026-06-04,95.02999877929688,2,2026-06-08,95.08695138207568,100.94473698732017,89.56909086220975,11.375646125110421,0.9,94.25,-0.8369513820756822,0.8880120764728723,True
mc_variance_reduction,BZ=F,2026-06-04,95.02999877929688,3,2026-06-09,95.11544045909238,102.44240973573905,88.3125166059028,14.129893129836248,0.9,91.44999694824219,-3.6654435108501957,4.008139566067697,True
mc_variance_reduction,BZ=F,2026-06-04,95.02999877929688,4,2026-06-10,95.14393807879767,103.57116048608613,87.40240929619245,16.168751189893683,0.9,93.0999984741211,-2.0439396046765808,2.1954238863330726,True
mc_variance_reduction,BZ=F,2026-06-04,95.02999877929688,5,2026-06-11,95.17244423736135,104.77521981830456,86.44977481605298,18.325445002251584,0.9,90.37999725341797,-4.792446983943378,5.3025526992502074,True
mc_variance_reduction,BZ=F,2026-06-04,95.02999877929688,6,2026-06-12,95.20095894960171,105.86473476531314,85.61134734228504,20.2533874230281,0.9,87.33000183105469,-7.870957118547025,9.01289013342045,True
mc_variance_reduction,BZ=F,2026-06-04,95.02999877929688,7,2026-06-15,95.22948224762925,106.3127069083893,85.30169723214561,21.011009676243688,0.9,83.16999816894531,-12.059484078683937,14.499800822632222,False
mc_variance_reduction,BZ=F,2026-06-05,93.08999633789062,0,2026-06-05,93.08999633789062,93.08999633789062,93.08999633789062,0.0,0.9,93.08999633789062,0.0,0.0,True
mc_variance_reduction,BZ=F,2026-06-05,93.08999633789062,1,2026-06-08,93.11708560472911,96.99067870794701,89.39819519842571,7.592483509521301,0.9,94.25,1.1329143952708876,1.2020311886163264,True
mc_variance_reduction,BZ=F,2026-06-05,93.08999633789062,2,2026-06-09,93.1441827410981,98.56376362378184,88.02260033908465,10.541163284697191,0.9,91.44999694824219,-1.6941857928559187,1.8525815739663438,True
mc_variance_reduction,BZ=F,2026-06-05,93.08999633789062,3,2026-06-10,93.17128772132227,99.77490438808503,87.00473250027709,12.770171887807948,0.9,93.0999984741211,-0.0712892472011788,0.07657276946249895,True
mc_variance_reduction,BZ=F,2026-06-05,93.08999633789062,4,2026-06-11,93.19840091278357,101.02884197220351,85.97487326477294,15.05396870743057,0.9,90.37999725341797,-2.8184036593656003,3.1183931677526298,True
mc_variance_reduction,BZ=F,2026-06-05,93.08999633789062,5,2026-06-12,93.22552157333325,102.24503410970755,85.00166211336838,17.243371996339164,0.9,87.33000183105469,-5.895519742278566,6.75085264933787,True
mc_variance_reduction,BZ=F,2026-06-05,93.08999633789062,6,2026-06-15,93.25265027332378,103.03593415654218,84.39829097518081,18.63764318136137,0.9,83.16999816894531,-10.082652104378468,12.12294376139978,False
mc_variance_reduction,BZ=F,2026-06-05,93.08999633789062,7,2026-06-16,93.27978704998547,103.77223869080807,83.84823112901363,19.92400756179444,0.9,78.95999908447266,-14.319787965512816,18.135496620501833,False
mc_variance_reduction,BZ=F,2026-06-08,94.25,0,2026-06-08,94.25,94.25,94.25,0.0,0.9,94.25,0.0,0.0,True
mc_variance_reduction,BZ=F,2026-06-08,94.25,1,2026-06-09,94.27789560248573,98.19904750873398,90.51331788949959,7.685729619234394,0.9,91.44999694824219,-2.8278986542435405,3.0922895009433864,True
mc_variance_reduction,BZ=F,2026-06-08,94.25,2,2026-06-10,94.3057994686651,99.98567891236831,88.94857671894944,11.037102193418875,0.9,93.0999984741211,-1.2058009945440062,1.2951675771285662,True
mc_variance_reduction,BZ=F,2026-06-08,94.25,3,2026-06-11,94.33371157698483,101.57195595693327,87.61128066632604,13.960675290607227,0.9,90.37999725341797,-3.9537143235668566,4.3745457443210265,True
mc_variance_reduction,BZ=F,2026-06-08,94.25,4,2026-06-12,94.36163197964177,102.81408883633233,86.60406125391712,16.210027582415208,0.9,87.33000183105469,-7.031630148587084,8.051792054453646,True
mc_variance_reduction,BZ=F,2026-06-08,94.25,5,2026-06-15,94.38956059749913,103.82765041673922,85.80940736448582,18.018243052253396,0.9,83.16999816894531,-11.219562428553814,13.489915444945947,False
mc_variance_reduction,BZ=F,2026-06-08,94.25,6,2026-06-16,94.41749752411775,104.72790362069661,85.12214567737665,19.605757943319958,0.9,78.95999908447266,-15.457498439645093,19.576366032006177,False
mc_variance_reduction,BZ=F,2026-06-08,94.25,7,2026-06-17,94.44544314203634,105.7095960516452,84.38156966275226,21.32802638889295,0.9,79.55000305175781,-14.895440090278527,18.724625416528358,False
mc_variance_reduction,BZ=F,2026-06-09,91.44999694824219,0,2026-06-09,91.44999694824219,91.44999694824219,91.44999694824219,0.0,0.9,91.44999694824219,0.0,0.0,True
mc_variance_reduction,BZ=F,2026-06-09,91.44999694824219,1,2026-06-10,91.47591879674265,95.36525295315707,87.74520550208875,7.6200474510683165,0.9,93.0999984741211,1.6240796773784467,1.7444465134227582,True
mc_variance_reduction,BZ=F,2026-06-09,91.44999694824219,2,2026-06-11,91.5018480421621,97.08363755639846,86.24098142304223,10.842656133356229,0.9,90.37999725341797,-1.1218507887441262,1.2412600385443144,True
mc_variance_reduction,BZ=F,2026-06-09,91.44999694824219,3,2026-06-12,91.52778451660649,98.18834722705826,85.3190381174999,12.869309109558358,0.9,87.33000183105469,-4.1977826855518,4.806804760719772,True
mc_variance_reduction,BZ=F,2026-06-09,91.44999694824219,4,2026-06-15,91.55372844119253,99.54942912812994,84.20023384405046,15.349195284079485,0.9,83.16999816894531,-8.38373027224722,10.080233806446813,False
mc_variance_reduction,BZ=F,2026-06-09,91.44999694824219,5,2026-06-16,91.57968019852441,100.30182094566061,83.61600662812987,16.685814317530742,0.9,78.95999908447266,-12.619681114051758,15.982372416887976,False
mc_variance_reduction,BZ=F,2026-06-09,91.44999694824219,6,2026-06-17,91.60563824825425,101.40371121476491,82.75429821633404,18.649412998430876,0.9,79.55000305175781,-12.05563519649644,15.154789106233787,False
mc_variance_reduction,BZ=F,2026-06-09,91.44999694824219,7,2026-06-18,91.63160425071594,102.23408791984126,82.12868193775262,20.10540598208864,0.9,79.8499984741211,-11.781605776594844,14.754672513128716,False
mc_variance_reduction,BZ=F,2026-06-10,93.0999984741211,0,2026-06-10,93.0999984741211,93.0999984741211,93.0999984741211,0.0,0.9,93.0999984741211,0.0,0.0,True
mc_variance_reduction,BZ=F,2026-06-10,93.0999984741211,1,2026-06-11,93.12706134814209,97.21434713955315,89.21162170110036,8.0027254384528,0.9,90.37999725341797,-2.7470640947241236,3.039460254708335,True
mc_variance_reduction,BZ=F,2026-06-10,93.0999984741211,2,2026-06-12,93.15413209483664,98.83225848095465,87.80222635329868,11.030032127655971,0.9,87.33000183105469,-5.824130263781953,6.669105853277199,False
mc_variance_reduction,BZ=F,2026-06-10,93.0999984741211,3,2026-06-15,93.18121081334883,100.33169728548575,86.54032836108246,13.791368924403287,0.9,83.16999816894531,-10.011212644403514,12.037048051951963,False
mc_variance_reduction,BZ=F,2026-06-10,93.0999984741211,4,2026-06-16,93.20829715739238,101.54582586357644,85.55533050372962,15.990495359846818,0.9,78.95999908447266,-14.248298072919724,18.044957241801217,False
mc_variance_reduction,BZ=F,2026-06-10,93.0999984741211,5,2026-06-17,93.23539150584492,102.71180808547466,84.63328997103915,18.07851811443551,0.9,79.55000305175781,-13.685388454087104,17.20350462486211,False
mc_variance_reduction,BZ=F,2026-06-10,93.0999984741211,6,2026-06-18,93.26249375348803,103.63046816188503,83.93180973507536,19.698658426809672,0.9,79.8499984741211,-13.412495279366937,16.79711400835386,False
mc_variance_reduction,BZ=F,2026-06-10,93.0999984741211,7,2026-06-19,93.28960383486225,104.37718556197015,83.37981271238412,20.99737284958603,0.9,,,,
mc_variance_reduction,BZ=F,2026-06-11,90.37999725341797,0,2026-06-11,90.37999725341797,90.37999725341797,90.37999725341797,0.0,0.9,90.37999725341797,0.0,0.0,True
mc_variance_reduction,BZ=F,2026-06-11,90.37999725341797,1,2026-06-12,90.40515779863406,94.30883173964551,86.66306647653866,7.645765263106853,0.9,87.33000183105469,-3.075155967579377,3.521305282379883,True
mc_variance_reduction,BZ=F,2026-06-11,90.37999725341797,2,2026-06-15,90.43032532486387,96.05974759592634,85.1308061225514,10.928941473374934,0.9,83.16999816894531,-7.26032715591856,8.729502604016504,False
mc_variance_reduction,BZ=F,2026-06-11,90.37999725341797,3,2026-06-16,90.45549986703361,97.24854515273672,84.13696520207222,13.111579950664506,0.9,78.95999908447266,-11.495500782560953,14.558638444591274,False
mc_variance_reduction,BZ=F,2026-06-11,90.37999725341797,4,2026-06-17,90.48068141890667,98.26982844746934,83.30892465824792,14.960903789221419,0.9,79.55000305175781,-10.930678367148857,13.740638526483782,False
mc_variance_reduction,BZ=F,2026-06-11,90.37999725341797,5,2026-06-18,90.50587001275272,99.3136238345445,82.47924291308775,16.834380921456756,0.9,79.8499984741211,-10.65587153863163,13.344861292746465,False
mc_variance_reduction,BZ=F,2026-06-11,90.37999725341797,6,2026-06-19,90.53106557718085,100.45809593692759,81.5850008489615,18.873095087966092,0.9,,,,
mc_variance_reduction,BZ=F,2026-06-11,90.37999725341797,7,2026-06-22,90.55626814593649,101.18342992617055,81.04526342833469,20.138166497835854,0.9,77.9000015258789,-12.656266620057579,16.246811774263037,False
mc_variance_reduction,BZ=F,2026-06-12,87.33000183105469,0,2026-06-12,87.33000183105469,87.33000183105469,87.33000183105469,0.0,0.9,87.33000183105469,0.0,0.0,True
mc_variance_reduction,BZ=F,2026-06-12,87.33000183105469,1,2026-06-15,87.35307232057094,91.24104175730669,83.63077735215317,7.610264405153515,0.9,83.16999816894531,-4.1830741516256325,5.029547004592267,False
mc_variance_reduction,BZ=F,2026-06-12,87.33000183105469,2,2026-06-16,87.37614884860645,92.61344995770926,82.43501803070099,10.178431927008276,0.9,78.95999908447266,-8.416149764133792,10.658751091334311,False
mc_variance_reduction,BZ=F,2026-06-12,87.33000183105469,3,2026-06-17,87.39923149295754,93.88883032530948,81.35819393913998,12.530636386169505,0.9,79.55000305175781,-7.8492284411997275,9.867037259687802,False
mc_variance_reduction,BZ=F,2026-06-12,87.33000183105469,4,2026-06-18,87.42232049950289,94.99861995067062,80.45024322535063,14.548376725319983,0.9,79.8499984741211,-7.572322025381794,9.483183682008383,False
mc_variance_reduction,BZ=F,2026-06-12,87.33000183105469,5,2026-06-19,87.44541540127541,95.90158755401744,79.7348701611735,16.166717392843935,0.9,,,,
mc_variance_reduction,BZ=F,2026-06-12,87.33000183105469,6,2026-06-22,87.46851603680341,96.75599623312364,79.07252878453491,17.68346744858873,0.9,77.9000015258789,-9.568514510924501,12.283073586007282,False
mc_variance_reduction,BZ=F,2026-06-12,87.33000183105469,7,2026-06-23,87.49162359495517,97.9524916945734,78.14792638913822,19.804565305435176,0.9,77.08000183105469,-10.411621763900484,13.507552564309561,False
mc_variance_reduction,BZ=F,2026-06-15,83.16999816894531,0,2026-06-15,83.16999816894531,83.16999816894531,83.16999816894531,0.0,0.9,83.16999816894531,0.0,0.0,True
mc_variance_reduction,BZ=F,2026-06-15,83.16999816894531,1,2026-06-16,83.190294563272,86.75591418881349,79.77121982626524,6.984694362548254,0.9,78.95999908447266,-4.2302954787993485,5.3575171325340465,False
mc_variance_reduction,BZ=F,2026-06-15,83.16999816894531,2,2026-06-17,83.21059581657171,88.10568663220438,78.58747285592725,9.518213776277136,0.9,79.55000305175781,-3.6605927648138987,4.601624920658014,True
mc_variance_reduction,BZ=F,2026-06-15,83.16999816894531,3,2026-06-18,83.23090209055403,89.4139501760797,77.47541682501064,11.938533351069054,0.9,79.8499984741211,-3.3809036164329314,4.234068479699047,True
mc_variance_reduction,BZ=F,2026-06-15,83.16999816894531,4,2026-06-19,83.2512133519474,90.24614818165222,76.79845237282024,13.44769580883198,0.9,,,,
mc_variance_reduction,BZ=F,2026-06-15,83.16999816894531,5,2026-06-22,83.27152945391772,91.23171171196294,76.00589188517604,15.225819826786903,0.9,77.9000015258789,-5.371527928038816,6.895414406704932,True
mc_variance_reduction,BZ=F,2026-06-15,83.16999816894531,6,2026-06-23,83.29185062683179,91.96561499193439,75.43615484353634,16.529460148398044,0.9,77.08000183105469,-6.211848795777101,8.058962958242192,True
mc_variance_reduction,BZ=F,2026-06-15,83.16999816894531,7,2026-06-24,83.31217675238766,92.8799237682438,74.73002252038609,18.149901247857713,0.9,73.73999786376953,-9.572178888618126,12.980986121402097,False
mc_variance_reduction,BZ=F,2026-06-16,78.95999908447266,0,2026-06-16,78.95999908447266,78.95999908447266,78.95999908447266,0.0,0.9,78.95999908447266,0.0,0.0,True
mc_variance_reduction,BZ=F,2026-06-16,78.95999908447266,1,2026-06-17,78.97757739035475,82.41651313736219,75.6821356880266,6.734377449335582,0.9,79.55000305175781,0.5724256614030594,0.7195796850323446,True
mc_variance_reduction,BZ=F,2026-06-16,78.95999908447266,2,2026-06-18,78.9951596175277,83.79870256688574,74.46696726108662,9.331735305799114,0.9,79.8499984741211,0.8548388565933891,1.0705558834424238,True
mc_variance_reduction,BZ=F,2026-06-16,78.95999908447266,3,2026-06-19,79.01274574411902,84.8350920966991,73.58999486647453,11.245097230224573,0.9,,,,
mc_variance_reduction,BZ=F,2026-06-16,78.95999908447266,4,2026-06-22,79.03033578646833,85.94549208173241,72.67157159401687,13.273920487715543,0.9,77.9000015258789,-1.1303342605894215,1.4510067245812786,True
mc_variance_reduction,BZ=F,2026-06-16,78.95999908447266,5,2026-06-23,79.04792975166504,86.76617282224925,72.01625927306253,14.749913549186715,0.9,77.08000183105469,-1.9679279206103502,2.5530979162710574,True
mc_variance_reduction,BZ=F,2026-06-16,78.95999908447266,6,2026-06-24,79.06552765087733,87.78350685810604,71.21335067967854,16.570156178427496,0.9,73.73999786376953,-5.325529787107797,7.22203680687164,True
mc_variance_reduction,BZ=F,2026-06-16,78.95999908447266,7,2026-06-25,79.0831294146991,88.38913269757212,70.75690389640171,17.632228801170413,0.9,75.26000213623047,-3.8231272784686325,5.079892598924288,True
mc_variance_reduction,BZ=F,2026-06-17,79.55000305175781,0,2026-06-17,79.55000305175781,79.55000305175781,79.55000305175781,0.0,0.9,79.55000305175781,0.0,0.0,True
mc_variance_reduction,BZ=F,2026-06-17,79.55000305175781,1,2026-06-18,79.56794836822112,82.9492129988885,76.32451433672395,6.624698662164548,0.9,79.8499984741211,0.2820501058999696,0.3532249358669435,True
mc_variance_reduction,BZ=F,2026-06-17,79.55000305175781,2,2026-06-19,79.58589761779669,84.49939776217387,74.95810933722711,9.541288424946757,0.9,,,,
mc_variance_reduction,BZ=F,2026-06-17,79.55000305175781,3,2026-06-22,79.60385095789724,85.48363534542005,74.12849335761663,11.355141987803421,0.9,77.9000015258789,-1.7038494320183304,2.1872264424183614,True
mc_variance_reduction,BZ=F,2026-06-17,79.55000305175781,4,2026-06-23,79.62180843800482,86.59374962257682,73.2112004716079,13.382549150968927,0.9,77.08000183105469,-2.541806606950132,3.2976213629591093,True
mc_variance_reduction,BZ=F,2026-06-17,79.55000305175781,5,2026-06-24,79.63976979871765,87.40673669950247,72.56297611184293,14.843760587659546,0.9,73.73999786376953,-5.89977193494812,8.000775841962477,True
mc_variance_reduction,BZ=F,2026-06-17,79.55000305175781,6,2026-06-25,79.65773534204976,88.2364479980584,71.91308074434524,16.323367253713158,0.9,75.26000213623047,-4.397733205819293,5.843387032940577,True
mc_variance_reduction,BZ=F,2026-06-17,79.55000305175781,7,2026-06-26,79.67570503590008,89.218073808615,71.15394554381255,18.06412826480245,0.9,71.98999786376953,-7.685707172130549,10.676076399772393,True
mc_variance_reduction,BZ=F,2026-06-18,79.8499984741211,0,2026-06-18,79.8499984741211,79.8499984741211,79.8499984741211,0.0,0.9,79.8499984741211,0.0,0.0,True
mc_variance_reduction,BZ=F,2026-06-18,79.8499984741211,1,2026-06-19,79.86812722231177,83.20744247718893,76.66282675770664,6.5446157194822945,0.9,,,,
mc_variance_reduction,BZ=F,2026-06-18,79.8499984741211,2,2026-06-22,79.8862601982771,84.6982582659887,75.34764800648587,9.35061025950283,0.9,77.9000015258789,-1.9862586723981934,2.5497543433787286,True
mc_variance_reduction,BZ=F,2026-06-18,79.8499984741211,3,2026-06-23,79.90439742388753,85.82827738369174,74.38938385680406,11.438893526887682,0.9,77.08000183105469,-2.8243955928328432,3.664239135623535,True
mc_variance_reduction,BZ=F,2026-06-18,79.8499984741211,4,2026-06-24,79.92253831691696,86.91995563553617,73.48844187298674,13.431513762549429,0.9,73.73999786376953,-6.182540453147425,8.384242788519357,True
mc_variance_reduction,BZ=F,2026-06-18,79.8499984741211,5,2026-06-25,79.94068349362198,87.82979409878563,72.76019403684299,15.069600061942637,0.9,75.26000213623047,-4.6806813573915065,6.219347893345605,True
mc_variance_reduction,BZ=F,2026-06-18,79.8499984741211,6,2026-06-26,79.95883273362463,88.36621541041919,72.35134959455627,16.01486581586292,0.9,71.98999786376953,-7.968834869855101,11.069363948218122,False
mc_variance_reduction,BZ=F,2026-06-18,79.8499984741211,7,2026-06-29,79.97698632297457,89.45569038002033,71.5026435411484,17.953046838871927,0.9,73.1500015258789,-6.826984797095662,9.332856670796405,True
mc_variance_reduction,BZ=F,2026-06-22,77.9000015258789,0,2026-06-22,77.9000015258789,77.9000015258789,77.9000015258789,0.0,0.9,77.9000015258789,0.0,0.0,True
mc_variance_reduction,BZ=F,2026-06-22,77.9000015258789,1,2026-06-23,77.91689112060416,81.1596851012429,74.80366531735874,6.3560197838841646,0.9,77.08000183105469,-0.8368892895494753,1.08574113864681,True
mc_variance_reduction,BZ=F,2026-06-22,77.9000015258789,2,2026-06-24,77.93378440118289,82.45756185091257,73.65818990126319,8.799371949649384,0.9,73.73999786376953,-4.193786537413359,5.687261539064786,True
mc_variance_reduction,BZ=F,2026-06-22,77.9000015258789,3,2026-06-25,77.9506813865315,83.65682570488785,72.6337470093353,11.023078695552556,0.9,75.26000213623047,-2.690679250301031,3.5751782805301398,True
mc_variance_reduction,BZ=F,2026-06-22,77.9000015258789,4,2026-06-26,77.9675820401134,84.75182541252785,71.72640586709421,13.025419545433635,0.9,71.98999786376953,-5.977584176343868,8.30335373485573,True
mc_variance_reduction,BZ=F,2026-06-22,77.9000015258789,5,2026-06-29,77.9844861401404,85.56065292555355,71.07916862511532,14.48148430043824,0.9,73.1500015258789,-4.834484614261498,6.6090013853945875,True
mc_variance_reduction,BZ=F,2026-06-22,77.9000015258789,6,2026-06-30,78.00139405386895,86.19932141357499,70.58312504635039,15.616196367224603,0.9,72.91999816894531,-5.081395884923637,6.96845311645615,True
mc_variance_reduction,BZ=F,2026-06-22,77.9000015258789,7,2026-07-01,78.01830559893038,87.02346376020341,69.94499814180759,17.078465618395825,0.9,71.56999969482422,-6.448305904106164,9.009788922176691,True
mc_variance_reduction,BZ=F,2026-06-23,77.08000183105469,0,2026-06-23,77.08000183105469,77.08000183105469,77.08000183105469,0.0,0.9,77.08000183105469,0.0,0.0,True
mc_variance_reduction,BZ=F,2026-06-23,77.08000183105469,1,2026-06-24,77.09637272240415,80.33979162886135,73.98389470364955,6.355896925211795,0.9,73.73999786376953,-3.3563748586346236,4.55163406003257,False
mc_variance_reduction,BZ=F,2026-06-23,77.08000183105469,2,2026-06-25,77.1127470575269,81.68637151490707,72.79520009097385,8.891171423933216,0.9,75.26000213623047,-1.8527449212964342,2.4617922783774615,True
mc_variance_reduction,BZ=F,2026-06-23,77.08000183105469,3,2026-06-26,77.12912495017001,82.8391719543418,71.81266743156431,11.026504522777486,0.9,71.98999786376953,-5.139127086400478,7.13866820238767,True
mc_variance_reduction,BZ=F,2026-06-23,77.08000183105469,4,2026-06-29,77.14550619542379,83.96392446181237,70.88078795864244,13.083136503169925,0.9,73.1500015258789,-3.9955046695448857,5.4620705211214,True
mc_variance_reduction,BZ=F,2026-06-23,77.08000183105469,5,2026-06-30,77.16189112380721,84.847417090032,70.17252454989001,14.674892540141983,0.9,72.91999816894531,-4.241892954861896,5.817187412750656,True
mc_variance_reduction,BZ=F,2026-06-23,77.08000183105469,6,2026-07-01,77.178279476917,85.71939464153841,69.48820411498957,16.231190526548843,0.9,71.56999969482422,-5.608279782092779,7.836076297340487,True
mc_variance_reduction,BZ=F,2026-06-23,77.08000183105469,7,2026-07-02,77.194671014378,86.50280343896107,68.88814033211766,17.61466310684341,0.9,,,,
mc_variance_reduction,BZ=F,2026-06-24,73.73999786376953,0,2026-06-24,73.73999786376953,73.73999786376953,73.73999786376953,0.0,0.9,73.73999786376953,0.0,0.0,True
mc_variance_reduction,BZ=F,2026-06-24,73.73999786376953,1,2026-06-25,73.75431556331316,77.00138759896647,70.64416933878164,6.357218260184837,0.9,75.26000213623047,1.5056865729173126,2.000646465823669,True
mc_variance_reduction,BZ=F,2026-06-24,73.73999786376953,2,2026-06-26,73.7686360426955,78.20196233141192,69.58663825616416,8.615324075247756,0.9,71.98999786376953,-1.7786381789259735,2.4706740265387763,True
mc_variance_reduction,BZ=F,2026-06-24,73.73999786376953,3,2026-06-29,73.78295935092132,79.3383139556658,68.61659664036368,10.721717315302115,0.9,73.1500015258789,-0.6329578250424106,0.8652875076406986,True
mc_variance_reduction,BZ=F,2026-06-24,73.73999786376953,4,2026-06-30,73.79728538041297,80.33405050969992,67.79241556173302,12.541634947966898,0.9,72.91999816894531,-0.8772872114676602,1.2030817793427668,True
mc_variance_reduction,BZ=F,2026-06-24,73.73999786376953,5,2026-07-01,73.81161416718565,81.19034201860906,67.10347871599967,14.086863302609387,0.9,71.56999969482422,-2.2416144723614337,3.132058798267037,True
mc_variance_reduction,BZ=F,2026-06-24,73.73999786376953,6,2026-07-02,73.82594577834496,81.76633273493592,66.65665578790855,15.109676947027367,0.9,,,,
mc_variance_reduction,BZ=F,2026-06-24,73.73999786376953,7,2026-07-03,73.8402802057608,82.39136422774892,66.1766806844799,16.214683543269018,0.9,,,,
mc_variance_reduction,BZ=F,2026-06-25,75.26000213623047,0,2026-06-25,75.26000213623047,75.26000213623047,75.26000213623047,0.0,0.9,75.26000213623047,0.0,0.0,True
mc_variance_reduction,BZ=F,2026-06-25,75.26000213623047,1,2026-06-26,75.2752374190284,78.50103657840948,72.18199420473479,6.319042373674691,0.9,71.98999786376953,-3.285239555258869,4.563466665849472,False
mc_variance_reduction,BZ=F,2026-06-25,75.26000213623047,2,2026-06-29,75.29047577181798,79.86689144584126,70.97629116472704,8.890600281114217,0.9,73.1500015258789,-2.1404742459390746,2.9261438158436954,True
mc_variance_reduction,BZ=F,2026-06-25,75.26000213623047,3,2026-06-30,75.30571721920148,80.95785419202659,70.0481886755987,10.909665516427893,0.9,72.91999816894531,-2.3857190502561707,3.2716937879356465,True
mc_variance_reduction,BZ=F,2026-06-25,75.26000213623047,4,2026-07-01,75.32096174514069,81.68623374783424,69.45169365369719,12.234540094137046,0.9,71.56999969482422,-3.750962050316474,5.240969772684986,True
mc_variance_reduction,BZ=F,2026-06-25,75.26000213623047,5,2026-07-02,75.33620935935812,82.45828206728704,68.82928314748553,13.628998919801518,0.9,,,,
mc_variance_reduction,BZ=F,2026-06-25,75.26000213623047,6,2026-07-03,75.35146008175666,83.10446936717427,68.3217470303005,14.782722336873775,0.9,,,,
mc_variance_reduction,BZ=F,2026-06-25,75.26000213623047,7,2026-07-06,75.36671387890084,83.8175343968744,67.76793898093052,16.04959541594387,0.9,71.98999786376953,-3.376716015131308,4.690534956705021,True
mc_variance_reduction,BZ=F,2026-06-26,71.98999786376953,0,2026-06-26,71.98999786376953,71.98999786376953,71.98999786376953,0.0,0.9,71.98999786376953,0.0,0.0,True
mc_variance_reduction,BZ=F,2026-06-26,71.98999786376953,1,2026-06-29,72.00325702106089,75.12038223253317,69.01547728616825,6.104904946364925,0.9,73.1500015258789,1.1467445048180167,1.567661628021051,True
mc_variance_reduction,BZ=F,2026-06-26,71.98999786376953,2,2026-06-30,72.0165186205044,76.45106677485353,67.83919676354118,8.611870011312348,0.9,72.91999816894531,0.903479548440913,1.2390010574982173,True
mc_variance_reduction,BZ=F,2026-06-26,71.98999786376953,3,2026-07-01,72.02978268947732,77.56157864967939,66.89252183951226,10.669056810167135,0.9,71.56999969482422,-0.45978299465309647,0.6424241953522698,True
mc_variance_reduction,BZ=F,2026-06-26,71.98999786376953,4,2026-07-02,72.04304928072081,78.37720202081238,66.22079886537333,12.156403155439051,0.9,,,,
mc_variance_reduction,BZ=F,2026-06-26,71.98999786376953,5,2026-07-03,72.05631807556682,79.18141663882416,65.57236782548961,13.609048813334553,0.9,,,,
mc_variance_reduction,BZ=F,2026-06-26,71.98999786376953,6,2026-07-06,72.06958945815339,80.02208786567823,64.90740242923984,15.114685436438393,0.9,71.98999786376953,-0.07959159438385655,0.11055923981894251,True
mc_variance_reduction,BZ=F,2026-06-26,71.98999786376953,7,2026-07-07,72.08286373113937,80.70558971367443,64.3814040956545,16.324185618019925,0.9,74.16000366210938,2.077139930970006,2.8008897362437435,True
mc_variance_reduction,BZ=F,2026-06-29,73.1500015258789,0,2026-06-29,73.1500015258789,73.1500015258789,73.1500015258789,0.0,0.9,73.1500015258789,0.0,0.0,True
mc_variance_reduction,BZ=F,2026-06-29,73.1500015258789,1,2026-06-30,73.16394695999267,76.26048510990935,70.1931430098438,6.067342100065559,0.9,72.91999816894531,-0.24394879104735878,0.3345430570118282,True
mc_variance_reduction,BZ=F,2026-06-29,73.1500015258789,2,2026-07-01,73.17789507177157,77.7530468324976,68.87195492034849,8.881091912149117,0.9,71.56999969482422,-1.6078953769473543,2.246605258912183,True
mc_variance_reduction,BZ=F,2026-06-29,73.1500015258789,3,2026-07-02,73.1918458317896,78.72336147818412,68.04900348285278,10.674357995331334,0.9,,,,
mc_variance_reduction,BZ=F,2026-06-29,73.1500015258789,4,2026-07-03,73.2057994534526,79.55254323729271,67.36540179261718,12.187141444675532,0.9,,,,
mc_variance_reduction,BZ=F,2026-06-29,73.1500015258789,5,2026-07-06,73.21975528757535,80.3020088033576,66.76212284819026,13.539885955167335,0.9,71.98999786376953,-1.2297574238058218,1.7082337273199486,True
mc_variance_reduction,BZ=F,2026-06-29,73.1500015258789,6,2026-07-07,73.23371410757841,81.13198289672208,66.10434846839597,15.02763442832611,0.9,74.16000366210938,0.9262895545309675,1.2490419482061559,True
mc_variance_reduction,BZ=F,2026-06-29,73.1500015258789,7,2026-07-08,73.24767545076952,81.66585256217546,65.69725030043864,15.96860226173682,0.9,78.0199966430664,4.772321192296886,6.116792357899953,True
mc_variance_reduction,BZ=F,2026-06-30,72.91999816894531,0,2026-06-30,72.91999816894531,72.91999816894531,72.91999816894531,0.0,0.9,72.91999816894531,0.0,0.0,True
mc_variance_reduction,BZ=F,2026-06-30,72.91999816894531,1,2026-07-01,72.93380021294621,76.11028288881684,69.8898888702637,6.220394018553137,0.9,71.56999969482422,-1.363800518121991,1.9055477489692065,True
mc_variance_reduction,BZ=F,2026-06-30,72.91999816894531,2,2026-07-02,72.94760488969408,77.40510603411805,68.74679627648118,8.658309757636871,0.9,,,,
mc_variance_reduction,BZ=F,2026-06-30,72.91999816894531,3,2026-07-03,72.96141261739632,78.34692726314678,67.94609369768253,10.400833565464254,0.9,,,,
mc_variance_reduction,BZ=F,2026-06-30,72.91999816894531,4,2026-07-06,72.97522201246323,79.3922799446464,67.07683713274194,12.315442811904461,0.9,71.98999786376953,-0.9852241486937032,1.3685569911504858,True
mc_variance_reduction,BZ=F,2026-06-30,72.91999816894531,5,2026-07-07,72.98903449937737,80.23892188035241,66.3942016795204,13.844720200832,0.9,74.16000366210938,1.170969162732007,1.5789766786787407,True
mc_variance_reduction,BZ=F,2026-06-30,72.91999816894531,6,2026-07-08,73.00284968278439,81.16356513313207,65.66266578397405,15.500899349158018,0.9,78.0199966430664,5.01714696028202,6.430591099913731,True
mc_variance_reduction,BZ=F,2026-06-30,72.91999816894531,7,2026-07-09,73.01666747310622,81.81285340574321,65.16621149932793,16.646641906415283,0.9,76.30000305175781,3.283335578651588,4.3031919362104745,True
mc_variance_reduction,BZ=F,2026-07-01,71.56999969482422,0,2026-07-01,71.56999969482422,71.56999969482422,71.56999969482422,0.0,0.9,71.56999969482422,0.0,0.0,True
mc_variance_reduction,BZ=F,2026-07-01,71.56999969482422,1,2026-07-02,71.58299424446898,74.5539292676212,68.73044942395619,5.823479843665012,0.9,,,,
mc_variance_reduction,BZ=F,2026-07-01,71.56999969482422,2,2026-07-03,71.59599115459213,75.85048643489986,67.58013285980257,8.270353575097289,0.9,,,,
mc_variance_reduction,BZ=F,2026-07-01,71.56999969482422,3,2026-07-06,71.6089904194165,76.93157438563259,66.6546544735126,10.276919912119993,0.9,71.98999786376953,0.38100744435303113,0.5292505287665539,True
mc_variance_reduction,BZ=F,2026-07-01,71.56999969482422,4,2026-07-07,71.62199373562123,77.85642419846283,65.88678860633703,11.969635592125798,0.9,74.16000366210938,2.5380099264881437,3.422343313320103,True
mc_variance_reduction,BZ=F,2026-07-01,71.56999969482422,5,2026-07-08,71.63499608993544,78.64216419527115,65.25218004769323,13.38998414757792,0.9,78.0199966430664,6.385000553130965,8.183800086972186,True
mc_variance_reduction,BZ=F,2026-07-01,71.56999969482422,6,2026-07-09,71.64800291317442,79.52781032684692,64.54894488643535,14.978865440411568,0.9,76.30000305175781,4.652000138583389,6.096985520993653,True
mc_variance_reduction,BZ=F,2026-07-01,71.56999969482422,7,2026-07-10,71.66101109894666,79.88071331874285,64.28711384550297,15.593599473239877,0.9,76.01000213623047,4.34899103728381,5.721603624598302,True
mc_variance_reduction,BZ=F,2026-07-06,71.98999786376953,0,2026-07-06,71.98999786376953,71.98999786376953,71.98999786376953,0.0,0.9,71.98999786376953,0.0,0.0,True
mc_variance_reduction,BZ=F,2026-07-06,71.98999786376953,1,2026-07-07,72.00323536283322,75.11134357688694,69.02374075129603,6.087602825590906,0.9,74.16000366210938,2.156768299276152,2.908263474612139,True
mc_variance_reduction,BZ=F,2026-07-06,71.98999786376953,2,2026-07-08,72.01647529842431,76.45327705717519,67.83715382256963,8.616123234605553,0.9,78.0199966430664,6.003521344642095,7.6948495295476596,False
mc_variance_reduction,BZ=F,2026-07-06,71.98999786376953,3,2026-07-09,72.02971770365673,77.46972669414029,66.97171239997306,10.498014294167234,0.9,76.30000305175781,4.270285348101083,5.596704033162818,True
mc_variance_reduction,BZ=F,2026-07-06,71.98999786376953,4,2026-07-10,72.04296246606177,78.26596337543101,66.31475826516792,11.95120511026309,0.9,76.01000213623047,3.9670396701687025,5.2191021690259864,True
mc_variance_reduction,BZ=F,2026-07-06,71.98999786376953,5,2026-07-13,72.05620971631853,79.3262385840126,65.45245899126114,13.873779592751461,0.9,83.30000305175781,11.243793335439278,13.497950688492812,False
mc_variance_reduction,BZ=F,2026-07-06,71.98999786376953,6,2026-07-14,72.06945939306334,80.14369852611838,64.80867589580036,15.335022630318022,0.9,84.7300033569336,12.660543963870253,14.942220538498564,False
mc_variance_reduction,BZ=F,2026-07-06,71.98999786376953,7,2026-07-15,72.08271150327872,80.68261936533688,64.39946340825803,16.283155957078847,0.9,84.94999694824219,12.867285444963471,15.146893357516152,False
mc_variance_reduction,BZ=F,2026-07-07,74.16000366210938,0,2026-07-07,74.16000366210938,74.16000366210938,74.16000366210938,0.0,0.9,74.16000366210938,0.0,0.0,True
mc_variance_reduction,BZ=F,2026-07-07,74.16000366210938,1,2026-07-08,74.17453373044721,77.31739312011096,71.15942778798183,6.157965332129137,0.9,78.0199966430664,3.8454629126191975,4.928817070079869,False
mc_variance_reduction,BZ=F,2026-07-07,74.16000366210938,2,2026-07-09,74.18906663495079,78.64990559427261,69.98123604890436,8.668669545368246,0.9,76.30000305175781,2.1109364168070215,2.7666269100606407,True
mc_variance_reduction,BZ=F,2026-07-07,74.16000366210938,3,2026-07-10,74.20360238167703,79.85713635069511,68.95031380924354,10.906822541451575,0.9,76.01000213623047,1.8063997545534392,2.376529014320882,True
mc_variance_reduction,BZ=F,2026-07-07,74.16000366210938,4,2026-07-13,74.21814104133401,80.92256627300206,68.06917655344704,12.853389719555025,0.9,83.30000305175781,9.081862010423805,10.902595051264116,False
mc_variance_reduction,BZ=F,2026-07-07,74.16000366210938,5,2026-07-14,74.2326824199971,81.80631413910945,67.36021794175774,14.446096197351707,0.9,84.7300033569336,10.49732093693649,12.38914259535135,False
mc_variance_reduction,BZ=F,2026-07-07,74.16000366210938,6,2026-07-15,74.24722673055535,82.52392614242842,66.80063513353139,15.723291008897036,0.9,84.94999694824219,10.702770217686833,12.598905947233586,False
mc_variance_reduction,BZ=F,2026-07-07,74.16000366210938,7,2026-07-16,74.26177388767518,83.16200110378846,66.31407378147527,16.847927322313183,0.9,84.2300033569336,9.968229469258418,11.834535286692303,False
mc_variance_reduction,BZ=F,2026-07-08,78.0199966430664,0,2026-07-08,78.0199966430664,78.0199966430664,78.0199966430664,0.0,0.9,78.0199966430664,0.0,0.0,True
mc_variance_reduction,BZ=F,2026-07-08,78.0199966430664,1,2026-07-09,78.03689224434359,81.4184469092847,74.79578376836209,6.6226631409226115,0.9,76.30000305175781,-1.7368891925857781,2.2763946567702837,True
mc_variance_reduction,BZ=F,2026-07-08,78.0199966430664,2,2026-07-10,78.0537915009117,82.77830210305127,73.59892886940203,9.179373233649244,0.9,76.01000213623047,-2.0437893646812313,2.6888426618094394,True
mc_variance_reduction,BZ=F,2026-07-08,78.0199966430664,3,2026-07-13,78.07069441568584,83.7966678662381,72.73598674866287,11.060681117575228,0.9,83.30000305175781,5.229308636071977,6.27768120587317,True
mc_variance_reduction,BZ=F,2026-07-08,78.0199966430664,4,2026-07-14,78.08760097691518,84.73803258878776,71.95911019787823,12.778922390909528,0.9,84.7300033569336,6.64240238001841,7.839492643516875,True
mc_variance_reduction,BZ=F,2026-07-08,78.0199966430664,5,2026-07-15,78.10451127369487,85.66084826104459,71.21473571020668,14.44611255083791,0.9,84.94999694824219,6.845485674547319,8.058252996428116,True
mc_variance_reduction,BZ=F,2026-07-08,78.0199966430664,6,2026-07-16,78.12142528643216,86.33541700685481,70.68891627107145,15.646500735783363,0.9,84.2300033569336,6.108578070501437,7.252259084706061,True
mc_variance_reduction,BZ=F,2026-07-08,78.0199966430664,7,2026-07-17,78.13834264889202,87.02400301190048,70.15996027092933,16.864042740971144,0.9,88.0999984741211,9.961655825229073,11.30721452640576,False
mc_variance_reduction,BZ=F,2026-07-09,76.30000305175781,0,2026-07-09,76.30000305175781,76.30000305175781,76.30000305175781,0.0,0.9,76.30000305175781,0.0,0.0,True
mc_variance_reduction,BZ=F,2026-07-09,76.30000305175781,1,2026-07-10,76.315825609837,79.50000615013695,73.25917972956033,6.240826420576624,0.9,76.01000213623047,-0.3058234736065373,0.4023463557577843,True
mc_variance_reduction,BZ=F,2026-07-09,76.30000305175781,2,2026-07-13,76.3316514759594,81.01031229203804,71.92320156208064,9.087110729957402,0.9,83.30000305175781,6.968351575798408,8.365367731701854,False
mc_variance_reduction,BZ=F,2026-07-09,76.30000305175781,3,2026-07-14,76.34748056862149,82.06173153213354,71.03113327672872,11.030598255404811,0.9,84.7300033569336,8.382522788312102,9.893216636614408,False
mc_variance_reduction,BZ=F,2026-07-09,76.30000305175781,4,2026-07-15,76.36331297043319,82.96745114742409,70.28485854763811,12.682592599785977,0.9,84.94999694824219,8.586683977809002,10.107927352888128,False
mc_variance_reduction,BZ=F,2026-07-09,76.30000305175781,5,2026-07-16,76.37914866018903,83.62452597837232,69.76152371935456,13.863002259017762,0.9,84.2300033569336,7.8508546967445625,9.320734161051533,False
mc_variance_reduction,BZ=F,2026-07-09,76.30000305175781,6,2026-07-17,76.39498764180448,84.52763974965004,69.04480182734545,15.482837922304583,0.9,88.0999984741211,11.705010832316617,13.28605111809951,False
mc_variance_reduction,BZ=F,2026-07-09,76.30000305175781,7,2026-07-20,76.41083000809726,85.46691056265088,68.31433223456787,17.15257832808301,0.9,89.22000122070312,12.809171212605861,14.356838194745,False
mc_variance_reduction,BZ=F,2026-07-10,76.01000213623047,0,2026-07-10,76.01000213623047,76.01000213623047,76.01000213623047,0.0,0.9,76.01000213623047,0.0,0.0,True
mc_variance_reduction,BZ=F,2026-07-10,76.01000213623047,1,2026-07-13,76.02564010599919,79.26348258129467,72.92006068990575,6.343421891388914,0.9,83.30000305175781,7.274362945758625,8.732728306430861,False
mc_variance_reduction,BZ=F,2026-07-10,76.01000213623047,2,2026-07-14,76.04128129685054,80.77000719271227,71.5894013725891,9.180605820123176,0.9,84.7300033569336,8.688722060083052,10.254598980105008,False
mc_variance_reduction,BZ=F,2026-07-10,76.01000213623047,3,2026-07-15,76.05692569820529,81.78684043962829,70.72844533916074,11.05839510046755,0.9,84.94999694824219,8.893071250036897,10.468595137743456,False
mc_variance_reduction,BZ=F,2026-07-10,76.01000213623047,4,2026-07-16,76.07257332368012,82.94878946872622,69.76637575204609,13.18241371668013,0.9,84.2300033569336,8.157430033253476,9.684708189652444,False
mc_variance_reduction,BZ=F,2026-07-10,76.01000213623047,5,2026-07-17,76.08822416959887,83.86360213861795,69.03373707596177,14.829865062656182,0.9,88.0999984741211,12.01177430452222,13.634250298029931,False
mc_variance_reduction,BZ=F,2026-07-10,76.01000213623047,6,2026-07-20,76.10387844600538,84.59484149448458,68.4651709278848,16.129670566599785,0.9,89.22000122070312,13.116122774697743,14.700877152256977,False
mc_variance_reduction,BZ=F,2026-07-10,76.01000213623047,7,2026-07-21,76.11953553584453,85.3682641206016,67.87280666931491,17.495457451286683,0.9,91.01000213623047,14.890466600385935,16.36135177548594,False
mc_variance_reduction,BZ=F,2026-07-13,83.30000305175781,0,2026-07-13,83.30000305175781,83.30000305175781,83.30000305175781,0.0,0.9,83.30000305175781,0.0,0.0,True
mc_variance_reduction,BZ=F,2026-07-13,83.30000305175781,1,2026-07-14,83.32024334945109,86.90700491159886,79.88151198733615,7.025492924262707,0.9,84.7300033569336,1.4097600074825039,1.6638262145980913,True
mc_variance_reduction,BZ=F,2026-07-13,83.30000305175781,2,2026-07-15,83.340488735311,88.33953508082978,78.62433312715594,9.71520195367384,0.9,84.94999694824219,1.609508212931189,1.8946536442041548,True
mc_variance_reduction,BZ=F,2026-07-13,83.30000305175781,3,2026-07-16,83.36073860079759,89.73009542786136,77.44350106597373,12.286594361887623,0.9,84.2300033569336,0.8692647561360047,1.0320132037183982,True
mc_variance_reduction,BZ=F,2026-07-13,83.30000305175781,4,2026-07-17,83.3809936864989,90.57652117521842,76.75708903591091,13.819432139307509,0.9,88.0999984741211,4.719004787622197,5.356418693932644,True
mc_variance_reduction,BZ=F,2026-07-13,83.30000305175781,5,2026-07-20,83.40125357113752,91.59548274571374,75.94008930498484,15.6553934407289,0.9,89.22000122070312,5.8187476495656085,6.52179732117667,True
mc_variance_reduction,BZ=F,2026-07-13,83.30000305175781,6,2026-07-21,83.4215185752476,92.62636114227189,75.13141675181917,17.494944390452716,0.9,91.01000213623047,7.588483560982866,8.338076456282097,True
mc_variance_reduction,BZ=F,2026-07-13,83.30000305175781,7,2026-07-22,83.44178825724576,93.2527278464838,74.66303867667357,18.589689169810228,0.9,94.06999969482422,10.628211437578457,11.298194399976412,False
mc_variance_reduction,BZ=F,2026-07-14,84.7300033569336,0,2026-07-14,84.7300033569336,84.7300033569336,84.7300033569336,0.0,0.9,84.7300033569336,0.0,0.0,True
mc_variance_reduction,BZ=F,2026-07-14,84.7300033569336,1,2026-07-15,84.75117029958655,88.32214901696545,81.32457086618807,6.997578150777386,0.9,84.94999694824219,0.19882664865563981,0.2340513899921382,True
mc_variance_reduction,BZ=F,2026-07-14,84.7300033569336,2,2026-07-16,84.77234256254587,89.82019199360414,80.00817980413746,9.812012189466685,0.9,84.2300033569336,-0.5423392056122793,0.6438788840053339,True
mc_variance_reduction,BZ=F,2026-07-14,84.7300033569336,3,2026-07-17,84.79352006407878,91.10283119624783,78.92115923205388,12.181671964193953,0.9,88.0999984741211,3.306478410042317,3.7530970117026476,True
mc_variance_reduction,BZ=F,2026-07-14,84.7300033569336,4,2026-07-20,84.81470304312987,91.95276970155584,78.23074653537209,13.722023166183746,0.9,89.22000122070312,4.405298177573258,4.937567941381094,True
mc_variance_reduction,BZ=F,2026-07-14,84.7300033569336,5,2026-07-21,84.83589095127385,92.92767421248513,77.44870913656757,15.478965075917557,0.9,91.01000213623047,6.174111184956615,6.783991913014958,True
mc_variance_reduction,BZ=F,2026-07-14,84.7300033569336,6,2026-07-22,84.85708434910867,93.56820349648123,76.95696288210993,16.611240614371297,0.9,94.06999969482422,9.212915345715544,9.793680637401387,False
mc_variance_reduction,BZ=F,2026-07-14,84.7300033569336,7,2026-07-23,84.87828309475645,94.34772653962246,76.35926373335869,17.98846280626377,0.9,100.69000244140625,15.811719346649795,15.703365739663166,False
mc_variance_reduction,BZ=F,2026-07-15,84.94999694824219,0,2026-07-15,84.94999694824219,84.94999694824219,84.94999694824219,0.0,0.9,84.94999694824219,0.0,0.0,True
mc_variance_reduction,BZ=F,2026-07-15,84.94999694824219,1,2026-07-16,84.97129993540682,88.68950695637736,81.40897449452217,7.280532461855188,0.9,84.2300033569336,-0.741296578473225,0.8800861319355551,True
mc_variance_reduction,BZ=F,2026-07-15,84.94999694824219,2,2026-07-17,84.99260847327992,89.99805303971218,80.265552682241,9.732500357471181,0.9,88.0999984741211,3.1073900008411783,3.5271169746432602,True
mc_variance_reduction,BZ=F,2026-07-15,84.94999694824219,3,2026-07-20,85.01392202664894,91.38644034085715,79.08576906251172,12.300671278345433,0.9,89.22000122070312,4.206079194054183,4.714278341747187,True
mc_variance_reduction,BZ=F,2026-07-15,84.94999694824219,4,2026-07-21,85.03524108104477,92.65045956509363,78.04594048705594,14.604519078037683,0.9,91.01000213623047,5.974761055185695,6.564949912035199,True
mc_variance_reduction,BZ=F,2026-07-15,84.94999694824219,5,2026-07-22,85.05656526531465,93.30584821818911,77.53661148085888,15.769236737330232,0.9,94.06999969482422,9.013434429509573,9.581624809982323,False
mc_variance_reduction,BZ=F,2026-07-15,84.94999694824219,6,2026-07-23,85.07789515014449,93.96341307742836,77.03262337338441,16.930789704043946,0.9,100.69000244140625,15.612107291261765,15.50512157385913,False
mc_variance_reduction,BZ=F,2026-07-15,84.94999694824219,7,2026-07-24,85.09923006239592,94.78903139200418,76.39996804115866,18.389063350845518,0.9,96.77999877929688,11.680768716900957,12.069403662153901,False
mc_variance_reduction,BZ=F,2026-07-16,84.2300033569336,0,2026-07-16,84.2300033569336,84.2300033569336,84.2300033569336,0.0,0.9,84.2300033569336,0.0,0.0,True
mc_variance_reduction,BZ=F,2026-07-16,84.2300033569336,1,2026-07-17,84.25082531074632,87.86593166603764,80.78445687585601,7.08147479018163,0.9,88.0999984741211,3.849173163374772,4.369095607312009,False
mc_variance_reduction,BZ=F,2026-07-16,84.2300033569336,2,2026-07-20,84.27165241085228,89.47105924882574,79.37439731024065,10.096661938585086,0.9,89.22000122070312,4.948348809850842,5.546232618412696,True
mc_variance_reduction,BZ=F,2026-07-16,84.2300033569336,3,2026-07-21,84.29248465990294,90.8379858028753,78.2186318553512,12.61935394752409,0.9,91.01000213623047,6.717517476327529,7.3810760560935424,False
mc_variance_reduction,BZ=F,2026-07-16,84.2300033569336,4,2026-07-22,84.3133222684202,91.77545461921075,77.45792495224292,14.317529666967829,0.9,94.06999969482422,9.756677426404025,10.37172048267886,False
mc_variance_reduction,BZ=F,2026-07-16,84.2300033569336,5,2026-07-23,84.33416460753523,92.86468413540895,76.58725585812898,16.277428277279967,0.9,100.69000244140625,16.35583783387102,16.24375552417813,False
mc_variance_reduction,BZ=F,2026-07-16,84.2300033569336,6,2026-07-24,84.35501230920488,93.71331371447977,75.93123993746414,17.782073777015626,0.9,96.77999877929688,12.424986470091994,12.83838254475153,False
mc_variance_reduction,BZ=F,2026-07-16,84.2300033569336,7,2026-07-27,84.37586518864592,94.32288989370825,75.47782551566429,18.845064378043958,0.9,88.36000061035156,3.984135421705645,4.508980753944105,True
mc_variance_reduction,BZ=F,2026-07-17,88.0999984741211,0,2026-07-17,88.0999984741211,88.0999984741211,88.0999984741211,0.0,0.9,88.0999984741211,0.0,0.0,True
mc_variance_reduction,BZ=F,2026-07-17,88.0999984741211,1,2026-07-20,88.12337873882561,91.8312180259637,84.56524966125764,7.265968364706055,0.9,89.22000122070312,1.0966224818775174,1.229121796540674,True
mc_variance_reduction,BZ=F,2026-07-17,88.0999984741211,2,2026-07-21,88.1467652513896,93.40260109512919,83.18667923227966,10.215921862849527,0.9,91.01000213623047,2.863236884840873,3.146068363513462,True
mc_variance_reduction,BZ=F,2026-07-17,88.0999984741211,3,2026-07-22,88.17015786334281,95.08368039196893,81.75931678633496,13.324363605633962,0.9,94.06999969482422,5.89984183148141,6.271757043288289,True
mc_variance_reduction,BZ=F,2026-07-17,88.0999984741211,4,2026-07-23,88.19355674073734,96.11092087385578,80.92840417597795,15.18251669787783,0.9,100.69000244140625,12.496445700668914,12.410810803129014,False
mc_variance_reduction,BZ=F,2026-07-17,88.0999984741211,5,2026-07-24,88.2169618243184,96.99994068761112,80.2292486186825,16.77069206892861,0.9,96.77999877929688,8.563036954978472,8.847940755306428,True
mc_variance_reduction,BZ=F,2026-07-17,88.0999984741211,6,2026-07-27,88.24037319945242,98.03255772829331,79.42630114571828,18.60625658257503,0.9,88.36000061035156,0.11962741089914175,0.13538638532459127,True
mc_variance_reduction,BZ=F,2026-07-17,88.0999984741211,7,2026-07-28,88.26379065612643,98.7847384177252,78.86336352744829,19.92137489027691,0.9,84.08999633789062,-4.173794318235807,4.963484956598947,True
mc_variance_reduction,BZ=F,2026-07-20,89.22000122070312,0,2026-07-20,89.22000122070312,89.22000122070312,89.22000122070312,0.0,0.9,89.22000122070312,0.0,0.0,True
mc_variance_reduction,BZ=F,2026-07-20,89.22000122070312,1,2026-07-21,89.24412761706921,93.19516120004839,85.4605990507119,7.734562149336483,0.9,91.01000213623047,1.7658745191612581,1.9403081833994105,True
mc_variance_reduction,BZ=F,2026-07-20,89.22000122070312,2,2026-07-22,89.26826041212757,94.99322056941283,83.88832665340102,11.104893916011804,0.9,94.06999969482422,4.801739282696644,5.104432123178627,True
mc_variance_reduction,BZ=F,2026-07-20,89.22000122070312,3,2026-07-23,89.29239981575446,96.27868376419039,82.81306256356899,13.465621200621399,0.9,100.69000244140625,11.397602625651786,11.319497814377652,False
mc_variance_reduction,BZ=F,2026-07-20,89.22000122070312,4,2026-07-24,89.31654588548648,97.01254949121407,82.23106576261439,14.781483728599682,0.9,96.77999877929688,7.463452893810398,7.7117720478903085,True
mc_variance_reduction,BZ=F,2026-07-20,89.22000122070312,5,2026-07-27,89.34069814734524,97.92274797410494,81.5107879679334,16.41196000617154,0.9,88.36000061035156,-0.9806975369936737,1.1098885584194789,True
mc_variance_reduction,BZ=F,2026-07-20,89.22000122070312,6,2026-07-28,89.36485712335258,98.90632722344328,80.74385199222395,18.162475231219332,0.9,84.08999633789062,-5.274860785461954,6.272875508599733,True
mc_variance_reduction,BZ=F,2026-07-20,89.22000122070312,7,2026-07-29,89.38902331417123,99.43422624068708,80.35862328950874,19.07560295117834,0.9,90.73999786376953,1.3509745495983054,1.4888412843325838,True
mc_variance_reduction,BZ=F,2026-07-21,91.01000213623047,0,2026-07-21,91.01000213623047,91.01000213623047,91.01000213623047,0.0,0.9,91.01000213623047,0.0,0.0,True
mc_variance_reduction,BZ=F,2026-07-21,91.01000213623047,1,2026-07-22,91.03533762529912,94.99773065816562,87.23821753264166,7.759513125523966,0.9,94.06999969482422,3.0346620695250976,3.225961602391784,True
mc_variance_reduction,BZ=F,2026-07-21,91.01000213623047,2,2026-07-23,91.06068031573166,96.69904629096452,85.75107809325017,10.947968197714346,0.9,100.69000244140625,9.629322125674591,9.5633348815123,False
mc_variance_reduction,BZ=F,2026-07-21,91.01000213623047,3,2026-07-24,91.08602970674906,98.01918251474635,84.64327688919516,13.375905625551184,0.9,96.77999877929688,5.693969072547816,5.883415110939087,True
mc_variance_reduction,BZ=F,2026-07-21,91.01000213623047,4,2026-07-27,91.11138661752983,99.04257652383357,83.81531517900551,15.227261344828065,0.9,88.36000061035156,-2.7513860071782688,3.113836564251832,True
mc_variance_reduction,BZ=F,2026-07-21,91.01000213623047,5,2026-07-28,91.1367500081453,100.06427119556488,83.00572328708127,17.058547908483618,0.9,84.08999633789062,-7.046753670254674,8.38001424323934,True
mc_variance_reduction,BZ=F,2026-07-21,91.01000213623047,6,2026-07-29,91.16212077807819,100.82111185386721,82.42849261975587,18.392619234111336,0.9,90.73999786376953,-0.4221229143086589,0.46520048958167676,True
mc_variance_reduction,BZ=F,2026-07-21,91.01000213623047,7,2026-07-30,91.18749866317259,101.7786992769353,81.69842971688851,20.080269560046787,0.9,89.02999877929688,-2.1574998838757153,2.423340349834333,True
mc_variance_reduction,BZ=F,2026-07-22,94.06999969482422,0,2026-07-22,94.06999969482422,94.06999969482422,94.06999969482422,0.0,0.9,94.06999969482422,0.0,0.0,True
mc_variance_reduction,BZ=F,2026-07-22,94.06999969482422,1,2026-07-23,94.09744079302155,98.08353844756142,90.27333743888448,7.810201008676941,0.9,100.69000244140625,6.592561648384702,6.5473845352432685,False
mc_variance_reduction,BZ=F,2026-07-22,94.06999969482422,2,2026-07-24,94.12488989242283,99.85912869800956,88.71992989296174,11.139198805047812,0.9,96.77999877929688,2.6551088868740464,2.7434479441655313,True
mc_variance_reduction,BZ=F,2026-07-22,94.06999969482422,3,2026-07-27,94.15234716355639,101.33103424244574,87.48222609443496,13.848808148010775,0.9,88.36000061035156,-5.792346553204823,6.555394424166897,True
mc_variance_reduction,BZ=F,2026-07-22,94.06999969482422,4,2026-07-28,94.1798121248624,102.57017277318333,86.47579282979633,16.094379943386997,0.9,84.08999633789062,-10.08981578697177,11.998830094401297,False
mc_variance_reduction,BZ=F,2026-07-22,94.06999969482422,5,2026-07-29,94.20728534996971,103.56593945221637,85.69431876564197,17.871620686574403,0.9,90.73999786376953,-3.4672874862001777,3.821123614534036,True
mc_variance_reduction,BZ=F,2026-07-22,94.06999969482422,6,2026-07-30,94.23476639243347,104.30849301349991,85.133922867766,19.17457014573391,0.9,89.02999877929688,-5.204767613136596,5.8460829883184475,True
mc_variance_reduction,BZ=F,2026-07-22,94.06999969482422,7,2026-07-31,94.26225555769312,105.28114733371586,84.39661845923341,20.884528874482456,0.9,90.12000274658203,-4.142252811111092,4.596374483874718,True
mc_variance_reduction,BZ=F,2026-07-23,100.69000244140625,0,2026-07-23,100.69000244140625,100.69000244140625,100.69000244140625,0.0,0.9,100.69000244140625,0.0,0.0,True
mc_variance_reduction,BZ=F,2026-07-23,100.69000244140625,1,2026-07-24,100.72214491160358,105.14868158371756,96.48195606961288,8.666725514104684,0.9,96.77999877929688,-3.9421461323067035,4.073306656364626,True
mc_variance_reduction,BZ=F,2026-07-23,100.69000244140625,2,2026-07-27,100.75429764528872,107.0605681304631,94.81949026517466,12.241077865288432,0.9,88.36000061035156,-12.394297034937154,14.027044985652859,False
mc_variance_reduction,BZ=F,2026-07-23,100.69000244140625,3,2026-07-28,100.78646063878952,108.37865834283157,93.72611549012878,14.652542852702794,0.9,84.08999633789062,-16.696464300898896,19.855470362739847,False
mc_variance_reduction,BZ=F,2026-07-23,100.69000244140625,4,2026-07-29,100.81863397878622,109.62847055558619,92.71676342182617,16.911707133760018,0.9,90.73999786376953,-10.078636115016693,11.107159303825451,False
mc_variance_reduction,BZ=F,2026-07-23,100.69000244140625,5,2026-07-30,100.85081743878342,110.36111035132123,92.160067705517,18.201042645804236,0.9,89.02999877929688,-11.820818659486548,13.277343391624727,False
mc_variance_reduction,BZ=F,2026-07-23,100.69000244140625,6,2026-07-31,100.88301123774097,111.76501552842318,91.06053365893274,20.704481869490436,0.9,90.12000274658203,-10.763008491158942,11.942973993714341,False
mc_variance_reduction,BZ=F,2026-07-23,100.69000244140625,7,2026-08-03,100.91521546727486,112.81764377064371,90.2685107261506,22.549133044493118,0.9,83.7699966430664,-17.145218824208456,20.46701624838558,False
mc_variance_reduction,BZ=F,2026-07-24,96.77999877929688,0,2026-07-24,96.77999877929688,96.77999877929688,96.77999877929688,0.0,0.9,96.77999877929688,0.0,0.0,True
mc_variance_reduction,BZ=F,2026-07-24,96.77999877929688,1,2026-07-27,96.8093238106791,100.93791465252816,92.84960171522847,8.08831293729969,0.9,88.36000061035156,-8.449323200327541,9.562384723815502,False
mc_variance_reduction,BZ=F,2026-07-24,96.77999877929688,2,2026-07-28,96.83865769859142,102.84564093356035,91.18252887438727,11.663112059173073,0.9,84.08999633789062,-12.748661360700794,15.160734826856325,False
mc_variance_reduction,BZ=F,2026-07-24,96.77999877929688,3,2026-07-29,96.86800054338326,104.18837584079944,90.0619617484218,14.126414092377644,0.9,90.73999786376953,-6.128002679613729,6.753364363986286,True
mc_variance_reduction,BZ=F,2026-07-24,96.77999877929688,4,2026-07-30,96.89735228104811,105.53815721416197,88.96400225517777,16.574154958984195,0.9,89.02999877929688,-7.867353501751239,8.836744478964006,True
mc_variance_reduction,BZ=F,2026-07-24,96.77999877929688,5,2026-07-31,96.926712737542,106.69753506889163,88.05065306913814,18.64688199975349,0.9,90.12000274658203,-6.806709990959973,7.552940283524492,True
mc_variance_reduction,BZ=F,2026-07-24,96.77999877929688,6,2026-08-03,96.95608223127488,107.71994463820043,87.2677934283266,20.452151209873833,0.9,83.7699966430664,-13.18608558820847,15.740821435618232,False
mc_variance_reduction,BZ=F,2026-07-24,96.77999877929688,7,2026-08-04,96.98546058178195,108.69930938825375,86.53394050218918,22.16536888606457,0.9,79.36000061035156,-17.625459971430388,22.209500801252965,False
mc_variance_reduction,BZ=F,2026-07-27,88.36000061035156,0,2026-07-27,88.36000061035156,88.36000061035156,88.36000061035156,0.0,0.9,88.36000061035156,0.0,0.0,True
mc_variance_reduction,BZ=F,2026-07-27,88.36000061035156,1,2026-07-28,88.38349847293566,91.99964738262665,84.90948635390092,7.090161028725731,0.9,84.08999633789062,-4.293502135045031,5.1058417434017604,False
mc_variance_reduction,BZ=F,2026-07-27,88.36000061035156,2,2026-07-29,88.40700258390373,93.83958924816427,83.28892072295798,10.55066852520629,0.9,90.73999786376953,2.3329952798657985,2.5710770716221405,True
mc_variance_reduction,BZ=F,2026-07-27,88.36000061035156,3,2026-07-30,88.43051293266188,95.14536165895113,82.18956215260467,12.955799506346466,0.9,89.02999877929688,0.599485846634991,0.6733526393964144,True
mc_variance_reduction,BZ=F,2026-07-27,88.36000061035156,4,2026-07-31,88.4540295568595,96.4236513500493,81.14311405797295,15.280537292076346,0.9,90.12000274658203,1.6659731897225356,1.8486164435738668,True
mc_variance_reduction,BZ=F,2026-07-27,88.36000061035156,5,2026-08-03,88.47755238625763,97.18333683370783,80.55164223997232,16.631694593735503,0.9,83.7699966430664,-4.707555743191222,5.619620307792937,True
mc_variance_reduction,BZ=F,2026-07-27,88.36000061035156,6,2026-08-04,88.50108167451754,98.28587162158968,79.69041020229741,18.595461419292263,0.9,79.36000061035156,-9.141081064165974,11.518499236218037,False
mc_variance_reduction,BZ=F,2026-07-27,88.36000061035156,7,2026-08-05,88.5246169055344,99.3404597397325,78.88636533962146,20.454094400111032,0.9,79.44999694824219,-9.074619957292214,11.421800259103708,True
mc_variance_reduction,BZ=F,2026-07-28,84.08999633789062,0,2026-07-28,84.08999633789062,84.08999633789062,84.08999633789062,0.0,0.9,84.08999633789062,0.0,0.0,True
mc_variance_reduction,BZ=F,2026-07-28,84.08999633789062,1,2026-07-29,84.11065947853132,87.67144915339883,80.69449178057792,6.976957372820905,0.9,90.73999786376953,6.6293383852382135,7.305861297452335,False
mc_variance_reduction,BZ=F,2026-07-28,84.08999633789062,2,2026-07-30,84.13132774277544,89.32905920183909,79.23603306522523,10.093026136613858,0.9,89.02999877929688,4.898671036521435,5.502270137805031,True
mc_variance_reduction,BZ=F,2026-07-28,84.08999633789062,3,2026-07-31,84.15200089682568,90.61157927514992,78.15291726380329,12.458662011346632,0.9,90.12000274658203,5.968001849756348,6.622283253295502,True
mc_variance_reduction,BZ=F,2026-07-28,84.08999633789062,4,2026-08-03,84.17267926149428,91.59885188171731,77.34856697967021,14.250284902047099,0.9,83.7699966430664,-0.4026826184278747,0.4807002919477906,True
mc_variance_reduction,BZ=F,2026-07-28,84.08999633789062,5,2026-08-04,84.19336305749562,92.35536464643712,76.75268613995489,15.602678506482235,0.9,79.36000061035156,-4.833362447144054,6.090426423854639,True
mc_variance_reduction,BZ=F,2026-07-28,84.08999633789062,6,2026-08-05,84.21405116528584,93.21405849745871,76.08301298038897,17.131045517069737,0.9,79.44999694824219,-4.76405421704365,5.996292511058496,True
mc_variance_reduction,BZ=F,2026-07-28,84.08999633789062,7,2026-08-06,84.23474475921302,94.22809259241758,75.30124012340026,18.92685246901732,0.9,82.48999786376953,-1.744746895443484,2.1151011524147405,True
mc_variance_reduction,BZ=F,2026-07-29,90.73999786376953,0,2026-07-29,90.73999786376953,90.73999786376953,90.73999786376953,0.0,0.9,90.73999786376953,0.0,0.0,True
mc_variance_reduction,BZ=F,2026-07-29,90.73999786376953,1,2026-07-30,90.76508733789532,94.75378297647013,86.94429732807458,7.809485648395551,0.9,89.02999877929688,-1.7350885585984486,1.948880806906096,True
mc_variance_reduction,BZ=F,2026-07-29,90.73999786376953,2,2026-07-31,90.79018374693743,96.33108837395889,85.56798855826709,10.763099815691803,0.9,90.12000274658203,-0.6701810003553987,0.7436539945964622,True
mc_variance_reduction,BZ=F,2026-07-29,90.73999786376953,3,2026-08-03,90.8152870952369,97.62094747288764,84.48408444971146,13.136863023176176,0.9,83.7699966430664,-7.045290452170491,8.410279019336246,False
mc_variance_reduction,BZ=F,2026-07-29,90.73999786376953,4,2026-08-04,90.84039750124464,98.50678680790719,83.7706524192025,14.736134388704684,0.9,79.36000061035156,-11.480396890893076,14.466225809725605,False
mc_variance_reduction,BZ=F,2026-07-29,90.73999786376953,5,2026-08-05,90.8655146185981,99.45284304837722,83.01966540805725,16.43317764031997,0.9,79.44999694824219,-11.41551767035591,14.368178865749442,False
mc_variance_reduction,BZ=F,2026-07-29,90.73999786376953,6,2026-08-06,90.8906388104455,100.35804068932849,82.31635616067814,18.04168452865035,0.9,82.48999786376953,-8.400640946675964,10.183829754183584,True
mc_variance_reduction,BZ=F,2026-07-29,90.73999786376953,7,2026-08-07,90.91576992058704,101.49166668448693,81.44193048344022,20.049736201046713,0.9,83.55000305175781,-7.365766868829226,8.815998324100908,True
mc_variance_reduction,BZ=F,2026-07-30,89.02999877929688,0,2026-07-30,89.02999877929688,89.02999877929688,89.02999877929688,0.0,0.9,89.02999877929688,0.0,0.0,True
mc_variance_reduction,BZ=F,2026-07-30,89.02999877929688,1,2026-07-31,89.05391870343287,92.92348178730485,85.34549391003199,7.577987877272861,0.9,90.12000274658203,1.0660840431491607,1.182960508941611,True
mc_variance_reduction,BZ=F,2026-07-30,89.02999877929688,2,2026-08-03,89.07784512080971,94.62929154296596,83.852075298627,10.777216244338959,0.9,83.7699966430664,-5.307848477743306,6.336216653271926,False
mc_variance_reduction,BZ=F,2026-07-30,89.02999877929688,3,2026-08-04,89.10177781466604,95.86646245868974,82.81443381259751,13.052028646092225,0.9,79.36000061035156,-9.741777204314474,12.2754248102208,False
mc_variance_reduction,BZ=F,2026-07-30,89.02999877929688,4,2026-08-05,89.12571703460593,96.93172254810203,81.94833667320964,14.983385874892392,0.9,79.44999694824219,-9.67572008636374,12.178376913805296,False
mc_variance_reduction,BZ=F,2026-07-30,89.02999877929688,5,2026-08-06,89.14966270413098,97.87980017553379,81.19818778280889,16.6816123927249,0.9,82.48999786376953,-6.659664840361444,8.073299809462643,True
mc_variance_reduction,BZ=F,2026-07-30,89.02999877929688,6,2026-08-07,89.17361512463455,98.90318879664964,80.40118481826049,18.502003978389155,0.9,83.55000305175781,-5.623612072876739,6.730834072373411,True
mc_variance_reduction,BZ=F,2026-07-30,89.02999877929688,7,2026-08-10,89.19757330616872,99.99822728864592,79.56348112125494,20.434746167390983,0.9,87.72000122070312,-1.4775720854655958,1.6844186786409536,True
mc_variance_reduction,BZ=F,2026-07-31,90.12000274658203,0,2026-07-31,90.12000274658203,90.12000274658203,90.12000274658203,0.0,0.9,90.12000274658203,0.0,0.0,True
mc_variance_reduction,BZ=F,2026-07-31,90.12000274658203,1,2026-08-03,90.14465017463705,94.0140882356126,86.43447070723313,7.5796175283794724,0.9,83.7699966430664,-6.374653531570644,7.609709665779568,False
mc_variance_reduction,BZ=F,2026-07-31,90.12000274658203,2,2026-08-04,90.16930438438561,95.72095728114856,84.93963786269539,10.781319418453165,0.9,79.36000061035156,-10.80930377403405,13.620594368574269,False
mc_variance_reduction,BZ=F,2026-07-31,90.12000274658203,3,2026-08-05,90.19396527699494,97.10010970207645,83.77901318690657,13.321096515169884,0.9,79.44999694824219,-10.743968328752757,13.52293107796081,False
mc_variance_reduction,BZ=F,2026-07-31,90.12000274658203,4,2026-08-06,90.21863305577719,98.24502900738725,82.84797526578076,15.397053741606484,0.9,82.48999786376953,-7.728635192007658,9.369178557588684,False
mc_variance_reduction,BZ=F,2026-07-31,90.12000274658203,5,2026-08-07,90.24330732310327,99.45851973523821,81.8819196549277,17.576600080310513,0.9,83.55000305175781,-6.693304271345454,8.011135878952711,True
mc_variance_reduction,BZ=F,2026-07-31,90.12000274658203,6,2026-08-10,90.26798846030596,100.38654149317577,81.16934441810231,19.217197075073457,0.9,87.72000122070312,-2.5479872396028327,2.9046821752682246,True
mc_variance_reduction,BZ=F,2026-07-31,90.12000274658203,7,2026-08-11,90.29267637685155,101.46565664368462,80.35001866089051,21.115637982794112,0.9,88.91000366210938,-1.3826727147421707,1.5551373948839706,True
mc_variance_reduction,BZ=F,2026-08-03,83.7699966430664,0,2026-08-03,83.7699966430664,83.7699966430664,83.7699966430664,0.0,0.9,83.7699966430664,0.0,0.0,True
mc_variance_reduction,BZ=F,2026-08-03,83.7699966430664,1,2026-08-04,83.79041842344523,87.34319467843612,80.3821549784599,6.961039699976226,0.9,79.36000061035156,-4.430417813093669,5.582683693321159,False
mc_variance_reduction,BZ=F,2026-08-03,83.7699966430664,2,2026-08-05,83.81084514721029,88.82461396958904,79.08008206337051,9.744531906218526,0.9,79.44999694824219,-4.3608481989681,5.488795930110583,True
mc_variance_reduction,BZ=F,2026-08-03,83.7699966430664,3,2026-08-06,83.83127676753335,90.17802373513203,77.93121509604404,12.246808639087988,0.9,82.48999786376953,-1.341278903763822,1.6259897423914538,True
mc_variance_reduction,BZ=F,2026-08-03,83.7699966430664,4,2026-08-07,83.85171343858156,91.41379878531674,76.915191578969,14.498607206347742,0.9,83.55000305175781,-0.30171038682374274,0.36111355571924786,True
mc_variance_reduction,BZ=F,2026-08-03,83.7699966430664,5,2026-08-10,83.87215510011379,92.04903870833046,76.4216389142477,15.627399794082763,0.9,87.72000122070312,3.847846120589338,4.386509424353717,True
mc_variance_reduction,BZ=F,2026-08-03,83.7699966430664,6,2026-08-11,83.89260183744048,92.94258016010828,75.72383547762095,17.218744682487326,0.9,88.91000366210938,5.0174018246688945,5.643236551577325,True
mc_variance_reduction,BZ=F,2026-08-03,83.7699966430664,7,2026-08-12,83.91305333718807,93.86490565429543,75.01632812846454,18.84857752583089,0.9,88.9800033569336,5.066950019745519,5.694481713402506,True
mc_variance_reduction,BZ=F,2026-08-04,79.36000061035156,0,2026-08-04,79.36000061035156,79.36000061035156,79.36000061035156,0.0,0.9,79.36000061035156,0.0,0.0,True
mc_variance_reduction,BZ=F,2026-08-04,79.36000061035156,1,2026-08-05,79.37760144098768,82.7385532581197,76.15317605466201,6.585377203457682,0.9,79.44999694824219,0.07239550725451238,0.09112084334210174,True
mc_variance_reduction,BZ=F,2026-08-04,79.36000061035156,2,2026-08-06,79.39520617234888,84.34891918992518,74.73241891685693,9.616500273068255,0.9,82.48999786376953,3.094791691420653,3.7517175070505338,True
mc_variance_reduction,BZ=F,2026-08-04,79.36000061035156,3,2026-08-07,79.4128148232077,85.39236783141352,73.85197716952963,11.54039066188389,0.9,83.55000305175781,4.137188228550116,4.951751139957706,True
mc_variance_reduction,BZ=F,2026-08-04,79.36000061035156,4,2026-08-10,79.43042735021845,86.51730582711271,72.92405522887921,13.593250598233496,0.9,87.72000122070312,8.289573870484674,9.4500384805378,False
mc_variance_reduction,BZ=F,2026-08-04,79.36000061035156,5,2026-08-11,79.44804379008792,87.23561345385842,72.35567463604906,14.87993881780936,0.9,88.91000366210938,9.461959872021453,10.642176900566072,False
mc_variance_reduction,BZ=F,2026-08-04,79.36000061035156,6,2026-08-12,79.46566414783072,88.21598634778198,71.58330413776633,16.632682210015645,0.9,88.9800033569336,9.514339209102872,10.692671218427737,False
mc_variance_reduction,BZ=F,2026-08-04,79.36000061035156,7,2026-08-13,79.4832884335882,88.94152476283092,71.03086170074684,17.910663062084083,0.9,87.06999969482422,7.586711261236019,8.713347063083777,True
mc_variance_reduction,BZ=F,2026-08-05,79.44999694824219,0,2026-08-05,79.44999694824219,79.44999694824219,79.44999694824219,0.0,0.9,79.44999694824219,0.0,0.0,True
mc_variance_reduction,BZ=F,2026-08-05,79.44999694824219,1,2026-08-06,79.46764705844845,83.21069057848584,75.89297586306168,7.3177147154241595,0.9,82.48999786376953,3.022350805321082,3.6638997255308814,True
mc_variance_reduction,BZ=F,2026-08-05,79.44999694824219,2,2026-08-07,79.48530118893513,84.74918902885821,74.54836040628332,10.200828622574889,0.9,83.55000305175781,4.064701862822687,4.864993075230259,True
mc_variance_reduction,BZ=F,2026-08-05,79.44999694824219,3,2026-08-10,79.50295902773678,85.71523831596886,73.74091961095928,11.97431870500958,0.9,87.72000122070312,8.217042192966346,9.367353030801157,False
mc_variance_reduction,BZ=F,2026-08-05,79.44999694824219,4,2026-08-11,79.5206208970493,86.67666596943816,72.95538057599627,13.721285393441889,0.9,88.91000366210938,9.389382765060077,10.560547045688104,False
mc_variance_reduction,BZ=F,2026-08-05,79.44999694824219,5,2026-08-12,79.53828669344838,87.71058336880341,72.12743190830884,15.583151460494577,0.9,88.9800033569336,9.44171666348521,10.611054514811368,False
mc_variance_reduction,BZ=F,2026-08-05,79.44999694824219,6,2026-08-13,79.55595642454293,88.80069243138627,71.27365874003912,17.527033691347143,0.9,87.06999969482422,7.514043270281292,8.629887787547512,True
mc_variance_reduction,BZ=F,2026-08-05,79.44999694824219,7,2026-08-14,79.5736300537576,89.64074654769438,70.6371024761979,19.00364407149648,0.9,88.5199966430664,8.94636658930881,10.106605206259415,True
mc_variance_reduction,BZ=F,2026-08-06,82.48999786376953,0,2026-08-06,82.48999786376953,82.48999786376953,82.48999786376953,0.0,0.9,82.48999786376953,0.0,0.0,True
mc_variance_reduction,BZ=F,2026-08-06,82.48999786376953,1,2026-08-07,82.50956919961115,86.05135742739814,79.11355746153122,6.93779996586693,0.9,83.55000305175781,1.0404338521466627,1.2452828415842565,True
mc_variance_reduction,BZ=F,2026-08-06,82.48999786376953,2,2026-08-10,82.52914527502034,87.46698304671564,77.87006668975535,9.596916356960293,0.9,87.72000122070312,5.1908559456827845,5.917528355503113,False
mc_variance_reduction,BZ=F,2026-08-06,82.48999786376953,3,2026-08-11,82.54872611414291,88.6477318947637,76.86933422252976,11.778397672233936,0.9,88.91000366210938,6.361277547966466,7.154737696493248,False
mc_variance_reduction,BZ=F,2026-08-06,82.48999786376953,4,2026-08-12,82.56831130825522,89.84568932621201,75.88039050495296,13.965298821259054,0.9,88.9800033569336,6.4116920486783755,7.205767371078388,True
mc_variance_reduction,BZ=F,2026-08-06,82.48999786376953,5,2026-08-13,82.58790098341774,90.70077929067709,75.20069225630816,15.500087034368931,0.9,87.06999969482422,4.482098711406479,5.147695793173309,True
mc_variance_reduction,BZ=F,2026-08-06,82.48999786376953,6,2026-08-14,82.6074955908181,91.6723530060069,74.43900035731461,17.23335264869229,0.9,88.5199966430664,5.912501052248302,6.679282960311111,True
mc_variance_reduction,BZ=F,2026-08-06,82.48999786376953,7,2026-08-17,82.62709475237406,92.43655498288823,73.85862439440379,18.577930588484435,0.9,90.87000274658203,8.242907994207968,9.071099092178708,True
mc_variance_reduction,BZ=F,2026-08-07,83.55000305175781,0,2026-08-07,83.55000305175781,83.55000305175781,83.55000305175781,0.0,0.9,83.55000305175781,0.0,0.0,True
mc_variance_reduction,BZ=F,2026-08-07,83.55000305175781,1,2026-08-10,83.57024933884597,87.16843128371335,80.12059504921653,7.047836234496813,0.9,87.72000122070312,4.149751881857156,4.73067923405108,False
mc_variance_reduction,BZ=F,2026-08-07,83.55000305175781,2,2026-08-11,83.59050053188031,88.89286857252239,78.6044133300483,10.288455242474086,0.9,88.91000366210938,5.319503130229066,5.983019807810524,False
mc_variance_reduction,BZ=F,2026-08-07,83.55000305175781,3,2026-08-12,83.61075663142105,90.12375953624644,77.56843113711707,12.555328399129365,0.9,88.9800033569336,5.369246725512539,6.034217265619097,True
mc_variance_reduction,BZ=F,2026-08-07,83.55000305175781,4,2026-08-13,83.63101767111621,91.35193234714141,76.56266206668712,14.78927028045429,0.9,87.06999969482422,3.4389820237080073,3.9496750152308016,True
mc_variance_reduction,BZ=F,2026-08-07,83.55000305175781,5,2026-08-14,83.65128356827788,92.15150760403127,75.9351357676133,16.216371836417963,0.9,88.5199966430664,4.8687130747885305,5.500127947835713,True
mc_variance_reduction,BZ=F,2026-08-07,83.55000305175781,6,2026-08-17,83.67155439530276,93.03943071893748,75.24690296292364,17.79252775601384,0.9,90.87000274658203,7.198448351279268,7.921699277763067,True
mc_variance_reduction,BZ=F,2026-08-07,83.55000305175781,7,2026-08-18,83.69183024430532,93.59850656807559,74.83369861643692,18.764807951638673,0.9,91.0199966430664,7.328166398761084,8.0511609196146,True
mc_variance_reduction,BZ=F,2026-08-10,87.72000122070312,0,2026-08-10,87.72000122070312,87.72000122070312,87.72000122070312,0.0,0.9,87.72000122070312,0.0,0.0,True
mc_variance_reduction,BZ=F,2026-08-10,87.72000122070312,1,2026-08-11,87.74297676445764,91.56321103718079,84.08213172086444,7.481079316316354,0.9,88.91000366210938,1.1670268976517377,1.3125934648331228,True
mc_variance_reduction,BZ=F,2026-08-10,87.72000122070312,2,2026-08-12,87.76595880459617,93.15251205832756,82.69088273316821,10.46162932515935,0.9,88.9800033569336,1.2140445523374268,1.3644015582550826,True
mc_variance_reduction,BZ=F,2026-08-10,87.72000122070312,3,2026-08-13,87.78894587916312,94.48651559747832,81.56612594986453,12.920389647613788,0.9,87.06999969482422,-0.718946184338904,0.8257105626033912,True
mc_variance_reduction,BZ=F,2026-08-10,87.72000122070312,4,2026-08-14,87.8119394688498,95.3437837266055,80.87508604906998,14.468697677535516,0.9,88.5199966430664,0.7080571742166057,0.7998838692591234,True
mc_variance_reduction,BZ=F,2026-08-10,87.72000122070312,5,2026-08-17,87.83493915070042,96.48271288226016,79.9622677792621,16.520445102998053,0.9,90.87000274658203,3.03506359588161,3.3400060571647447,True
mc_variance_reduction,BZ=F,2026-08-10,87.72000122070312,6,2026-08-18,87.85794485548139,97.52463737235595,79.14941969551026,18.375217676845693,0.9,91.0199966430664,3.162051787585014,3.4740187917001952,True
mc_variance_reduction,BZ=F,2026-08-10,87.72000122070312,7,2026-08-19,87.88095672547414,98.48158711457216,78.42138544545092,20.06020166912124,0.9,91.62000274658203,3.739046021107896,4.081036792205711,True
mc_variance_reduction,BZ=F,2026-08-11,88.91000366210938,0,2026-08-11,88.91000366210938,88.91000366210938,88.91000366210938,0.0,0.9,88.91000366210938,0.0,0.0,True
mc_variance_reduction,BZ=F,2026-08-11,88.91000366210938,1,2026-08-12,88.93376565370394,92.81019557601918,85.21924368585691,7.590951890162273,0.9,88.9800033569336,0.04623770322965015,0.05196415091621501,True
mc_variance_reduction,BZ=F,2026-08-11,88.91000366210938,2,2026-08-13,88.95753400087904,94.41117879493278,83.81891802046087,10.59226077447191,0.9,87.06999969482422,-1.8875343060548175,2.1678354343293056,True
mc_variance_reduction,BZ=F,2026-08-11,88.91000366210938,3,2026-08-14,88.98130874633773,95.7595589147551,82.68285053335738,13.076708381397722,0.9,88.5199966430664,-0.4613121032713252,0.5211388621391897,True
mc_variance_reduction,BZ=F,2026-08-11,88.91000366210938,4,2026-08-17,89.00508978849103,96.98792969788236,81.67929821903438,15.308631478847985,0.9,90.87000274658203,1.864912958090997,2.0522866751659072,True
mc_variance_reduction,BZ=F,2026-08-11,88.91000366210938,5,2026-08-18,89.02887721866263,97.85961274883236,80.99501669946615,16.864596049366213,0.9,91.0199966430664,1.9911194244037773,2.187562621224788,True
mc_variance_reduction,BZ=F,2026-08-11,88.91000366210938,6,2026-08-19,89.05267091349097,98.94669464889533,80.14798498421722,18.798709664678114,0.9,91.62000274658203,2.5673318330910604,2.8021521023004303,True
mc_variance_reduction,BZ=F,2026-08-11,88.91000366210938,7,2026-08-20,89.0764712950117,99.80882218741009,79.49815978879954,20.310662398610546,0.9,93.77999877929688,4.703527484285175,5.015491091394147,True
mc_variance_reduction,BZ=F,2026-08-12,88.9800033569336,0,2026-08-12,88.9800033569336,88.9800033569336,88.9800033569336,0.0,0.9,88.9800033569336,0.0,0.0,True
mc_variance_reduction,BZ=F,2026-08-12,88.9800033569336,1,2026-08-13,89.003802778552,92.98779339518904,85.19050310932556,7.7972902858634825,0.9,87.06999969482422,-1.9338030837277813,2.2209751814696905,True
mc_variance_reduction,BZ=F,2026-08-12,88.9800033569336,2,2026-08-14,89.02760849039959,94.47779080128258,83.89183337659244,10.585957424690136,0.9,88.5199966430664,-0.5076118473331803,0.5734431389327674,True
mc_variance_reduction,BZ=F,2026-08-12,88.9800033569336,3,2026-08-17,89.05142065236404,95.9416312011529,82.65604214775237,13.285589053400528,0.9,90.87000274658203,1.8185820942179873,2.001300802520765,True
mc_variance_reduction,BZ=F,2026-08-12,88.9800033569336,4,2026-08-18,89.0752391369142,96.90679236923808,81.87659540221156,15.030196967026512,0.9,91.0199966430664,1.9447575061522002,2.1366266511506677,True
mc_variance_reduction,BZ=F,2026-08-12,88.9800033569336,5,2026-08-19,89.09906395080958,97.95171835454602,81.04649239267543,16.905225961870585,0.9,91.62000274658203,2.5209387957724516,2.7515157391397236,True
mc_variance_reduction,BZ=F,2026-08-12,88.9800033569336,6,2026-08-20,89.12289517768701,98.80844426172276,80.38675771790079,18.421686543821963,0.9,93.77999877929688,4.657103601609862,4.9659881235122985,True
mc_variance_reduction,BZ=F,2026-08-12,88.9800033569336,7,2026-08-21,89.14673281609046,99.46035173617565,79.90259260745786,19.55775912871779,0.9,94.38999938964844,5.243266573557975,5.554896289291632,True
mc_variance_reduction,BZ=F,2026-08-13,87.06999969482422,0,2026-08-13,87.06999969482422,87.06999969482422,87.06999969482422,0.0,0.9,87.06999969482422,0.0,0.0,True
mc_variance_reduction,BZ=F,2026-08-13,87.06999969482422,1,2026-08-14,87.09251589052579,90.79040536457981,83.54524124323572,7.245164121344089,0.9,88.5199966430664,1.4274807525406175,1.6126082316705883,True
mc_variance_reduction,BZ=F,2026-08-13,87.06999969482422,2,2026-08-17,87.11503782533623,92.51386675158409,82.03126823499724,10.482598516586847,0.9,90.87000274658203,3.7549649212458007,4.13223815093044,True
mc_variance_reduction,BZ=F,2026-08-13,87.06999969482422,3,2026-08-18,87.13756565496809,93.89931342198136,80.86273623658741,13.036577185393952,0.9,91.0199966430664,3.8824309880983208,4.265470370563974,True
mc_variance_reduction,BZ=F,2026-08-13,87.06999969482422,4,2026-08-19,87.16009925158195,94.7850460615057,80.14853846100654,14.636507600499158,0.9,91.62000274658203,4.459903495000077,4.867827288038865,True
mc_variance_reduction,BZ=F,2026-08-13,87.06999969482422,5,2026-08-20,87.18263871777108,95.9203674870519,79.24086083806135,16.679506648990554,0.9,93.77999877929688,6.597360061525791,7.034932978675023,True
mc_variance_reduction,BZ=F,2026-08-13,87.06999969482422,6,2026-08-21,87.20518426782738,96.6115076334573,78.71468217876931,17.896825454687985,0.9,94.38999938964844,7.18481512182106,7.611839356160653,True
mc_variance_reduction,BZ=F,2026-08-13,87.06999969482422,7,2026-08-24,87.22773510070515,97.3397788783531,78.16617069606887,19.173608182284227,0.9,92.16999816894531,4.942263068240166,5.362116921366453,True
mc_variance_reduction,BZ=F,2026-08-14,88.5199966430664,0,2026-08-14,88.5199966430664,88.5199966430664,88.5199966430664,0.0,0.9,88.5199966430664,0.0,0.0,True
mc_variance_reduction,BZ=F,2026-08-14,88.5199966430664,1,2026-08-17,88.54346867705883,92.62289594942389,84.64371325274139,7.9791826966825,0.9,90.87000274658203,2.3265340695232055,2.5602883231019993,True
mc_variance_reduction,BZ=F,2026-08-14,88.5199966430664,2,2026-08-18,88.56694697834185,94.27097747773102,83.2080487401418,11.062928737589218,0.9,91.0199966430664,2.45304966472456,2.6950667492816534,True
mc_variance_reduction,BZ=F,2026-08-14,88.5199966430664,3,2026-08-19,88.59043142525411,95.38477122199298,82.28005835043963,13.104712871553346,0.9,91.62000274658203,3.0295713213279214,3.306670192651727,True
mc_variance_reduction,BZ=F,2026-08-14,88.5199966430664,4,2026-08-20,88.61392215835414,96.43093783267261,81.43057998796955,15.00035784470306,0.9,93.77999877929688,5.166076620942732,5.508719010650285,True
mc_variance_reduction,BZ=F,2026-08-14,88.5199966430664,5,2026-08-21,88.63741904593093,97.3599475113043,80.69634646114886,16.663601050155435,0.9,94.38999938964844,5.752580343717511,6.094480751049126,True
mc_variance_reduction,BZ=F,2026-08-14,88.5199966430664,6,2026-08-24,88.66092223446965,98.57977659497583,79.7400785915993,18.839698003376526,0.9,92.16999816894531,3.5090759344756606,3.8071780451200743,True
mc_variance_reduction,BZ=F,2026-08-14,88.5199966430664,7,2026-08-25,88.6844316796589,99.25199410501284,79.24201961348423,20.00997449152861,0.9,88.58000183105469,-0.10442984860421234,0.11789325631691391,True
mc_variance_reduction,BZ=F,2026-08-17,90.87000274658203,0,2026-08-17,90.87000274658203,90.87000274658203,90.87000274658203,0.0,0.9,90.87000274658203,0.0,0.0,True
mc_variance_reduction,BZ=F,2026-08-17,90.87000274658203,1,2026-08-18,90.8950489677833,94.764277371889,87.18380113495728,7.580476236931716,0.9,91.0199966430664,0.12494767528311002,0.13727497241412842,True
mc_variance_reduction,BZ=F,2026-08-17,90.87000274658203,2,2026-08-19,90.92010196453352,96.54952560222999,85.61890815712653,10.930617445103465,0.9,91.62000274658203,0.6999007820485161,0.7639170061852313,True
mc_variance_reduction,BZ=F,2026-08-17,90.87000274658203,3,2026-08-20,90.94516186731639,97.83659907532297,84.53914533959994,13.297453735723025,0.9,93.77999877929688,2.8348369119804886,3.0228587640015143,True
mc_variance_reduction,BZ=F,2026-08-17,90.87000274658203,4,2026-08-21,90.97022873047547,98.89606588331026,83.67959270519526,15.216473178114995,0.9,94.38999938964844,3.4197706591729684,3.623022228293401,True
mc_variance_reduction,BZ=F,2026-08-17,90.87000274658203,5,2026-08-24,90.99530261813098,100.14562711358305,82.6810447213745,17.46458239220854,0.9,92.16999816894531,1.1746955508143344,1.2744879832384794,True
mc_variance_reduction,BZ=F,2026-08-17,90.87000274658203,6,2026-08-25,91.02038319285424,100.78935737827611,82.19826344350143,18.591093934774676,0.9,88.58000183105469,-2.4403813617995525,2.75500260934065,True
mc_variance_reduction,BZ=F,2026-08-17,90.87000274658203,7,2026-08-26,91.04547083685807,101.9409500743186,81.3145037922509,20.62644628206769,0.9,87.83999633789062,-3.2054744989674475,3.6492197547880996,True
mc_variance_reduction,BZ=F,2026-08-18,91.0199966430664,0,2026-08-18,91.0199966430664,91.0199966430664,91.0199966430664,0.0,0.9,91.0199966430664,0.0,0.0,True
mc_variance_reduction,BZ=F,2026-08-18,91.0199966430664,1,2026-08-19,91.04513455457989,95.03927942819483,87.21884862338416,7.82043080481067,0.9,91.62000274658203,0.5748681920021426,0.6274483461785189,True
mc_variance_reduction,BZ=F,2026-08-18,91.0199966430664,2,2026-08-20,91.07027943791303,96.70610641259866,85.76289645556135,10.943209957037311,0.9,93.77999877929688,2.7097193413838454,2.8894427134307556,True
mc_variance_reduction,BZ=F,2026-08-18,91.0199966430664,3,2026-08-21,91.09543120101542,98.01291448544728,84.66616510375756,13.346749381689719,0.9,94.38999938964844,3.294568188633022,3.4903784404455998,True
mc_variance_reduction,BZ=F,2026-08-18,91.0199966430664,4,2026-08-24,91.12058994281107,99.04680180617302,83.82867271743048,15.218129088742543,0.9,92.16999816894531,1.049408226134247,1.1385572821762542,True
mc_variance_reduction,BZ=F,2026-08-18,91.0199966430664,5,2026-08-25,91.14575571542048,100.0944391314001,82.99710602328732,17.097333108112778,0.9,88.58000183105469,-2.5657538843657903,2.8965385316421153,True
mc_variance_reduction,BZ=F,2026-08-18,91.0199966430664,6,2026-08-26,91.17092828610505,100.97330392449548,82.32015634559855,18.653147578896935,0.9,87.83999633789062,-3.3309319482144275,3.7920447257323007,True
mc_variance_reduction,BZ=F,2026-08-18,91.0199966430664,7,2026-08-27,91.19610789159945,101.71664572215775,81.76370812929004,19.952937592867713,0.9,89.69999694824219,-1.496110943357266,1.6679052332861697,True
mc_variance_reduction,BZ=F,2026-08-19,91.62000274658203,0,2026-08-19,91.62000274658203,91.62000274658203,91.62000274658203,0.0,0.9,91.62000274658203,0.0,0.0,True
mc_variance_reduction,BZ=F,2026-08-19,91.62000274658203,1,2026-08-20,91.64553886914268,95.66306641209394,87.79673400239452,7.8663324096994245,0.9,93.77999877929688,2.1344599101541917,2.276028937873478,True
mc_variance_reduction,BZ=F,2026-08-19,91.62000274658203,2,2026-08-21,91.67108211344052,97.22821181022398,86.43157311073843,10.796638699485555,0.9,94.38999938964844,2.718917276207918,2.8805141368674447,True
mc_variance_reduction,BZ=F,2026-08-19,91.62000274658203,3,2026-08-24,91.69663249317388,98.79757376580838,85.10606181311832,13.691511952690064,0.9,92.16999816894531,0.47336567577143285,0.5135789141535679,True
mc_variance_reduction,BZ=F,2026-08-19,91.62000274658203,4,2026-08-25,91.72218998504943,100.00601925443944,84.12453761614866,15.88148163829078,0.9,88.58000183105469,-3.142188153994738,3.5472884274576053,True
mc_variance_reduction,BZ=F,2026-08-19,91.62000274658203,5,2026-08-26,91.7477545490693,100.94962984755094,83.38465917226115,17.564970675289786,0.9,87.83999633789062,-3.907758211178674,4.448723103478802,True
mc_variance_reduction,BZ=F,2026-08-19,91.62000274658203,6,2026-08-27,91.77332627628621,101.76617073133393,82.7617211170358,19.004449614298125,0.9,89.69999694824219,-2.073329328044025,2.311404011797634,True
mc_variance_reduction,BZ=F,2026-08-19,91.62000274658203,7,2026-08-28,91.79890517264127,102.73981512931596,82.02310853783808,20.716706591477873,0.9,89.30999755859375,-2.4889076140475197,2.786818589279009,True
mc_variance_reduction,BZ=F,2026-08-20,93.77999877929688,0,2026-08-20,93.77999877929688,93.77999877929688,93.77999877929688,0.0,0.9,93.77999877929688,0.0,0.0,True
mc_variance_reduction,BZ=F,2026-08-20,93.77999877929688,1,2026-08-21,93.80700709011452,97.80565069671016,89.97184229087839,7.833808405831775,0.9,94.38999938964844,0.5829922995339132,0.617642020662889,True
mc_variance_reduction,BZ=F,2026-08-20,93.77999877929688,2,2026-08-24,93.83402318313527,99.63102920537668,88.3743144703152,11.256714735061479,0.9,92.16999816894531,-1.66402501418996,1.8053868365493984,True
mc_variance_reduction,BZ=F,2026-08-20,93.77999877929688,3,2026-08-25,93.86104705140804,100.90531465909667,87.30854462999137,13.5967700291053,0.9,88.58000183105469,-5.281045220353349,5.961893329405985,True
mc_variance_reduction,BZ=F,2026-08-20,93.77999877929688,4,2026-08-26,93.88807873689552,102.11031003557859,86.32792665211913,15.782383383459461,0.9,87.83999633789062,-6.0480823990048975,6.885339994482671,True
mc_variance_reduction,BZ=F,2026-08-20,93.77999877929688,5,2026-08-27,93.91511813876141,103.19909830552788,85.46634186130976,17.732756444218126,0.9,89.69999694824219,-4.215121190519227,4.699131921878877,True
mc_variance_reduction,BZ=F,2026-08-20,93.77999877929688,6,2026-08-28,93.9421653637913,103.9097450326028,84.93072946320525,18.979015569397546,0.9,89.30999755859375,-4.632167805197554,5.186617323730773,True
mc_variance_reduction,BZ=F,2026-08-20,93.77999877929688,7,2026-08-31,93.96922040062853,105.04958016454529,84.05758847011653,20.991991694428762,0.9,90.48999786376953,-3.479222536858998,3.844869730350621,True
mc_variance_reduction,BZ=F,2026-08-21,94.38999938964844,0,2026-08-21,94.38999938964844,94.38999938964844,94.38999938964844,0.0,0.9,94.38999938964844,0.0,0.0,True
mc_variance_reduction,BZ=F,2026-08-21,94.38999938964844,1,2026-08-24,94.41741901043868,98.48776133687021,90.51529760714568,7.972463729724524,0.9,92.16999816894531,-2.2474208414933656,2.438343155192321,True
mc_variance_reduction,BZ=F,2026-08-21,94.38999938964844,2,2026-08-25,94.4448466003521,100.16365994524494,89.05254698245521,11.111112962789733,0.9,88.58000183105469,-5.864844769297406,6.620958058324727,False
mc_variance_reduction,BZ=F,2026-08-21,94.38999938964844,3,2026-08-26,94.47228203343825,101.51334686517342,87.91959251495851,13.593754350214908,0.9,87.83999633789062,-6.632285695547623,7.550416634849884,False
mc_variance_reduction,BZ=F,2026-08-21,94.38999938964844,4,2026-08-27,94.49972554709161,102.90058396080487,86.78471760634105,16.11586635446382,0.9,89.69999694824219,-4.799728598849427,5.350868185222926,True
mc_variance_reduction,BZ=F,2026-08-21,94.38999938964844,5,2026-08-28,94.52717698722756,104.01314636893514,85.90632526735752,18.106821101577623,0.9,89.30999755859375,-5.217179428633813,5.841652190406757,True
mc_variance_reduction,BZ=F,2026-08-21,94.38999938964844,6,2026-08-31,94.55463638969127,105.06640061137112,85.09456126849979,19.971839342871334,0.9,90.48999786376953,-4.064638525921737,4.491809726905895,True
mc_variance_reduction,BZ=F,2026-08-21,94.38999938964844,7,2026-09-01,94.58210381302226,105.70606017112107,84.62877605232758,21.077284118793486,0.9,94.6500015258789,0.0678977128566487,0.0717355644606982,True
mc_variance_reduction,BZ=F,2026-08-24,92.16999816894531,0,2026-08-24,92.16999816894531,92.16999816894531,92.16999816894531,0.0,0.9,92.16999816894531,0.0,0.0,True
mc_variance_reduction,BZ=F,2026-08-24,92.16999816894531,1,2026-08-25,92.19587869784004,96.22424355762654,88.33615880551739,7.888084752109151,0.9,88.58000183105469,-3.6158768667853565,4.082046502642642,True
mc_variance_reduction,BZ=F,2026-08-24,92.16999816894531,2,2026-08-26,92.22176648955335,97.98804217937013,86.79481737365658,11.193224805713541,0.9,87.83999633789062,-4.381770151662721,4.988354205762418,True
mc_variance_reduction,BZ=F,2026-08-24,92.16999816894531,3,2026-08-27,92.2476615745203,99.506136845795,85.51865574219555,13.98748110359945,0.9,89.69999694824219,-2.547664626278106,2.840205923025989,True
mc_variance_reduction,BZ=F,2026-08-24,92.16999816894531,4,2026-08-28,92.27356418598063,100.74019661593938,84.5185028178728,16.221693798066582,0.9,89.30999755859375,-2.963566627386882,3.3182921379463375,True
mc_variance_reduction,BZ=F,2026-08-24,92.16999816894531,5,2026-08-31,92.29947354747013,101.73794272723578,83.73663338638576,18.001309340850014,0.9,90.48999786376953,-1.8094756837005974,1.9996416470522174,True
mc_variance_reduction,BZ=F,2026-08-24,92.16999816894531,6,2026-09-01,92.32539047743745,102.67707930937,83.01733763206902,19.659741677300985,0.9,94.6500015258789,2.3246110484414544,2.4560074072538356,True
mc_variance_reduction,BZ=F,2026-08-24,92.16999816894531,7,2026-09-02,92.35131458082057,103.6064675592182,82.3188503979629,21.287617161255298,0.9,95.62999725341797,3.278682672597398,3.42850859224532,True
mc_variance_reduction,BZ=F,2026-08-25,88.58000183105469,0,2026-08-25,88.58000183105469,88.58000183105469,88.58000183105469,0.0,0.9,88.58000183105469,0.0,0.0,True
mc_variance_reduction,BZ=F,2026-08-25,88.58000183105469,1,2026-08-26,88.60344778856978,92.28577192305227,85.06805322551183,7.217718697540434,0.9,87.83999633789062,-0.7634514506791561,0.8691387551320217,True
mc_variance_reduction,BZ=F,2026-08-25,88.58000183105469,2,2026-08-27,88.62689992951525,94.08812003836232,83.48266906525706,10.605450973105263,0.9,89.69999694824219,1.0730970187269406,1.1963177873307271,True
mc_variance_reduction,BZ=F,2026-08-25,88.58000183105469,3,2026-08-28,88.65035825498794,95.5271900311796,82.26857729052587,13.258612740653732,0.9,89.30999755859375,0.6596393036058146,0.7385951423557525,True
mc_variance_reduction,BZ=F,2026-08-25,88.58000183105469,4,2026-08-31,88.6738227929511,96.54518347322505,81.44421680165884,15.100966671566212,0.9,90.48999786376953,1.8161750708184314,2.007045102987668,True
mc_variance_reduction,BZ=F,2026-08-25,88.58000183105469,5,2026-09-01,88.69729413802023,97.46964525766884,80.71446110098533,16.755184156683512,0.9,94.6500015258789,5.9527073878586805,6.289178332692483,True
mc_variance_reduction,BZ=F,2026-08-25,88.58000183105469,6,2026-09-02,88.72077053727563,98.33491076005002,80.04659853904255,18.288312221007473,0.9,95.62999725341797,6.909226716142342,7.224957559951614,True
mc_variance_reduction,BZ=F,2026-08-25,88.58000183105469,7,2026-09-03,88.74425374708477,99.48087979515255,79.16639475603831,20.31448503911423,0.9,95.5199966430664,6.775742895981637,7.093533431853897,True
mc_variance_reduction,BZ=F,2026-08-26,87.83999633789062,0,2026-08-26,87.83999633789062,87.83999633789062,87.83999633789062,0.0,0.9,87.83999633789062,0.0,0.0,True
mc_variance_reduction,BZ=F,2026-08-26,87.83999633789062,1,2026-08-27,87.86294055487278,91.58568434872876,84.29151757852641,7.294166770202352,0.9,89.69999694824219,1.8370563933694086,2.0480005082156345,True
mc_variance_reduction,BZ=F,2026-08-26,87.83999633789062,2,2026-08-28,87.88589080370662,93.09217394386327,82.97077474074698,10.121399203116297,0.9,89.30999755859375,1.4241067548871342,1.5945658871536956,True
mc_variance_reduction,BZ=F,2026-08-26,87.83999633789062,3,2026-08-31,87.90884699135148,94.44000393850672,81.82936313458269,12.610640803924028,0.9,90.48999786376953,2.58115087241805,2.852415662893383,True
mc_variance_reduction,BZ=F,2026-08-26,87.83999633789062,4,2026-09-01,87.9318097889223,95.51654204031523,80.94936117033649,14.567180869978742,0.9,94.6500015258789,6.718191736956612,7.09793093359829,True
mc_variance_reduction,BZ=F,2026-08-26,87.83999633789062,5,2026-09-02,87.954777342337,96.4190705737179,80.23353480454745,16.185535769170457,0.9,95.62999725341797,7.675219911080973,8.025954336003755,True
mc_variance_reduction,BZ=F,2026-08-26,87.83999633789062,6,2026-09-03,87.97775150929316,97.50797108642017,79.37899600491201,18.12897508150816,0.9,95.5199966430664,7.54224513377325,7.895985551545478,True
mc_variance_reduction,BZ=F,2026-08-26,87.83999633789062,7,2026-09-04,88.00073267318365,98.25465605913502,78.81691412879626,19.43774193033876,0.9,96.27999877929688,8.279266106113226,8.599154768470479,True
mc_variance_reduction,BZ=F,2026-08-27,89.69999694824219,0,2026-08-27,89.69999694824219,89.69999694824219,89.69999694824219,0.0,0.9,89.69999694824219,0.0,0.0,True
mc_variance_reduction,BZ=F,2026-08-27,89.69999694824219,1,2026-08-28,89.72417353084865,93.64086550859012,85.97130399507157,7.669561513518559,0.9,89.30999755859375,-0.41417597225489544,0.46375096134468746,True
mc_variance_reduction,BZ=F,2026-08-27,89.69999694824219,2,2026-08-31,89.74835663227186,95.15737160659688,84.64680548033795,10.510566126258936,0.9,90.48999786376953,0.7416412314976668,0.8195836545539424,True
mc_variance_reduction,BZ=F,2026-08-27,89.69999694824219,3,2026-09-01,89.7725462353776,96.60776754677286,83.42093268583243,13.186834860940436,0.9,94.6500015258789,4.877455290501302,5.153148665473316,True
mc_variance_reduction,BZ=F,2026-08-27,89.69999694824219,4,2026-09-02,89.79674242948767,97.55369187357597,82.65658413253941,14.897107741036564,0.9,95.62999725341797,5.833254823930304,6.099816994109361,True
mc_variance_reduction,BZ=F,2026-08-27,89.69999694824219,5,2026-09-03,89.82094503561842,98.73379446250644,81.71267201802127,17.021122444485172,0.9,95.5199966430664,5.699051607447984,5.966344019822227,True
mc_variance_reduction,BZ=F,2026-08-27,89.69999694824219,6,2026-09-04,89.84515423765714,99.67393629908248,80.98558190838318,18.688354390699303,0.9,96.27999877929688,6.434844541639734,6.683469695913022,True
mc_variance_reduction,BZ=F,2026-08-27,89.69999694824219,7,2026-09-07,89.86936989681605,100.50980904052663,80.35537747642906,20.154431564097578,0.9,,,,
mc_variance_reduction,BZ=F,2026-08-28,89.30999755859375,0,2026-08-28,89.30999755859375,89.30999755859375,89.30999755859375,0.0,0.9,89.30999755859375,0.0,0.0,True
mc_variance_reduction,BZ=F,2026-08-28,89.30999755859375,1,2026-08-31,89.33390291787723,93.13648218240073,85.68657543955943,7.449906742841293,0.9,90.48999786376953,1.1560949458923062,1.2775941796714139,True
mc_variance_reduction,BZ=F,2026-08-28,89.30999755859375,2,2026-09-01,89.35781464089226,94.80450978631939,84.22404233471384,10.580467451605543,0.9,94.6500015258789,5.2921868849866485,5.591322556439342,True
mc_variance_reduction,BZ=F,2026-08-28,89.30999755859375,3,2026-09-02,89.38173298234985,96.23455141122595,83.01690020195055,13.217651209275402,0.9,95.62999725341797,6.248264271068123,6.533791122580839,True
mc_variance_reduction,BZ=F,2026-08-28,89.30999755859375,4,2026-09-03,89.40565737594545,97.29188451255376,82.15866716068123,15.133217351872531,0.9,95.5199966430664,6.114339267120954,6.401109172950102,True
mc_variance_reduction,BZ=F,2026-08-28,89.30999755859375,5,2026-09-04,89.42958853812141,98.25889534474143,81.39366183422302,16.865233510518408,0.9,96.27999877929688,6.850410241175467,7.115091740786887,True
mc_variance_reduction,BZ=F,2026-08-28,89.30999755859375,6,2026-09-07,89.45352567705959,99.36110467055762,80.53385949065088,18.82724517990674,0.9,,,,
mc_variance_reduction,BZ=F,2026-08-28,89.30999755859375,7,2026-09-08,89.47746934851614,100.21288470007204,79.89209728361136,20.320787416460675,0.9,97.91999816894531,8.442528820429175,8.62186374417914,True
mc_variance_reduction,BZ=F,2026-08-31,90.48999786376953,0,2026-08-31,90.48999786376953,90.48999786376953,90.48999786376953,0.0,0.9,90.48999786376953,0.0,0.0,True
mc_variance_reduction,BZ=F,2026-08-31,90.48999786376953,1,2026-09-01,90.51468667141795,94.52028248847657,86.6788405923331,7.841441896143465,0.9,94.6500015258789,4.135314854460958,4.3690594694077145,False
mc_variance_reduction,BZ=F,2026-08-31,90.48999786376953,2,2026-09-02,90.53938216263951,96.08009889810398,85.31818573811724,10.761913159986747,0.9,95.62999725341797,5.090615090778456,5.323240862684966,True
mc_variance_reduction,BZ=F,2026-08-31,90.48999786376953,3,2026-09-03,90.5640844288348,97.16143681695092,84.41469843515533,12.746738381795595,0.9,95.5199966430664,4.955912214231603,5.188350490369643,True
mc_variance_reduction,BZ=F,2026-08-31,90.48999786376953,4,2026-09-04,90.58879341777256,98.39761260799196,83.39968090382958,14.997931704162383,0.9,96.27999877929688,5.691205361524311,5.9110982900719495,True
mc_variance_reduction,BZ=F,2026-08-31,90.48999786376953,5,2026-09-07,90.61350922944058,99.27954314238325,82.70392653973441,16.575616602648836,0.9,,,,
mc_variance_reduction,BZ=F,2026-08-31,90.48999786376953,6,2026-09-08,90.6382316560223,100.07009627470394,82.09534477864163,17.97475149606231,0.9,97.91999816894531,7.281766512923014,7.43644469882392,True
mc_variance_reduction,BZ=F,2026-08-31,90.48999786376953,7,2026-09-09,90.66296098227679,101.02400421363352,81.36454829750826,19.659455916125253,0.9,101.20999908447266,10.54703810219587,10.42094476593466,False
mc_variance_reduction,BZ=F,2026-09-01,94.6500015258789,0,2026-09-01,94.6500015258789,94.6500015258789,94.6500015258789,0.0,0.9,94.6500015258789,0.0,0.0,True
mc_variance_reduction,BZ=F,2026-09-01,94.6500015258789,1,2026-09-02,94.67752392641489,98.55400184873228,90.95352159507857,7.600480253653714,0.9,95.62999725341797,0.9524733270030765,0.995998488297597,True
mc_variance_reduction,BZ=F,2026-09-01,94.6500015258789,2,2026-09-03,94.70505432414211,100.37337525870895,89.35683681365404,11.016538445054906,0.9,95.5199966430664,0.8149423189242953,0.8531640992090112,True
mc_variance_reduction,BZ=F,2026-09-01,94.6500015258789,3,2026-09-04,94.73259276844377,101.7804051572218,88.17280814965268,13.607597007569112,0.9,96.27999877929688,1.5474060108531091,1.6071936336437183,True
mc_variance_reduction,BZ=F,2026-09-01,94.6500015258789,4,2026-09-07,94.760139146804,103.00674712063247,87.17374558615349,15.833001534478981,0.9,,,,
mc_variance_reduction,BZ=F,2026-09-01,94.6500015258789,5,2026-09-08,94.78769356869822,104.26603542846264,86.1709837808875,18.095051647575147,0.9,97.91999816894531,3.132304600247096,3.198840542095196,True
mc_variance_reduction,BZ=F,2026-09-01,94.6500015258789,6,2026-09-09,94.815256073269,104.91382887926228,85.6887319189615,19.22509696030079,0.9,101.20999908447266,6.3947430112036585,6.318291739007358,True
mc_variance_reduction,BZ=F,2026-09-01,94.6500015258789,7,2026-09-10,94.84282668405513,105.95746078577706,84.89408560826308,21.063375177513976,0.9,107.62999725341797,12.787170569362843,11.880675365302737,False
mc_variance_reduction,BZ=F,2026-09-02,95.62999725341797,0,2026-09-02,95.62999725341797,95.62999725341797,95.62999725341797,0.0,0.9,95.62999725341797,0.0,0.0,True
mc_variance_reduction,BZ=F,2026-09-02,95.62999725341797,1,2026-09-03,95.65818900587986,99.77579077185763,91.71051469708414,8.065276074773493,0.9,95.5199966430664,-0.13819236281345582,0.14467375174838523,True
mc_variance_reduction,BZ=F,2026-09-02,95.62999725341797,2,2026-09-04,95.68638907126342,101.7014389921944,90.02709445257844,11.674344539615959,0.9,96.27999877929688,0.5936097080334548,0.6165451968837156,True
mc_variance_reduction,BZ=F,2026-09-02,95.62999725341797,3,2026-09-07,95.71459756578986,102.89370360226755,89.0363923715477,13.857311230719844,0.9,,,,
mc_variance_reduction,BZ=F,2026-09-02,95.62999725341797,4,2026-09-08,95.74281434759739,104.23355302220047,87.94372055950615,16.28983246269432,0.9,97.91999816894531,2.177183821347924,2.223431231679091,True
mc_variance_reduction,BZ=F,2026-09-02,95.62999725341797,5,2026-09-09,95.77103914903378,105.18339658441974,87.20094841458507,17.98244816983467,0.9,101.20999908447266,5.438959935438874,5.373935366701631,True
mc_variance_reduction,BZ=F,2026-09-02,95.62999725341797,6,2026-09-10,95.7992725184425,106.37913597612483,86.27162200040321,20.107513975721616,0.9,107.62999725341797,11.830724734975462,10.992032924724207,False
mc_variance_reduction,BZ=F,2026-09-02,95.62999725341797,7,2026-09-11,95.82751413811673,107.27199570479142,85.60400512155874,21.66799058323268,0.9,104.61000061035156,8.782486472234837,8.395455903826631,True
mc_variance_reduction,BZ=F,2026-09-03,95.5199966430664,0,2026-09-03,95.5199966430664,95.5199966430664,95.5199966430664,0.0,0.9,95.5199966430664,0.0,0.0,True
mc_variance_reduction,BZ=F,2026-09-03,95.5199966430664,1,2026-09-04,95.54810053660957,99.55203407539626,91.70520338134077,7.846830694055498,0.9,96.27999877929688,0.7318982426873077,0.7601768300444641,True
mc_variance_reduction,BZ=F,2026-09-03,95.5199966430664,2,2026-09-07,95.57621270377726,101.38402409826033,90.1011033734012,11.282920724859125,0.9,,,,
mc_variance_reduction,BZ=F,2026-09-03,95.5199966430664,3,2026-09-08,95.60433316494601,102.68941688041618,89.00808663117931,13.681330249236865,0.9,97.91999816894531,2.3156650039992996,2.364854010724132,True
mc_variance_reduction,BZ=F,2026-09-03,95.5199966430664,4,2026-09-09,95.63246184564859,104.20849959127355,87.762205691091,16.446293900182553,0.9,101.20999908447266,5.577537238824064,5.510855932494276,True
mc_variance_reduction,BZ=F,2026-09-03,95.5199966430664,5,2026-09-10,95.66059883190181,105.46485979184375,86.76776497379949,18.697094818044263,0.9,107.62999725341797,11.96939842151616,11.120875896088581,False
mc_variance_reduction,BZ=F,2026-09-03,95.5199966430664,6,2026-09-11,95.68874408643714,106.3925444853136,86.06181748116221,20.3307270041514,0.9,104.61000061035156,8.921256523914423,8.52811057438387,True
mc_variance_reduction,BZ=F,2026-09-03,95.5199966430664,7,2026-09-14,95.71689762517144,107.01691888714609,85.61005682536656,21.406862061779535,0.9,105.68000030517578,9.96310268000434,9.427614166572242,True
mc_variance_reduction,BZ=F,2026-09-04,96.27999877929688,0,2026-09-04,96.27999877929688,96.27999877929688,96.27999877929688,0.0,0.9,96.27999877929688,0.0,0.0,True
mc_variance_reduction,BZ=F,2026-09-04,96.27999877929688,1,2026-09-07,96.30862107646041,100.38982322327436,92.3933342517785,7.9964889714958645,0.9,,,,
mc_variance_reduction,BZ=F,2026-09-04,96.27999877929688,2,2026-09-08,96.33725187085821,102.28396154154697,90.73627926683037,11.547682274716607,0.9,97.91999816894531,1.5827462980871019,1.6163667562128892,True
mc_variance_reduction,BZ=F,2026-09-04,96.27999877929688,3,2026-09-09,96.36589118225072,103.75279593703446,89.50491309250206,14.247882844532398,0.9,101.20999908447266,4.8441079022219355,4.786194986701768,True
mc_variance_reduction,BZ=F,2026-09-04,96.27999877929688,4,2026-09-10,96.39453900769976,104.9560412482737,88.53141791819749,16.424623330076216,0.9,107.62999725341797,11.235458245718206,10.438965467279528,False
mc_variance_reduction,BZ=F,2026-09-04,96.27999877929688,5,2026-09-11,96.42319534964241,105.94832488923655,87.75440877424015,18.193916114996398,0.9,104.61000061035156,8.18680526070915,7.826025440151879,True
mc_variance_reduction,BZ=F,2026-09-04,96.27999877929688,6,2026-09-14,96.45186021302467,107.03810123993672,86.91261734171535,20.125483898221376,0.9,105.68000030517578,9.228140092151108,8.73215373344312,True
mc_variance_reduction,BZ=F,2026-09-04,96.27999877929688,7,2026-09-15,96.48053359811156,107.85376267288547,86.30661682881156,21.54714584407391,0.9,108.75,12.269466401888437,11.282267955759483,False
mc_variance_reduction,BZ=F,2026-09-08,97.91999816894531,0,2026-09-08,97.91999816894531,97.91999816894531,97.91999816894531,0.0,0.9,97.91999816894531,0.0,0.0,True
mc_variance_reduction,BZ=F,2026-09-08,97.91999816894531,1,2026-09-09,97.94975968300128,102.19186243578173,93.88375152141937,8.30811091436236,0.9,101.20999908447266,3.260239401471381,3.2212621588409416,True
mc_variance_reduction,BZ=F,2026-09-08,97.91999816894531,2,2026-09-10,97.97953046127402,103.92894161420068,92.3706928708376,11.55824874336308,0.9,107.62999725341797,9.650466792143945,8.966335629853859,False
mc_variance_reduction,BZ=F,2026-09-08,97.91999816894531,3,2026-09-11,98.00930982589233,105.3507240772107,91.17948557016047,14.171238507050234,0.9,104.61000061035156,6.600690784459232,6.309808570831868,True
mc_variance_reduction,BZ=F,2026-09-08,97.91999816894531,4,2026-09-14,98.03909849487479,106.71239030834204,90.07074816353857,16.64164214480347,0.9,105.68000030517578,7.6409018103009885,7.230225007793427,True
mc_variance_reduction,BZ=F,2026-09-08,97.91999816894531,5,2026-09-15,98.06889622177758,107.68848133005116,89.30860848580566,18.379872844245497,0.9,108.75,10.681103778222422,9.821704623652803,False
mc_variance_reduction,BZ=F,2026-09-08,97.91999816894531,6,2026-09-16,98.09870300513906,108.67321783889435,88.55314778107444,20.120070057819902,0.9,105.83000183105469,7.73129882591563,7.305394209723016,True
mc_variance_reduction,BZ=F,2026-09-08,97.91999816894531,7,2026-09-17,98.12851902520478,109.863182600426,87.64725404984256,22.215928550583442,0.9,104.81999969482422,6.6914806696194375,6.3837823784594505,True
mc_variance_reduction,BZ=F,2026-09-09,101.20999908447266,0,2026-09-09,101.20999908447266,101.20999908447266,101.20999908447266,0.0,0.9,101.20999908447266,0.0,0.0,True
mc_variance_reduction,BZ=F,2026-09-09,101.20999908447266,1,2026-09-10,101.2420891855047,105.64609160338235,97.02167367186773,8.624417931514614,0.9,107.62999725341797,6.387908067913273,5.9350629294106145,False
mc_variance_reduction,BZ=F,2026-09-09,101.20999908447266,2,2026-09-11,101.27418947415057,107.64888049874347,95.27699126433006,12.371889234413402,0.9,104.61000061035156,3.335811136200988,3.1888071090125742,True
mc_variance_reduction,BZ=F,2026-09-09,101.20999908447266,3,2026-09-14,101.30629990002265,109.27839055670934,93.91579024873603,15.36260030797331,0.9,105.68000030517578,4.37370040515313,4.138626412304168,True
mc_variance_reduction,BZ=F,2026-09-09,101.20999908447266,4,2026-09-15,101.33842050622798,110.36475964570775,93.0503133808762,17.314446264831545,0.9,108.75,7.411579493772024,6.8152455115145045,True
mc_variance_reduction,BZ=F,2026-09-09,101.20999908447266,5,2026-09-16,101.37055138774903,111.41573052862941,92.23103977782998,19.184690750799433,0.9,105.83000183105469,4.459450443305656,4.213786606962977,True
mc_variance_reduction,BZ=F,2026-09-09,101.20999908447266,6,2026-09-17,101.40269232630638,112.40422727830305,91.47793000721177,20.926297271091286,0.9,104.81999969482422,3.4173073685178394,3.260167313935394,True
mc_variance_reduction,BZ=F,2026-09-09,101.20999908447266,7,2026-09-18,101.43484430783711,113.4394346506101,90.70062370292442,22.73881094768568,0.9,103.87000274658203,2.4351584387449208,2.344428973094499,True
mc_variance_reduction,BZ=F,2026-09-10,107.62999725341797,0,2026-09-10,107.62999725341797,107.62999725341797,107.62999725341797,0.0,0.9,107.62999725341797,0.0,0.0,True
mc_variance_reduction,BZ=F,2026-09-10,107.62999725341797,1,2026-09-11,107.66676212297676,112.35366383938782,103.17537738469197,9.17828645469585,0.9,104.61000061035156,-3.056761512625201,2.9220547698980917,True
mc_variance_reduction,BZ=F,2026-09-10,107.62999725341797,2,2026-09-14,107.70353953756228,114.27504769472823,101.50993296580543,12.765114728922796,0.9,105.68000030517578,-2.023539232386497,1.9147797374555762,True
mc_variance_reduction,BZ=F,2026-09-10,107.62999725341797,3,2026-09-15,107.74032952932211,115.6842261113438,100.34193121608386,15.34229489525994,0.9,108.75,1.0096704706778894,0.9284326167153005,True
mc_variance_reduction,BZ=F,2026-09-10,107.62999725341797,4,2026-09-16,107.77713255959446,117.01073048324517,99.27217913048973,17.738551352755437,0.9,105.83000183105469,-1.9471307285397756,1.839866479118222,True
mc_variance_reduction,BZ=F,2026-09-10,107.62999725341797,5,2026-09-17,107.81394730326711,118.5161228016518,98.07819336040839,20.437929441243412,0.9,104.81999969482422,-2.9939476084428946,2.856275154702876,True
mc_variance_reduction,BZ=F,2026-09-10,107.62999725341797,6,2026-09-18,107.850775099673,119.11914148303583,97.64836699808897,21.47077448494686,0.9,103.87000274658203,-3.9807723530909698,3.8324561931543433,True
mc_variance_reduction,BZ=F,2026-09-10,107.62999725341797,7,2026-09-21,107.88761519070712,120.22700307642836,96.8146689856952,23.412334090733154,0.9,100.33999633789062,-7.547618852816498,7.522044178076523,True
mc_variance_reduction,BZ=F,2026-09-11,104.61000061035156,0,2026-09-11,104.61000061035156,104.61000061035156,104.61000061035156,0.0,0.9,104.61000061035156,0.0,0.0,True
mc_variance_reduction,BZ=F,2026-09-11,104.61000061035156,1,2026-09-14,104.64452688330041,108.962983800735,100.49722041371103,8.46576338702397,0.9,105.68000030517578,1.0354734218753663,0.9798196620791011,True
mc_variance_reduction,BZ=F,2026-09-11,104.61000061035156,2,2026-09-15,104.67906449656476,110.93508324673344,98.7758445998455,12.159238646887943,0.9,108.75,4.070935503435237,3.7433889686760797,True
mc_variance_reduction,BZ=F,2026-09-11,104.61000061035156,3,2026-09-16,104.71361354239056,112.41801789169857,97.53721923453907,14.880798657159502,0.9,105.83000183105469,1.116388288664126,1.0548882824799628,True
mc_variance_reduction,BZ=F,2026-09-11,104.61000061035156,4,2026-09-17,104.74817486955726,114.01115648797793,96.23777431606307,17.77338217191486,0.9,104.81999969482422,0.07182482526695821,0.06852206208363952,True
mc_variance_reduction,BZ=F,2026-09-11,104.61000061035156,5,2026-09-18,104.78274580109868,114.48079000647151,95.90625482469079,18.574535181780718,0.9,103.87000274658203,-0.9127430545166533,0.8787359491493689,True
mc_variance_reduction,BZ=F,2026-09-11,104.61000061035156,6,2026-09-21,104.81732905851855,115.64167953269724,95.00616489003076,20.63551464266648,0.9,100.33999633789062,-4.477332720627928,4.4621615348187795,True
mc_variance_reduction,BZ=F,2026-09-11,104.61000061035156,7,2026-09-22,104.85192372312673,116.88368040665058,94.05869043711878,22.8249899695318,0.9,99.25,-5.601923723126731,5.6442556404299555,True
mc_variance_reduction,BZ=F,2026-09-14,105.68000030517578,0,2026-09-14,105.68000030517578,105.68000030517578,105.68000030517578,0.0,0.9,105.68000030517578,0.0,0.0,True
mc_variance_reduction,BZ=F,2026-09-14,105.68000030517578,1,2026-09-15,105.715296399373,110.2802590354291,101.3392967204243,8.940962315004796,0.9,108.75,3.0347036006269974,2.790532046553561,True
mc_variance_reduction,BZ=F,2026-09-14,105.68000030517578,2,2026-09-16,105.75060428212886,112.35719264823491,99.53248245497875,12.824710193256166,0.9,105.83000183105469,0.07939754892582584,0.07502366772380371,True
mc_variance_reduction,BZ=F,2026-09-14,105.68000030517578,3,2026-09-17,105.78592395640538,113.90996345431584,98.24128962187265,15.66867383244319,0.9,104.81999969482422,-0.965924261581165,0.9215075981619757,True
mc_variance_reduction,BZ=F,2026-09-14,105.68000030517578,4,2026-09-18,105.82125542927406,114.9997127671177,97.37535728339623,17.624355483721473,0.9,103.87000274658203,-1.9512526826920293,1.8785526437816886,True
mc_variance_reduction,BZ=F,2026-09-14,105.68000030517578,5,2026-09-21,105.856598703093,116.55887932689228,96.1369872624879,20.421892064404375,0.9,100.33999633789062,-5.516602365202374,5.497909673651424,True
mc_variance_reduction,BZ=F,2026-09-14,105.68000030517578,6,2026-09-22,105.89195389846363,117.52235165851411,95.4125382931228,22.109813365391318,0.9,99.25,-6.641953898463626,6.692144985857558,True
mc_variance_reduction,BZ=F,2026-09-14,105.68000030517578,7,2026-09-23,105.92732066144043,118.67031580605077,94.5526873003441,24.117628505706662,0.9,96.30000305175781,-9.62731760968262,9.997214231144188,True
