method,ticker,as_of_date,as_of_price,step_ahead,forecast_date,predicted_price,upper_corridor,lower_corridor,corridor_width,confidence_level,actual_price,prediction_error,abs_pct_error,within_corridor
mle_gbm,BZ=F,2025-09-11,66.37000274658203,0,2025-09-11,66.37000274658203,66.37000274658203,66.37000274658203,0.0,0.9,66.37000274658203,0.0,0.0,True
mle_gbm,BZ=F,2025-09-11,66.37000274658203,1,2025-09-12,66.38089310039024,69.11067291219523,63.75893596642844,5.351736945766788,0.9,66.98999786376953,0.6091047633792925,0.90924732467967,True
mle_gbm,BZ=F,2025-09-11,66.37000274658203,2,2025-09-15,66.39178524114736,70.28553509549486,62.713745317835205,7.57178977765966,0.9,67.44000244140625,1.0482172002588896,1.5542959109018568,True
mle_gbm,BZ=F,2025-09-11,66.37000274658203,3,2025-09-16,66.40267916914665,71.20328135123279,61.925738774457216,9.277542576775573,0.9,68.47000122070312,2.0673220515564736,3.0193106684674365,True
mle_gbm,BZ=F,2025-09-11,66.37000274658203,4,2025-09-17,66.41357488468135,71.98813438796329,61.27069365615725,10.717440731806036,0.9,67.94999694824219,1.5364220635608348,2.261106891191083,True
mle_gbm,BZ=F,2025-09-11,66.37000274658203,5,2025-09-18,66.42447238804478,72.68818808325462,60.70051611379451,11.98767196946011,0.9,67.44000244140625,1.0155300533614735,1.5058274267468987,True
mle_gbm,BZ=F,2025-09-11,66.37000274658203,6,2025-09-19,66.43537167953022,73.32809676844236,60.190551844471116,13.137544923971248,0.9,66.68000030517578,0.24462862564556076,0.3668695628763703,True
mle_gbm,BZ=F,2025-09-11,66.37000274658203,7,2025-09-22,66.4462727594312,73.92249975831476,59.72616156184735,14.196338196467408,0.9,66.56999969482422,0.12372693539302304,0.18585990079648856,True
mle_gbm,BZ=F,2025-09-12,66.98999786376953,0,2025-09-12,66.98999786376953,66.98999786376953,66.98999786376953,0.0,0.9,66.98999786376953,0.0,0.0,True
mle_gbm,BZ=F,2025-09-12,66.98999786376953,1,2025-09-15,67.00126194641604,69.75601520166074,64.35529738094013,5.400717820720615,0.9,67.44000244140625,0.4387404949902134,0.6505641742397672,True
mle_gbm,BZ=F,2025-09-12,66.98999786376953,2,2025-09-16,67.01252792307002,70.94190939706657,63.300789854775566,7.641119542291001,0.9,68.47000122070312,1.4574732976331006,2.1286304537006604,True
mle_gbm,BZ=F,2025-09-12,66.98999786376953,3,2025-09-17,67.0237957940499,71.86834178547502,62.50581397928396,9.362527806191068,0.9,67.94999694824219,0.9262011541922845,1.3630628341275366,True
mle_gbm,BZ=F,2025-09-12,66.98999786376953,4,2025-09-18,67.03506555967434,72.6606704114131,61.84501173944568,10.815658671967412,0.9,67.44000244140625,0.40493688173191345,0.6004401943545803,True
mle_gbm,BZ=F,2025-09-12,66.98999786376953,5,2025-09-19,67.04633722026182,73.36742850005234,61.26984993960718,12.097578560445164,0.9,66.68000030517578,-0.3663369150860376,0.5493954910159203,True
mle_gbm,BZ=F,2025-09-12,66.98999786376953,6,2025-09-22,67.057610776131,74.0134955039332,60.75544915675706,13.25804634717614,0.9,66.56999969482422,-0.4876110813067811,0.7324787194564049,True
mle_gbm,BZ=F,2025-09-12,66.98999786376953,7,2025-09-23,67.06888622760056,74.61364435209262,60.287036491398375,14.326607860694246,0.9,67.62999725341797,0.5611110258174108,0.8296777297134263,True
mle_gbm,BZ=F,2025-09-15,67.44000244140625,0,2025-09-15,67.44000244140625,67.44000244140625,67.44000244140625,0.0,0.9,67.44000244140625,0.0,0.0,True
mle_gbm,BZ=F,2025-09-15,67.44000244140625,1,2025-09-16,67.45153776948547,70.22422013227609,64.78832999353183,5.435890138744256,0.9,68.47000122070312,1.0184634512176558,1.4874593735361366,True
mle_gbm,BZ=F,2025-09-15,67.44000244140625,2,2025-09-17,67.46307507063388,71.41803517886095,63.727131201351135,7.690903977509812,0.9,67.94999694824219,0.4869218776083102,0.7165885202014074,True
mle_gbm,BZ=F,2025-09-15,67.44000244140625,3,2025-09-18,67.47461434518908,72.35070386868583,62.92714980762623,9.423554061059598,0.9,67.44000244140625,-0.03461190378283163,0.0513225126480436,True
mle_gbm,BZ=F,2025-09-15,67.44000244140625,4,2025-09-19,67.48615559348848,73.1483995150254,62.26221252938036,10.88618698564504,0.9,66.68000030517578,-0.806155288312695,1.2089911287089785,True
mle_gbm,BZ=F,2025-09-15,67.44000244140625,5,2025-09-22,67.49769881586973,73.85997083286138,61.68347068194154,12.176500150919836,0.9,66.56999969482422,-0.9276991210455066,1.393569363524625,True
mle_gbm,BZ=F,2025-09-15,67.44000244140625,6,2025-09-23,67.50924401267051,74.51045893159454,61.16588318622986,13.34457574536468,0.9,67.62999725341797,0.12075324074746163,0.17854982352724974,True
mle_gbm,BZ=F,2025-09-15,67.44000244140625,7,2025-09-24,67.52079118422859,75.11473268721114,60.69458119659147,14.420151490619673,0.9,69.30999755859375,1.7892063743651647,2.5814549666555586,True
mle_gbm,BZ=F,2025-09-16,68.47000122070312,0,2025-09-16,68.47000122070312,68.47000122070312,68.47000122070312,0.0,0.9,68.47000122070312,0.0,0.0,True
mle_gbm,BZ=F,2025-09-16,68.47000122070312,1,2025-09-17,68.48216845084387,71.29681717343004,65.77863615316467,5.518181020265374,0.9,67.94999694824219,-0.5321715026016847,0.7831810544554433,True
mle_gbm,BZ=F,2025-09-16,68.47000122070312,2,2025-09-18,68.49433784312117,72.50918084572935,64.7017972323975,7.807383613331851,0.9,67.44000244140625,-1.0543354017149227,1.563367976789382,True
mle_gbm,BZ=F,2025-09-16,68.47000122070312,3,2025-09-19,68.50650939791913,73.45645727719547,63.89011945099845,9.566337826197021,0.9,66.68000030517578,-1.8265090927433505,2.739215783419207,True
mle_gbm,BZ=F,2025-09-16,68.47000122070312,4,2025-09-22,68.51868311562215,74.26672714350084,63.21552216549901,11.051204978001834,0.9,66.56999969482422,-1.9486834207979342,2.927269685641058,True
mle_gbm,BZ=F,2025-09-16,68.47000122070312,5,2025-09-23,68.53085899661448,74.98957725349442,62.62841859926615,12.36115865422827,0.9,67.62999725341797,-0.9008617431965149,1.3320446248443194,True
mle_gbm,BZ=F,2025-09-16,68.47000122070312,6,2025-09-24,68.54303704128058,75.65042691048703,62.1033894812176,13.54703742926943,0.9,69.30999755859375,0.7669605173131657,1.106565494631258,True
mle_gbm,BZ=F,2025-09-16,68.47000122070312,7,2025-09-25,68.555217250005,76.26436945401099,61.62534150406202,14.639027949948968,0.9,69.41999816894531,0.864780918940312,1.2457230506340855,True
mle_gbm,BZ=F,2025-09-17,67.94999694824219,0,2025-09-17,67.94999694824219,67.94999694824219,67.94999694824219,0.0,0.9,67.94999694824219,0.0,0.0,True
mle_gbm,BZ=F,2025-09-17,67.94999694824219,1,2025-09-18,67.96183644580928,70.75453092591317,65.2793701356493,5.475160790263871,0.9,67.44000244140625,-0.5218340044030327,0.7737751861091889,True
mle_gbm,BZ=F,2025-09-17,67.94999694824219,2,2025-09-19,67.97367800627133,71.95718473053479,64.2106958325677,7.746488897967097,0.9,66.68000030517578,-1.2936777010955467,1.9401285170587048,True
mle_gbm,BZ=F,2025-09-17,67.94999694824219,3,2025-09-22,67.98552162998764,72.89681122955425,63.40512120271769,9.491690026836558,0.9,66.56999969482422,-1.4155219351634258,2.126366143386781,True
mle_gbm,BZ=F,2025-09-17,67.94999694824219,4,2025-09-23,67.99736731731781,73.70049402646525,62.73556267378516,10.96493135268009,0.9,67.62999725341797,-0.36737006389984117,0.5432057944986455,True
mle_gbm,BZ=F,2025-09-17,67.94999694824219,5,2025-09-24,68.00921506862143,74.41743410042345,62.15281929780598,12.264614802617466,0.9,69.30999755859375,1.3007824899723204,1.8767602594021968,True
mle_gbm,BZ=F,2025-09-17,67.94999694824219,6,2025-09-25,68.02106488425801,75.07285306247365,61.63166949493825,13.441183567535404,0.9,69.41999816894531,1.3989332846873026,2.0151733240942495,True
mle_gbm,BZ=F,2025-09-17,67.94999694824219,7,2025-09-26,68.03291676458731,75.68172692129144,61.157137287721454,14.524589633569988,0.9,70.12999725341797,2.097080488830656,2.99027601734071,True
mle_gbm,BZ=F,2025-09-18,67.44000244140625,0,2025-09-18,67.44000244140625,67.44000244140625,67.44000244140625,0.0,0.9,67.44000244140625,0.0,0.0,True
mle_gbm,BZ=F,2025-09-18,67.44000244140625,1,2025-09-19,67.45152241503128,70.22268180954374,64.78971977238173,5.432962037162014,0.9,66.68000030517578,-0.7715221098554963,1.1570517491368546,True
mle_gbm,BZ=F,2025-09-18,67.44000244140625,2,2025-09-22,67.46304435647637,71.41581316508298,63.72905596304444,7.686757202038542,0.9,66.56999969482422,-0.893044661652155,1.3415121912965682,True
mle_gbm,BZ=F,2025-09-18,67.44000244140625,3,2025-09-23,67.47456826607778,72.34793787241456,62.92946967918386,9.418468193230702,0.9,67.62999725341797,0.15542898734018706,0.22982255456521078,True
mle_gbm,BZ=F,2025-09-18,67.44000244140625,4,2025-09-24,67.48609414417155,73.14516149019089,62.26485539233853,10.880306097852355,0.9,69.30999755859375,1.8239034144222046,2.6315156235293484,True
mle_gbm,BZ=F,2025-09-18,67.44000244140625,5,2025-09-25,67.49762199109401,73.8563065292081,61.68639062191494,12.16991590729316,0.9,69.41999816894531,1.922376177851305,2.7691965262990608,True
mle_gbm,BZ=F,2025-09-18,67.44000244140625,6,2025-09-26,67.50915180718148,74.50640067931708,61.169047708276004,13.337352971041078,0.9,70.12999725341797,2.620845446236487,3.7371246953938146,True
mle_gbm,BZ=F,2025-09-18,67.44000244140625,7,2025-09-29,67.52068359277037,75.11030485604704,60.69796576611774,14.412339089929297,0.9,67.97000122070312,0.4493176279327571,0.6610528466430254,True
mle_gbm,BZ=F,2025-09-19,66.68000030517578,0,2025-09-19,66.68000030517578,66.68000030517578,66.68000030517578,0.0,0.9,66.68000030517578,0.0,0.0,True
mle_gbm,BZ=F,2025-09-19,66.68000030517578,1,2025-09-22,66.6910502252481,69.43048357180506,64.05970333688882,5.370780234916239,0.9,66.56999969482422,-0.12105053042388647,0.18183946369057605,True
mle_gbm,BZ=F,2025-09-19,66.68000030517578,2,2025-09-23,66.70210197646526,70.60959124286572,63.01085064740844,7.598740595457279,0.9,67.62999725341797,0.9278952769527109,1.372017321656502,True
mle_gbm,BZ=F,2025-09-19,66.68000030517578,3,2025-09-24,66.71315555913058,71.53066999142811,62.22009559242348,9.31057439900463,0.9,69.30999755859375,2.596841999463166,3.746706234216543,True
mle_gbm,BZ=F,2025-09-19,66.68000030517578,4,2025-09-25,66.72421097354767,72.31838414045257,61.56277387774387,10.755610262708693,0.9,69.41999816894531,2.695787195397642,3.88330058557044,True
mle_gbm,BZ=F,2025-09-19,66.68000030517578,5,2025-09-26,66.73526822001998,73.02099848867215,60.99062073341685,12.030377755255302,0.9,70.12999725341797,3.3947290333979936,4.840623365677577,True
mle_gbm,BZ=F,2025-09-19,66.68000030517578,6,2025-09-29,66.7463272988512,73.66325496046775,60.47889426385292,13.184360696614831,0.9,67.97000122070312,1.2236739218519261,1.8003146974774582,True
mle_gbm,BZ=F,2025-09-19,66.68000030517578,7,2025-09-30,66.75738821034489,74.25984486667822,60.012903187014736,14.246941679663486,0.9,67.0199966430664,0.262608432721521,0.3918359383395901,True
mle_gbm,BZ=F,2025-09-22,66.56999969482422,0,2025-09-22,66.56999969482422,66.56999969482422,66.56999969482422,0.0,0.9,66.56999969482422,0.0,0.0,True
mle_gbm,BZ=F,2025-09-22,66.56999969482422,1,2025-09-23,66.58097776878685,69.31527464410242,63.95454138224158,5.360733261860837,0.9,67.62999725341797,1.049019484631117,1.5511156694274453,True
mle_gbm,BZ=F,2025-09-22,66.56999969482422,2,2025-09-24,66.59195765314614,70.49210990454277,62.9075910776879,7.584518826854875,0.9,69.30999755859375,2.718039905447611,3.921569760769096,True
mle_gbm,BZ=F,2025-09-22,66.56999969482422,3,2025-09-25,66.60293934820075,71.41139723314038,62.118257052691945,9.293140180448432,0.9,69.41999816894531,2.8170588207445633,4.057993222484354,True
mle_gbm,BZ=F,2025-09-22,66.56999969482422,4,2025-09-26,66.61392285424917,72.19756811586566,61.4621078498172,10.735460266048463,0.9,70.12999725341797,3.516074399168801,5.013652555073265,True
mle_gbm,BZ=F,2025-09-22,66.56999969482422,5,2025-09-29,66.62490817159015,72.89879725485537,60.890968795471736,12.007828459383632,0.9,67.97000122070312,1.3450930491129753,1.9789510445135474,True
mle_gbm,BZ=F,2025-09-22,66.56999969482422,6,2025-09-30,66.63589530052228,73.53978041188593,60.3801441564339,13.159636255452028,0.9,67.0199966430664,0.38410134254412753,0.5731145356359324,True
mle_gbm,BZ=F,2025-09-22,66.56999969482422,7,2025-10-01,66.64688424134442,74.13518150092776,59.91497004729903,14.220211453628728,0.9,65.3499984741211,-1.2968857672233298,1.9845230260210376,True
mle_gbm,BZ=F,2025-09-23,67.62999725341797,0,2025-09-23,67.62999725341797,67.62999725341797,67.62999725341797,0.0,0.9,67.62999725341797,0.0,0.0,True
mle_gbm,BZ=F,2025-09-23,67.62999725341797,1,2025-09-24,67.64161863796718,70.41910140216356,64.97368584461397,5.445415557549595,0.9,69.30999755859375,1.6683789206265658,2.407125926120745,True
mle_gbm,BZ=F,2025-09-23,67.62999725341797,2,2025-09-25,67.6532420195087,71.6150168912157,63.91063431155355,7.704382579662152,0.9,69.41999816894531,1.7667561494366169,2.5450247710132703,True
mle_gbm,BZ=F,2025-09-23,67.62999725341797,3,2025-09-26,67.66486739838554,72.54932883020007,63.10925757503623,9.440071255163836,0.9,70.12999725341797,2.46512985503243,3.5150861993115012,True
mle_gbm,BZ=F,2025-09-23,67.62999725341797,4,2025-09-29,67.67649477494099,73.3484315403759,62.44316134423973,10.905270196136165,0.9,67.97000122070312,0.2935064457621337,0.4318176261452441,True
mle_gbm,BZ=F,2025-09-23,67.62999725341797,5,2025-09-30,67.68812414951832,74.06125928982804,61.86341138152745,12.197847908300595,0.9,67.0199966430664,-0.6681275064519099,0.9969076990710822,True
mle_gbm,BZ=F,2025-09-23,67.62999725341797,6,2025-10-01,67.6997555224609,74.71289703914032,61.344922756775404,13.367974282364912,0.9,65.3499984741211,-2.3497570483398107,3.5956497371156413,True
mle_gbm,BZ=F,2025-09-23,67.62999725341797,7,2025-10-02,67.71138889411206,75.31823969898853,60.872800589778684,14.44543910920985,0.9,64.11000061035156,-3.6013882837604996,5.617514037550951,True
mle_gbm,BZ=F,2025-09-24,69.30999755859375,0,2025-09-24,69.30999755859375,69.30999755859375,69.30999755859375,0.0,0.9,69.30999755859375,0.0,0.0,True
mle_gbm,BZ=F,2025-09-24,69.30999755859375,1,2025-09-25,69.32265567590983,72.16915926685354,66.58842417979953,5.580735087054009,0.9,69.41999816894531,0.09734249303548381,0.14022255200667738,True
mle_gbm,BZ=F,2025-09-24,69.30999755859375,2,2025-09-26,69.3353161049838,73.39558537288927,65.49966234282219,7.895923030067081,0.9,70.12999725341797,0.7946811484341652,1.1331543983419081,True
mle_gbm,BZ=F,2025-09-24,69.30999755859375,3,2025-09-29,69.34797884623787,74.3539277067895,64.67906025116567,9.67486745562384,0.9,67.97000122070312,-1.37797762553474,2.0273320594189115,True
mle_gbm,BZ=F,2025-09-24,69.30999755859375,4,2025-09-30,69.3606439000943,75.17371702566824,63.997087181321575,11.176629844346664,0.9,67.0199966430664,-2.3406472570278964,3.4924610180058093,True
mle_gbm,BZ=F,2025-09-24,69.30999755859375,5,2025-10-01,69.37331126697545,75.90510130198864,63.40359519444546,12.501506107543179,0.9,65.3499984741211,-4.023312792854355,6.1565614182035615,True
mle_gbm,BZ=F,2025-09-24,69.30999755859375,6,2025-10-02,69.38598094730374,76.57378738704865,62.87287747287116,13.700909914177494,0.9,64.11000061035156,-5.275980336952173,8.229574616632094,True
mle_gbm,BZ=F,2025-09-24,69.30999755859375,7,2025-10-03,69.39865294150168,77.19503929116384,62.389670039928134,14.805369251235703,0.9,64.52999877929688,-4.868654162204805,7.544791963899453,True
mle_gbm,BZ=F,2025-09-25,69.41999816894531,0,2025-09-25,69.41999816894531,69.41999816894531,69.41999816894531,0.0,0.9,69.41999816894531,0.0,0.0,True
mle_gbm,BZ=F,2025-09-25,69.41999816894531,1,2025-09-26,69.4327195048193,72.28310073037629,66.69473900707993,5.588361723296359,0.9,70.12999725341797,0.6972777485986654,0.9942646170069283,True
mle_gbm,BZ=F,2025-09-25,69.41999816894531,2,2025-09-29,69.44544317190031,73.5112384486651,65.6045208748515,7.906717573813594,0.9,67.97000122070312,-1.4754419511971832,2.1707252092085816,True
mle_gbm,BZ=F,2025-09-25,69.41999816894531,3,2025-09-30,69.45816917061546,74.47092699757603,64.78282813225715,9.688098865318878,0.9,67.0199966430664,-2.4381725275490567,3.637977692738812,True
mle_gbm,BZ=F,2025-09-25,69.41999816894531,4,2025-10-01,69.47089750139216,75.29187394210682,64.0999532480741,11.191920694032717,0.9,65.3499984741211,-4.120899027271065,6.30589001299359,True
mle_gbm,BZ=F,2025-09-25,69.41999816894531,5,2025-10-02,69.4836281646577,76.02429567888413,63.50567985946354,12.518615819420589,0.9,64.11000061035156,-5.37362755430614,8.381886606063272,True
mle_gbm,BZ=F,2025-09-25,69.41999816894531,6,2025-10-03,69.49636116083951,76.69393412152338,62.97426608661118,13.719668034912203,0.9,64.52999877929688,-4.966362381542638,7.696207152472461,True
mle_gbm,BZ=F,2025-09-25,69.41999816894531,7,2025-10-06,69.50909649036504,77.31607409165733,62.49042714169853,14.825646949958795,0.9,65.47000122070312,-4.039095269661914,6.169383220333069,True
mle_gbm,BZ=F,2025-09-26,70.12999725341797,0,2025-09-26,70.12999725341797,70.12999725341797,70.12999725341797,0.0,0.9,70.12999725341797,0.0,0.0,True
mle_gbm,BZ=F,2025-09-26,70.12999725341797,1,2025-09-29,70.14315882939368,73.02216372196828,67.3776628873759,5.644500834592378,0.9,67.97000122070312,-2.173157608690559,3.197230498251974,True
mle_gbm,BZ=F,2025-09-26,70.12999725341797,2,2025-09-30,70.15632287545473,74.26295881332948,66.27677806074186,7.9861807525876145,0.9,67.0199966430664,-3.1363262323883276,4.67968724184172,True
mle_gbm,BZ=F,2025-09-26,70.12999725341797,3,2025-10-01,70.1694893920648,75.23261635277646,65.44710898335497,9.785507369421495,0.9,65.3499984741211,-4.81949091794371,7.374890635769872,False
mle_gbm,BZ=F,2025-09-26,70.12999725341797,4,2025-10-02,70.1826583796875,76.06214509415301,64.75764693649899,11.304498157654024,0.9,64.11000061035156,-6.072657769335933,9.472247249293284,False
mle_gbm,BZ=F,2025-09-26,70.12999725341797,5,2025-10-03,70.19582983878651,76.80226495383631,64.15767203893823,12.644592914898084,0.9,64.52999877929688,-5.6658310594896335,8.780150575963438,True
mle_gbm,BZ=F,2025-09-26,70.12999725341797,6,2025-10-06,70.20900376982578,77.47897584405969,63.621184413595216,13.857791430464474,0.9,65.47000122070312,-4.7390025491226595,7.2384335737939125,True
mle_gbm,BZ=F,2025-09-26,70.12999725341797,7,2025-10-07,70.22218017326911,78.10771571165877,63.13274614880358,14.974969562855193,0.9,65.44999694824219,-4.772183225026922,7.291342165838084,True
mle_gbm,BZ=F,2025-09-29,67.97000122070312,0,2025-09-29,67.97000122070312,67.97000122070312,67.97000122070312,0.0,0.9,67.97000122070312,0.0,0.0,True
mle_gbm,BZ=F,2025-09-29,67.97000122070312,1,2025-09-30,67.9818111469945,70.7725167873178,65.3011487596805,5.471368027637297,0.9,67.0199966430664,-0.9618145039280961,1.4351157148671705,True
mle_gbm,BZ=F,2025-09-29,67.97000122070312,2,2025-10-01,67.9936231252846,71.97425776911705,64.23314291803571,7.741114851081335,0.9,65.3499984741211,-2.643624651163506,4.045332383917949,True
mle_gbm,BZ=F,2025-09-29,67.97000122070312,3,2025-10-02,68.00543715593008,72.9131517479609,63.42805614487091,9.485095603089988,0.9,64.11000061035156,-3.8954365455785194,6.076176116818723,True
mle_gbm,BZ=F,2025-09-29,67.97000122070312,4,2025-10-03,68.01725323928747,73.71619470922573,62.758892485783264,10.957302223442468,0.9,64.52999877929688,-3.487254459990595,5.404082637468465,True
mle_gbm,BZ=F,2025-09-29,67.97000122070312,5,2025-10-06,68.02907137571344,74.43255376452363,62.17648486014609,12.256068904377543,0.9,65.47000122070312,-2.5590701550103176,3.9087675382554914,True
mle_gbm,BZ=F,2025-09-29,67.97000122070312,6,2025-10-07,68.04089156556465,75.08743319006112,61.6556290227499,13.43180416731122,0.9,65.44999694824219,-2.590894617322462,3.958586307301649,True
mle_gbm,BZ=F,2025-09-29,67.97000122070312,7,2025-10-08,68.052713809198,75.69579871688379,61.18135927355813,14.514439443325656,0.9,66.25,-1.8027138091979964,2.7210774478460324,True
mle_gbm,BZ=F,2025-09-30,67.0199966430664,0,2025-09-30,67.0199966430664,67.0199966430664,67.0199966430664,0.0,0.9,67.0199966430664,0.0,0.0,True
mle_gbm,BZ=F,2025-09-30,67.0199966430664,1,2025-10-01,67.03121924896323,69.78249230231704,64.3884190111305,5.394073291186544,0.9,65.3499984741211,-1.6812207748421315,2.5726408784965815,True
mle_gbm,BZ=F,2025-09-30,67.0199966430664,2,2025-10-02,67.04244373410339,70.96680255552239,63.33509612926271,7.631706426259683,0.9,64.11000061035156,-2.932443123751824,4.574080636147015,True
mle_gbm,BZ=F,2025-09-30,67.0199966430664,3,2025-10-03,67.05367009880158,71.8919672769781,62.54098815235411,9.350979124623983,0.9,64.52999877929688,-2.5236713195047003,3.910849786524974,True
mle_gbm,BZ=F,2025-09-30,67.0199966430664,4,2025-10-06,67.06489834337253,72.68319092588798,61.88089065039824,10.802300275489742,0.9,65.47000122070312,-1.5948971226694084,2.436073152485394,True
mle_gbm,BZ=F,2025-09-30,67.0199966430664,5,2025-10-07,67.07612846813106,73.38894734975553,61.30632980509986,12.082617544655669,0.9,65.44999694824219,-1.6261315198888724,2.484540253187202,True
mle_gbm,BZ=F,2025-09-30,67.0199966430664,6,2025-10-08,67.08736047339191,74.03408560353395,60.792456590724605,13.241629012809348,0.9,66.25,-0.8373604733919109,1.263940337195337,True
mle_gbm,BZ=F,2025-09-30,67.0199966430664,7,2025-10-09,67.09859435947011,74.63336059062298,60.3245161331028,14.308844457520188,0.9,65.22000122070312,-1.8785931387669876,2.8803942097606954,True
mle_gbm,BZ=F,2025-10-01,65.3499984741211,0,2025-10-01,65.3499984741211,65.3499984741211,65.3499984741211,0.0,0.9,65.3499984741211,0.0,0.0,True
mle_gbm,BZ=F,2025-10-01,65.3499984741211,1,2025-10-02,65.36020779610028,68.04294217792884,62.78324579173045,5.259696386198385,0.9,64.11000061035156,-1.250207185748721,1.9500969799505126,True
mle_gbm,BZ=F,2025-10-01,65.3499984741211,2,2025-10-03,65.37041871303366,69.19697300463112,61.75547075493237,7.44150224969875,0.9,64.52999877929688,-0.8404199337367828,1.3023709121879208,True
mle_gbm,BZ=F,2025-10-01,65.3499984741211,3,2025-10-06,65.38063122517043,70.09829389507527,60.98047044911092,9.117823445964355,0.9,65.47000122070312,0.08936999553269231,0.13650526022051068,True
mle_gbm,BZ=F,2025-10-01,65.3499984741211,4,2025-10-07,65.39084533275978,70.86899461526278,60.33615513450524,10.532839480757538,0.9,65.44999694824219,0.05915161548240633,0.0903768040343583,True
mle_gbm,BZ=F,2025-10-01,65.3499984741211,5,2025-10-08,65.40106103605098,71.55634370850765,59.77525629405124,11.781087414456415,0.9,66.25,0.8489389639490241,1.2814173040739987,True
mle_gbm,BZ=F,2025-10-01,65.3499984741211,6,2025-10-09,65.41127833529332,72.18457263666927,59.27354249214873,12.911030144520545,0.9,65.22000122070312,-0.1912771145901928,0.2932798390219513,True
mle_gbm,BZ=F,2025-10-01,65.3499984741211,7,2025-10-10,65.42149723073611,72.76806975042335,58.816625404390535,13.951444346032815,0.9,62.72999954223633,-2.69149768849978,4.290606899634337,True
mle_gbm,BZ=F,2025-10-02,64.11000061035156,0,2025-10-02,64.11000061035156,64.11000061035156,64.11000061035156,0.0,0.9,64.11000061035156,0.0,0.0,True
mle_gbm,BZ=F,2025-10-02,64.11000061035156,1,2025-10-03,64.11946923389324,66.75105370727454,61.59163198929595,5.159421717978589,0.9,64.52999877929688,0.41052954540363373,0.6361840278468186,True
mle_gbm,BZ=F,2025-10-02,64.11000061035156,2,2025-10-06,64.12893925588807,67.88250052393735,60.582931069770865,7.2995694541664875,0.9,65.47000122070312,1.3410619648150544,2.0483609894770853,True
mle_gbm,BZ=F,2025-10-02,64.11000061035156,3,2025-10-07,64.13841067654262,68.7660400922188,59.82219884402396,8.943841248194843,0.9,65.44999694824219,1.3115862716995679,2.0039516162800886,True
mle_gbm,BZ=F,2025-10-02,64.11000061035156,4,2025-10-08,64.14788349606339,69.52143786671998,59.18966988158849,10.331767985131485,0.9,66.25,2.102116503936614,3.1730060436779075,True
mle_gbm,BZ=F,2025-10-02,64.11000061035156,5,2025-10-09,64.15735771465701,70.19506293491654,58.63897511913177,11.556087815784764,0.9,65.22000122070312,1.0626435060461148,1.6293215059137323,True
mle_gbm,BZ=F,2025-10-02,64.11000061035156,6,2025-10-10,64.16683333253012,70.81068587689867,58.14634400071468,12.664341876183997,0.9,62.72999954223633,-1.4368337902937895,2.2905050227624573,True
mle_gbm,BZ=F,2025-10-02,64.11000061035156,7,2025-10-13,64.17631034988939,71.38242149923748,57.697661743925515,13.684759755311966,0.9,63.31999969482422,-0.8563106550651725,1.3523541680231046,True
mle_gbm,BZ=F,2025-10-03,64.52999877929688,0,2025-10-03,64.52999877929688,64.52999877929688,64.52999877929688,0.0,0.9,64.52999877929688,0.0,0.0,True
mle_gbm,BZ=F,2025-10-03,64.52999877929688,1,2025-10-06,64.53971128914814,67.18798728733013,61.99581951269547,5.192167774634662,0.9,65.47000122070312,0.9302899315549809,1.4209407579189135,True
mle_gbm,BZ=F,2025-10-03,64.52999877929688,2,2025-10-07,64.54942526084429,68.3267985549916,60.98087997130272,7.345918583688878,0.9,65.44999694824219,0.9005716873978997,1.3759690288604156,True
mle_gbm,BZ=F,2025-10-03,64.52999877929688,3,2025-10-08,64.55914069460533,69.21613396134984,60.21547880084121,9.000655160508629,0.9,66.25,1.6908593053946674,2.552240460973083,True
mle_gbm,BZ=F,2025-10-03,64.52999877929688,4,2025-10-09,64.56885759065138,69.97651804682943,59.57909148568615,10.397426561143277,0.9,65.22000122070312,0.6511436300517488,0.9983802788477301,True
mle_gbm,BZ=F,2025-10-03,64.52999877929688,5,2025-10-10,64.57857594920242,70.65461365449241,59.0250552075836,11.62955844690881,0.9,62.72999954223633,-1.8485764069660888,2.946877762563087,True
mle_gbm,BZ=F,2025-10-03,64.52999877929688,6,2025-10-13,64.58829577047862,71.27434188820128,58.52944888748806,12.744893000713219,0.9,63.31999969482422,-1.2682960756544048,2.0029944437256137,True
mle_gbm,BZ=F,2025-10-03,64.52999877929688,7,2025-10-14,64.59801705470014,71.84990689577462,58.07806840240641,13.771838493368215,0.9,62.38999938964844,-2.208017665051699,3.539057039032519,True
mle_gbm,BZ=F,2025-10-06,65.47000122070312,0,2025-10-06,65.47000122070312,65.47000122070312,65.47000122070312,0.0,0.9,65.47000122070312,0.0,0.0,True
mle_gbm,BZ=F,2025-10-06,65.47000122070312,1,2025-10-07,65.48026876280493,68.16674119690369,62.89967104139525,5.267070155508435,0.9,65.44999694824219,-0.030271814562738086,0.04625181967033095,True
mle_gbm,BZ=F,2025-10-06,65.47000122070312,2,2025-10-08,65.49053791514686,69.32241226085081,61.87047473588086,7.451937524969949,0.9,66.25,0.7594620848531406,1.1463578639292689,True
mle_gbm,BZ=F,2025-10-06,65.47000122070312,3,2025-10-09,65.5008086779814,70.22501977547519,61.09440696758412,9.130612807891069,0.9,65.22000122070312,-0.2808074572782715,0.4305542042663031,True
mle_gbm,BZ=F,2025-10-06,65.47000122070312,4,2025-10-10,65.51108105156115,70.99682452444328,60.449206979202806,10.547617545240477,0.9,62.72999954223633,-2.781081509324821,4.433415478430394,True
mle_gbm,BZ=F,2025-10-06,65.47000122070312,5,2025-10-13,65.52135503613869,71.68516124382401,59.8875400610416,11.797621182782414,0.9,63.31999969482422,-2.2013553413144678,3.476556146437263,True
mle_gbm,BZ=F,2025-10-06,65.47000122070312,6,2025-10-14,65.53163063196669,72.31429531894916,59.38514085415164,12.92915446479752,0.9,62.38999938964844,-3.1416312423182546,5.035472468428177,True
mle_gbm,BZ=F,2025-10-06,65.47000122070312,7,2025-10-15,65.54190783929783,72.89863523851344,58.927600896230594,13.971034342282842,0.9,61.90999984741211,-3.6319079918857256,5.866431918651576,True
mle_gbm,BZ=F,2025-10-07,65.44999694824219,0,2025-10-07,65.44999694824219,65.44999694824219,65.44999694824219,0.0,0.9,65.44999694824219,0.0,0.0,True
mle_gbm,BZ=F,2025-10-07,65.44999694824219,1,2025-10-08,65.46024800085627,68.14529486725348,62.88099679781035,5.264298069443136,0.9,66.25,0.7897519991437321,1.1920784892735579,True
mle_gbm,BZ=F,2025-10-07,65.44999694824219,2,2025-10-09,65.47050065903316,69.30033370606554,61.852320577920885,7.448013128144659,0.9,65.22000122070312,-0.2504994383300385,0.3840837682329285,True
mle_gbm,BZ=F,2025-10-07,65.44999694824219,3,2025-10-10,65.48075492302426,70.20244160427896,61.07664017525884,9.125801429020122,0.9,62.72999954223633,-2.750755380787936,4.3850715779709875,True
mle_gbm,BZ=F,2025-10-07,65.44999694824219,4,2025-10-13,65.49101079308119,70.97381512572348,60.43175905228972,10.542056073433756,0.9,63.31999969482422,-2.171011098256969,3.428634094630969,True
mle_gbm,BZ=F,2025-10-07,65.44999694824219,5,2025-10-14,65.50126826945542,71.66176415950491,59.870367346212,11.791396813292913,0.9,62.38999938964844,-3.1112688798069854,4.986807036775189,True
mle_gbm,BZ=F,2025-10-07,65.44999694824219,6,2025-10-15,65.51152735239857,72.29054136163472,59.36821242732794,12.922328934306783,0.9,61.90999984741211,-3.601527504986464,5.817359899633421,True
mle_gbm,BZ=F,2025-10-07,65.44999694824219,7,2025-10-16,65.5217880421622,72.87454766698583,58.91089338708751,13.963654279898321,0.9,61.060001373291016,-4.461786668871184,7.307216784346271,True
mle_gbm,BZ=F,2025-10-08,66.25,0,2025-10-08,66.25,66.25,66.25,0.0,0.9,66.25,0.0,0.0,True
mle_gbm,BZ=F,2025-10-08,66.25,1,2025-10-09,66.26072671554472,68.9781433871554,63.650363568493276,5.327779818662123,0.9,65.22000122070312,-1.0407254948415954,1.5957152336133849,True
mle_gbm,BZ=F,2025-10-08,66.25,2,2025-10-10,66.27145516788075,70.14747409019391,62.60960678956767,7.537867300626239,0.9,62.72999954223633,-3.541455625644417,5.645553405846819,True
mle_gbm,BZ=F,2025-10-08,66.25,3,2025-10-13,66.28218535728936,71.0608332729545,61.82488852702703,9.235944745927469,0.9,63.31999969482422,-2.9621856624651457,4.6781201464649955,True
mle_gbm,BZ=F,2025-10-08,66.25,4,2025-10-14,66.29291728405175,71.84188899489115,61.17254074906978,10.669348245821368,0.9,62.38999938964844,-3.9029178944033163,6.255678686624377,True
mle_gbm,BZ=F,2025-10-08,66.25,5,2025-10-15,66.30365094844929,72.53852058373108,60.604684155631546,11.93383642809954,0.9,61.90999984741211,-4.393651101037179,7.096835909975918,True
mle_gbm,BZ=F,2025-10-08,66.25,6,2025-10-16,66.31438635076321,73.17527247777605,60.09677433608298,13.078498141693068,0.9,61.060001373291016,-5.254384977472199,8.60528145970626,True
mle_gbm,BZ=F,2025-10-08,66.25,7,2025-10-17,66.32512349127505,73.76671879242832,59.6342372027047,14.132481589723618,0.9,61.290000915527344,-5.035122575747707,8.215243107415418,True
mle_gbm,BZ=F,2025-10-09,65.22000122070312,0,2025-10-09,65.22000122070312,65.22000122070312,65.22000122070312,0.0,0.9,65.22000122070312,0.0,0.0,True
mle_gbm,BZ=F,2025-10-09,65.22000122070312,1,2025-10-10,65.23010604392226,67.90490685435451,62.660666682417926,5.244240171936582,0.9,62.72999954223633,-2.5001065016859343,3.985503777985211,True
mle_gbm,BZ=F,2025-10-09,65.22000122070312,2,2025-10-13,65.24021243272634,69.05541497769222,61.6357937989688,7.419621178723425,0.9,63.31999969482422,-1.9202127379021192,3.0325532962045756,True
mle_gbm,BZ=F,2025-10-09,65.22000122070312,3,2025-10-14,65.25032038735797,69.9539525526783,60.862955634232485,9.090996918445818,0.9,62.38999938964844,-2.860320997709536,4.58458250631769,True
mle_gbm,BZ=F,2025-10-09,65.22000122070312,4,2025-10-15,65.26042990805966,70.72225127514277,60.22042051822637,10.501830756916398,0.9,61.90999984741211,-3.350430060647554,5.411775268785766,True
mle_gbm,BZ=F,2025-10-09,65.22000122070312,5,2025-10-16,65.2705409950741,71.40744114904292,59.66105847285005,11.746382676192873,0.9,61.060001373291016,-4.210539621783084,6.89574111871027,True
mle_gbm,BZ=F,2025-10-09,65.22000122070312,6,2025-10-17,65.28065364864398,72.03368266114632,59.16070903720191,12.872973623944404,0.9,61.290000915527344,-3.990652733116633,6.511099157294403,True
mle_gbm,BZ=F,2025-10-09,65.22000122070312,7,2025-10-20,65.29076786901204,72.61532204406711,58.705026004542866,13.910296039524248,0.9,61.0099983215332,-4.28076954747884,7.0165049422202035,True
mle_gbm,BZ=F,2025-10-10,62.72999954223633,0,2025-10-10,62.72999954223633,62.72999954223633,62.72999954223633,0.0,0.9,62.72999954223633,0.0,0.0,True
mle_gbm,BZ=F,2025-10-10,62.72999954223633,1,2025-10-13,62.73863843323964,65.31217538861054,60.26650818222749,5.045667206383051,0.9,63.31999969482422,0.5813612615845756,0.9181321294796154,True
mle_gbm,BZ=F,2025-10-10,62.72999954223633,2,2025-10-14,62.747278513951755,66.41799079593666,59.279434889926,7.138555906010659,0.9,62.38999938964844,-0.357279124303318,0.5726544763560243,True
mle_gbm,BZ=F,2025-10-10,62.72999954223633,3,2025-10-15,62.75591978453665,67.2813470782793,58.5348783730672,8.746468705212095,0.9,61.90999984741211,-0.8459199371245418,1.3663704396857659,True
mle_gbm,BZ=F,2025-10-10,62.72999954223633,4,2025-10-16,62.76456224515814,68.01937296831825,57.915709920778035,10.103663047540216,0.9,61.060001373291016,-1.7045608718671232,2.791616170209809,True
mle_gbm,BZ=F,2025-10-10,62.72999954223633,5,2025-10-17,62.77320589598005,68.67741720788818,57.37658081303773,11.300836394850457,0.9,61.290000915527344,-1.4832049804527045,2.419978721320179,True
mle_gbm,BZ=F,2025-10-10,62.72999954223633,6,2025-10-20,62.781850737166394,69.27872755426243,56.894243314394316,12.384484239868115,0.9,61.0099983215332,-1.771852415633191,2.904200072740903,True
mle_gbm,BZ=F,2025-10-10,62.72999954223633,7,2025-10-21,62.790496768881,69.83710850819688,56.45489294592003,13.382215562276848,0.9,61.31999969482422,-1.4704970740567802,2.3980709089613694,True
mle_gbm,BZ=F,2025-10-13,63.31999969482422,0,2025-10-13,63.31999969482422,63.31999969482422,63.31999969482422,0.0,0.9,63.31999969482422,0.0,0.0,True
mle_gbm,BZ=F,2025-10-13,63.31999969482422,1,2025-10-14,63.32897704984431,65.9262291895139,60.83404713851917,5.092182050994737,0.9,62.38999938964844,-0.9389776601958744,1.5050130940563315,True
mle_gbm,BZ=F,2025-10-13,63.31999969482422,2,2025-10-15,63.33795567765188,67.04250275951883,59.83810962150582,7.204393138013003,0.9,61.90999984741211,-1.4279558302397675,2.3065027196885985,True
mle_gbm,BZ=F,2025-10-13,63.31999969482422,3,2025-10-16,63.34693557842744,67.91408893331973,59.086918638007035,8.827170295312698,0.9,61.060001373291016,-2.2869342051364256,3.74538839453217,True
mle_gbm,BZ=F,2025-10-13,63.31999969482422,4,2025-10-17,63.35591675235137,68.65919472391282,58.46226719773745,10.196927526175372,0.9,61.290000915527344,-2.0659158368240256,3.370722476691369,True
mle_gbm,BZ=F,2025-10-13,63.31999969482422,5,2025-10-20,63.36489919960421,69.32358615513547,57.918389299578436,11.405196855557037,0.9,61.0099983215332,-2.354900878071007,3.859860584916383,True
mle_gbm,BZ=F,2025-10-13,63.31999969482422,6,2025-10-21,63.373882920366505,69.93072480566633,57.431823387577616,12.498901418088714,0.9,61.31999969482422,-2.053883225542286,3.3494508084866252,True
mle_gbm,BZ=F,2025-10-13,63.31999969482422,7,2025-10-22,63.38286791481886,70.49454208764571,56.988638072328555,13.505904015317157,0.9,62.59000015258789,-0.7928677622309692,1.2667642759195403,True
mle_gbm,BZ=F,2025-10-14,62.38999938964844,0,2025-10-14,62.38999938964844,62.38999938964844,62.38999938964844,0.0,0.9,62.38999938964844,0.0,0.0,True
mle_gbm,BZ=F,2025-10-14,62.38999938964844,1,2025-10-15,62.3984346313868,64.95716333453362,59.94049685321602,5.0166664813176,0.9,61.90999984741211,-0.4884347839746894,0.7889432808569234,True
mle_gbm,BZ=F,2025-10-14,62.38999938964844,2,2025-10-16,62.40687101358523,66.05644258530208,58.95893568105706,7.097506904245016,0.9,61.060001373291016,-1.3468696402942157,2.205813314775597,True
mle_gbm,BZ=F,2025-10-14,62.38999938964844,3,2025-10-17,62.41530853639793,66.91465166827477,58.21850136807548,8.696150300199292,0.9,61.290000915527344,-1.1253076208705863,1.8360378594569386,True
mle_gbm,BZ=F,2025-10-14,62.38999938964844,4,2025-10-20,62.42374719997911,67.64824710666582,57.602737412288846,10.045509694376975,0.9,61.0099983215332,-1.413748878445908,2.3172413003442616,True
mle_gbm,BZ=F,2025-10-14,62.38999938964844,5,2025-10-21,62.432187004483,68.30231751402609,57.06655522138492,11.23576229264117,0.9,61.31999969482422,-1.112187309658779,1.813743175462955,True
mle_gbm,BZ=F,2025-10-14,62.38999938964844,6,2025-10-22,62.44062795006385,68.89997735849869,56.58684034846611,12.313137010032577,0.9,62.59000015258789,0.1493722025240416,0.23865186477055078,True
mle_gbm,BZ=F,2025-10-14,62.38999938964844,7,2025-10-23,62.449070036875945,69.45495203108683,56.14986742378161,13.305084607305226,0.9,65.98999786376953,3.5409278268935864,5.365855344022766,True
mle_gbm,BZ=F,2025-10-15,61.90999984741211,0,2025-10-15,61.90999984741211,61.90999984741211,61.90999984741211,0.0,0.9,61.90999984741211,0.0,0.0,True
mle_gbm,BZ=F,2025-10-15,61.90999984741211,1,2025-10-16,61.9181561214794,64.45667943810702,59.47960848906693,4.977070949040083,0.9,61.060001373291016,-0.8581547481883831,1.4054286421352078,True
mle_gbm,BZ=F,2025-10-15,61.90999984741211,2,2025-10-17,61.92631347008729,65.54704709193196,58.50558446388868,7.041462628043277,0.9,61.290000915527344,-0.6363125545599431,1.0381996166665715,True
mle_gbm,BZ=F,2025-10-15,61.90999984741211,3,2025-10-20,61.93447189337726,66.39824123080709,57.770789370423685,8.627451860383403,0.9,61.0099983215332,-0.9244735718440538,1.5152820804418299,True
mle_gbm,BZ=F,2025-10-15,61.90999984741211,4,2025-10-21,61.942631391491005,67.12580053192596,57.15968455195181,9.966115979974148,0.9,61.31999969482422,-0.6226316966667866,1.0153811150774361,True
mle_gbm,BZ=F,2025-10-15,61.90999984741211,5,2025-10-22,61.950791964570016,67.77445841764403,56.62753660659715,11.14692181104688,0.9,62.59000015258789,0.639208188017875,1.02126248036356,True
mle_gbm,BZ=F,2025-10-15,61.90999984741211,6,2025-10-23,61.95895361275603,68.3671473531955,56.15141308961198,12.215734263583528,0.9,65.98999786376953,4.031044251013505,6.108568542971067,True
mle_gbm,BZ=F,2025-10-15,61.90999984741211,7,2025-10-24,61.967116336190564,68.91748470504515,55.71769665502419,13.199788050020963,0.9,65.94000244140625,3.972886105215686,6.025001453019296,True
mle_gbm,BZ=F,2025-10-16,61.060001373291016,0,2025-10-16,61.060001373291016,61.060001373291016,61.060001373291016,0.0,0.9,61.060001373291016,0.0,0.0,True
mle_gbm,BZ=F,2025-10-16,61.060001373291016,1,2025-10-17,61.06767086743105,63.57094754586541,58.66296742678385,4.907980119081557,0.9,61.290000915527344,0.2223300480962962,0.3627509296381338,True
mle_gbm,BZ=F,2025-10-16,61.060001373291016,2,2025-10-20,61.07534132490453,64.64577575558965,57.70210465192005,6.943671103669601,0.9,61.0099983215332,-0.06534300337132493,0.1071021228798533,True
mle_gbm,BZ=F,2025-10-16,61.060001373291016,3,2025-10-21,61.08301274583243,65.48474018249915,56.97715888784538,8.507581294653775,0.9,61.31999969482422,0.23698694899179173,0.3864757830580923,True
mle_gbm,BZ=F,2025-10-16,61.060001373291016,4,2025-10-22,61.09068513033577,66.20177789009045,56.374193090250394,9.82758479984006,0.9,62.59000015258789,1.4993150222521194,2.395454575166873,True
mle_gbm,BZ=F,2025-10-16,61.060001373291016,5,2025-10-23,61.098358478535594,66.8410024961813,55.84909366051045,10.991908835670856,0.9,65.98999786376953,4.891639385233937,7.412698202131011,True
mle_gbm,BZ=F,2025-10-16,61.060001373291016,6,2025-10-24,61.10603279055293,67.42502886981735,55.379245748778935,12.045783121038419,0.9,65.94000244140625,4.833969650853319,7.330860588227527,True
mle_gbm,BZ=F,2025-10-16,61.060001373291016,7,2025-10-27,61.11370806650885,67.96728587211925,54.951220513140285,13.016065358978963,0.9,65.62000274658203,4.506294680073182,6.867257682807554,True
mle_gbm,BZ=F,2025-10-17,61.290000915527344,0,2025-10-17,61.290000915527344,61.290000915527344,61.290000915527344,0.0,0.9,61.290000915527344,0.0,0.0,True
mle_gbm,BZ=F,2025-10-17,61.290000915527344,1,2025-10-20,61.297797216511114,63.809956199217176,58.88454039782923,4.925415801387949,0.9,61.0099983215332,-0.2877988949779109,0.4717241483291987,True
mle_gbm,BZ=F,2025-10-17,61.290000915527344,2,2025-10-21,61.30559450921151,64.88869702139978,57.92034808293934,6.968348938460437,0.9,61.31999969482422,0.014405185612709204,0.02349182270776347,True
mle_gbm,BZ=F,2025-10-17,61.290000915527344,3,2025-10-22,61.31339279375457,65.73073864834772,57.19290872407887,8.537829924268856,0.9,62.59000015258789,1.276607358833317,2.039634695192653,True
mle_gbm,BZ=F,2025-10-17,61.290000915527344,4,2025-10-23,61.321192070266505,66.45042236301028,56.58788105779876,9.862541305211515,0.9,65.98999786376953,4.668805793503026,7.075020373756276,True
mle_gbm,BZ=F,2025-10-17,61.290000915527344,5,2025-10-24,61.32899233887356,67.09201821607822,56.060995052914514,11.031023163163702,0.9,65.94000244140625,4.611010102532688,6.992735717033064,True
mle_gbm,BZ=F,2025-10-17,61.290000915527344,6,2025-10-27,61.336793599701814,67.6782212373462,55.589555699143624,12.08866553820257,0.9,65.62000274658203,4.283209146880218,6.527291934780235,True
mle_gbm,BZ=F,2025-10-17,61.290000915527344,7,2025-10-28,61.34459585287754,68.22250786779013,55.16008657502871,13.062421292761421,0.9,64.4000015258789,3.055405673001367,4.74441863448336,True
mle_gbm,BZ=F,2025-10-20,61.0099983215332,0,2025-10-20,61.0099983215332,61.0099983215332,61.0099983215332,0.0,0.9,61.0099983215332,0.0,0.0,True
mle_gbm,BZ=F,2025-10-20,61.0099983215332,1,2025-10-21,61.01763283718299,63.51777017202571,58.61590397411353,4.9018661979121845,0.9,61.31999969482422,0.30236685764123195,0.49309663918141466,True
mle_gbm,BZ=F,2025-10-20,61.0099983215332,2,2025-10-22,61.0252683081816,64.59121054533058,57.65619409581997,6.935016449510613,0.9,62.59000015258789,1.564731844406289,2.4999709867257325,True
mle_gbm,BZ=F,2025-10-20,61.0099983215332,3,2025-10-23,61.032904734648625,65.42907978585633,56.932108361302724,8.496971424553607,0.9,65.98999786376953,4.957093129120906,7.511885572953621,False
mle_gbm,BZ=F,2025-10-20,61.0099983215332,4,2025-10-24,61.04054211670351,66.14517328022262,56.32985140300648,9.815321877216142,0.9,65.94000244140625,4.899460324702737,7.430179167882739,True
mle_gbm,BZ=F,2025-10-20,61.0099983215332,5,2025-10-27,61.0481804544659,66.78354982583302,55.805364442598275,10.978185383234745,0.9,65.62000274658203,4.571822292116131,6.967116886251983,True
mle_gbm,BZ=F,2025-10-20,61.0099983215332,6,2025-10-28,61.05581974805537,67.36679620433272,55.33606071750928,12.030735486823438,0.9,64.4000015258789,3.344181777823536,5.192828724514376,True
mle_gbm,BZ=F,2025-10-20,61.0099983215332,7,2025-10-29,61.06345999759155,67.90832460784266,54.90852805470089,12.99979655314177,0.9,64.91999816894531,3.856538171353762,5.94044713513031,True
mle_gbm,BZ=F,2025-10-21,61.31999969482422,0,2025-10-21,61.31999969482422,61.31999969482422,61.31999969482422,0.0,0.9,61.31999969482422,0.0,0.0,True
mle_gbm,BZ=F,2025-10-21,61.31999969482422,1,2025-10-22,61.32780613969341,63.840112591593055,58.91436673943314,4.925745852159913,0.9,62.59000015258789,1.2621940128944829,2.016606502344441,True
mle_gbm,BZ=F,2025-10-21,61.31999969482422,2,2025-10-23,61.33561357837501,64.91891401056961,57.95009898691822,6.968815023651388,0.9,65.98999786376953,4.654384285394521,7.053166291963037,False
mle_gbm,BZ=F,2025-10-21,61.31999969482422,3,2025-10-24,61.343422010995674,65.76100016931618,57.222600239205555,8.538399930110621,0.9,65.94000244140625,4.596580430410576,6.970852684597729,False
mle_gbm,BZ=F,2025-10-21,61.31999969482422,4,2025-10-27,61.351231437681825,66.48072005826965,56.61752152535224,9.863198532917416,0.9,65.62000274658203,4.268771308900206,6.505289744326557,True
mle_gbm,BZ=F,2025-10-21,61.31999969482422,5,2025-10-28,61.359041858560126,67.12234671822729,56.09058982406159,11.031756894165703,0.9,64.4000015258789,3.0409596673187806,4.721986949172326,True
mle_gbm,BZ=F,2025-10-21,61.31999969482422,6,2025-10-29,61.36685327375703,67.7085767147811,55.61910858924779,12.089468125533315,0.9,64.91999816894531,3.5531448951882822,5.473113055150917,True
mle_gbm,BZ=F,2025-10-21,61.31999969482422,7,2025-10-30,61.374665683399236,68.25288740257469,55.18960048578001,13.063286916794674,0.9,65.0,3.625334316600764,5.577437410155022,True
mle_gbm,BZ=F,2025-10-22,62.59000015258789,0,2025-10-22,62.59000015258789,62.59000015258789,62.59000015258789,0.0,0.9,62.59000015258789,0.0,0.0,True
mle_gbm,BZ=F,2025-10-22,62.59000015258789,1,2025-10-23,62.59852809371628,65.16271554444161,60.13524278047129,5.027472763970323,0.9,65.98999786376953,3.3914697700532486,5.139369419369637,False
mle_gbm,BZ=F,2025-10-22,62.59000015258789,2,2025-10-24,62.607057196783956,66.2643860984296,59.15158717412865,7.112798924300947,0.9,65.94000244140625,3.3329452446222945,5.054511861117874,True
mle_gbm,BZ=F,2025-10-22,62.59000015258789,3,2025-10-27,62.615587461949275,67.1244680461843,58.409577123313866,8.714890922870438,0.9,65.62000274658203,3.0044152846327563,4.5785052710764305,True
mle_gbm,BZ=F,2025-10-22,62.59000015258789,4,2025-10-28,62.62411888937048,67.8596685857989,57.79250545132673,10.067163134472167,0.9,64.4000015258789,1.7758826365084275,2.7575816683712273,True
mle_gbm,BZ=F,2025-10-22,62.59000015258789,5,2025-10-29,62.63265147920598,68.51517336134191,57.255186535499,11.259986825842908,0.9,64.91999816894531,2.28734668973933,3.523331414438471,True
mle_gbm,BZ=F,2025-10-22,62.59000015258789,6,2025-10-30,62.64118523161415,69.11414657170049,56.77445619835062,12.339690373349868,0.9,65.0,2.358814768385848,3.6289457975166894,True
mle_gbm,BZ=F,2025-10-22,62.59000015258789,7,2025-10-31,62.64972014675345,69.67034313136416,56.33655954680631,13.33378358455785,0.9,65.06999969482422,2.4202795480707664,3.719501397605323,True
mle_gbm,BZ=F,2025-10-23,65.98999786376953,0,2025-10-23,65.98999786376953,65.98999786376953,65.98999786376953,0.0,0.9,65.98999786376953,0.0,0.0,True
mle_gbm,BZ=F,2025-10-23,65.98999786376953,1,2025-10-24,66.00051702615227,68.70627881464634,63.40131241092361,5.30496640372273,0.9,65.94000244140625,-0.06051458474601645,0.09177219063616084,True
mle_gbm,BZ=F,2025-10-23,65.98999786376953,2,2025-10-27,66.01103786534642,69.87041140857308,62.36484131429548,7.505570094277594,0.9,65.62000274658203,-0.39103511876439256,0.5959084157227661,True
mle_gbm,BZ=F,2025-10-23,65.98999786376953,3,2025-10-28,66.02156038161917,70.77966364165698,61.58331660477701,9.19634703687997,0.9,64.4000015258789,-1.6215588557402612,2.5179484740984726,True
mle_gbm,BZ=F,2025-10-23,65.98999786376953,4,2025-10-29,66.03208457523789,71.55717509653539,60.93359872674014,10.623576369795245,0.9,64.91999816894531,-1.1120864062925762,1.7130105324379787,True
mle_gbm,BZ=F,2025-10-23,65.98999786376953,5,2025-10-30,66.04261044646996,72.25062063487208,60.368012845539845,11.882607789332233,0.9,65.0,-1.0426104464699648,1.6040160714922536,True
mle_gbm,BZ=F,2025-10-23,65.98999786376953,6,2025-10-31,66.05313799558287,72.88443994718197,59.86211929768977,13.022320649492201,0.9,65.06999969482422,-0.9831383007586538,1.510893353879721,True
mle_gbm,BZ=F,2025-10-23,65.98999786376953,7,2025-11-03,66.06366722284395,73.47314499067433,59.401406153018556,14.071738837655772,0.9,,,,
mle_gbm,BZ=F,2025-10-24,65.94000244140625,0,2025-10-24,65.94000244140625,65.94000244140625,65.94000244140625,0.0,0.9,65.94000244140625,0.0,0.0,True
mle_gbm,BZ=F,2025-10-24,65.94000244140625,1,2025-10-27,65.95048710071174,68.65359373817486,63.35381022308557,5.299783515089295,0.9,65.62000274658203,-0.3304843541297089,0.5036335572950321,True
mle_gbm,BZ=F,2025-10-24,65.94000244140625,2,2025-10-28,65.96097342710966,69.81655109430766,62.31831775211544,7.498233342192215,0.9,64.4000015258789,-1.560971901230758,2.4238693544183953,True
mle_gbm,BZ=F,2025-10-24,65.94000244140625,3,2025-10-29,65.97146142086513,70.72487616213856,61.53752340303984,9.187352759098715,0.9,64.91999816894531,-1.051463251919813,1.619629207603373,True
mle_gbm,BZ=F,2025-10-24,65.94000244140625,4,2025-10-30,65.98195108224323,71.50158842382932,60.888407720584425,10.613180703244893,0.9,65.0,-0.9819510822432278,1.5106939726818889,True
mle_gbm,BZ=F,2025-10-24,65.94000244140625,5,2025-10-31,65.99244241150915,72.19431626959371,60.323342341432486,11.870973928161227,0.9,65.06999969482422,-0.9224427166849267,1.4176159843417049,True
mle_gbm,BZ=F,2025-10-24,65.94000244140625,6,2025-11-03,66.00293540892805,72.82747558025012,59.81791141167228,13.009564168577846,0.9,,,,
mle_gbm,BZ=F,2025-10-24,65.94000244140625,7,2025-11-04,66.01343007476527,73.41556418273882,59.35761713127999,14.057947051458832,0.9,64.44000244140625,-1.5734276333590174,2.441693938155414,True
mle_gbm,BZ=F,2025-10-27,65.62000274658203,0,2025-10-27,65.62000274658203,65.62000274658203,65.62000274658203,0.0,0.9,65.62000274658203,0.0,0.0,True
mle_gbm,BZ=F,2025-10-27,65.62000274658203,1,2025-10-28,65.63029198004489,68.31969862453543,63.046753895355515,5.272944729179919,0.9,64.4000015258789,-1.2302904541659814,1.9103888587201252,True
mle_gbm,BZ=F,2025-10-27,65.62000274658203,2,2025-10-29,65.6405828268622,69.4766042443898,62.016360193627065,7.460244050762739,0.9,64.91999816894531,-0.7205846579168877,1.109957914727086,True
mle_gbm,BZ=F,2025-10-27,65.62000274658203,3,2025-10-30,65.65087528728696,70.38016288452455,61.23937838931335,9.1407844952112,0.9,65.0,-0.650875287286965,1.0013465958260999,True
mle_gbm,BZ=F,2025-10-27,65.62000274658203,4,2025-10-31,65.66116936157219,71.15277195020923,60.593411103450194,10.559360846759034,0.9,65.06999969482422,-0.5911696667479731,0.9085134002159765,True
mle_gbm,BZ=F,2025-10-27,65.62000274658203,5,2025-11-03,65.67146504997095,71.84181910608558,60.03107069771054,11.81074840837504,0.9,,,,
mle_gbm,BZ=F,2025-10-27,65.62000274658203,6,2025-11-04,65.68176235273637,72.4715968870257,59.52806466354644,12.94353222347926,0.9,64.44000244140625,-1.2417599113301208,1.9270016515893575,True
mle_gbm,BZ=F,2025-10-27,65.62000274658203,7,2025-11-05,65.69206127012148,73.05652991242712,59.06996840789348,13.986561504533647,0.9,63.52000045776367,-2.172060812357813,3.41949117869116,True
mle_gbm,BZ=F,2025-10-28,64.4000015258789,0,2025-10-28,64.4000015258789,64.4000015258789,64.4000015258789,0.0,0.9,64.4000015258789,0.0,0.0,True
mle_gbm,BZ=F,2025-10-28,64.4000015258789,1,2025-10-29,64.4095653382145,67.04871314108595,61.874298740501246,5.174414400584709,0.9,64.91999816894531,0.5104328307308066,0.7862489912622543,True
mle_gbm,BZ=F,2025-10-28,64.4000015258789,2,2025-10-30,64.4191305708374,68.18343154516084,60.86265078568228,7.320780759478566,0.9,65.0,0.580869429162604,0.8936452756347752,True
mle_gbm,BZ=F,2025-10-28,64.4000015258789,3,2025-10-31,64.4286972239586,69.06952223188628,60.0996921918793,8.969830040006983,0.9,65.06999969482422,0.6413024708656252,0.9855578206136606,True
mle_gbm,BZ=F,2025-10-28,64.4000015258789,4,2025-11-03,64.438265297789,69.82709870184856,59.46530948275404,10.361789219094518,0.9,,,,
mle_gbm,BZ=F,2025-10-28,64.4000015258789,5,2025-11-04,64.4478347925396,70.50266479692606,58.91299884068456,11.589665956241497,0.9,64.44000244140625,-0.007832351133345128,0.012154486090323937,True
mle_gbm,BZ=F,2025-10-28,64.4000015258789,6,2025-11-05,64.45740570842133,71.12006017895402,58.418920628100246,12.701139550853775,0.9,63.52000045776367,-0.9374052506576618,1.4757639230197586,True
mle_gbm,BZ=F,2025-10-28,64.4000015258789,7,2025-11-06,64.46697804564539,71.69344067562724,57.968919041579596,13.724521634047647,0.9,63.380001068115234,-1.0869769775301563,1.7150157134929191,True
mle_gbm,BZ=F,2025-10-29,64.91999816894531,0,2025-10-29,64.91999816894531,64.91999816894531,64.91999816894531,0.0,0.9,64.91999816894531,0.0,0.0,True
mle_gbm,BZ=F,2025-10-29,64.91999816894531,1,2025-10-30,64.92986370127852,67.58979807195337,62.37460860259624,5.215189469357128,0.9,65.0,0.0701362987214793,0.10790199803304508,True
mle_gbm,BZ=F,2025-10-29,64.91999816894531,2,2025-10-31,64.93973073282207,68.73368708272318,61.35519287035976,7.378494212363421,0.9,65.06999969482422,0.13026896200214821,0.20019819058414726,True
mle_gbm,BZ=F,2025-10-29,64.91999816894531,3,2025-11-03,64.94959926380368,69.62699514723731,60.58642105131931,9.040574095917997,0.9,,,,
mle_gbm,BZ=F,2025-10-29,64.91999816894531,4,2025-11-04,64.95946929445128,70.39078097382195,59.947234462223996,10.443546511597951,0.9,64.44000244140625,-0.5194668530450315,0.8061248190010084,True
mle_gbm,BZ=F,2025-10-29,64.91999816894531,5,2025-11-05,64.9693408249927,71.07191418671313,59.39076350392123,11.681150682791902,0.9,63.52000045776367,-1.449340367229027,2.2817071108063613,True
mle_gbm,BZ=F,2025-10-29,64.91999816894531,6,2025-11-06,64.97921385565591,71.69442187896719,58.89298110844729,12.801440770519903,0.9,63.380001068115234,-1.5992127875406794,2.5232135698798532,True
mle_gbm,BZ=F,2025-10-29,64.91999816894531,7,2025-11-07,64.98908838666893,72.27257112547333,58.43962022601427,13.832950899459064,0.9,63.630001068115234,-1.3590873185536907,2.13592219981075,True
mle_gbm,BZ=F,2025-10-30,65.0,0,2025-10-30,65.0,65.0,65.0,0.0,0.9,65.0,0.0,0.0,True
mle_gbm,BZ=F,2025-10-30,65.0,1,2025-10-31,65.00990841868483,67.67252822633861,62.452051125834664,5.220477100503949,0.9,65.06999969482422,0.06009127613938858,0.09234866516246248,True
mle_gbm,BZ=F,2025-10-30,65.0,2,2025-11-03,65.01981834778137,68.81759981256019,61.4316219904969,7.385977822063289,0.9,,,,
mle_gbm,BZ=F,2025-10-30,65.0,3,2025-11-04,65.02972978751987,69.7118370287129,60.66209034910476,9.049746679608148,0.9,64.44000244140625,-0.5897273461136194,0.9151572373850302,True
mle_gbm,BZ=F,2025-10-30,65.0,4,2025-11-05,65.0396427381306,70.4764211852505,60.02227491637958,10.454146268870922,0.9,63.52000045776367,-1.5196422803669236,2.392383925402171,True
mle_gbm,BZ=F,2025-10-30,65.0,5,2025-11-06,65.04955719984386,71.15826935559792,59.465258644080215,11.693010711517708,0.9,63.380001068115234,-1.6695561317286263,2.634200226557798,True
mle_gbm,BZ=F,2025-10-30,65.0,6,2025-11-07,65.05947317289001,71.78143294822695,58.966990148927444,12.814442799299506,0.9,63.630001068115234,-1.4294721047747743,2.2465379235881824,True
mle_gbm,BZ=F,2025-10-30,65.0,7,2025-11-10,65.06939065749948,72.36019347120389,58.51318794805646,13.847005523147423,0.9,64.05999755859375,-1.0093930989057327,1.5756995588119893,True
mle_gbm,BZ=F,2025-10-31,65.06999969482422,0,2025-10-31,65.06999969482422,65.06999969482422,65.06999969482422,0.0,0.9,65.06999969482422,0.0,0.0,True
mle_gbm,BZ=F,2025-10-31,65.06999969482422,1,2025-11-03,65.07994509838522,67.74483915589938,62.519880581043594,5.2249585748557905,0.9,,,,
mle_gbm,BZ=F,2025-10-31,65.06999969482422,2,2025-11-04,65.08989202201778,68.89091184355289,61.49859146964422,7.392320373908667,0.9,64.44000244140625,-0.6498895806115286,1.0085188640432743,True
mle_gbm,BZ=F,2025-10-31,65.06999969482422,3,2025-11-05,65.0998404659541,69.7859353506277,60.72841479303258,9.057520557595119,0.9,63.52000045776367,-1.5798400081904305,2.4871536473632627,True
mle_gbm,BZ=F,2025-10-31,65.06999969482422,4,2025-11-06,65.10979043042667,70.55119490296929,60.08806535062189,10.463129552347397,0.9,63.380001068115234,-1.7297893623114362,2.7292353000316476,True
mle_gbm,BZ=F,2025-10-31,65.06999969482422,5,2025-11-07,65.11974191566777,71.23364779178718,59.53058587646965,11.703061915317527,0.9,63.630001068115234,-1.4897408475525395,2.341255418112893,True
mle_gbm,BZ=F,2025-10-31,65.06999969482422,6,2025-11-10,65.12969492190999,71.85736603556315,59.031904377370395,12.82546165819275,0.9,64.05999755859375,-1.0696973633162372,1.6698367219540045,True
mle_gbm,BZ=F,2025-10-31,65.06999969482422,7,2025-11-11,65.13964944938563,72.43664337627774,58.57772713662822,13.858916239649524,0.9,65.16000366210938,0.02035421272374549,0.03123727989533784,True
mle_gbm,BZ=F,2025-11-04,64.44000244140625,0,2025-11-04,64.44000244140625,64.44000244140625,64.44000244140625,0.0,0.9,64.44000244140625,0.0,0.0,True
mle_gbm,BZ=F,2025-11-04,64.44000244140625,1,2025-11-05,64.4495729541622,67.08816215768773,61.91475992755143,5.173402230136304,0.9,63.52000045776367,-0.929572496398535,1.4634327608618884,True
mle_gbm,BZ=F,2025-11-04,64.44000244140625,2,2025-11-06,64.45914488831343,68.2226232113591,60.90327759547036,7.31934561588875,0.9,63.380001068115234,-1.0791438201981975,1.7026566772039478,True
mle_gbm,BZ=F,2025-11-04,64.44000244140625,3,2025-11-07,64.46871824407107,69.10850443515729,60.14043663660949,8.968067798547793,0.9,63.630001068115234,-0.8387171759558356,1.3181159231130577,True
mle_gbm,BZ=F,2025-11-04,64.44000244140625,4,2025-11-10,64.47829302164617,69.86589599876966,59.506146905472704,10.359749093296955,0.9,64.05999755859375,-0.4182954630524165,0.6529745223137329,True
mle_gbm,BZ=F,2025-11-04,64.44000244140625,5,2025-11-11,64.48786922124994,70.54129273265718,58.95391359579899,11.587379136858196,0.9,65.16000366210938,0.6721344408594376,1.0315138168880809,True
mle_gbm,BZ=F,2025-11-04,64.44000244140625,6,2025-11-12,64.49744684309356,71.15852968957618,58.45990167904011,12.698628010536076,0.9,62.709999084472656,-1.7874477586208997,2.8503393154465564,True
mle_gbm,BZ=F,2025-11-04,64.44000244140625,7,2025-11-13,64.50702588738828,71.73175996650477,58.00995808243433,13.721801884070437,0.9,63.0099983215332,-1.4970275658550776,2.3758571746279182,True
mle_gbm,BZ=F,2025-11-05,63.52000045776367,0,2025-11-05,63.52000045776367,63.52000045776367,63.52000045776367,0.0,0.9,63.52000045776367,0.0,0.0,True
mle_gbm,BZ=F,2025-11-05,63.52000045776367,1,2025-11-06,63.529030760933935,66.12955816845572,61.030768406809976,5.09878976164574,0.9,63.380001068115234,-0.1490296928187007,0.235136778648105,True
mle_gbm,BZ=F,2025-11-05,63.52000045776367,2,2025-11-07,63.538062347894716,67.24722430397439,60.033487013178615,7.213737290795777,0.9,63.630001068115234,0.09193872022051863,0.14448957830772188,True
mle_gbm,BZ=F,2025-11-05,63.52000045776367,3,2025-11-10,63.547095218828545,68.11988448704015,59.28127067683354,8.83861381020661,0.9,64.05999755859375,0.5129023397652048,0.8006593183149413,True
mle_gbm,BZ=F,2025-11-05,63.52000045776367,4,2025-11-11,63.55612937391795,68.8658993506205,58.65575878749924,10.210140563121257,0.9,65.16000366210938,1.6038742881914274,2.461439837401486,True
mle_gbm,BZ=F,2025-11-05,63.52000045776367,5,2025-11-12,63.56516481334544,69.53109442577026,58.111125836820285,11.419968588949978,0.9,62.709999084472656,-0.8551657288727839,1.3636832105847179,True
mle_gbm,BZ=F,2025-11-05,63.52000045776367,6,2025-11-13,63.57420153729372,70.13896181194855,57.623879748044935,12.515082063903613,0.9,63.0099983215332,-0.5642032157605144,0.8954185538641763,True
mle_gbm,BZ=F,2025-11-05,63.52000045776367,7,2025-11-14,63.58323954594534,70.70345105311446,57.180070999928674,13.52338005318579,0.9,64.38999938964844,0.8067598437030981,1.2529272423518545,True
mle_gbm,BZ=F,2025-11-06,63.380001068115234,0,2025-11-06,63.380001068115234,63.380001068115234,63.380001068115234,0.0,0.9,63.380001068115234,0.0,0.0,True
mle_gbm,BZ=F,2025-11-06,63.380001068115234,1,2025-11-07,63.38894640019905,65.98316633558507,60.89672182888705,5.086444506698015,0.9,63.630001068115234,0.24105466791618113,0.37883806988803076,True
mle_gbm,BZ=F,2025-11-06,63.380001068115234,2,2025-11-10,63.39789299480998,67.09804796866568,59.9017848933304,7.196263075335281,0.9,64.05999755859375,0.662104563783771,1.0335694489812677,True
mle_gbm,BZ=F,2025-11-06,63.380001068115234,3,2025-11-11,63.406840852126095,67.96851487384507,59.15132137739183,8.817193496453235,0.9,65.16000366210938,1.7531628099832801,2.6905505086746127,True
mle_gbm,BZ=F,2025-11-06,63.380001068115234,4,2025-11-12,63.41578997232567,68.71264154093737,58.527256813699545,10.185384727237825,0.9,62.709999084472656,-0.7057908878530128,1.1254838114449448,True
mle_gbm,BZ=F,2025-11-06,63.380001068115234,5,2025-11-13,63.42474035558695,69.37614277181218,57.98387642283362,11.392266348978566,0.9,63.0099983215332,-0.4147420340537451,0.658216227744304,True
mle_gbm,BZ=F,2025-11-06,63.380001068115234,6,2025-11-14,63.43369200208825,69.98245392907423,57.4977448646466,12.484709064427626,0.9,64.38999938964844,0.9563073875601873,1.4851799916524406,True
mle_gbm,BZ=F,2025-11-06,63.380001068115234,7,2025-11-17,63.44264491200776,70.54549088253412,57.05494629179225,13.490544590741877,0.9,64.19999694824219,0.7573520362344297,1.179676124977084,True
mle_gbm,BZ=F,2025-11-07,63.630001068115234,0,2025-11-07,63.630001068115234,63.630001068115234,63.630001068115234,0.0,0.9,63.630001068115234,0.0,0.0,True
mle_gbm,BZ=F,2025-11-07,63.630001068115234,1,2025-11-10,63.63908720971623,66.24297786968253,61.13755074316192,5.105427126520617,0.9,64.05999755859375,0.4209103488775199,0.6570564547595024,True
mle_gbm,BZ=F,2025-11-07,63.630001068115234,2,2025-11-11,63.64817464878643,67.36212252380447,60.13899183017641,7.223130693628065,0.9,65.16000366210938,1.511829013322945,2.320179448059294,True
mle_gbm,BZ=F,2025-11-07,63.630001068115234,3,2025-11-12,63.6572633855112,68.23594299414994,59.38581638828903,8.850126605860908,0.9,62.709999084472656,-0.947264301038544,1.510547464308753,True
mle_gbm,BZ=F,2025-11-07,63.630001068115234,4,2025-11-13,63.66635342007573,68.9829538374364,58.75950988358872,10.223443953847678,0.9,63.0099983215332,-0.6563550985425266,1.0416681733480098,True
mle_gbm,BZ=F,2025-11-07,63.630001068115234,5,2025-11-14,63.675444752665456,69.64904015931376,58.21418723324012,11.434852926073638,0.9,64.38999938964844,0.7145546369829816,1.109729218444217,True
mle_gbm,BZ=F,2025-11-07,63.630001068115234,6,2025-11-17,63.68453738346568,70.25772458999649,57.726325829850516,12.531398760145969,0.9,64.19999694824219,0.5154595647765063,0.8028965565092909,True
mle_gbm,BZ=F,2025-11-07,63.630001068115234,7,2025-11-18,63.69363131266172,70.82297479689336,57.28195802884061,13.54101676805275,0.9,64.88999938964844,1.1963680769867153,1.8436863742328309,True
mle_gbm,BZ=F,2025-11-10,64.05999755859375,0,2025-11-10,64.05999755859375,64.05999755859375,64.05999755859375,0.0,0.9,64.05999755859375,0.0,0.0,True
mle_gbm,BZ=F,2025-11-10,64.05999755859375,1,2025-11-11,64.06932953893904,66.69028291234436,61.55138062563767,5.1389022867066885,0.9,65.16000366210938,1.0906741231703307,1.673839873960227,True
mle_gbm,BZ=F,2025-11-10,64.05999755859375,2,2025-11-12,64.07866287872643,67.81695179986087,60.54644048943965,7.270511310421227,0.9,62.709999084472656,-1.3686637942537772,2.1825288059885586,True
mle_gbm,BZ=F,2025-11-10,64.05999755859375,3,2025-11-13,64.08799757815402,68.69669284286498,59.7884885517319,8.908204291133075,0.9,63.0099983215332,-1.0779992566208136,1.7108384150716847,True
mle_gbm,BZ=F,2025-11-10,64.05999755859375,4,2025-11-14,64.09733363741974,69.44879661116723,59.158234266165344,10.29056234500188,0.9,64.38999938964844,0.29266575222870017,0.45452050784729486,True
mle_gbm,BZ=F,2025-11-10,64.05999755859375,5,2025-11-17,64.10667105672175,70.11944851998469,58.60949224099266,11.509956278992028,0.9,64.19999694824219,0.09332589152043624,0.14536743918488854,True
mle_gbm,BZ=F,2025-11-10,64.05999755859375,6,2025-11-18,64.11600983625819,70.73232508327808,58.11858598573073,12.613739097547352,0.9,64.88999938964844,0.7739895533902512,1.1927717069969979,True
mle_gbm,BZ=F,2025-11-10,64.05999755859375,7,2025-11-19,64.12534997622724,71.30148530491718,57.67145651999547,13.630028784921706,0.9,63.5099983215332,-0.6153516546940381,0.9689051660475352,True
mle_gbm,BZ=F,2025-11-11,65.16000366210938,0,2025-11-11,65.16000366210938,65.16000366210938,65.16000366210938,0.0,0.9,65.16000366210938,0.0,0.0,True
mle_gbm,BZ=F,2025-11-11,65.16000366210938,1,2025-11-12,65.16997605660397,67.83564571237201,62.609056560417386,5.226589151954627,0.9,62.709999084472656,-2.459976972131315,3.9227826631246425,True
mle_gbm,BZ=F,2025-11-11,65.16000366210938,2,2025-11-13,65.17994997732085,68.98204249484057,61.58741790464964,7.394624590190929,0.9,63.0099983215332,-2.169951655787642,3.443821161071317,True
mle_gbm,BZ=F,2025-11-11,65.16000366210938,3,2025-11-14,65.18992542449367,69.87731109880774,60.816970630736755,9.060340468070983,0.9,64.38999938964844,-0.7999260348452282,1.2423140898085288,True
mle_gbm,BZ=F,2025-11-11,65.16000366210938,4,2025-11-17,65.19990239835602,70.6427747447059,60.176391543478125,10.466383201227778,0.9,64.19999694824219,-0.9999054501138289,1.5574851988232168,True
mle_gbm,BZ=F,2025-11-11,65.16000366210938,5,2025-11-18,65.20988089914152,71.32540545279963,59.61870864784987,11.706696804949758,0.9,64.88999938964844,-0.31988150949308647,0.49295964324529723,True
mle_gbm,BZ=F,2025-11-11,65.16000366210938,6,2025-11-19,65.21986092708384,71.94928280147862,59.119842390711675,12.829440410766942,0.9,63.5099983215332,-1.70986260555064,2.692273107761849,True
mle_gbm,BZ=F,2025-11-11,65.16000366210938,7,2025-11-20,65.22984248241679,72.52870502711859,58.665494560946335,13.863210466172255,0.9,63.380001068115234,-1.849841414301551,2.918651598496353,True
mle_gbm,BZ=F,2025-11-12,62.709999084472656,0,2025-11-12,62.709999084472656,62.709999084472656,62.709999084472656,0.0,0.9,62.709999084472656,0.0,0.0,True
mle_gbm,BZ=F,2025-11-12,62.709999084472656,1,2025-11-13,62.71854359459512,65.28479282403063,60.25316984967451,5.031622974356125,0.9,63.0099983215332,0.2914547269380847,0.4625531418852335,True
mle_gbm,BZ=F,2025-11-12,62.709999084472656,2,2025-11-14,62.72708926894428,66.38732524318752,59.26865879504419,7.11866644814333,0.9,64.38999938964844,1.6629101207041543,2.5825596155720567,True
mle_gbm,BZ=F,2025-11-12,62.709999084472656,3,2025-11-17,62.73563610767869,67.24806863445839,58.52599364940521,8.722074985053183,0.9,64.19999694824219,1.4643608405635007,2.280935997152871,True
mle_gbm,BZ=F,2025-11-12,62.709999084472656,4,2025-11-18,62.744184110957036,67.98382675660662,57.90837067534,10.075456081266616,0.9,64.88999938964844,2.1458152786914013,3.3068505145242955,True
mle_gbm,BZ=F,2025-11-12,62.709999084472656,5,2025-11-19,62.752733278938074,68.6398226677083,57.370566836125214,11.269255831583088,0.9,63.5099983215332,0.7572650425951295,1.1923556331419034,True
mle_gbm,BZ=F,2025-11-12,62.709999084472656,6,2025-11-20,62.76128361178037,69.23923976070759,56.889398760176064,12.349841000531526,0.9,63.380001068115234,0.6187174563348634,0.9762029755567857,True
mle_gbm,BZ=F,2025-11-12,62.709999084472656,7,2025-11-21,62.76983510964276,69.79584435565565,56.45110014880812,13.344744206847523,0.9,62.560001373291016,-0.2098337363517473,0.33541197529661887,True
mle_gbm,BZ=F,2025-11-13,63.0099983215332,0,2025-11-13,63.0099983215332,63.0099983215332,63.0099983215332,0.0,0.9,63.0099983215332,0.0,0.0,True
mle_gbm,BZ=F,2025-11-13,63.0099983215332,1,2025-11-14,63.01871112651275,65.59668935258736,60.542048558281664,5.054640794305698,0.9,64.38999938964844,1.371288263135689,2.129660313921578,True
mle_gbm,BZ=F,2025-11-13,63.0099983215332,2,2025-11-17,63.027425136268896,66.70439106608936,59.55314568979651,7.151245376292849,0.9,64.19999694824219,1.1725718119732917,1.8264359310150982,True
mle_gbm,BZ=F,2025-11-13,63.0099983215332,3,2025-11-18,63.03614035096816,67.5692009603891,58.80719223949921,8.762008720889888,0.9,64.88999938964844,1.8538590386802767,2.8569256528241134,True
mle_gbm,BZ=F,2025-11-13,63.0099983215332,4,2025-11-19,63.04485677077728,68.30845640926587,58.1868508553894,10.12160555387647,0.9,63.5099983215332,0.46514155075592356,0.7323910613271365,True
mle_gbm,BZ=F,2025-11-13,63.0099983215332,5,2025-11-20,63.053574395862825,68.96758697744035,57.64669199453212,11.320894982908229,0.9,63.380001068115234,0.32642667225240984,0.5150310299010492,True
mle_gbm,BZ=F,2025-11-13,63.0099983215332,6,2025-11-21,63.06229322639146,69.56988187674574,57.163426466887124,12.406455409858616,0.9,62.560001373291016,-0.502291853100445,0.8028961669986318,True
mle_gbm,BZ=F,2025-11-13,63.0099983215332,7,2025-11-24,63.071013262529824,70.12917023597332,56.72322516546318,13.405945070510143,0.9,63.369998931884766,0.2989856693549413,0.47180949091748514,True
mle_gbm,BZ=F,2025-11-14,64.38999938964844,0,2025-11-14,64.38999938964844,64.38999938964844,64.38999938964844,0.0,0.9,64.38999938964844,0.0,0.0,True
mle_gbm,BZ=F,2025-11-14,64.38999938964844,1,2025-11-17,64.39950733158298,67.03384224626718,61.8686980423169,5.165144203950284,0.9,64.19999694824219,-0.19951038334079385,0.31076385175164173,True
mle_gbm,BZ=F,2025-11-14,64.38999938964844,2,2025-11-18,64.4090166774771,68.16639779143145,60.858745126194634,7.307652665236816,0.9,64.88999938964844,0.4809827121713397,0.7412277958012562,True
mle_gbm,BZ=F,2025-11-14,64.38999938964844,3,2025-11-19,64.41852742753822,69.05076801812972,60.097038672226674,8.953729345903042,0.9,63.5099983215332,-0.9085291060050196,1.4305292552605546,True
mle_gbm,BZ=F,2025-11-14,64.38999938964844,4,2025-11-20,64.42803958197364,69.80685190142958,59.46367972928677,10.343172172142815,0.9,63.380001068115234,-1.0480385138584012,1.6535791987949984,True
mle_gbm,BZ=F,2025-11-14,64.38999938964844,5,2025-11-21,64.4375531409907,70.48107031282947,58.91224744982607,11.568822863003405,0.9,62.560001373291016,-1.8775517676996856,3.001201608830648,True
mle_gbm,BZ=F,2025-11-14,64.38999938964844,6,2025-11-24,64.44706810479677,71.09722042266347,58.41894468746821,12.678275735195257,0.9,63.369998931884766,-1.0770691729120045,1.6996515560458287,True
mle_gbm,BZ=F,2025-11-14,64.38999938964844,7,2025-11-25,64.45658447359938,71.6694328520718,57.96964084503916,13.699792007032634,0.9,62.47999954223633,-1.9765849313630497,3.1635482487910123,True
mle_gbm,BZ=F,2025-11-17,64.19999694824219,0,2025-11-17,64.19999694824219,64.19999694824219,64.19999694824219,0.0,0.9,64.19999694824219,0.0,0.0,True
mle_gbm,BZ=F,2025-11-17,64.19999694824219,1,2025-11-18,64.20939002348943,66.83537358880292,61.68658220651129,5.148791382291634,0.9,64.88999938964844,0.680609366159004,1.0488663469884052,True
mle_gbm,BZ=F,2025-11-17,64.19999694824219,2,2025-11-19,64.21878447303364,67.96424212692305,60.679736139664286,7.284505987258768,0.9,63.5099983215332,-0.7087861515004334,1.1160229416351881,True
mle_gbm,BZ=F,2025-11-17,64.19999694824219,3,2025-11-20,64.22818029707597,68.84570851638063,59.92035281752041,8.925355698860216,0.9,63.380001068115234,-0.8481792289607313,1.3382442642264758,True
mle_gbm,BZ=F,2025-11-17,64.19999694824219,4,2025-11-21,64.23757749581745,69.59929269544543,59.28891232541488,10.31038037003055,0.9,62.560001373291016,-1.6775761225264318,2.6815474515680653,True
mle_gbm,BZ=F,2025-11-17,64.19999694824219,5,2025-11-24,64.24697606945918,70.27126885863045,58.73914049244772,11.532128366182732,0.9,63.369998931884766,-0.8769771375744142,1.3838995618684808,True
mle_gbm,BZ=F,2025-11-17,64.19999694824219,6,2025-11-25,64.25637601820242,70.88535901970589,58.24731532847007,12.638043691235815,0.9,62.47999954223633,-1.7763764759660887,2.8431121782663626,True
mle_gbm,BZ=F,2025-11-17,64.19999694824219,7,2025-11-26,64.26577734224831,71.45564919311532,57.799350842667415,13.656298350447905,0.9,63.130001068115234,-1.1357762741330788,1.7991070092135952,True
mle_gbm,BZ=F,2025-11-18,64.88999938964844,0,2025-11-18,64.88999938964844,64.88999938964844,64.88999938964844,0.0,0.9,64.88999938964844,0.0,0.0,True
mle_gbm,BZ=F,2025-11-18,64.88999938964844,1,2025-11-19,64.89979146135302,67.55353114245641,62.35029998424374,5.203231158212667,0.9,63.5099983215332,-1.3897931398198153,2.1883060566049535,True
mle_gbm,BZ=F,2025-11-18,64.88999938964844,2,2025-11-20,64.90958501070706,68.69464312533468,61.33308267684053,7.361560448494146,0.9,63.380001068115234,-1.5295839425918274,2.4133542392149305,True
mle_gbm,BZ=F,2025-11-18,64.88999938964844,3,2025-11-21,64.91938003793344,69.58574511563273,60.56593771477514,9.019807400857594,0.9,62.560001373291016,-2.3593786646424206,3.77138525071983,True
mle_gbm,BZ=F,2025-11-18,64.88999938964844,4,2025-11-24,64.9291765432552,70.34761902953564,59.92808320655724,10.419535822978396,0.9,63.369998931884766,-1.5591776113704299,2.4604349655210833,True
mle_gbm,BZ=F,2025-11-18,64.88999938964844,5,2025-11-25,64.93897452689545,71.02702743066871,59.372756613264805,11.654270817403905,0.9,62.47999954223633,-2.458974984659122,3.9356194024887285,True
mle_gbm,BZ=F,2025-11-18,64.88999938964844,6,2025-11-26,64.94877398907717,71.64794257944605,58.87598569919525,12.771956880250805,0.9,63.130001068115234,-1.8187729209619334,2.8809961827808874,True
mle_gbm,BZ=F,2025-11-18,64.88999938964844,7,2025-11-27,64.95857493002353,72.22459902102295,58.4235359439136,13.801063077109355,0.9,,,,
mle_gbm,BZ=F,2025-11-19,63.5099983215332,0,2025-11-19,63.5099983215332,63.5099983215332,63.5099983215332,0.0,0.9,63.5099983215332,0.0,0.0,True
mle_gbm,BZ=F,2025-11-19,63.5099983215332,1,2025-11-20,63.51898353798722,66.11614057473788,61.02384734841408,5.092293226323804,0.9,63.380001068115234,-0.13898246987198348,0.2192844233666348,True
mle_gbm,BZ=F,2025-11-19,63.5099983215332,2,2025-11-21,63.527970025644514,67.23228734728814,60.02775057662789,7.204536770660248,0.9,62.560001373291016,-0.9679686523534983,1.5472644359096144,True
mle_gbm,BZ=F,2025-11-19,63.5099983215332,3,2025-11-24,63.53695778468482,68.10373810892169,59.276408558900755,8.827329550020934,0.9,63.369998931884766,-0.1669588528000574,0.26346671234682895,True
mle_gbm,BZ=F,2025-11-19,63.5099983215332,4,2025-11-25,63.545946815288076,68.8487031734749,58.651611003867984,10.197092169606918,0.9,62.47999954223633,-1.0659472730517479,1.7060615890868727,True
mle_gbm,BZ=F,2025-11-19,63.5099983215332,5,2025-11-26,63.554937117634225,69.51294993684415,58.10759053811232,11.405359398731832,0.9,63.130001068115234,-0.42493604951899044,0.6731126917937134,True
mle_gbm,BZ=F,2025-11-19,63.5099983215332,6,2025-11-27,63.56392869190308,70.11994072709231,57.620884856057174,12.49905587103514,0.9,,,,
mle_gbm,BZ=F,2025-11-19,63.5099983215332,7,2025-11-28,63.57292153827465,70.68360742811385,57.17756209630217,13.506045331811677,0.9,63.20000076293945,-0.37292077533519574,0.5900645108122797,True
mle_gbm,BZ=F,2025-11-20,63.380001068115234,0,2025-11-20,63.380001068115234,63.380001068115234,63.380001068115234,0.0,0.9,63.380001068115234,0.0,0.0,True
mle_gbm,BZ=F,2025-11-20,63.380001068115234,1,2025-11-21,63.38890747086672,65.98017525276465,60.899407662330155,5.0807675904344975,0.9,62.560001373291016,-0.8289060975757039,1.324977748369411,True
mle_gbm,BZ=F,2025-11-20,63.380001068115234,2,2025-11-24,63.397815125180394,67.09372236956175,59.90549966072491,7.18822270883684,0.9,63.369998931884766,-0.02781619329562801,0.04389489311105579,True
mle_gbm,BZ=F,2025-11-20,63.380001068115234,3,2025-11-25,63.40672403123204,67.96312545183443,59.15579405220395,8.807331399630478,0.9,62.47999954223633,-0.9267244889957098,1.4832338280816508,True
mle_gbm,BZ=F,2025-11-20,63.380001068115234,4,2025-11-26,63.4156341891976,68.70632766690477,58.53234769168529,10.173979975219481,0.9,63.130001068115234,-0.2856331210823626,0.45245226714660386,True
mle_gbm,BZ=F,2025-11-20,63.380001068115234,5,2025-11-27,63.424545599252994,69.36899303253385,57.98949658365518,11.379496448878669,0.9,,,,
mle_gbm,BZ=F,2025-11-20,63.380001068115234,6,2025-11-28,63.43345826157423,69.97453090650646,57.503831392583635,12.470699513922824,0.9,63.20000076293945,-0.2334574986347775,0.36939477186158076,True
mle_gbm,BZ=F,2025-11-20,63.380001068115234,7,2025-12-01,63.44237217633718,70.5368417340574,57.06145169549769,13.475390038559716,0.9,63.16999816894531,-0.2723740073918677,0.43117621542969764,True
mle_gbm,BZ=F,2025-11-21,62.560001373291016,0,2025-11-21,62.560001373291016,62.560001373291016,62.560001373291016,0.0,0.9,62.560001373291016,0.0,0.0,True
mle_gbm,BZ=F,2025-11-21,62.560001373291016,1,2025-11-24,62.56843431420806,65.12576019627876,60.11152822988557,5.01423196639319,0.9,63.369998931884766,0.8015646176767035,1.2648960567890972,True
mle_gbm,BZ=F,2025-11-21,62.560001373291016,2,2025-11-25,62.576868391865666,66.22433892018941,59.13029139410663,7.094047526082782,0.9,62.47999954223633,-0.09686884962933817,0.15503977326993265,True
mle_gbm,BZ=F,2025-11-21,62.560001373291016,3,2025-11-26,62.58530360641715,67.08196085605294,58.39006757587915,8.691893280173794,0.9,63.130001068115234,0.5446974616980853,0.8628187113609808,True
mle_gbm,BZ=F,2025-11-21,62.560001373291016,4,2025-11-27,62.59373995801564,67.8150268065763,57.7744559934575,10.040570813118798,0.9,,,,
mle_gbm,BZ=F,2025-11-21,62.560001373291016,5,2025-11-28,62.602177446814466,68.46860391569415,57.238389523875455,11.230214391818691,0.9,63.20000076293945,0.5978233161249875,0.9459229571331773,True
mle_gbm,BZ=F,2025-11-21,62.560001373291016,6,2025-12-01,62.61061607296692,69.06579569599737,56.75876467551721,12.307031020480153,0.9,63.16999816894531,0.5593820959783926,0.8855186199029964,True
mle_gbm,BZ=F,2025-11-21,62.560001373291016,7,2025-12-02,62.619055836626316,69.62032106260232,56.32186255424827,13.298458508354045,0.9,62.45000076293945,-0.169055073686863,0.27070467833715006,True
mle_gbm,BZ=F,2025-11-24,63.369998931884766,0,2025-11-24,63.369998931884766,63.369998931884766,63.369998931884766,0.0,0.9,63.369998931884766,0.0,0.0,True
mle_gbm,BZ=F,2025-11-24,63.369998931884766,1,2025-11-25,63.37889183605593,65.96892546757543,60.89054660047216,5.078378867103268,0.9,62.47999954223633,-0.8988922938195998,1.4386880608280908,True
mle_gbm,BZ=F,2025-11-24,63.369998931884766,2,2025-11-26,63.38778598819525,67.0819225486929,59.89708195331878,7.184840595374119,0.9,63.130001068115234,-0.2577849200800131,0.40833979996590125,True
mle_gbm,BZ=F,2025-11-24,63.369998931884766,3,2025-11-27,63.39668138847797,67.95088976128835,59.147705426543126,8.803184334745225,0.9,,,,
mle_gbm,BZ=F,2025-11-24,63.369998931884766,4,2025-11-28,63.405578037079195,68.69371495712906,58.524529190554645,10.169185766574415,0.9,63.20000076293945,-0.20557727413974192,0.3252804931298239,True
mle_gbm,BZ=F,2025-11-24,63.369998931884766,5,2025-12-01,63.41447593417411,69.35604075514928,57.9819106486032,11.374130106546083,0.9,63.16999816894531,-0.24447776522880105,0.387015628170443,True
mle_gbm,BZ=F,2025-11-24,63.369998931884766,6,2025-12-02,63.423375079937856,69.96126555180805,57.49645142642114,12.464814125386916,0.9,62.45000076293945,-0.9733743169984024,1.5586458048148577,True
mle_gbm,BZ=F,2025-11-24,63.369998931884766,7,2025-12-03,63.432275474545776,70.52328328854551,57.05425760476737,13.469025683778142,0.9,62.66999816894531,-0.7622773056004633,1.216335292599693,True
mle_gbm,BZ=F,2025-11-25,62.47999954223633,0,2025-11-25,62.47999954223633,62.47999954223633,62.47999954223633,0.0,0.9,62.47999954223633,0.0,0.0,True
mle_gbm,BZ=F,2025-11-25,62.47999954223633,1,2025-11-26,62.48837962745232,65.04165030691654,60.03533997121474,5.006310335701798,0.9,63.130001068115234,0.6416214406629166,1.016349484883784,True
mle_gbm,BZ=F,2025-11-25,62.47999954223633,2,2025-11-27,62.49676083664119,66.13843581856838,59.055601583727814,7.082834234840568,0.9,,,,
mle_gbm,BZ=F,2025-11-25,62.47999954223633,3,2025-11-28,62.50514316995379,66.99464378777186,58.31649668998648,8.678147097785384,0.9,63.20000076293945,0.6948575929856631,1.099458203476998,True
mle_gbm,BZ=F,2025-11-25,62.47999954223633,4,2025-12-01,62.513526627540855,67.7264914350473,57.70180809026772,10.024683344779575,0.9,63.16999816894531,0.6564715414044571,1.0392141213123887,True
mle_gbm,BZ=F,2025-11-25,62.47999954223633,5,2025-12-02,62.52191120955317,68.378974867029,57.16653969874134,11.212435168287662,0.9,62.45000076293945,-0.07191044661371393,0.11514883224211059,True
mle_gbm,BZ=F,2025-11-25,62.47999954223633,6,2025-12-03,62.53029691614148,68.97516119912609,56.68762442080893,12.287536778317161,0.9,62.66999816894531,0.13970125280383172,0.22291568036626733,True
mle_gbm,BZ=F,2025-11-25,62.47999954223633,7,2025-12-04,62.538683747456744,69.52874774526573,56.25136496336107,13.277382781904663,0.9,63.2599983215332,0.7213145740764588,1.140238054402428,True
mle_gbm,BZ=F,2025-11-26,63.130001068115234,0,2025-11-26,63.130001068115234,63.130001068115234,63.130001068115234,0.0,0.9,63.130001068115234,0.0,0.0,True
mle_gbm,BZ=F,2025-11-26,63.130001068115234,1,2025-11-27,63.13874852206582,65.71812213590614,60.66061286243875,5.057509273467396,0.9,,,,
mle_gbm,BZ=F,2025-11-26,63.130001068115234,2,2025-11-28,63.147497188085914,66.82641299915846,59.67111239637437,7.155300602784095,0.9,63.20000076293945,0.05250357485353874,0.08307527566412133,True
mle_gbm,BZ=F,2025-11-26,63.130001068115234,3,2025-12-01,63.15624706634348,67.6916734767263,58.92469987281989,8.7669736039064,0.9,63.16999816894531,0.013751102601830212,0.021768407472568713,True
mle_gbm,BZ=F,2025-11-26,63.130001068115234,4,2025-12-02,63.164998157006494,68.43130769235616,58.30397118978775,10.127336502568404,0.9,62.45000076293945,-0.7149973940670407,1.144911745928034,True
mle_gbm,BZ=F,2025-11-26,63.130001068115234,5,2025-12-03,63.17375046024295,69.09077107555375,57.76347093953836,11.327300136015388,0.9,62.66999816894531,-0.5037522912976371,0.8038173065517338,True
mle_gbm,BZ=F,2025-11-26,63.130001068115234,6,2025-12-04,63.182503976220865,69.69336610795516,57.279896662208934,12.413469445746223,0.9,63.2599983215332,0.07749434531233845,0.12250133950123737,True
mle_gbm,BZ=F,2025-11-26,63.130001068115234,7,2025-12-05,63.19125870510833,70.25292980399658,56.839411365143754,13.413518438852826,0.9,63.75,0.5587412948916679,0.8764569331634007,True
mle_gbm,BZ=F,2025-11-28,63.20000076293945,0,2025-11-28,63.20000076293945,63.20000076293945,63.20000076293945,0.0,0.9,63.20000076293945,0.0,0.0,True
mle_gbm,BZ=F,2025-11-28,63.20000076293945,1,2025-12-01,63.20878452953353,65.79044821194196,60.72842715450267,5.062021057439296,0.9,63.16999816894531,-0.03878636058821883,0.06139997105031799,True
mle_gbm,BZ=F,2025-11-28,63.20000076293945,2,2025-12-02,63.217569516927504,66.89974643721887,59.73806043312862,7.1616860040902495,0.9,62.45000076293945,-0.7675687539880514,1.2290932659900944,True
mle_gbm,BZ=F,2025-11-28,63.20000076293945,3,2025-12-03,63.22635572529106,67.76579800135488,58.99099805806344,8.774799943291441,0.9,62.66999816894531,-0.5563575563457448,0.8877574159902164,True
mle_gbm,BZ=F,2025-11-28,63.20000076293945,4,2025-12-04,63.235143154793896,68.50611164876427,58.369731306730884,10.136380342033391,0.9,63.2599983215332,0.02485516673930732,0.03929049541382428,True
mle_gbm,BZ=F,2025-11-28,63.20000076293945,5,2025-12-05,63.24393180560578,69.1661833000116,57.82876428041164,11.337419019599956,0.9,63.75,0.5060681943942171,0.7938324617948503,True
mle_gbm,BZ=F,2025-11-28,63.20000076293945,6,2025-12-08,63.25272167789636,69.76933618693715,57.34477376911759,12.424562417819565,0.9,62.4900016784668,-0.7627199994295637,1.2205472538695523,True
mle_gbm,BZ=F,2025-11-28,63.20000076293945,7,2025-12-09,63.26151277183545,70.32941964119753,56.90391046305179,13.425509178145745,0.9,61.939998626708984,-1.3215141451264643,2.1335391902262937,True
mle_gbm,BZ=F,2025-12-01,63.16999816894531,0,2025-12-01,63.16999816894531,63.16999816894531,63.16999816894531,0.0,0.9,63.16999816894531,0.0,0.0,True
mle_gbm,BZ=F,2025-12-01,63.16999816894531,1,2025-12-02,63.17876093414084,65.75862737952252,60.70010874978066,5.058518629741862,0.9,62.45000076293945,-0.7287601712013867,1.166949819532852,True
mle_gbm,BZ=F,2025-12-01,63.16999816894531,2,2025-12-03,63.1875249148826,66.86713076704677,59.710402690652906,7.156728076393868,0.9,62.66999816894531,-0.517526745937289,0.8257966508027401,True
mle_gbm,BZ=F,2025-12-01,63.16999816894531,3,2025-12-04,63.19629011133922,67.73255513724092,58.963833207595684,8.768721929645238,0.9,63.2599983215332,0.06370821019397965,0.10070852337075369,True
mle_gbm,BZ=F,2025-12-01,63.16999816894531,4,2025-12-05,63.205056523679346,68.47232807399726,58.342972738480306,10.129355335516955,0.9,63.75,0.544943476320654,0.8548132961892613,True
mle_gbm,BZ=F,2025-12-01,63.16999816894531,5,2025-12-08,63.21382415207163,69.13191409372693,57.80235678866633,11.329557305060604,0.9,62.4900016784668,-0.7238224736048338,1.1583012548617888,True
mle_gbm,BZ=F,2025-12-01,63.16999816894531,6,2025-12-09,63.22259299668477,69.73462033829622,57.318678238065424,12.4159421002308,0.9,61.939998626708984,-1.282594369975783,2.0707045502301944,True
mle_gbm,BZ=F,2025-12-01,63.16999816894531,7,2025-12-10,63.23136305768747,70.29428659048179,56.87809732568594,13.416189264795847,0.9,62.209999084472656,-1.021363973214811,1.641800334746732,True
mle_gbm,BZ=F,2025-12-02,62.45000076293945,0,2025-12-02,62.45000076293945,62.45000076293945,62.45000076293945,0.0,0.9,62.45000076293945,0.0,0.0,True
mle_gbm,BZ=F,2025-12-02,62.45000076293945,1,2025-12-03,62.45834927488201,65.0083619837802,60.00836315667325,4.999998827106957,0.9,62.66999816894531,0.2116488940633019,0.3377196429665442,True
mle_gbm,BZ=F,2025-12-02,62.45000076293945,2,2025-12-04,62.466698902879855,66.10370159628843,59.029802833948175,7.0738987623402565,0.9,63.2599983215332,0.7932994186533477,1.254030097536874,True
mle_gbm,BZ=F,2025-12-02,62.45000076293945,3,2025-12-05,62.4750496470821,66.95876550617115,58.29157390970189,8.667191596469259,0.9,63.75,1.274950352917898,1.9999221222241539,True
mle_gbm,BZ=F,2025-12-02,62.45000076293945,4,2025-12-08,62.483401507638014,67.68962473749295,57.67760538052145,10.0120193569715,0.9,62.4900016784668,0.0066001708287828365,0.010561962956479109,True
mle_gbm,BZ=F,2025-12-02,62.45000076293945,5,2025-12-09,62.49175448469684,68.3412188354031,57.1429577219157,11.198261113487398,0.9,61.939998626708984,-0.5517558579878568,0.8907908786261024,True
mle_gbm,BZ=F,2025-12-02,62.45000076293945,6,2025-12-10,62.5001085784079,68.93658593965304,56.66459281479811,12.27199312485493,0.9,62.209999084472656,-0.29010949393524044,0.4663390101345468,True
mle_gbm,BZ=F,2025-12-02,62.45000076293945,7,2025-12-11,62.50846378892034,69.4894061702207,56.22883055986195,13.260575610358757,0.9,61.279998779296875,-1.2284650096234628,2.0046753167340032,True
mle_gbm,BZ=F,2025-12-03,62.66999816894531,0,2025-12-03,62.66999816894531,62.66999816894531,62.66999816894531,0.0,0.9,62.66999816894531,0.0,0.0,True
mle_gbm,BZ=F,2025-12-03,62.66999816894531,1,2025-12-04,62.678468040348825,65.23691247963096,60.220360016450186,5.016552463180773,0.9,63.2599983215332,0.5815302811843779,0.9192701495637403,True
mle_gbm,BZ=F,2025-12-03,62.66999816894531,2,2025-12-05,62.686939056458236,66.3359664794599,59.238638355934356,7.097328123525543,0.9,63.75,1.063060943541764,1.6675465781047276,True
mle_gbm,BZ=F,2025-12-03,62.66999816894531,3,2025-12-08,62.69541121742839,67.19395161392818,58.4980417628493,8.69590985107888,0.9,62.4900016784668,-0.20540953896159664,0.32870784676643394,True
mle_gbm,BZ=F,2025-12-03,62.66999816894531,4,2025-12-09,62.70388452341391,67.92732268072497,57.88211546045971,10.045207220265262,0.9,61.939998626708984,-0.7638858967049273,1.2332675389752659,True
mle_gbm,BZ=F,2025-12-03,62.66999816894531,5,2025-12-10,62.712358974569646,68.58116774575004,57.34577140382686,11.235396341923177,0.9,62.209999084472656,-0.5023598900969901,0.8075227415047124,True
mle_gbm,BZ=F,2025-12-03,62.66999816894531,6,2025-12-11,62.720834571050254,69.17860105530558,56.86589536761594,12.312705687689636,0.9,61.279998779296875,-1.4408357917533792,2.3512333884708854,True
mle_gbm,BZ=F,2025-12-03,62.66999816894531,7,2025-12-12,62.72931131301065,69.73334790295384,56.42876207923934,13.304585823714497,0.9,61.119998931884766,-1.609312381125882,2.6330373187986824,True
mle_gbm,BZ=F,2025-12-04,63.2599983215332,0,2025-12-04,63.2599983215332,63.2599983215332,63.2599983215332,0.0,0.9,63.2599983215332,0.0,0.0,True
mle_gbm,BZ=F,2025-12-04,63.2599983215332,1,2025-12-05,63.26880120422684,65.85085343885056,60.78799281678448,5.062860622066083,0.9,63.75,0.48119879577316027,0.7548216404284867,True
mle_gbm,BZ=F,2025-12-04,63.2599983215332,2,2025-12-08,63.277605311876954,66.96031276814462,59.79744072985496,7.162872038289656,0.9,62.4900016784668,-0.787603633410157,1.2603674383986367,True
mle_gbm,BZ=F,2025-12-04,63.2599983215332,3,2025-12-09,63.286410644653984,67.8264846722513,59.050233719724844,8.776250952526453,0.9,61.939998626708984,-1.3464120179449992,2.1737359505920564,True
mle_gbm,BZ=F,2025-12-04,63.2599983215332,4,2025-12-10,63.295217202728416,68.56689747857934,58.42884348080869,10.138053997770648,0.9,62.209999084472656,-1.08521811825576,1.744443231356076,True
mle_gbm,BZ=F,2025-12-04,63.2599983215332,5,2025-12-11,63.30402498627076,69.2270547018943,57.887766520171425,11.339288181722878,0.9,61.279998779296875,-2.024026206973886,3.302914894407101,True
mle_gbm,BZ=F,2025-12-04,63.2599983215332,6,2025-12-12,63.31283399545148,69.83028347315667,57.40367572869015,12.426607744466516,0.9,61.119998931884766,-2.1928350635667115,3.587753766178102,True
mle_gbm,BZ=F,2025-12-04,63.2599983215332,7,2025-12-15,63.32164423044124,70.39043544281279,56.962719477763585,13.427715965049202,0.9,60.560001373291016,-2.761642857150221,4.560176344989645,True
mle_gbm,BZ=F,2025-12-05,63.75,0,2025-12-05,63.75,63.75,63.75,0.0,0.9,63.75,0.0,0.0,True
mle_gbm,BZ=F,2025-12-05,63.75,1,2025-12-08,63.75908038039179,66.36062201153968,61.25952722755291,5.101094783986767,0.9,62.4900016784668,-1.2690787019249896,2.03085080466928,True
mle_gbm,BZ=F,2025-12-05,63.75,2,2025-12-09,63.76816205416883,67.47867275150895,60.26168455833782,7.216988193171133,0.9,61.939998626708984,-1.8281634274598488,2.951507051973894,True
mle_gbm,BZ=F,2025-12-05,63.75,3,2025-12-10,63.77724502151528,68.35160433735814,59.50901989744882,8.842584439909317,0.9,62.209999084472656,-1.567245937042621,2.519283009335068,True
mle_gbm,BZ=F,2025-12-05,63.75,4,2025-12-11,63.786329282615476,69.09783144920205,58.88311858732341,10.214712861878638,0.9,61.279998779296875,-2.506330503318601,4.089965002031547,True
mle_gbm,BZ=F,2025-12-05,63.75,5,2025-12-12,63.79541483765361,69.76320061401333,58.33813412354826,11.42506649046507,0.9,61.119998931884766,-2.675415905768844,4.377316676249396,True
mle_gbm,BZ=F,2025-12-05,63.75,6,2025-12-15,63.80450168681408,70.37121472916677,57.85056363131596,12.52065109785081,0.9,60.560001373291016,-3.244500313523062,5.357497093707127,True
mle_gbm,BZ=F,2025-12-05,63.75,7,2025-12-16,63.81358983028111,70.9358297704915,57.40645115737175,13.529378613119746,0.9,58.91999816894531,-4.8935916613357975,8.305485087260305,True
mle_gbm,BZ=F,2025-12-08,62.4900016784668,0,2025-12-08,62.4900016784668,62.4900016784668,62.4900016784668,0.0,0.9,62.4900016784668,0.0,0.0,True
mle_gbm,BZ=F,2025-12-08,62.4900016784668,1,2025-12-09,62.498358396844615,65.04828087686468,60.04839404894522,4.999886827919461,0.9,61.939998626708984,-0.5583597701356311,0.9014526679289628,True
mle_gbm,BZ=F,2025-12-08,62.4900016784668,2,2025-12-10,62.506716232757064,66.14357012159992,59.06983198849908,7.073738133100839,0.9,62.209999084472656,-0.296717148284408,0.47696054115272807,True
mle_gbm,BZ=F,2025-12-08,62.4900016784668,3,2025-12-11,62.515075186353606,66.99858852699327,58.33159640342101,8.666992123572264,0.9,61.279998779296875,-1.2350764070567308,2.0154641508804905,True
mle_gbm,BZ=F,2025-12-08,62.4900016784668,4,2025-12-12,62.52343525778365,67.7294046318665,57.717618775509,10.011785856357498,0.9,61.119998931884766,-1.4034363258988876,2.2961982173182767,True
mle_gbm,BZ=F,2025-12-08,62.4900016784668,5,2025-12-15,62.53179644719681,68.38095703415395,57.18296052745549,11.197996506698459,0.9,60.560001373291016,-1.9717950739057954,3.2559363097627387,True
mle_gbm,BZ=F,2025-12-08,62.4900016784668,6,2025-12-16,62.540158754742514,68.9762833953613,56.70458401838786,12.271699376973444,0.9,58.91999816894531,-3.6201605857972012,6.144196704515959,True
mle_gbm,BZ=F,2025-12-08,62.4900016784668,7,2025-12-17,62.5485221805703,69.52906355575698,56.26880942867751,13.26025412707947,0.9,59.68000030517578,-2.8685218753945207,4.806504458321436,True
mle_gbm,BZ=F,2025-12-09,61.939998626708984,0,2025-12-09,61.939998626708984,61.939998626708984,61.939998626708984,0.0,0.9,61.939998626708984,0.0,0.0,True
mle_gbm,BZ=F,2025-12-09,61.939998626708984,1,2025-12-10,61.948041130858755,64.475028641126,59.52009453630153,4.954934104824474,0.9,62.209999084472656,0.2619579536139014,0.421086573652249,True
mle_gbm,BZ=F,2025-12-09,61.939998626708984,2,2025-12-11,61.95608467927515,65.5602076520163,58.55009564887275,7.010112003143554,0.9,61.279998779296875,-0.6760858999782755,1.103273357450992,True
mle_gbm,BZ=F,2025-12-09,61.939998626708984,3,2025-12-12,61.964129272093814,66.40726928873067,57.81826835485202,8.589000933878651,0.9,61.119998931884766,-0.8441303402090483,1.3811033294516089,True
mle_gbm,BZ=F,2025-12-09,61.939998626708984,4,2025-12-15,61.97217490945024,67.13124001849008,57.209586206804524,9.921653811685552,0.9,60.560001373291016,-1.412173536159223,2.3318584942800853,True
mle_gbm,BZ=F,2025-12-09,61.939998626708984,5,2025-12-16,61.98022159148012,67.77665516919478,56.67951389662266,11.097141272572124,0.9,58.91999816894531,-3.060223422534804,5.193862046227526,True
mle_gbm,BZ=F,2025-12-09,61.939998626708984,6,2025-12-17,61.98826931831908,68.3663457607146,56.20522042423544,12.161125336479152,0.9,59.68000030517578,-2.3082690131432955,3.8677429647115966,True
mle_gbm,BZ=F,2025-12-09,61.939998626708984,7,2025-12-18,61.99631809010285,68.91386898332198,55.77314861917562,13.140720364146354,0.9,59.81999969482422,-2.176318395278628,3.6381116790057897,True
mle_gbm,BZ=F,2025-12-10,62.209999084472656,0,2025-12-10,62.209999084472656,62.209999084472656,62.209999084472656,0.0,0.9,62.209999084472656,0.0,0.0,True
mle_gbm,BZ=F,2025-12-10,62.209999084472656,1,2025-12-11,62.21819025324036,64.75565435427075,59.78015722318321,4.975497131087536,0.9,61.279998779296875,-0.9381914739434833,1.5309913391519947,True
mle_gbm,BZ=F,2025-12-10,62.209999084472656,2,2025-12-12,62.22638250053642,65.8454479579968,58.80623185331073,7.039216104686069,0.9,61.119998931884766,-1.1063835686516512,1.81018257196742,True
mle_gbm,BZ=F,2025-12-10,62.209999084472656,3,2025-12-15,62.234575826502756,66.69613891650773,58.071463974147576,8.624674942360159,0.9,60.560001373291016,-1.67457445321174,2.765149298609962,True
mle_gbm,BZ=F,2025-12-10,62.209999084472656,4,2025-12-16,62.242770231281504,67.42323042245313,57.46035041320029,9.962880009252842,0.9,58.91999816894531,-3.322772062336192,5.639463960620946,True
mle_gbm,BZ=F,2025-12-10,62.209999084472656,5,2025-12-17,62.25096571501461,68.07144229684448,56.92817136961945,11.143270927225032,0.9,59.68000030517578,-2.570965409838827,4.307917889899639,True
mle_gbm,BZ=F,2025-12-10,62.209999084472656,6,2025-12-18,62.25916227784423,68.66370009939571,56.45200130386005,12.21169879553566,0.9,59.81999969482422,-2.439162583020014,4.077503502948123,True
mle_gbm,BZ=F,2025-12-10,62.209999084472656,7,2025-12-19,62.26735991991235,69.21361713515013,56.018226931053704,13.195390204096427,0.9,60.470001220703125,-1.7973586992092265,2.9723146401952847,True
mle_gbm,BZ=F,2025-12-11,61.279998779296875,0,2025-12-11,61.279998779296875,61.279998779296875,61.279998779296875,0.0,0.9,61.279998779296875,0.0,0.0,True
mle_gbm,BZ=F,2025-12-11,61.279998779296875,1,2025-12-12,61.287664726364376,63.786842911820365,58.88640472148512,4.900438190335244,0.9,61.119998931884766,-0.1676657944796105,0.27432231251585226,True
mle_gbm,BZ=F,2025-12-11,61.279998779296875,2,2025-12-15,61.29533163241917,64.8597643171001,57.92678588160846,6.932978435491641,0.9,60.560001373291016,-0.7353302591281548,1.2142177055043133,True
mle_gbm,BZ=F,2025-12-11,61.279998779296875,3,2025-12-16,61.30299949758134,65.6971789863065,57.20272628728494,8.494452699021558,0.9,58.91999816894531,-2.383001328636027,4.044469454671545,True
mle_gbm,BZ=F,2025-12-11,61.279998779296875,4,2025-12-17,61.31066832197083,66.41285008940933,56.60046278733871,9.812387302070626,0.9,59.68000030517578,-1.630668016795049,2.732352561086747,True
mle_gbm,BZ=F,2025-12-11,61.279998779296875,5,2025-12-18,61.31833810570762,67.05082407243921,56.07594895453899,10.974875117900226,0.9,59.81999969482422,-1.4983384108833988,2.5047449323424833,True
mle_gbm,BZ=F,2025-12-11,61.279998779296875,6,2025-12-19,61.32600884891168,67.63368144485197,55.60660429823545,12.02707714661652,0.9,60.470001220703125,-0.8560076282085518,1.4155905588364373,True
mle_gbm,BZ=F,2025-12-11,61.279998779296875,7,2025-12-22,61.33368055170313,68.17483070908081,55.1790203348066,12.995810374274207,0.9,62.06999969482422,0.7363191431210865,1.1862721874356403,True
mle_gbm,BZ=F,2025-12-12,61.119998931884766,0,2025-12-12,61.119998931884766,61.119998931884766,61.119998931884766,0.0,0.9,61.119998931884766,0.0,0.0,True
mle_gbm,BZ=F,2025-12-12,61.119998931884766,1,2025-12-15,61.12757246522094,63.61967968825248,58.73308595391758,4.886593734334902,0.9,60.560001373291016,-0.5675710919299277,0.9372045559104718,True
mle_gbm,BZ=F,2025-12-12,61.119998931884766,2,2025-12-16,61.13514693701273,64.68948412806192,57.776101346104696,6.913382781957225,0.9,58.91999816894531,-2.215148768067415,3.7595872995714776,True
mle_gbm,BZ=F,2025-12-12,61.119998931884766,3,2025-12-17,61.14272234737637,65.5244450074016,57.054012370895585,8.470432636506011,0.9,59.68000030517578,-1.462722042200589,2.450941747186509,True
mle_gbm,BZ=F,2025-12-12,61.119998931884766,4,2025-12-18,61.150298696428294,66.23800457139505,56.45337680171068,9.78462776968437,0.9,59.81999969482422,-1.3302990016040752,2.2238365235551414,True
mle_gbm,BZ=F,2025-12-12,61.119998931884766,5,2025-12-19,61.15787598428474,66.8740850731351,55.930272404006516,10.94381266912859,0.9,60.470001220703125,-0.6878747635816183,1.1375471303051843,True
mle_gbm,BZ=F,2025-12-12,61.119998931884766,6,2025-12-22,61.16545421106206,67.45520338442843,55.4621823245316,11.993021059896833,0.9,62.06999969482422,0.9045454837621563,1.4572989982430802,True
mle_gbm,BZ=F,2025-12-12,61.119998931884766,7,2025-12-23,61.17303337687659,67.994730236642,55.03573585047974,12.95899438616226,0.9,62.380001068115234,1.2069676912386456,1.9348632102790586,True
mle_gbm,BZ=F,2025-12-15,60.560001373291016,0,2025-12-15,60.560001373291016,60.560001373291016,60.560001373291016,0.0,0.9,60.560001373291016,0.0,0.0,True
mle_gbm,BZ=F,2025-12-15,60.560001373291016,1,2025-12-16,60.5672613513504,63.03606117011362,58.19515178308804,4.840909387025576,0.9,58.91999816894531,-1.6472631824050907,2.7957624467023594,True
mle_gbm,BZ=F,2025-12-15,60.560001373291016,2,2025-12-17,60.57452219974137,64.09559784303893,57.246875966622405,6.848721876416526,0.9,59.68000030517578,-0.8945218945655853,1.4988637566880296,True
mle_gbm,BZ=F,2025-12-15,60.560001373291016,3,2025-12-18,60.58178391856824,64.9224796597371,56.531305673960695,8.391173985776412,0.9,59.81999969482422,-0.7617842237440229,1.2734607616688678,True
mle_gbm,BZ=F,2025-12-15,60.560001373291016,4,2025-12-19,60.58904650793538,65.62908979340423,55.93605774964896,9.693032043755274,0.9,60.470001220703125,-0.11904528723225383,0.19686668567735413,True
mle_gbm,BZ=F,2025-12-15,60.560001373291016,5,2025-12-22,60.59630996794708,66.25894064296226,55.41761981251262,10.84132083044964,0.9,62.06999969482422,1.47368972687714,2.3742383343366207,True
mle_gbm,BZ=F,2025-12-15,60.560001373291016,6,2025-12-23,60.603574298707834,66.8343390622424,54.95368502647345,11.880654035768956,0.9,62.380001068115234,1.7764267694074007,2.8477504632737163,True
mle_gbm,BZ=F,2025-12-15,60.560001373291016,7,2025-12-24,60.610839500321966,67.36853112716176,54.531007333372465,12.837523793789295,0.9,62.2400016784668,1.6291621781448313,2.6175484161474136,True
mle_gbm,BZ=F,2025-12-16,58.91999816894531,0,2025-12-16,58.91999816894531,58.91999816894531,58.91999816894531,0.0,0.9,58.91999816894531,0.0,0.0,True
mle_gbm,BZ=F,2025-12-16,58.91999816894531,1,2025-12-17,58.92635966666233,61.3284267161909,56.618375025885776,4.7100516903051215,0.9,59.68000030517578,0.7536406385134526,1.262802672016898,True
mle_gbm,BZ=F,2025-12-16,58.91999816894531,2,2025-12-18,58.932721851220016,62.35858222365868,55.69507164766157,6.663510575997108,0.9,59.81999969482422,0.8872778436042026,1.483246152007206,True
mle_gbm,BZ=F,2025-12-16,58.91999816894531,3,2025-12-19,58.93908472269262,63.16235281226667,54.998199928899645,8.164152883367024,0.9,60.470001220703125,1.5309164980105052,2.531695827858467,True
mle_gbm,BZ=F,2025-12-16,58.91999816894531,4,2025-12-22,58.945448281154206,63.84908792438856,54.41841044277528,9.43067748161328,0.9,62.06999969482422,3.1245514136700123,5.0339156259582785,True
mle_gbm,BZ=F,2025-12-16,58.91999816894531,5,2025-12-23,58.95181252667904,64.46112590626697,53.91336485859982,10.547761047667152,0.9,62.380001068115234,3.4281885414361923,5.495653226573073,True
mle_gbm,BZ=F,2025-12-16,58.91999816894531,6,2025-12-24,58.958177459341215,65.02017199347108,53.46135795636184,11.558814037109244,0.9,62.2400016784668,3.281824219125582,5.2728536803060475,True
mle_gbm,BZ=F,2025-12-16,58.91999816894531,7,2025-12-25,58.964543079215005,65.53911516838056,53.04950076924443,12.48961439913613,0.9,,,,
mle_gbm,BZ=F,2025-12-17,59.68000030517578,0,2025-12-17,59.68000030517578,59.68000030517578,59.68000030517578,0.0,0.9,59.68000030517578,0.0,0.0,True
mle_gbm,BZ=F,2025-12-17,59.68000030517578,1,2025-12-18,59.68677137358985,62.119446491741826,57.349362851724464,4.770083640017361,0.9,59.81999969482422,0.13322832123436967,0.222715349237785,True
mle_gbm,BZ=F,2025-12-17,59.68000030517578,2,2025-12-19,59.69354321022395,63.16307168525601,56.41459488776968,6.748476797486326,0.9,60.470001220703125,0.7764580104791747,1.2840383575407284,True
mle_gbm,BZ=F,2025-12-17,59.68000030517578,3,2025-12-22,59.70031581516512,63.977435372682436,55.70913694287114,8.268298429811296,0.9,62.06999969482422,2.3696838796590995,3.8177604177702267,True
mle_gbm,BZ=F,2025-12-17,59.68000030517578,4,2025-12-23,59.707089188500625,64.67327878798218,55.12224779959691,9.551030988385271,0.9,62.380001068115234,2.6729118796146096,4.28488591511236,True
mle_gbm,BZ=F,2025-12-17,59.68000030517578,5,2025-12-24,59.71386333031755,65.29347890605854,54.611050499577225,10.682428406481314,0.9,62.2400016784668,2.526138348149246,4.0587054627654595,True
mle_gbm,BZ=F,2025-12-17,59.68000030517578,6,2025-12-25,59.72063824070319,65.86001697410711,54.15356381215529,11.70645316195182,0.9,,,,
mle_gbm,BZ=F,2025-12-17,59.68000030517578,7,2025-12-26,59.72741391974463,66.38594580425038,53.73673494175185,12.649210862498535,0.9,60.63999938964844,0.9125854699038101,1.5049232834583326,True
mle_gbm,BZ=F,2025-12-18,59.81999969482422,0,2025-12-18,59.81999969482422,59.81999969482422,59.81999969482422,0.0,0.9,59.81999969482422,0.0,0.0,True
mle_gbm,BZ=F,2025-12-18,59.81999969482422,1,2025-12-19,59.82684421808215,62.26469602795926,57.48444170493416,4.780254323025098,0.9,60.470001220703125,0.6431570026209741,1.06359680773543,True
mle_gbm,BZ=F,2025-12-18,59.81999969482422,2,2025-12-22,59.83368952448107,63.31059818850315,56.54772667686019,6.762871511642963,0.9,62.06999969482422,2.2363101703431454,3.6028841329761163,True
mle_gbm,BZ=F,2025-12-18,59.81999969482422,3,2025-12-23,59.84053561411072,64.12675140304843,55.84080940069929,8.285942002349138,0.9,62.380001068115234,2.539465454004514,4.070960901766528,True
mle_gbm,BZ=F,2025-12-18,59.81999969482422,4,2025-12-24,59.84738248706067,64.82413272365473,55.25271284108593,9.571419882568797,0.9,62.2400016784668,2.3926191914061263,3.844182401803986,True
mle_gbm,BZ=F,2025-12-18,59.81999969482422,5,2025-12-25,59.85423014342048,65.44571039024575,54.74046877479532,10.705241615450433,0.9,,,,
mle_gbm,BZ=F,2025-12-18,59.81999969482422,6,2025-12-26,59.8610785832799,66.0135124185479,54.28204920280521,11.731463215742693,0.9,60.63999938964844,0.7789208063685393,1.2845000234309125,True
mle_gbm,BZ=F,2025-12-18,59.81999969482422,7,2025-12-29,59.867927806728524,66.54061938138095,53.864373569004734,12.676245812376216,0.9,61.939998626708984,2.0720708199804605,3.3452871584129613,True
mle_gbm,BZ=F,2025-12-19,60.470001220703125,0,2025-12-19,60.470001220703125,60.470001220703125,60.470001220703125,0.0,0.9,60.470001220703125,0.0,0.0,True
mle_gbm,BZ=F,2025-12-19,60.470001220703125,1,2025-12-22,60.47719909693738,62.941114685999274,58.10973683667827,4.831377849321001,0.9,62.06999969482422,1.5928005978868356,2.5661359847237977,True
mle_gbm,BZ=F,2025-12-19,60.470001220703125,2,2025-12-23,60.48439782995053,63.9984902048048,57.163260713563936,6.835229491240867,0.9,62.380001068115234,1.8956032381647034,3.0387996244097817,True
mle_gbm,BZ=F,2025-12-19,60.470001220703125,3,2025-12-24,60.49159741984464,64.82366713581287,56.44903351021548,8.37463362559739,0.9,62.2400016784668,1.748404258622159,2.8091327305138156,True
mle_gbm,BZ=F,2025-12-19,60.470001220703125,4,2025-12-25,60.49879786672159,65.52880777272651,55.85489295048329,9.67391482224322,0.9,,,,
mle_gbm,BZ=F,2025-12-19,60.470001220703125,5,2025-12-26,60.5059991706835,66.15733904652814,55.33741212094407,10.819926925584063,0.9,60.63999938964844,0.1340002189649354,0.22097661661225204,True
mle_gbm,BZ=F,2025-12-19,60.470001220703125,6,2025-12-29,60.51320133183229,66.73152402086528,54.874327975514255,11.857196045351024,0.9,61.939998626708984,1.4267972948766925,2.3035152187773007,True
mle_gbm,BZ=F,2025-12-19,60.470001220703125,7,2025-12-30,60.52040435027009,67.26458278328859,54.45242044421288,12.812162339075705,0.9,61.91999816894531,1.3995938186752213,2.2603260013937763,True
mle_gbm,BZ=F,2025-12-22,62.06999969482422,0,2025-12-22,62.06999969482422,62.06999969482422,62.06999969482422,0.0,0.9,62.06999969482422,0.0,0.0,True
mle_gbm,BZ=F,2025-12-22,62.06999969482422,1,2025-12-23,62.0780839235853,64.6073028046983,59.64787781457199,4.959424990126315,0.9,62.380001068115234,0.3019171445299378,0.48399669663400985,True
mle_gbm,BZ=F,2025-12-22,62.06999969482422,2,2025-12-24,62.08616920526654,65.69344001117979,58.67697605619362,7.016463954986172,0.9,62.2400016784668,0.15383247320025362,0.24716013665127376,True
mle_gbm,BZ=F,2025-12-22,62.06999969482422,3,2025-12-25,62.0942555400051,66.54124364378751,57.94446210996589,8.59678153382162,0.9,,,,
mle_gbm,BZ=F,2025-12-22,62.06999969482422,4,2025-12-26,62.102342927938125,67.26584451000063,57.335205188211646,9.930639321788988,0.9,60.63999938964844,-1.4623435382896872,2.411516413272453,True
mle_gbm,BZ=F,2025-12-22,62.06999969482422,5,2025-12-29,62.11043136920277,67.91181834696944,56.804629573588755,11.107188773380685,0.9,61.939998626708984,-0.17043274249378726,0.27515780799564854,True
mle_gbm,BZ=F,2025-12-22,62.06999969482422,6,2025-12-30,62.118520863936304,68.50201689591833,56.329883544687426,12.172133351230904,0.9,61.91999816894531,-0.1985226949909915,0.3206115969986518,True
mle_gbm,BZ=F,2025-12-22,62.06999969482422,7,2025-12-31,62.12661141227581,69.05000965482657,55.89739762334887,13.152612031477695,0.9,60.849998474121094,-1.276612938154713,2.0979670832656536,True
mle_gbm,BZ=F,2025-12-23,62.380001068115234,0,2025-12-23,62.380001068115234,62.380001068115234,62.380001068115234,0.0,0.9,62.380001068115234,0.0,0.0,True
mle_gbm,BZ=F,2025-12-23,62.380001068115234,1,2025-12-24,62.388256142389686,64.92957565650237,59.94640293169128,4.983172724811084,0.9,62.2400016784668,-0.1482544639228891,0.23819803972495837,True
mle_gbm,BZ=F,2025-12-23,62.380001068115234,2,2025-12-25,62.396512309101645,66.02104278744635,58.970967194116696,7.050075593329652,0.9,,,,
mle_gbm,BZ=F,2025-12-23,62.380001068115234,3,2025-12-26,62.40476956839565,66.8730384848901,58.235057851670454,8.637980633219648,0.9,60.63999938964844,-1.764770178747213,2.9102410892313904,True
mle_gbm,BZ=F,2025-12-23,62.380001068115234,4,2025-12-29,62.41302792041624,67.60124411347608,57.62299355993841,9.978250553537677,0.9,61.939998626708984,-0.4730292937072562,0.7636895450354151,True
mle_gbm,BZ=F,2025-12-23,62.380001068115234,5,2025-12-30,62.421287365308125,68.25044847622803,57.08998553613192,11.16046294009611,0.9,61.91999816894531,-0.5012891963628121,0.8095755994615376,True
mle_gbm,BZ=F,2025-12-23,62.380001068115234,6,2025-12-31,62.42954790321588,68.84361249567299,56.61307287796514,12.230539617707848,0.9,60.849998474121094,-1.579549429094783,2.595808494172025,True
mle_gbm,BZ=F,2025-12-23,62.380001068115234,7,2026-01-01,62.43780953428415,69.39437047504877,56.17862130244801,13.215749172600766,0.9,,,,
mle_gbm,BZ=F,2025-12-24,62.2400016784668,0,2025-12-24,62.2400016784668,62.2400016784668,62.2400016784668,0.0,0.9,62.2400016784668,0.0,0.0,True
mle_gbm,BZ=F,2025-12-24,62.2400016784668,1,2025-12-25,62.2481744181745,64.78323593584823,59.81231351630135,4.9709224195468735,0.9,,,,
mle_gbm,BZ=F,2025-12-24,62.2400016784668,2,2025-12-26,62.256348231045344,65.87194311907679,58.83920697555253,7.032736143524261,0.9,60.63999938964844,-1.6163488413969063,2.6654829446994115,True
mle_gbm,BZ=F,2025-12-24,62.2400016784668,3,2025-12-29,62.264523117220286,66.72176563695852,58.10503966740626,8.616725969552263,0.9,61.939998626708984,-0.32452449051130117,0.5239336417604694,True
mle_gbm,BZ=F,2025-12-24,62.2400016784668,4,2025-12-30,62.27269907684014,67.44810089242768,57.49441420892627,9.953686683501402,0.9,61.91999816894531,-0.3527009078948282,0.5696074262349026,True
mle_gbm,BZ=F,2025-12-24,62.2400016784668,5,2025-12-31,62.28087611004592,68.09562780096884,56.96265170463265,11.132976096336193,0.9,60.849998474121094,-1.4308776359248228,2.3514834376427487,True
mle_gbm,BZ=F,2025-12-24,62.2400016784668,6,2026-01-01,62.2890542169786,68.68725097828596,56.48684755883238,12.200403419453579,0.9,,,,
mle_gbm,BZ=F,2025-12-24,62.2400016784668,7,2026-01-02,62.297233397779166,69.23657130798959,56.053400907932144,13.183170400057449,0.9,60.75,-1.5472333977791664,2.5468862514883397,True
mle_gbm,BZ=F,2025-12-26,60.63999938964844,0,2025-12-26,60.63999938964844,60.63999938964844,60.63999938964844,0.0,0.9,60.63999938964844,0.0,0.0,True
mle_gbm,BZ=F,2025-12-26,60.63999938964844,1,2025-12-29,60.6472783896251,63.11723160262027,58.27398133089212,4.843250271728152,0.9,61.939998626708984,1.2927202370838842,2.087052414829169,True
mle_gbm,BZ=F,2025-12-26,60.63999938964844,2,2025-12-30,60.65455826334577,64.17725469958239,57.3252230146508,6.852031684931589,0.9,61.91999816894531,1.2654399055995427,2.0436691586244224,True
mle_gbm,BZ=F,2025-12-26,60.63999938964844,3,2025-12-31,60.66183901091546,65.00450996757056,56.60928317161428,8.395226795956276,0.9,60.849998474121094,0.18815946320563626,0.30921851754139096,True
mle_gbm,BZ=F,2025-12-26,60.63999938964844,4,2026-01-01,60.66912063243895,65.71143502863765,56.01372419746012,9.697710831177531,0.9,,,,
mle_gbm,BZ=F,2025-12-26,60.63999938964844,5,2026-01-02,60.676403128021256,66.34156337684075,55.49501261586744,10.846550760973315,0.9,60.75,0.07359687197874365,0.12114711436830232,True
mle_gbm,BZ=F,2025-12-26,60.63999938964844,6,2026-01-05,60.68368649776719,66.91721268724056,55.030830769516704,11.88638191772386,0.9,61.7599983215332,1.0763118237660123,1.742732922631486,True
mle_gbm,BZ=F,2025-12-26,60.63999938964844,7,2026-01-06,60.69097074178179,67.45163546543324,54.60792617055864,12.8437092948746,0.9,60.70000076293945,0.00903002115766327,0.014876476184785443,True
mle_gbm,BZ=F,2025-12-29,61.939998626708984,0,2025-12-29,61.939998626708984,61.939998626708984,61.939998626708984,0.0,0.9,61.939998626708984,0.0,0.0,True
mle_gbm,BZ=F,2025-12-29,61.939998626708984,1,2025-12-30,61.947996120396695,64.47078730548759,59.52392368265745,4.9468636228301435,0.9,61.91999816894531,-0.02799795145138262,0.045216331200449565,True
mle_gbm,BZ=F,2025-12-29,61.939998626708984,2,2025-12-31,61.95599464669511,65.55408072446312,58.55539777600551,6.998682948457606,0.9,60.849998474121094,-1.1059961725740166,1.8175779791422442,True
mle_gbm,BZ=F,2025-12-29,61.939998626708984,3,2026-01-01,61.963994205737556,66.39964193271103,57.82465787721625,8.574984055494788,0.9,,,,
mle_gbm,BZ=F,2025-12-29,61.939998626708984,4,2026-01-02,61.97199479765737,67.12231063256719,57.21686430349851,9.905446329068681,0.9,60.75,-1.2219947976573735,2.011514070217899,True
mle_gbm,BZ=F,2025-12-29,61.939998626708984,5,2026-01-05,61.97999642258792,67.76654991803962,56.68755398039512,11.078995937644493,0.9,61.7599983215332,-0.2199981010547134,0.35621455154413273,True
mle_gbm,BZ=F,2025-12-29,61.939998626708984,6,2026-01-06,61.987999080662576,68.35515381583545,56.21393290075593,12.141220915079522,0.9,60.70000076293945,-1.2879983177231225,2.1219082397598803,True
mle_gbm,BZ=F,2025-12-29,61.939998626708984,7,2026-01-07,61.99600277201469,68.90165757129934,55.78246583879931,13.119191732500028,0.9,59.959999084472656,-2.036003687542035,3.395603266560559,True
mle_gbm,BZ=F,2025-12-30,61.91999816894531,0,2025-12-30,61.91999816894531,61.91999816894531,61.91999816894531,0.0,0.9,61.91999816894531,0.0,0.0,True
mle_gbm,BZ=F,2025-12-30,61.91999816894531,1,2025-12-31,61.927981034095694,64.44940375766403,59.505202707220796,4.944201050443233,0.9,60.849998474121094,-1.0779825599746005,1.7715408167726674,True
mle_gbm,BZ=F,2025-12-30,61.91999816894531,2,2026-01-01,61.93596492841504,65.53209206540893,58.53717820857914,6.99491385682979,0.9,,,,
mle_gbm,BZ=F,2025-12-30,61.91999816894531,3,2026-01-02,61.943949852035914,66.37717559854156,57.80681218614321,8.570363412398343,0.9,60.75,-1.1939498520359138,1.9653495506764012,True
mle_gbm,BZ=F,2025-12-30,61.91999816894531,4,2026-01-05,61.951935805091054,67.09943236251993,57.199326653945846,9.900105708574088,0.9,61.7599983215332,-0.1919374835578509,0.3107796126524992,True
mle_gbm,BZ=F,2025-12-30,61.91999816894531,5,2026-01-06,61.959922787713246,67.74330157870186,56.67028241012627,11.073019168575591,0.9,60.70000076293945,-1.2599220247737932,2.0756540509683847,True
mle_gbm,BZ=F,2025-12-30,61.91999816894531,6,2026-01-07,61.96791080003511,68.33156504273046,56.196897678544154,12.134667364186306,0.9,59.959999084472656,-2.0079117155624573,3.348752078420944,True
mle_gbm,BZ=F,2025-12-30,61.91999816894531,7,2026-01-08,61.975899842189456,68.87775074128656,55.76564449202793,13.11210624925863,0.9,61.9900016784668,0.014101836277340851,0.02274856572917201,True
mle_gbm,BZ=F,2025-12-31,60.849998474121094,0,2025-12-31,60.849998474121094,60.849998474121094,60.849998474121094,0.0,0.9,60.849998474121094,0.0,0.0,True
mle_gbm,BZ=F,2025-12-31,60.849998474121094,1,2026-01-01,60.85738374557348,63.33495770210357,58.47672897763664,4.858228724466933,0.9,,,,
mle_gbm,BZ=F,2025-12-31,60.849998474121094,2,2026-01-02,60.86476991336502,64.39832892223659,57.5250985329171,6.873230389319488,0.9,60.75,-0.11476991336502351,0.18892166809057367,True
mle_gbm,BZ=F,2025-12-31,60.849998474121094,3,2026-01-05,60.87215697760443,65.22821433352969,56.807004958916906,8.421209374612786,0.9,61.7599983215332,0.8878413439287698,1.437566981958961,True
mle_gbm,BZ=F,2025-12-31,60.849998474121094,4,2026-01-06,60.879544938400606,65.9373988765941,56.209663332994715,9.727735543599387,0.9,60.70000076293945,-0.1795441754611531,0.29578941219844973,True
mle_gbm,BZ=F,2025-12-31,60.849998474121094,5,2026-01-07,60.88693379586225,66.5695504663659,55.68940575818934,10.880144708176559,0.9,59.959999084472656,-0.9269347113895918,1.5459218237874062,True
mle_gbm,BZ=F,2025-12-31,60.849998474121094,6,2026-01-08,60.894323550098306,67.14705566329518,55.22384569203141,11.923209971263766,0.9,61.9900016784668,1.0956781283684904,1.7675078217477955,True
mle_gbm,BZ=F,2025-12-31,60.849998474121094,7,2026-01-09,60.9017142012175,67.68320786273856,54.79968975715013,12.88351810558843,0.9,63.34000015258789,2.438285951370389,3.8495199644718787,True
mle_gbm,BZ=F,2026-01-02,60.75,0,2026-01-02,60.75,60.75,60.75,0.0,0.9,60.75,0.0,0.0,True
mle_gbm,BZ=F,2026-01-02,60.75,1,2026-01-05,60.75732700326374,63.23028796653667,58.381084497593086,4.8492034689435854,0.9,61.7599983215332,1.0026713182694635,1.623496349610283,True
mle_gbm,BZ=F,2026-01-02,60.75,2,2026-01-06,60.764654890230815,64.29162575671523,57.431169930295134,6.8604558264201,0.9,60.70000076293945,-0.06465412729136233,0.10651421166181776,True
mle_gbm,BZ=F,2026-01-02,60.75,3,2026-01-07,60.77198366100781,65.11991004701201,56.714359639433525,8.405550407578488,0.9,59.959999084472656,-0.8119845765351528,1.354210455192328,True
mle_gbm,BZ=F,2026-01-02,60.75,4,2026-01-08,60.779313315701344,65.8277165700578,56.1180779101867,9.709638659871104,0.9,61.9900016784668,1.2106883627654526,1.953038119026224,True
mle_gbm,BZ=F,2026-01-02,60.75,5,2026-01-09,60.786643854417946,66.45863228110161,55.59873780511991,10.859894475981704,0.9,63.34000015258789,2.5533562981699447,4.031190862044262,True
mle_gbm,BZ=F,2026-01-02,60.75,6,2026-01-12,60.79397527726427,67.0350022563499,55.13399426584675,11.901007990503146,0.9,63.869998931884766,3.076023654620492,4.816069682263451,True
mle_gbm,BZ=F,2026-01-02,60.75,7,2026-01-13,60.80130758434696,67.57009526903894,54.71057853695619,12.859516732082753,0.9,65.47000122070312,4.668693636356167,7.131042537509254,True
mle_gbm,BZ=F,2026-01-05,61.7599983215332,0,2026-01-05,61.7599983215332,61.7599983215332,61.7599983215332,0.0,0.9,61.7599983215332,0.0,0.0,True
mle_gbm,BZ=F,2026-01-05,61.7599983215332,1,2026-01-06,61.767881615574225,64.28167422310852,59.352393125816356,4.929281097292169,0.9,60.70000076293945,-1.0678808526347723,1.75927650611624,True
mle_gbm,BZ=F,2026-01-05,61.7599983215332,2,2026-01-07,61.77576591587055,65.3609931288188,58.38719811021024,6.973795018608563,0.9,59.959999084472656,-1.8157668313978945,3.028296963180089,True
mle_gbm,BZ=F,2026-01-05,61.7599983215332,3,2026-01-08,61.78365122255061,66.20342173563127,57.65894659694482,8.544475138686444,0.9,61.9900016784668,0.20635045591618706,0.33287699682038585,True
mle_gbm,BZ=F,2026-01-05,61.7599983215332,4,2026-01-09,61.791537535742854,66.92339224127902,57.053206407490165,9.870185833788852,0.9,63.34000015258789,1.5484626168450362,2.4446836329566546,True
mle_gbm,BZ=F,2026-01-05,61.7599983215332,5,2026-01-12,61.799424855575765,67.56521005116481,56.52567215565275,11.039537895512062,0.9,63.869998931884766,2.0705740763090006,3.2418570705116165,True
mle_gbm,BZ=F,2026-01-05,61.7599983215332,6,2026-01-13,61.807313182177836,68.15158839542349,56.053630630512856,12.097957764910632,0.9,65.47000122070312,3.662688038525289,5.594452375490506,True
mle_gbm,BZ=F,2026-01-05,61.7599983215332,7,2026-01-14,61.815202515677626,68.69601456660666,55.623594558740166,13.072420007866498,0.9,66.5199966430664,4.70479412738878,7.072751600746173,True
mle_gbm,BZ=F,2026-01-06,60.70000076293945,0,2026-01-06,60.70000076293945,60.70000076293945,60.70000076293945,0.0,0.9,60.70000076293945,0.0,0.0,True
mle_gbm,BZ=F,2026-01-06,60.70000076293945,1,2026-01-07,60.70729397488722,63.177661902250286,58.33352217838425,4.844139723866036,0.9,59.959999084472656,-0.7472948904145653,1.2463223846314002,True
mle_gbm,BZ=F,2026-01-06,60.70000076293945,2,2026-01-08,60.714588063127266,64.2378525635037,57.38456465416718,6.853287909336515,0.9,61.9900016784668,1.2754136153395308,2.0574505255781688,True
mle_gbm,BZ=F,2026-01-06,60.70000076293945,3,2026-01-09,60.721883027764804,65.06523214103949,56.66846881365242,8.39676332738707,0.9,63.34000015258789,2.618117124823087,4.133434036179297,True
mle_gbm,BZ=F,2026-01-06,60.70000076293945,4,2026-01-12,60.72917886890524,65.77225901854932,56.07277629085803,9.69948272769129,0.9,63.869998931884766,3.140820062979529,4.917520143266495,True
mle_gbm,BZ=F,2026-01-06,60.70000076293945,5,2026-01-13,60.736475586653825,66.40247474331457,55.55394555621735,10.84852918709722,0.9,65.47000122070312,4.7335256340493,7.230068040005551,True
mle_gbm,BZ=F,2026-01-06,60.70000076293945,6,2026-01-14,60.74377318111589,66.97820112614627,55.089654816639516,11.888546309506758,0.9,66.5199966430664,5.776223461950515,8.683439196403791,True
mle_gbm,BZ=F,2026-01-06,60.70000076293945,7,2026-01-15,60.75107165239678,67.5126931327058,54.66664912418864,12.846044008517168,0.9,63.7599983215332,3.0089266691364216,4.719144837430522,True
mle_gbm,BZ=F,2026-01-07,59.959999084472656,0,2026-01-07,59.959999084472656,59.959999084472656,59.959999084472656,0.0,0.9,59.959999084472656,0.0,0.0,True
mle_gbm,BZ=F,2026-01-07,59.959999084472656,1,2026-01-08,59.966884464365954,62.406727768638724,57.62242887808849,4.784298890550232,0.9,61.9900016784668,2.023117214100843,3.263618582548941,True
mle_gbm,BZ=F,2026-01-07,59.959999084472656,2,2026-01-09,59.97377063492726,63.45347745810954,56.68488644370074,6.768591014408798,0.9,63.34000015258789,3.366229517660628,5.3145398003651465,True
mle_gbm,BZ=F,2026-01-07,59.959999084472656,3,2026-01-12,59.98065759624749,64.27028320998697,55.97733674089734,8.292946469089628,0.9,63.869998931884766,3.889341335637276,6.08946516467791,True
mle_gbm,BZ=F,2026-01-07,59.959999084472656,4,2026-01-13,59.98754534841737,64.9682161088337,55.38870870181001,9.57950740702369,0.9,65.47000122070312,5.482455872285755,8.373996899441137,False
mle_gbm,BZ=F,2026-01-07,59.959999084472656,5,2026-01-14,59.99443389152768,65.59028081989565,54.87599767789211,10.714283142003545,0.9,66.5199966430664,6.525562751538729,9.809926459488043,False
mle_gbm,BZ=F,2026-01-07,59.959999084472656,6,2026-01-15,60.00132322566934,66.15852404130756,54.41715698771346,11.741367053594097,0.9,63.7599983215332,3.7586750958638646,5.89503637830943,True
mle_gbm,BZ=F,2026-01-07,59.959999084472656,7,2026-01-16,60.00821335093315,66.68603744484541,53.99909497620709,12.686942468638321,0.9,64.12999725341797,4.121783902484822,6.4272323078341325,True
mle_gbm,BZ=F,2026-01-08,61.9900016784668,0,2026-01-08,61.9900016784668,61.9900016784668,61.9900016784668,0.0,0.9,61.9900016784668,0.0,0.0,True
mle_gbm,BZ=F,2026-01-08,61.9900016784668,1,2026-01-09,61.99800305260351,64.52096695421004,59.57369462919723,4.947272325012811,0.9,63.34000015258789,1.3419970999843827,2.1187197612116715,True
mle_gbm,BZ=F,2026-01-08,61.9900016784668,2,2026-01-12,62.006005459519514,65.60431584910586,58.60505765945527,6.99925818965059,0.9,63.869998931884766,1.8639934723652516,2.9184178856071985,True
mle_gbm,BZ=F,2026-01-08,61.9900016784668,3,2026-01-13,62.01400889934803,66.44991217987496,57.874226972013034,8.575685207861923,0.9,65.47000122070312,3.4559923213550974,5.278741800698536,True
mle_gbm,BZ=F,2026-01-08,61.9900016784668,4,2026-01-14,62.02201337222249,67.17260529383859,57.266353239048584,9.906252054790002,0.9,66.5199966430664,4.497983270843918,6.761851319655405,True
mle_gbm,BZ=F,2026-01-08,61.9900016784668,5,2026-01-15,62.03001887827612,67.81686203983949,56.73696963122416,11.07989240861533,0.9,63.7599983215332,1.7299794432570863,2.713267705141756,True
mle_gbm,BZ=F,2026-01-08,61.9900016784668,6,2026-01-16,62.038025417642345,68.40547837954821,56.263280206380685,12.142198173167529,0.9,64.12999725341797,2.091971835775624,3.2620800333250086,True
mle_gbm,BZ=F,2026-01-08,61.9900016784668,7,2026-01-19,62.046032990454584,68.9519907131506,55.83174858384992,13.12024212930067,0.9,,,,
mle_gbm,BZ=F,2026-01-09,63.34000015258789,0,2026-01-09,63.34000015258789,63.34000015258789,63.34000015258789,0.0,0.9,63.34000015258789,0.0,0.0,True
mle_gbm,BZ=F,2026-01-09,63.34000015258789,1,2026-01-12,63.34875775966833,65.92656526422252,60.87174560982288,5.054819654399637,0.9,63.869998931884766,0.5212411722164347,0.8160970423254917,True
mle_gbm,BZ=F,2026-01-09,63.34000015258789,2,2026-01-13,63.35751657760584,67.03407851891052,59.88259994875872,7.151478570151802,0.9,65.47000122070312,2.1124846430972823,3.2266451866649213,True
mle_gbm,BZ=F,2026-01-09,63.34000015258789,3,2026-01-14,63.3662766065677,67.89868661255143,59.136416494951796,8.762270117599634,0.9,66.5199966430664,3.1537200364987044,4.741010516613469,True
mle_gbm,BZ=F,2026-01-09,63.34000015258789,4,2026-01-15,63.375037846721405,68.63773211803918,58.5158526969715,10.121879421067682,0.9,63.7599983215332,0.3849604748117983,0.603764876012847,True
mle_gbm,BZ=F,2026-01-09,63.34000015258789,5,2026-01-16,63.383800298234476,69.29664674990444,57.975476861757514,11.321169888146926,0.9,64.12999725341797,0.7461969551834926,1.1635692922842316,True
mle_gbm,BZ=F,2026-01-09,63.34000015258789,6,2026-01-19,63.392563961274284,69.89872088902246,57.491998629911585,12.406722259110872,0.9,,,,
mle_gbm,BZ=F,2026-01-09,63.34000015258789,7,2026-01-20,63.401328836008396,70.45778439733131,57.05158816098002,13.406196236351292,0.9,64.91999816894531,1.5186693329369163,2.339293554791529,True
mle_gbm,BZ=F,2026-01-12,63.869998931884766,0,2026-01-12,63.869998931884766,63.869998931884766,63.869998931884766,0.0,0.9,63.869998931884766,0.0,0.0,True
mle_gbm,BZ=F,2026-01-12,63.869998931884766,1,2026-01-13,63.87905428369891,66.47793711057531,61.38177196131167,5.096165149263641,0.9,65.47000122070312,1.5909469370042117,2.430039571316088,True
mle_gbm,BZ=F,2026-01-12,63.869998931884766,2,2026-01-14,63.88811091936144,67.59473835993857,60.38474023096048,7.209998128978093,0.9,66.5199966430664,2.6318857237049684,3.956533157731749,True
mle_gbm,BZ=F,2026-01-12,63.869998931884766,3,2026-01-15,63.89716883905445,68.4666535781081,59.63265286492844,8.834000713179655,0.9,63.7599983215332,-0.13717051752124831,0.2151356981371229,True
mle_gbm,BZ=F,2026-01-12,63.869998931884766,4,2026-01-16,63.90622804295994,69.21198383604285,59.00720881449451,10.204775021548336,0.9,64.12999725341797,0.22376921045803044,0.34893064095072,True
mle_gbm,BZ=F,2026-01-12,63.869998931884766,5,2026-01-19,63.91528853125992,69.87653178253179,58.46260545311499,11.413926329416796,0.9,,,,
mle_gbm,BZ=F,2026-01-12,63.869998931884766,6,2026-01-20,63.92435030413661,70.48377787381632,57.97536234680148,12.50841552701484,0.9,64.91999816894531,0.9956478648087028,1.5336535626782783,True
mle_gbm,BZ=F,2026-01-12,63.869998931884766,7,2026-01-21,63.93341336177201,71.04766479088575,57.53153683682457,13.516127954061176,0.9,65.23999786376953,1.30658450199752,2.002735353740899,True
mle_gbm,BZ=F,2026-01-13,65.47000122070312,0,2026-01-13,65.47000122070312,65.47000122070312,65.47000122070312,0.0,0.9,65.47000122070312,0.0,0.0,True
mle_gbm,BZ=F,2026-01-13,65.47000122070312,1,2026-01-14,65.47997387308703,68.14400617364026,62.92008966268728,5.223916510952982,0.9,66.5199966430664,1.0400227699793732,1.5634738762239222,True
mle_gbm,BZ=F,2026-01-13,65.47000122070312,2,2026-01-15,65.4899480445452,69.28953445420669,61.89871715347976,7.39081730072693,0.9,63.7599983215332,-1.7299497230119982,2.713221092460027,True
mle_gbm,BZ=F,2026-01-13,65.47000122070312,3,2026-01-16,65.49992373530911,70.18405672989768,61.12841305030623,9.055643679591448,0.9,64.12999725341797,-1.3699264818911416,2.1361711220377884,True
mle_gbm,BZ=F,2026-01-13,65.47000122070312,4,2026-01-19,65.50990094561013,70.9488355532258,60.48791482538333,10.460920727842478,0.9,,,,
mle_gbm,BZ=F,2026-01-13,65.47000122070312,5,2026-01-20,65.51987967567972,71.63081963510389,59.930273792536106,11.700545842567784,0.9,64.91999816894531,-0.5998815067344054,0.9240319218329256,True
mle_gbm,BZ=F,2026-01-13,65.47000122070312,6,2026-01-21,65.5298599257493,72.25407669226895,59.43142225977392,12.822654432495035,0.9,65.23999786376953,-0.2898620619797754,0.44430115185633345,True
mle_gbm,BZ=F,2026-01-13,65.47000122070312,7,2026-01-22,65.53984169605056,72.83289796870187,58.97706900787113,13.855828960830742,0.9,64.05999755859375,-1.4798441374568085,2.3100908427341724,True
mle_gbm,BZ=F,2026-01-14,66.5199966430664,0,2026-01-14,66.5199966430664,66.5199966430664,66.5199966430664,0.0,0.9,66.5199966430664,0.0,0.0,True
mle_gbm,BZ=F,2026-01-14,66.5199966430664,1,2026-01-15,66.53057842174363,69.23701249995463,63.92993725913114,5.307075240823494,0.9,63.7599983215332,-2.770580100210424,4.345326494895367,False
mle_gbm,BZ=F,2026-01-14,66.5199966430664,2,2026-01-16,66.54116188373484,70.40124604585348,62.89272525025418,7.508520795599303,0.9,64.12999725341797,-2.4111646303168754,3.7598077866569164,True
mle_gbm,BZ=F,2026-01-14,66.5199966430664,3,2026-01-19,66.5517470293078,71.31049001712947,62.110567906475744,9.199922110653723,0.9,,,,
mle_gbm,BZ=F,2026-01-14,66.5199966430664,4,2026-01-20,66.56233385873034,72.08793468266421,61.460274985330415,10.627659697333797,0.9,64.91999816894531,-1.6423356897850283,2.5297839434792913,True
mle_gbm,BZ=F,2026-01-14,66.5199966430664,5,2026-01-21,66.57292237227031,72.78127475459661,60.89415180110489,11.887122953491719,0.9,65.23999786376953,-1.3329245085007813,2.04310936870985,True
mle_gbm,BZ=F,2026-01-14,66.5199966430664,6,2026-01-22,66.58351257019561,73.41496021031803,60.38774840284276,13.027211807475268,0.9,64.05999755859375,-2.5235150116018588,3.9392992628413315,True
mle_gbm,BZ=F,2026-01-14,66.5199966430664,7,2026-01-23,66.59410445277426,74.00350917975521,59.926546687061816,14.076962492693397,0.9,65.87999725341797,-0.7141071993562917,1.0839514710502551,True
mle_gbm,BZ=F,2026-01-15,63.7599983215332,0,2026-01-15,63.7599983215332,63.7599983215332,63.7599983215332,0.0,0.9,63.7599983215332,0.0,0.0,True
mle_gbm,BZ=F,2026-01-15,63.7599983215332,1,2026-01-16,63.7689793871003,66.36424977135876,61.275200820961,5.0890489503977605,0.9,64.12999725341797,0.36101786631766686,0.5629469542795364,True
mle_gbm,BZ=F,2026-01-15,63.7599983215332,2,2026-01-19,63.777961717716714,67.47944370873789,60.279518877240285,7.199924831497604,0.9,,,,
mle_gbm,BZ=F,2026-01-15,63.7599983215332,3,2026-01-20,63.78694531356052,68.35009226552282,59.52844038057772,8.821651884945098,0.9,64.91999816894531,1.1330528553847898,1.7453063575821068,True
mle_gbm,BZ=F,2026-01-15,63.7599983215332,4,2026-01-21,63.79593017481006,69.09433160223881,58.903829192514635,10.190502409724175,0.9,65.23999786376953,1.4440676889594712,2.2134698593566657,True
mle_gbm,BZ=F,2026-01-15,63.7599983215332,5,2026-01-22,63.80491630164345,69.75790055617219,58.359946497838195,11.397954058333994,0.9,64.05999755859375,0.25508125695029804,0.3981911749481147,True
mle_gbm,BZ=F,2026-01-15,63.7599983215332,6,2026-01-23,63.81390369423907,70.36424688899636,57.87334455695619,12.490902332040172,0.9,65.87999725341797,2.0660935591788956,3.1361470026043494,True
mle_gbm,BZ=F,2026-01-15,63.7599983215332,7,2026-01-26,63.822892352775106,70.92729387815548,57.430100114512506,13.497193763642976,0.9,65.58999633789062,1.7671039851155186,2.6941669214496997,True
mle_gbm,BZ=F,2026-01-16,64.12999725341797,0,2026-01-16,64.12999725341797,64.12999725341797,64.12999725341797,0.0,0.9,64.12999725341797,0.0,0.0,True
mle_gbm,BZ=F,2026-01-16,64.12999725341797,1,2026-01-19,64.13918544004162,66.74898335154697,61.63142721209258,5.117556139454386,0.9,,,,
mle_gbm,BZ=F,2026-01-16,64.12999725341797,2,2026-01-20,64.14837494309717,67.87057936360002,60.63030618605738,7.240273177542633,0.9,64.91999816894531,0.7716232258481455,1.1885755508496825,True
mle_gbm,BZ=F,2026-01-16,64.12999725341797,3,2026-01-21,64.15756576277322,68.74626417800661,59.87515530947829,8.871108868528324,0.9,65.23999786376953,1.0824321009963143,1.659154102451977,True
mle_gbm,BZ=F,2026-01-16,64.12999725341797,4,2026-01-22,64.1667578992584,69.49483483484822,59.247177564876836,10.247657269971384,0.9,64.05999755859375,-0.10676034066464979,0.1666567978979383,True
mle_gbm,BZ=F,2026-01-16,64.12999725341797,5,2026-01-23,64.17595135274134,70.16228592968086,58.7003783793074,11.46190755037346,0.9,65.87999725341797,1.7040459006766326,2.586590728171628,True
mle_gbm,BZ=F,2026-01-16,64.12999725341797,6,2026-01-26,64.18514612341082,70.77219628116228,58.21117895673058,12.561017324431702,0.9,65.58999633789062,1.4048502144798078,2.141866584719172,True
mle_gbm,BZ=F,2026-01-16,64.12999725341797,7,2026-01-27,64.19434221145552,71.33856695576623,57.7655782532981,13.572988702468123,0.9,67.56999969482422,3.3756574833686983,4.995793249392703,True
mle_gbm,BZ=F,2026-01-20,64.91999816894531,0,2026-01-20,64.91999816894531,64.91999816894531,64.91999816894531,0.0,0.9,64.91999816894531,0.0,0.0,True
mle_gbm,BZ=F,2026-01-20,64.91999816894531,1,2026-01-21,64.92963572597374,67.57116364617862,62.39137182220285,5.179791823975769,0.9,65.23999786376953,0.31036213779579214,0.4757237093169021,True
mle_gbm,BZ=F,2026-01-20,64.91999816894531,2,2026-01-22,64.93927471372476,68.70674824312474,61.378387249852175,7.328360993272561,0.9,64.05999755859375,-0.8792771551310068,1.3725838099303056,True
mle_gbm,BZ=F,2026-01-20,64.91999816894531,3,2026-01-23,64.9489151324107,69.5934400950694,60.61435634040389,8.97908375466551,0.9,65.87999725341797,0.9310821210072646,1.413300181883293,True
mle_gbm,BZ=F,2026-01-20,64.91999816894531,4,2026-01-26,64.95855698224403,70.3514789925621,59.979039327112986,10.372439665449107,0.9,65.58999633789062,0.6314393556465916,0.9627068011922056,True
mle_gbm,BZ=F,2026-01-20,64.91999816894531,5,2026-01-27,64.9682002634372,71.0274178639572,59.42588330543768,11.601534558519518,0.9,67.56999969482422,2.601799431387022,3.850524556960027,True
mle_gbm,BZ=F,2026-01-20,64.91999816894531,6,2026-01-28,64.97784497620268,71.64512162828868,58.93102338016473,12.714098248123946,0.9,68.4000015258789,3.422156549676231,5.003152738792658,True
mle_gbm,BZ=F,2026-01-20,64.91999816894531,7,2026-01-29,64.98749112075299,72.21876116526055,58.48028869541897,13.738472469841575,0.9,70.70999908447266,5.722507963719664,8.092926089396995,True
mle_gbm,BZ=F,2026-01-21,65.23999786376953,0,2026-01-21,65.23999786376953,65.23999786376953,65.23999786376953,0.0,0.9,65.23999786376953,0.0,0.0,True
mle_gbm,BZ=F,2026-01-21,65.23999786376953,1,2026-01-22,65.2498160091558,67.90381304986448,62.699549524593,5.204263525271479,0.9,64.05999755859375,-1.1898184505620435,1.8573501341047547,True
mle_gbm,BZ=F,2026-01-21,65.23999786376953,2,2026-01-23,65.25963563210155,69.04489440747243,61.681896675820596,7.362997731651831,0.9,65.87999725341797,0.6203616213164196,0.9416539878259241,True
mle_gbm,BZ=F,2026-01-21,65.23999786376953,3,2026-01-26,65.26945673282911,69.93591057953529,60.91437069878154,9.02153988075375,0.9,65.58999633789062,0.32053960506151213,0.4887019712735368,True
mle_gbm,BZ=F,2026-01-21,65.23999786376953,4,2026-01-27,65.27927931156098,70.69766867564903,60.276164508159766,10.42150416748926,0.9,67.56999969482422,2.290720383263235,3.3901441373525727,True
mle_gbm,BZ=F,2026-01-21,65.23999786376953,5,2026-01-28,65.28910336851956,71.37694117403451,59.720505650022226,11.656435524012288,0.9,68.4000015258789,3.110898157359344,4.5480966198258725,True
mle_gbm,BZ=F,2026-01-21,65.23999786376953,6,2026-01-29,65.29892890392728,71.99770549623322,59.22341672712377,12.774288769109454,0.9,70.70999908447266,5.41107018054538,7.652482323017887,True
mle_gbm,BZ=F,2026-01-21,65.23999786376953,7,2026-01-30,65.3087559180066,72.57419929773003,58.77066010828408,13.80353918944595,0.9,70.69000244140625,5.381246523399653,7.6124576850313135,True
mle_gbm,BZ=F,2026-01-22,64.05999755859375,0,2026-01-22,64.05999755859375,64.05999755859375,64.05999755859375,0.0,0.9,64.05999755859375,0.0,0.0,True
mle_gbm,BZ=F,2026-01-22,64.05999755859375,1,2026-01-23,64.06913402818924,66.67486671130028,61.56523646152817,5.10963024977211,0.9,65.87999725341797,1.8108632252287293,2.7487299646703893,True
mle_gbm,BZ=F,2026-01-22,64.05999755859375,2,2026-01-26,64.07827180086115,67.79466155294597,60.56560830793931,7.229053245006661,0.9,65.58999633789062,1.5117245370294796,2.304809607309237,True
mle_gbm,BZ=F,2026-01-22,64.05999755859375,3,2026-01-27,64.08741087679546,68.66892449918417,59.81157070459138,8.85735379459279,0.9,67.56999969482422,3.482588818028759,5.154045928307916,True
mle_gbm,BZ=F,2026-01-22,64.05999755859375,4,2026-01-28,64.09655125617793,69.41626894148716,59.184510282436804,10.231758659050357,0.9,68.4000015258789,4.303450269700974,6.29159382119718,True
mle_gbm,BZ=F,2026-01-22,64.05999755859375,5,2026-01-29,64.10569293919458,70.08261841662794,58.638503527135114,11.444114889492823,0.9,70.70999908447266,6.604306145278073,9.339989012569971,False
mle_gbm,BZ=F,2026-01-22,64.05999755859375,6,2026-01-30,64.11483592603126,70.69151533713857,58.15000804859394,12.54150728854463,0.9,70.69000244140625,6.575166515374988,9.301409376559342,True
mle_gbm,BZ=F,2026-01-22,64.05999755859375,7,2026-02-02,64.1239802168739,71.25693916419581,57.70504440808366,13.551894756112155,0.9,66.30000305175781,2.1760228348839092,3.2820855727339464,True
mle_gbm,BZ=F,2026-01-23,65.87999725341797,0,2026-01-23,65.87999725341797,65.87999725341797,65.87999725341797,0.0,0.9,65.87999725341797,0.0,0.0,True
mle_gbm,BZ=F,2026-01-23,65.87999725341797,1,2026-01-26,65.89017812259819,68.57016188378206,63.31493836030383,5.255223523478236,0.9,65.58999633789062,-0.3001817847075614,0.45766397540435544,True
mle_gbm,BZ=F,2026-01-23,65.87999725341797,2,2026-01-27,65.90036056509511,69.7226976116131,62.2875716427557,7.435125968857399,0.9,67.56999969482422,1.6696391297291058,2.4709769679886473,True
mle_gbm,BZ=F,2026-01-23,65.87999725341797,3,2026-01-28,65.91054458115178,70.6227267791441,61.5127747838094,9.109951995334704,0.9,68.4000015258789,2.4894569447271238,3.639556855543704,True
mle_gbm,BZ=F,2026-01-23,65.87999725341797,4,2026-01-29,65.92073017101141,71.39223785705163,60.868559338066355,10.523678518985271,0.9,70.70999908447266,4.7892689134612425,6.773114093439335,True
mle_gbm,BZ=F,2026-01-23,65.87999725341797,5,2026-01-30,65.93091733491728,72.0784605013283,60.307695674820756,11.770764826507538,0.9,70.69000244140625,4.759085106488968,6.732331223829979,True
mle_gbm,BZ=F,2026-01-23,65.87999725341797,6,2026-02-02,65.94110607311251,72.70560640040692,59.80597213093514,12.899634269471782,0.9,66.30000305175781,0.3588969786453049,0.5413227181379284,True
mle_gbm,BZ=F,2026-01-23,65.87999725341797,7,2026-02-03,65.95129638584046,73.28805225770373,59.34901202829776,13.939040229405968,0.9,67.33000183105469,1.378705445214223,2.047683659171269,True
mle_gbm,BZ=F,2026-01-26,65.58999633789062,0,2026-01-26,65.58999633789062,65.58999633789062,65.58999633789062,0.0,0.9,65.58999633789062,0.0,0.0,True
mle_gbm,BZ=F,2026-01-26,65.58999633789062,1,2026-01-27,65.60000443619532,68.26762507048086,63.03662354719342,5.231001523287439,0.9,67.56999969482422,1.9699952586288987,2.9154880383694866,True
mle_gbm,BZ=F,2026-01-26,65.58999633789062,2,2026-01-28,65.61001406159313,69.41470415386982,62.01386287868326,7.400841275186558,0.9,68.4000015258789,2.7899874642857725,4.078928950360024,True
mle_gbm,BZ=F,2026-01-26,65.58999633789062,3,2026-01-29,65.62002521431707,70.31043682420822,61.24251112098106,9.067925703227168,0.9,70.70999908447266,5.089973870155589,7.198379205287397,False
mle_gbm,BZ=F,2026-01-26,65.58999633789062,4,2026-01-30,65.63003789460024,71.07625009445013,60.60114128591305,10.47510880853708,0.9,70.69000244140625,5.059964546806015,7.15796346307971,True
mle_gbm,BZ=F,2026-01-26,65.58999633789062,5,2026-02-02,65.64005210267561,71.75915634851935,60.042741014344024,11.71641533417533,0.9,66.30000305175781,0.6599509490822015,0.9954010840195643,True
mle_gbm,BZ=F,2026-01-26,65.58999633789062,6,2026-02-03,65.65006783877635,72.38325594418158,59.54320997330577,12.840045970875813,0.9,67.33000183105469,1.679933992278336,2.4950749243905386,True
mle_gbm,BZ=F,2026-01-26,65.58999633789062,7,2026-02-04,65.66008510313563,72.96285950731942,59.088237561721684,13.874621945597738,0.9,69.45999908447266,3.7999139813370277,5.470650779473555,True
mle_gbm,BZ=F,2026-01-27,67.56999969482422,0,2026-01-27,67.56999969482422,67.56999969482422,67.56999969482422,0.0,0.9,67.56999969482422,0.0,0.0,True
mle_gbm,BZ=F,2026-01-27,67.56999969482422,1,2026-01-28,67.5811637140551,70.32964143396627,64.94009632103916,5.3895451129271095,0.9,68.4000015258789,0.818837811823812,1.197131277130173,True
mle_gbm,BZ=F,2026-01-27,67.56999969482422,2,2026-01-29,67.59232957782233,71.51239493777594,63.88714881849885,7.625246119277087,0.9,70.70999908447266,3.11766950665033,4.409092839791798,True
mle_gbm,BZ=F,2026-01-27,67.56999969482422,3,2026-01-30,67.60349728643081,72.43620753826961,63.093209883219025,9.342997655050588,0.9,70.69000244140625,3.086505154975441,4.366254135489376,True
mle_gbm,BZ=F,2026-01-27,67.56999969482422,4,2026-02-02,67.61466684018527,73.22618141862381,62.433177360065166,10.793004058558644,0.9,66.30000305175781,-1.3146637884274526,1.9829015503983403,True
mle_gbm,BZ=F,2026-01-27,67.56999969482422,5,2026-02-03,67.62583823939057,73.93075119878881,61.85861665713931,12.072134541649504,0.9,67.33000183105469,-0.2958364083358873,0.4393827421514169,True
mle_gbm,BZ=F,2026-01-27,67.56999969482422,6,2026-02-04,67.63701148435156,74.57474600512658,61.34469867614187,13.230047328984718,0.9,69.45999908447266,1.8229876001210954,2.624514287574491,True
mle_gbm,BZ=F,2026-01-27,67.56999969482422,7,2026-02-05,67.64818657537333,75.17290901281586,60.87668026996711,14.296228742848754,0.9,67.55000305175781,-0.09818352361551774,0.1453493992299128,True
mle_gbm,BZ=F,2026-01-28,68.4000015258789,0,2026-01-28,68.4000015258789,68.4000015258789,68.4000015258789,0.0,0.9,68.4000015258789,0.0,0.0,True
mle_gbm,BZ=F,2026-01-28,68.4000015258789,1,2026-01-29,68.41165432964607,71.19345132346541,65.7385526493839,5.454898674081505,0.9,70.70999908447266,2.298344754826587,3.2503815366775832,True
mle_gbm,BZ=F,2026-01-28,68.4000015258789,2,2026-01-30,68.42330911861552,72.39091173173009,64.67316295298887,7.7177487787412105,0.9,70.69000244140625,2.2666933227907293,3.2065260213699287,True
mle_gbm,BZ=F,2026-01-28,68.4000015258789,3,2026-02-02,68.43496589312535,73.32630077914138,63.86991443765111,9.456386341490266,0.9,66.30000305175781,-2.134962841367539,3.2201549669626064,True
mle_gbm,BZ=F,2026-01-28,68.4000015258789,4,2026-02-03,68.44662465351388,74.12623558226623,63.20219001624071,10.92404556602552,0.9,67.33000183105469,-1.1166228224591919,1.6584327819580882,True
mle_gbm,BZ=F,2026-01-28,68.4000015258789,5,2026-02-04,68.45828540011948,74.83973701569386,62.620968843616424,12.218768172077432,0.9,69.45999908447266,1.0017136843531773,1.442144684071993,True
mle_gbm,BZ=F,2026-01-28,68.4000015258789,6,2026-02-05,68.46994813328043,75.49193460784304,62.101121420817975,13.39081318702506,0.9,67.55000305175781,-0.9199450815226129,1.3618727460570763,True
mle_gbm,BZ=F,2026-01-28,68.4000015258789,7,2026-02-06,68.48161285333525,76.09774983233704,61.627726303692,14.470023528645044,0.9,68.05000305175781,-0.4316098015774372,0.6342539048075593,True
mle_gbm,BZ=F,2026-01-29,70.70999908447266,0,2026-01-29,70.70999908447266,70.70999908447266,70.70999908447266,0.0,0.9,70.70999908447266,0.0,0.0,True
mle_gbm,BZ=F,2026-01-29,70.70999908447266,1,2026-01-30,70.72304241415009,73.59936382089829,67.9591299251617,5.640233895736586,0.9,70.69000244140625,-0.03303997274383619,0.046739244027077895,True
mle_gbm,BZ=F,2026-01-29,70.70999908447266,2,2026-02-02,70.73608814983032,74.83857253916018,66.85849284635106,7.980079692809127,0.9,66.30000305175781,-4.43608509807251,6.690927441752051,False
mle_gbm,BZ=F,2026-01-29,70.70999908447266,3,2026-02-03,70.74913629195702,75.80683324976964,66.02887987110476,9.777953378664876,0.9,67.33000183105469,-3.4191344609023275,5.07817372333015,True
mle_gbm,BZ=F,2026-01-29,70.70999908447266,4,2026-02-04,70.76218684097418,76.63505903925599,65.33937794648241,11.295681092773577,0.9,69.45999908447266,-1.3021877565015245,1.8747304544560819,True
mle_gbm,BZ=F,2026-01-29,70.70999908447266,5,2026-02-05,70.7752397973257,77.3739332258932,64.73930378781168,12.634629438081518,0.9,67.55000305175781,-3.2252367455678836,4.774591561597206,True
mle_gbm,BZ=F,2026-01-29,70.70999908447266,6,2026-02-06,70.78829516145574,78.04943717579278,64.20267606259621,13.846761113196564,0.9,68.05000305175781,-2.738292109697923,4.023941200436419,True
mle_gbm,BZ=F,2026-01-29,70.70999908447266,7,2026-02-09,70.80135293380832,78.67699794849044,63.71406774492809,14.962930203562351,0.9,69.04000091552734,-1.7613520182809737,2.551205091141358,True
mle_gbm,BZ=F,2026-01-30,70.69000244140625,0,2026-01-30,70.69000244140625,70.69000244140625,70.69000244140625,0.0,0.9,70.69000244140625,0.0,0.0,True
mle_gbm,BZ=F,2026-01-30,70.69000244140625,1,2026-02-02,70.70302799361083,73.57791016128756,67.94047502174718,5.637435139540386,0.9,66.30000305175781,-4.403024941853019,6.641062955028448,False
mle_gbm,BZ=F,2026-01-30,70.69000244140625,2,2026-02-03,70.71605594594284,74.81647940568796,66.84036202015585,7.976117385532106,0.9,67.33000183105469,-3.3860541148881538,5.0290420656522254,True
mle_gbm,BZ=F,2026-01-30,70.69000244140625,3,2026-02-04,70.72908629884444,75.78423448847411,66.01113915626107,9.773095332213046,0.9,69.45999908447266,-1.2690872143717797,1.8270763476809146,True
mle_gbm,BZ=F,2026-01-30,70.69000244140625,4,2026-02-05,70.74211905275806,76.61202366655283,65.321958206665,11.290065459887828,0.9,67.55000305175781,-3.192116001000244,4.725560113675194,True
mle_gbm,BZ=F,2026-01-30,70.69000244140625,5,2026-02-06,70.755154208126,77.35050517634961,64.72216096846377,12.628344207885846,0.9,68.05000305175781,-2.7051511563681885,3.9752403160227505,True
mle_gbm,BZ=F,2026-01-30,70.69000244140625,6,2026-02-09,70.76819176539082,78.02564753482898,64.18577895822787,13.839868576601106,0.9,69.04000091552734,-1.7281908498634806,2.5031732719383615,True
mle_gbm,BZ=F,2026-01-30,70.69000244140625,7,2026-02-10,70.7812317249952,78.65287017689106,63.69739277460525,14.955477402285808,0.9,68.80000305175781,-1.981228673237382,2.8796927112734516,True
mle_gbm,BZ=F,2026-02-02,66.30000305175781,0,2026-02-02,66.30000305175781,66.30000305175781,66.30000305175781,0.0,0.9,66.30000305175781,0.0,0.0,True
mle_gbm,BZ=F,2026-02-02,66.30000305175781,1,2026-02-03,66.31040224915826,69.01021162934335,63.71621449390723,5.293997135436115,0.9,67.33000183105469,1.0195995818964292,1.5143317305334725,True
mle_gbm,BZ=F,2026-02-02,66.30000305175781,2,2026-02-04,66.32080307767933,70.17145749591708,62.68145308402983,7.490004411887249,0.9,69.45999908447266,3.139196006793327,4.5194299570543395,True
mle_gbm,BZ=F,2026-02-02,66.30000305175781,3,2026-02-05,66.331205537577,71.0783389215722,61.90112057800133,9.177218343570864,0.9,67.55000305175781,1.2187975141808067,1.8042893547272616,True
mle_gbm,BZ=F,2026-02-02,66.30000305175781,4,2026-02-06,66.34160962910708,71.853743300675,61.252329607433104,10.601413693241902,0.9,68.05000305175781,1.7083934226507296,2.5104972021108525,True
mle_gbm,BZ=F,2026-02-02,66.30000305175781,5,2026-02-09,66.35201535252544,72.54524817480733,60.6875026567302,11.857745518077124,0.9,69.04000091552734,2.6879855630019023,3.8933741705634373,True
mle_gbm,BZ=F,2026-02-02,66.30000305175781,6,2026-02-10,66.36242270808816,73.17724350018202,60.18224979567618,12.994993704505838,0.9,68.80000305175781,2.4375803436696515,3.542994528409941,True
mle_gbm,BZ=F,2026-02-02,66.30000305175781,7,2026-02-11,66.37283169605118,73.76421179267882,59.72208853439645,14.042123258282373,0.9,69.4000015258789,3.027169829827727,4.361916085403703,True
mle_gbm,BZ=F,2026-02-03,67.33000183105469,0,2026-02-03,67.33000183105469,67.33000183105469,67.33000183105469,0.0,0.9,67.33000183105469,0.0,0.0,True
mle_gbm,BZ=F,2026-02-03,67.33000183105469,1,2026-02-04,67.34100040416976,70.08241002422525,64.70682634725107,5.375583676974188,0.9,69.45999908447266,2.1189986803028944,3.0506747887023558,True
mle_gbm,BZ=F,2026-02-03,67.33000183105469,2,2026-02-05,67.35200077393729,71.26200951594218,63.65652665516858,7.605482860773606,0.9,67.55000305175781,0.19800227782052104,0.2931195690232742,True
mle_gbm,BZ=F,2026-02-03,67.33000183105469,3,2026-02-06,67.36300294065067,72.1833363727447,62.864566715920105,9.3187696568246,0.9,68.05000305175781,0.6870001111071389,1.0095519181455685,True
mle_gbm,BZ=F,2026-02-03,67.33000183105469,4,2026-02-09,67.37400690460356,72.97116924764782,62.20616790415331,10.76500134349451,0.9,69.04000091552734,1.6659940109237823,2.413085151841437,True
mle_gbm,BZ=F,2026-02-03,67.33000183105469,5,2026-02-10,67.38501266608942,73.67381757319315,61.63302081499872,12.040796758194425,0.9,68.80000305175781,1.4149903856683892,2.0566719809647402,True
mle_gbm,BZ=F,2026-02-03,67.33000183105469,6,2026-02-11,67.39602022540194,74.3160463351944,61.12036049032513,13.195685844869267,0.9,69.4000015258789,2.0039813004769655,2.88758106111812,True
mle_gbm,BZ=F,2026-02-03,67.33000183105469,7,2026-02-12,67.40702958283487,74.91256064313562,60.653481848341045,14.259078794794576,0.9,67.5199966430664,0.11296706023154002,0.16730904302131738,True
mle_gbm,BZ=F,2026-02-04,69.45999908447266,0,2026-02-04,69.45999908447266,69.45999908447266,69.45999908447266,0.0,0.9,69.45999908447266,0.0,0.0,True
mle_gbm,BZ=F,2026-02-04,69.45999908447266,1,2026-02-05,69.47226227714118,72.3008214497701,66.75436224824857,5.546459201521529,0.9,67.55000305175781,-1.922259225383371,2.845683402723916,True
mle_gbm,BZ=F,2026-02-04,69.45999908447266,2,2026-02-06,69.48452763488154,73.51889353527508,65.67154847516916,7.847345060105923,0.9,68.05000305175781,-1.434524583123732,2.1080448475992783,True
mle_gbm,BZ=F,2026-02-04,69.45999908447266,3,2026-02-09,69.49679515807615,74.47050841874422,64.85526471883112,9.615243699913094,0.9,69.04000091552734,-0.45679424254880985,0.661637074871584,True
mle_gbm,BZ=F,2026-02-04,69.45999908447266,4,2026-02-10,69.50906484710718,75.28440565370015,64.1767714570765,11.10763419662365,0.9,68.80000305175781,-0.7090617953493705,1.0306130289208677,True
mle_gbm,BZ=F,2026-02-04,69.45999908447266,5,2026-02-11,69.52133670235715,76.01042746476507,63.586226496660174,12.424200968104898,0.9,69.4000015258789,-0.12133517647824021,0.17483454439549967,True
mle_gbm,BZ=F,2026-02-04,69.45999908447266,6,2026-02-12,69.53361072420843,76.67412424802862,63.05807947288116,13.616044775147458,0.9,67.5199966430664,-2.0136140811420233,2.9822484911939053,True
mle_gbm,BZ=F,2026-02-04,69.45999908447266,7,2026-02-13,69.54588691304347,77.29066727621252,62.57715914441826,14.713508131794256,0.9,67.75,-1.795886913043475,2.6507555912080814,True
mle_gbm,BZ=F,2026-02-05,67.55000305175781,0,2026-02-05,67.55000305175781,67.55000305175781,67.55000305175781,0.0,0.9,67.55000305175781,0.0,0.0,True
mle_gbm,BZ=F,2026-02-05,67.55000305175781,1,2026-02-06,67.56112199256255,70.31207043366342,64.91780396653722,5.394266467126201,0.9,68.05000305175781,0.4888810591952648,0.7184144559456217,True
mle_gbm,BZ=F,2026-02-05,67.55000305175781,2,2026-02-09,67.57224276357955,71.49586819241635,63.863942176513795,7.6319260159025575,0.9,69.04000091552734,1.4677581519477911,2.1259532625783715,True
mle_gbm,BZ=F,2026-02-05,67.55000305175781,3,2026-02-10,67.5833653651101,72.42049820287978,63.06931583484102,9.351182368038764,0.9,68.80000305175781,1.216637686647715,1.7683686521531783,True
mle_gbm,BZ=F,2026-02-05,67.55000305175781,4,2026-02-11,67.59448979745541,73.21117223891426,62.408713195685095,10.802459043229163,0.9,69.4000015258789,1.8055117284234967,2.6016018569541823,True
mle_gbm,BZ=F,2026-02-05,67.55000305175781,5,2026-02-12,67.60561606091697,73.91636734938221,61.83365723822081,12.082710111161404,0.9,67.5199966430664,-0.08561941785056604,0.1268060161542651,True
mle_gbm,BZ=F,2026-02-05,67.55000305175781,6,2026-02-13,67.61674415579616,74.56093441090147,61.31929711387741,13.241637297024056,0.9,67.75,0.13325584420384473,0.196687592920804,True
mle_gbm,BZ=F,2026-02-05,67.55000305175781,7,2026-02-16,67.6278740823944,75.15962951353434,60.85087676065,14.308752752884338,0.9,,,,
mle_gbm,BZ=F,2026-02-06,68.05000305175781,0,2026-02-06,68.05000305175781,68.05000305175781,68.05000305175781,0.0,0.9,68.05000305175781,0.0,0.0,True
mle_gbm,BZ=F,2026-02-06,68.05000305175781,1,2026-02-09,68.06141311417284,70.83218391929692,65.39902765635465,5.433156262942276,0.9,69.04000091552734,0.9785878013545073,1.4174214779513703,True
mle_gbm,BZ=F,2026-02-06,68.05000305175781,2,2026-02-10,68.07282508973294,72.02472846510938,64.33775752368383,7.6869709414255425,0.9,68.80000305175781,0.727177962024868,1.0569446653626113,True
mle_gbm,BZ=F,2026-02-06,68.05000305175781,3,2026-02-11,68.08423897875879,72.95624232644442,63.53758704533118,9.418655281113246,0.9,69.4000015258789,1.3157625471201158,1.8959114094968348,True
mle_gbm,BZ=F,2026-02-06,68.05000305175781,4,2026-02-12,68.09565478157133,73.75283878742098,62.872402966024005,10.88043582139698,0.9,67.5199966430664,-0.5756581385049202,0.8525742996523598,True
mle_gbm,BZ=F,2026-02-06,68.05000305175781,5,2026-02-13,68.10707249849132,74.46334376965075,62.29337939300692,12.169964376643826,0.9,67.75,-0.35707249849131983,0.5270442782159702,True
mle_gbm,BZ=F,2026-02-06,68.05000305175781,6,2026-02-16,68.11849212983984,75.11278691665255,61.77548671162849,13.337300205024064,0.9,,,,
mle_gbm,BZ=F,2026-02-06,68.05000305175781,7,2026-02-17,68.12991367593776,75.7160304233169,61.303862755875734,14.41216766744116,0.9,67.41999816894531,-0.709915506992445,1.0529746755754779,True
mle_gbm,BZ=F,2026-02-09,69.04000091552734,0,2026-02-09,69.04000091552734,69.04000091552734,69.04000091552734,0.0,0.9,69.04000091552734,0.0,0.0,True
mle_gbm,BZ=F,2026-02-09,69.04000091552734,1,2026-02-10,69.0519962655233,71.86269478444022,66.35122997483604,5.511464809604178,0.9,68.80000305175781,-0.25199321376548767,0.3662691898079056,True
mle_gbm,BZ=F,2026-02-09,69.04000091552734,2,2026-02-11,69.0639936996504,73.07286495663233,65.27505427050352,7.797810686128813,0.9,69.4000015258789,0.33600782622851,0.48416112224898783,True
mle_gbm,BZ=F,2026-02-09,69.04000091552734,3,2026-02-12,69.0759932182709,74.0182535271312,64.46373173803174,9.554521789099454,0.9,67.5199966430664,-1.5559965752044889,2.304497411974136,True
mle_gbm,BZ=F,2026-02-09,69.04000091552734,4,2026-02-13,69.08799482174683,74.8267889988944,63.78933390500349,11.037455093890912,0.9,67.75,-1.3379948217468325,1.9749001058993836,True
mle_gbm,BZ=F,2026-02-09,69.04000091552734,5,2026-02-16,69.09999851044056,75.54799975136137,63.20233242253175,12.345667328829627,0.9,,,,
mle_gbm,BZ=F,2026-02-09,69.04000091552734,6,2026-02-17,69.11200428471425,76.20727537247845,62.67733773323352,13.529937639244928,0.9,67.41999816894531,-1.6920061157689332,2.509650195375261,True
mle_gbm,BZ=F,2026-02-09,69.04000091552734,7,2026-02-18,69.12401214493039,76.81969169524886,62.1992740346809,14.620417660567966,0.9,70.3499984741211,1.2259863291907038,1.7426956016803532,True
mle_gbm,BZ=F,2026-02-10,68.80000305175781,0,2026-02-10,68.80000305175781,68.80000305175781,68.80000305175781,0.0,0.9,68.80000305175781,0.0,0.0,True
mle_gbm,BZ=F,2026-02-10,68.80000305175781,1,2026-02-11,68.81184974060493,71.61217965652334,66.12102420893511,5.491155447588227,0.9,69.4000015258789,0.588151785273979,0.8474809399747063,True
mle_gbm,BZ=F,2026-02-10,68.80000305175781,2,2026-02-12,68.82369846933629,72.81776791537968,65.04870454835371,7.769063367025964,0.9,67.5199966430664,-1.3037018262698865,1.9308381088371442,True
mle_gbm,BZ=F,2026-02-10,68.80000305175781,3,2026-02-13,68.83554923830302,73.75954714083181,64.24026478757747,9.51928235325434,0.9,67.75,-1.0855492383030168,1.6022866986022388,True
mle_gbm,BZ=F,2026-02-10,68.80000305175781,4,2026-02-16,68.84740204785645,74.56497510922922,63.5682471803374,10.996727928891822,0.9,,,,
mle_gbm,BZ=F,2026-02-10,68.80000305175781,5,2026-02-17,68.85925689834798,75.28339804378719,62.98330553350983,12.30009251027736,0.9,67.41999816894531,-1.4392587294026669,2.1347653047929205,True
mle_gbm,BZ=F,2026-02-10,68.80000305175781,6,2026-02-18,68.87111379012909,75.94011219757894,62.46014362412449,13.47996857345445,0.9,70.3499984741211,1.478884683992007,2.1021815438077494,True
mle_gbm,BZ=F,2026-02-10,68.80000305175781,7,2026-02-19,68.88297272355115,76.55013800839252,61.983741044507205,14.566396963885317,0.9,71.66000366210938,2.7770309385582266,3.8752871848185473,True
mle_gbm,BZ=F,2026-02-11,69.4000015258789,0,2026-02-11,69.4000015258789,69.4000015258789,69.4000015258789,0.0,0.9,69.4000015258789,0.0,0.0,True
mle_gbm,BZ=F,2026-02-11,69.4000015258789,1,2026-02-12,69.41220259574008,72.23642718483828,66.6983965979332,5.53803058690508,0.9,67.5199966430664,-1.8922059526736774,2.8024378654467648,True
mle_gbm,BZ=F,2026-02-11,69.4000015258789,2,2026-02-13,69.424405810646,73.45256414740979,65.61715275846119,7.8354113889486,0.9,67.75,-1.6744058106459931,2.4714476909903955,True
mle_gbm,BZ=F,2026-02-11,69.4000015258789,3,2026-02-16,69.43661117097366,74.40264676237585,64.80203568977207,9.600611072603783,0.9,,,,
mle_gbm,BZ=F,2026-02-11,69.4000015258789,4,2026-02-17,69.44881867710039,75.21521939549675,64.12450105720941,11.090718338287331,0.9,67.41999816894531,-2.0288205081550785,3.009226584478883,True
mle_gbm,BZ=F,2026-02-11,69.4000015258789,5,2026-02-18,69.46102832940338,75.94004876203994,63.53478217662093,12.405266585419007,0.9,70.3499984741211,0.8889701447177174,1.2636391812357088,True
mle_gbm,BZ=F,2026-02-11,69.4000015258789,6,2026-02-19,69.47324012825993,76.60264657872793,63.00736736241125,13.595279216316676,0.9,71.66000366210938,2.1867635338494438,3.0515816663371274,True
mle_gbm,BZ=F,2026-02-11,69.4000015258789,7,2026-02-20,69.48545407404742,77.21816116796413,62.527108323315844,14.691052844648283,0.9,71.76000213623047,2.274548062183044,3.169659969999724,True
mle_gbm,BZ=F,2026-02-12,67.5199966430664,0,2026-02-12,67.5199966430664,67.5199966430664,67.5199966430664,0.0,0.9,67.5199966430664,0.0,0.0,True
mle_gbm,BZ=F,2026-02-12,67.5199966430664,1,2026-02-13,67.53107428990565,70.27893796460668,64.89065041144264,5.388287553164048,0.9,67.75,0.21892571009435358,0.3231375794750606,True
mle_gbm,BZ=F,2026-02-12,67.5199966430664,2,2026-02-16,67.54215375419554,71.46135548756406,63.837895357992124,7.623460129571939,0.9,,,,
mle_gbm,BZ=F,2026-02-12,67.5199966430664,3,2026-02-17,67.55323503623417,72.38489088173804,63.04408984074333,9.340801040994712,0.9,67.41999816894531,-0.13323686728885775,0.1976221757748856,True
mle_gbm,BZ=F,2026-02-12,67.5199966430664,4,2026-02-18,67.56431813631988,73.1746174959909,62.384160538672425,10.790456957318476,0.9,70.3499984741211,2.7856803378012103,3.959744702519004,True
mle_gbm,BZ=F,2026-02-12,67.5199966430664,5,2026-02-19,67.57540305475084,73.87895883314955,61.80968397680052,12.069274856349033,0.9,71.66000366210938,4.084600607358539,5.699972646691747,True
mle_gbm,BZ=F,2026-02-12,67.5199966430664,6,2026-02-20,67.58648979182541,74.52273834322692,61.29583673297324,13.226901610253677,0.9,71.76000213623047,4.173512344405054,5.8159311875186175,True
mle_gbm,BZ=F,2026-02-12,67.5199966430664,7,2026-02-23,67.59757834784206,75.12069584401665,60.82787901726553,14.292816826751121,0.9,71.48999786376953,3.8924195159274717,5.444705038801119,True
mle_gbm,BZ=F,2026-02-13,67.75,0,2026-02-13,67.75,67.75,67.75,0.0,0.9,67.75,0.0,0.0,True
mle_gbm,BZ=F,2026-02-13,67.75,1,2026-02-16,67.76120851021459,70.51784985469286,65.11232813005593,5.405521724636927,0.9,,,,
mle_gbm,BZ=F,2026-02-13,67.75,2,2026-02-17,67.77241887475687,71.70413847665804,64.05628542110858,7.6478530555494615,0.9,67.41999816894531,-0.3524207058115536,0.5227242886130543,True
mle_gbm,BZ=F,2026-02-13,67.75,3,2026-02-18,67.78363109393362,72.63071929232323,63.26001847491159,9.370700817411645,0.9,70.3499984741211,2.5663673801874722,3.6479991980831876,True
mle_gbm,BZ=F,2026-02-13,67.75,4,2026-02-19,67.79484516805162,73.42306518258276,62.59805443876208,10.825010743820684,0.9,71.66000366210938,3.865158494057752,5.393745878499691,True
mle_gbm,BZ=F,2026-02-13,67.75,5,2026-02-20,67.80606109741785,74.12975426711522,62.02181522118356,12.107939045931658,0.9,71.76000213623047,3.9539410388126157,5.509951116370347,True
mle_gbm,BZ=F,2026-02-13,67.75,6,2026-02-23,67.81727888233921,74.77568922514389,61.506398171164705,13.269291053979188,0.9,71.48999786376953,3.6727189814303216,5.137388573474307,True
mle_gbm,BZ=F,2026-02-13,67.75,7,2026-02-24,67.82849852312265,75.37565690085266,61.03701647274411,14.338640428108555,0.9,70.7699966430664,2.941498119943759,4.156419753387042,True
mle_gbm,BZ=F,2026-02-17,67.41999816894531,0,2026-02-17,67.41999816894531,67.41999816894531,67.41999816894531,0.0,0.9,67.41999816894531,0.0,0.0,True
mle_gbm,BZ=F,2026-02-17,67.41999816894531,1,2026-02-18,67.43100759928188,70.17364763337228,64.79555986045159,5.3780877729206935,0.9,70.3499984741211,2.91899087483921,4.149240850251032,False
mle_gbm,BZ=F,2026-02-17,67.41999816894531,2,2026-02-19,67.4420188274168,71.3537537097944,63.744731945241725,7.609021764552679,0.9,71.66000366210938,4.217984834692572,5.886107478561092,False
mle_gbm,BZ=F,2026-02-17,67.41999816894531,3,2026-02-20,67.45303185364351,72.27546589524685,62.95236495387112,9.323100941375735,0.9,71.76000213623047,4.30697028258696,6.0019093567061645,True
mle_gbm,BZ=F,2026-02-17,67.41999816894531,4,2026-02-23,67.46404667825568,73.06362117585219,62.2936219278181,10.76999924803409,0.9,71.48999786376953,4.025951185513847,5.631488747818471,True
mle_gbm,BZ=F,2026-02-17,67.41999816894531,5,2026-02-24,67.475063301547,73.76655159559355,61.72017085071033,12.046380744883223,0.9,70.7699966430664,3.2949333415194104,4.6558336834995835,True
mle_gbm,BZ=F,2026-02-17,67.41999816894531,6,2026-02-25,67.48608172381122,74.40903374491275,61.20723515972687,13.201798585185877,0.9,70.8499984741211,3.363916750309869,4.747941881097689,True
mle_gbm,BZ=F,2026-02-17,67.41999816894531,7,2026-02-26,67.49710194534201,75.00577963168186,60.74010287462611,14.26567675705575,0.9,70.75,3.25289805465799,4.597735766301046,True
mle_gbm,BZ=F,2026-02-18,70.3499984741211,0,2026-02-18,70.3499984741211,70.3499984741211,70.3499984741211,0.0,0.9,70.3499984741211,0.0,0.0,True
mle_gbm,BZ=F,2026-02-18,70.3499984741211,1,2026-02-19,70.3627514415548,73.22590785867463,67.61154535606781,5.614362502606824,0.9,71.66000366210938,1.2972522205545687,1.8102876838680626,True
mle_gbm,BZ=F,2026-02-18,70.3499984741211,2,2026-02-20,70.37550672083186,74.45921841011605,66.51576597184606,7.943452438269986,0.9,71.76000213623047,1.3844954153986038,1.9293413798542718,True
mle_gbm,BZ=F,2026-02-18,70.3499984741211,3,2026-02-23,70.38826431237133,75.42281815532061,65.68977232732503,9.733045827995582,0.9,71.48999786376953,1.1017335513981976,1.5411016706108283,True
mle_gbm,BZ=F,2026-02-18,70.3499984741211,4,2026-02-24,70.4010242165925,76.24702090880204,65.00325064074842,11.243770268053623,0.9,70.7699966430664,0.3689724264739027,0.5213684385698671,True
mle_gbm,BZ=F,2026-02-18,70.3499984741211,5,2026-02-25,70.41378643391454,76.98227813785566,64.40574947759055,12.576528660265112,0.9,70.8499984741211,0.4362120402065557,0.6156839091053586,True
mle_gbm,BZ=F,2026-02-18,70.3499984741211,6,2026-02-26,70.42655096475677,77.65445243420099,63.871406278914385,13.783046155286605,0.9,70.75,0.3234490352432289,0.4571717812625143,True
mle_gbm,BZ=F,2026-02-18,70.3499984741211,7,2026-02-27,70.4393178095386,78.2789003772041,63.384864498148936,14.89403587905516,0.9,72.4800033569336,2.0406855473950003,2.8155152495585307,True
mle_gbm,BZ=F,2026-02-19,71.66000366210938,0,2026-02-19,71.66000366210938,71.66000366210938,71.66000366210938,0.0,0.9,71.66000366210938,0.0,0.0,True
mle_gbm,BZ=F,2026-02-19,71.66000366210938,1,2026-02-20,71.67354939852466,74.58977103825255,68.8713427039245,5.718428334328053,0.9,71.76000213623047,0.08645273770581241,0.12047482599246441,True
mle_gbm,BZ=F,2026-02-19,71.66000366210938,2,2026-02-23,71.68709769546136,75.84652518032132,67.7557734356427,8.090751744678627,0.9,71.48999786376953,-0.19709983169182976,0.27570266831930923,True
mle_gbm,BZ=F,2026-02-19,71.66000366210938,3,2026-02-24,71.7006485534035,76.82858437033761,66.91497761038458,9.913606759953026,0.9,70.7699966430664,-0.9306519103370903,1.3150373809269775,True
mle_gbm,BZ=F,2026-02-19,71.66000366210938,4,2026-02-25,71.71420197283518,77.66867459431671,66.2162292772912,11.452445317025507,0.9,70.8499984741211,-0.8642034987140903,1.219765020926221,True
mle_gbm,BZ=F,2026-02-19,71.66000366210938,5,2026-02-26,71.7277579542406,78.4181807733733,65.60814355041829,12.810037222955003,0.9,70.75,-0.9777579542406016,1.3819900413294723,True
mle_gbm,BZ=F,2026-02-19,71.66000366210938,6,2026-02-27,71.74131649810404,79.10344380075654,65.06437957170093,14.039064229055612,0.9,72.4800033569336,0.7386868588295528,1.0191595262376438,True
mle_gbm,BZ=F,2026-02-19,71.66000366210938,7,2026-03-02,71.75487760490988,79.74010413854697,64.56929691425681,15.170807224290158,0.9,77.73999786376953,5.985120258859652,7.698894292932568,True
mle_gbm,BZ=F,2026-02-20,71.76000213623047,0,2026-02-20,71.76000213623047,71.76000213623047,71.76000213623047,0.0,0.9,71.76000213623047,0.0,0.0,True
mle_gbm,BZ=F,2026-02-20,71.76000213623047,1,2026-02-23,71.7736034522217,74.69326615000067,68.9680665747233,5.725199575277372,0.9,71.48999786376953,-0.28360558845217554,0.39670666796299375,True
mle_gbm,BZ=F,2026-02-20,71.76000213623047,2,2026-02-24,71.78720734619223,75.95153757452968,67.85120226839734,8.100335306132337,0.9,70.7699966430664,-1.0172107031258264,1.4373473949083284,True
mle_gbm,BZ=F,2026-02-20,71.76000213623047,3,2026-02-25,71.80081381863063,76.93478956517819,67.00943609717818,9.925353468000012,0.9,70.8499984741211,-0.950815344509536,1.3420118066154003,True
mle_gbm,BZ=F,2026-02-20,71.76000213623047,4,2026-02-26,71.81442287002562,77.7759050999037,66.30988511840856,11.466019981495137,0.9,70.75,-1.0644228700256235,1.5044846219443442,True
mle_gbm,BZ=F,2026-02-20,71.76000213623047,5,2026-02-27,71.82803450086604,78.52632985718137,65.70110368892759,12.825226168253778,0.9,72.4800033569336,0.6519688560675547,0.8995154882331914,True
mle_gbm,BZ=F,2026-02-20,71.76000213623047,6,2026-03-02,71.84164871164077,79.2124358648434,65.15671981623134,14.055716048612055,0.9,77.73999786376953,5.898349152128759,7.587277224351024,True
mle_gbm,BZ=F,2026-02-20,71.76000213623047,7,2026-03-03,71.85526550283882,79.84988206551584,64.66107459303615,15.188807472479695,0.9,81.4000015258789,9.544736023040088,11.725719710220888,False
mle_gbm,BZ=F,2026-02-23,71.48999786376953,0,2026-02-23,71.48999786376953,71.48999786376953,71.48999786376953,0.0,0.9,71.48999786376953,0.0,0.0,True
mle_gbm,BZ=F,2026-02-23,71.48999786376953,1,2026-02-24,71.50342804667774,74.41148842753188,68.709016987419,5.702471440112873,0.9,70.7699966430664,-0.7334314036113341,1.0363592460099276,True
mle_gbm,BZ=F,2026-02-23,71.48999786376953,2,2026-02-25,71.51686075259367,75.66462839956331,67.5964645580073,8.068163841556014,0.9,70.8499984741211,-0.6668622784725784,0.9412311825471087,True
mle_gbm,BZ=F,2026-02-23,71.48999786376953,3,2026-02-26,71.5302959819912,76.64383722384504,66.75792116628811,9.885916057556926,0.9,70.75,-0.7802959819912019,1.1028918473373879,True
mle_gbm,BZ=F,2026-02-23,71.48999786376953,4,2026-02-27,71.54373373534449,77.48147111295168,66.061030634436,11.420440478515687,0.9,72.4800033569336,0.9362696215891049,1.2917626631146386,True
mle_gbm,BZ=F,2026-02-23,71.48999786376953,5,2026-03-02,71.55717401312758,78.22877190688617,65.45455115721035,12.77422074967582,0.9,77.73999786376953,6.182823850641952,7.953208156085423,True
mle_gbm,BZ=F,2026-02-23,71.48999786376953,6,2026-03-03,71.57061681581477,78.9120071903008,64.91221518473535,13.999792005565453,0.9,81.4000015258789,9.829384710064133,12.075410965366073,False
mle_gbm,BZ=F,2026-02-23,71.48999786376953,7,2026-03-04,71.58406214388046,79.54677391854301,64.41842579645368,15.128348122089335,0.9,81.4000015258789,9.815939381998447,12.058893363629407,False
mle_gbm,BZ=F,2026-02-24,70.7699966430664,0,2026-02-24,70.7699966430664,70.7699966430664,70.7699966430664,0.0,0.9,70.7699966430664,0.0,0.0,True
mle_gbm,BZ=F,2026-02-24,70.7699966430664,1,2026-02-25,70.78298246270903,73.66123273278816,68.01719738374693,5.644035349041232,0.9,70.8499984741211,0.06701601141206481,0.09458858554039815,True
mle_gbm,BZ=F,2026-02-24,70.7699966430664,2,2026-02-26,70.79597066516249,74.90119623814894,66.9157465320932,7.985449706055746,0.9,70.75,-0.0459706651624856,0.0649762051766581,True
mle_gbm,BZ=F,2026-02-24,70.7699966430664,3,2026-02-27,70.8089612508639,75.87002706670256,66.08550421391405,9.784522852788513,0.9,72.4800033569336,1.6710421060696916,2.305521562741258,True
mle_gbm,BZ=F,2026-02-24,70.7699966430664,4,2026-03-02,70.82195422025065,76.69872698482195,65.39546869621257,11.30325828860937,0.9,77.73999786376953,6.918043643518885,8.898950133291702,False
mle_gbm,BZ=F,2026-02-24,70.7699966430664,5,2026-03-03,70.83494957376018,77.43801370149988,64.794922303385,12.64309139811489,0.9,81.4000015258789,10.565051952118722,12.979179059056717,False
mle_gbm,BZ=F,2026-02-24,70.7699966430664,6,2026-03-04,70.84794731182984,78.113886240645,64.25786604492424,13.85602019572076,0.9,81.4000015258789,10.552054214049065,12.963211322169727,False
mle_gbm,BZ=F,2026-02-24,70.7699966430664,7,2026-03-05,70.86094743489731,78.7417821630155,63.768862393487204,14.972919769528296,0.9,85.41000366210938,14.549056227212063,17.034370218235328,False
mle_gbm,BZ=F,2026-02-25,70.8499984741211,0,2026-02-25,70.8499984741211,70.8499984741211,70.8499984741211,0.0,0.9,70.8499984741211,0.0,0.0,True
mle_gbm,BZ=F,2026-02-25,70.8499984741211,1,2026-02-26,70.86302736477487,73.7439111799732,68.09468832003789,5.649222859935307,0.9,70.75,-0.11302736477486519,0.15975599261465045,True
mle_gbm,BZ=F,2026-02-25,70.8499984741211,2,2026-02-27,70.87605865136368,74.98503479022139,66.99224323900206,7.992791551219327,0.9,72.4800033569336,1.6039447055699156,2.212947890842611,True
mle_gbm,BZ=F,2026-02-25,70.8499984741211,3,2026-03-02,70.88909233432814,75.95477708422189,66.16125548512473,9.793521599097161,0.9,77.73999786376953,6.850905529441391,8.812587751091556,False
mle_gbm,BZ=F,2026-02-25,70.8499984741211,4,2026-03-03,70.90212841410884,76.7842601124368,65.4706030414238,11.313657071012997,0.9,81.4000015258789,10.497873111770062,12.896649772706148,False
mle_gbm,BZ=F,2026-02-25,70.8499984741211,5,2026-03-04,70.91516689114658,77.52424813638254,64.86952167987624,12.654726456506296,0.9,81.4000015258789,10.484834634732323,12.88063198794776,False
mle_gbm,BZ=F,2026-02-25,70.8499984741211,6,2026-03-05,70.92820776588222,78.20076403611313,64.3319885539344,13.868775482178734,0.9,85.41000366210938,14.481795896227155,16.95562027314576,False
mle_gbm,BZ=F,2026-02-25,70.8499984741211,7,2026-03-06,70.94125103875665,78.829259533083,63.842551975663156,14.986707557419848,0.9,92.69000244140625,21.748751402649603,23.463966803105894,False
mle_gbm,BZ=F,2026-02-26,70.75,0,2026-02-26,70.75,70.75,70.75,0.0,0.9,70.75,0.0,0.0,True
mle_gbm,BZ=F,2026-02-26,70.75,1,2026-02-27,70.76296269877918,73.63916016094585,67.99910372367961,5.640056437266239,0.9,72.4800033569336,1.717040658154417,2.368985345790773,True
mle_gbm,BZ=F,2026-02-26,70.75,2,2026-03-02,70.77592777256272,74.87820979319065,66.89839361681094,7.979816176379714,0.9,77.73999786376953,6.964070091206807,8.958155753246281,False
mle_gbm,BZ=F,2026-02-26,70.75,3,2026-03-03,70.7888952217858,75.84631693063073,66.06870167873947,9.777615251891262,0.9,81.4000015258789,10.611106304093113,13.035756885974505,False
mle_gbm,BZ=F,2026-02-26,70.75,4,2026-03-04,70.80186504688368,76.67439119591691,65.37911832006928,11.29527287584763,0.9,81.4000015258789,10.59813647899523,13.01982344020699,False
mle_gbm,BZ=F,2026-02-26,70.75,5,2026-03-05,70.81483724829155,77.41311465164934,64.7789615114676,12.634153140181738,0.9,85.41000366210938,14.595166413817822,17.088357087019666,False
mle_gbm,BZ=F,2026-02-26,70.75,6,2026-03-06,70.82781182644486,78.0884680619486,64.24225052209455,13.846217539854052,0.9,92.69000244140625,21.862190614961392,23.586352399528224,False
mle_gbm,BZ=F,2026-02-26,70.75,7,2026-03-09,70.84078878177905,78.71587815312974,63.7535586589286,14.96231949420114,0.9,98.95999908447266,28.119210302693602,28.414723689205907,False
mle_gbm,BZ=F,2026-02-27,72.4800033569336,0,2026-02-27,72.4800033569336,72.4800033569336,72.4800033569336,0.0,0.9,72.4800033569336,0.0,0.0,True
mle_gbm,BZ=F,2026-02-27,72.4800033569336,1,2026-03-02,72.49401823267121,75.44056219769497,69.66255985403353,5.778002343661441,0.9,77.73999786376953,5.245979631098322,6.748108792453664,False
mle_gbm,BZ=F,2026-02-27,72.4800033569336,2,2026-03-03,72.5080358183527,76.7106945840477,68.53562318452552,8.175071399522182,0.9,81.4000015258789,8.89196570752621,10.923790590715472,False
mle_gbm,BZ=F,2026-02-27,72.4800033569336,3,2026-03-04,72.52205611450212,77.70327781683228,67.68631608402598,10.016961732806308,0.9,81.4000015258789,8.877945411376786,10.906566639994823,False
mle_gbm,BZ=F,2026-02-27,72.4800033569336,4,2026-03-05,72.53607912164347,78.55241897540503,66.9805315096497,11.571887465755339,0.9,85.41000366210938,12.873924540465907,15.073087446988595,False
mle_gbm,BZ=F,2026-02-27,72.4800033569336,5,2026-03-06,72.550104840301,79.310037459176,66.36635009847282,12.94368736070318,0.9,92.69000244140625,20.139897601105247,21.728230737545434,False
mle_gbm,BZ=F,2026-02-27,72.4800033569336,6,2026-03-09,72.56413327099905,80.00274804143996,65.81715711370127,14.185590927738687,0.9,98.95999908447266,26.395865813473605,26.673268045346273,False
mle_gbm,BZ=F,2026-02-27,72.4800033569336,7,2026-03-10,72.57816441426205,80.64635374609745,65.31714956795001,15.329204178147435,0.9,87.80000305175781,15.221838637495765,17.33694545377469,False
mle_gbm,BZ=F,2026-03-02,77.73999786376953,0,2026-03-02,77.73999786376953,77.73999786376953,77.73999786376953,0.0,0.9,77.73999786376953,0.0,0.0,True
mle_gbm,BZ=F,2026-03-02,77.73999786376953,1,2026-03-03,77.75732686306023,80.92278282238614,74.71569402351537,6.207088798870771,0.9,81.4000015258789,3.6426746628186777,4.475030214416628,False
mle_gbm,BZ=F,2026-03-02,77.73999786376953,2,2026-03-04,77.77465972515283,82.28974478495272,73.50730897477999,8.782435810172728,0.9,81.4000015258789,3.6253418007260763,4.45373677244158,True
mle_gbm,BZ=F,2026-03-02,77.73999786376953,3,2026-03-05,77.79199645090851,83.35861102208756,72.59711549433891,10.76149552774865,0.9,85.41000366210938,7.618007211200862,8.919338349800885,False
mle_gbm,BZ=F,2026-03-02,77.73999786376953,4,2026-03-06,77.8093370411884,84.27343365044851,71.84106151294847,12.432372137500039,0.9,92.69000244140625,14.88066540021785,16.05422915985424,False
mle_gbm,BZ=F,2026-03-02,77.73999786376953,5,2026-03-09,77.82668149685406,85.08998045185466,71.1833792962253,13.90660115562936,0.9,98.95999908447266,21.133317587618592,21.35541408966577,False
mle_gbm,BZ=F,2026-03-02,77.73999786376953,6,2026-03-10,77.84402981876705,85.83683805452681,70.59548226340478,15.241355791122032,0.9,87.80000305175781,9.955973232990758,11.339376864396854,False
mle_gbm,BZ=F,2026-03-02,77.73999786376953,7,2026-03-11,77.86138200778916,86.53097979058649,70.0603971298426,16.470582660743887,0.9,91.9800033569336,14.118621349144433,15.34966387678453,False
mle_gbm,BZ=F,2026-03-03,81.4000015258789,0,2026-03-03,81.4000015258789,81.4000015258789,81.4000015258789,0.0,0.9,81.4000015258789,0.0,0.0,True
mle_gbm,BZ=F,2026-03-03,81.4000015258789,1,2026-03-04,81.41972184592117,84.73610059757824,78.23313863532488,6.502961962253366,0.9,81.4000015258789,-0.019720320042267758,0.024226436944228092,True
mle_gbm,BZ=F,2026-03-03,81.4000015258789,2,2026-03-05,81.4394469434944,86.1699155082452,76.9686668408955,9.201248667349702,0.9,85.41000366210938,3.970556718614972,4.648819281547975,True
mle_gbm,BZ=F,2026-03-03,81.4000015258789,3,2026-03-06,81.45917681975588,87.29146937886156,76.01656307734379,11.274906301517774,0.9,92.69000244140625,11.230825621650368,12.116544746829526,False
mle_gbm,BZ=F,2026-03-03,81.4000015258789,4,2026-03-09,81.47891147586338,88.25167134841831,75.22591826144001,13.025753086978298,0.9,98.95999908447266,17.481087608609272,17.6648017080996,False
mle_gbm,BZ=F,2026-03-03,81.4000015258789,5,2026-03-10,81.498650912975,89.10894256279423,74.53831130309266,14.570631259701571,0.9,87.80000305175781,6.301352138782818,7.176938405193667,True
mle_gbm,BZ=F,2026-03-03,81.4000015258789,6,2026-03-11,81.51839513224881,89.89322916401903,73.92379611608497,15.96943304793406,0.9,91.9800033569336,10.461608224684781,11.37378543474055,False
mle_gbm,BZ=F,2026-03-03,81.4000015258789,7,2026-03-12,81.53814413484345,90.62231134618133,73.36459256216776,17.257718784013576,0.9,100.45999908447266,18.921854949629207,18.835213141619285,False
mle_gbm,BZ=F,2026-03-04,81.4000015258789,0,2026-03-04,81.4000015258789,81.4000015258789,81.4000015258789,0.0,0.9,81.4000015258789,0.0,0.0,True
mle_gbm,BZ=F,2026-03-04,81.4000015258789,1,2026-03-05,81.41971351355632,84.73537730245003,78.23379041516239,6.501586887287644,0.9,85.41000366210938,3.9902901485530577,4.671923635946733,False
mle_gbm,BZ=F,2026-03-04,81.4000015258789,2,2026-03-06,81.43943027472825,86.1688701422838,76.96956908592166,9.199301056362131,0.9,92.69000244140625,11.250572166677998,12.137848603240698,False
mle_gbm,BZ=F,2026-03-04,81.4000015258789,3,2026-03-09,81.45915181055057,87.29016749227654,76.01765014692455,11.272517345351986,0.9,98.95999908447266,17.50084727392209,17.68476903378232,False
mle_gbm,BZ=F,2026-03-04,81.4000015258789,4,2026-03-10,81.47887812217964,88.25014668502051,75.22715632126953,13.022990363750978,0.9,87.80000305175781,6.3211249295781755,7.199458667275778,True
mle_gbm,BZ=F,2026-03-04,81.4000015258789,5,2026-03-11,81.49860921077183,89.10721656678291,74.53967881840555,14.567537748377362,0.9,91.9800033569336,10.481394146161762,11.395296546672345,False
mle_gbm,BZ=F,2026-03-04,81.4000015258789,6,2026-03-12,81.5183450774841,89.89131698153372,73.92527785010539,15.966039131428332,0.9,100.45999908447266,18.941654006988557,18.85492154052411,False
mle_gbm,BZ=F,2026-03-04,81.4000015258789,7,2026-03-13,81.53808572347337,90.62022438779512,73.36617701361506,17.25404737418006,0.9,103.13999938964844,21.601913666175065,20.944263907318895,False
mle_gbm,BZ=F,2026-03-05,85.41000366210938,0,2026-03-05,85.41000366210938,85.41000366210938,85.41000366210938,0.0,0.9,85.41000366210938,0.0,0.0,True
mle_gbm,BZ=F,2026-03-05,85.41000366210938,1,2026-03-06,85.43241287770336,88.91364805728877,82.08747846453993,6.82616959274884,0.9,92.69000244140625,7.2575895637028935,7.829959405051004,False
mle_gbm,BZ=F,2026-03-05,85.41000366210938,2,2026-03-09,85.45482797285388,90.42056346428214,80.76180178588125,9.658761678400893,0.9,98.95999908447266,13.505171111618779,13.647101087875626,False
mle_gbm,BZ=F,2026-03-05,85.41000366210938,3,2026-03-10,85.47724894910355,91.59974582188038,79.76397775289196,11.835768068988415,0.9,87.80000305175781,2.322754102654258,2.645505719726459,True
mle_gbm,BZ=F,2026-03-05,85.41000366210938,4,2026-03-11,85.4996758079955,92.60959437423027,78.93560718700739,13.673987187222878,0.9,91.9800033569336,6.480327548938092,7.045365636475154,True
mle_gbm,BZ=F,2026-03-05,85.41000366210938,5,2026-03-12,85.52210855107299,93.51142855374597,78.21537072142738,15.296057832318596,0.9,100.45999908447266,14.937890533399667,14.869491010883856,False
mle_gbm,BZ=F,2026-03-05,85.41000366210938,6,2026-03-13,85.54454717987994,94.33667948263175,77.57183729959452,16.76484218303723,0.9,103.13999938964844,17.595452209768496,17.059775367358057,False
mle_gbm,BZ=F,2026-03-05,85.41000366210938,7,2026-03-16,85.56699169596064,95.10400866569007,76.98634548238547,18.1176631833046,0.9,100.20999908447266,14.643007388512018,14.612321646833468,False
mle_gbm,BZ=F,2026-03-06,92.69000244140625,0,2026-03-06,92.69000244140625,92.69000244140625,92.69000244140625,0.0,0.9,92.69000244140625,0.0,0.0,True
mle_gbm,BZ=F,2026-03-06,92.69000244140625,1,2026-03-09,92.71751277641704,96.50394986545308,89.07964065129406,7.424309214159024,0.9,98.95999908447266,6.242486308055618,6.30809050708156,False
mle_gbm,BZ=F,2026-03-06,92.69000244140625,2,2026-03-10,92.74503127647803,98.14639987788523,87.64092047367137,10.505479404213858,0.9,87.80000305175781,-4.945028224720218,5.632150401868597,True
mle_gbm,BZ=F,2026-03-06,92.69000244140625,3,2026-03-11,92.77255794401279,99.43249073432403,86.55870373871835,12.873786995605684,0.9,91.9800033569336,-0.792554587079195,0.8616596631374781,True
mle_gbm,BZ=F,2026-03-06,92.69000244140625,4,2026-03-12,92.80009278144534,100.53448168192503,85.6607312851266,14.873750396798428,0.9,100.45999908447266,7.659906303027313,7.624832144967884,True
mle_gbm,BZ=F,2026-03-06,92.69000244140625,5,2026-03-13,92.82763579120041,101.51905507562861,84.88032084384916,16.638734231779452,0.9,103.13999938964844,10.31236359844803,9.998413476317145,False
mle_gbm,BZ=F,2026-03-06,92.69000244140625,6,2026-03-16,92.8551869757037,102.42038971952708,84.1832936967339,18.23709602279318,0.9,100.20999908447266,7.354812108768954,7.3393994371451585,True
mle_gbm,BZ=F,2026-03-06,92.69000244140625,7,2026-03-17,92.88274633738132,103.25877776868477,83.54935777470233,19.709419993982436,0.9,103.41999816894531,10.537251831563992,10.188795221549416,False
mle_gbm,BZ=F,2026-03-09,98.95999908447266,0,2026-03-09,98.95999908447266,98.95999908447266,98.95999908447266,0.0,0.9,98.95999908447266,0.0,0.0,True
mle_gbm,BZ=F,2026-03-09,98.95999908447266,1,2026-03-10,98.99209190004979,103.04013495547544,95.10308059070697,7.937054364768471,0.9,87.80000305175781,-11.192088848291974,12.74725337047457,False
mle_gbm,BZ=F,2026-03-09,98.95999908447266,2,2026-03-11,99.0241951233555,104.79896775138107,93.56763172602108,11.231336025359994,0.9,91.9800033569336,-7.044191766421903,7.658394769878971,False
mle_gbm,BZ=F,2026-03-09,98.95999908447266,3,2026-03-12,99.05630875776505,106.17690773132571,92.41324233648565,13.76366539484006,0.9,100.45999908447266,1.4036903267076042,1.397262930021828,True
mle_gbm,BZ=F,2026-03-09,98.95999908447266,4,2026-03-13,99.08843280665475,107.35809424371008,91.4557731789672,15.902321064742878,0.9,103.13999938964844,4.051566582993686,3.928220483778982,True
mle_gbm,BZ=F,2026-03-09,98.95999908447266,5,2026-03-16,99.12056727340203,108.41380632394274,90.62394532338482,17.78986100055792,0.9,100.20999908447266,1.0894318110706251,1.0871488085258654,True
mle_gbm,BZ=F,2026-03-09,98.95999908447266,6,2026-03-17,99.15271216138542,109.38057780362027,89.88122504353011,19.49935276009016,0.9,103.41999816894531,4.267286007559889,4.126171033757819,True
mle_gbm,BZ=F,2026-03-09,98.95999908447266,7,2026-03-18,99.18486747398451,110.28009842040598,89.20592270718846,21.074175713217514,0.9,107.37999725341797,8.195129779433458,7.631896059833995,True
mle_gbm,BZ=F,2026-03-10,87.80000305175781,0,2026-03-10,87.80000305175781,87.80000305175781,87.80000305175781,0.0,0.9,87.80000305175781,0.0,0.0,True
mle_gbm,BZ=F,2026-03-10,87.80000305175781,1,2026-03-11,87.82403244621324,91.43329502243427,84.35724287548669,7.076052146947575,0.9,91.9800033569336,4.155970910720356,4.518341768909136,False
mle_gbm,BZ=F,2026-03-10,87.80000305175781,2,2026-03-12,87.84806841711266,92.99684650028468,82.9843528575357,10.012493642748979,0.9,100.45999908447266,12.61193066736,12.554181547179939,False
mle_gbm,BZ=F,2026-03-10,87.80000305175781,3,2026-03-13,87.8721109662558,94.22070623427001,81.95128432244229,12.26942191182772,0.9,103.13999938964844,15.267888423392634,14.803072051331604,False
mle_gbm,BZ=F,2026-03-10,87.80000305175781,4,2026-03-16,87.89616009544311,95.26906360853948,81.09384795959373,14.175215648945752,0.9,100.20999908447266,12.313838989029549,12.288034229647602,False
mle_gbm,BZ=F,2026-03-10,87.80000305175781,5,2026-03-17,87.92021580647541,96.20547845007837,80.34848401557855,15.856994434499825,0.9,103.41999816894531,15.499782362469901,14.987219722388406,False
mle_gbm,BZ=F,2026-03-10,87.80000305175781,6,2026-03-18,87.94427810115414,97.06252973525523,79.68261358763979,17.379916147615432,0.9,107.37999725341797,19.43571915226383,18.099943797163004,False
mle_gbm,BZ=F,2026-03-10,87.80000305175781,7,2026-03-19,87.96834698128097,97.85956017464184,79.07689403885436,18.78266613578748,0.9,108.6500015258789,20.681654544597933,19.035116662811877,False
mle_gbm,BZ=F,2026-03-11,91.9800033569336,0,2026-03-11,91.9800033569336,91.9800033569336,91.9800033569336,0.0,0.9,91.9800033569336,0.0,0.0,True
mle_gbm,BZ=F,2026-03-11,91.9800033569336,1,2026-03-12,92.0069701685753,95.79022168184514,88.37313883370526,7.417082848139884,0.9,100.45999908447266,8.453028915897363,8.414323106642238,False
mle_gbm,BZ=F,2026-03-11,91.9800033569336,2,2026-03-13,92.03394488638031,97.4310560656819,86.93580212903757,10.495253936644332,0.9,103.13999938964844,11.106054503268126,10.767941214844312,False
mle_gbm,BZ=F,2026-03-11,91.9800033569336,3,2026-03-16,92.0609275126666,98.71587803687822,85.85462179981103,12.861256237067195,0.9,100.20999908447266,8.149071571806061,8.131994457895114,False
mle_gbm,BZ=F,2026-03-11,91.9800033569336,4,2026-03-17,92.08791804975277,99.81677917771384,84.95750634910647,14.859272828607374,0.9,103.41999816894531,11.33208011919254,10.957339315246003,False
mle_gbm,BZ=F,2026-03-11,91.9800033569336,5,2026-03-18,92.11491649995814,100.80037693882448,84.17783841169447,16.62253852713002,0.9,107.37999725341797,15.265080753459827,14.215944443948969,False
mle_gbm,BZ=F,2026-03-11,91.9800033569336,6,2026-03-19,92.14192286560268,101.70081685644399,83.48147253679329,18.219344319650702,0.9,108.6500015258789,16.508078660276226,15.193813555855526,False
mle_gbm,BZ=F,2026-03-11,91.9800033569336,7,2026-03-20,92.16893714900704,102.53837133396081,82.84813640651244,19.690234927448373,0.9,112.19000244140625,20.021065292399214,17.845676848840135,False
mle_gbm,BZ=F,2026-03-12,100.45999908447266,0,2026-03-12,100.45999908447266,100.45999908447266,100.45999908447266,0.0,0.9,100.45999908447266,0.0,0.0,True
mle_gbm,BZ=F,2026-03-12,100.45999908447266,1,2026-03-13,100.49317424345398,104.63590061791916,96.51446597092456,8.1214346469946,0.9,103.13999938964844,2.646825146194459,2.566245066761272,True
mle_gbm,BZ=F,2026-03-12,100.45999908447266,2,2026-03-16,100.52636035795172,106.43663528973042,94.94427458467212,11.492360705058303,0.9,100.20999908447266,-0.3163612734790604,0.3156983099185358,True
mle_gbm,BZ=F,2026-03-12,100.45999908447266,3,2026-03-17,100.55955743158388,107.84765752645747,93.76397061155694,14.083686914900525,0.9,103.41999816894531,2.8604407373614293,2.765848760399954,True
mle_gbm,BZ=F,2026-03-12,100.45999908447266,4,2026-03-18,100.59276546796934,109.057378129813,92.78514336232406,16.27223476748894,0.9,107.37999725341797,6.7872317854486255,6.320759879915702,True
mle_gbm,BZ=F,2026-03-12,100.45999908447266,5,2026-03-19,100.62598447072844,110.13872878343145,91.934861265863,18.20386751756844,0.9,108.6500015258789,8.024017055150466,7.385197369959777,True
mle_gbm,BZ=F,2026-03-12,100.45999908447266,6,2026-03-20,100.65921444348265,111.12908998768754,91.17574393438859,19.953346053298944,0.9,112.19000244140625,11.530787997923596,10.277910461714992,False
mle_gbm,BZ=F,2026-03-12,100.45999908447266,7,2026-03-23,100.6924553898546,112.05065391173598,90.48559931140144,21.565054600334534,0.9,99.94000244140625,-0.7524529484483509,0.7529046728706115,True
mle_gbm,BZ=F,2026-03-13,103.13999938964844,0,2026-03-13,103.13999938964844,103.13999938964844,103.13999938964844,0.0,0.9,103.13999938964844,0.0,0.0,True
mle_gbm,BZ=F,2026-03-13,103.13999938964844,1,2026-03-16,103.1751894285783,107.42858881167214,99.09019406635286,8.338394745319277,0.9,100.20999908447266,-2.9651903441056504,2.9589765205028336,True
mle_gbm,BZ=F,2026-03-13,103.13999938964844,2,2026-03-17,103.21039147389602,109.27862726228625,97.47912446436058,11.799502797925669,0.9,103.41999816894531,0.2096066950492883,0.2026752066915318,True
mle_gbm,BZ=F,2026-03-13,103.13999938964844,3,2026-03-18,103.24560552969815,110.72857408587372,96.26833136067587,14.460242725197844,0.9,107.37999725341797,4.134391723719816,3.850243834484933,True
mle_gbm,BZ=F,2026-03-13,103.13999938964844,4,2026-03-19,103.28083160008234,111.97186658715339,95.26437757203908,16.707489015114305,0.9,108.6500015258789,5.3691699257965695,4.941711781308819,True
mle_gbm,BZ=F,2026-03-13,103.13999938964844,5,2026-03-20,103.31606968914788,113.08338126946765,94.39238671664023,18.69099455282742,0.9,112.19000244140625,8.87393275225837,7.90973576891843,True
mle_gbm,BZ=F,2026-03-13,103.13999938964844,6,2026-03-23,103.3513198009954,114.10149500366694,93.61398204523391,20.48751295843303,0.9,99.94000244140625,-3.411317359589148,3.413365295432294,True
mle_gbm,BZ=F,2026-03-13,103.13999938964844,7,2026-03-24,103.38658193972691,115.04899123797304,92.90638023127602,22.142611006697024,0.9,104.48999786376953,1.103415924042622,1.0560014801428341,True
mle_gbm,BZ=F,2026-03-16,100.20999908447266,0,2026-03-16,100.20999908447266,100.20999908447266,100.20999908447266,0.0,0.9,100.20999908447266,0.0,0.0,True
mle_gbm,BZ=F,2026-03-16,100.20999908447266,1,2026-03-17,100.24295864656648,104.37583989353774,96.27372357881629,8.102116314721457,0.9,103.41999816894531,3.177039522378834,3.0719779333092534,True
mle_gbm,BZ=F,2026-03-16,100.20999908447266,2,2026-03-18,100.27592904922267,106.17215606064559,94.70714657938346,11.465009481262129,0.9,107.37999725341797,7.1040682041953005,6.615820810117569,False
mle_gbm,BZ=F,2026-03-16,100.20999908447266,3,2026-03-19,100.30891029600653,107.5796832282331,93.52953255519215,14.050150673040946,0.9,108.6500015258789,8.341091229872376,7.677028175545534,False
mle_gbm,BZ=F,2026-03-16,100.20999908447266,4,2026-03-20,100.34190239048493,108.78638479115352,92.5529182229096,16.233466568243927,0.9,112.19000244140625,11.848100050921317,10.560744980025518,False
mle_gbm,BZ=F,2026-03-16,100.20999908447266,5,2026-03-23,100.37490533622557,109.86501934598584,91.70454509754165,18.16047424844419,0.9,99.94000244140625,-0.43490289481931654,0.4351639825847467,True
mle_gbm,BZ=F,2026-03-16,100.20999908447266,6,2026-03-24,100.40791913679755,110.85287872710036,90.94712145636842,19.90575727073194,0.9,104.48999786376953,4.082078726971986,3.906669356328306,True
mle_gbm,BZ=F,2026-03-16,100.20999908447266,7,2026-03-25,100.44094379577118,111.77210249211963,90.2585078534828,21.51359463863683,0.9,102.22000122070312,1.779057424931949,1.7404200779559644,True
mle_gbm,BZ=F,2026-03-17,103.41999816894531,0,2026-03-17,103.41999816894531,103.41999816894531,103.41999816894531,0.0,0.9,103.41999816894531,0.0,0.0,True
mle_gbm,BZ=F,2026-03-17,103.41999816894531,1,2026-03-18,103.45537207784363,107.72125813531251,99.3584200281121,8.362838107200403,0.9,107.37999725341797,3.9246251755743344,3.654894091971502,True
mle_gbm,BZ=F,2026-03-17,103.41999816894531,2,2026-03-19,103.4907580860791,109.57682467995228,97.74272105907139,11.834103620880896,0.9,108.6500015258789,5.159243439799809,4.748498267228234,True
mle_gbm,BZ=F,2026-03-17,103.41999816894531,3,2026-03-20,103.52615619779031,111.0311295799805,96.52846960697525,14.502659973005251,0.9,112.19000244140625,8.663846243615936,7.722476205614511,False
mle_gbm,BZ=F,2026-03-17,103.41999816894531,4,2026-03-23,103.56156641711709,112.2781765829127,95.5216620466489,16.756514536263808,0.9,99.94000244140625,-3.621563975710842,3.623738130118744,True
mle_gbm,BZ=F,2026-03-17,103.41999816894531,5,2026-03-24,103.59698874820064,113.3930613746861,94.64720281456923,18.745858560116872,0.9,104.48999786376953,0.8930091155688871,0.854635978395905,True
mle_gbm,BZ=F,2026-03-17,103.41999816894531,6,2026-03-25,103.63242319518388,114.4142731268283,93.86660286169666,20.547670265131643,0.9,102.22000122070312,-1.4124219744807505,1.3817471704301698,True
mle_gbm,BZ=F,2026-03-17,103.41999816894531,7,2026-03-26,103.66786976221073,115.36466193569902,93.15701221423222,22.207649721466794,0.9,108.01000213623047,4.342132374019741,4.02012062599824,True
mle_gbm,BZ=F,2026-03-18,107.37999725341797,0,2026-03-18,107.37999725341797,107.37999725341797,107.37999725341797,0.0,0.9,107.37999725341797,0.0,0.0,True
mle_gbm,BZ=F,2026-03-18,107.37999725341797,1,2026-03-19,107.41840824597399,111.84893861995839,103.16337886142229,8.685559758536101,0.9,108.6500015258789,1.2315932799049136,1.1335418891932232,True
mle_gbm,BZ=F,2026-03-18,107.37999725341797,2,2026-03-20,107.45683297855985,113.77790846955972,101.48693282467393,12.29097564488579,0.9,112.19000244140625,4.733169462846405,4.218887030792614,True
mle_gbm,BZ=F,2026-03-18,107.37999725341797,3,2026-03-23,107.49527145609022,115.29017979223296,100.22738628946951,15.062793502763455,0.9,99.94000244140625,-7.555269014683972,7.559804712946196,False
mle_gbm,BZ=F,2026-03-18,107.37999725341797,4,2026-03-24,107.53372368348205,116.58723272340413,99.18325925677598,17.403973466628145,0.9,104.48999786376953,-3.0437258197125203,2.912935096123579,True
mle_gbm,BZ=F,2026-03-18,107.37999725341797,5,2026-03-25,107.57218966565361,117.74705561162605,98.27656351451718,19.470492097108874,0.9,102.22000122070312,-5.352188444950485,5.235950284714416,True
mle_gbm,BZ=F,2026-03-18,107.37999725341797,6,2026-03-26,107.61066940752532,118.80961957396376,97.46732808219,21.342291491773764,0.9,108.01000213623047,0.39933272870514713,0.3697182860912068,True
mle_gbm,BZ=F,2026-03-18,107.37999725341797,7,2026-03-27,107.649162914019,119.79865412822795,96.73182357862953,23.06683054959842,0.9,112.56999969482422,4.920836780805217,4.371357194763739,True
mle_gbm,BZ=F,2026-03-19,108.6500015258789,0,2026-03-19,108.6500015258789,108.6500015258789,108.6500015258789,0.0,0.9,108.6500015258789,0.0,0.0,True
mle_gbm,BZ=F,2026-03-19,108.6500015258789,1,2026-03-20,108.68938786947318,113.17158558900405,104.38470905888404,8.786876530120011,0.9,112.19000244140625,3.5006145719330704,3.120255366570069,True
mle_gbm,BZ=F,2026-03-19,108.6500015258789,2,2026-03-23,108.7287884908773,115.12359990348496,102.68919193462492,12.434407968860043,0.9,99.94000244140625,-8.788786049471057,8.794062272135552,False
mle_gbm,BZ=F,2026-03-19,108.6500015258789,3,2026-03-24,108.76820339526718,116.6540693158322,101.41542544738799,15.238643868444214,0.9,104.48999786376953,-4.2782055314976475,4.09436847445956,True
mle_gbm,BZ=F,2026-03-19,108.6500015258789,4,2026-03-25,108.8076325878203,117.96682114813433,100.35958241596926,17.607238732165072,0.9,102.22000122070312,-6.587631367117169,6.444562011786538,True
mle_gbm,BZ=F,2026-03-19,108.6500015258789,5,2026-03-26,108.84707607371627,119.14075189250927,99.44276648922406,19.697985403285216,0.9,108.01000213623047,-0.8370739374857976,0.7749966863531916,True
mle_gbm,BZ=F,2026-03-19,108.6500015258789,6,2026-03-27,108.88653385813656,120.21629791977611,98.6245414373945,21.591756482381612,0.9,112.56999969482422,3.6834658366876596,3.2721558556218238,True
mle_gbm,BZ=F,2026-03-19,108.6500015258789,7,2026-03-30,108.92600594626448,121.21746484089411,97.88090179067078,23.336563050223333,0.9,112.77999877929688,3.853992833032393,3.417266248224037,True
mle_gbm,BZ=F,2026-03-20,112.19000244140625,0,2026-03-20,112.19000244140625,112.19000244140625,112.19000244140625,0.0,0.9,112.19000244140625,0.0,0.0,True
mle_gbm,BZ=F,2026-03-20,112.19000244140625,1,2026-03-23,112.23216752105621,116.86112361046591,107.7865678278173,9.074555782648616,0.9,99.94000244140625,-12.292165079649962,12.299544506071756,False
mle_gbm,BZ=F,2026-03-20,112.19000244140625,2,2026-03-24,112.27434844787538,118.87863782912129,106.03695962191622,12.841678207205064,0.9,104.48999786376953,-7.784350584105852,7.44985237175985,False
mle_gbm,BZ=F,2026-03-20,112.19000244140625,3,2026-03-25,112.3165452278195,120.46084829471313,104.72287478044002,15.737973514273108,0.9,102.22000122070312,-10.096544007116378,9.877268525282972,False
mle_gbm,BZ=F,2026-03-20,112.19000244140625,4,2026-03-26,112.35875786684687,121.81824652558745,103.6338219392199,18.184424586367555,0.9,108.01000213623047,-4.3487557306164035,4.026252795672961,True
mle_gbm,BZ=F,2026-03-20,112.19000244140625,5,2026-03-27,112.40098637091789,123.03230738605036,102.68832638822585,20.343980997824517,0.9,112.56999969482422,0.16901332390632717,0.15014064525585863,True
mle_gbm,BZ=F,2026-03-20,112.19000244140625,6,2026-03-30,112.44323074599534,124.14478815438885,101.84463100354623,22.300157150842622,0.9,112.77999877929688,0.3367680333015386,0.29860616859960404,True
mle_gbm,BZ=F,2026-03-20,112.19000244140625,7,2026-03-31,112.48549099804389,125.18047828579651,101.07794648446134,24.102531801335175,0.9,118.3499984741211,5.864507476077208,4.9552239557988385,True
mle_gbm,BZ=F,2026-03-23,99.94000244140625,0,2026-03-23,99.94000244140625,99.94000244140625,99.94000244140625,0.0,0.9,99.94000244140625,0.0,0.0,True
mle_gbm,BZ=F,2026-03-23,99.94000244140625,1,2026-03-24,99.97269080460423,104.11477757807941,95.9953921931758,8.119385384903609,0.9,104.48999786376953,4.517307059165304,4.323195666110371,False
mle_gbm,BZ=F,2026-03-23,99.94000244140625,2,2026-03-25,100.0053898595078,105.91498238974093,94.42552673190893,11.489455657831996,0.9,102.22000122070312,2.214611361195324,2.166514708225994,True
mle_gbm,BZ=F,2026-03-23,99.94000244140625,3,2026-03-26,100.03809960961415,107.32557174309368,93.24545130268142,14.080120440412259,0.9,108.01000213623047,7.971902526616319,7.380707683499113,False
mle_gbm,BZ=F,2026-03-23,99.94000244140625,4,2026-03-27,100.07082005842138,108.53490917014268,92.26680248533151,16.268106684811173,0.9,112.56999969482422,12.499179636402843,11.103473101437288,False
mle_gbm,BZ=F,2026-03-23,99.94000244140625,5,2026-03-30,100.10355120942872,109.61590809164952,91.41666697100594,18.199241120643578,0.9,112.77999877929688,12.67644756986816,11.23997845989974,False
mle_gbm,BZ=F,2026-03-23,99.94000244140625,6,2026-03-31,100.13629306613683,110.60593966425274,90.65767371504015,19.948265949212598,0.9,118.3499984741211,18.213705407984264,15.389696360635737,False
mle_gbm,BZ=F,2026-03-23,99.94000244140625,7,2026-04-01,100.16904563204724,111.52719051949552,89.96763619792965,21.55955432156587,0.9,101.16000366210938,0.9909580300621315,0.9795946957179738,True
mle_gbm,BZ=F,2026-03-24,104.48999786376953,0,2026-03-24,104.48999786376953,104.48999786376953,104.48999786376953,0.0,0.9,104.48999786376953,0.0,0.0,True
mle_gbm,BZ=F,2026-03-24,104.48999786376953,1,2026-03-25,104.52611455445279,108.85890539082192,100.36577700855473,8.493128382267187,0.9,102.22000122070312,-2.306113333749664,2.2560294523676796,True
mle_gbm,BZ=F,2026-03-24,104.48999786376953,2,2026-03-26,104.56224372877448,110.74405650020961,98.72550418608644,12.01855231412317,0.9,108.01000213623047,3.447758407455993,3.1920732703138146,True
mle_gbm,BZ=F,2026-03-24,104.48999786376953,3,2026-03-27,104.59838539104938,112.2217133404773,97.49291737527092,14.728795965206373,0.9,112.56999969482422,7.971614303774842,7.08147315038268,False
mle_gbm,BZ=F,2026-03-24,104.48999786376953,4,2026-03-30,104.634539545594,113.48889811349902,96.47099450176272,17.0179036117363,0.9,112.77999877929688,8.14545923370288,7.222432454218247,True
mle_gbm,BZ=F,2026-03-24,104.48999786376953,5,2026-03-31,104.67070619672626,114.6218743719974,95.58347214044491,19.03840223155248,0.9,118.3499984741211,13.679292277394836,11.55833751902076,False
mle_gbm,BZ=F,2026-03-24,104.48999786376953,6,2026-04-01,104.70688534876568,115.65972960296757,94.79126293200552,20.86846667096205,0.9,101.16000366210938,-3.546881686656306,3.5062095277333714,True
mle_gbm,BZ=F,2026-03-24,104.48999786376953,7,2026-04-02,104.74307700603298,116.62566895913726,94.07116185147679,22.55450710766047,0.9,,,,
mle_gbm,BZ=F,2026-03-25,102.22000122070312,0,2026-03-25,102.22000122070312,102.22000122070312,102.22000122070312,0.0,0.9,102.22000122070312,0.0,0.0,True
mle_gbm,BZ=F,2026-03-25,102.22000122070312,1,2026-03-26,102.25437558427573,106.49283175789897,98.18461161687127,8.308220141027704,0.9,108.01000213623047,5.755626551954734,5.328790332487261,False
mle_gbm,BZ=F,2026-03-25,102.22000122070312,2,2026-03-27,102.2887615071994,108.33592358888941,96.57914368627551,11.7567799026139,0.9,112.56999969482422,10.281238187624822,9.133195536552478,False
mle_gbm,BZ=F,2026-03-25,102.22000122070312,3,2026-03-30,102.32315899336109,109.78036578937687,95.37250847267453,14.407857316702348,0.9,112.77999877929688,10.456839785935784,9.27189209001424,False
mle_gbm,BZ=F,2026-03-25,102.22000122070312,4,2026-03-31,102.3575680466494,111.0188968885885,94.37196756637373,16.646929322214774,0.9,118.3499984741211,15.992430427471689,13.512826897896971,False
mle_gbm,BZ=F,2026-03-25,102.22000122070312,5,2026-04-01,102.39198867095409,112.12612306360336,93.50291490989741,18.623208153705946,0.9,101.16000366210938,-1.2319850088447168,1.2178578136075837,True
mle_gbm,BZ=F,2026-03-25,102.22000122070312,6,2026-04-02,102.42642087016631,113.14028271053328,92.72711222680832,20.41317048372497,0.9,,,,
mle_gbm,BZ=F,2026-03-25,102.22000122070312,7,2026-04-03,102.4608646481783,114.08407711296034,92.02185835326951,22.062218759690836,0.9,,,,
mle_gbm,BZ=F,2026-03-26,108.01000213623047,0,2026-03-26,108.01000213623047,108.01000213623047,108.01000213623047,0.0,0.9,108.01000213623047,0.0,0.0,True
mle_gbm,BZ=F,2026-03-26,108.01000213623047,1,2026-03-27,108.04880643474391,112.53119651491434,103.744960806717,8.786235708197339,0.9,112.56999969482422,4.5211932600803095,4.016339408667678,False
mle_gbm,BZ=F,2026-03-26,108.01000213623047,2,2026-03-30,108.08762467431434,114.48300814610691,102.04950758129371,12.433500564813201,0.9,112.77999877929688,4.692374104982534,4.160643869277925,True
mle_gbm,BZ=F,2026-03-26,108.01000213623047,3,2026-03-31,108.12645685995011,116.01330537288827,100.77577425717288,15.237531115715385,0.9,118.3499984741211,10.223541614170983,8.638396067581281,False
mle_gbm,BZ=F,2026-03-26,108.01000213623047,4,2026-04-01,108.16530299666172,117.325900679549,99.71994849044454,17.605952189104457,0.9,101.16000366210938,-7.0052993345523475,6.924969435500586,True
mle_gbm,BZ=F,2026-03-26,108.01000213623047,5,2026-04-02,108.20416308946116,118.49968481766705,98.80313966999809,19.696545147668957,0.9,,,,
mle_gbm,BZ=F,2026-03-26,108.01000213623047,6,2026-04-03,108.24303714336256,119.5750912170489,97.98491450658271,21.59017671046618,0.9,,,,
mle_gbm,BZ=F,2026-03-26,108.01000213623047,7,2026-04-06,108.28192516338144,120.57612374322304,97.2412692753124,23.33485446791063,0.9,109.7699966430664,1.4880714796849617,1.3556267880044208,True
mle_gbm,BZ=F,2026-03-27,112.56999969482422,0,2026-03-27,112.56999969482422,112.56999969482422,112.56999969482422,0.0,0.9,112.56999969482422,0.0,0.0,True
mle_gbm,BZ=F,2026-03-27,112.56999969482422,1,2026-03-30,112.61237856606249,117.28583773111637,108.12514154845576,9.160696182660615,0.9,112.77999877929688,0.16762021323438603,0.14862583352426514,True
mle_gbm,BZ=F,2026-03-27,112.56999969482422,2,2026-03-31,112.65477339154012,119.32290596498005,106.35927666414655,12.963629300833503,0.9,118.3499984741211,5.695225082580976,4.812188555985759,True
mle_gbm,BZ=F,2026-03-27,112.56999969482422,3,2026-04-01,112.69718417726351,120.92055082103279,105.03305877494329,15.887492046089505,0.9,101.16000366210938,-11.537180515154134,11.40488344948085,False
mle_gbm,BZ=F,2026-03-27,112.56999969482422,4,2026-04-02,112.73961092924098,122.29125922013637,103.93400111774939,18.35725810238698,0.9,,,,
mle_gbm,BZ=F,2026-03-27,112.56999969482422,5,2026-04-03,112.78205365348349,123.517278036206,102.9798569765174,20.537421059688597,0.9,,,,
mle_gbm,BZ=F,2026-03-27,112.56999969482422,6,2026-04-06,112.82451235600396,124.64076004517489,102.12847373328314,22.512286311891742,0.9,109.7699966430664,-3.054515712937558,2.7826508211253516,True
mle_gbm,BZ=F,2026-03-27,112.56999969482422,7,2026-04-07,112.86698704281758,125.68672939278001,101.35482740038053,24.33190199239948,0.9,109.2699966430664,-3.596990399751178,3.2918372016619077,True
mle_gbm,BZ=F,2026-03-30,112.77999877929688,0,2026-03-30,112.77999877929688,112.77999877929688,112.77999877929688,0.0,0.9,112.77999877929688,0.0,0.0,True
mle_gbm,BZ=F,2026-03-30,112.77999877929688,1,2026-03-31,112.82252706801691,117.50370932392737,108.32783651895666,9.175872804970709,0.9,118.3499984741211,5.527471406104183,4.670444847798493,False
mle_gbm,BZ=F,2026-03-30,112.77999877929688,2,2026-04-01,112.86507139375912,119.54421556354515,106.55910267734393,12.985112886201222,0.9,101.16000366210938,-11.705067731649748,11.570845500111437,False
mle_gbm,BZ=F,2026-03-30,112.77999877929688,3,2026-04-02,112.90763176257103,121.14457205969366,105.23074285120038,15.913829208493283,0.9,,,,
mle_gbm,BZ=F,2026-03-30,112.77999877929688,4,2026-04-03,112.95020818050212,122.5176174158732,104.12991859541246,18.38769882046074,0.9,,,,
mle_gbm,BZ=F,2026-03-30,112.77999877929688,5,2026-04-06,112.99280065360445,123.74573458613304,103.17424711442061,20.57148747171243,0.9,109.7699966430664,-3.2228040105380416,2.9359607443712252,True
mle_gbm,BZ=F,2026-03-30,112.77999877929688,6,2026-04-07,113.0354091879323,124.87114606767801,102.32150606961174,22.54963999806627,0.9,109.2699966430664,-3.765412544865896,3.445971136217497,True
mle_gbm,BZ=F,2026-03-30,112.77999877929688,7,2026-04-08,113.0780337895422,125.91891738386404,101.5466300963242,24.372287287539848,0.9,94.75,-18.328033789542204,19.343571281838738,False
mle_gbm,BZ=F,2026-03-31,118.3499984741211,0,2026-03-31,118.3499984741211,118.3499984741211,118.3499984741211,0.0,0.9,118.3499984741211,0.0,0.0,True
mle_gbm,BZ=F,2026-03-31,118.3499984741211,1,2026-04-01,118.39700054720126,123.31235762112918,113.67757464862599,9.634782972503189,0.9,101.16000366210938,-17.236996885091884,17.039339918043318,False
mle_gbm,BZ=F,2026-03-31,118.3499984741211,2,2026-04-02,118.44402128690498,125.45746283965624,111.82265176638288,13.634811073273369,0.9,,,,
mle_gbm,BZ=F,2026-03-31,118.3499984741211,3,2026-04-03,118.49106070064565,127.14047371467467,110.43007042330665,16.710403291368024,0.9,,,,
mle_gbm,BZ=F,2026-03-31,118.3499984741211,4,2026-04-06,118.53811879583945,128.58485890352452,109.27636214306564,19.30849676045888,0.9,109.7699966430664,-8.768122152773046,7.987721983160761,True
mle_gbm,BZ=F,2026-03-31,118.3499984741211,5,2026-04-07,118.58519557990583,129.87711402048336,108.27503149251284,21.602082527970524,0.9,109.2699966430664,-9.315198936839423,8.524937515343565,True
mle_gbm,BZ=F,2026-03-31,118.3499984741211,6,2026-04-08,118.63229106026688,131.06156844239572,107.38174927605513,23.679819166340593,0.9,94.75,-23.88229106026688,25.20558423247164,False
mle_gbm,BZ=F,2026-03-31,118.3499984741211,7,2026-04-09,118.67940524434772,132.16453791564908,106.57019992867832,25.594337986970757,0.9,95.91999816894531,-22.759407075402407,23.727489063663164,False
mle_gbm,BZ=F,2026-04-01,101.16000366210938,0,2026-04-01,101.16000366210938,101.16000366210938,101.16000366210938,0.0,0.9,101.16000366210938,0.0,0.0,True
mle_gbm,BZ=F,2026-04-01,101.16000366210938,1,2026-04-02,101.19350839512482,105.42994560013862,97.12730176444988,8.302643835688741,0.9,,,,
mle_gbm,BZ=F,2026-04-01,101.16000366210938,2,2026-04-03,101.22702422508667,107.27178155468276,95.5228885449509,11.748893009731859,0.9,,,,
mle_gbm,BZ=F,2026-04-01,101.16000366210938,3,2026-04-06,101.26055115567031,108.71523626562006,94.31703938257216,14.398196883047902,0.9,109.7699966430664,8.509445487396093,7.752068641366392,False
mle_gbm,BZ=F,2026-04-01,101.16000366210938,4,2026-04-07,101.29408919055219,109.95291868474767,93.31714544442417,16.635773240323502,0.9,109.2699966430664,7.975907452514221,7.29926576145852,True
mle_gbm,BZ=F,2026-04-01,101.16000366210938,5,2026-04-08,101.32763833341018,111.05938480255048,92.44865085900051,18.610733943549974,0.9,94.75,-6.577638333410178,6.942098504918394,True
mle_gbm,BZ=F,2026-04-01,101.16000366210938,6,2026-04-09,101.36119858792331,112.07284727814381,91.67334308623438,20.39950419190943,0.9,95.91999816894531,-5.441200418977999,5.672644414978337,True
mle_gbm,BZ=F,2026-04-01,101.16000366210938,7,2026-04-10,101.39476995777191,113.01599210700695,90.96853624976559,22.04745585724136,0.9,95.19999694824219,-6.194773009529726,6.507114714402425,True
mle_gbm,BZ=F,2026-04-06,109.7699966430664,0,2026-04-06,109.7699966430664,109.7699966430664,109.7699966430664,0.0,0.9,109.7699966430664,0.0,0.0,True
mle_gbm,BZ=F,2026-04-06,109.7699966430664,1,2026-04-07,109.81009391754003,114.416724678998,105.38893470346245,9.02778997553554,0.9,109.2699966430664,-0.5400972744736237,0.4942777441806528,True
mle_gbm,BZ=F,2026-04-06,109.7699966430664,2,2026-04-08,109.85020583892516,116.42351195495168,103.6480305414889,12.775481413462785,0.9,94.75,-15.100205838925163,15.936892705989619,False
mle_gbm,BZ=F,2026-04-06,109.7699966430664,3,2026-04-09,109.89033241257195,117.99723429469758,102.34040848437253,15.656825810325046,0.9,95.91999816894531,-13.970334243626638,14.564568922343474,False
mle_gbm,BZ=F,2026-04-06,109.7699966430664,4,2026-04-10,109.9304736438328,119.34729933582892,101.25666104561364,18.09063829021528,0.9,95.19999694824219,-14.73047669559061,15.473190302305573,False
mle_gbm,BZ=F,2026-04-06,109.7699966430664,5,2026-04-13,109.97062953806174,120.55476251854243,100.31573293620414,20.23902958233829,0.9,99.36000061035156,-10.61062892771018,10.678974298038339,False
mle_gbm,BZ=F,2026-04-06,109.7699966430664,6,2026-04-14,110.0108001006151,121.66116621346936,99.47608193679814,22.18508427667122,0.9,94.79000091552734,-15.220799185087756,16.057389005251576,False
mle_gbm,BZ=F,2026-04-06,109.7699966430664,7,2026-04-15,110.05098533685081,122.69117232576959,98.71304629361633,23.978126032153256,0.9,94.93000030517578,-15.120985031675033,15.92856313395651,False
mle_gbm,BZ=F,2026-04-07,109.2699966430664,0,2026-04-07,109.2699966430664,109.2699966430664,109.2699966430664,0.0,0.9,109.2699966430664,0.0,0.0,True
mle_gbm,BZ=F,2026-04-07,109.2699966430664,1,2026-04-08,109.30968567333478,113.89438231620899,104.90954109422105,8.984841221987935,0.9,94.75,-14.559685673334783,15.366422874231962,False
mle_gbm,BZ=F,2026-04-07,109.2699966430664,2,2026-04-09,109.34938911944613,115.89137205552566,103.17669632099177,12.714675734533898,0.9,95.91999816894531,-13.429390950500817,14.00061635410734,False
mle_gbm,BZ=F,2026-04-07,109.2699966430664,3,2026-04-10,109.38910698663676,117.45735030394255,101.87507802934165,15.582272274600896,0.9,95.19999694824219,-14.189110038394574,14.904527829038516,False
mle_gbm,BZ=F,2026-04-07,109.2699966430664,4,2026-04-13,109.42883928014452,118.800729918342,100.79627351137086,18.004456406971144,0.9,99.36000061035156,-10.068838669792953,10.133694251149146,False
mle_gbm,BZ=F,2026-04-07,109.2699966430664,5,2026-04-14,109.46858600520949,120.00218147766013,99.8596123372207,20.142569140439434,0.9,94.79000091552734,-14.678585089682144,15.48537287468016,False
mle_gbm,BZ=F,2026-04-07,109.2699966430664,6,2026-04-15,109.50834716707334,121.10305019606491,99.02374944189411,22.079300754170802,0.9,94.93000030517578,-14.578346861897558,15.35694386920034,False
mle_gbm,BZ=F,2026-04-07,109.2699966430664,7,2026-04-16,109.54812277097997,122.12788098867888,98.26414005953448,23.8637409291444,0.9,99.38999938964844,-10.158123381331535,10.220468300344423,True
mle_gbm,BZ=F,2026-04-08,94.75,0,2026-04-08,94.75,94.75,94.75,0.0,0.9,94.75,0.0,0.0,True
mle_gbm,BZ=F,2026-04-08,94.75,1,2026-04-09,94.77874630167963,98.78083434499639,90.93880214804213,7.842032196954264,0.9,95.91999816894531,1.1412518672656802,1.1897955473847865,True
mle_gbm,BZ=F,2026-04-08,94.75,2,2026-04-10,94.80750132472993,100.5181353049405,89.42129975024399,11.096835554696511,0.9,95.19999694824219,0.39249562351226075,0.4122853320317338,True
mle_gbm,BZ=F,2026-04-08,94.75,3,2026-04-13,94.83626507179669,101.87909335930789,88.28030242719451,13.598790932113374,0.9,99.36000061035156,4.523735538554874,4.5528739037503385,True
mle_gbm,BZ=F,2026-04-08,94.75,4,2026-04-14,94.86503754552677,103.0456453963561,87.33387339075699,15.711772005599101,0.9,94.79000091552734,-0.07503662999943117,0.07916091283330665,True
mle_gbm,BZ=F,2026-04-08,94.75,5,2026-04-15,94.89381874856787,104.08821815757639,86.51158599961686,17.576632157959537,0.9,94.93000030517578,0.036181556607914445,0.03811393288907611,True
mle_gbm,BZ=F,2026-04-08,94.75,6,2026-04-16,94.92260868356819,105.04290876119099,85.77734323578393,19.265565525407055,0.9,99.38999938964844,4.467390706080252,4.494809068834278,True
mle_gbm,BZ=F,2026-04-08,94.75,7,2026-04-17,94.95140735317703,105.93114774592767,85.10971466081897,20.82143308510871,0.9,90.37999725341797,-4.571410099759063,5.057988757115373,True
mle_gbm,BZ=F,2026-04-09,95.91999816894531,0,2026-04-09,95.91999816894531,95.91999816894531,95.91999816894531,0.0,0.9,95.91999816894531,0.0,0.0,True
mle_gbm,BZ=F,2026-04-09,95.91999816894531,1,2026-04-10,95.94957975824792,100.00043789467857,92.06281541967411,7.93762247500446,0.9,95.19999694824219,-0.7495828100057338,0.7873769265069019,True
mle_gbm,BZ=F,2026-04-09,95.91999816894531,2,2026-04-13,95.97917047047014,101.7594159546775,90.52726057608753,11.232155378589965,0.9,99.36000061035156,3.380830139881425,3.4026068026505247,True
mle_gbm,BZ=F,2026-04-09,95.91999816894531,3,2026-04-14,96.00877030842533,103.13747722872728,89.37278886213183,13.76468836659545,0.9,94.79000091552734,-1.2187693928979826,1.2857573384603045,True
mle_gbm,BZ=F,2026-04-09,95.91999816894531,4,2026-04-15,96.03837927492799,104.31877342017115,88.4152486782545,15.903524741916655,0.9,94.93000030517578,-1.1083789697522093,1.1675750196871937,True
mle_gbm,BZ=F,2026-04-09,95.91999816894531,5,2026-04-16,96.0679973727932,105.3745882362083,87.58335642110492,17.791231815103373,0.9,99.38999938964844,3.3220020168552367,3.342390620037801,True
mle_gbm,BZ=F,2026-04-09,95.91999816894531,6,2026-04-17,96.09762460483722,106.34145784796773,86.84057602346195,19.500881824505782,0.9,90.37999725341797,-5.717627351419253,6.326208812982703,True
mle_gbm,BZ=F,2026-04-09,95.91999816894531,7,2026-04-20,96.12726097387686,107.24107334958732,86.16521649515352,21.07585685443381,0.9,95.4800033569336,-0.6472576169432642,0.6778986114229766,True
mle_gbm,BZ=F,2026-04-10,95.19999694824219,0,2026-04-10,95.19999694824219,95.19999694824219,95.19999694824219,0.0,0.9,95.19999694824219,0.0,0.0,True
mle_gbm,BZ=F,2026-04-10,95.19999694824219,1,2026-04-13,95.22904425097906,99.24870787877607,91.3721806840188,7.876527194757273,0.9,99.36000061035156,4.1309563593725045,4.157564748386417,False
mle_gbm,BZ=F,2026-04-10,95.19999694824219,2,2026-04-14,95.25810041659223,100.9938056405784,89.84814105600624,11.14566458457216,0.9,94.79000091552734,-0.4680995010648843,0.49382793179001433,True
mle_gbm,BZ=F,2026-04-10,95.19999694824219,3,2026-04-15,95.28716544778591,102.3609092471112,88.70225915202066,13.658650095090536,0.9,94.93000030517578,-0.35716514261012833,0.3762405366711612,True
mle_gbm,BZ=F,2026-04-10,95.19999694824219,4,2026-04-16,95.31623934726527,103.53275498364899,87.75179878812256,15.780956195526429,0.9,99.38999938964844,4.073760042383171,4.098762518764495,True
mle_gbm,BZ=F,2026-04-10,95.19999694824219,5,2026-04-17,95.34532211773599,104.58007891760253,86.92602399829244,17.6540549193101,0.9,90.37999725341797,-4.965324864318021,5.493831616741107,True
mle_gbm,BZ=F,2026-04-10,95.19999694824219,6,2026-04-20,95.37441376190489,105.53913665513319,86.18867927781754,19.35045737731565,0.9,95.4800033569336,0.1055895950287038,0.11058817691279026,True
mle_gbm,BZ=F,2026-04-10,95.19999694824219,7,2026-04-21,95.40351428247948,106.4314527950539,85.5182401293901,20.913212665663806,0.9,98.4800033569336,3.0764890744541162,3.1239733647282746,True
mle_gbm,BZ=F,2026-04-13,99.36000061035156,0,2026-04-13,99.36000061035156,99.36000061035156,99.36000061035156,0.0,0.9,99.36000061035156,0.0,0.0,True
mle_gbm,BZ=F,2026-04-13,99.36000061035156,1,2026-04-14,99.39208094058608,103.58912619438652,95.3650843155326,8.224041878853924,0.9,94.79000091552734,-4.60208002505874,4.855026881115773,False
mle_gbm,BZ=F,2026-04-13,99.36000061035156,2,2026-04-15,99.42417162858617,105.41311123294709,93.77548758793232,11.63762364501477,0.9,94.93000030517578,-4.494171323410384,4.734194995220444,True
mle_gbm,BZ=F,2026-04-13,99.36000061035156,3,2026-04-16,99.45627267769589,106.84247622155897,92.58069004716921,14.261786174389755,0.9,99.38999938964844,-0.06627328804745503,0.06668003667817453,True
mle_gbm,BZ=F,2026-04-13,99.36000061035156,4,2026-04-17,99.4883840912607,108.0680088365068,91.58990413217053,16.478104704336275,0.9,90.37999725341797,-9.10838683784273,10.077879082363294,False
mle_gbm,BZ=F,2026-04-13,99.36000061035156,5,2026-04-20,99.5205058726269,109.16356036129157,90.72927867471381,18.434281686577762,0.9,95.4800033569336,-4.040502515693305,4.231778774230522,True
mle_gbm,BZ=F,2026-04-13,99.36000061035156,6,2026-04-21,99.55263802514193,110.16698240364293,89.96096218241532,20.206020221227618,0.9,98.4800033569336,-1.0726346682083374,1.0891903245785353,True
mle_gbm,BZ=F,2026-04-13,99.36000061035156,7,2026-04-22,99.58478055215431,111.1007466899449,89.2624830443041,21.838263645640794,0.9,101.91000366210938,2.3252231099550613,2.281643633008317,True
mle_gbm,BZ=F,2026-04-14,94.79000091552734,0,2026-04-14,94.79000091552734,94.79000091552734,94.79000091552734,0.0,0.9,94.79000091552734,0.0,0.0,True
mle_gbm,BZ=F,2026-04-14,94.79000091552734,1,2026-04-15,94.81872801240405,98.82483260280527,90.97502060059192,7.849812002213355,0.9,94.93000030517578,0.11127229277173001,0.1172150978763488,True
mle_gbm,BZ=F,2026-04-14,94.79000091552734,2,2026-04-16,94.84746381532665,100.5638555289604,89.45601125653954,11.107844272420863,0.9,99.38999938964844,4.542535574321789,4.570415134538072,True
mle_gbm,BZ=F,2026-04-14,94.79000091552734,3,2026-04-17,94.87620832693356,101.92616216794536,88.31388050953778,13.612281658407582,0.9,90.37999725341797,-4.496211073515596,4.974785583261964,True
mle_gbm,BZ=F,2026-04-14,94.79000091552734,4,2026-04-20,94.90496154986405,103.09386990432803,87.36651107519488,15.727358829133152,0.9,95.4800033569336,0.5750418070695389,0.6022641253162255,True
mle_gbm,BZ=F,2026-04-14,94.79000091552734,5,2026-04-21,94.93372348675817,104.13747534903627,86.54340644281488,17.59406890622138,0.9,98.4800033569336,3.5462798701754252,3.601015180028165,True
mle_gbm,BZ=F,2026-04-14,94.79000091552734,6,2026-04-22,94.96249414025678,105.09311143190841,85.80843378284729,19.284677649061123,0.9,101.91000366210938,6.947509521852595,6.817298863895255,True
mle_gbm,BZ=F,2026-04-14,94.79000091552734,7,2026-04-23,94.99127351300154,105.98222995278229,85.14014139579805,20.842088556984237,0.9,105.06999969482422,10.078726181822674,9.592391939750957,True
mle_gbm,BZ=F,2026-04-15,94.93000030517578,0,2026-04-15,94.93000030517578,94.93000030517578,94.93000030517578,0.0,0.9,94.93000030517578,0.0,0.0,True
mle_gbm,BZ=F,2026-04-15,94.93000030517578,1,2026-04-16,94.95881633192334,98.969986412629,91.11021559167679,7.859770820952207,0.9,99.38999938964844,4.431183057725093,4.4583791980449545,False
mle_gbm,BZ=F,2026-04-15,94.93000030517578,2,2026-04-17,94.98764110578347,100.7112532830083,89.58931270060364,11.121940582404662,0.9,90.37999725341797,-4.607643852365499,5.098079212644862,True
mle_gbm,BZ=F,2026-04-15,94.93000030517578,3,2026-04-20,95.01647462941135,102.07532695276399,88.44576569594918,13.62956125681481,0.9,95.4800033569336,0.4635287275222453,0.4854720477851603,True
mle_gbm,BZ=F,2026-04-15,94.93000030517578,4,2026-04-21,95.04531690546295,103.2445556366021,87.49722646350662,15.74732917309548,0.9,98.4800033569336,3.4346864514706397,3.487699364734858,True
mle_gbm,BZ=F,2026-04-15,94.93000030517578,5,2026-04-22,95.0741679365951,104.28952527037633,86.67310916797761,17.616416102398716,0.9,101.91000366210938,6.835835725514272,6.707718064832009,True
mle_gbm,BZ=F,2026-04-15,94.93000030517578,6,2026-04-23,95.1030277254654,105.2464145535844,85.93723521047592,19.309179343108482,0.9,105.06999969482422,9.966971969358823,9.486030263926802,True
mle_gbm,BZ=F,2026-04-15,94.93000030517578,7,2026-04-24,95.13189627473224,106.1367024511701,85.2681257267254,20.868576724444694,0.9,105.33000183105469,10.198105556322446,9.682052007062355,True
mle_gbm,BZ=F,2026-04-16,99.38999938964844,0,2026-04-16,99.38999938964844,99.38999938964844,99.38999938964844,0.0,0.9,99.38999938964844,0.0,0.0,True
mle_gbm,BZ=F,2026-04-16,99.38999938964844,1,2026-04-17,99.42206174590284,103.62380951943192,95.39068682813183,8.233122691300082,0.9,90.37999725341797,-9.042064492484869,10.004497418971672,False
mle_gbm,BZ=F,2026-04-16,99.38999938964844,2,2026-04-20,99.45413444519683,105.44982447048584,93.79934872259265,11.650475747893182,0.9,95.4800033569336,-3.974131088263235,4.162265341997016,True
mle_gbm,BZ=F,2026-04-16,99.38999938964844,3,2026-04-21,99.48621749086679,106.88078413905069,92.60324529209578,14.277538846954911,0.9,98.4800033569336,-1.0062141339331987,1.021744617824848,True
mle_gbm,BZ=F,2026-04-16,99.38999938964844,4,2026-04-22,99.51831088625049,108.10768675513039,91.6113784220103,16.496308333120083,0.9,101.91000366210938,2.3916927758588855,2.3468675202767444,True
mle_gbm,BZ=F,2026-04-16,99.38999938964844,5,2026-04-23,99.55041463468662,109.20446509029361,90.74981545620776,18.454649634085854,0.9,105.06999969482422,5.519585060137601,5.253245527904477,True
mle_gbm,BZ=F,2026-04-16,99.38999938964844,6,2026-04-24,99.58252873951508,110.20901251098688,89.98066314374917,20.228349367237712,0.9,105.33000183105469,5.747473091539604,5.456634379213561,True
mle_gbm,BZ=F,2026-04-16,99.38999938964844,7,2026-04-27,99.6146532040766,111.14382553079719,89.28142508662195,21.862400444175236,0.9,108.2300033569336,8.61535015285699,7.96022349222727,True
mle_gbm,BZ=F,2026-04-17,90.37999725341797,0,2026-04-17,90.37999725341797,90.37999725341797,90.37999725341797,0.0,0.9,90.37999725341797,0.0,0.0,True
mle_gbm,BZ=F,2026-04-17,90.37999725341797,1,2026-04-20,90.4055567163193,94.2370987632832,86.72979954230156,7.507299220981636,0.9,95.4800033569336,5.074446640614298,5.314669524721796,False
mle_gbm,BZ=F,2026-04-17,90.37999725341797,2,2026-04-21,90.43112340743667,95.89846287054297,85.27548655050447,10.622976320038504,0.9,98.4800033569336,8.048879949496921,8.173110961749607,False
mle_gbm,BZ=F,2026-04-17,90.37999725341797,3,2026-04-22,90.45669732881419,97.19949979588799,84.18164814447796,13.017851651410027,0.9,101.91000366210938,11.453306333295188,11.238647749704263,False
mle_gbm,BZ=F,2026-04-17,90.37999725341797,4,2026-04-23,90.48227848249651,98.31439088618045,83.27410306454802,15.040287821632432,0.9,105.06999969482422,14.587721212327708,13.883811986958921,False
mle_gbm,BZ=F,2026-04-17,90.37999725341797,5,2026-04-24,90.50786687052907,99.31056209929096,82.48542544007915,16.825136659211807,0.9,105.33000183105469,14.822134960525617,14.072092189174892,False
mle_gbm,BZ=F,2026-04-17,90.37999725341797,6,2026-04-27,90.53346249495769,100.22257316063902,81.78105563293295,18.44151752770607,0.9,108.2300033569336,17.696540861975905,16.350864190232144,False
mle_gbm,BZ=F,2026-04-17,90.37999725341797,7,2026-04-28,90.5590653578288,101.07094225175378,81.14047554890789,19.93046670284589,0.9,111.26000213623047,20.70093677840167,18.60591082234094,False
mle_gbm,BZ=F,2026-04-20,95.4800033569336,0,2026-04-20,95.4800033569336,95.4800033569336,95.4800033569336,0.0,0.9,95.4800033569336,0.0,0.0,True
mle_gbm,BZ=F,2026-04-20,95.4800033569336,1,2026-04-21,95.5091801650481,99.56019330291348,91.62299904386259,7.937194259050884,0.9,98.4800033569336,2.9708231918855006,3.016676574550844,True
mle_gbm,BZ=F,2026-04-20,95.4800033569336,2,2026-04-22,95.5383658890205,101.31904548491981,90.08749848618433,11.231546998735482,0.9,101.91000366210938,6.371637773088878,6.252220139462014,False
mle_gbm,BZ=F,2026-04-20,95.4800033569336,3,2026-04-23,95.56756053157511,102.69700075816965,88.93306093196416,13.763939826205487,0.9,105.06999969482422,9.502439163249107,9.043912811315256,False
mle_gbm,BZ=F,2026-04-20,95.4800033569336,4,2026-04-24,95.59676409543745,103.87820101717487,87.97554459003146,15.902656427143413,0.9,105.33000183105469,9.733237735617237,9.24070783861656,False
mle_gbm,BZ=F,2026-04-20,95.4800033569336,5,2026-04-27,95.62597658333353,104.9339261879855,87.14366963773475,17.79025655025076,0.9,108.2300033569336,12.604026773600069,11.645593996734004,False
mle_gbm,BZ=F,2026-04-20,95.4800033569336,6,2026-04-28,95.65519799799044,105.90071051124401,86.40090193788889,19.499808573355125,0.9,111.26000213623047,15.604804138240027,14.025529245571091,False
mle_gbm,BZ=F,2026-04-20,95.4800033569336,7,2026-04-29,95.6844283421361,106.8002439392493,85.72555164171035,21.074692297538945,0.9,118.02999877929688,22.345570437160774,18.932111046569215,False
mle_gbm,BZ=F,2026-04-21,98.4800033569336,0,2026-04-21,98.4800033569336,98.4800033569336,98.4800033569336,0.0,0.9,98.4800033569336,0.0,0.0,True
mle_gbm,BZ=F,2026-04-21,98.4800033569336,1,2026-04-22,98.51135472020415,102.69012310539495,94.50263292458796,8.18749018080699,0.9,101.91000366210938,3.398648941905222,3.3349512508837797,True
mle_gbm,BZ=F,2026-04-21,98.4800033569336,2,2026-04-23,98.54271606426207,104.50577998726445,92.91990252123048,11.585877466033963,0.9,105.06999969482422,6.527283630562152,6.21231907254273,False
mle_gbm,BZ=F,2026-04-21,98.4800033569336,3,2026-04-24,98.5740873922849,105.92856501846371,91.73022124417658,14.198343774287139,0.9,105.33000183105469,6.755914438769793,6.414045686248085,True
mle_gbm,BZ=F,2026-04-21,98.4800033569336,4,2026-04-27,98.60546870745098,107.1484191187942,90.7436482869269,16.404770831867296,0.9,108.2300033569336,9.624534649482612,8.892667791704389,False
mle_gbm,BZ=F,2026-04-21,98.4800033569336,5,2026-04-28,98.63686001293966,108.23886595896168,89.88666009214336,18.352205866818323,0.9,111.26000213623047,12.623142123290805,11.345624555924964,False
mle_gbm,BZ=F,2026-04-21,98.4800033569336,6,2026-04-29,98.66826131193157,109.23758930794804,89.12157300427783,20.116016303670207,0.9,118.02999877929688,19.3617374673653,16.40408173143306,False
mle_gbm,BZ=F,2026-04-21,98.4800033569336,7,2026-04-30,98.69967260760806,110.16696129327129,88.42601500931124,21.740946283960042,0.9,114.01000213623047,15.310329528622404,13.428935393166736,False
mle_gbm,BZ=F,2026-04-22,101.91000366210938,0,2026-04-22,101.91000366210938,101.91000366210938,101.91000366210938,0.0,0.9,101.91000366210938,0.0,0.0,True
mle_gbm,BZ=F,2026-04-22,101.91000366210938,1,2026-04-23,101.94388769891428,106.26899945422358,97.7948065055938,8.474192948629778,0.9,105.06999969482422,3.1261119959099375,2.975266017883058,True
mle_gbm,BZ=F,2026-04-22,101.91000366210938,2,2026-04-24,101.9777830018159,108.14977381735105,96.15802103783048,11.991752779520567,0.9,105.33000183105469,3.3522188292387938,3.182586889740708,True
mle_gbm,BZ=F,2026-04-22,101.91000366210938,3,2026-04-27,102.01168957455992,109.62396099419041,94.92801314128641,14.695947852903998,0.9,108.2300033569336,6.21831378237367,5.745462061814954,True
mle_gbm,BZ=F,2026-04-22,101.91000366210938,4,2026-04-28,102.04560742089365,110.8881441336722,93.90819979227201,16.979944341400184,0.9,111.26000213623047,9.214394715336823,8.281857395665345,False
mle_gbm,BZ=F,2026-04-22,101.91000366210938,5,2026-04-29,102.07953654456524,112.01841686360093,93.02248748829768,18.99592937530325,0.9,118.02999877929688,15.950462234731631,13.513905278061761,False
mle_gbm,BZ=F,2026-04-22,101.91000366210938,6,2026-04-30,102.11347694932451,113.05377958998929,92.23187594874126,20.821903641248028,0.9,114.01000213623047,11.896525186905961,10.434632895358437,False
mle_gbm,BZ=F,2026-04-22,101.91000366210938,7,2026-05-01,102.1474286389221,114.01738577384299,91.51321183806158,22.50417393578141,0.9,108.16999816894531,6.022569530023219,5.567689407387128,True
mle_gbm,BZ=F,2026-04-23,105.06999969482422,0,2026-04-23,105.06999969482422,105.06999969482422,105.06999969482422,0.0,0.9,105.06999969482422,0.0,0.0,True
mle_gbm,BZ=F,2026-04-23,105.06999969482422,1,2026-04-24,105.10625661204679,109.56594302282035,100.8280937872866,8.737849235533744,0.9,105.33000183105469,0.22374521900789546,0.21242306571566785,True
mle_gbm,BZ=F,2026-04-23,105.06999969482422,2,2026-04-27,105.14252604058608,111.50664167641474,99.14163511691162,12.36500655950313,0.9,108.2300033569336,3.087477316347517,2.8527000097794253,True
mle_gbm,BZ=F,2026-04-23,105.06999969482422,3,2026-04-28,105.17880798475943,113.02814147491488,97.87457800100243,15.153563473912442,0.9,111.26000213623047,6.081194151471038,5.4657505255347925,True
mle_gbm,BZ=F,2026-04-23,105.06999969482422,4,2026-04-29,105.21510244888567,114.33313362419618,96.82423137037794,17.508902253818235,0.9,118.02999877929688,12.814896330411202,10.85732141230777,False
mle_gbm,BZ=F,2026-04-23,105.06999969482422,5,2026-04-30,105.25140943728522,115.50007500086801,95.91213848520704,19.58793651566097,0.9,114.01000213623047,8.75859269894525,7.682302021606503,True
mle_gbm,BZ=F,2026-04-23,105.06999969482422,6,2026-05-01,105.28772895427967,116.56917673257348,95.09808835470814,21.471088377865343,0.9,108.16999816894531,2.882269214665641,2.664573600310105,True
mle_gbm,BZ=F,2026-04-23,105.06999969482422,7,2026-05-04,105.32406100419242,117.56431075174265,94.3582091833972,23.20610156834546,0.9,114.44000244140625,9.115941437213834,7.965694899282472,True
mle_gbm,BZ=F,2026-04-24,105.33000183105469,0,2026-04-24,105.33000183105469,105.33000183105469,105.33000183105469,0.0,0.9,105.33000183105469,0.0,0.0,True
mle_gbm,BZ=F,2026-04-24,105.33000183105469,1,2026-04-27,105.36644174907977,109.83622442390066,101.0785567793641,8.757667644536554,0.9,108.2300033569336,2.863561607853825,2.6458112529203532,True
mle_gbm,BZ=F,2026-04-24,105.33000183105469,2,2026-04-28,105.40289427384182,111.78141171245325,99.38835045205434,12.393061260398909,0.9,111.26000213623047,5.857107862388645,5.264342755644572,True
mle_gbm,BZ=F,2026-04-24,105.33000183105469,3,2026-04-29,105.43935940970223,113.30645169784178,98.11849498540181,15.18795671243997,0.9,118.02999877929688,12.59063936959464,10.667321443540597,False
mle_gbm,BZ=F,2026-04-24,105.33000183105469,4,2026-04-30,105.47583716102395,114.61449481322838,97.06584008373446,17.54865472949392,0.9,114.01000213623047,8.534164975206522,7.485452868432592,True
mle_gbm,BZ=F,2026-04-24,105.33000183105469,5,2026-05-01,105.51232753217138,115.78417562633413,96.15175131690569,19.632424309428444,0.9,108.16999816894531,2.657670636773929,2.4569387831763168,True
mle_gbm,BZ=F,2026-04-24,105.33000183105469,6,2026-05-04,105.54883052751052,116.85579630448056,95.33592665525293,21.51986964922763,0.9,114.44000244140625,8.891171913895732,7.769286721614716,True
mle_gbm,BZ=F,2026-04-24,105.33000183105469,7,2026-05-05,105.58534615140879,117.85328280890965,94.59444027527769,23.258842533631963,0.9,109.87000274658203,4.284656595173246,3.8997510585814,True
mle_gbm,BZ=F,2026-04-27,108.2300033569336,0,2026-04-27,108.2300033569336,108.2300033569336,108.2300033569336,0.0,0.9,108.2300033569336,0.0,0.0,True
mle_gbm,BZ=F,2026-04-27,108.2300033569336,1,2026-04-28,108.26865469203474,112.86167650836065,103.86255061482007,8.99912589354058,0.9,111.26000213623047,2.991347444195725,2.688609910804261,True
mle_gbm,BZ=F,2026-04-27,108.2300033569336,2,2026-04-29,108.3073198303851,114.86177796550982,102.12688447469188,12.734893490817939,0.9,118.02999877929688,9.722678948911778,8.237464245926256,False
mle_gbm,BZ=F,2026-04-27,108.2300033569336,3,2026-04-30,108.34599877691409,116.43018324476807,100.82312956846238,15.607053676305696,0.9,114.01000213623047,5.664003359316382,4.967988117874491,True
mle_gbm,BZ=F,2026-04-27,108.2300033569336,4,2026-05-01,108.38469153655282,117.77563637948465,99.74254201117573,18.033094368308923,0.9,108.16999816894531,-0.21469336760750934,0.19847773989252593,True
mle_gbm,BZ=F,2026-04-27,108.2300033569336,5,2026-05-04,108.42339811423444,118.97893611362015,98.80432320735844,20.174612906261714,0.9,114.44000244140625,6.016604327171805,5.257431141922888,True
mle_gbm,BZ=F,2026-04-27,108.2300033569336,6,2026-05-05,108.46211851489359,120.08149333633607,97.96706241642889,22.11443091990718,0.9,109.87000274658203,1.407884231688442,1.2814091166774273,True
mle_gbm,BZ=F,2026-04-27,108.2300033569336,7,2026-05-06,108.50085274346678,121.10789194400077,97.20617589069202,23.901716053308746,0.9,101.2699966430664,-7.2308561004003735,7.1401761035759295,True
mle_gbm,BZ=F,2026-04-28,111.26000213623047,0,2026-04-28,111.26000213623047,111.26000213623047,111.26000213623047,0.0,0.9,111.26000213623047,0.0,0.0,True
mle_gbm,BZ=F,2026-04-28,111.26000213623047,1,2026-04-29,111.3009973630922,116.02282274511857,106.77133792230762,9.251484822810951,0.9,118.02999877929688,6.729001416204682,5.701094201303157,False
mle_gbm,BZ=F,2026-04-28,111.26000213623047,2,2026-04-30,111.34200769519035,118.08035297566512,104.98819122052168,13.092161755143437,0.9,114.01000213623047,2.667994441040122,2.3401406815624277,True
mle_gbm,BZ=F,2026-04-28,111.26000213623047,3,2026-05-01,111.38303313809045,119.69411778048008,103.64903723835438,16.045080542125703,0.9,108.16999816894531,-3.2130349691451414,2.970356867462328,True
mle_gbm,BZ=F,2026-04-28,111.26000213623047,4,2026-05-04,111.42407369736048,121.07870711084259,102.53928618472199,18.5394209261206,0.9,114.44000244140625,3.015928744045766,2.6353798319691,True
mle_gbm,BZ=F,2026-04-28,111.26000213623047,5,2026-05-05,111.46512937857007,122.31718148271155,101.57587770396306,20.741303778748488,0.9,109.87000274658203,-1.5951266319880375,1.4518308838739522,True
mle_gbm,BZ=F,2026-04-28,111.26000213623047,6,2026-05-06,111.50620018729118,123.45211049320307,100.71624235936264,22.735868133840427,0.9,101.2699966430664,-10.236203544224779,10.107834386825385,True
mle_gbm,BZ=F,2026-04-28,111.26000213623047,7,2026-05-07,111.54728612909786,124.50876562906467,99.93510882467737,24.573656804387298,0.9,100.05999755859375,-11.487288570504106,11.480400610421071,True
mle_gbm,BZ=F,2026-04-29,118.02999877929688,0,2026-04-29,118.02999877929688,118.02999877929688,118.02999877929688,0.0,0.9,118.02999877929688,0.0,0.0,True
mle_gbm,BZ=F,2026-04-29,118.02999877929688,1,2026-04-30,118.07637044286973,123.09030786336196,113.26666980505351,9.823638058308447,0.9,114.01000213623047,-4.066368306639262,3.5666768094437558,True
mle_gbm,BZ=F,2026-04-29,118.02999877929688,2,2026-05-01,118.12276032495653,125.27819993226801,111.37601365864808,13.902186273619932,0.9,108.16999816894531,-9.952762156011218,9.201037556149808,False
mle_gbm,BZ=F,2026-04-29,118.02999877929688,3,2026-05-04,118.16916843271501,126.99496764611963,109.95673786847131,17.038229777648326,0.9,114.44000244140625,-3.7291659913087614,3.258621034387088,True
mle_gbm,BZ=F,2026-04-29,118.02999877929688,4,2026-05-05,118.21559477330568,128.4684539586193,108.78099966944299,19.687454289176316,0.9,109.87000274658203,-8.34559202672365,7.5958786002517655,True
mle_gbm,BZ=F,2026-04-29,118.02999877929688,5,2026-05-06,118.26203935389184,129.78684681507434,107.76061130500507,22.02623551006927,0.9,101.2699966430664,-16.99204271082543,16.778950601445306,False
mle_gbm,BZ=F,2026-04-29,118.02999877929688,6,2026-05-07,118.30850218163975,130.99534253829196,106.85037664122713,24.144965897064836,0.9,100.05999755859375,-18.248504623046003,18.237562530780526,False
mle_gbm,BZ=F,2026-04-29,118.02999877929688,7,2026-05-08,118.35498326371814,132.1207713083645,106.02346568701998,26.097305621344532,0.9,101.29000091552734,-17.064982348190796,16.847647540671314,False
mle_gbm,BZ=F,2026-04-30,114.01000213623047,0,2026-04-30,114.01000213623047,114.01000213623047,114.01000213623047,0.0,0.9,114.01000213623047,0.0,0.0,True
mle_gbm,BZ=F,2026-04-30,114.01000213623047,1,2026-05-01,114.05313312909453,118.89717558637844,109.40644394965129,9.490731636727148,0.9,108.16999816894531,-5.883134960149221,5.438786225142249,False
mle_gbm,BZ=F,2026-04-30,114.01000213623047,2,2026-05-04,114.09628043879495,121.00917215342386,107.5783015312514,13.430870622172463,0.9,114.44000244140625,0.34372200261130104,0.30035127165196285,True
mle_gbm,BZ=F,2026-04-30,114.01000213623047,3,2026-05-05,114.13944407150451,122.66596204037612,106.20560484956647,16.460357190809646,0.9,109.87000274658203,-4.269441324922482,3.8859026287366696,True
mle_gbm,BZ=F,2026-04-30,114.01000213623047,4,2026-05-06,114.18262403339835,124.08767718343951,105.0682221400497,19.01945504338981,0.9,101.2699966430664,-12.912627390331949,12.750694004507041,False
mle_gbm,BZ=F,2026-04-30,114.01000213623047,5,2026-05-07,114.22582033065393,125.35952225507621,104.0809489020089,21.278573353067316,0.9,100.05999755859375,-14.165822772060181,14.157328720465811,False
mle_gbm,BZ=F,2026-04-30,114.01000213623047,6,2026-05-08,114.26903296945099,126.52516529391119,103.20011726870152,23.325048025209668,0.9,101.29000091552734,-12.979032053923646,12.813734758229241,False
mle_gbm,BZ=F,2026-04-30,114.01000213623047,7,2026-05-11,114.31226195597186,127.61052960739632,102.39980410467123,25.210725502725083,0.9,104.20999908447266,-10.102262871499207,9.69413967973487,True
mle_gbm,BZ=F,2026-05-01,108.16999816894531,0,2026-05-01,108.16999816894531,108.16999816894531,108.16999816894531,0.0,0.9,108.16999816894531,0.0,0.0,True
mle_gbm,BZ=F,2026-05-01,108.16999816894531,1,2026-05-04,108.20853893606039,112.8076484011328,103.79693278456212,9.010715616570678,0.9,114.44000244140625,6.231463505345857,5.44517945858695,False
mle_gbm,BZ=F,2026-05-01,108.16999816894531,2,2026-05-05,108.24709343517844,114.81033935325799,102.05904192227042,12.751297430987563,0.9,109.87000274658203,1.622909311403589,1.477117749006406,True
mle_gbm,BZ=F,2026-05-01,108.16999816894531,3,2026-05-06,108.28566167119199,116.38077886743612,100.75361788843284,15.627160979003278,0.9,101.2699966430664,-7.015665028125582,6.927683677973065,True
mle_gbm,BZ=F,2026-05-01,108.16999816894531,4,2026-05-07,108.32424364899566,117.72797965270912,99.67164812257911,18.05633153013001,0.9,100.05999755859375,-8.264246090401912,8.259290717614183,True
mle_gbm,BZ=F,2026-05-01,108.16999816894531,5,2026-05-08,108.36283937348546,118.93284442857718,98.73223005387332,20.20061437470386,0.9,101.29000091552734,-7.072838457958113,6.98276077996745,True
mle_gbm,BZ=F,2026-05-01,108.16999816894531,6,2026-05-11,108.40144884955936,120.03683736333446,97.8938996627794,22.142937700555052,0.9,104.20999908447266,-4.191449765086702,4.022118608492753,True
mle_gbm,BZ=F,2026-05-01,108.16999816894531,7,2026-05-12,108.44007208211714,121.06457397690697,97.13204157822283,23.932532398684145,0.9,107.7699966430664,-0.6700754390507342,0.621764368491186,True
mle_gbm,BZ=F,2026-05-04,114.44000244140625,0,2026-05-04,114.44000244140625,114.44000244140625,114.44000244140625,0.0,0.9,114.44000244140625,0.0,0.0,True
mle_gbm,BZ=F,2026-05-04,114.44000244140625,1,2026-05-05,114.48343911785143,119.35326075367512,109.81231471589454,9.540946037780571,0.9,109.87000274658203,-4.613436371269401,4.198995409065757,True
mle_gbm,BZ=F,2026-05-04,114.44000244140625,2,2026-05-06,114.52689228105667,121.4766739273731,107.9747134285108,13.501960498862303,0.9,101.2699966430664,-13.256895637990269,13.090644887364988,False
mle_gbm,BZ=F,2026-05-04,114.44000244140625,3,2026-05-07,114.57036193727966,123.1424790077802,106.59496170781107,16.54751729996913,0.9,100.05999755859375,-14.510364378685907,14.501663734489737,False
mle_gbm,BZ=F,2026-05-04,114.44000244140625,4,2026-05-08,114.61384809278044,124.57197111991785,105.45176460272432,19.120206517193523,0.9,101.29000091552734,-13.3238471772531,13.15415841329172,False
mle_gbm,BZ=F,2026-05-04,114.44000244140625,5,2026-05-11,114.65735075382148,125.8508049669324,104.45946758416896,21.39133738276344,0.9,104.20999908447266,-10.44735166934882,10.025287171224512,False
mle_gbm,BZ=F,2026-05-04,114.44000244140625,6,2026-05-12,114.70086992666758,127.02287913643634,103.57417223871168,23.448706897724662,0.9,107.7699966430664,-6.930873283601173,6.431171475820106,True
mle_gbm,BZ=F,2026-05-04,114.44000244140625,7,2026-05-13,114.74440561758594,128.11425374497603,102.76981862409983,25.3444351208762,0.9,105.62999725341797,-9.114408364167971,8.628617439325975,True
mle_gbm,BZ=F,2026-05-05,109.87000274658203,0,2026-05-05,109.87000274658203,109.87000274658203,109.87000274658203,0.0,0.9,109.87000274658203,0.0,0.0,True
mle_gbm,BZ=F,2026-05-05,109.87000274658203,1,2026-05-06,109.9098281770585,114.58672176273468,105.42382349434814,9.162898268386542,0.9,101.2699966430664,-8.639831533992094,8.531481999000967,False
mle_gbm,BZ=F,2026-05-05,109.87000274658203,2,2026-05-07,109.94966804336708,116.62402564827127,103.65728189923628,12.96674374903499,0.9,100.05999755859375,-9.889670484773333,9.88374048178652,False
mle_gbm,BZ=F,2026-05-05,109.87000274658203,3,2026-05-08,109.98952235074053,118.22179959971936,102.33049292012952,15.891306679589846,0.9,101.29000091552734,-8.699521435213185,8.588726781104791,False
mle_gbm,BZ=F,2026-05-05,109.87000274658203,4,2026-05-11,110.02939110441322,119.59258169839035,101.23091863122539,18.361663067164955,0.9,104.20999908447266,-5.819392019940565,5.58429332220161,True
mle_gbm,BZ=F,2026-05-05,109.87000274658203,5,2026-05-12,110.0692743096217,120.81863862799909,100.27629250441748,20.54234612358161,0.9,107.7699966430664,-2.299277666555298,2.133504442957804,True
mle_gbm,BZ=F,2026-05-05,109.87000274658203,6,2026-05-13,110.10917197160435,121.94213331983136,99.42445176412721,22.517681555704144,0.9,105.62999725341797,-4.4791747181863855,4.240438165912617,True
mle_gbm,BZ=F,2026-05-05,109.87000274658203,7,2026-05-14,110.14908409560141,122.9880959492602,98.6503663907877,24.337729558472503,0.9,105.72000122070312,-4.429082874898285,4.189446484825559,True
mle_gbm,BZ=F,2026-05-06,101.2699966430664,0,2026-05-06,101.2699966430664,101.2699966430664,101.2699966430664,0.0,0.9,101.2699966430664,0.0,0.0,True
mle_gbm,BZ=F,2026-05-06,101.2699966430664,1,2026-05-07,101.30326333149311,105.6225398164175,97.16061722665282,8.461922589764683,0.9,100.05999755859375,-1.2432657728993632,1.2425202910596955,True
mle_gbm,BZ=F,2026-05-06,101.2699966430664,2,2026-05-08,101.33654094786102,107.500442457568,95.52606758182299,11.974374875745013,0.9,101.29000091552734,-0.04654003233368087,0.04594731159346497,True
mle_gbm,BZ=F,2026-05-06,101.2699966430664,3,2026-05-11,101.36982949575972,108.97234305062277,94.2977093483783,14.674633702244464,0.9,104.20999908447266,2.8401695887129392,2.7254290506333243,True
mle_gbm,BZ=F,2026-05-06,101.2699966430664,4,2026-05-12,101.40312897878034,110.23454084369983,93.2792434021812,16.95529744151864,0.9,107.7699966430664,6.366867664286062,5.907829509703976,True
mle_gbm,BZ=F,2026-05-06,101.2699966430664,5,2026-05-13,101.43643940051483,111.36301966804297,92.39468603604126,18.968333632001702,0.9,105.62999725341797,4.19355785290314,3.9700444589071933,True
mle_gbm,BZ=F,2026-05-06,101.2699966430664,6,2026-05-14,101.4697607645567,112.39672370204761,91.6050931956907,20.79163050635691,0.9,105.72000122070312,4.250240456146429,4.020280369911786,True
mle_gbm,BZ=F,2026-05-06,101.2699966430664,7,2026-05-15,101.50309307450024,113.35877305284134,90.88734489820253,22.471428154638815,0.9,109.26000213623047,7.7569090617302265,7.099495616024747,True
mle_gbm,BZ=F,2026-05-07,100.05999755859375,0,2026-05-07,100.05999755859375,100.05999755859375,100.05999755859375,0.0,0.9,100.05999755859375,0.0,0.0,True
mle_gbm,BZ=F,2026-05-07,100.05999755859375,1,2026-05-08,100.09235411470107,104.3593110205914,95.9998610018223,8.35945001876911,0.9,101.29000091552734,1.197646800826277,1.1823939085804498,True
mle_gbm,BZ=F,2026-05-07,100.05999755859375,2,2026-05-11,100.12472113399795,106.21391937846079,94.3846140018615,11.829305376599294,0.9,104.20999908447266,4.085277950474705,3.920236048714651,True
mle_gbm,BZ=F,2026-05-07,100.05999755859375,3,2026-05-12,100.15709861986791,107.66742715350195,93.17065215692459,14.496774996577358,0.9,107.7699966430664,7.612898023198497,7.06402362469433,False
mle_gbm,BZ=F,2026-05-07,100.05999755859375,4,2026-05-13,100.18948657569562,108.91375968083874,92.16405025147134,16.7497094293674,0.9,105.62999725341797,5.440510677722344,5.150535661446588,True
mle_gbm,BZ=F,2026-05-07,100.05999755859375,5,2026-05-14,100.22188500486659,110.02798231427826,91.28974305134781,18.73823926293045,0.9,105.72000122070312,5.498116215836532,5.200639569005072,True
mle_gbm,BZ=F,2026-05-07,100.05999755859375,6,2026-05-15,100.2542939107677,111.04856868764614,90.50925704245238,20.539311645193763,0.9,109.26000213623047,9.005708225462769,8.242456570917902,True
mle_gbm,BZ=F,2026-05-07,100.05999755859375,7,2026-05-18,100.2867132967868,111.99835967721408,89.7997514683073,22.198608208906776,0.9,112.0999984741211,11.813285177334294,10.53816711697945,False
mle_gbm,BZ=F,2026-05-08,101.29000091552734,0,2026-05-08,101.29000091552734,101.29000091552734,101.29000091552734,0.0,0.9,101.29000091552734,0.0,0.0,True
mle_gbm,BZ=F,2026-05-08,101.29000091552734,1,2026-05-11,101.32325487815004,105.64197175882262,97.18109013092291,8.46088162789971,0.9,104.20999908447266,2.886744206322618,2.7701220916263725,True
mle_gbm,BZ=F,2026-05-08,101.29000091552734,2,2026-05-12,101.35651975819805,107.51960415404716,95.54670683845983,11.972897315587332,0.9,107.7699966430664,6.413476884868359,5.951078300679322,False
mle_gbm,BZ=F,2026-05-08,101.29000091552734,3,2026-05-13,101.38979555925582,108.99128334442413,94.3184659186197,14.672817425804439,0.9,105.62999725341797,4.2402016941621525,4.014202219459916,True
mle_gbm,BZ=F,2026-05-08,101.29000091552734,4,2026-05-14,101.42308228490865,110.25328466680473,93.30009215832888,16.95319250847585,0.9,105.72000122070312,4.29691893579448,4.064433301342996,True
mle_gbm,BZ=F,2026-05-08,101.29000091552734,5,2026-05-15,101.45637993874304,111.38158272761481,92.41561107501252,18.965971652602292,0.9,109.26000213623047,7.803622197487428,7.1422497207692786,True
mle_gbm,BZ=F,2026-05-08,101.29000091552734,6,2026-05-18,101.48968852434697,112.4151169922435,91.62608332720646,20.78903366503704,0.9,112.0999984741211,10.61030994977412,9.465040226761081,True
mle_gbm,BZ=F,2026-05-08,101.29000091552734,7,2026-05-19,101.52300804530928,113.3770047785402,90.9083917210592,22.468613057480994,0.9,111.27999877929688,9.756990733987593,8.767964450951123,True
mle_gbm,BZ=F,2026-05-11,104.20999908447266,0,2026-05-11,104.20999908447266,104.20999908447266,104.20999908447266,0.0,0.9,104.20999908447266,0.0,0.0,True
mle_gbm,BZ=F,2026-05-11,104.20999908447266,1,2026-05-12,104.24542531335948,108.68890584357119,99.98360563499944,8.705300208571757,0.9,107.7699966430664,3.52457132970693,3.2704569355980304,True
mle_gbm,BZ=F,2026-05-11,104.20999908447266,2,2026-05-13,104.28086358540632,110.62207008804198,98.30315507080385,12.318915017238126,0.9,105.62999725341797,1.3491336680116461,1.2772258857253649,True
mle_gbm,BZ=F,2026-05-11,104.20999908447266,3,2026-05-14,104.31631390470726,112.13758927418029,97.04055006977914,15.097039204401142,0.9,105.72000122070312,1.4036873159958674,1.3277405408513971,True
mle_gbm,BZ=F,2026-05-11,104.20999908447266,4,2026-05-15,104.35177627535765,113.43740120361811,95.99385296456333,17.443548239054778,0.9,109.26000213623047,4.908225860872818,4.492243973007628,True
mle_gbm,BZ=F,2026-05-11,104.20999908447266,5,2026-05-18,104.38725070145455,114.59967133964001,95.084898426224,19.51477291341601,0.9,112.0999984741211,7.712747772666546,6.880238963113881,True
mle_gbm,BZ=F,2026-05-11,104.20999908447266,6,2026-05-19,104.42273718709612,115.66446155592925,94.27362471551119,21.39083684041806,0.9,111.27999877929688,6.857261592200757,6.162169003794524,True
mle_gbm,BZ=F,2026-05-11,104.20999908447266,7,2026-05-20,104.458235736382,116.65555523749283,93.53624858193304,23.119306655559797,0.9,105.0199966430664,0.5617609066844125,0.534908517083352,True
mle_gbm,BZ=F,2026-05-12,107.7699966430664,0,2026-05-12,107.7699966430664,107.7699966430664,107.7699966430664,0.0,0.9,107.7699966430664,0.0,0.0,True
mle_gbm,BZ=F,2026-05-12,107.7699966430664,1,2026-05-13,107.80811807264367,112.40415493921698,103.40000624220735,9.004148697009626,0.9,105.62999725341797,-2.178120819225697,2.0620286621802575,True
mle_gbm,BZ=F,2026-05-12,107.7699966430664,2,2026-05-14,107.84625298689593,114.4052686307368,101.6632749742852,12.741993656451598,0.9,105.72000122070312,-2.1262517661928086,2.011210500985527,True
mle_gbm,BZ=F,2026-05-12,107.7699966430664,3,2026-05-15,107.88440139059335,115.97444319697247,100.35869750750828,15.615745689464191,0.9,109.26000213623047,1.375600745637115,1.2590158509442018,True
mle_gbm,BZ=F,2026-05-12,107.7699966430664,4,2026-05-18,107.92256328850745,117.320539583943,99.27741304350421,18.04312654043879,0.9,112.0999984741211,4.177435185613646,3.7265256400320386,True
mle_gbm,BZ=F,2026-05-12,107.7699966430664,5,2026-05-19,107.96073868541141,118.52440184076688,98.33857768089348,20.185824159873405,0.9,111.27999877929688,3.319260093885461,2.9828002608704143,True
mle_gbm,BZ=F,2026-05-12,107.7699966430664,6,2026-05-20,107.99892758608043,119.62746410131513,97.500757433637,22.12670666767812,0.9,105.0199966430664,-2.9789309430140207,2.8365368865308325,True
mle_gbm,BZ=F,2026-05-12,107.7699966430664,7,2026-05-21,108.037129995291,120.65432407569604,96.73935473955017,23.914969336145873,0.9,102.58000183105469,-5.457128164236309,5.319875284486725,True
mle_gbm,BZ=F,2026-05-13,105.62999725341797,0,2026-05-13,105.62999725341797,105.62999725341797,105.62999725341797,0.0,0.9,105.62999725341797,0.0,0.0,True
mle_gbm,BZ=F,2026-05-13,105.62999725341797,1,2026-05-14,105.66646864960403,110.17086677677364,101.34623538454046,8.824631392233172,0.9,105.72000122070312,0.05353257109909748,0.05063618093168751,True
mle_gbm,BZ=F,2026-05-13,105.62999725341797,2,2026-05-15,105.70295263845097,112.13113194360639,99.64328374127048,12.487848202335911,0.9,109.26000213623047,3.557049497779502,3.255582489687678,True
mle_gbm,BZ=F,2026-05-13,105.62999725341797,3,2026-05-18,105.73944922430678,113.66804351563185,98.36389170120749,15.304151814424358,0.9,112.0999984741211,6.360549249814312,5.67399583977932,True
mle_gbm,BZ=F,2026-05-13,105.62999725341797,4,2026-05-19,105.77595841152097,114.98630391276352,97.30335698383887,17.68294692892465,0.9,111.27999877929688,5.5040403677759,4.946118285543962,True
mle_gbm,BZ=F,2026-05-13,105.62999725341797,5,2026-05-20,105.81248020444431,116.16514826144302,96.38244460220895,19.782703659234073,0.9,105.0199966430664,-0.7924835613779067,0.7546025392395855,True
mle_gbm,BZ=F,2026-05-13,105.62999725341797,6,2026-05-21,105.84901460742932,117.24518644364585,95.56054481391455,21.684641629731303,0.9,102.58000183105469,-3.2690127763746375,3.1867934470878407,True
mle_gbm,BZ=F,2026-05-13,105.62999725341797,7,2026-05-22,105.88556162482992,118.2505270495617,94.81354916842389,23.436977881137807,0.9,103.54000091552734,-2.3455607093025748,2.265366707130117,True
mle_gbm,BZ=F,2026-05-14,105.72000122070312,0,2026-05-14,105.72000122070312,105.72000122070312,105.72000122070312,0.0,0.9,105.72000122070312,0.0,0.0,True
mle_gbm,BZ=F,2026-05-14,105.72000122070312,1,2026-05-15,105.75652586379564,110.26381067007682,101.43348660645273,8.83032406362409,0.9,109.26000213623047,3.503476272434824,3.2065497015701374,True
mle_gbm,BZ=F,2026-05-14,105.72000122070312,2,2026-05-18,105.79306312559358,112.22535162988603,99.72944653724132,12.495905092644719,0.9,112.0999984741211,6.306935348527517,5.626168986954543,True
mle_gbm,BZ=F,2026-05-14,105.72000122070312,3,2026-05-19,105.82961301045641,113.76326617350726,98.44923907917082,15.314027094336438,0.9,111.27999877929688,5.450385768840462,4.897902434066598,True
mle_gbm,BZ=F,2026-05-14,105.72000122070312,4,2026-05-20,105.86617552274541,115.08238871345802,97.38802995928853,17.694358754169485,0.9,105.0199966430664,-0.8461788796790017,0.8057312004635908,True
mle_gbm,BZ=F,2026-05-14,105.72000122070312,5,2026-05-21,105.90275066682305,116.26200545959625,96.46653310738648,19.79547235220977,0.9,102.58000183105469,-3.3227488357683654,3.239177984458223,True
mle_gbm,BZ=F,2026-05-14,105.72000122070312,6,2026-05-22,105.93933844705344,117.34275247167699,95.64411260344575,21.69863986823124,0.9,103.54000091552734,-2.3993375315261005,2.3173049162744257,True
mle_gbm,BZ=F,2026-05-14,105.72000122070312,7,2026-05-25,105.97593886780218,118.34875387854437,94.89664445844421,23.452109420100157,0.9,,,,
mle_gbm,BZ=F,2026-05-15,109.26000213623047,0,2026-05-15,109.26000213623047,109.26000213623047,109.26000213623047,0.0,0.9,109.26000213623047,0.0,0.0,True
mle_gbm,BZ=F,2026-05-15,109.26000213623047,1,2026-05-18,109.29922357755315,113.95813478521096,104.83078103351248,9.127353751698479,0.9,112.0999984741211,2.800774896567944,2.4984611371020833,True
mle_gbm,BZ=F,2026-05-15,109.26000213623047,2,2026-05-19,109.33845909833259,115.9872291981115,103.07081840517316,12.91641079293835,0.9,111.27999877929688,1.9415396809642829,1.7447337367562026,True
mle_gbm,BZ=F,2026-05-15,109.26000213623047,3,2026-05-20,109.37770870362269,117.57849061407134,101.74890916504754,15.829581449023806,0.9,105.0199966430664,-4.357712060556281,4.149411730955321,True
mle_gbm,BZ=F,2026-05-15,109.26000213623047,4,2026-05-21,109.41697239847961,118.94363435477544,100.65333814452246,18.290296210252976,0.9,102.58000183105469,-6.8369705674249275,6.665013107218651,True
mle_gbm,BZ=F,2026-05-15,109.26000213623047,5,2026-05-22,109.45625018796096,120.16460886204918,99.70215705494034,20.462451807108835,0.9,103.54000091552734,-5.9162492724336175,5.713974522040389,True
mle_gbm,BZ=F,2026-05-15,109.26000213623047,6,2026-05-25,109.4955420771265,121.2834140713713,98.85336611408783,22.430047957283463,0.9,,,,
mle_gbm,BZ=F,2026-05-15,109.26000213623047,7,2026-05-26,109.53484807103746,122.32498345759221,98.08203200047602,24.24295145711619,0.9,99.58000183105469,-9.954846239982771,9.996832754504215,True
mle_gbm,BZ=F,2026-05-18,112.0999984741211,0,2026-05-18,112.0999984741211,112.0999984741211,112.0999984741211,0.0,0.9,112.0999984741211,0.0,0.0,True
mle_gbm,BZ=F,2026-05-18,112.0999984741211,1,2026-05-19,112.14141284374934,116.92146680723806,107.55677993096924,9.36468687626882,0.9,111.27999877929688,-0.861414064452461,0.7740960405300823,True
mle_gbm,BZ=F,2026-05-18,112.0999984741211,2,2026-05-20,112.18284251355627,119.00456772994211,105.75216056395897,13.252407165983143,0.9,105.0199966430664,-7.1628458704898605,6.820459054892536,False
mle_gbm,BZ=F,2026-05-18,112.0999984741211,3,2026-05-21,112.22428748919445,120.63848512483932,104.39695665462409,16.24152847021523,0.9,102.58000183105469,-9.644285658139765,9.401721082071662,False
mle_gbm,BZ=F,2026-05-18,112.0999984741211,4,2026-05-22,112.26574777631848,122.04043213866316,103.27395522047695,18.766476918186214,0.9,103.54000091552734,-8.725746860791133,8.42741624844102,True
mle_gbm,BZ=F,2026-05-18,112.0999984741211,5,2026-05-25,112.30722338058504,123.29448430656568,102.29908089071722,20.995403415848457,0.9,,,,
mle_gbm,BZ=F,2026-05-18,112.0999984741211,6,2026-05-26,112.34871430765304,124.4437312748481,101.42924418350175,23.014487091346354,0.9,99.58000183105469,-12.768712476598353,12.822567023308032,False
mle_gbm,BZ=F,2026-05-18,112.0999984741211,7,2026-05-27,112.39022056318314,125.51375316442805,100.63886514247648,24.874888021951577,0.9,94.29000091552734,-18.10021964765579,19.19632990975516,False
mle_gbm,BZ=F,2026-05-19,111.27999877929688,0,2026-05-19,111.27999877929688,111.27999877929688,111.27999877929688,0.0,0.9,111.27999877929688,0.0,0.0,True
mle_gbm,BZ=F,2026-05-19,111.27999877929688,1,2026-05-20,111.32075534452544,116.0649195267963,106.77050930634242,9.294410220453884,0.9,105.0199966430664,-6.300758701459031,5.999579987489,False
mle_gbm,BZ=F,2026-05-19,111.27999877929688,2,2026-05-21,111.36152683694334,118.13200016947543,104.9790881527772,13.152912016698238,0.9,102.58000183105469,-8.781525005888653,8.56065982563686,False
mle_gbm,BZ=F,2026-05-19,111.27999877929688,3,2026-05-22,111.40231326201769,119.75325746461331,103.63371872198113,16.119538742632187,0.9,103.54000091552734,-7.8623123464903415,7.593502295701904,False
mle_gbm,BZ=F,2026-05-19,111.27999877929688,4,2026-05-25,111.4431146252176,121.1442767747768,102.51881581214938,18.625460962627415,0.9,,,,
mle_gbm,BZ=F,2026-05-19,111.27999877929688,5,2026-05-26,111.48393093201419,122.3885038727147,101.55093381139827,20.837570061316427,0.9,99.58000183105469,-11.903929100959502,11.954136254340963,False
mle_gbm,BZ=F,2026-05-19,111.27999877929688,6,2026-05-27,111.5247621878805,123.52870578828157,100.68730585084131,22.841399937440258,0.9,94.29000091552734,-17.234761272353154,18.278461241922624,False
mle_gbm,BZ=F,2026-05-19,111.27999877929688,7,2026-05-28,111.56560839829184,124.59027120477599,99.90254340825187,24.687727796524115,0.9,93.70999908447266,-17.855609313819187,19.05411320911835,False
mle_gbm,BZ=F,2026-05-20,105.0199966430664,0,2026-05-20,105.0199966430664,105.0199966430664,105.0199966430664,0.0,0.9,105.0199966430664,0.0,0.0,True
mle_gbm,BZ=F,2026-05-20,105.0199966430664,1,2026-05-21,105.0559310659927,109.53713914794612,100.75805099525054,8.779088152695579,0.9,102.58000183105469,-2.4759292349380075,2.41365684416322,True
mle_gbm,BZ=F,2026-05-20,105.0199966430664,2,2026-05-22,105.09187778450836,111.48697782401729,99.06361255668374,12.423365267333551,0.9,103.54000091552734,-1.5518768689810116,1.4988186741925023,True
mle_gbm,BZ=F,2026-05-20,105.0199966430664,3,2026-05-25,105.12783680282061,113.01563939168054,97.79055474382467,15.225084647855866,0.9,,,,
mle_gbm,BZ=F,2026-05-20,105.0199966430664,4,2026-05-26,105.16380812513783,114.32677160928928,96.73522993526223,17.591541674027056,0.9,99.58000183105469,-5.583806294083146,5.607357091192379,True
mle_gbm,BZ=F,2026-05-20,105.0199966430664,5,2026-05-27,105.19979175567018,115.49920160289109,95.81881114197547,19.680390460915618,0.9,94.29000091552734,-10.909790840142833,11.570464242456326,False
mle_gbm,BZ=F,2026-05-20,105.0199966430664,6,2026-05-28,105.2357876986291,116.57333025773312,95.00089761582738,21.572432641905735,0.9,93.70999908447266,-11.52578861415644,12.299422395433801,False
mle_gbm,BZ=F,2026-05-20,105.0199966430664,7,2026-05-29,105.27179595822751,117.57314215589028,94.25750491193692,23.31563724395336,0.9,92.05000305175781,-13.221792906469702,14.363707189705751,False
mle_gbm,BZ=F,2026-05-21,102.58000183105469,0,2026-05-21,102.58000183105469,102.58000183105469,102.58000183105469,0.0,0.9,102.58000183105469,0.0,0.0,True
mle_gbm,BZ=F,2026-05-21,102.58000183105469,1,2026-05-22,102.61409048479007,106.99103153149608,98.41620755774245,8.574823973753624,0.9,103.54000091552734,0.9259104307372752,0.8942538367298984,True
mle_gbm,BZ=F,2026-05-21,102.58000183105469,2,2026-05-25,102.64819046662346,108.89442888858852,96.76023937691438,12.134189511674137,0.9,,,,
mle_gbm,BZ=F,2026-05-21,102.58000183105469,3,2026-05-26,102.6823017803193,110.38641927071622,95.51587204805394,14.870547222662282,0.9,99.58000183105469,-3.1022999492646193,3.115384507150256,True
mle_gbm,BZ=F,2026-05-21,102.58000183105469,4,2026-05-27,102.71642442964335,111.6659184261561,94.48418995082834,17.18172847532776,0.9,94.29000091552734,-8.42642351411601,8.936709547457832,False
mle_gbm,BZ=F,2026-05-21,102.58000183105469,5,2026-05-28,102.75055841836257,112.80992265031139,93.58819691785506,19.221725732456335,0.9,93.70999908447266,-9.040559333889917,9.647379598990838,True
mle_gbm,BZ=F,2026-05-21,102.58000183105469,6,2026-05-29,102.7847037502452,113.85789487913436,92.78843014127919,21.06946473785517,0.9,92.05000305175781,-10.734700698487387,11.661814603581803,False
mle_gbm,BZ=F,2026-05-21,102.58000183105469,7,2026-06-01,102.81886042906069,114.83326309754754,92.06146176435213,22.771801333195413,0.9,94.9800033569336,-7.838857072127098,8.253165713912198,True
mle_gbm,BZ=F,2026-05-22,103.54000091552734,0,2026-05-22,103.54000091552734,103.54000091552734,103.54000091552734,0.0,0.9,103.54000091552734,0.0,0.0,True
mle_gbm,BZ=F,2026-05-22,103.54000091552734,1,2026-05-25,103.57479272888867,107.991897122229,99.3383575500134,8.653539572215607,0.9,,,,
mle_gbm,BZ=F,2026-05-22,103.54000091552734,2,2026-05-26,103.60959623309657,109.9131642661355,97.66754058315071,12.245623682984785,0.9,99.58000183105469,-4.02959440204188,4.0465900059716855,True
mle_gbm,BZ=F,2026-05-22,103.54000091552734,3,2026-05-27,103.64441143207965,111.4192586380126,96.41209385535554,15.007164782657057,0.9,94.29000091552734,-9.354410516552306,9.920893441217324,False
mle_gbm,BZ=F,2026-05-22,103.54000091552734,4,2026-05-28,103.67923832976743,112.71091968459667,95.37127805115188,17.3396416334448,0.9,93.70999908447266,-9.969239245294773,10.638394347126434,False
mle_gbm,BZ=F,2026-05-22,103.54000091552734,5,2026-05-29,103.71407693009114,113.8658493175339,94.46739139023381,19.398457927300086,0.9,92.05000305175781,-11.664073878333326,12.671454091940507,False
mle_gbm,BZ=F,2026-05-22,103.54000091552734,6,2026-06-01,103.74892723698292,114.9238719759773,93.66060956486706,21.263262411110247,0.9,94.9800033569336,-8.768923880049329,9.232389524241043,True
mle_gbm,BZ=F,2026-05-22,103.54000091552734,7,2026-06-02,103.78378925437667,115.9086301737805,92.92729019269677,22.98133998108372,0.9,96.0,-7.783789254376671,8.108113806642365,True
mle_gbm,BZ=F,2026-05-26,99.58000183105469,0,2026-05-26,99.58000183105469,99.58000183105469,99.58000183105469,0.0,0.9,99.58000183105469,0.0,0.0,True
mle_gbm,BZ=F,2026-05-26,99.58000183105469,1,2026-05-27,99.61184597893998,103.86119641226237,95.53635238271298,8.324844029549396,0.9,94.29000091552734,-5.321845063412638,5.644124521942024,False
mle_gbm,BZ=F,2026-05-26,99.58000183105469,2,2026-05-28,99.64370031009226,105.70778672159152,93.92748934984033,11.780297371751189,0.9,93.70999908447266,-5.9337012256196005,6.331983015249852,False
mle_gbm,BZ=F,2026-05-26,99.58000183105469,3,2026-05-29,99.67556482776816,107.15492762662319,92.71825798206368,14.436669644559515,0.9,92.05000305175781,-7.625561776010343,8.28415157327333,False
mle_gbm,BZ=F,2026-05-26,99.58000183105469,4,2026-06-01,99.70743953522508,108.39574364161756,91.71553388239856,16.680209759218997,0.9,94.9800033569336,-4.727436178291484,4.977296284698834,True
mle_gbm,BZ=F,2026-05-26,99.58000183105469,5,2026-06-02,99.73932443572146,109.50499039262549,90.84456154213808,18.660428850487406,0.9,96.0,-3.739324435721457,3.8951296205431842,True
mle_gbm,BZ=F,2026-05-26,99.58000183105469,6,2026-06-03,99.77121953251708,110.5209828922831,90.06702606605896,20.453956826224143,0.9,97.80999755859375,-1.9612219739233296,2.005134467719873,True
mle_gbm,BZ=F,2026-05-26,99.58000183105469,7,2026-06-04,99.80312482887246,111.46646791978581,89.36018079244649,22.10628712733933,0.9,95.02999877929688,-4.7731260495755805,5.0227571407855764,True
mle_gbm,BZ=F,2026-05-27,94.29000091552734,0,2026-05-27,94.29000091552734,94.29000091552734,94.29000091552734,0.0,0.9,94.29000091552734,0.0,0.0,True
mle_gbm,BZ=F,2026-05-27,94.29000091552734,1,2026-05-28,94.31801698427371,98.34464793259683,90.45625272808728,7.88839520450955,0.9,93.70999908447266,-0.6080178998010553,0.648829266611103,True
mle_gbm,BZ=F,2026-05-27,94.29000091552734,2,2026-05-29,94.34604137733972,100.09220139718335,88.92976075382016,11.162440643363183,0.9,92.05000305175781,-2.296038325581904,2.4943381308644703,True
mle_gbm,BZ=F,2026-05-27,94.29000091552734,3,2026-06-01,94.37407409719876,101.46118662285272,87.78199977899237,13.67918684386035,0.9,94.9800033569336,0.605929259734836,0.6379545570847812,True
mle_gbm,BZ=F,2026-05-27,94.29000091552734,4,2026-06-02,94.40211514632495,102.63461616153236,86.82995735156398,15.804658809968387,0.9,96.0,1.5978848536750547,1.6644633892448486,True
mle_gbm,BZ=F,2026-05-27,94.29000091552734,5,2026-06-03,94.43016452719311,103.68333314082956,86.00279044387035,17.680542696959208,0.9,97.80999755859375,3.3798330314006364,3.4555087575540773,True
mle_gbm,BZ=F,2026-05-27,94.29000091552734,6,2026-06-04,94.45822224227886,104.64364809800826,85.26418861864556,19.379459479362694,0.9,95.02999877929688,0.5717765370180103,0.6016800424736792,True
mle_gbm,BZ=F,2026-05-27,94.29000091552734,7,2026-06-05,94.48628829405851,105.53711827712782,84.5925947318836,20.944523545244223,0.9,93.08999633789062,-1.396291956167886,1.4999377066250352,True
mle_gbm,BZ=F,2026-05-28,93.70999908447266,0,2026-05-28,93.70999908447266,93.70999908447266,93.70999908447266,0.0,0.9,93.70999908447266,0.0,0.0,True
mle_gbm,BZ=F,2026-05-28,93.70999908447266,1,2026-05-29,93.73759282618383,97.73865623151146,89.90031833499404,7.838337896517416,0.9,92.05000305175781,-1.6875897744260158,1.833340269936894,True
mle_gbm,BZ=F,2026-05-28,93.70999908447266,2,2026-06-01,93.76519469311735,99.47484390618818,88.38326747342872,11.091576432759467,0.9,94.9800033569336,1.2148086638162425,1.2790151830707013,True
mle_gbm,BZ=F,2026-05-28,93.70999908447266,3,2026-06-02,93.79280468766571,100.83485806134074,87.24255064480859,13.592307416532151,0.9,96.0,2.2071953123342922,2.299161783681554,True
mle_gbm,BZ=F,2026-05-28,93.70999908447266,4,2026-06-03,93.82042281222232,102.00055152829697,86.29631511572995,15.704236412567013,0.9,97.80999755859375,3.9895747463714315,4.078902817660792,True
mle_gbm,BZ=F,2026-05-28,93.70999908447266,5,2026-06-04,93.84804906918106,103.04231872383282,85.47416656739426,17.568152156438558,0.9,95.02999877929688,1.1819497101158163,1.2437648377338655,True
mle_gbm,BZ=F,2026-05-28,93.70999908447266,6,2026-06-05,93.87568346093657,103.9962403017338,84.7400244440475,19.2562158576863,0.9,93.08999633789062,-0.7856871230459461,0.8440081146787478,True
mle_gbm,BZ=F,2026-05-28,93.70999908447266,7,2026-06-08,93.90332598988424,104.88373708574781,84.07246802002715,20.811269065720666,0.9,94.25,0.3466740101157626,0.3678238834119497,True
mle_gbm,BZ=F,2026-05-29,92.05000305175781,0,2026-05-29,92.05000305175781,92.05000305175781,92.05000305175781,0.0,0.9,92.05000305175781,0.0,0.0,True
mle_gbm,BZ=F,2026-05-29,92.05000305175781,1,2026-06-01,92.07641846576063,96.00617235604744,88.30751845871117,7.698653897336271,0.9,94.9800033569336,2.9035848911729687,3.0570486297640307,True
mle_gbm,BZ=F,2026-05-29,92.05000305175781,2,2026-06-02,92.10284146014452,97.71068267641202,86.81684717243665,10.893835503975367,0.9,96.0,3.897158539855482,4.059540145682794,True
mle_gbm,BZ=F,2026-05-29,92.05000305175781,3,2026-06-03,92.12927203708469,99.04570296495963,85.69582033342697,13.349882631532665,0.9,97.80999755859375,5.680725521509061,5.807919091405746,True
mle_gbm,BZ=F,2026-05-29,92.05000305175781,4,2026-06-04,92.15571019875716,100.18984964539074,84.76582161063283,15.42402803475791,0.9,95.02999877929688,2.8742885805397123,3.0246118251723066,True
mle_gbm,BZ=F,2026-05-29,92.05000305175781,5,2026-06-05,92.18215594733861,101.21226489698884,83.95770891747196,17.25455597951688,0.9,93.08999633789062,0.9078403905520105,0.9752287316209618,True
mle_gbm,BZ=F,2026-05-29,92.05000305175781,6,2026-06-08,92.20860928500606,102.1483878128975,83.23604325355166,18.91234455934584,0.9,94.25,2.0413907149939376,2.165931793097016,True
mle_gbm,BZ=F,2026-05-29,92.05000305175781,7,2026-06-09,92.23507021393742,103.01925848557761,82.57978461921238,20.439473866365233,0.9,91.44999694824219,-0.7850732656952317,0.8584727084677307,True
mle_gbm,BZ=F,2026-06-01,94.9800033569336,0,2026-06-01,94.9800033569336,94.9800033569336,94.9800033569336,0.0,0.9,94.9800033569336,0.0,0.0,True
mle_gbm,BZ=F,2026-06-01,94.9800033569336,1,2026-06-02,95.00847498011551,99.06378693027484,91.11917278511203,7.9446141451628165,0.9,96.0,0.9915250198844916,1.0328385623796787,True
mle_gbm,BZ=F,2026-06-01,94.9800033569336,2,2026-06-03,95.03695513807631,100.82404953756574,89.58202813061496,11.242021406950784,0.9,97.80999755859375,2.7730424205174415,2.835131877859655,True
mle_gbm,BZ=F,2026-06-01,94.9800033569336,3,2026-06-04,95.06544383337442,102.20305289613268,88.42630777792,13.776745118212673,0.9,95.02999877929688,-0.03544505407754173,0.03729880514874188,True
mle_gbm,BZ=F,2026-06-01,94.9800033569336,4,2026-06-05,95.09394106856901,103.3851123582196,87.46769647664388,15.917415881575721,0.9,93.08999633789062,-2.003944730678384,2.1526961107664304,True
mle_gbm,BZ=F,2026-06-01,94.9800033569336,5,2026-06-08,95.12244684622006,104.44157516436185,86.63484708816863,17.806728076193224,0.9,94.25,-0.8724468462200576,0.925673046387329,True
mle_gbm,BZ=F,2026-06-01,94.9800033569336,6,2026-06-09,95.15096116888827,105.40901013974,85.8911908892878,19.517819250452206,0.9,91.44999694824219,-3.7009642206460853,4.046981240186059,True
mle_gbm,BZ=F,2026-06-01,94.9800033569336,7,2026-06-10,95.17948403913515,106.30912781693931,85.21501744944707,21.094110367492235,0.9,93.0999984741211,-2.0794855650140533,2.2336042954845867,True
mle_gbm,BZ=F,2026-06-02,96.0,0,2026-06-02,96.0,96.0,96.0,0.0,0.9,96.0,0.0,0.0,True
mle_gbm,BZ=F,2026-06-02,96.0,1,2026-06-03,96.0291880004245,100.12734964023915,92.09876203808852,8.028587602150623,0.9,97.80999755859375,1.7808095581692527,1.8206825504749107,True
mle_gbm,BZ=F,2026-06-02,96.0,2,2026-06-04,96.05838487521744,101.90664369161367,90.54574825129627,11.360895440317393,0.9,95.02999877929688,-1.0283860959205668,1.0821699559409128,True
mle_gbm,BZ=F,2026-06-02,96.0,3,2026-06-05,96.08759062707698,103.300660281748,89.37818061699323,13.92247966475476,0.9,93.08999633789062,-2.9975942891863525,3.220103563336628,True
mle_gbm,BZ=F,2026-06-02,96.0,4,2026-06-08,96.11680525870212,104.49566045698583,88.40979819388902,16.085862263096814,0.9,94.25,-1.8668052587021151,1.9806952346972044,True
mle_gbm,BZ=F,2026-06-02,96.0,5,2026-06-09,96.14602877279276,105.56374429925303,87.56850100517042,17.995243294082613,0.9,91.44999694824219,-4.696031824550573,5.135081444790401,True
mle_gbm,BZ=F,2026-06-02,96.0,6,2026-06-10,96.17526117204937,106.54186634267838,86.81733462187987,19.72453172079851,0.9,93.0999984741211,-3.075262697928281,3.303182329034203,True
mle_gbm,BZ=F,2026-06-02,96.0,7,2026-06-11,96.20450245917351,107.45196601980155,86.13435971670847,21.317606303093072,0.9,90.37999725341797,-5.824505205755543,6.444462693912367,True
mle_gbm,BZ=F,2026-06-03,97.80999755859375,0,2026-06-03,97.80999755859375,97.80999755859375,97.80999755859375,0.0,0.9,97.80999755859375,0.0,0.0,True
mle_gbm,BZ=F,2026-06-03,97.80999755859375,1,2026-06-04,97.84047600286152,102.01551776122028,93.83630014869627,8.179217612524013,0.9,95.02999877929688,-2.8104772235646465,2.9574631796974553,True
mle_gbm,BZ=F,2026-06-03,97.80999755859375,2,2026-06-05,97.87096394447698,103.82897402689547,92.25484189933225,11.574132127563217,0.9,93.08999633789062,-4.780967606586358,5.135855403015363,True
mle_gbm,BZ=F,2026-06-03,97.80999755859375,3,2026-06-08,97.9014613863998,105.24994570004195,91.06604357696034,14.183902123081609,0.9,94.25,-3.6514613863998022,3.874229587692098,True
mle_gbm,BZ=F,2026-06-03,97.80999755859375,4,2026-06-09,97.93196833159024,106.46818383601213,90.08015423717237,16.388029598839765,0.9,91.44999694824219,-6.4819713833480535,7.0879951882520515,True
mle_gbm,BZ=F,2026-06-03,97.80999755859375,5,2026-06-10,97.96248478300953,107.5571388768917,89.22372354889018,18.33341532800152,0.9,93.0999984741211,-4.862486308888435,5.22286400492268,True
mle_gbm,BZ=F,2026-06-03,97.80999755859375,6,2026-06-11,97.99301074362006,108.55445718822786,88.45910525763829,20.095351930589572,0.9,90.37999725341797,-7.613013490202093,8.423338926262455,True
mle_gbm,BZ=F,2026-06-03,97.80999755859375,7,2026-06-12,98.0235462163849,109.48248876654291,87.76394947802895,21.718539288513966,0.9,87.33000183105469,-10.693544385330213,12.244983580805986,False
mle_gbm,BZ=F,2026-06-04,95.02999877929688,0,2026-06-04,95.02999877929688,95.02999877929688,95.02999877929688,0.0,0.9,95.02999877929688,0.0,0.0,True
mle_gbm,BZ=F,2026-06-04,95.02999877929688,1,2026-06-05,95.05847080123336,99.11506805122684,91.16790260789298,7.9471654433338585,0.9,93.08999633789062,-1.96847446334273,2.1145929109264534,True
mle_gbm,BZ=F,2026-06-04,95.02999877929688,2,2026-06-08,95.08695135369743,100.87586860093191,89.6302400478849,11.245628553047013,0.9,94.25,-0.8369513536974296,0.8880120463633204,True
mle_gbm,BZ=F,2026-06-04,95.02999877929688,3,2026-06-09,95.11544043924509,102.25528671712911,88.47412491227308,13.781161804856026,0.9,91.44999694824219,-3.665443491002904,4.0081395443648065,True
mle_gbm,BZ=F,2026-06-04,95.02999877929688,4,2026-06-10,95.14393806043277,103.43769710355367,87.51518259909585,15.922514504457823,0.9,93.0999984741211,-2.04393958631168,2.1954238666070784,True
mle_gbm,BZ=F,2026-06-04,95.02999877929688,5,2026-06-11,95.172444219818,104.49446999627854,86.68204297411101,17.812427022167526,0.9,90.37999725341797,-4.7924469664000355,5.30255267983956,True
mle_gbm,BZ=F,2026-06-04,95.02999877929688,6,2026-06-12,95.20095891995885,105.46218601700836,85.93812551750091,19.524060499507456,0.9,87.33000183105469,-7.870957088904163,9.012890099476945,True
mle_gbm,BZ=F,2026-06-04,95.02999877929688,7,2026-06-15,95.22948216341413,106.36256270773532,85.26171278921699,21.100849918518335,0.9,83.16999816894531,-12.05948399446882,14.499800721375616,False
mle_gbm,BZ=F,2026-06-05,93.08999633789062,0,2026-06-05,93.08999633789062,93.08999633789062,93.08999633789062,0.0,0.9,93.08999633789062,0.0,0.0,True
mle_gbm,BZ=F,2026-06-05,93.08999633789062,1,2026-06-08,93.11708558131141,97.09056605377562,89.30622180485359,7.784344248922025,0.9,94.25,1.1329144186885856,1.2020312134626903,True
mle_gbm,BZ=F,2026-06-05,93.08999633789062,2,2026-06-09,93.14418270771793,98.81443706689,87.79930372336024,11.015133343529754,0.9,91.44999694824219,-1.6941857594757437,1.8525815374653314,True
mle_gbm,BZ=F,2026-06-05,93.08999633789062,3,2026-06-10,93.17128771940409,100.16471603762957,86.66613552851055,13.498580509119023,0.9,93.0999984741211,-0.07128924528299763,0.07657276740215395,True
mle_gbm,BZ=F,2026-06-05,93.08999633789062,4,2026-06-11,93.19840061866442,101.322005214209,85.72611506763772,15.595890146571278,0.9,90.37999725341797,-2.8184033652464535,3.1183928423275846,True
mle_gbm,BZ=F,2026-06-05,93.08999633789062,5,2026-06-12,93.2255214077944,102.35621519017576,84.90933184279466,17.446883347381103,0.9,87.33000183105469,-5.895519576739716,6.750852459782338,True
mle_gbm,BZ=F,2026-06-05,93.08999633789062,6,2026-06-15,93.25265008908988,103.3031787682631,84.17995314690013,19.123225621362963,0.9,83.16999816894531,-10.08265192014457,12.122943539884929,False
mle_gbm,BZ=F,2026-06-05,93.08999633789062,7,2026-06-16,93.2797866648475,104.18416970167137,83.51670532245818,20.667464379213186,0.9,78.95999908447266,-14.31978758037485,18.135496132738446,False
mle_gbm,BZ=F,2026-06-08,94.25,0,2026-06-08,94.25,94.25,94.25,0.0,0.9,94.25,0.0,0.0,True
mle_gbm,BZ=F,2026-06-08,94.25,1,2026-06-09,94.27789560162216,98.3002567465632,90.42012598182886,7.880130764734346,0.9,91.44999694824219,-2.8278986533799753,3.092289499999083,True
mle_gbm,BZ=F,2026-06-08,94.25,2,2026-06-10,94.30579945963255,100.04582824983723,88.89509904911901,11.150729200718217,0.9,93.0999984741211,-1.205800985511459,1.295167567426582,True
mle_gbm,BZ=F,2026-06-08,94.25,3,2026-06-11,94.33371157647493,101.41322399896161,87.7484098117685,13.664814187193116,0.9,90.37999725341797,-3.953714323056957,4.374545743756854,True
mle_gbm,BZ=F,2026-06-08,94.25,4,2026-06-12,94.36163195459352,102.58526569654796,86.79723666625733,15.78802903029063,0.9,87.33000183105469,-7.031630123538832,8.051792025771347,True
mle_gbm,BZ=F,2026-06-08,94.25,5,2026-06-15,94.38956059643354,103.63272270886857,85.97081034546014,17.661912363408433,0.9,83.16999816894531,-11.219562427488228,13.489915443664731,False
mle_gbm,BZ=F,2026-06-08,94.25,6,2026-06-16,94.41749750444086,104.59186782316526,85.23285816133647,19.359009661828793,0.9,78.95999908447266,-15.457498419968204,19.576366007086104,False
mle_gbm,BZ=F,2026-06-08,94.25,7,2026-06-17,94.44544268106203,105.48423590426049,84.56184534831995,20.922390555940538,0.9,79.55000305175781,-14.89543962930422,18.724624837050936,False
mle_gbm,BZ=F,2026-06-09,91.44999694824219,0,2026-06-09,91.44999694824219,91.44999694824219,91.44999694824219,0.0,0.9,91.44999694824219,0.0,0.0,True
mle_gbm,BZ=F,2026-06-09,91.44999694824219,1,2026-06-10,91.47591878811824,95.37909156613134,87.73247449446023,7.646617071671102,0.9,93.0999984741211,1.6240796860028581,1.7444465226863584,True
mle_gbm,BZ=F,2026-06-09,91.44999694824219,2,2026-06-11,91.50184797563557,97.07172610770975,86.25156385563999,10.820162252069764,0.9,90.37999725341797,-1.1218507222176015,1.2412599649367388,True
mle_gbm,BZ=F,2026-06-09,91.44999694824219,3,2026-06-12,91.52778451287708,98.39735839761963,85.13780729746013,13.259551100159499,0.9,87.33000183105469,-4.197782681822389,4.80680475644929,True
mle_gbm,BZ=F,2026-06-09,91.44999694824219,4,2026-06-15,91.553728401926,99.53339963093619,84.21379371521414,15.31960591572205,0.9,83.16999816894531,-8.383730232980682,10.08023375923443,False
mle_gbm,BZ=F,2026-06-09,91.44999694824219,5,2026-06-16,91.57967964486622,100.54852571448222,83.4108472924964,17.137678421985825,0.9,78.95999908447266,-12.619680560393562,15.982371715699777,False
mle_gbm,BZ=F,2026-06-09,91.44999694824219,6,2026-06-17,91.60563824378217,101.47793688320546,82.69376788482472,18.784168998380736,0.9,79.55000305175781,-12.055635192024354,15.15478910061206,False
mle_gbm,BZ=F,2026-06-09,91.44999694824219,7,2026-06-18,91.63160420075907,102.34253149640416,82.04165722341523,20.300874272988935,0.9,79.8499984741211,-11.781605726637977,14.754672450565327,False
mle_gbm,BZ=F,2026-06-10,93.0999984741211,0,2026-06-10,93.0999984741211,93.0999984741211,93.0999984741211,0.0,0.9,93.0999984741211,0.0,0.0,True
mle_gbm,BZ=F,2026-06-10,93.0999984741211,1,2026-06-11,93.12706134193631,97.10025285636068,89.3164466524523,7.783806203908384,0.9,90.37999725341797,-2.747064088518343,3.0394602478420136,True
mle_gbm,BZ=F,2026-06-10,93.0999984741211,2,2026-06-12,93.15413207654892,98.82396351483291,87.80959611716693,11.014367397665978,0.9,87.33000183105469,-5.824130245494231,6.669105832336261,False
mle_gbm,BZ=F,2026-06-10,93.0999984741211,3,2026-06-15,93.18121068024548,100.17410683024113,86.67647058286624,13.497636247374885,0.9,83.16999816894531,-10.011212511300172,12.037047891914275,False
mle_gbm,BZ=F,2026-06-10,93.0999984741211,4,2026-06-16,93.20829715531353,101.33127280924185,85.73648013825071,15.59479267099114,0.9,78.95999908447266,-14.248298070840875,18.04495723916843,False
mle_gbm,BZ=F,2026-06-10,93.0999984741211,5,2026-06-17,93.23539150404115,102.36536733810021,84.91971899246406,17.445648345636158,0.9,79.55000305175781,-13.685388452283334,17.203504622594643,False
mle_gbm,BZ=F,2026-06-10,93.0999984741211,6,2026-06-18,93.26249372871719,103.31222082212679,84.19035683565666,19.12186398647013,0.9,79.8499984741211,-13.412495254596095,16.79711397733214,False
mle_gbm,BZ=F,2026-06-10,93.0999984741211,7,2026-06-19,93.28960383163091,104.19310560006038,83.52712142460221,20.665984175458163,0.9,,,,
mle_gbm,BZ=F,2026-06-11,90.37999725341797,0,2026-06-11,90.37999725341797,90.37999725341797,90.37999725341797,0.0,0.9,90.37999725341797,0.0,0.0,True
mle_gbm,BZ=F,2026-06-11,90.37999725341797,1,2026-06-12,90.40515778622888,94.26253605217171,86.70562979367921,7.5569062584925035,0.9,87.33000183105469,-3.0751559551741963,3.5213052681749355,True
mle_gbm,BZ=F,2026-06-11,90.37999725341797,2,2026-06-15,90.43032532338182,95.93482489833482,85.24166012455622,10.693164773778605,0.9,83.16999816894531,-7.26032715443651,8.72950260223455,False
mle_gbm,BZ=F,2026-06-11,90.37999725341797,3,2026-06-16,90.45549986682659,97.24440388449278,84.1405482404551,13.10385564403768,0.9,78.95999908447266,-11.495500782353929,14.558638444329084,False
mle_gbm,BZ=F,2026-06-11,90.37999725341797,4,2026-06-17,90.48068141851383,98.36660565793476,83.22696158112483,15.13964407680993,0.9,79.55000305175781,-10.930678366756013,13.740638525989949,False
mle_gbm,BZ=F,2026-06-11,90.37999725341797,5,2026-06-18,90.50586998039441,99.36930189041871,82.43302856189104,16.936273328527676,0.9,79.8499984741211,-10.655871506273314,13.34486125222259,False
mle_gbm,BZ=F,2026-06-11,90.37999725341797,6,2026-06-19,90.53106555441992,100.28728078245402,81.72396106937425,18.563319713079764,0.9,,,,
mle_gbm,BZ=F,2026-06-11,90.37999725341797,7,2026-06-22,90.55626814254234,101.1411961736376,81.07910535115333,20.062090822484265,0.9,77.9000015258789,-12.65626661666343,16.246811769905978,False
mle_gbm,BZ=F,2026-06-12,87.33000183105469,0,2026-06-12,87.33000183105469,87.33000183105469,87.33000183105469,0.0,0.9,87.33000183105469,0.0,0.0,True
mle_gbm,BZ=F,2026-06-12,87.33000183105469,1,2026-06-15,87.35307228949829,91.08089320112441,83.7778261744156,7.303067026708817,0.9,83.16999816894531,-4.183074120552973,5.029546967231849,False
mle_gbm,BZ=F,2026-06-12,87.33000183105469,2,2026-06-16,87.37614884259482,92.69570201817555,82.36187029541358,10.333831722761971,0.9,78.95999908447266,-8.41614975812216,10.658751083720794,False
mle_gbm,BZ=F,2026-06-12,87.33000183105469,3,2026-06-17,87.39923149195427,93.9599488466962,81.29661370769038,12.66333513900581,0.9,79.55000305175781,-7.849228440196455,9.867037258426619,False
mle_gbm,BZ=F,2026-06-12,87.33000183105469,4,2026-06-18,87.42232023918729,95.04308450929379,80.41260566680867,14.630478842485118,0.9,79.8499984741211,-7.572321765066192,9.483183356002613,False
mle_gbm,BZ=F,2026-06-12,87.33000183105469,5,2026-06-19,87.4454150859047,96.01070480568075,79.6442504512656,16.36645435441514,0.9,,,,
mle_gbm,BZ=F,2026-06-12,87.33000183105469,6,2026-06-22,87.46851603371785,96.89643190431136,78.95792597085651,17.93850593345485,0.9,77.9000015258789,-9.568514507838941,12.283073582046358,False
mle_gbm,BZ=F,2026-06-12,87.33000183105469,7,2026-06-23,87.4916230842384,97.72022765023891,78.33367045881748,19.38655719142143,0.9,77.08000183105469,-10.41162125318371,13.507551901729434,False
mle_gbm,BZ=F,2026-06-15,83.16999816894531,0,2026-06-15,83.16999816894531,83.16999816894531,83.16999816894531,0.0,0.9,83.16999816894531,0.0,0.0,True
mle_gbm,BZ=F,2026-06-15,83.16999816894531,1,2026-06-16,83.19029451600599,86.74249659149893,79.78355908121351,6.958937510285423,0.9,78.95999908447266,-4.230295431533335,5.357517072673339,False
mle_gbm,BZ=F,2026-06-15,83.16999816894531,2,2026-06-17,83.21059581607517,88.2794660416043,78.43277226895647,9.846693772647825,0.9,79.55000305175781,-3.6605927643173573,4.601624920033827,True
mle_gbm,BZ=F,2026-06-15,83.16999816894531,3,2026-06-18,83.23090207036142,89.4823447134566,77.41619960484043,12.066145108616169,0.9,79.8499984741211,-3.38090359624033,4.234068454410879,True
mle_gbm,BZ=F,2026-06-15,83.16999816894531,4,2026-06-19,83.25121328007391,90.51260895536278,76.57236480745276,13.940244147910022,0.9,,,,
mle_gbm,BZ=F,2026-06-15,83.16999816894531,5,2026-06-22,83.27152944642185,91.43276891627693,75.83875779476563,15.5940111215113,0.9,77.9000015258789,-5.371527920542945,6.895414397082505,True
mle_gbm,BZ=F,2026-06-15,83.16999816894531,6,2026-06-23,83.29185057061483,92.27486581555799,75.18333741437887,17.09152840117912,0.9,77.08000183105469,-6.211848739560139,8.058962885308928,True
mle_gbm,BZ=F,2026-06-15,83.16999816894531,7,2026-06-24,83.31217665386266,93.05792324884244,74.58708013764705,18.470843111195393,0.9,73.73999786376953,-9.572178790093133,12.980985987790767,False
mle_gbm,BZ=F,2026-06-16,78.95999908447266,0,2026-06-16,78.95999908447266,78.95999908447266,78.95999908447266,0.0,0.9,78.95999908447266,0.0,0.0,True
mle_gbm,BZ=F,2026-06-16,78.95999908447266,1,2026-06-17,78.97757738664086,82.35216599911692,75.74127109091134,6.61089490820558,0.9,79.55000305175781,0.5724256651169526,0.719579689700972,True
mle_gbm,BZ=F,2026-06-16,78.95999908447266,2,2026-06-18,78.99515960214119,83.81050637482991,74.45647939005694,9.354026984772972,0.9,79.8499984741211,0.8548388719799078,1.0705559027117026,True
mle_gbm,BZ=F,2026-06-16,78.95999908447266,3,2026-06-19,79.01274573184499,84.95141708934614,73.48922716049823,11.462189928847906,0.9,,,,
mle_gbm,BZ=F,2026-06-16,78.95999908447266,4,2026-06-22,79.03033577662352,85.92830879522204,72.68610380602708,13.24220498919496,0.9,77.9000015258789,-1.1303342507446104,1.4510067119435237,True
mle_gbm,BZ=F,2026-06-16,78.95999908447266,5,2026-06-23,79.04792973734848,86.80057062320267,71.98772025227304,14.812850370929638,0.9,77.08000183105469,-1.967927906293795,2.5530978976974263,True
mle_gbm,BZ=F,2026-06-16,78.95999908447266,6,2026-06-24,79.06552761489154,87.5986446888396,71.36363444008424,16.23501024875536,0.9,73.73999786376953,-5.325529751122005,7.222036758070728,True
mle_gbm,BZ=F,2026-06-16,78.95999908447266,7,2026-06-25,79.08312941012478,88.34060554441157,70.79577187360792,17.544833670803655,0.9,75.26000213623047,-3.8231272738943147,5.079892592846268,True
mle_gbm,BZ=F,2026-06-17,79.55000305175781,0,2026-06-17,79.55000305175781,79.55000305175781,79.55000305175781,0.0,0.9,79.55000305175781,0.0,0.0,True
mle_gbm,BZ=F,2026-06-17,79.55000305175781,1,2026-06-18,79.56794830045118,82.967108167305,76.30805190867387,6.659056258631125,0.9,79.8499984741211,0.2820501736699157,0.3532250207385119,True
mle_gbm,BZ=F,2026-06-17,79.55000305175781,2,2026-06-19,79.58589759731481,84.43631246353917,75.0141131412549,9.422199322284271,0.9,,,,
mle_gbm,BZ=F,2026-06-17,79.55000305175781,3,2026-06-22,79.60385094326176,85.58578113277767,74.04002161487753,11.545759517900137,0.9,77.9000015258789,-1.7038494173828553,2.1872264236308454,True
mle_gbm,BZ=F,2026-06-17,79.55000305175781,4,2026-06-23,79.62180833920559,86.5700410339581,73.2312505283253,13.3387905056328,0.9,77.08000183105469,-2.5418065081508985,3.2976212347815905,True
mle_gbm,BZ=F,2026-06-17,79.55000305175781,5,2026-06-24,79.63976978605976,87.44891322565944,72.52797888076634,14.920934344893098,0.9,73.73999786376953,-5.899771922290228,8.000775824796905,True
mle_gbm,BZ=F,2026-06-17,79.55000305175781,6,2026-06-25,79.65773528473817,88.25306113451974,71.89954330333667,16.35351783118307,0.9,75.26000213623047,-4.397733148507697,5.843386956789111,True
mle_gbm,BZ=F,2026-06-17,79.55000305175781,7,2026-06-26,79.67570483615492,89.00069066095433,71.32773795342152,17.672952707532815,0.9,71.98999786376953,-7.68570697238539,10.676076122310016,True
mle_gbm,BZ=F,2026-06-18,79.8499984741211,0,2026-06-18,79.8499984741211,79.8499984741211,79.8499984741211,0.0,0.9,79.8499984741211,0.0,0.0,True
mle_gbm,BZ=F,2026-06-18,79.8499984741211,1,2026-06-19,79.86812722231174,83.27941064064125,76.59657647584736,6.6828341647938885,0.9,,,,
mle_gbm,BZ=F,2026-06-18,79.8499984741211,2,2026-06-22,79.88626008636363,84.75397303706984,75.29811667701814,9.455856360051698,0.9,77.9000015258789,-1.9862585604847283,2.549754199715747,True
mle_gbm,BZ=F,2026-06-18,79.8499984741211,3,2026-06-23,79.90439706721111,85.90766118522046,74.32064361418047,11.587017571039993,0.9,77.08000183105469,-2.8243952361564197,3.664238672888176,True
mle_gbm,BZ=F,2026-06-18,79.8499984741211,4,2026-06-24,79.92253816578888,86.89555305973514,73.50907937108019,13.386473688654945,0.9,73.73999786376953,-6.182540302019348,8.384242583572135,True
mle_gbm,BZ=F,2026-06-18,79.8499984741211,5,2026-06-25,79.94068338303184,87.77768298310124,72.80338968364464,14.974293299456605,0.9,75.26000213623047,-4.68068124680137,6.2193477464015,True
mle_gbm,BZ=F,2026-06-18,79.8499984741211,6,2026-06-26,79.95883271987512,88.58482365596406,72.17280190967031,16.412021746293746,0.9,71.98999786376953,-7.9688348561055875,11.069363929118921,False
mle_gbm,BZ=F,2026-06-18,79.8499984741211,7,2026-06-29,79.97698617725388,89.33524583396833,71.59904535198086,17.736200481987467,0.9,73.1500015258789,-6.826984651374971,9.332856471588356,True
mle_gbm,BZ=F,2026-06-22,77.9000015258789,0,2026-06-22,77.9000015258789,77.9000015258789,77.9000015258789,0.0,0.9,77.9000015258789,0.0,0.0,True
mle_gbm,BZ=F,2026-06-22,77.9000015258789,1,2026-06-23,77.916891118116,81.24480829411915,74.72529074761559,6.519517546503565,0.9,77.08000183105469,-0.8368892870613109,1.0857411354187818,True
mle_gbm,BZ=F,2026-06-22,77.9000015258789,2,2026-06-24,77.93378437220584,82.68248944035595,73.45781177712115,9.2246776632348,0.9,73.73999786376953,-4.193786508436304,5.687261499768534,True
mle_gbm,BZ=F,2026-06-22,77.9000015258789,3,2026-06-25,77.95068128894216,83.80711492626823,72.50349470633905,11.303620219929172,0.9,75.26000213623047,-2.690679152711695,3.57517815086055,True
mle_gbm,BZ=F,2026-06-22,77.9000015258789,4,2026-06-26,77.96758186911923,84.76997785806225,71.71104648271013,13.058931375352117,0.9,71.98999786376953,-5.977584005349698,8.303353497330832,True
mle_gbm,BZ=F,2026-06-22,77.9000015258789,5,2026-06-29,77.98448611353118,85.62964799243402,71.02189740320884,14.607750589225176,0.9,73.1500015258789,-4.83448458765227,6.609001349018335,True
mle_gbm,BZ=F,2026-06-22,77.9000015258789,6,2026-06-30,78.00139402297258,86.41614763031055,70.4060252206033,16.01012240970725,0.9,72.91999816894531,-5.081395854027264,6.968453074085916,True
mle_gbm,BZ=F,2026-06-22,77.9000015258789,7,2026-07-01,78.01830559823792,87.14730217332419,69.84560458697975,17.301697586344446,0.9,71.56999969482422,-6.448305903413697,9.009788921209152,True
mle_gbm,BZ=F,2026-06-23,77.08000183105469,0,2026-06-23,77.08000183105469,77.08000183105469,77.08000183105469,0.0,0.9,77.08000183105469,0.0,0.0,True
mle_gbm,BZ=F,2026-06-23,77.08000183105469,1,2026-06-24,77.09637270562096,80.38868028417922,73.93890114070935,6.449779143469868,0.9,73.73999786376953,-3.3563748418514336,4.551634037272616,False
mle_gbm,BZ=F,2026-06-23,77.08000183105469,2,2026-06-25,77.11274705716608,81.81061200016603,72.68465072343434,9.125961276731687,0.9,75.26000213623047,-1.8527449209356064,2.4617922778980197,True
mle_gbm,BZ=F,2026-06-23,77.08000183105469,3,2026-06-26,77.12912488642854,82.92282671646527,71.74022089342341,11.182605823041854,0.9,71.98999786376953,-5.139127022659011,7.138668113845553,True
mle_gbm,BZ=F,2026-06-23,77.08000183105469,4,2026-06-29,77.14550619414686,83.87500134740228,70.95593478801744,12.91906655938483,0.9,73.1500015258789,-3.995504668267955,5.462070519375767,True
mle_gbm,BZ=F,2026-06-23,77.08000183105469,5,2026-06-30,77.16189098105987,84.72508025936789,70.27384809251511,14.451232166852776,0.9,72.91999816894531,-4.241892812114557,5.8171872169918215,True
mle_gbm,BZ=F,2026-06-23,77.08000183105469,6,2026-07-01,77.17827924790653,85.5027653219282,69.66425898906252,15.838506332865677,0.9,71.56999969482422,-5.608279553082312,7.836075977359394,True
mle_gbm,BZ=F,2026-06-23,77.08000183105469,7,2026-07-02,77.19467099542592,86.2256917641847,69.10953230029325,17.11615946389145,0.9,,,,
mle_gbm,BZ=F,2026-06-24,73.73999786376953,0,2026-06-24,73.73999786376953,73.73999786376953,73.73999786376953,0.0,0.9,73.73999786376953,0.0,0.0,True
mle_gbm,BZ=F,2026-06-24,73.73999786376953,1,2026-06-25,73.75431556323467,76.90526289980377,70.73246822247167,6.1727946773321065,0.9,75.26000213623047,1.505686572995799,2.000646465927956,True
mle_gbm,BZ=F,2026-06-24,73.73999786376953,2,2026-06-26,73.76863604269073,78.26472580157441,69.5308340745442,8.733891727030212,0.9,71.98999786376953,-1.7786381789211987,2.4706740265321434,True
mle_gbm,BZ=F,2026-06-24,73.73999786376953,3,2026-06-29,73.78295930267733,79.32773419386352,68.62574783941905,10.701986354444472,0.9,73.1500015258789,-0.6329577767984205,0.8652874416885604,True
mle_gbm,BZ=F,2026-06-24,73.73999786376953,4,2026-06-30,73.7972853437344,80.23754540561423,67.87395223238593,12.363593173228296,0.9,72.91999816894531,-0.8772871747890889,1.2030817290430242,True
mle_gbm,BZ=F,2026-06-24,73.73999786376953,5,2026-07-01,73.81161416640204,81.04961966653534,67.21998706798739,13.829632598547946,0.9,71.56999969482422,-2.241614471577819,3.1320587971721445,True
mle_gbm,BZ=F,2026-06-24,73.73999786376953,6,2026-07-02,73.82594577122016,81.79238601990706,66.6354233472126,15.156962672694462,0.9,,,,
mle_gbm,BZ=F,2026-06-24,73.73999786376953,7,2026-07-03,73.84028015872904,82.48272426965465,66.10338131042458,16.379342959230073,0.9,,,,
mle_gbm,BZ=F,2026-06-25,75.26000213623047,0,2026-06-25,75.26000213623047,75.26000213623047,75.26000213623047,0.0,0.9,75.26000213623047,0.0,0.0,True
mle_gbm,BZ=F,2026-06-25,75.26000213623047,1,2026-06-26,75.27523741106106,78.49091406675889,72.1913030911093,6.2996109756495855,0.9,71.98999786376953,-3.285239547291525,4.563466654782178,False
mle_gbm,BZ=F,2026-06-25,75.26000213623047,2,2026-06-29,75.29047577004783,79.87896274698878,70.96556523443157,8.91339751255721,0.9,73.1500015258789,-2.140474244168928,2.92614381342381,True
mle_gbm,BZ=F,2026-06-25,75.26000213623047,3,2026-06-30,75.30571721381506,80.96448429303116,70.0424524975971,10.922031795434066,0.9,72.91999816894531,-2.385719044869745,3.271693780548886,True
mle_gbm,BZ=F,2026-06-25,75.26000213623047,4,2026-07-01,75.32096174298725,81.89367531062808,69.27576832239546,12.617906988232619,0.9,71.56999969482422,-3.750962048163032,5.240969769676125,True
mle_gbm,BZ=F,2026-06-25,75.26000213623047,5,2026-07-02,75.33620935818901,82.72313343055477,68.60891512560325,14.114218304951521,0.9,,,,
mle_gbm,BZ=F,2026-06-25,75.26000213623047,6,2026-07-03,75.35146006004511,83.48187048554009,68.01288112206392,15.468989363476169,0.9,,,,
mle_gbm,BZ=F,2026-06-25,75.26000213623047,7,2026-07-06,75.36671384918029,84.18711216973514,67.47044066521867,16.71667150451647,0.9,71.98999786376953,-3.3767159854107547,4.6905349154207405,True
mle_gbm,BZ=F,2026-06-26,71.98999786376953,0,2026-06-26,71.98999786376953,71.98999786376953,71.98999786376953,0.0,0.9,71.98999786376953,0.0,0.0,True
mle_gbm,BZ=F,2026-06-26,71.98999786376953,1,2026-06-29,72.00325702105528,75.08049228440598,69.05214475687379,6.0283475275321905,0.9,73.1500015258789,1.14674450482363,1.5676616280287243,True
mle_gbm,BZ=F,2026-06-26,71.98999786376953,2,2026-06-30,72.01651862041994,76.40739823196832,67.87796828861723,8.52942994335109,0.9,72.91999816894531,0.9034795485253682,1.239001057614036,True
mle_gbm,BZ=F,2026-06-26,71.98999786376953,3,2026-07-01,72.0297826623132,77.44476658583326,66.99341762015398,10.451348965679287,0.9,71.56999969482422,-0.4597829674889766,0.642424157397652,True
mle_gbm,BZ=F,2026-06-26,71.98999786376953,4,2026-07-02,72.04304914718496,78.33250675536563,66.25858338266684,12.073923372698786,0.9,,,,
mle_gbm,BZ=F,2026-06-26,71.98999786376953,5,2026-07-03,72.05631807548517,79.12478343769567,65.61930091958934,13.505482518106334,0.9,,,,
mle_gbm,BZ=F,2026-06-26,71.98999786376953,6,2026-07-06,72.06958944766394,79.8493618619069,65.04780504241833,14.801556819488567,0.9,71.98999786376953,-0.07959158389441257,0.11055922524824617,True
mle_gbm,BZ=F,2026-06-26,71.98999786376953,7,2026-07-07,72.08286326417125,80.52272785274299,64.52760996700648,15.995117885736505,0.9,74.16000366210938,2.0771403979381233,2.800890365920246,True
mle_gbm,BZ=F,2026-06-29,73.1500015258789,0,2026-06-29,73.1500015258789,73.1500015258789,73.1500015258789,0.0,0.9,73.1500015258789,0.0,0.0,True
mle_gbm,BZ=F,2026-06-29,73.1500015258789,1,2026-06-30,73.16394695989632,76.29038609174944,70.16563172603249,6.124754365716953,0.9,72.91999816894531,-0.2439487909510092,0.33454305687969765,True
mle_gbm,BZ=F,2026-06-29,73.1500015258789,2,2026-07-01,73.17789505249371,77.63900710538002,68.97311704470144,8.665890060678578,0.9,71.56999969482422,-1.6078953576694914,2.2466052319765075,True
mle_gbm,BZ=F,2026-06-29,73.1500015258789,3,2026-07-02,73.19184580417797,78.69347363516695,68.074848456411,10.618625178755948,0.9,,,,
mle_gbm,BZ=F,2026-06-29,73.1500015258789,4,2026-07-03,73.20579921545594,79.59592964414438,67.3286820410659,12.267247603078474,0.9,,,,
mle_gbm,BZ=F,2026-06-29,73.1500015258789,5,2026-07-06,73.21975528683468,80.40140453807523,66.67958843586015,13.721816102215072,0.9,71.98999786376953,-1.229757423065152,1.7082337262910978,True
mle_gbm,BZ=F,2026-06-29,73.1500015258789,6,2026-07-07,73.23371401882133,81.13810661711967,66.09935938360816,15.038747233511515,0.9,74.16000366210938,0.9262896432880439,1.2490420678893706,True
mle_gbm,BZ=F,2026-06-29,73.1500015258789,7,2026-07-08,73.24767541192311,81.82278467554687,65.57124613303301,16.251538542513856,0.9,78.0199966430664,4.7723212311432945,6.116792407690276,True
mle_gbm,BZ=F,2026-06-30,72.91999816894531,0,2026-06-30,72.91999816894531,72.91999816894531,72.91999816894531,0.0,0.9,72.91999816894531,0.0,0.0,True
mle_gbm,BZ=F,2026-06-30,72.91999816894531,1,2026-07-01,72.93380020922551,76.04976562187186,69.94550436102047,6.104261260851388,0.9,71.56999969482422,-1.3638005144012908,1.9055477437705197,True
mle_gbm,BZ=F,2026-06-30,72.91999816894531,2,2026-07-02,72.9476048619072,77.39375804104655,68.75687639133267,8.636881649713885,0.9,,,,
mle_gbm,BZ=F,2026-06-30,72.91999816894531,3,2026-07-03,72.96141212748496,78.44457708967029,67.86151263906424,10.583064450606045,0.9,,,,
mle_gbm,BZ=F,2026-06-30,72.91999816894531,4,2026-07-06,72.97522200645324,79.34389179825004,67.11774411610838,12.226147682141658,0.9,71.98999786376953,-0.9852241426837054,1.368556982802107,True
mle_gbm,BZ=F,2026-06-30,72.91999816894531,5,2026-07-07,72.9890344993068,80.14654779558536,66.47072523608362,13.67582255950174,0.9,74.16000366210938,1.170969162802578,1.578976678773901,True
mle_gbm,BZ=F,2026-06-30,72.91999816894531,6,2026-07-08,73.00284960654027,80.88065921982114,65.89234190328008,14.988317316541057,0.9,78.0199966430664,5.01714703652614,6.4305911976375505,True
mle_gbm,BZ=F,2026-06-30,72.91999816894531,7,2026-07-09,73.01666732864861,81.56291898100415,65.3659012501039,16.197017730900242,0.9,76.30000305175781,3.2833357231092037,4.303192125538928,True
mle_gbm,BZ=F,2026-07-01,71.56999969482422,0,2026-07-01,71.56999969482422,71.56999969482422,71.56999969482422,0.0,0.9,71.56999969482422,0.0,0.0,True
mle_gbm,BZ=F,2026-07-01,71.56999969482422,1,2026-07-02,71.58299424326859,74.64096224016954,68.65030823616812,5.990654004001428,0.9,,,,
mle_gbm,BZ=F,2026-07-01,71.56999969482422,2,2026-07-03,71.59599115105752,75.95935097579293,67.48327734574615,8.476073630046784,0.9,,,,
mle_gbm,BZ=F,2026-07-01,71.56999969482422,3,2026-07-06,71.60899041861938,76.99000662301727,66.60406634178518,10.385940281232081,0.9,71.98999786376953,0.3810074451501464,0.5292505298738123,True
mle_gbm,BZ=F,2026-07-01,71.56999969482422,4,2026-07-07,71.62199204638263,77.87196505380425,65.87363939188917,11.998325661915075,0.9,74.16000366210938,2.538011615726745,3.4223455911498197,True
mle_gbm,BZ=F,2026-07-01,71.56999969482422,5,2026-07-08,71.63499603477584,78.65905294912734,65.23816985466618,13.42088309446116,0.9,78.0199966430664,6.385000608290568,8.1838001576715,True
mle_gbm,BZ=F,2026-07-01,71.56999969482422,6,2026-07-09,71.64800238422751,79.37886234956791,64.6700657291319,14.708796620436004,0.9,76.30000305175781,4.652000667530302,6.096986214239907,True
mle_gbm,BZ=F,2026-07-01,71.56999969482422,7,2026-07-10,71.66101109516637,80.04777629492867,64.15294401509688,15.894832279831789,0.9,76.01000213623047,4.348991041064096,5.7216036295717085,True
mle_gbm,BZ=F,2026-07-06,71.98999786376953,0,2026-07-06,71.98999786376953,71.98999786376953,71.98999786376953,0.0,0.9,71.98999786376953,0.0,0.0,True
mle_gbm,BZ=F,2026-07-06,71.98999786376953,1,2026-07-07,72.00323536262125,75.078546299377,69.05389299909835,6.0246533002786435,0.9,74.16000366210938,2.156768299488121,2.908263474897966,True
mle_gbm,BZ=F,2026-07-06,71.98999786376953,2,2026-07-08,72.01647529558021,76.40458410874996,67.88038668749148,8.524197421258478,0.9,78.0199966430664,6.003521347486199,7.694849533193011,False
mle_gbm,BZ=F,2026-07-06,71.98999786376953,3,2026-07-09,72.02971766309393,77.4412604000421,66.99632986115766,10.444930538884435,0.9,76.30000305175781,4.270285388663879,5.596704086325065,True
mle_gbm,BZ=F,2026-07-06,71.98999786376953,4,2026-07-10,72.04296246561023,78.32839914020808,66.26189859352124,12.06650054668684,0.9,76.01000213623047,3.967039670620238,5.219102169620034,True
mle_gbm,BZ=F,2026-07-06,71.98999786376953,5,2026-07-13,72.05620970357677,79.12013198661525,65.62296126760985,13.497170719005396,0.9,83.30000305175781,11.243793348181043,13.49795070378905,False
mle_gbm,BZ=F,2026-07-06,71.98999786376953,6,2026-07-14,72.06945937744139,79.84420725073075,65.05176961236769,14.792437638363054,0.9,84.7300033569336,12.660543979492203,14.942220556935892,False
mle_gbm,BZ=F,2026-07-06,71.98999786376953,7,2026-07-15,72.08271148765199,80.51710072326338,64.53184787751366,15.985252845749727,0.9,84.94999694824219,12.867285460590196,15.146893375911358,False
mle_gbm,BZ=F,2026-07-07,74.16000366210938,0,2026-07-07,74.16000366210938,74.16000366210938,74.16000366210938,0.0,0.9,74.16000366210938,0.0,0.0,True
mle_gbm,BZ=F,2026-07-07,74.16000366210938,1,2026-07-08,74.17453371886292,77.34281129424498,71.13604173863436,6.20676955561062,0.9,78.0199966430664,3.8454629242034883,4.928817084927717,False
mle_gbm,BZ=F,2026-07-07,74.16000366210938,2,2026-07-09,74.18906662246833,78.7098852266168,69.92790791736267,8.781977309254131,0.9,76.30000305175781,2.110936429289481,2.7666269264203507,True
mle_gbm,BZ=F,2026-07-07,74.16000366210938,3,2026-07-10,74.20360237348352,79.77887650571607,69.01795119673737,10.760925308978699,0.9,76.01000213623047,1.806399762746949,2.3765290251003974,True
mle_gbm,BZ=F,2026-07-07,74.16000366210938,4,2026-07-13,74.2181409724663,80.69383018152362,68.26212657173036,12.43170360979326,0.9,83.30000305175781,9.081862079291511,10.90259513393843,False
mle_gbm,BZ=F,2026-07-07,74.16000366210938,5,2026-07-14,74.23268241997468,81.51051134049631,67.60466900085656,13.905842339639747,0.9,84.7300033569336,10.497320936958914,12.389142595377816,False
mle_gbm,BZ=F,2026-07-07,74.16000366210938,6,2026-07-15,74.24722671656669,82.25750524774212,67.01699326399849,15.24051198374363,0.9,84.94999694824219,10.702770231675501,12.598905963700528,False
mle_gbm,BZ=F,2026-07-07,74.16000366210938,7,2026-07-16,74.26177386280068,82.95178443609531,66.48212687333164,16.469657562763672,0.9,84.2300033569336,9.968229494132913,11.834535316223937,False
mle_gbm,BZ=F,2026-07-08,78.0199966430664,0,2026-07-08,78.0199966430664,78.0199966430664,78.0199966430664,0.0,0.9,78.0199966430664,0.0,0.0,True
mle_gbm,BZ=F,2026-07-08,78.0199966430664,1,2026-07-09,78.03689223490493,81.37219294954495,74.83829953382397,6.533893415720982,0.9,76.30000305175781,-1.7368891831471132,2.276394644399819,True
mle_gbm,BZ=F,2026-07-08,78.0199966430664,2,2026-07-10,78.05379148556212,82.8130589404347,73.56803918635237,9.245019754082335,0.9,76.01000213623047,-2.0437893493316466,2.6888426416152753,True
mle_gbm,BZ=F,2026-07-08,78.0199966430664,3,2026-07-13,78.0706943958304,83.9401792515603,72.61163101857267,11.328548232987629,0.9,83.30000305175781,5.229308655927412,6.277681229709224,True
mle_gbm,BZ=F,2026-07-08,78.0199966430664,4,2026-07-14,78.08760096650218,84.90518053448633,71.8174484326896,13.087732101796732,0.9,84.7300033569336,6.642402390431414,7.839492655806504,True
mle_gbm,BZ=F,2026-07-08,78.0199966430664,5,2026-07-15,78.10451119837026,85.7667616622149,71.12679260949498,14.63996905271992,0.9,84.94999694824219,6.845485749871926,8.058253085097462,True
mle_gbm,BZ=F,2026-07-08,78.0199966430664,6,2026-07-16,78.12142509222734,86.55501111537114,70.50957512218118,16.04543599318997,0.9,84.2300033569336,6.108578264706253,7.252259315270954,True
mle_gbm,BZ=F,2026-07-08,78.0199966430664,7,2026-07-17,78.1383426488666,87.28779358664764,69.94793133189765,17.33986225474999,0.9,88.0999984741211,9.961655825254496,11.307214526434617,False
mle_gbm,BZ=F,2026-07-09,76.30000305175781,0,2026-07-09,76.30000305175781,76.30000305175781,76.30000305175781,0.0,0.9,76.30000305175781,0.0,0.0,True
mle_gbm,BZ=F,2026-07-09,76.30000305175781,1,2026-07-10,76.31582560862608,79.57741996726766,73.18791235908176,6.389507608185895,0.9,76.01000213623047,-0.30582347239561614,0.4023463541646766,True
mle_gbm,BZ=F,2026-07-09,76.30000305175781,2,2026-07-13,76.33165144666474,80.98569995405515,71.94505963251068,9.040640321544473,0.9,83.30000305175781,6.968351605093076,8.365367766869522,False
mle_gbm,BZ=F,2026-07-09,76.30000305175781,3,2026-07-14,76.34748056655408,82.08714711948993,71.0091408144015,11.078006305088422,0.9,84.7300033569336,8.382522790379511,9.893216639054407,False
mle_gbm,BZ=F,2026-07-09,76.30000305175781,4,2026-07-15,76.36331296897481,83.03004185184885,70.23187556622612,12.798166285622727,0.9,84.94999694824219,8.586683979267377,10.107927354604874,False
mle_gbm,BZ=F,2026-07-09,76.30000305175781,5,2026-07-16,76.37914865460749,83.87178816276314,69.55585992612319,14.315928236639948,0.9,84.2300033569336,7.850854702326103,9.32073416767808,False
mle_gbm,BZ=F,2026-07-09,76.30000305175781,6,2026-07-17,76.39498762413312,84.6418110772772,68.95166891884038,15.690142158436814,0.9,88.0999984741211,11.705010849987971,13.2860511381578,False
mle_gbm,BZ=F,2026-07-09,76.30000305175781,7,2026-07-20,76.41082987823256,85.3575815302301,68.4018316593518,16.955749870878307,0.9,89.22000122070312,12.809171342470563,14.356838340300593,False
mle_gbm,BZ=F,2026-07-10,76.01000213623047,0,2026-07-10,76.01000213623047,76.01000213623047,76.01000213623047,0.0,0.9,76.01000213623047,0.0,0.0,True
mle_gbm,BZ=F,2026-07-10,76.01000213623047,1,2026-07-13,76.02564010594513,79.27417301268386,72.91022704953238,6.36394596315148,0.9,83.30000305175781,7.274362945812683,8.732728306495757,False
mle_gbm,BZ=F,2026-07-10,76.01000213623047,2,2026-07-14,76.04128129294814,80.67667638762019,71.672219525897,9.004456861723185,0.9,84.7300033569336,8.688722063985452,10.254598984710697,False
mle_gbm,BZ=F,2026-07-10,76.01000213623047,3,2026-07-15,76.0569256979015,81.77357060309792,70.73992127227675,11.033649330821177,0.9,84.94999694824219,8.893071250340682,10.468595138101062,False
mle_gbm,BZ=F,2026-07-10,76.01000213623047,4,2026-07-16,76.07257332146715,82.71254367249634,69.96564432432402,12.74689934817232,0.9,84.2300033569336,8.157430035466447,9.68470819227974,False
mle_gbm,BZ=F,2026-07-10,76.01000213623047,5,2026-07-17,76.08822416430739,83.55077038855812,69.29221393834956,14.258556450208559,0.9,88.0999984741211,12.011774309813703,13.634250304036154,False
mle_gbm,BZ=F,2026-07-10,76.01000213623047,6,2026-07-20,76.1038782270844,84.31755833255815,68.69032258215262,15.627235750405532,0.9,89.22000122070312,13.116122993618731,14.700877397629075,False
mle_gbm,BZ=F,2026-07-10,76.01000213623047,7,2026-07-21,76.11953551046076,85.03030873841487,68.14256907091071,16.887739667504164,0.9,91.01000213623047,14.890466625769704,16.361351803377126,False
mle_gbm,BZ=F,2026-07-13,83.30000305175781,0,2026-07-13,83.30000305175781,83.30000305175781,83.30000305175781,0.0,0.9,83.30000305175781,0.0,0.0,True
mle_gbm,BZ=F,2026-07-13,83.30000305175781,1,2026-07-14,83.3202433163835,86.88927325908399,79.89781345737698,6.991459801707009,0.9,84.7300033569336,1.409760040550097,1.6638262536251087,True
mle_gbm,BZ=F,2026-07-13,83.30000305175781,2,2026-07-15,83.34048849899588,88.4335053826856,78.5407860199009,9.892719362784689,0.9,84.94999694824219,1.6095084492463059,1.8946539223855856,True
mle_gbm,BZ=F,2026-07-13,83.30000305175781,3,2026-07-16,83.36073860079009,89.64208715327047,77.5195330758843,12.12255407738617,0.9,84.2300033569336,0.8692647561435081,1.0320132037273064,True
mle_gbm,BZ=F,2026-07-13,83.30000305175781,4,2026-07-17,83.3809936229612,90.6772491763414,76.67182408711892,14.005425089222484,0.9,88.0999984741211,4.7190048511598945,5.35641876605262,True
mle_gbm,BZ=F,2026-07-13,83.30000305175781,5,2026-07-20,83.40125356670495,91.60179353444526,75.93485703838562,15.666936496059648,0.9,89.22000122070312,5.818747653998173,6.521797326144799,True
mle_gbm,BZ=F,2026-07-13,83.30000305175781,6,2026-07-21,83.42151843321703,92.44791105983133,75.27644116479473,17.171469895036594,0.9,91.01000213623047,7.588483703013438,8.338076612342494,True
mle_gbm,BZ=F,2026-07-13,83.30000305175781,7,2026-07-22,83.44178822369372,93.23471416192753,74.67746412431119,18.557250037616342,0.9,94.06999969482422,10.628211471130498,11.298194435643511,False
mle_gbm,BZ=F,2026-07-14,84.7300033569336,0,2026-07-14,84.7300033569336,84.7300033569336,84.7300033569336,0.0,0.9,84.7300033569336,0.0,0.0,True
mle_gbm,BZ=F,2026-07-14,84.7300033569336,1,2026-07-15,84.75117029741124,88.38106584233006,81.27035806056799,7.110707781762073,0.9,84.94999694824219,0.1988266508309522,0.2340513925528356,True
mle_gbm,BZ=F,2026-07-14,84.7300033569336,2,2026-07-16,84.77234252573685,89.9522449287167,79.89072493961352,10.061519989103175,0.9,84.2300033569336,-0.5423391688032524,0.643878840304722,True
mle_gbm,BZ=F,2026-07-14,84.7300033569336,3,2026-07-17,84.79352004323125,91.18206537180643,78.8525793093627,12.329486062443735,0.9,88.0999984741211,3.3064784308898396,3.753097035366124,True
mle_gbm,BZ=F,2026-07-14,84.7300033569336,4,2026-07-20,84.81470285121594,92.23552124016052,77.99092717229533,14.244594067865194,0.9,89.22000122070312,4.405298369487184,4.937568156483003,True
mle_gbm,BZ=F,2026-07-14,84.7300033569336,5,2026-07-21,84.8358909510124,93.17648393192924,77.2418972013366,15.934586730592642,0.9,91.01000213623047,6.174111185218067,6.783991913302236,True
mle_gbm,BZ=F,2026-07-14,84.7300033569336,6,2026-07-22,84.85708434394277,94.03769215775675,76.57275075695338,17.46494140080337,0.9,94.06999969482422,9.212915350881445,9.793680642892937,False
mle_gbm,BZ=F,2026-07-14,84.7300033569336,7,2026-07-23,84.87828303132922,94.83858348291696,75.96405034501728,18.874533137899675,0.9,100.69000244140625,15.811719410077032,15.703365802655753,False
mle_gbm,BZ=F,2026-07-15,84.94999694824219,0,2026-07-15,84.94999694824219,84.94999694824219,84.94999694824219,0.0,0.9,84.94999694824219,0.0,0.0,True
mle_gbm,BZ=F,2026-07-15,84.94999694824219,1,2026-07-16,84.97129991736652,88.60987338714506,81.48213662490686,7.1277367622382,0.9,84.2300033569336,-0.7412965604329287,0.880086110517657,True
mle_gbm,BZ=F,2026-07-15,84.94999694824219,2,2026-07-17,84.99260822865115,90.18488982514484,80.09926571418725,10.085624110957582,0.9,88.0999984741211,3.1073902454699436,3.5271172523149623,True
mle_gbm,BZ=F,2026-07-15,84.94999694824219,3,2026-07-20,85.01392188343557,91.41773218569122,79.05869836414645,12.35903382154477,0.9,89.22000122070312,4.206079337267553,4.7142785022643,True
mle_gbm,BZ=F,2026-07-15,84.94999694824219,4,2026-07-21,85.03524088305993,92.47378922793354,78.1950458871838,14.278743340749742,0.9,91.01000213623047,5.974761253170541,6.564950129577054,True
mle_gbm,BZ=F,2026-07-15,84.94999694824219,5,2026-07-22,85.05656522886439,93.41708508240193,77.44428422435259,15.97280085804934,0.9,94.06999969482422,9.013434465959833,9.581624848730339,False
mle_gbm,BZ=F,2026-07-15,84.94999694824219,6,2026-07-23,85.07789492218971,94.28043671805291,76.7735964783155,17.506840239737414,0.9,100.69000244140625,15.612107519216536,15.505121800251786,False
mle_gbm,BZ=F,2026-07-15,84.94999694824219,7,2026-07-24,85.09922996437697,95.08332814725391,76.1634987083597,18.91982943889421,0.9,96.77999877929688,11.680768814919901,12.069403763434067,False
mle_gbm,BZ=F,2026-07-16,84.2300033569336,0,2026-07-16,84.2300033569336,84.2300033569336,84.2300033569336,0.0,0.9,84.2300033569336,0.0,0.0,True
mle_gbm,BZ=F,2026-07-16,84.2300033569336,1,2026-07-17,84.25082530988217,87.85788600172064,80.79185476028036,7.066031241440285,0.9,88.0999984741211,3.8491731642389198,4.369095608292881,False
mle_gbm,BZ=F,2026-07-16,84.2300033569336,2,2026-07-20,84.27165241009072,89.41893843514056,79.42066327569219,9.998275159448369,0.9,89.22000122070312,4.948348810612401,5.54623261926627,True
mle_gbm,BZ=F,2026-07-16,84.2300033569336,3,2026-07-21,84.29248465883173,90.64077005570071,78.38881957416149,12.251950481539225,0.9,91.01000213623047,6.717517477398744,7.381076057270572,False
mle_gbm,BZ=F,2026-07-16,84.2300033569336,4,2026-07-22,84.31332205737779,91.68733976615225,77.53236482247034,14.154974943681907,0.9,94.06999969482422,9.75667763744643,10.371720707024991,False
mle_gbm,BZ=F,2026-07-16,84.2300033569336,5,2026-07-23,84.33416460700204,92.62211843210241,76.78782822457924,15.834290207523168,0.9,100.69000244140625,16.355837834404213,16.243755524707666,False
mle_gbm,BZ=F,2026-07-16,84.2300033569336,6,2026-07-24,84.3550123089778,93.47763955686598,76.12267634677498,17.354963210091,0.9,96.77999877929688,12.42498647031907,12.83838254498616,False
mle_gbm,BZ=F,2026-07-16,84.2300033569336,7,2026-07-27,84.37586516457881,94.27321892527723,75.51759347385887,18.755625451418368,0.9,88.36000061035156,3.9841354457727505,4.508980781181661,True
mle_gbm,BZ=F,2026-07-17,88.0999984741211,0,2026-07-17,88.0999984741211,88.0999984741211,88.0999984741211,0.0,0.9,88.0999984741211,0.0,0.0,True
mle_gbm,BZ=F,2026-07-17,88.0999984741211,1,2026-07-20,88.12337873133869,91.89785920096678,84.50392584276065,7.393933358206127,0.9,89.22000122070312,1.0966224893644352,1.229121804932198,True
mle_gbm,BZ=F,2026-07-17,88.0999984741211,2,2026-07-21,88.14676519328304,93.5330776508366,83.07063564234463,10.462442008491976,0.9,91.01000213623047,2.863236942947424,3.1460684273597974,True
mle_gbm,BZ=F,2026-07-17,88.0999984741211,3,2026-07-22,88.17015786160097,94.81338073637185,81.99240104047276,12.820979695899098,0.9,94.06999969482422,5.899841833223249,6.271757045139931,True
mle_gbm,BZ=F,2026-07-17,88.0999984741211,4,2026-07-23,88.19355673793939,95.91032580683301,81.09766476816611,14.812661038666903,0.9,100.69000244140625,12.496445703466861,12.410810805907786,False
mle_gbm,BZ=F,2026-07-17,88.0999984741211,5,2026-07-24,88.21696182394595,96.8903238790605,80.32001588890753,16.57030799015297,0.9,96.77999877929688,8.563036955350924,8.847940755691273,True
mle_gbm,BZ=F,2026-07-17,88.0999984741211,6,2026-07-27,88.24037312126845,97.78741485853568,79.62541457757963,18.16200028095605,0.9,88.36000061035156,0.11962748908311482,0.13538647380803684,True
mle_gbm,BZ=F,2026-07-17,88.0999984741211,7,2026-07-28,88.26379063155541,98.62180853826935,78.99365112157736,19.62815741669199,0.9,84.08999633789062,-4.173794293664784,4.963484927379035,True
mle_gbm,BZ=F,2026-07-20,89.22000122070312,0,2026-07-20,89.22000122070312,89.22000122070312,89.22000122070312,0.0,0.9,89.22000122070312,0.0,0.0,True
mle_gbm,BZ=F,2026-07-20,89.22000122070312,1,2026-07-21,89.24412755418274,93.06600462332162,85.57920086011077,7.486803763210844,0.9,91.01000213623047,1.7658745820477293,1.940308252497828,True
mle_gbm,BZ=F,2026-07-20,89.22000122070312,2,2026-07-22,89.2682604117595,94.72222937262111,84.12832309503315,10.593906277587962,0.9,94.06999969482422,4.80173928306472,5.1044321235699055,True
mle_gbm,BZ=F,2026-07-20,89.22000122070312,3,2026-07-23,89.29239979519784,96.01909370444523,83.03694977300468,12.982143931440547,0.9,100.69000244140625,11.397602646208412,11.31949783479341,False
mle_gbm,BZ=F,2026-07-20,89.22000122070312,4,2026-07-24,89.31654570626226,97.13030703833756,82.13137155790231,14.99893548043525,0.9,96.77999877929688,7.463453073034614,7.711772233077556,True
mle_gbm,BZ=F,2026-07-20,89.22000122070312,5,2026-07-27,89.3406981467181,98.12311311475789,81.34434479273088,16.778768322027005,0.9,88.36000061035156,-0.9806975363665345,1.1098885577097242,True
mle_gbm,BZ=F,2026-07-20,89.22000122070312,6,2026-07-28,89.36485711833083,99.03197848921559,80.64140300548831,18.390575483727275,0.9,84.08999633789062,-5.274860780440207,6.272875502627862,True
mle_gbm,BZ=F,2026-07-20,89.22000122070312,7,2026-07-29,89.38902262286672,99.87736615957138,80.00208328186524,19.87528287770614,0.9,90.73999786376953,1.3509752409028124,1.4888420461846041,True
mle_gbm,BZ=F,2026-07-21,91.01000213623047,0,2026-07-21,91.01000213623047,91.01000213623047,91.01000213623047,0.0,0.9,91.01000213623047,0.0,0.0,True
mle_gbm,BZ=F,2026-07-21,91.01000213623047,1,2026-07-22,91.03533760056573,94.93359180939964,87.29715724532834,7.636434564071308,0.9,94.06999969482422,3.0346620942584934,3.2259616286843276,True
mle_gbm,BZ=F,2026-07-21,91.01000213623047,2,2026-07-23,91.06068011781534,96.62368248173607,85.81796150324185,10.805720978494222,0.9,100.69000244140625,9.629322323590912,9.563335078072353,False
mle_gbm,BZ=F,2026-07-21,91.01000213623047,3,2026-07-24,91.0860296899428,97.9472515317291,84.70543762005936,13.241813911669738,0.9,96.77999877929688,5.69396908935407,5.883415128304508,True
mle_gbm,BZ=F,2026-07-21,91.01000213623047,4,2026-07-27,91.11138631891191,99.08147562790163,83.78240901588211,15.299066612019516,0.9,88.36000061035156,-2.751385708560349,3.1138362262958363,True
mle_gbm,BZ=F,2026-07-21,91.01000213623047,5,2026-07-28,91.13675000668725,100.09494011492595,82.98029043470949,17.11464968021646,0.9,84.08999633789062,-7.046753668796626,8.380014241505426,True
mle_gbm,BZ=F,2026-07-21,91.01000213623047,6,2026-07-29,91.16212075523383,101.02279891822187,82.26392803984005,18.758870878381813,0.9,90.73999786376953,-0.4221228914642978,0.46520046440605234,True
mle_gbm,BZ=F,2026-07-21,91.01000213623047,7,2026-07-30,91.18749856651726,101.88592296606515,81.61245099176354,20.273471974301614,0.9,89.02999877929688,-2.157499787220388,2.423340241269435,True
mle_gbm,BZ=F,2026-07-22,94.06999969482422,0,2026-07-22,94.06999969482422,94.06999969482422,94.06999969482422,0.0,0.9,94.06999969482422,0.0,0.0,True
mle_gbm,BZ=F,2026-07-22,94.06999969482422,1,2026-07-23,94.09744079120647,98.12736504539308,90.23301868300094,7.894346362392142,0.9,100.69000244140625,6.592561650199784,6.547384537045911,False
mle_gbm,BZ=F,2026-07-22,94.06999969482422,2,2026-07-24,94.12488989241257,99.8758753264803,88.70505383105116,11.170821495429138,0.9,96.77999877929688,2.6551088868843067,2.743447944176133,True
mle_gbm,BZ=F,2026-07-22,94.06999969482422,3,2026-07-27,94.15234700077744,101.24552183085596,87.55611394412485,13.689407886731118,0.9,88.36000061035156,-5.792346390425877,6.5553942399444605,True
mle_gbm,BZ=F,2026-07-22,94.06999969482422,4,2026-07-28,94.17981211863702,102.41945729576999,86.60304638294642,15.81641091282357,0.9,84.08999633789062,-10.089815780746392,11.998830086998066,False
mle_gbm,BZ=F,2026-07-22,94.06999969482422,5,2026-07-29,94.2072852483276,103.46857938838184,85.7749535783837,17.69362580999814,0.9,90.73999786376953,-3.4672873845580625,3.82112350251936,True
mle_gbm,BZ=F,2026-07-22,94.06999969482422,6,2026-07-30,94.23476639218636,104.4292267338257,85.03549700338392,19.393729730441777,0.9,89.02999877929688,-5.2047676128894835,5.846082988040886,True
mle_gbm,BZ=F,2026-07-22,94.06999969482422,7,2026-07-31,94.26225555255121,105.32297332913018,84.3631027590536,20.959870570076575,0.9,90.12000274658203,-4.1422528059691786,4.596374478169089,True
mle_gbm,BZ=F,2026-07-23,100.69000244140625,0,2026-07-23,100.69000244140625,100.69000244140625,100.69000244140625,0.0,0.9,100.69000244140625,0.0,0.0,True
mle_gbm,BZ=F,2026-07-23,100.69000244140625,1,2026-07-24,100.72214491152606,105.04119661230594,96.58068265370407,8.460513958601865,0.9,96.77999877929688,-3.9421461322291833,4.073306656284527,True
mle_gbm,BZ=F,2026-07-23,100.69000244140625,2,2026-07-27,100.75429764223153,106.91812467501177,94.94581507331573,11.97230960169604,0.9,88.36000061035156,-12.394297031879972,14.027044982192944,False
mle_gbm,BZ=F,2026-07-23,100.69000244140625,3,2026-07-28,100.78646063679788,108.38910049229811,93.7170859575,14.672014534798109,0.9,84.08999633789062,-16.69646429890726,19.85547036037139,False
mle_gbm,BZ=F,2026-07-23,100.69000244140625,4,2026-07-29,100.81863389850164,109.65039441156239,92.69822507896325,16.95216933259914,0.9,90.73999786376953,-10.078636034732114,11.107159215347844,False
mle_gbm,BZ=F,2026-07-23,100.69000244140625,5,2026-07-30,100.85081743062032,110.77797956658831,91.8132594240954,18.964720142492908,0.9,89.02999877929688,-11.82081865132345,13.277343382455795,False
mle_gbm,BZ=F,2026-07-23,100.69000244140625,6,2026-07-31,100.88301123643257,111.8107948911873,91.02325017932897,20.78754471185833,0.9,90.12000274658203,-10.763008489850534,11.942973992262491,False
mle_gbm,BZ=F,2026-07-23,100.69000244140625,7,2026-08-03,100.91521531921775,112.77195751683296,90.30508033350384,22.466877183329117,0.9,83.7699966430664,-17.145218676151345,20.46701607164317,False
mle_gbm,BZ=F,2026-07-24,96.77999877929688,0,2026-07-24,96.77999877929688,96.77999877929688,96.77999877929688,0.0,0.9,96.77999877929688,0.0,0.0,True
mle_gbm,BZ=F,2026-07-24,96.77999877929688,1,2026-07-27,96.80932379394295,100.96183401647308,92.82760425995563,8.134229756517442,0.9,88.36000061035156,-8.449323183591389,9.562384704874631,False
mle_gbm,BZ=F,2026-07-24,96.77999877929688,2,2026-07-28,96.83865769427297,102.76472851669116,91.2543219778509,11.510406538840257,0.9,84.08999633789062,-12.748661356382343,15.160734821720814,False
mle_gbm,BZ=F,2026-07-24,96.77999877929688,3,2026-07-29,96.86800048297938,104.17728119433954,90.0715531255421,14.105728068797447,0.9,90.73999786376953,-6.128002619209852,6.753364297418203,True
mle_gbm,BZ=F,2026-07-24,96.77999877929688,4,2026-07-30,96.89735216275542,105.38820282699082,89.09058703246446,16.297615794526365,0.9,89.02999877929688,-7.86735338345855,8.836744346095658,False
mle_gbm,BZ=F,2026-07-24,96.77999877929688,5,2026-07-31,96.92671273629507,106.47054161846185,88.23837560186902,18.232166016592828,0.9,90.12000274658203,-6.806709989713042,7.552940282140858,True
mle_gbm,BZ=F,2026-07-24,96.77999877929688,6,2026-08-03,96.95608220629337,107.46173798547505,87.47747852416201,19.984259461313044,0.9,83.7699966430664,-13.186085563226968,15.740821405796693,False
mle_gbm,BZ=F,2026-07-24,96.77999877929688,7,2026-08-04,96.98546057544593,108.38401978068575,86.78566805387649,21.598351726809256,0.9,79.36000061035156,-17.625459965094365,22.209500793269065,False
mle_gbm,BZ=F,2026-07-27,88.36000061035156,0,2026-07-27,88.36000061035156,88.36000061035156,88.36000061035156,0.0,0.9,88.36000061035156,0.0,0.0,True
mle_gbm,BZ=F,2026-07-27,88.36000061035156,1,2026-07-28,88.38349846367984,92.18384261884209,84.73982618601126,7.444016432830836,0.9,84.08999633789062,-4.293502125789217,5.105841732394727,False
mle_gbm,BZ=F,2026-07-27,88.36000061035156,2,2026-07-29,88.40700256586629,93.8304087969131,83.2970697122042,10.5333390847089,0.9,90.73999786376953,2.3329952979032385,2.5710770915002983,True
mle_gbm,BZ=F,2026-07-27,88.36000061035156,3,2026-07-30,88.43051291857269,95.11966269989213,82.21176771530666,12.907894984585468,0.9,89.02999877929688,0.5994858607241866,0.6733526552216371,True
mle_gbm,BZ=F,2026-07-27,88.36000061035156,4,2026-07-31,88.45402952346132,96.22432218228019,81.31120242256367,14.913119759716523,0.9,90.12000274658203,1.6659732231207158,1.848616480633542,True
mle_gbm,BZ=F,2026-07-27,88.36000061035156,5,2026-08-03,88.4775523821947,97.21124729918446,80.52851386065572,16.682733438528743,0.9,83.7699966430664,-4.707555739128296,5.61962030294284,True
mle_gbm,BZ=F,2026-07-27,88.36000061035156,6,2026-08-04,88.50108149643602,98.11470801878052,79.82943214323758,18.285275875542936,0.9,79.36000061035156,-9.141080886084453,11.51849901182096,False
mle_gbm,BZ=F,2026-07-27,88.36000061035156,7,2026-08-05,88.52461686784879,98.95505066729484,79.19361102595502,19.76143964133982,0.9,79.44999694824219,-9.074619919606604,11.421800211670591,True
mle_gbm,BZ=F,2026-07-28,84.08999633789062,0,2026-07-28,84.08999633789062,84.08999633789062,84.08999633789062,0.0,0.9,84.08999633789062,0.0,0.0,True
mle_gbm,BZ=F,2026-07-28,84.08999633789062,1,2026-07-29,84.11065944359572,87.72936357896864,80.64122140437519,7.088142174593457,0.9,90.73999786376953,6.629338420173809,7.305861335953103,False
mle_gbm,BZ=F,2026-07-28,84.08999633789062,2,2026-07-30,84.13132762676491,89.29544001203352,79.26586494549116,10.029575066542364,0.9,89.02999877929688,4.898671152531961,5.502270268110014,True
mle_gbm,BZ=F,2026-07-28,84.08999633789062,3,2026-07-31,84.15200088864586,90.52123735552381,78.23091531272048,12.290322042803325,0.9,90.12000274658203,5.968001857936173,6.622283262372093,True
mle_gbm,BZ=F,2026-07-28,84.08999633789062,4,2026-08-03,84.17267923048647,91.57122686173263,77.3719013237245,14.199325538008125,0.9,83.7699966430664,-0.4026825874200597,0.48070025493237206,True
mle_gbm,BZ=F,2026-07-28,84.08999633789062,5,2026-08-04,84.19336265353515,92.50907764152997,76.6251539376223,15.88392370390767,0.9,79.36000061035156,-4.833362043183584,6.090425914831873,True
mle_gbm,BZ=F,2026-07-28,84.08999633789062,6,2026-08-05,84.21405115904045,93.36742476821858,75.958038151134,17.40938661708458,0.9,79.44999694824219,-4.764054210798264,5.99629250319772,True
mle_gbm,BZ=F,2026-07-28,84.08999633789062,7,2026-08-06,84.23474474825123,94.1656443043492,75.35117797176608,18.814466332583123,0.9,82.48999786376953,-1.7447468844816996,2.115101139126118,True
mle_gbm,BZ=F,2026-07-29,90.73999786376953,0,2026-07-29,90.73999786376953,90.73999786376953,90.73999786376953,0.0,0.9,90.73999786376953,0.0,0.0,True
mle_gbm,BZ=F,2026-07-29,90.73999786376953,1,2026-07-30,90.76508733639953,94.67636547342951,87.015392257493,7.660973215936508,0.9,89.02999877929688,-1.7350885571026566,1.9488808052259974,True
mle_gbm,BZ=F,2026-07-29,90.73999786376953,2,2026-07-31,90.79018374623095,96.37206684552646,85.53160406829032,10.84046277723614,0.9,90.12000274658203,-0.6701809996489203,0.7436539938125314,True
mle_gbm,BZ=F,2026-07-29,90.73999786376953,3,2026-08-03,90.81528709518184,97.70007339636928,84.41566196906042,13.284411427308854,0.9,83.7699966430664,-7.045290452115438,8.410279019270526,False
mle_gbm,BZ=F,2026-07-29,90.73999786376953,4,2026-08-04,90.84039738517089,98.8381301223109,83.48982105270555,15.34830906960535,0.9,79.36000061035156,-11.480396774819326,14.46622566346332,False
mle_gbm,BZ=F,2026-07-29,90.73999786376953,5,2026-08-05,90.86551461811726,99.85504223714044,82.68527619473896,17.169766042401477,0.9,79.44999694824219,-11.415517669875072,14.368178865144232,False
mle_gbm,BZ=F,2026-07-29,90.73999786376953,6,2026-08-06,90.89063879594069,100.78607629754876,81.96676092781954,18.819315369729225,0.9,82.48999786376953,-8.400640932171157,10.183829736599868,True
mle_gbm,BZ=F,2026-07-29,90.73999786376953,7,2026-08-07,90.9157699205614,101.6521700637354,81.31333758114481,20.33883248259059,0.9,83.55000305175781,-7.36576686880359,8.815998324070225,True
mle_gbm,BZ=F,2026-07-30,89.02999877929688,0,2026-07-30,89.02999877929688,89.02999877929688,89.02999877929688,0.0,0.9,89.02999877929688,0.0,0.0,True
mle_gbm,BZ=F,2026-07-30,89.02999877929688,1,2026-07-31,89.05391869631546,92.89111389316709,85.3752323854233,7.515881507743785,0.9,90.12000274658203,1.0660840502665678,1.1829605168393107,True
mle_gbm,BZ=F,2026-07-30,89.02999877929688,2,2026-08-03,89.07784503995919,94.55395539339416,83.91888466167048,10.635070731723687,0.9,83.7699966430664,-5.30784839689278,6.336216556757028,False
mle_gbm,BZ=F,2026-07-30,89.02999877929688,3,2026-08-04,89.10177781195472,95.85604535531743,82.82343361675663,13.032611738560803,0.9,79.36000061035156,-9.741777201603156,12.27542480680432,False
mle_gbm,BZ=F,2026-07-30,89.02999877929688,4,2026-08-05,89.12571701402919,96.97176685370741,81.91449626001244,15.057270593694966,0.9,79.44999694824219,-9.675720065787004,12.178376887906321,False
mle_gbm,BZ=F,2026-07-30,89.02999877929688,5,2026-08-06,89.1496626479102,97.96862427231741,81.12456829182945,16.844055980487965,0.9,82.48999786376953,-6.6596647841406735,8.073299741307991,True
mle_gbm,BZ=F,2026-07-30,89.02999877929688,6,2026-08-07,89.17361471532578,98.88121769790826,80.41904970963543,18.462167988272824,0.9,83.55000305175781,-5.623611663567971,6.730833582476638,True
mle_gbm,BZ=F,2026-07-30,89.02999877929688,7,2026-08-10,89.19757321800445,99.73008936911717,79.77739835902538,19.952691010091783,0.9,87.72000122070312,-1.4775719973013253,1.6844185781344903,True
mle_gbm,BZ=F,2026-07-31,90.12000274658203,0,2026-07-31,90.12000274658203,90.12000274658203,90.12000274658203,0.0,0.9,90.12000274658203,0.0,0.0,True
mle_gbm,BZ=F,2026-07-31,90.12000274658203,1,2026-08-03,90.14465017359267,94.02821256526919,86.4214870539918,7.606725511277389,0.9,83.7699966430664,-6.37465353052626,7.609709664532839,False
mle_gbm,BZ=F,2026-07-31,90.12000274658203,2,2026-08-04,90.16930434156684,95.7116048052665,84.94793773424145,10.763667071025054,0.9,79.36000061035156,-10.80930373121528,13.620594314619167,False
mle_gbm,BZ=F,2026-07-31,90.12000274658203,3,2026-08-05,90.1939652523483,97.02989758992358,83.83963675116377,13.190260838759812,0.9,79.44999694824219,-10.743968304106119,13.522931046939238,False
mle_gbm,BZ=F,2026-07-31,90.12000274658203,4,2026-08-06,90.21863290778106,98.1595790766828,82.920096034544,15.2394830421388,0.9,82.48999786376953,-7.728635044011526,9.369178378177681,False
mle_gbm,BZ=F,2026-07-31,90.12000274658203,5,2026-08-07,90.24330730970988,99.168968187623,82.12099674957743,17.047971438045565,0.9,83.55000305175781,-6.6933042579520645,8.011135862922321,True
mle_gbm,BZ=F,2026-07-31,90.12000274658203,6,2026-08-10,90.26798845997973,100.09308234033415,81.40732156599336,18.685760774340793,0.9,87.72000122070312,-2.5479872392766083,2.904682174896332,True
mle_gbm,BZ=F,2026-07-31,90.12000274658203,7,2026-08-11,90.29267636043643,100.95271144654063,80.75828065943332,20.194430787107308,0.9,88.91000366210938,-1.382672698327056,1.5551373764213525,True
mle_gbm,BZ=F,2026-08-03,83.7699966430664,0,2026-08-03,83.7699966430664,83.7699966430664,83.7699966430664,0.0,0.9,83.7699966430664,0.0,0.0,True
mle_gbm,BZ=F,2026-08-03,83.7699966430664,1,2026-08-04,83.79041837200627,87.40558518994686,80.3247778239618,7.080807365985066,0.9,79.36000061035156,-4.430417761654709,5.582683628503922,False
mle_gbm,BZ=F,2026-08-03,83.7699966430664,2,2026-08-05,83.81084507942322,88.97002679209082,78.95083328840265,10.019193503688172,0.9,79.44999694824219,-4.360848131181029,5.488795844790164,True
mle_gbm,BZ=F,2026-08-03,83.7699966430664,3,2026-08-06,83.83127676653105,90.19454065784656,77.91694389759441,12.277596760252152,0.9,82.48999786376953,-1.3412789027615162,1.6259897411763904,True
mle_gbm,BZ=F,2026-08-03,83.7699966430664,4,2026-08-07,83.85171343454357,91.24342799912043,77.05880850921771,14.184619489902715,0.9,83.55000305175781,-0.3017103827857568,0.36111355088623076,True
mle_gbm,BZ=F,2026-08-03,83.7699966430664,5,2026-08-10,83.8721550846752,92.18029212154312,76.31282388726333,15.867468234279784,0.9,87.72000122070312,3.8478461360279255,4.3865094419535655,True
mle_gbm,BZ=F,2026-08-03,83.7699966430664,6,2026-08-11,83.89260171814041,93.03773437796633,75.64638874853453,17.391345629431797,0.9,88.91000366210938,5.017401943968963,5.643236685758029,True
mle_gbm,BZ=F,2026-08-03,83.7699966430664,7,2026-08-12,83.91305333615401,93.83511081595104,75.04014711515914,18.794963700791897,0.9,88.9800033569336,5.066950020779586,5.69448171456464,True
mle_gbm,BZ=F,2026-08-04,79.36000061035156,0,2026-08-04,79.36000061035156,79.36000061035156,79.36000061035156,0.0,0.9,79.36000061035156,0.0,0.0,True
mle_gbm,BZ=F,2026-08-04,79.36000061035156,1,2026-08-05,79.37760143737985,82.80483391017304,76.0922196497207,6.712614260452341,0.9,79.44999694824219,0.07239551086233575,0.0911208478831005,True
mle_gbm,BZ=F,2026-08-04,79.36000061035156,2,2026-08-06,79.39520616800075,84.28611097776265,74.78810790217186,9.498003075590788,0.9,82.48999786376953,3.0947916957687767,3.7517175123216258,True
mle_gbm,BZ=F,2026-08-04,79.36000061035156,3,2026-08-07,79.41281480308002,85.44508606294367,73.80641117621016,11.638674886733511,0.9,83.55000305175781,4.137188248677788,4.951751164048276,True
mle_gbm,BZ=F,2026-08-04,79.36000061035156,4,2026-08-10,79.43042734348353,86.43752769821273,72.99136099769396,13.446166700518773,0.9,87.72000122070312,8.289573877219595,9.450038488215549,False
mle_gbm,BZ=F,2026-08-04,79.36000061035156,5,2026-08-11,79.44804379007758,87.32373747079922,72.28265583777599,15.041081633023225,0.9,88.91000366210938,9.461959872031798,10.642176900577708,False
mle_gbm,BZ=F,2026-08-04,79.36000061035156,6,2026-08-12,79.4656641437284,88.1346250445626,71.64938609100521,16.485238953557385,0.9,88.9800033569336,9.51433921320519,10.692671223038118,False
mle_gbm,BZ=F,2026-08-04,79.36000061035156,7,2026-08-13,79.48328840530256,88.88854247549635,71.07319975982345,17.815342715672898,0.9,87.06999969482422,7.586711289521659,8.713347095569867,True
mle_gbm,BZ=F,2026-08-05,79.44999694824219,0,2026-08-05,79.44999694824219,79.44999694824219,79.44999694824219,0.0,0.9,79.44999694824219,0.0,0.0,True
mle_gbm,BZ=F,2026-08-05,79.44999694824219,1,2026-08-06,79.46764705299799,82.8980591325003,76.17918916588984,6.718869966610455,0.9,82.48999786376953,3.0223508107715418,3.6638997321383004,True
mle_gbm,BZ=F,2026-08-05,79.44999694824219,2,2026-08-07,79.48530107878847,84.38073641060085,74.87387946986351,9.506856940737336,0.9,83.55000305175781,4.064701972969345,4.864993207063477,True
mle_gbm,BZ=F,2026-08-05,79.44999694824219,3,2026-08-10,79.50295902648482,85.54081192238057,73.89128477880621,11.64952714357436,0.9,87.72000122070312,8.217042194218308,9.367353032228383,False
mle_gbm,BZ=F,2026-08-05,79.44999694824219,4,2026-08-11,79.52062089695818,86.53419924192201,73.07549157714134,13.458707664780675,0.9,88.91000366210938,9.389382765151197,10.56054704579059,False
mle_gbm,BZ=F,2026-08-05,79.44999694824219,5,2026-08-12,79.53828669108015,87.42125608925537,72.36614220337204,15.05511388588333,0.9,88.9800033569336,9.441716665853448,10.61105451747291,False
mle_gbm,BZ=F,2026-08-05,79.44999694824219,6,2026-08-13,79.55595640972223,88.2329208931828,71.73229828725567,16.50062260592712,0.9,87.06999969482422,7.514043285101991,8.629887804569103,True
mle_gbm,BZ=F,2026-08-05,79.44999694824219,7,2026-08-14,79.5736300537564,88.98756278380388,71.15559075727973,17.831972026524156,0.9,88.5199966430664,8.946366589310003,10.106605206260765,True
mle_gbm,BZ=F,2026-08-06,82.48999786376953,0,2026-08-06,82.48999786376953,82.48999786376953,82.48999786376953,0.0,0.9,82.48999786376953,0.0,0.0,True
mle_gbm,BZ=F,2026-08-06,82.48999786376953,1,2026-08-07,82.5095691963101,86.07210957168223,79.09448301939217,6.977626552290062,0.9,83.55000305175781,1.0404338554477164,1.2452828455352483,True
mle_gbm,BZ=F,2026-08-06,82.48999786376953,2,2026-08-10,82.52914517228713,87.61322364798096,77.74008898741629,9.873134660564673,0.9,87.72000122070312,5.190856048415995,5.917528472618034,False
mle_gbm,BZ=F,2026-08-06,82.48999786376953,3,2026-08-11,82.54872579280217,88.81934866701044,76.72080725971625,12.098541407294192,0.9,88.91000366210938,6.361277869307202,7.154738057915722,False
mle_gbm,BZ=F,2026-08-06,82.48999786376953,4,2026-08-12,82.56831105895725,89.85239482345281,75.87472770786123,13.977667115591586,0.9,88.9800033569336,6.411692297976344,7.205767651251415,True
mle_gbm,BZ=F,2026-08-06,82.48999786376953,5,2026-08-13,82.58790097185455,90.77504023787012,75.139172277572,15.635867960298114,0.9,87.06999969482422,4.482098722969667,5.147695806453644,True
mle_gbm,BZ=F,2026-08-06,82.48999786376953,6,2026-08-14,82.60749553259662,91.61941223852666,74.48201370689898,17.13739853162768,0.9,88.5199966430664,5.91250111046979,6.679283026083242,True
mle_gbm,BZ=F,2026-08-06,82.48999786376953,7,2026-08-17,82.62709474228606,92.40458555183005,73.88417733578055,18.520408216049503,0.9,90.87000274658203,8.24290800429597,9.071099103280282,True
mle_gbm,BZ=F,2026-08-07,83.55000305175781,0,2026-08-07,83.55000305175781,83.55000305175781,83.55000305175781,0.0,0.9,83.55000305175781,0.0,0.0,True
mle_gbm,BZ=F,2026-08-07,83.55000305175781,1,2026-08-10,83.57024933830856,87.17801897852443,80.11178340938795,7.066235569136481,0.9,87.72000122070312,4.149751882394568,4.730679234663724,False
mle_gbm,BZ=F,2026-08-07,83.55000305175781,2,2026-08-11,83.59050053104845,88.7391444226485,78.74058088448118,9.998563538167318,0.9,88.91000366210938,5.319503131060927,5.983019808746145,False
mle_gbm,BZ=F,2026-08-07,83.55000305175781,3,2026-08-12,83.61075663116638,89.96103893581754,77.70873599429716,12.252302941520384,0.9,88.9800033569336,5.369246725767212,6.034217265905311,True
mle_gbm,BZ=F,2026-08-07,83.55000305175781,4,2026-08-13,83.63101763985155,91.00766619740371,76.8522851284444,14.155381068959315,0.9,87.06999969482422,3.4389820549726693,3.949675051138304,True
mle_gbm,BZ=F,2026-08-07,83.55000305175781,5,2026-08-14,83.65128355829349,91.94249892579552,76.10775563754864,15.834743288246884,0.9,88.5199966430664,4.868713084772921,5.500127959114962,True
mle_gbm,BZ=F,2026-08-07,83.55000305175781,6,2026-08-17,83.67155438768182,92.79807157552408,75.44261313612604,17.355458439398035,0.9,90.87000274658203,7.198448358900208,7.921699286149707,True
mle_gbm,BZ=F,2026-08-07,83.55000305175781,7,2026-08-18,83.69183012920668,93.59370049691029,74.83754134293699,18.7561591539733,0.9,91.0199966430664,7.328166513859728,8.051161046068838,True
mle_gbm,BZ=F,2026-08-10,87.72000122070312,0,2026-08-10,87.72000122070312,87.72000122070312,87.72000122070312,0.0,0.9,87.72000122070312,0.0,0.0,True
mle_gbm,BZ=F,2026-08-10,87.72000122070312,1,2026-08-11,87.74297675434376,91.53288282912209,84.10999120486404,7.4228916242580425,0.9,88.91000366210938,1.1670269077656172,1.312593476208535,True
mle_gbm,BZ=F,2026-08-10,87.72000122070312,2,2026-08-12,87.76595830571273,93.17465970449479,82.67122693820275,10.503432766292036,0.9,88.9800033569336,1.2140450512208645,1.364402118924243,True
mle_gbm,BZ=F,2026-08-10,87.72000122070312,3,2026-08-13,87.78894587638636,94.46013465798677,81.5889056901261,12.871228967860674,0.9,87.06999969482422,-0.7189461815621456,0.8257105594142808,True
mle_gbm,BZ=F,2026-08-10,87.72000122070312,4,2026-08-14,87.8119394679411,95.56153616447173,80.69079906637327,14.87073709809846,0.9,88.5199966430664,0.7080571751253046,0.79988387028567,True
mle_gbm,BZ=F,2026-08-10,87.72000122070312,5,2026-08-17,87.83493908195406,96.54553493610223,79.91023643544641,16.63529850065582,0.9,90.87000274658203,3.0350636646279696,3.340006132818269,True
mle_gbm,BZ=F,2026-08-10,87.72000122070312,6,2026-08-18,87.85794472000248,97.44630393886354,79.21304491205555,18.233259026807985,0.9,91.0199966430664,3.1620519230639275,3.474018940545415,True
mle_gbm,BZ=F,2026-08-10,87.72000122070312,7,2026-08-19,87.88095638366434,98.28413193579797,78.5789358138956,19.705196121902375,0.9,91.62000274658203,3.7390463629176907,4.081037165279041,True
mle_gbm,BZ=F,2026-08-11,88.91000366210938,0,2026-08-11,88.91000366210938,88.91000366210938,88.91000366210938,0.0,0.9,88.91000366210938,0.0,0.0,True
mle_gbm,BZ=F,2026-08-11,88.91000366210938,1,2026-08-12,88.93376565355003,92.77452246627745,85.25201168451684,7.522510781760602,0.9,88.9800033569336,0.04623770338356792,0.051964151089195186,True
mle_gbm,BZ=F,2026-08-11,88.91000366210938,2,2026-08-13,88.95753399559474,94.43882818179637,83.79437787330313,10.644450308493234,0.9,87.06999969482422,-1.8875343007705254,2.1678354282602896,True
mle_gbm,BZ=F,2026-08-11,88.91000366210938,3,2026-08-14,88.98130868994092,95.74206389758375,82.69795922348375,13.044104674099998,0.9,88.5199966430664,-0.4613120468745109,0.5211387984283713,True
mle_gbm,BZ=F,2026-08-11,88.91000366210938,4,2026-08-17,89.0050897382862,96.85876654846554,81.7882188842088,15.070547664256736,0.9,90.87000274658203,1.8649130082958294,2.0522867304149783,True
mle_gbm,BZ=F,2026-08-11,88.91000366210938,5,2026-08-18,89.02887714232877,97.85650008399857,80.99759298994125,16.858907094057315,0.9,91.0199966430664,1.9911195007376392,2.1875627050897237,True
mle_gbm,BZ=F,2026-08-11,88.91000366210938,6,2026-08-19,89.05267090376712,98.76989512485417,80.29145100407293,18.478444120781248,0.9,91.62000274658203,2.567331842814909,2.8021521129136677,True
mle_gbm,BZ=F,2026-08-11,88.91000366210938,7,2026-08-20,89.0764710243005,99.6195120393923,79.64923264235104,19.970279397041267,0.9,93.77999877929688,4.703527754996372,5.015491380060388,True
mle_gbm,BZ=F,2026-08-12,88.9800033569336,0,2026-08-12,88.9800033569336,88.9800033569336,88.9800033569336,0.0,0.9,88.9800033569336,0.0,0.0,True
mle_gbm,BZ=F,2026-08-12,88.9800033569336,1,2026-08-13,89.00380274061989,92.84679173955196,85.31987755174751,7.526914187804451,0.9,87.06999969482422,-1.9338030457956705,2.2209751379046154,True
mle_gbm,BZ=F,2026-08-12,88.9800033569336,2,2026-08-14,89.02760848990127,94.51207960763396,83.86139746723916,10.650682140394807,0.9,88.5199966430664,-0.5076118468348625,0.5734431383698236,True
mle_gbm,BZ=F,2026-08-12,88.9800033569336,3,2026-08-17,89.05142060648016,95.81608635595653,82.76434379266684,13.051742563289693,0.9,90.87000274658203,1.8185821401018671,2.0013008530147434,True
mle_gbm,BZ=F,2026-08-12,88.9800033569336,4,2026-08-18,89.07523909205979,96.93345103683731,81.85407755979236,15.079373477044953,0.9,91.0199966430664,1.9447575510066173,2.136626700430407,True
mle_gbm,BZ=F,2026-08-12,88.9800033569336,5,2026-08-19,89.09906394834348,97.93177712343574,81.0629953795787,16.868781743857042,0.9,91.62000274658203,2.5209387982385465,2.7515157418313794,True
mle_gbm,BZ=F,2026-08-12,88.9800033569336,6,2026-08-20,89.12289517703539,98.84571549151063,80.3564464604337,18.48926903107693,0.9,93.77999877929688,4.657103602261486,4.965988124207143,True
mle_gbm,BZ=F,2026-08-12,88.9800033569336,7,2026-08-21,89.14673277983974,99.69583853313979,79.71385849448926,19.981980038650534,0.9,94.38999938964844,5.2432666098087,5.554896327696892,True
mle_gbm,BZ=F,2026-08-13,87.06999969482422,0,2026-08-13,87.06999969482422,87.06999969482422,87.06999969482422,0.0,0.9,87.06999969482422,0.0,0.0,True
mle_gbm,BZ=F,2026-08-13,87.06999969482422,1,2026-08-14,87.09251584848596,90.85277059799242,83.48789218967843,7.364878408313984,0.9,88.5199966430664,1.4274807945804469,1.6126082791624898,True
mle_gbm,BZ=F,2026-08-13,87.06999969482422,2,2026-08-17,87.11503782478663,92.48138565693122,82.0600790235373,10.421306633393925,0.9,90.87000274658203,3.7549649217954055,4.132238151535264,True
mle_gbm,BZ=F,2026-08-13,87.06999969482422,3,2026-08-18,87.1375656252321,93.75647437690698,80.98593076961778,12.770543607289198,0.9,91.0199966430664,3.882431017834307,4.265470403233702,True
mle_gbm,BZ=F,2026-08-13,87.06999969482422,4,2026-08-19,87.16009925132833,94.84892114162362,80.09456312273836,14.754358018885256,0.9,91.62000274658203,4.459903495253698,4.867827288315683,True
mle_gbm,BZ=F,2026-08-13,87.06999969482422,5,2026-08-20,87.18263870458198,95.82487661086317,79.31982550167993,16.505051109183242,0.9,93.77999877929688,6.597360074714899,7.034932992738906,True
mle_gbm,BZ=F,2026-08-13,87.06999969482422,6,2026-08-21,87.20518398649986,96.71824731448594,78.62781145518437,18.090435859301564,0.9,94.38999938964844,7.184815403148576,7.611839654208665,True
mle_gbm,BZ=F,2026-08-13,87.06999969482422,7,2026-08-24,87.22773509858918,97.54916390201775,77.99839041236791,19.550773489649842,0.9,92.16999816894531,4.942263070356134,5.3621169236621755,True
mle_gbm,BZ=F,2026-08-14,88.5199966430664,0,2026-08-14,88.5199966430664,88.5199966430664,88.5199966430664,0.0,0.9,88.5199966430664,0.0,0.0,True
mle_gbm,BZ=F,2026-08-14,88.5199966430664,1,2026-08-17,88.54346867257466,92.36589625688978,84.87922666572307,7.4866695911667165,0.9,90.87000274658203,2.3265340740073697,2.5602883280367013,True
mle_gbm,BZ=F,2026-08-14,88.5199966430664,2,2026-08-18,88.56694692594407,94.02205298023256,83.42834302322836,10.593709957004194,0.9,91.0199966430664,2.45304971712234,2.695066806848982,True
mle_gbm,BZ=F,2026-08-14,88.5199966430664,3,2026-08-19,88.59043140482504,95.31885401350021,82.33695859773393,12.981895415766289,0.9,91.62000274658203,3.0295713417569914,3.3066702149493357,True
mle_gbm,BZ=F,2026-08-14,88.5199966430664,4,2026-08-20,88.61392211086819,96.4300059994996,81.43136682903204,14.998639170467555,0.9,93.77999877929688,5.166076668428687,5.508719061285768,True
mle_gbm,BZ=F,2026-08-14,88.5199966430664,5,2026-08-21,88.63741904572478,97.42275164655838,80.64432509143731,16.778426555121072,0.9,94.38999938964844,5.752580343923654,6.09448075126752,True
mle_gbm,BZ=F,2026-08-14,88.5199966430664,6,2026-08-24,88.66092221104645,98.33155700172227,79.94136742058858,18.390189581133697,0.9,92.16999816894531,3.509075957898858,3.8071780705331135,True
mle_gbm,BZ=F,2026-08-14,88.5199966430664,7,2026-08-25,88.68443160848528,99.17688477273988,79.30203119146456,19.874853581275318,0.9,88.58000183105469,-0.104429777430596,0.11789317596738257,True
mle_gbm,BZ=F,2026-08-17,90.87000274658203,0,2026-08-17,90.87000274658203,90.87000274658203,90.87000274658203,0.0,0.9,90.87000274658203,0.0,0.0,True
mle_gbm,BZ=F,2026-08-17,90.87000274658203,1,2026-08-18,90.89504888276431,94.81900927933982,87.13347644310713,7.685532836232696,0.9,91.0199966430664,0.12494776030209209,0.1372750658210557,True
mle_gbm,BZ=F,2026-08-17,90.87000274658203,2,2026-08-19,90.92010192231304,96.52016740684519,85.64495022806534,10.875217178779849,0.9,91.62000274658203,0.6999008242689939,0.7639170522673929,True
mle_gbm,BZ=F,2026-08-17,90.87000274658203,3,2026-08-20,90.94516186713115,97.85245239955975,84.5254489204391,13.327003479120648,0.9,93.77999877929688,2.834836912165727,3.0228587641990385,True
mle_gbm,BZ=F,2026-08-17,90.87000274658203,4,2026-08-21,90.97022871912176,98.99417896741608,83.59665789978654,15.39752106762954,0.9,94.38999938964844,3.419770670526674,3.6230222403219057,True
mle_gbm,BZ=F,2026-08-17,90.87000274658203,5,2026-08-24,90.99530248018881,100.01437284712617,82.7895515189343,17.224821328191865,0.9,92.16999816894531,1.1746956887565005,1.2744881328990727,True
mle_gbm,BZ=F,2026-08-17,90.87000274658203,6,2026-08-25,91.02038315223648,100.94841361913265,82.06875028702522,18.879663332107427,0.9,88.58000183105469,-2.440381321181789,2.7550025634863236,True
mle_gbm,BZ=F,2026-08-17,90.87000274658203,7,2026-08-26,91.04547073716975,101.81730614193268,81.41324943519557,20.40405670673711,0.9,87.83999633789062,-3.205474399279126,3.6492196412995677,True
mle_gbm,BZ=F,2026-08-18,91.0199966430664,0,2026-08-18,91.0199966430664,91.0199966430664,91.0199966430664,0.0,0.9,91.0199966430664,0.0,0.0,True
mle_gbm,BZ=F,2026-08-18,91.0199966430664,1,2026-08-19,91.04513455215192,94.97476712539297,87.27809266092108,7.696674464471897,0.9,91.62000274658203,0.5748681944301097,0.6274483488285594,True
mle_gbm,BZ=F,2026-08-18,91.0199966430664,2,2026-08-20,91.07027940382704,96.67843298298318,85.78744539799227,10.89098758499091,0.9,93.77999877929688,2.709719375469831,2.88944274977751,True
mle_gbm,BZ=F,2026-08-18,91.0199966430664,3,2026-08-21,91.095431200009,98.01269211688677,84.66635704301638,13.346335073870392,0.9,94.38999938964844,3.2945681896394348,3.4903784415118273,True
mle_gbm,BZ=F,2026-08-18,91.0199966430664,4,2026-08-24,91.1205899426158,99.15611748930066,83.73625472363071,15.419862765669947,0.9,92.16999816894531,1.0494082263295184,1.1385572823881143,True
mle_gbm,BZ=F,2026-08-18,91.0199966430664,5,2026-08-25,91.14575563356597,100.17783477428799,82.92801285565386,17.249821918634126,0.9,88.58000183105469,-2.5657538025112814,2.896538439234679,True
mle_gbm,BZ=F,2026-08-18,91.0199966430664,6,2026-08-26,91.17092827477836,101.11327476009879,82.20620074076474,18.907074019334047,0.9,87.83999633789062,-3.330931936887737,3.792044712837616,True
mle_gbm,BZ=F,2026-08-18,91.0199966430664,7,2026-08-27,91.19610786817259,101.98347269819806,81.54978321747538,20.433689480722677,0.9,89.69999694824219,-1.496110919930402,1.6679052071692635,True
mle_gbm,BZ=F,2026-08-19,91.62000274658203,0,2026-08-19,91.62000274658203,91.62000274658203,91.62000274658203,0.0,0.9,91.62000274658203,0.0,0.0,True
mle_gbm,BZ=F,2026-08-19,91.62000274658203,1,2026-08-20,91.64553886812571,95.60032036715627,87.85435825081822,7.745962116338049,0.9,93.77999877929688,2.134459911171163,2.276028938957901,True
mle_gbm,BZ=F,2026-08-19,91.62000274658203,2,2026-08-21,91.67108210703998,97.31513163952823,86.35437421801966,10.960757421508575,0.9,94.38999938964844,2.7189172826084587,2.8805141436483965,True
mle_gbm,BZ=F,2026-08-19,91.62000274658203,3,2026-08-24,91.6966324653084,98.65817711090429,85.22631019247281,13.431866918431481,0.9,92.16999816894531,0.4733657036369152,0.5135789443862716,True
mle_gbm,BZ=F,2026-08-19,91.62000274658203,4,2026-08-25,91.72218994491533,99.80917188509994,84.29045116190427,15.51872072319567,0.9,88.58000183105469,-3.142188113860641,3.547288382149301,True
mle_gbm,BZ=F,2026-08-19,91.62000274658203,5,2026-08-26,91.7477545478456,100.8376835782779,83.47722960174211,17.360453976535794,0.9,87.83999633789062,-3.9077582099549772,4.4487231020857045,True
mle_gbm,BZ=F,2026-08-19,91.62000274658203,6,2026-08-27,91.77332627608473,101.77936941039862,82.75098838366559,19.02838102673303,0.9,89.69999694824219,-2.0733293278425435,2.311404011573017,True
mle_gbm,BZ=F,2026-08-19,91.62000274658203,7,2026-08-28,91.79890513161847,102.65539901411725,82.09055796670758,20.564841047409672,0.9,89.30999755859375,-2.4889075730247185,2.7868185433459645,True
mle_gbm,BZ=F,2026-08-20,93.77999877929688,0,2026-08-20,93.77999877929688,93.77999877929688,93.77999877929688,0.0,0.9,93.77999877929688,0.0,0.0,True
mle_gbm,BZ=F,2026-08-20,93.77999877929688,1,2026-08-21,93.80700709010235,97.85489853133208,89.9265617896985,7.928336741633586,0.9,94.38999938964844,0.5829922995460919,0.6176420206757914,True
mle_gbm,BZ=F,2026-08-20,93.77999877929688,2,2026-08-24,93.83402317920664,99.61100571744787,88.39207919425348,11.218926523194384,0.9,92.16999816894531,-1.6640250102613265,1.8053868322870203,True
mle_gbm,BZ=F,2026-08-20,93.77999877929688,3,2026-08-25,93.86104704884987,100.98661951903473,87.2382519096587,13.748367609376032,0.9,88.58000183105469,-5.281045217795182,5.961893326518012,True
mle_gbm,BZ=F,2026-08-20,93.77999877929688,4,2026-08-26,93.88807870127279,102.16568088192183,86.28113908822584,15.884541793695988,0.9,87.83999633789062,-6.048082363382164,6.885339953928557,True
mle_gbm,BZ=F,2026-08-20,93.77999877929688,5,2026-08-27,93.91511813871682,103.21939253458672,85.44953809967171,17.769854434915004,0.9,89.69999694824219,-4.215121190474633,4.699131921829163,True
mle_gbm,BZ=F,2026-08-20,93.77999877929688,6,2026-08-28,93.94216536342402,104.18424943634243,84.70695408293115,19.47729535341128,0.9,89.30999755859375,-4.632167804830274,5.186617323319532,True
mle_gbm,BZ=F,2026-08-20,93.77999877929688,7,2026-08-31,93.9692203776371,105.08191838404521,84.03172033944934,21.050198044595874,0.9,90.48999786376953,-3.479222513867569,3.844869704942919,True
mle_gbm,BZ=F,2026-08-21,94.38999938964844,0,2026-08-21,94.38999938964844,94.38999938964844,94.38999938964844,0.0,0.9,94.38999938964844,0.0,0.0,True
mle_gbm,BZ=F,2026-08-21,94.38999938964844,1,2026-08-24,94.41741896822103,98.49086124382424,90.51244848546361,7.9784127583606335,0.9,92.16999816894531,-2.247420799275716,2.4383431093882084,True
mle_gbm,BZ=F,2026-08-21,94.38999938964844,2,2026-08-25,94.44484651197308,100.25829883380385,88.96848576551626,11.289813068287586,0.9,88.58000183105469,-5.864844680918395,6.620957958551631,False
mle_gbm,BZ=F,2026-08-21,94.38999938964844,3,2026-08-26,94.47228202321854,101.64284641212235,87.8075770771617,13.835269334960657,0.9,87.83999633789062,-6.632285685327915,7.550416623215425,True
mle_gbm,BZ=F,2026-08-21,94.38999938964844,4,2026-08-27,94.49972550427175,102.82960529694962,86.84462120217454,15.984984094775086,0.9,89.69999694824219,-4.799728556029564,5.350868137486176,True
mle_gbm,BZ=F,2026-08-21,94.38999938964844,5,2026-08-28,94.52717695744805,103.89022720819385,86.00796652064653,17.882260687547316,0.9,89.30999755859375,-5.217179398854299,5.84165215706277,True
mle_gbm,BZ=F,2026-08-21,94.38999938964844,6,2026-08-31,94.5546363850631,104.86143714627583,85.26088813221101,19.600549014064825,0.9,90.48999786376953,-4.064638521293574,4.491809721791338,True
mle_gbm,BZ=F,2026-08-21,94.38999938964844,7,2026-09-01,94.58210378943359,105.76503842995858,84.58158281821457,21.18345561174401,0.9,94.6500015258789,0.06789773644531749,0.07173558938269337,True
mle_gbm,BZ=F,2026-08-24,92.16999816894531,0,2026-08-24,92.16999816894531,92.16999816894531,92.16999816894531,0.0,0.9,92.16999816894531,0.0,0.0,True
mle_gbm,BZ=F,2026-08-24,92.16999816894531,1,2026-08-25,92.19587869436616,96.17337895654903,88.38287830218175,7.790500654367278,0.9,88.58000183105469,-3.6158768633114704,4.082046498720892,True
mle_gbm,BZ=F,2026-08-24,92.16999816894531,2,2026-08-26,92.22176648681113,97.89823796623232,86.87443605350148,11.023801912730832,0.9,87.83999633789062,-4.381770148920509,4.9883542026405925,True
mle_gbm,BZ=F,2026-08-24,92.16999816894531,3,2026-08-27,92.24766154832069,99.24919875471056,85.7400479591241,13.509150795586464,0.9,89.69999694824219,-2.5476646000785053,2.8402058938179606,True
mle_gbm,BZ=F,2026-08-24,92.16999816894531,4,2026-08-28,92.27356388093602,100.4070086567155,84.79896677730288,15.608041879412625,0.9,89.30999755859375,-2.963566322342274,3.31829179638927,True
mle_gbm,BZ=F,2026-08-24,92.16999816894531,5,2026-08-31,92.29947348669862,101.44163471976891,83.98122555355039,17.460409166218525,0.9,90.48999786376953,-1.8094756229290851,1.9996415798939529,True
mle_gbm,BZ=F,2026-08-24,92.16999816894531,6,2026-09-01,92.3253903676508,102.38893882382654,83.25096250099551,19.137976322831022,0.9,94.6500015258789,2.324611158228109,2.4560075232460727,True
mle_gbm,BZ=F,2026-08-24,92.16999816894531,7,2026-09-02,92.35131452583536,103.2702120669782,82.58688661468274,20.683325452295463,0.9,95.62999725341797,3.2786827275826056,3.4285086497431854,True
mle_gbm,BZ=F,2026-08-25,88.58000183105469,0,2026-08-25,88.58000183105469,88.58000183105469,88.58000183105469,0.0,0.9,88.58000183105469,0.0,0.0,True
mle_gbm,BZ=F,2026-08-25,88.58000183105469,1,2026-08-26,88.60344776115456,92.42708439340477,84.93799200403892,7.489092389365851,0.9,87.83999633789062,-0.7634514232639305,0.8691387239216088,True
mle_gbm,BZ=F,2026-08-25,88.58000183105469,2,2026-08-27,88.62689989707538,94.08371167048156,83.48658068334493,10.597130987136637,0.9,89.69999694824219,1.0730970511668119,1.1963178234955791,True
mle_gbm,BZ=F,2026-08-25,88.58000183105469,3,2026-08-28,88.65035824045991,95.38086519490868,82.39478641866395,12.986078776244725,0.9,89.30999755859375,0.6596393181338414,0.7385951586227183,True
mle_gbm,BZ=F,2026-08-25,88.58000183105469,4,2026-08-31,88.67382279295103,96.49230820502764,81.488846054011,15.003462151016635,0.9,90.48999786376953,1.8161750708185025,2.007045102987746,True
mle_gbm,BZ=F,2026-08-25,88.58000183105469,5,2026-09-01,88.69729355619235,97.48530536719865,80.70149500542549,16.783810361773163,0.9,94.6500015258789,5.952707969686557,6.289178947407609,True
mle_gbm,BZ=F,2026-08-25,88.58000183105469,6,2026-09-02,88.7207705318277,98.39433400751751,79.99825602925304,18.396077978264472,0.9,95.62999725341797,6.909226721590272,7.224957565648498,True
mle_gbm,BZ=F,2026-08-25,88.58000183105469,7,2026-09-03,88.74425372150132,99.23986354421783,79.35865978974401,19.881203754473816,0.9,95.5199966430664,6.775742921565083,7.093533458637238,True
mle_gbm,BZ=F,2026-08-26,87.83999633789062,0,2026-08-26,87.83999633789062,87.83999633789062,87.83999633789062,0.0,0.9,87.83999633789062,0.0,0.0,True
mle_gbm,BZ=F,2026-08-26,87.83999633789062,1,2026-08-27,87.86294054467946,91.65393044569939,84.22875356918327,7.425176876516119,0.9,89.69999694824219,1.8370564035627268,2.0480005195794235,True
mle_gbm,BZ=F,2026-08-26,87.83999633789062,2,2026-08-28,87.88589074459944,93.29608409630995,82.7894318050715,10.506652291238453,0.9,89.30999755859375,1.4241068139943138,1.594565953335737,True
mle_gbm,BZ=F,2026-08-26,87.83999633789062,3,2026-08-31,87.90884693921616,94.58182269362112,81.70666572176063,12.875156971860491,0.9,90.48999786376953,2.58115092455337,2.852415720507839,True
mle_gbm,BZ=F,2026-08-26,87.83999633789062,4,2026-09-01,87.9318091300953,95.683428478549,80.80817315847882,14.875255320070181,0.9,94.6500015258789,6.718192395783603,7.0979316296648305,True
mle_gbm,BZ=F,2026-08-26,87.83999633789062,5,2026-09-02,87.95477731880328,96.66759307308892,80.02726257341656,16.64033049967236,0.9,95.62999725341797,7.675219934614688,8.025954360612891,True
mle_gbm,BZ=F,2026-08-26,87.83999633789062,6,2026-09-03,87.9777515069066,97.56850020801159,79.32975031602923,18.23874989198235,0.9,95.5199966430664,7.542245136159806,7.895985554043968,True
mle_gbm,BZ=F,2026-08-26,87.83999633789062,7,2026-09-04,88.00073169597248,98.40644506487541,78.69534128502602,19.711103779849395,0.9,96.27999877929688,8.279267083324399,8.599155783438475,True
mle_gbm,BZ=F,2026-08-27,89.69999694824219,0,2026-08-27,89.69999694824219,89.69999694824219,89.69999694824219,0.0,0.9,89.69999694824219,0.0,0.0,True
mle_gbm,BZ=F,2026-08-27,89.69999694824219,1,2026-08-28,89.72417352612104,93.59519033422873,86.01325865354166,7.581931680687077,0.9,89.30999755859375,-0.41417596752728514,0.46375095605120364,True
mle_gbm,BZ=F,2026-08-27,89.69999694824219,2,2026-08-31,89.74835662024219,95.27280037992358,84.54425065615597,10.728549723767614,0.9,90.48999786376953,0.7416412435273401,0.8195836678478684,True
mle_gbm,BZ=F,2026-08-27,89.69999694824219,3,2026-09-01,89.772546232362,96.58649274807473,83.43930737874541,13.147185369329321,0.9,94.6500015258789,4.877455293516903,5.15314866865937,True
mle_gbm,BZ=F,2026-08-27,89.69999694824219,4,2026-09-02,89.79674236423715,97.71218210471105,82.5225142407337,15.189667863977348,0.9,95.62999725341797,5.833254889180822,6.09981706234163,True
mle_gbm,BZ=F,2026-08-27,89.69999694824219,5,2026-09-03,89.82094501762504,98.71796560139754,81.72577417605339,16.992191425344146,0.9,95.5199966430664,5.699051625441371,5.966344038659525,True
mle_gbm,BZ=F,2026-08-27,89.69999694824219,6,2026-09-04,89.84515419428334,99.6387470971044,81.01418341127588,18.62456368582852,0.9,96.27999877929688,6.434844585013536,6.683469740962672,True
mle_gbm,BZ=F,2026-08-27,89.69999694824219,7,2026-09-07,89.86936989597022,100.495249148293,80.36701947552616,20.128229672766835,0.9,,,,
mle_gbm,BZ=F,2026-08-28,89.30999755859375,0,2026-08-28,89.30999755859375,89.30999755859375,89.30999755859375,0.0,0.9,89.30999755859375,0.0,0.0,True
mle_gbm,BZ=F,2026-08-28,89.30999755859375,1,2026-08-31,89.33390289183994,93.18731662118238,85.63983270739048,7.547483913791893,0.9,90.48999786376953,1.1560949719295905,1.2775942084450738,True
mle_gbm,BZ=F,2026-08-28,89.30999755859375,2,2026-09-01,89.3578146237533,94.8571167628843,84.17733225323329,10.679784509651014,0.9,94.6500015258789,5.292186902125607,5.591322574547063,True
mle_gbm,BZ=F,2026-08-28,89.30999755859375,3,2026-09-02,89.3817327560467,96.16464748902845,83.0772467749631,13.087400714065353,0.9,95.62999725341797,6.248264497371267,6.533791359225353,True
mle_gbm,BZ=F,2026-08-28,89.30999755859375,4,2026-09-03,89.40565729043318,97.28502532361365,82.16445983279387,15.120565490819786,0.9,95.5199966430664,6.114339352633223,6.401109262473001,True
mle_gbm,BZ=F,2026-08-28,89.30999755859375,5,2026-09-04,89.42958822862651,98.28603859892338,81.3711831786992,16.914855420224185,0.9,96.27999877929688,6.850410550670361,7.1150920622398335,True
mle_gbm,BZ=F,2026-08-28,89.30999755859375,6,2026-09-07,89.45352557234071,99.2024329558678,80.66267125606923,18.539761699798575,0.9,,,,
mle_gbm,BZ=F,2026-08-28,89.30999755859375,7,2026-09-08,89.47746932329022,100.0548370569894,80.01829548670544,20.03654157028396,0.9,97.91999816894531,8.44252884565509,8.621863769940902,True
mle_gbm,BZ=F,2026-08-31,90.48999786376953,0,2026-08-31,90.48999786376953,90.48999786376953,90.48999786376953,0.0,0.9,90.48999786376953,0.0,0.0,True
mle_gbm,BZ=F,2026-08-31,90.48999786376953,1,2026-09-01,90.51468664473535,94.41843321172982,86.77234115951002,7.6460920522197995,0.9,94.6500015258789,4.135314881143557,4.369059497598521,False
mle_gbm,BZ=F,2026-08-31,90.48999786376953,2,2026-09-02,90.53938216164897,96.11053686089794,85.2911656718482,10.819371189049733,0.9,95.62999725341797,5.090615091768996,5.323240863720771,True
mle_gbm,BZ=F,2026-08-31,90.48999786376953,3,2026-09-03,90.56408441634822,97.43565148619629,84.17712881340363,13.258522672792665,0.9,95.5199966430664,4.955912226718183,5.1883505034418596,True
mle_gbm,BZ=F,2026-08-31,90.48999786376953,4,2026-09-04,90.58879341067141,98.57117862768713,83.25282913170193,15.318349495985203,0.9,96.27999877929688,5.691205368625461,5.911098297447468,True
mle_gbm,BZ=F,2026-08-31,90.48999786376953,5,2026-09-07,90.61350914645735,99.58579078166626,82.44959421808115,17.136196563585116,0.9,,,,
mle_gbm,BZ=F,2026-08-31,90.48999786376953,6,2026-09-08,90.63823162554532,100.51468659397372,81.73222551438116,18.782461079592565,0.9,97.91999816894531,7.281766543399996,7.436444729948291,True
mle_gbm,BZ=F,2026-08-31,90.48999786376953,7,2026-09-09,90.66296084977513,101.37876357242163,81.07982560051568,20.298937971905957,0.9,101.20999908447266,10.547038234697524,10.420944896852212,True
mle_gbm,BZ=F,2026-09-01,94.6500015258789,0,2026-09-01,94.6500015258789,94.6500015258789,94.6500015258789,0.0,0.9,94.6500015258789,0.0,0.0,True
mle_gbm,BZ=F,2026-09-01,94.6500015258789,1,2026-09-02,94.67752391897949,98.76250398067297,90.76150537032845,8.000998610344524,0.9,95.62999725341797,0.9524733344384799,0.9959984960727759,True
mle_gbm,BZ=F,2026-09-01,94.6500015258789,2,2026-09-03,94.70505431506065,100.53497850961645,89.21320167150255,11.321776838113905,0.9,95.5199966430664,0.8149423280057562,0.8531641087164036,True
mle_gbm,BZ=F,2026-09-01,94.6500015258789,3,2026-09-04,94.73259271644946,101.92348003899383,88.04903560344805,13.874444435545783,0.9,96.27999877929688,1.5474060628474149,1.6071936876469448,True
mle_gbm,BZ=F,2026-09-01,94.6500015258789,4,2026-09-07,94.76013912547374,103.11363368647108,87.08338214888536,16.030251537585713,0.9,,,,
mle_gbm,BZ=F,2026-09-01,94.6500015258789,5,2026-09-08,94.78769354446194,104.17729390613965,86.24438695416451,17.93290695197514,0.9,97.91999816894531,3.1323046244833677,3.198840566846291,True
mle_gbm,BZ=F,2026-09-01,94.6500015258789,6,2026-09-09,94.81525597574321,105.151289597014,85.49522122076759,19.65606837624641,0.9,101.20999908447266,6.394743108729443,6.31829183536719,True
mle_gbm,BZ=F,2026-09-01,94.6500015258789,7,2026-09-10,94.84282642164737,106.05748575428004,84.8140200540604,21.24346570021963,0.9,107.62999725341797,12.787170831770595,11.880675609108145,False
mle_gbm,BZ=F,2026-09-02,95.62999725341797,0,2026-09-02,95.62999725341797,95.62999725341797,95.62999725341797,0.0,0.9,95.62999725341797,0.0,0.0,True
mle_gbm,BZ=F,2026-09-02,95.62999725341797,1,2026-09-03,95.65818900563917,99.78476345721495,91.7022680297486,8.082495427466355,0.9,95.5199966430664,-0.13819236257276657,0.14467375149640738,True
mle_gbm,BZ=F,2026-09-02,95.62999725341797,2,2026-09-04,95.68638906879751,101.57568989884071,90.13854655718946,11.43714334165125,0.9,96.27999877929688,0.593609710499365,0.6165451994449018,True
mle_gbm,BZ=F,2026-09-02,95.62999725341797,3,2026-09-07,95.71459744534303,102.97874325051536,88.9628662668518,14.01587698366356,0.9,,,,
mle_gbm,BZ=F,2026-09-02,95.62999725341797,4,2026-09-08,95.7428141377266,104.1814370214038,87.98771375295955,16.193723268444245,0.9,97.91999816894531,2.177184031218715,2.223431446007926,True
mle_gbm,BZ=F,2026-09-02,95.62999725341797,5,2026-09-09,95.77103914839957,105.2563563456974,87.14050398476682,18.115852360930575,0.9,101.20999908447266,5.43895993607309,5.373935367328266,True
mle_gbm,BZ=F,2026-09-02,95.62999725341797,6,2026-09-10,95.79927247981423,106.24070448246746,86.38403380670566,19.856670675761805,0.9,107.62999725341797,11.830724773603734,10.99203296061408,False
mle_gbm,BZ=F,2026-09-02,95.62999725341797,7,2026-09-11,95.8275141344236,107.15656859481793,85.6962161592326,21.46035243558532,0.9,104.61000061035156,8.782486475927968,8.395455907357013,True
mle_gbm,BZ=F,2026-09-03,95.5199966430664,0,2026-09-03,95.5199966430664,95.5199966430664,95.5199966430664,0.0,0.9,95.5199966430664,0.0,0.0,True
mle_gbm,BZ=F,2026-09-03,95.5199966430664,1,2026-09-04,95.54810053643045,99.66908390658277,91.5975060498861,8.071577856696663,0.9,96.27999877929688,0.7318982428664214,0.7601768302304982,True
mle_gbm,BZ=F,2026-09-03,95.5199966430664,2,2026-09-07,95.57621269852206,101.4575202583922,90.0358338201897,11.4216864382025,0.9,,,,
mle_gbm,BZ=F,2026-09-03,95.5199966430664,3,2026-09-08,95.60433313177388,102.85860549133355,88.86168026399419,13.99692522733936,0.9,97.91999816894531,2.315665037171428,2.364854044600897,True
mle_gbm,BZ=F,2026-09-03,95.5199966430664,4,2026-09-09,95.63246183861958,104.05960024714341,87.88778484247626,16.171815404667143,0.9,101.20999908447266,5.57753724585308,5.510855939439257,True
mle_gbm,BZ=F,2026-09-03,95.5199966430664,5,2026-09-10,95.66059882149347,105.1329918313808,87.04166035304704,18.09133147833377,0.9,107.62999725341797,11.969398431924503,11.120875905759066,False
mle_gbm,BZ=F,2026-09-03,95.5199966430664,6,2026-09-11,95.68874408283035,106.11593338797165,86.28615375480722,19.829779633164435,0.9,104.61000061035156,8.921256527521209,8.52811057783171,True
mle_gbm,BZ=F,2026-09-03,95.5199966430664,7,2026-09-14,95.71689762506611,107.03048234262663,85.59920772513028,21.431274617496342,0.9,105.68000030517578,9.963102680109671,9.427614166671912,True
mle_gbm,BZ=F,2026-09-04,96.27999877929688,0,2026-09-04,96.27999877929688,96.27999877929688,96.27999877929688,0.0,0.9,96.27999877929688,0.0,0.0,True
mle_gbm,BZ=F,2026-09-04,96.27999877929688,1,2026-09-07,96.30862107052869,100.46162991591764,92.32729451303724,8.134335402880396,0.9,,,,
mle_gbm,BZ=F,2026-09-04,96.27999877929688,2,2026-09-08,96.33725187064668,102.26427344861139,90.7537479611795,11.510525487431892,0.9,97.91999816894531,1.5827462982986304,1.6163667564289113,True
mle_gbm,BZ=F,2026-09-04,96.27999877929688,3,2026-09-09,96.36589118218046,103.67656249940629,89.57072610686744,14.105836392538848,0.9,101.20999908447266,4.844107902292194,4.786194986771186,True
mle_gbm,BZ=F,2026-09-04,96.27999877929688,4,2026-09-10,96.39453900766027,104.8872118995712,88.58951422406268,16.297697675508516,0.9,107.62999725341797,11.235458245757698,10.43896546731622,False
mle_gbm,BZ=F,2026-09-04,96.27999877929688,5,2026-09-11,96.42319534961719,105.96927162952188,87.73706243763851,18.23220919188337,0.9,104.61000061035156,8.186805260734374,7.826025440175992,True
mle_gbm,BZ=F,2026-09-04,96.27999877929688,6,2026-09-14,96.45186021058299,106.96018311744692,86.97592942475413,19.98425369269279,0.9,105.68000030517578,9.228140094592789,8.732153735753567,True
mle_gbm,BZ=F,2026-09-04,96.27999877929688,7,2026-09-15,96.48053359309021,107.88217487485487,86.28388677930732,21.598288095547545,0.9,108.75,12.269466406909785,11.282267960376814,False
mle_gbm,BZ=F,2026-09-08,97.91999816894531,0,2026-09-08,97.91999816894531,97.91999816894531,97.91999816894531,0.0,0.9,97.91999816894531,0.0,0.0,True
mle_gbm,BZ=F,2026-09-08,97.91999816894531,1,2026-09-09,97.94975967466148,102.17303396475369,93.9010524404473,8.271981524306383,0.9,101.20999908447266,3.2602394098111773,3.221262167081033,True
mle_gbm,BZ=F,2026-09-08,97.91999816894531,2,2026-09-10,97.97953022599891,104.00686590822131,92.30148663241853,11.705379275802784,0.9,107.62999725341797,9.650467027419054,8.966335848450083,False
mle_gbm,BZ=F,2026-09-08,97.91999816894531,3,2026-09-11,98.00930982570698,105.4437568581095,91.09903799650756,14.344718861601933,0.9,104.61000061035156,6.600690784644584,6.309808571009051,True
mle_gbm,BZ=F,2026-09-08,97.91999816894531,4,2026-09-14,98.03909847653578,106.67561095622163,90.10180250138329,16.573808454838343,0.9,105.68000030517578,7.640901828639997,7.2302250251467655,True
mle_gbm,BZ=F,2026-09-08,97.91999816894531,5,2026-09-15,98.0688961812363,107.77671221332055,89.23549624681758,18.541215966502975,0.9,108.75,10.681103818763702,9.82170466093214,False
mle_gbm,BZ=F,2026-09-08,97.91999816894531,6,2026-09-16,98.09870294256044,108.7851342978891,88.462045674925,20.323088622964107,0.9,105.83000183105469,7.731298888494251,7.3053942688542834,True
mle_gbm,BZ=F,2026-09-08,97.91999816894531,7,2026-09-17,98.12851876326064,109.72348092613416,87.75884718015807,21.964633745976087,0.9,104.81999969482422,6.691480931563575,6.383782628358456,True
mle_gbm,BZ=F,2026-09-09,101.20999908447266,0,2026-09-09,101.20999908447266,101.20999908447266,101.20999908447266,0.0,0.9,101.20999908447266,0.0,0.0,True
mle_gbm,BZ=F,2026-09-09,101.20999908447266,1,2026-09-10,101.24208917407495,105.60787820596488,97.05678018017801,8.551098025786871,0.9,107.62999725341797,6.3879080793430205,5.935062940030096,False
mle_gbm,BZ=F,2026-09-09,101.20999908447266,2,2026-09-11,101.2741894383029,107.50500679454886,95.4045002386375,12.100506555911366,0.9,104.61000061035156,3.3358111720486647,3.1888071432804996,True
mle_gbm,BZ=F,2026-09-09,101.20999908447266,3,2026-09-14,101.30629988038248,108.99183987301882,94.1627043585178,14.829135514501019,0.9,105.68000030517578,4.373700424793299,4.138626430888733,True
mle_gbm,BZ=F,2026-09-09,101.20999908447266,4,2026-09-15,101.33842050354065,110.26674849768489,93.13302160504027,17.133726892644617,0.9,108.75,7.411579496459353,6.815245513985612,True
mle_gbm,BZ=F,2026-09-09,101.20999908447266,5,2026-09-16,101.37055131100566,111.4065188622507,92.23866590610412,19.16785295614659,0.9,105.83000183105469,4.459450520049032,4.213786679478686,True
mle_gbm,BZ=F,2026-09-09,101.20999908447266,6,2026-09-17,101.40269230600646,112.45050657804464,91.44028177205406,21.010224805990575,0.9,104.81999969482422,3.417307388817761,3.260167333301853,True
mle_gbm,BZ=F,2026-09-09,101.20999908447266,7,2026-09-18,101.4348434917732,113.42207612221836,90.71450484748264,22.707571274735713,0.9,103.87000274658203,2.4351592548088377,2.3444297587533947,True
mle_gbm,BZ=F,2026-09-10,107.62999725341797,0,2026-09-10,107.62999725341797,107.62999725341797,107.62999725341797,0.0,0.9,107.62999725341797,0.0,0.0,True
mle_gbm,BZ=F,2026-09-10,107.62999725341797,1,2026-09-11,107.66676211515596,112.314041039543,103.2117761685761,9.102264870966906,0.9,104.61000061035156,-3.056761504804399,2.9220547624219404,True
mle_gbm,BZ=F,2026-09-10,107.62999725341797,2,2026-09-14,107.7035395352429,114.33631475413904,101.4555388929894,12.880775861149644,0.9,105.68000030517578,-2.023539230067115,1.9147797352608544,True
mle_gbm,BZ=F,2026-09-10,107.62999725341797,3,2026-09-15,107.7403295179685,115.92192649185634,100.13617747679434,15.785749015061995,0.9,108.75,1.0096704820314955,0.9284326271553981,True
mle_gbm,BZ=F,2026-09-10,107.62999725341797,4,2026-09-16,107.77713206762398,117.28201648614612,99.04255183141557,18.239464654730554,0.9,105.83000183105469,-1.9471302365692935,1.8398660142495895,True
mle_gbm,BZ=F,2026-09-10,107.62999725341797,5,2026-09-17,107.81394718850213,118.49831146885562,98.0929353699708,20.405376098884815,0.9,104.81999969482422,-2.993947493677908,2.856275045215195,True
mle_gbm,BZ=F,2026-09-10,107.62999725341797,6,2026-09-18,107.85077488489688,119.61269817769373,97.24544149980461,22.367256677889117,0.9,103.87000274658203,-3.9807721383148476,3.8324559863803795,True
mle_gbm,BZ=F,2026-09-10,107.62999725341797,7,2026-09-21,107.88761516110395,120.65004313716517,96.47520384155544,24.17483929560973,0.9,100.33999633789062,-7.547618823213327,7.52204414857366,True
mle_gbm,BZ=F,2026-09-11,104.61000061035156,0,2026-09-11,104.61000061035156,104.61000061035156,104.61000061035156,0.0,0.9,104.61000061035156,0.0,0.0,True
mle_gbm,BZ=F,2026-09-11,104.61000061035156,1,2026-09-14,104.64452685033734,109.16159215221411,100.31437599830635,8.847216153907766,0.9,105.68000030517578,1.0354734548384386,0.9798196932705016,True
mle_gbm,BZ=F,2026-09-11,104.61000061035156,2,2026-09-15,104.67906448561268,111.1259223974731,98.60621451032586,12.519707887147248,0.9,108.75,4.070935514387315,3.7433889787469568,True
mle_gbm,BZ=F,2026-09-11,104.61000061035156,3,2026-09-16,104.71361351993856,112.66579064517158,97.32271698102154,15.34307366415004,0.9,105.83000183105469,1.1163883111161255,1.0548883036951184,True
mle_gbm,BZ=F,2026-09-11,104.61000061035156,4,2026-09-17,104.7481739570772,113.9864284694818,96.25865196995576,17.72777649952603,0.9,104.81999969482422,0.0718257377470195,0.0685229326045935,True
mle_gbm,BZ=F,2026-09-11,104.61000061035156,5,2026-09-18,104.78274580079207,115.16727650012483,95.33457898122222,19.832697518902606,0.9,103.87000274658203,-0.9127430542100399,0.8787359488541795,True
mle_gbm,BZ=F,2026-09-11,104.61000061035156,6,2026-09-21,104.81732905484789,116.24905027554652,94.50978261027008,21.739267665276444,0.9,100.33999633789062,-4.477332716957264,4.462161531160554,True
mle_gbm,BZ=F,2026-09-11,104.61000061035156,7,2026-09-22,104.8519237230106,117.255921301852,93.76009148496954,23.495829816882463,0.9,99.25,-5.6019237230106,5.644255640312947,True
mle_gbm,BZ=F,2026-09-14,105.68000030517578,0,2026-09-14,105.68000030517578,105.68000030517578,105.68000030517578,0.0,0.9,105.68000030517578,0.0,0.0,True
mle_gbm,BZ=F,2026-09-14,105.68000030517578,1,2026-09-15,105.71529639903619,110.27778639901348,101.34156893845713,8.93621746055635,0.9,108.75,3.034703600963809,2.790532046863272,True
mle_gbm,BZ=F,2026-09-14,105.68000030517578,2,2026-09-16,105.75060428144913,112.26230911975127,99.61660679865788,12.645702321093381,0.9,105.83000183105469,0.07939754960555945,0.0750236683660919,True
mle_gbm,BZ=F,2026-09-14,105.68000030517578,3,2026-09-17,105.78592395635201,113.81811178690059,98.3205707036429,15.497541083257687,0.9,104.81999969482422,-0.965924261527789,0.9215075981110541,True
mle_gbm,BZ=F,2026-09-14,105.68000030517578,4,2026-09-18,105.82125542768333,115.15248801423554,97.24616717709692,17.906320837138622,0.9,103.87000274658203,-1.9512526811012947,1.8785526422502217,True
mle_gbm,BZ=F,2026-09-14,105.68000030517578,5,2026-09-21,105.85659869938299,116.34567627067158,96.3131578876466,20.03251838302498,0.9,100.33999633789062,-5.51660236149236,5.497909669953982,True
mle_gbm,BZ=F,2026-09-14,105.68000030517578,6,2026-09-22,105.89195377539207,117.43880084830113,95.4804186808246,21.95838216747653,0.9,99.25,-6.641953775392068,6.692144861855988,True
mle_gbm,BZ=F,2026-09-14,105.68000030517578,7,2026-09-23,105.9273206596533,118.4562758237379,94.72353561772603,23.73274020601187,0.9,96.30000305175781,-9.627317607895492,9.997214229288396,True
