method,ticker,as_of_date,as_of_price,step_ahead,forecast_date,predicted_price,upper_corridor,lower_corridor,corridor_width,confidence_level,actual_price,prediction_error,abs_pct_error,within_corridor
james_stein,BZ=F,2025-09-11,66.37000274658203,0,2025-09-11,66.37000274658203,66.37000274658203,66.37000274658203,0.0,0.9,66.37000274658203,0.0,0.0,True
james_stein,BZ=F,2025-09-11,66.37000274658203,1,2025-09-12,66.32903336757884,69.05668055288453,63.70912462420144,5.347555928683086,0.9,66.98999786376953,0.6609644961906866,0.9866614677833252,True
james_stein,BZ=F,2025-09-11,66.37000274658203,2,2025-09-15,66.28808927846487,70.17575756506832,62.61579400999588,7.559963555072443,0.9,67.44000244140625,1.1519131629413835,1.7080562295978527,True
james_stein,BZ=F,2025-09-11,66.37000274658203,3,2025-09-16,66.24717046362895,71.03653009586043,61.78071463393251,9.255815461927916,0.9,68.47000122070312,2.2228307570741777,3.246430140857169,True
james_stein,BZ=F,2025-09-11,66.37000274658203,4,2025-09-17,66.2062769074696,71.76343643023726,61.07944825370245,10.683988176534811,0.9,67.94999694824219,1.7437200407725868,2.5661811907081997,True
james_stein,BZ=F,2025-09-11,66.37000274658203,5,2025-09-18,66.16540859439496,72.40469501087654,60.46377646926898,11.940918541607559,0.9,67.44000244140625,1.274593847011289,1.8899670831398496,True
james_stein,BZ=F,2025-09-11,66.37000274658203,6,2025-09-19,66.12456550882277,72.98504419891958,59.90896096210518,13.076083236814398,0.9,66.68000030517578,0.555434796353012,0.832985593597693,True
james_stein,BZ=F,2025-09-11,66.37000274658203,7,2025-09-22,66.08374763518043,73.51918498538782,59.40030078377749,14.118884201610335,0.9,66.56999969482422,0.4862520596437889,0.7304372267882026,True
james_stein,BZ=F,2025-09-12,66.98999786376953,0,2025-09-12,66.98999786376953,66.98999786376953,66.98999786376953,0.0,0.9,66.98999786376953,0.0,0.0,True
james_stein,BZ=F,2025-09-12,66.98999786376953,1,2025-09-15,66.95088167433055,69.70356354741772,64.30690668951125,5.396656857906464,0.9,67.44000244140625,0.48912076707570407,0.7252680150785371,True
james_stein,BZ=F,2025-09-12,66.98999786376953,2,2025-09-16,66.91178832526062,70.83526277975501,63.205630094225896,7.629632685529117,0.9,68.47000122070312,1.5582128954425087,2.2757599936647224,True
james_stein,BZ=F,2025-09-12,66.98999786376953,3,2025-09-17,66.87271780322304,71.70634372863009,62.36491994785659,9.341423780773496,0.9,67.94999694824219,1.0772791450191477,1.5853998431224596,True
james_stein,BZ=F,2025-09-12,66.98999786376953,4,2025-09-18,66.83367009488892,72.44237377267706,61.65920890953963,10.78316486313743,0.9,67.44000244140625,0.606332346517334,0.8990692831663707,True
james_stein,BZ=F,2025-09-12,66.98999786376953,5,2025-09-19,66.79464518693696,73.09200708220024,61.03984284671935,12.052164235480888,0.9,66.68000030517578,-0.11464488176117982,0.17193293526766967,True
james_stein,BZ=F,2025-09-12,66.98999786376953,6,2025-09-22,66.75564306605382,73.68020468886459,60.48186076545835,13.198343923406242,0.9,66.56999969482422,-0.1856433712296024,0.2788694187781949,True
james_stein,BZ=F,2025-09-12,66.98999786376953,7,2025-09-23,66.7166637189339,74.22179939278807,59.97042990334473,14.251369489443341,0.9,67.62999725341797,0.9133335344840674,1.3504858370194717,True
james_stein,BZ=F,2025-09-15,67.44000244140625,0,2025-09-15,67.44000244140625,67.44000244140625,67.44000244140625,0.0,0.9,67.44000244140625,0.0,0.0,True
james_stein,BZ=F,2025-09-15,67.44000244140625,1,2025-09-16,67.4004375279874,70.17101934951505,64.7392473570434,5.431771992471653,0.9,68.47000122070312,1.0695636927157182,1.5620909502661386,True
james_stein,BZ=F,2025-09-15,67.44000244140625,2,2025-09-17,67.3608958260501,71.30986577097977,63.63061039913707,7.6792553718427,0.9,67.94999694824219,0.5891011221920905,0.8669626911695251,True
james_stein,BZ=F,2025-09-15,67.44000244140625,3,2025-09-18,67.32137732197693,72.18639308905806,62.78424022289834,9.402152866159717,0.9,67.44000244140625,0.11862511942932485,0.17589726443499118,True
james_stein,BZ=F,2025-09-15,67.44000244140625,4,2025-09-19,67.28188200215844,72.92698689879956,62.07375127172417,10.853235627075385,0.9,66.68000030517578,-0.6018816969826588,0.902642012939433,True
james_stein,BZ=F,2025-09-15,67.44000244140625,5,2025-09-22,67.24240985299315,73.58061856333508,61.4501722209084,12.13044634242668,0.9,66.56999969482422,-0.6724101581689297,1.0100798576707959,True
james_stein,BZ=F,2025-09-15,67.44000244140625,6,2025-09-23,67.20296086088759,74.1724119198686,60.88837927164968,13.284032648218911,0.9,67.62999725341797,0.4270363925303826,0.6314304448811736,True
james_stein,BZ=F,2025-09-15,67.44000244140625,7,2025-09-24,67.16353501225623,74.71729655845874,60.373442872270054,14.343853686188687,0.9,69.30999755859375,2.146462546337517,3.0969017774426066,True
james_stein,BZ=F,2025-09-16,68.47000122070312,0,2025-09-16,68.47000122070312,68.47000122070312,68.47000122070312,0.0,0.9,68.47000122070312,0.0,0.0,True
james_stein,BZ=F,2025-09-16,68.47000122070312,1,2025-09-17,68.43190502041968,71.24448789282269,65.73035701749366,5.51413087532903,0.9,67.94999694824219,-0.48190807217748954,0.709209851097655,True
james_stein,BZ=F,2025-09-16,68.47000122070312,2,2025-09-18,68.39383001657924,72.4027816833952,64.60685453760016,7.795927145795048,0.9,67.44000244140625,-0.9538275751729941,1.4143350246787225,True
james_stein,BZ=F,2025-09-16,68.47000122070312,3,2025-09-19,68.35577619738817,73.29483282716336,63.749543580591485,9.545289246571876,0.9,66.68000030517578,-1.6757758922123855,2.513161194575324,True
james_stein,BZ=F,2025-09-16,68.47000122070312,4,2025-09-22,68.31774355105959,74.04893072455158,63.030134780337285,11.018795944214297,0.9,66.56999969482422,-1.747743856235374,2.6254226592271714,True
james_stein,BZ=F,2025-09-16,68.47000122070312,5,2025-09-23,68.279732065813,74.71478276450806,62.39892078216507,12.315861982342987,0.9,67.62999725341797,-0.6497348123950246,0.9607198562501605,True
james_stein,BZ=F,2025-09-16,68.47000122070312,6,2025-09-24,68.24174172987453,75.31788957456088,61.830400992804904,13.487488581755976,0.9,69.30999755859375,1.0682558287192165,1.5412723508122002,True
james_stein,BZ=F,2025-09-16,68.47000122070312,7,2025-09-25,68.20377253147697,75.87340417183941,61.309422429367714,14.563981742471697,0.9,69.41999816894531,1.216225637468341,1.7519816616941561,True
james_stein,BZ=F,2025-09-17,67.94999694824219,0,2025-09-17,67.94999694824219,67.94999694824219,67.94999694824219,0.0,0.9,67.94999694824219,0.0,0.0,True
james_stein,BZ=F,2025-09-17,67.94999694824219,1,2025-09-18,67.90906827174271,70.69959439683814,65.22868473121618,5.47090966562196,0.9,67.44000244140625,-0.46906583033646143,0.6955305654741025,True
james_stein,BZ=F,2025-09-17,67.94999694824219,2,2025-09-19,67.86816424802666,71.84548747924107,64.11102325289392,7.734464226347157,0.9,66.68000030517578,-1.1881639428508777,1.7818895282138307,True
james_stein,BZ=F,2025-09-17,67.94999694824219,3,2025-09-22,67.8272848622448,72.7271434015937,63.25754534837525,9.46959805321844,0.9,66.56999969482422,-1.2572851674205765,1.8886663259491194,True
james_stein,BZ=F,2025-09-17,67.94999694824219,4,2025-09-23,67.78643009955687,73.47186492256183,62.54094830021212,10.930916622349713,0.9,67.62999725341797,-0.15643284613889819,0.2313068941178941,True
james_stein,BZ=F,2025-09-17,67.94999694824219,5,2025-09-24,67.74559994513147,74.1289796452383,61.911904546504886,12.217075098733417,0.9,69.30999755859375,1.5643976134622761,2.257102392969723,True
james_stein,BZ=F,2025-09-17,67.94999694824219,6,2025-09-25,67.70479438414617,74.72379459325838,61.345107104786614,13.378687488471762,0.9,69.41999816894531,1.7152037847991437,2.4707632239126616,True
james_stein,BZ=F,2025-09-17,67.94999694824219,7,2025-09-26,67.66401340178754,75.27134846198818,60.8255173208352,14.44583114115298,0.9,70.12999725341797,2.465983851630426,3.516303932993866,True
james_stein,BZ=F,2025-09-18,67.44000244140625,0,2025-09-18,67.44000244140625,67.44000244140625,67.44000244140625,0.0,0.9,67.44000244140625,0.0,0.0,True
james_stein,BZ=F,2025-09-18,67.44000244140625,1,2025-09-19,67.39863520636068,70.16762179765226,64.73891962278351,5.4287021748687465,0.9,66.68000030517578,-0.7186349011848989,1.0777367994839642,True
james_stein,BZ=F,2025-09-18,67.44000244140625,2,2025-09-22,67.35729334569346,71.30386603165412,63.62915812788714,7.674707903766986,0.9,66.56999969482422,-0.7872936508692447,1.1826553319489597,True
james_stein,BZ=F,2025-09-18,67.44000244140625,3,2025-09-23,67.31597684384002,72.17789214025206,62.781561002573525,9.39633113767853,0.9,67.62999725341797,0.3140204095779495,0.464321192268094,True
james_stein,BZ=F,2025-09-18,67.44000244140625,4,2025-09-24,67.2746856852455,72.91602530940226,62.06980310355699,10.846222205845265,0.9,69.30999755859375,2.035311873348249,2.9365343313244576,True
james_stein,BZ=F,2025-09-18,67.44000244140625,5,2025-09-25,67.23341985436458,73.56721495204802,61.44493506053848,12.122279891509542,0.9,69.41999816894531,2.1865783145807285,3.149781579162996,True
james_stein,BZ=F,2025-09-18,67.44000244140625,6,2025-09-26,67.1921793356613,74.15657436191867,60.881843622406194,13.274730739512478,0.9,70.12999725341797,2.937817917756675,4.189103141043532,True
james_stein,BZ=F,2025-09-18,67.44000244140625,7,2025-09-29,67.15096411360939,74.69902728429606,60.36560508646989,14.333422197826174,0.9,67.97000122070312,0.8190371070937346,1.2049979290632444,True
james_stein,BZ=F,2025-09-19,66.68000030517578,0,2025-09-19,66.68000030517578,66.68000030517578,66.68000030517578,0.0,0.9,66.68000030517578,0.0,0.0,True
james_stein,BZ=F,2025-09-19,66.68000030517578,1,2025-09-22,66.6350074051198,69.37213871010181,64.00587172950736,5.366266980594446,0.9,66.56999969482422,-0.06500771029557484,0.09765316297669918,True
james_stein,BZ=F,2025-09-19,66.68000030517578,2,2025-09-23,66.59004486440764,70.49096969056387,62.90499470370319,7.585974986860684,0.9,67.62999725341797,1.039952389010324,1.537708755352294,True
james_stein,BZ=F,2025-09-19,66.68000030517578,3,2025-09-24,66.54511266255409,71.35049232064229,62.0633702059388,9.287122114703486,0.9,69.30999755859375,2.7648848960396606,3.9891573992659053,True
james_stein,BZ=F,2025-09-19,66.68000030517578,4,2025-09-25,66.50021077908772,72.07560371826199,61.35610117050758,10.71950254775441,0.9,69.41999816894531,2.9197873898575892,4.205974455302912,True
james_stein,BZ=F,2025-09-19,66.68000030517578,5,2025-09-26,66.45533919355097,72.71470321836114,60.734788314652036,11.979914903709101,0.9,70.12999725341797,3.6746580598669993,5.23978069839138,True
james_stein,BZ=F,2025-09-19,66.68000030517578,6,2025-09-29,66.41049788550002,73.29262351601167,60.17459899544335,13.118024520568326,0.9,67.97000122070312,1.5595033352031038,2.294399451515813,True
james_stein,BZ=F,2025-09-19,66.68000030517578,7,2025-09-30,66.3656868345049,73.82412255662786,59.66077531957276,14.163347237055099,0.9,67.0199966430664,0.6543098085615071,0.976290422761755,True
james_stein,BZ=F,2025-09-22,66.56999969482422,0,2025-09-22,66.56999969482422,66.56999969482422,66.56999969482422,0.0,0.9,66.56999969482422,0.0,0.0,True
james_stein,BZ=F,2025-09-22,66.56999969482422,1,2025-09-23,66.52453948660015,69.25651859753611,63.90032943500664,5.356189162529475,0.9,67.62999725341797,1.1054577668178212,1.6345672212221658,True
james_stein,BZ=F,2025-09-22,66.56999969482422,2,2025-09-24,66.47911032284864,70.37265334116616,62.8009873081225,7.571666033043655,0.9,69.30999755859375,2.8308872357451094,4.0843851326814935,True
james_stein,BZ=F,2025-09-22,66.56999969482422,3,2025-09-25,66.43371218236973,71.22995256297922,61.96042473042111,9.269527832558111,0.9,69.41999816894531,2.986285986575581,4.301766155781146,True
james_stein,BZ=F,2025-09-22,66.56999969482422,4,2025-09-26,66.38834504397772,71.95308214919869,61.25397586915357,10.699106280045122,0.9,70.12999725341797,3.7416522094402467,5.335309219989863,True
james_stein,BZ=F,2025-09-22,66.56999969482422,5,2025-09-29,66.34300888650161,72.59035226942993,60.63333060815021,11.957021661279718,0.9,67.97000122070312,1.6269923342015176,2.393691783112619,True
james_stein,BZ=F,2025-09-22,66.56999969482422,6,2025-09-30,66.29770368878468,73.16655008681623,60.07370183766381,13.092848249152418,0.9,67.0199966430664,0.7222929542817269,1.0777275297826385,True
james_stein,BZ=F,2025-09-22,66.56999969482422,7,2025-10-01,66.25242942968464,73.69640661461175,59.560358597797126,14.13604801681462,0.9,65.3499984741211,-0.9024309555635455,1.380919627597103,True
james_stein,BZ=F,2025-09-23,67.62999725341797,0,2025-09-23,67.62999725341797,67.62999725341797,67.62999725341797,0.0,0.9,67.62999725341797,0.0,0.0,True
james_stein,BZ=F,2025-09-23,67.62999725341797,1,2025-09-24,67.5852196639719,70.36038658798962,64.91951136901571,5.440875218973915,0.9,69.30999755859375,1.7247778946218517,2.488497987846194,True
james_stein,BZ=F,2025-09-23,67.62999725341797,2,2025-09-25,67.54047172161444,71.49564276297812,63.804102517144536,7.691540245833586,0.9,69.41999816894531,1.8795264473308748,2.7074711854021216,True
james_stein,BZ=F,2025-09-23,67.62999725341797,3,2025-09-26,67.49575340671622,72.3680071626474,62.95152936436872,9.416477798278684,0.9,70.12999725341797,2.63424384670175,3.756229787351608,True
james_stein,BZ=F,2025-09-23,67.62999725341797,4,2025-09-29,67.45106469966112,73.10410827128824,62.235163477190675,10.868944794097565,0.9,67.97000122070312,0.5189365210420078,0.7634787578669983,True
james_stein,BZ=F,2025-09-23,67.62999725341797,5,2025-09-30,67.40640558084579,73.75301567658907,61.60593531867917,12.1470803579099,0.9,67.0199966430664,-0.3864089377793789,0.5765576799970715,True
james_stein,BZ=F,2025-09-23,67.62999725341797,6,2025-10-01,67.36177603068005,74.33990563354526,61.03866868456103,13.301236948984226,0.9,65.3499984741211,-2.011777556558954,3.0784661109910005,True
james_stein,BZ=F,2025-09-23,67.62999725341797,7,2025-10-02,67.31717602958649,74.87974006831055,60.51840169936873,14.361338368941823,0.9,64.11000061035156,-3.207175419234929,5.00261330323101,True
james_stein,BZ=F,2025-09-24,69.30999755859375,0,2025-09-24,69.30999755859375,69.30999755859375,69.30999755859375,0.0,0.9,69.30999755859375,0.0,0.0,True
james_stein,BZ=F,2025-09-24,69.30999755859375,1,2025-09-25,69.26761094801137,72.11185431083632,66.53555053186399,5.576303778972331,0.9,69.41999816894531,0.15238722093394585,0.21951487316822707,True
james_stein,BZ=F,2025-09-24,69.30999755859375,2,2025-09-26,69.22525025901056,73.27907408183903,65.39568537766624,7.883388704172788,0.9,70.12999725341797,0.9047469944074038,1.2900998571810276,True
james_stein,BZ=F,2025-09-24,69.30999755859375,3,2025-09-29,69.18291547573904,74.17694908215906,64.52510992898792,9.651839153171139,0.9,67.97000122070312,-1.212914255035912,1.7844846744926466,True
james_stein,BZ=F,2025-09-24,69.30999755859375,4,2025-09-30,69.140606582354,74.93523851496234,63.79406502618049,11.141173488781845,0.9,67.0199966430664,-2.12060993928759,3.1641450992328255,True
james_stein,BZ=F,2025-09-24,69.30999755859375,5,2025-10-01,69.09832356302249,75.60422234516584,63.15227074781806,12.45195159734778,0.9,65.3499984741211,-3.748325088901396,5.735769206461038,True
james_stein,BZ=F,2025-09-24,69.30999755859375,6,2025-10-02,69.05606640192123,76.20969645817354,62.57393125196083,13.63576520621271,0.9,64.11000061035156,-4.946065791569666,7.714967625146219,True
james_stein,BZ=F,2025-09-24,69.30999755859375,7,2025-10-03,69.01383508323663,76.76699020909085,62.04371722694103,14.723272982149822,0.9,64.52999877929688,-4.4838363039397535,6.948452485293243,True
james_stein,BZ=F,2025-09-25,69.41999816894531,0,2025-09-25,69.41999816894531,69.41999816894531,69.41999816894531,0.0,0.9,69.41999816894531,0.0,0.0,True
james_stein,BZ=F,2025-09-25,69.41999816894531,1,2025-09-26,69.37894958711256,72.22712342737591,66.64308942956863,5.584033997807282,0.9,70.12999725341797,0.7510476663054106,1.0709363977178916,True
james_stein,BZ=F,2025-09-25,69.41999816894531,2,2025-09-29,69.33792527762373,73.39742574616565,65.5029496324875,7.894476113678152,0.9,67.97000122070312,-1.3679240569206002,2.0125408744349724,True
james_stein,BZ=F,2025-09-25,69.41999816894531,3,2025-09-30,69.29692522612632,74.29804616639034,64.63243777691177,9.665608389478564,0.9,67.0199966430664,-2.276928583059913,3.3973868951177786,True
james_stein,BZ=F,2025-09-25,69.41999816894531,4,2025-10-01,69.25594941827653,75.0589153283547,63.90162326279935,11.157292065555353,0.9,65.3499984741211,-3.9059509441554354,5.976971744998908,True
james_stein,BZ=F,2025-09-25,69.41999816894531,5,2025-10-02,69.21499783973884,75.73037851034552,63.26016085210236,12.470217658243158,0.9,64.11000061035156,-5.10499722938728,7.962871908884366,True
james_stein,BZ=F,2025-09-25,69.41999816894531,6,2025-10-03,69.17407047618629,76.33826455661524,62.68222174078398,13.656042815831263,0.9,64.52999877929688,-4.644071696889412,7.196763962095979,True
james_stein,BZ=F,2025-09-25,69.41999816894531,7,2025-10-06,69.13316731330028,76.89792208602474,62.152457350175474,14.74546473584926,0.9,65.47000122070312,-3.6631660925971516,5.595182563458963,True
james_stein,BZ=F,2025-09-26,70.12999725341797,0,2025-09-26,70.12999725341797,70.12999725341797,70.12999725341797,0.0,0.9,70.12999725341797,0.0,0.0,True
james_stein,BZ=F,2025-09-26,70.12999725341797,1,2025-09-29,70.09028632526167,72.96712108177996,67.32687495853335,5.640246123246612,0.9,67.97000122070312,-2.1202851045585476,3.119442498866287,True
james_stein,BZ=F,2025-09-26,70.12999725341797,2,2025-09-30,70.05059788331492,74.15104515515849,66.1768995102089,7.974145644949587,0.9,67.0199966430664,-3.030601240248515,4.521935828180988,True
james_stein,BZ=F,2025-09-26,70.12999725341797,3,2025-10-01,70.01093191484499,75.06261805355994,65.29922236508774,9.763395688472201,0.9,65.3499984741211,-4.660933440723895,7.132262508880771,True
james_stein,BZ=F,2025-09-26,70.12999725341797,4,2025-10-02,69.97128840712625,75.83306779938138,64.56261553740254,11.270452261978846,0.9,64.11000061035156,-5.86128779677469,9.142548340310409,False
james_stein,BZ=F,2025-09-26,70.12999725341797,5,2025-10-03,69.93166734744048,76.51324098050604,63.916232475880285,12.597008504625755,0.9,64.52999877929688,-5.401668568143606,8.370786719860625,True
james_stein,BZ=F,2025-09-26,70.12999725341797,6,2025-10-06,69.8920687230765,77.12922294182898,63.333987872216106,13.795235069612879,0.9,65.47000122070312,-4.42206750237338,6.754341560902584,True
james_stein,BZ=F,2025-09-26,70.12999725341797,7,2025-10-07,69.85249252133036,77.69651432274583,62.800381123584934,14.896133199160893,0.9,65.44999694824219,-4.402495573088174,6.7265023351638416,True
james_stein,BZ=F,2025-09-29,67.97000122070312,0,2025-09-29,67.97000122070312,67.97000122070312,67.97000122070312,0.0,0.9,67.97000122070312,0.0,0.0,True
james_stein,BZ=F,2025-09-29,67.97000122070312,1,2025-09-30,67.92734023869153,70.71580980632906,65.24882575112642,5.466984055202644,0.9,67.0199966430664,-0.9073435956251217,1.3538401090310879,True
james_stein,BZ=F,2025-09-29,67.97000122070312,2,2025-10-01,67.88470603260102,71.85896420857495,64.13024963394537,7.728714574629578,0.9,65.3499984741211,-2.534707558479923,3.8786650614593037,True
james_stein,BZ=F,2025-09-29,67.97000122070312,3,2025-10-02,67.84209858562579,72.7380256042147,63.27571173770051,9.462313866514187,0.9,64.11000061035156,-3.732097975274229,5.821397503889,True
james_stein,BZ=F,2025-09-29,67.97000122070312,4,2025-10-03,67.79951788097058,73.48021602287237,62.55799007805313,10.922225944819239,0.9,64.52999877929688,-3.2695191016737084,5.066665370405472,True
james_stein,BZ=F,2025-09-29,67.97000122070312,5,2025-10-06,67.75696390185087,74.13483319053333,61.92778697427448,12.207046216258846,0.9,65.47000122070312,-2.2869626811477417,3.493145927152589,True
james_stein,BZ=F,2025-09-29,67.97000122070312,6,2025-10-07,67.71443663149245,74.7271694943967,61.35981008439271,13.367359410003992,0.9,65.44999694824219,-2.2644396832502593,3.459801052459906,True
james_stein,BZ=F,2025-09-29,67.97000122070312,7,2025-10-08,67.67193605313172,75.2722553375577,60.83902905051093,14.433226287046764,0.9,66.25,-1.4219360531317164,2.146318570764855,True
james_stein,BZ=F,2025-09-30,67.0199966430664,0,2025-09-30,67.0199966430664,67.0199966430664,67.0199966430664,0.0,0.9,67.0199966430664,0.0,0.0,True
james_stein,BZ=F,2025-09-30,67.0199966430664,1,2025-10-01,66.97603293303513,69.72504088326792,64.33540849344229,5.3896323898256355,0.9,65.3499984741211,-1.6260344589140345,2.4881935682951113,True
james_stein,BZ=F,2025-09-30,67.0199966430664,2,2025-10-02,66.9320980622741,70.84999775144001,63.23085240926237,7.619145342177646,0.9,64.11000061035156,-2.822097451922531,4.401961355568696,True
james_stein,BZ=F,2025-09-30,67.0199966430664,3,2025-10-03,66.88819201186547,71.71454902092233,62.38664666650709,9.327902354415244,0.9,64.52999877929688,-2.3581932325685955,3.654413880641779,True
james_stein,BZ=F,2025-09-30,67.0199966430664,4,2025-10-06,66.84431476290361,72.44412818382206,61.67735782235483,10.76677036146723,0.9,65.47000122070312,-1.3743135422004826,2.0991500176815228,True
james_stein,BZ=F,2025-09-30,67.0199966430664,5,2025-10-07,66.80046629649547,73.08734144222176,61.05437972397509,12.032961718246668,0.9,65.44999694824219,-1.3504693482532844,2.063360444953473,True
james_stein,BZ=F,2025-09-30,67.0199966430664,6,2025-10-08,66.75664659376027,73.6691271448592,60.49277407184788,13.17635307301132,0.9,66.25,-0.5066465937602658,0.7647495754871937,True
james_stein,BZ=F,2025-09-30,67.0199966430664,7,2025-10-09,66.71285563582954,74.20430574185818,59.97772046503328,14.226585276824899,0.9,65.22000122070312,-1.4928544151264163,2.2889518356104106,True
james_stein,BZ=F,2025-10-01,65.3499984741211,0,2025-10-01,65.3499984741211,65.3499984741211,65.3499984741211,0.0,0.9,65.3499984741211,0.0,0.0,True
james_stein,BZ=F,2025-10-01,65.3499984741211,1,2025-10-02,65.30293338434021,67.98331691633504,62.728229542664536,5.255087373670506,0.9,64.11000061035156,-1.1929327739886446,1.8607592616307462,True
james_stein,BZ=F,2025-10-01,65.3499984741211,2,2025-10-03,65.25590219085198,69.0757530881919,61.647286933017554,7.428466155174348,0.9,64.52999877929688,-0.7259034115551088,1.1249084538771137,True
james_stein,BZ=F,2025-10-01,65.3499984741211,3,2025-10-06,65.20890486924439,69.91417630028216,60.820301393281284,9.093874907000881,0.9,65.47000122070312,0.26109635145873256,0.39880303435242315,True
james_stein,BZ=F,2025-10-01,65.3499984741211,4,2025-10-07,65.16194139512278,70.62091414098144,60.12494539372451,10.495968747256931,0.9,65.44999694824219,0.2880555531194062,0.4401154569146892,True
james_stein,BZ=F,2025-10-01,65.3499984741211,5,2025-10-08,65.11501174411025,71.24337261709977,59.513812986135115,11.729559630964651,0.9,66.25,1.134988255889752,1.7131898202109463,True
james_stein,BZ=F,2025-10-01,65.3499984741211,6,2025-10-09,65.06811589184736,71.8058759507839,58.96258000691736,12.843295943866543,0.9,65.22000122070312,0.15188532885576933,0.23288151795918025,True
james_stein,BZ=F,2025-10-01,65.3499984741211,7,2025-10-10,65.02125381399226,72.32288059854497,58.45679005806439,13.866090540480577,0.9,62.72999954223633,-2.291254271755932,3.652565420813087,True
james_stein,BZ=F,2025-10-02,64.11000061035156,0,2025-10-02,64.11000061035156,64.11000061035156,64.11000061035156,0.0,0.9,64.11000061035156,0.0,0.0,True
james_stein,BZ=F,2025-10-02,64.11000061035156,1,2025-10-03,64.05793738886456,66.68699647877136,61.532525967366716,5.1544705114046465,0.9,64.52999877929688,0.4720613904323159,0.7315378883654451,True
james_stein,BZ=F,2025-10-02,64.11000061035156,2,2025-10-06,64.00591644750548,67.7522770093839,60.46671080468099,7.28556620470291,0.9,65.47000122070312,1.4640847731976407,2.2362681318152524,True
james_stein,BZ=F,2025-10-02,64.11000061035156,3,2025-10-07,63.95393775193911,68.56825732218435,59.65014007517445,8.918117247009903,0.9,65.44999694824219,1.4960591963030794,2.285804837372509,True
james_stein,BZ=F,2025-10-02,64.11000061035156,4,2025-10-08,63.90200126785784,69.25495852057333,58.962792748251296,10.29216577232203,0.9,66.25,2.347998732142159,3.544149029648542,True
james_stein,BZ=F,2025-10-02,64.11000061035156,5,2025-10-09,63.850106960982195,69.85889750106362,58.35815200013421,11.500745500929412,0.9,65.22000122070312,1.3698942597209296,2.100420475438564,True
james_stein,BZ=F,2025-10-02,64.11000061035156,6,2025-10-10,63.79825479706032,70.40394461290539,57.812347554238315,12.591597058667077,0.9,62.72999954223633,-1.0682552548239954,1.702941595121064,True
james_stein,BZ=F,2025-10-02,64.11000061035156,7,2025-10-13,63.74644474186823,70.90428793480383,57.311191404453986,13.593096530349847,0.9,63.31999969482422,-0.4264450470440124,0.6734760724878368,True
james_stein,BZ=F,2025-10-03,64.52999877929688,0,2025-10-03,64.52999877929688,64.52999877929688,64.52999877929688,0.0,0.9,64.52999877929688,0.0,0.0,True
james_stein,BZ=F,2025-10-03,64.52999877929688,1,2025-10-06,64.47998966331429,67.12581508734418,61.93845186939113,5.187363217953049,0.9,65.47000122070312,0.99001155738884,1.5121605910032814,True
james_stein,BZ=F,2025-10-03,64.52999877929688,2,2025-10-07,64.43001930313095,68.2004050699067,60.86807524305376,7.332329826852934,0.9,65.44999694824219,1.01997764511124,1.5584074754317216,True
james_stein,BZ=F,2025-10-03,64.52999877929688,3,2025-10-08,64.38008766871219,69.02416489092757,60.048472803411705,8.97569208751586,0.9,66.25,1.8699123312878072,2.8225091793023505,True
james_stein,BZ=F,2025-10-03,64.52999877929688,4,2025-10-09,64.3301947300465,69.71786710277674,59.358872065104784,10.358995037671953,0.9,65.22000122070312,0.8898064906566248,1.3643153541894888,True
james_stein,BZ=F,2025-10-03,64.52999877929688,5,2025-10-10,64.28034045714561,70.32831792623253,58.752466874304766,11.575851051927764,0.9,62.72999954223633,-1.5503409149092846,2.471450543954547,True
james_stein,BZ=F,2025-10-03,64.52999877929688,6,2025-10-13,64.2305248200445,70.87953523268084,58.20523942651583,12.674295806165006,0.9,63.31999969482422,-0.9105251252202748,1.4379739886428036,True
james_stein,BZ=F,2025-10-03,64.52999877929688,7,2025-10-14,64.18074778880151,71.38579422990287,57.702914580787365,13.682879649115506,0.9,62.38999938964844,-1.790748399153074,2.87024910509967,True
james_stein,BZ=F,2025-10-06,65.47000122070312,0,2025-10-06,65.47000122070312,65.47000122070312,65.47000122070312,0.0,0.9,65.47000122070312,0.0,0.0,True
james_stein,BZ=F,2025-10-06,65.47000122070312,1,2025-10-07,65.421236099176,68.10528658806062,62.842964873367634,5.2623217146929875,0.9,65.44999694824219,0.028760849066188143,0.04394323973602658,True
james_stein,BZ=F,2025-10-06,65.47000122070312,2,2025-10-08,65.37250730019414,69.1974756332153,61.758968395988624,7.4385072372266805,0.9,66.25,0.8774926998058561,1.3245172827258207,True
james_stein,BZ=F,2025-10-06,65.47000122070312,3,2025-10-09,65.32381479670269,70.03526030435107,60.92931990328885,9.10594040106222,0.9,65.22000122070312,-0.10381357599956686,0.15917444657546675,True
james_stein,BZ=F,2025-10-06,65.47000122070312,4,2025-10-10,65.2751585616671,70.741146441476,60.23151361811433,10.509632823361677,0.9,62.72999954223633,-2.54515901943077,4.0573235102880965,True
james_stein,BZ=F,2025-10-06,65.47000122070312,5,2025-10-13,65.226538568073,71.36261043517594,59.61807321268047,11.744537222495467,0.9,63.31999969482422,-1.9065388732487776,3.010958437203875,True
james_stein,BZ=F,2025-10-06,65.47000122070312,6,2025-10-14,65.17795478892594,71.92401326562344,59.06463776956275,12.859375496060693,0.9,62.38999938964844,-2.7879553992775072,4.468593406878726,True
james_stein,BZ=F,2025-10-06,65.47000122070312,7,2025-10-15,65.12940719725178,72.43983361324037,58.55672867103494,13.883104942205428,0.9,61.90999984741211,-3.2194073498396705,5.200141104465282,True
james_stein,BZ=F,2025-10-07,65.44999694824219,0,2025-10-07,65.44999694824219,65.44999694824219,65.44999694824219,0.0,0.9,65.44999694824219,0.0,0.0,True
james_stein,BZ=F,2025-10-07,65.44999694824219,1,2025-10-08,65.4076264522473,68.09051488923868,62.83044863261651,5.260066256622167,0.9,66.25,0.8423735477527003,1.2715072418908684,True
james_stein,BZ=F,2025-10-07,65.44999694824219,2,2025-10-09,65.36528338572552,69.18896152961258,61.75291806146768,7.436043468144902,0.9,65.22000122070312,-0.14528216502239388,0.2227570719153501,True
james_stein,BZ=F,2025-10-07,65.44999694824219,3,2025-10-10,65.32296773091979,70.03327669234965,60.9294654585385,9.103811233811143,0.9,62.72999954223633,-2.5929681886834572,4.133537713383216,True
james_stein,BZ=F,2025-10-07,65.44999694824219,4,2025-10-13,65.2806794700845,70.74587519545302,60.23767605252285,10.508199142930174,0.9,63.31999969482422,-1.9606797752602745,3.096462073136334,True
james_stein,BZ=F,2025-10-07,65.44999694824219,5,2025-10-14,65.23841858548556,71.37419305501025,59.6301138739987,11.74407918101155,0.9,62.38999938964844,-2.848419195837124,4.565506048569901,True
james_stein,BZ=F,2025-10-07,65.44999694824219,6,2025-10-15,65.19618505940039,71.9425680202038,59.082441220417564,12.86012679978623,0.9,61.90999984741211,-3.2861852119882826,5.308003909041599,True
james_stein,BZ=F,2025-10-07,65.44999694824219,7,2025-10-16,65.15397887411784,72.46546348979953,58.58019473961605,13.885268750183485,0.9,61.060001373291016,-4.093977500826824,6.704843447019017,True
james_stein,BZ=F,2025-10-08,66.25,0,2025-10-08,66.25,66.25,66.25,0.0,0.9,66.25,0.0,0.0,True
james_stein,BZ=F,2025-10-08,66.25,1,2025-10-09,66.2084037900081,68.92367464769238,63.60010192183689,5.323572725855492,0.9,65.22000122070312,-0.9884025693049807,1.5154899583032007,True
james_stein,BZ=F,2025-10-08,66.25,2,2025-10-10,66.1668336969171,70.03673362274667,62.51076620817126,7.525967414575405,0.9,62.72999954223633,-3.436834154680767,5.478772803699345,True
james_stein,BZ=F,2025-10-08,66.25,3,2025-10-13,66.12528970432912,70.89262614797573,61.67854368033323,9.214082467642505,0.9,63.31999969482422,-2.805290009504901,4.430338002250821,True
james_stein,BZ=F,2025-10-08,66.25,4,2025-10-14,66.08377179585639,71.61523722631183,60.9795493795047,10.635687846807137,0.9,62.38999938964844,-3.6937724062079553,5.9204559101515475,True
james_stein,BZ=F,2025-10-08,66.25,5,2025-10-15,66.04227995512167,72.25257154610982,60.36577866141707,11.886792884692753,0.9,61.90999984741211,-4.132280107709562,6.674656950241125,True
james_stein,BZ=F,2025-10-08,66.25,6,2025-10-16,66.00081416575777,72.82925811585682,59.81260256164074,13.01665555421608,0.9,61.060001373291016,-4.940812792466758,8.091733837772198,True
james_stein,BZ=F,2025-10-08,66.25,7,2025-10-17,65.95937441140799,73.35993312656082,59.305384933197324,14.054548193363495,0.9,61.290000915527344,-4.669373495880649,7.618491476800908,True
james_stein,BZ=F,2025-10-09,65.22000122070312,0,2025-10-09,65.22000122070312,65.22000122070312,65.22000122070312,0.0,0.9,65.22000122070312,0.0,0.0,True
james_stein,BZ=F,2025-10-09,65.22000122070312,1,2025-10-10,65.18450618425405,67.85743714425995,62.616863019037226,5.240574125222722,0.9,62.72999954223633,-2.4545066420177193,3.9128115095315623,True
james_stein,BZ=F,2025-10-09,65.22000122070312,2,2025-10-13,65.14903046546199,68.95890075198497,61.5496494912953,7.409251260689672,0.9,63.31999969482422,-1.8290307706377718,2.888551452073486,True
james_stein,BZ=F,2025-10-09,65.22000122070312,3,2025-10-14,65.11357405381351,69.80734872802681,60.73540398418307,9.071944743843737,0.9,62.38999938964844,-2.7235746641650707,4.365402613895454,True
james_stein,BZ=F,2025-10-09,65.22000122070312,4,2025-10-15,65.07813693880104,70.52470171569666,60.05220588522845,10.472495830468212,0.9,61.90999984741211,-3.168137091388928,5.117326924886689,True
james_stein,BZ=F,2025-10-09,65.22000122070312,5,2025-10-16,65.04271910992266,71.15819887820525,59.45281606204422,11.705382816161034,0.9,61.060001373291016,-3.982717736631642,6.5226296217768684,True
james_stein,BZ=F,2025-10-09,65.22000122070312,6,2025-10-17,65.00732055668223,71.73207432687421,58.91300043411682,12.819073892757395,0.9,61.290000915527344,-3.717319641154887,6.065132298298161,True
james_stein,BZ=F,2025-10-09,65.22000122070312,7,2025-10-20,64.97194126858915,72.26072832398145,58.41835876996055,13.842369554020905,0.9,61.0099983215332,-3.9619429470559453,6.493924038771191,True
james_stein,BZ=F,2025-10-10,62.72999954223633,0,2025-10-10,62.72999954223633,62.72999954223633,62.72999954223633,0.0,0.9,62.72999954223633,0.0,0.0,True
james_stein,BZ=F,2025-10-10,62.72999954223633,1,2025-10-13,62.69356574119443,65.26525381616956,60.22321151797444,5.0420422981951205,0.9,63.31999969482422,0.6264339536297854,0.9893145240823338,True
james_stein,BZ=F,2025-10-10,62.72999954223633,2,2025-10-14,62.65715310103037,66.32259305140242,59.194290423524755,7.128302627877666,0.9,62.38999938964844,-0.2671537113819298,0.42819957364233463,True
james_stein,BZ=F,2025-10-10,62.72999954223633,3,2025-10-15,62.62076160945385,67.13644243630394,58.40881110536146,8.72763133094248,0.9,61.90999984741211,-0.7107617620417415,1.1480564751955042,True
james_stein,BZ=F,2025-10-10,62.72999954223633,4,2025-10-16,62.58439125418171,67.82411759817118,57.749457971011026,10.074659627160159,0.9,61.060001373291016,-1.5243898808906948,2.4965441313558445,True
james_stein,BZ=F,2025-10-10,62.72999954223633,5,2025-10-17,62.548042022937906,68.43107526902523,57.17077432325629,11.26030094576894,0.9,61.290000915527344,-1.2580411074105626,2.0526041582940286,True
james_stein,BZ=F,2025-10-10,62.72999954223633,6,2025-10-20,62.511713903453526,68.98063605352739,56.64943959222017,12.331196461307222,0.9,61.0099983215332,-1.5017155819203225,2.4614253781913296,True
james_stein,BZ=F,2025-10-10,62.72999954223633,7,2025-10-21,62.47540688346673,69.48665792013244,56.171595844212426,13.315062075920018,0.9,61.31999969482422,-1.1554071886425135,1.8842256920950977,True
james_stein,BZ=F,2025-10-13,63.31999969482422,0,2025-10-13,63.31999969482422,63.31999969482422,63.31999969482422,0.0,0.9,63.31999969482422,0.0,0.0,True
james_stein,BZ=F,2025-10-13,63.31999969482422,1,2025-10-14,63.28363925336531,65.87903199636692,60.79049548528483,5.08853651108209,0.9,62.38999938964844,-0.8936398637168708,1.4323447226465926,True
james_stein,BZ=F,2025-10-13,63.31999969482422,2,2025-10-15,63.2472996912764,66.94654443324008,59.75246298525837,7.194081447981709,0.9,61.90999984741211,-1.3372998438642938,2.1600708240353743,True
james_stein,BZ=F,2025-10-13,63.31999969482422,3,2025-10-16,63.2109809965679,67.76833237100156,58.96010686339714,8.808225507604426,0.9,61.060001373291016,-2.150979623276882,3.522731043071623,True
james_stein,BZ=F,2025-10-13,63.31999969482422,4,2025-10-17,63.174683157257036,68.46279076775612,58.29503219578764,10.167758571968477,0.9,61.290000915527344,-1.884682241729692,3.075024006488834,True
james_stein,BZ=F,2025-10-13,63.31999969482422,5,2025-10-20,63.13840616136791,69.07579424118873,57.71136439891709,11.36442984227164,0.9,61.0099983215332,-2.1284078398347077,3.4886213709065057,True
james_stein,BZ=F,2025-10-13,63.31999969482422,6,2025-10-21,63.10214999693165,69.63087762235203,57.18556867588651,12.445308946465524,0.9,61.31999969482422,-1.782150302107432,2.90631166173645,True
james_stein,BZ=F,2025-10-13,63.31999969482422,7,2025-10-22,63.065914651986084,70.1420260866877,56.70365988538858,13.438366201299111,0.9,62.59000015258789,-0.4759144993981934,0.7603682668764395,True
james_stein,BZ=F,2025-10-14,62.38999938964844,0,2025-10-14,62.38999938964844,62.38999938964844,62.38999938964844,0.0,0.9,62.38999938964844,0.0,0.0,True
james_stein,BZ=F,2025-10-14,62.38999938964844,1,2025-10-15,62.34722801945886,64.90385692910117,59.89130732179168,5.012549607309488,0.9,61.90999984741211,-0.43722817204675124,0.7062319061934673,True
james_stein,BZ=F,2025-10-14,62.38999938964844,2,2025-10-16,62.30448597111781,65.9480700364225,58.86220733952197,7.08586269690052,0.9,61.060001373291016,-1.2444845978267978,2.0381339171917587,True
james_stein,BZ=F,2025-10-14,62.38999938964844,3,2025-10-17,62.26177322452363,66.75004842984237,58.075289775054365,8.674758654788,0.9,61.290000915527344,-0.971772308996286,1.5855315622129402,True
james_stein,BZ=F,2025-10-14,62.38999938964844,4,2025-10-20,62.21908975958865,67.42646104413743,57.41388574402041,10.012575300117014,0.9,61.0099983215332,-1.2090914380554452,1.981792282116326,True
james_stein,BZ=F,2025-10-14,62.38999938964844,5,2025-10-21,62.176435556238765,68.0225192647449,56.83278391135327,11.189735353391633,0.9,61.31999969482422,-0.8564358614145462,1.3966664476138844,True
james_stein,BZ=F,2025-10-14,62.38999938964844,6,2025-10-22,62.133810594413845,68.56142040365214,56.30878701539922,12.252633388252917,0.9,62.59000015258789,0.45618955817404583,0.7288537419106939,True
james_stein,BZ=F,2025-10-14,62.38999938964844,7,2025-10-23,62.09121485406731,69.05695067507989,55.828108892233374,13.228841782846516,0.9,65.98999786376953,3.898783009702221,5.908142348710045,True
james_stein,BZ=F,2025-10-15,61.90999984741211,0,2025-10-15,61.90999984741211,61.90999984741211,61.90999984741211,0.0,0.9,61.90999984741211,0.0,0.0,True
james_stein,BZ=F,2025-10-15,61.90999984741211,1,2025-10-16,61.867307740128716,64.40374637255776,59.43076268995903,4.972983682598731,0.9,61.060001373291016,-0.8073063668377003,1.3221525527034035,True
james_stein,BZ=F,2025-10-15,61.90999984741211,2,2025-10-17,61.82464507261316,65.43943430403014,58.40953209644711,7.029902207583035,0.9,61.290000915527344,-0.5346441570858147,0.8723187291556505,True
james_stein,BZ=F,2025-10-15,61.90999984741211,3,2025-10-20,61.7820118245643,66.23479299079408,57.62857876858055,8.606214222213524,0.9,61.0099983215332,-0.7720135030310971,1.265388500688777,True
james_stein,BZ=F,2025-10-15,61.90999984741211,4,2025-10-21,61.73940797569497,66.905572004889,56.972153184951026,9.93341881993797,0.9,61.31999969482422,-0.4194082808707478,0.6839665410274756,True
james_stein,BZ=F,2025-10-15,61.90999984741211,5,2025-10-22,61.69683350573196,67.49662666662827,56.395400075838474,11.1012265907898,0.9,62.59000015258789,0.8931666468559314,1.4270117345877684,True
james_stein,BZ=F,2025-10-15,61.90999984741211,6,2025-10-23,61.65428839441608,68.03097169719875,55.87530477061156,12.155666926587195,0.9,65.98999786376953,4.3357094693534535,6.570252477207439,True
james_stein,BZ=F,2025-10-15,61.90999984741211,7,2025-10-24,61.61177262150215,68.52228485599602,55.39818956039253,13.124095295603489,0.9,65.94000244140625,4.328229819904102,6.563890900292478,True
james_stein,BZ=F,2025-10-16,61.060001373291016,0,2025-10-16,61.060001373291016,61.060001373291016,61.060001373291016,0.0,0.9,61.060001373291016,0.0,0.0,True
james_stein,BZ=F,2025-10-16,61.060001373291016,1,2025-10-17,61.01877616299074,63.52004855713545,58.61599808255995,4.904050474575506,0.9,61.290000915527344,0.27122475253660383,0.44252691872270994,True
james_stein,BZ=F,2025-10-16,61.060001373291016,2,2025-10-20,60.9775787862628,64.54229806699664,57.60974161123342,6.932556455763219,0.9,61.0099983215332,0.03241953527040664,0.053138069435029495,True
james_stein,BZ=F,2025-10-16,61.060001373291016,3,2025-10-21,60.93640922431509,65.32757220592359,56.84040970401307,8.487162501910518,0.9,61.31999969482422,0.38359047050912665,0.6255552387771849,True
james_stein,BZ=F,2025-10-16,61.060001373291016,4,2025-10-22,60.895267458368224,65.99001078864457,56.19386259388679,9.796148194757777,0.9,62.59000015258789,1.6947326942196668,2.7076732546542344,True
james_stein,BZ=F,2025-10-16,61.060001373291016,5,2025-10-23,60.85415346965542,66.57384462132818,55.62586952236759,10.94797509896059,0.9,65.98999786376953,5.135844394114109,7.782761873574541,True
james_stein,BZ=F,2025-10-16,61.060001373291016,6,2025-10-24,60.813067239422736,67.1017676492678,55.11373659180951,11.988031057458286,0.9,65.94000244140625,5.126935201983514,7.775151671459622,True
james_stein,BZ=F,2025-10-16,61.060001373291016,7,2025-10-27,60.77200874892873,67.58726679072099,54.64397693156771,12.943289859153282,0.9,65.62000274658203,4.847993997653305,7.387982009656077,True
james_stein,BZ=F,2025-10-17,61.290000915527344,0,2025-10-17,61.290000915527344,61.290000915527344,61.290000915527344,0.0,0.9,61.290000915527344,0.0,0.0,True
james_stein,BZ=F,2025-10-17,61.290000915527344,1,2025-10-20,61.248822695587045,63.75897456240559,58.83749397386669,4.921480588538898,0.9,61.0099983215332,-0.23882437405384138,0.39145120574368114,True
james_stein,BZ=F,2025-10-17,61.290000915527344,2,2025-10-21,61.207672141591864,64.78505142600254,57.82783291098741,6.9572185150151284,0.9,61.31999969482422,0.11232755323235466,0.18318257304530905,True
james_stein,BZ=F,2025-10-17,61.290000915527344,3,2025-10-22,61.166549234954076,65.5733156915367,57.05593358907947,8.517382102457233,0.9,62.59000015258789,1.423450917633815,2.274246547633153,True
james_stein,BZ=F,2025-10-17,61.290000915527344,4,2025-10-23,61.12545395709867,66.23831167413721,56.407251740388766,9.831059933748442,0.9,65.98999786376953,4.8645439066708605,7.371638224194639,True
james_stein,BZ=F,2025-10-17,61.290000915527344,5,2025-10-24,61.0843862894629,66.82442677364683,55.837400012413056,10.987026761233778,0.9,65.94000244140625,4.855616151943352,7.363688159183816,True
james_stein,BZ=F,2025-10-17,61.290000915527344,6,2025-10-27,61.04334621349665,67.35443520355504,55.32360423896982,12.03083096458522,0.9,65.62000274658203,4.576656533085384,6.974483909670012,True
james_stein,BZ=F,2025-10-17,61.290000915527344,7,2025-10-28,61.00233371066228,67.84187154008282,54.852329891111076,12.989541648971745,0.9,64.4000015258789,3.3976678152166286,5.275881575641404,True
james_stein,BZ=F,2025-10-20,61.0099983215332,0,2025-10-20,61.0099983215332,61.0099983215332,61.0099983215332,0.0,0.9,61.0099983215332,0.0,0.0,True
james_stein,BZ=F,2025-10-20,61.0099983215332,1,2025-10-21,60.96176475735173,63.45961295271596,58.562234930423394,4.897378022292564,0.9,61.31999969482422,0.35823493747248847,0.584205706548178,True
james_stein,BZ=F,2025-10-20,61.0099983215332,2,2025-10-22,60.91356932588258,64.47298455987583,57.5506617748277,6.922322785048124,0.9,62.59000015258789,1.6764308267053138,2.6784323735714177,True
james_stein,BZ=F,2025-10-20,61.0099983215332,3,2025-10-23,60.865411996978544,65.24952261511027,56.77586944833893,8.473653166771335,0.9,65.98999786376953,5.124585866790987,7.7657009132963415,False
james_stein,BZ=F,2025-10-20,61.0099983215332,4,2025-10-24,60.81729274051643,65.90325425131945,56.12383088368689,9.77942336763256,0.9,65.94000244140625,5.122709700889821,7.768743571767106,False
james_stein,BZ=F,2025-10-20,61.0099983215332,5,2025-10-27,60.769211526396695,66.47837225675765,55.55035335818644,10.92801889857121,0.9,65.62000274658203,4.850791220185336,7.392244768593827,True
james_stein,BZ=F,2025-10-20,61.0099983215332,6,2025-10-28,60.72116832454366,66.99755385626119,55.032759712509915,11.964794143751277,0.9,64.4000015258789,3.6788332013352445,5.712473779766789,True
james_stein,BZ=F,2025-10-20,61.0099983215332,7,2025-10-29,60.673163104905406,67.47427766580877,54.557571396126924,12.916706269681846,0.9,64.91999816894531,4.246835064039907,6.541643844456227,True
james_stein,BZ=F,2025-10-21,61.31999969482422,0,2025-10-21,61.31999969482422,61.31999969482422,61.31999969482422,0.0,0.9,61.31999969482422,0.0,0.0,True
james_stein,BZ=F,2025-10-21,61.31999969482422,1,2025-10-22,61.27380723011745,63.78390160535134,58.86249285444464,4.9214087509067,0.9,62.59000015258789,1.3161929224704423,2.102880522865795,True
james_stein,BZ=F,2025-10-21,61.31999969482422,2,2025-10-23,61.227649562276326,64.80464260659335,57.84809421261284,6.956548393980505,0.9,65.98999786376953,4.762348301493205,7.216772928716635,False
james_stein,BZ=F,2025-10-21,61.31999969482422,3,2025-10-24,61.18152666508844,65.58744611053368,57.07158041742618,8.515865693107493,0.9,65.94000244140625,4.758475776317809,7.216371853407424,False
james_stein,BZ=F,2025-10-21,61.31999969482422,4,2025-10-27,61.13543851236095,66.24688499542525,56.41837865066058,9.82850634476467,0.9,65.62000274658203,4.484564234221082,6.834142100755507,True
james_stein,BZ=F,2025-10-21,61.31999969482422,5,2025-10-28,61.08938507792073,66.8273617351384,55.84408649842319,10.983275236715208,0.9,64.4000015258789,3.310616447958175,5.140708648318612,True
james_stein,BZ=F,2025-10-21,61.31999969482422,6,2025-10-29,61.04336633561454,67.35166025257077,55.325920097742646,12.02574015482812,0.9,64.91999816894531,3.8766318333307694,5.971398556177361,True
james_stein,BZ=F,2025-10-21,61.31999969482422,7,2025-10-30,60.99738225930864,67.83332205298649,54.85033800322934,12.98298404975715,0.9,65.0,4.002617740691363,6.157873447217481,True
james_stein,BZ=F,2025-10-22,62.59000015258789,0,2025-10-22,62.59000015258789,62.59000015258789,62.59000015258789,0.0,0.9,62.59000015258789,0.0,0.0,True
james_stein,BZ=F,2025-10-22,62.59000015258789,1,2025-10-23,62.54504930653323,65.10704613650196,60.08386841195509,5.023177724546876,0.9,65.98999786376953,3.4449485572363017,5.2204101663226155,False
james_stein,BZ=F,2025-10-22,62.59000015258789,2,2025-10-24,62.50013074324827,66.15121330100912,59.05056231014797,7.100650990861155,0.9,65.94000244140625,3.4398716981579796,5.21666904882908,True
james_stein,BZ=F,2025-10-22,62.59000015258789,3,2025-10-27,62.45524443954821,66.9525788965356,58.26000465242054,8.692574244115058,0.9,65.62000274658203,3.1647583070338214,4.822856102667057,True
james_stein,BZ=F,2025-10-22,62.59000015258789,4,2025-10-28,62.410390372264864,67.62807177301592,57.5952666444742,10.032805128541717,0.9,64.4000015258789,1.9896111536140424,3.0894582398643644,True
james_stein,BZ=F,2025-10-22,62.59000015258789,5,2025-10-29,62.36556851824672,68.22300569895164,57.01103457339896,11.21197112555268,0.9,64.91999816894531,2.5544296506985944,3.934734631462935,True
james_stein,BZ=F,2025-10-22,62.59000015258789,6,2025-10-30,62.320778854358856,68.76063133666382,56.484057832421044,12.276573504242776,0.9,65.0,2.6792211456411437,4.12187868560176,True
james_stein,BZ=F,2025-10-22,62.59000015258789,7,2025-10-31,62.276021357483,69.25476708704568,56.00051807615028,13.2542490108954,0.9,65.06999969482422,2.7939783373412155,4.2938041346932,True
james_stein,BZ=F,2025-10-23,65.98999786376953,0,2025-10-23,65.98999786376953,65.98999786376953,65.98999786376953,0.0,0.9,65.98999786376953,0.0,0.0,True
james_stein,BZ=F,2025-10-23,65.98999786376953,1,2025-10-24,65.94721829763314,68.6507950477442,63.35011267052451,5.300682377219687,0.9,65.94000244140625,-0.00721585622689247,0.010943063329887532,True
james_stein,BZ=F,2025-10-23,65.98999786376953,2,2025-10-27,65.90446646435537,69.75760924892785,62.26415650874816,7.493452740179691,0.9,65.62000274658203,-0.2844637177733347,0.4335015328662899,True
james_stein,BZ=F,2025-10-23,65.98999786376953,3,2025-10-28,65.86174234595764,70.60832769105829,61.43424220192424,9.17408548913405,0.9,64.4000015258789,-1.461740820078731,2.2697838283300906,True
james_stein,BZ=F,2025-10-23,65.98999786376953,4,2025-10-29,65.81904592447326,71.32631090175558,60.73700926962271,10.589301632132866,0.9,64.91999816894531,-0.8990477555279455,1.3848548688930922,True
james_stein,BZ=F,2025-10-23,65.98999786376953,5,2025-10-30,65.77637718194698,71.95936142410808,60.12465521591283,11.83470620819525,0.9,65.0,-0.7763771819469838,1.1944264337645905,True
james_stein,BZ=F,2025-10-23,65.98999786376953,6,2025-10-31,65.7337361004353,72.53200509015132,59.57265425588493,12.959350834266388,0.9,65.06999969482422,-0.6637364056110755,1.020034437873019,True
james_stein,BZ=F,2025-10-23,65.98999786376953,7,2025-11-03,65.69112266200621,73.05881709026293,59.066431246255156,13.992385844007778,0.9,,,,
james_stein,BZ=F,2025-10-24,65.94000244140625,0,2025-10-24,65.94000244140625,65.94000244140625,65.94000244140625,0.0,0.9,65.94000244140625,0.0,0.0,True
james_stein,BZ=F,2025-10-24,65.94000244140625,1,2025-10-27,65.89590474454589,68.59677421992384,63.30137694493889,5.295397274984957,0.9,65.62000274658203,-0.2759019979638566,0.42045410913706127,True
james_stein,BZ=F,2025-10-24,65.94000244140625,2,2025-10-28,65.85183653823444,69.70103489158133,62.21520788326367,7.485827008317656,0.9,64.4000015258789,-1.4518350123555308,2.2544021396833607,True
james_stein,BZ=F,2025-10-24,65.94000244140625,3,2025-10-29,65.80779780274996,70.54942015625141,61.38485960701238,9.164560549239035,0.9,64.91999816894531,-0.8877996338046472,1.3675287412890424,True
james_stein,BZ=F,2025-10-24,65.94000244140625,4,2025-10-30,65.7637885183837,71.26517574438115,60.68708643620638,10.578089308174775,0.9,65.0,-0.7637885183837057,1.1750592590518547,True
james_stein,BZ=F,2025-10-24,65.94000244140625,5,2025-10-31,65.71980866544017,71.89606080017597,60.07412927707289,11.821931523103082,0.9,65.06999969482422,-0.6498089706159504,0.9986306649201313,True
james_stein,BZ=F,2025-10-24,65.94000244140625,6,2025-11-03,65.67585822423679,72.46657942414164,59.52148407950253,12.945095344639114,0.9,,,,
james_stein,BZ=F,2025-10-24,65.94000244140625,7,2025-11-04,65.63193717510443,72.99129420572673,59.01458830440759,13.976705901319143,0.9,64.44000244140625,-1.1919347336981758,1.8496813912786139,True
james_stein,BZ=F,2025-10-27,65.62000274658203,0,2025-10-27,65.62000274658203,65.62000274658203,65.62000274658203,0.0,0.9,65.62000274658203,0.0,0.0,True
james_stein,BZ=F,2025-10-27,65.62000274658203,1,2025-10-28,65.57579631500246,68.26296982903999,62.99440345352999,5.268566375509998,0.9,64.4000015258789,-1.1757947891235574,1.8257682628331435,True
james_stein,BZ=F,2025-10-27,65.62000274658203,2,2025-10-29,65.5316196641073,69.36127329804663,61.91341322913912,7.447860068907509,0.9,64.91999816894531,-0.6116214951619838,0.942115699957852,True
james_stein,BZ=F,2025-10-27,65.62000274658203,3,2025-10-30,65.48747277383409,70.20498935542491,61.08695592263158,9.118033432793332,0.9,65.0,-0.48747277383408516,0.7499581135909003,True
james_stein,BZ=F,2025-10-27,65.62000274658203,4,2025-10-31,65.44335562413391,70.9167412590373,60.3924083271533,10.524332931883997,0.9,65.06999969482422,-0.37335592930969597,0.573775827663625,True
james_stein,BZ=F,2025-10-27,65.62000274658203,5,2025-11-03,65.39926819497141,71.54404720160254,59.78225230095728,11.761794900645256,0.9,,,,
james_stein,BZ=F,2025-10-27,65.62000274658203,6,2025-11-04,65.35521046632454,72.11128778710172,59.23210729099709,12.879180496104624,0.9,64.44000244140625,-0.9152080249182859,1.4202482778464551,True
james_stein,BZ=F,2025-10-27,65.62000274658203,7,2025-11-05,65.31118241818491,72.63295228825885,58.72748407544704,13.905468212811812,0.9,63.52000045776367,-1.7911819604212411,2.8198708241701778,True
james_stein,BZ=F,2025-10-28,64.4000015258789,0,2025-10-28,64.4000015258789,64.4000015258789,64.4000015258789,0.0,0.9,64.4000015258789,0.0,0.0,True
james_stein,BZ=F,2025-10-28,64.4000015258789,1,2025-10-29,64.35749043286789,66.99450449409228,61.824273589215395,5.170230904876888,0.9,64.91999816894531,0.5625077360774213,0.8664629573980774,True
james_stein,BZ=F,2025-10-28,64.4000015258789,2,2025-10-30,64.31500740185972,68.07322398878209,60.76427609456131,7.308947894220779,0.9,65.0,0.6849925981402833,1.0538347663696668,True
james_stein,BZ=F,2025-10-28,64.4000015258789,3,2025-10-31,64.27255241433046,68.9021302487376,59.954038851049056,8.94809139768855,0.9,65.06999969482422,0.7974472804937562,1.225522182624486,True
james_stein,BZ=F,2025-10-28,64.4000015258789,4,2025-11-03,64.23012545176826,69.60155256858889,59.27323261193641,10.328319956652479,0.9,,,,
james_stein,BZ=F,2025-10-28,64.4000015258789,5,2025-11-04,64.18772649567364,70.21811950345156,58.67522886996259,11.542890633488973,0.9,64.44000244140625,0.25227594573260603,0.39148965886833187,True
james_stein,BZ=F,2025-10-28,64.4000015258789,6,2025-11-05,64.14535552755915,70.77575485983887,58.1361038664354,12.639650993403471,0.9,63.52000045776367,-0.6253550697954751,0.984501047368997,True
james_stein,BZ=F,2025-10-28,64.4000015258789,7,2025-11-06,64.10301252894973,71.2886762369914,57.64164004990235,13.647036187089057,0.9,63.380001068115234,-0.7230114608344991,1.140756466787481,True
james_stein,BZ=F,2025-10-29,64.91999816894531,0,2025-10-29,64.91999816894531,64.91999816894531,64.91999816894531,0.0,0.9,64.91999816894531,0.0,0.0,True
james_stein,BZ=F,2025-10-29,64.91999816894531,1,2025-10-30,64.88072620961816,67.53864760050983,62.32740487175016,5.211242728759672,0.9,65.0,0.11927379038183972,0.18349813904898418,True
james_stein,BZ=F,2025-10-29,64.91999816894531,2,2025-10-31,64.84147800701983,68.62969416445715,61.26236349035452,7.367330674102632,0.9,65.06999969482422,0.2285216878043883,0.3511936205258125,True
james_stein,BZ=F,2025-10-29,64.91999816894531,3,2025-11-03,64.80225354677916,69.46903821385327,60.448973711336556,9.02006450251671,0.9,,,,
james_stein,BZ=F,2025-10-29,64.91999816894531,4,2025-11-04,64.76305281453371,70.17794195946891,59.76597336354581,10.4119685959231,0.9,64.44000244140625,-0.3230503731274581,0.5013196165242236,True
james_stein,BZ=F,2025-10-29,64.91999816894531,5,2025-11-05,64.72387579592976,70.80339261546318,59.16637527241939,11.637017343043794,0.9,63.52000045776367,-1.2038753381660854,1.895269725267993,True
james_stein,BZ=F,2025-10-29,64.91999816894531,6,2025-11-06,64.68472247662226,71.36949660032256,58.626073059043115,12.743423541279448,0.9,63.380001068115234,-1.304721408507021,2.0585695590393276,True
james_stein,BZ=F,2025-10-29,64.91999816894531,7,2025-11-07,64.64559284227485,71.89057921298797,58.1307414640245,13.75983774896347,0.9,63.630001068115234,-1.015591774159617,1.596089512983721,True
james_stein,BZ=F,2025-10-30,65.0,0,2025-10-30,65.0,65.0,65.0,0.0,0.9,65.0,0.0,0.0,True
james_stein,BZ=F,2025-10-30,65.0,1,2025-10-31,64.95785835889194,67.61834634505011,62.402049009628726,5.2162973354213875,0.9,65.06999969482422,0.11214133593227871,0.1723395365886234,True
james_stein,BZ=F,2025-10-30,65.0,2,2025-11-03,64.91574403959798,68.70744656585278,61.33329114735231,7.3741554185004645,0.9,,,,
james_stein,BZ=F,2025-10-30,65.0,3,2025-11-04,64.87365702440447,69.54452710658234,60.51650001545158,9.02802709113076,0.9,64.44000244140625,-0.4336545829982157,0.6729586694111742,True
james_stein,BZ=F,2025-10-30,65.0,4,2025-11-05,64.83159729560926,70.25098485725835,59.83027877033072,10.420706086927623,0.9,63.52000045776367,-1.3115968378455847,2.064856467873775,True
james_stein,BZ=F,2025-10-30,65.0,5,2025-11-06,64.78956483552167,70.87386147509538,59.22758580116743,11.646275673927953,0.9,63.380001068115234,-1.4095637674064392,2.2239882354870337,True
james_stein,BZ=F,2025-10-30,65.0,6,2025-11-07,64.74755962646246,71.43729242223415,58.68428569218164,12.753006730052512,0.9,63.630001068115234,-1.117558558347227,1.7563390532571146,True
james_stein,BZ=F,2025-10-30,65.0,7,2025-11-10,64.705581650764,71.95562090877569,58.18603527960197,13.769585629173719,0.9,64.05999755859375,-0.6455840921702531,1.0077803883457173,True
james_stein,BZ=F,2025-10-31,65.06999969482422,0,2025-10-31,65.06999969482422,65.06999969482422,65.06999969482422,0.0,0.9,65.06999969482422,0.0,0.0,True
james_stein,BZ=F,2025-10-31,65.06999969482422,1,2025-11-03,65.03114005526297,67.69403564352217,62.47299539293928,5.221040250582888,0.9,,,,
james_stein,BZ=F,2025-10-31,65.06999969482422,2,2025-11-04,64.9923036225803,68.78762462623308,61.40638745881022,7.38123716742286,0.9,64.44000244140625,-0.5523011811740446,0.8570781506041047,True
james_stein,BZ=F,2025-10-31,65.06999969482422,3,2025-11-05,64.95349038291725,69.62905052018468,60.591892053744075,9.037158466440602,0.9,63.52000045776367,-1.4334899251535802,2.2567536442427296,True
james_stein,BZ=F,2025-10-31,65.06999969482422,4,2025-11-06,64.91470032242289,70.33980057743965,59.908021964189594,10.431778613250053,0.9,63.380001068115234,-1.5346992543076539,2.4214251001010467,True
james_stein,BZ=F,2025-10-31,65.06999969482422,5,2025-11-07,64.8759334272548,70.96694882337373,59.307703203260075,11.659245620113651,0.9,63.630001068115234,-1.2459323591395588,1.9580894833017548,True
james_stein,BZ=F,2025-10-31,65.06999969482422,6,2025-11-10,64.83718968357859,71.53464602277481,58.76678504463343,12.767860978141378,0.9,64.05999755859375,-0.7771921249848361,1.2132253428107953,True
james_stein,BZ=F,2025-10-31,65.06999969482422,7,2025-11-11,64.79846907756834,72.05724371525382,58.27091598714214,13.78632772811168,0.9,65.16000366210938,0.36153458454103315,0.5548412587816749,True
james_stein,BZ=F,2025-11-04,64.44000244140625,0,2025-11-04,64.44000244140625,64.44000244140625,64.44000244140625,0.0,0.9,64.44000244140625,0.0,0.0,True
james_stein,BZ=F,2025-11-04,64.44000244140625,1,2025-11-05,64.39662306525507,67.03304448086837,61.8638925670771,5.169151913791268,0.9,63.52000045776367,-0.8766226074913988,1.3800733645685206,True
james_stein,BZ=F,2025-11-04,64.44000244140625,2,2025-11-06,64.35327289100034,68.11056982632213,60.8032459916829,7.307323834639234,0.9,63.380001068115234,-0.9732718228851098,1.535613452955173,True
james_stein,BZ=F,2025-11-04,64.44000244140625,3,2025-11-07,64.30995189898398,68.938311743842,59.992329499120146,8.945982244721847,0.9,63.630001068115234,-0.6799508308687479,1.0686010049581294,True
james_stein,BZ=F,2025-11-04,64.44000244140625,4,2025-11-10,64.2666600695613,69.6365796641187,59.31083370863337,10.325745955485331,0.9,64.05999755859375,-0.20666251096754706,0.3226077409361733,True
james_stein,BZ=F,2025-11-04,64.44000244140625,5,2025-11-11,64.22339738310083,70.2519951394864,58.712137117787734,11.539858021698663,0.9,65.16000366210938,0.9366062790085437,1.437394454219746,True
james_stein,BZ=F,2025-11-04,64.44000244140625,6,2025-11-12,64.18016381998417,70.80847872593333,58.17231922045803,12.636159505475298,0.9,62.709999084472656,-1.470164735511517,2.3443864726120496,True
james_stein,BZ=F,2025-11-04,64.44000244140625,7,2025-11-13,64.13695936060627,71.32024629174464,57.67716419818653,13.643082093558107,0.9,63.0099983215332,-1.1269610390730662,1.7885431980529598,True
james_stein,BZ=F,2025-11-05,63.52000045776367,0,2025-11-05,63.52000045776367,63.52000045776367,63.52000045776367,0.0,0.9,63.52000045776367,0.0,0.0,True
james_stein,BZ=F,2025-11-05,63.52000045776367,1,2025-11-06,63.47971933024507,66.07822820032855,60.98339613510783,5.0948320652207215,0.9,63.380001068115234,-0.09971826212983359,0.1573339546376233,True
james_stein,BZ=F,2025-11-05,63.52000045776367,2,2025-11-07,63.439463746952185,67.14286981174364,59.94032682524605,7.202542986497583,0.9,63.630001068115234,0.190537321163049,0.29944572994597446,True
james_stein,BZ=F,2025-11-05,63.52000045776367,3,2025-11-10,63.39923369168632,67.96138298332356,59.14333488003553,8.818048103288028,0.9,64.05999755859375,0.6607638669074305,1.031476572104221,True
james_stein,BZ=F,2025-11-05,63.52000045776367,4,2025-11-11,63.359029148258784,68.65233246988154,58.47385558780611,10.17847688207543,0.9,65.16000366210938,1.8009745138505906,2.763926354561977,True
james_stein,BZ=F,2025-11-05,63.52000045776367,5,2025-11-12,63.318850100491396,69.26166176389954,57.88594549919114,11.375716264708402,0.9,62.709999084472656,-0.6088510160187397,0.9708994178083071,True
james_stein,BZ=F,2025-11-05,63.52000045776367,6,2025-11-13,63.27869653221606,69.812942549965,57.356032972689825,12.456909577275177,0.9,63.0099983215332,-0.2686982106828566,0.4264374192040424,True
james_stein,BZ=F,2025-11-05,63.52000045776367,7,2025-11-14,63.23856842727493,70.32018279339131,56.87011008604731,13.450072707343999,0.9,64.38999938964844,1.1514309623735102,1.7882139669015407,True
james_stein,BZ=F,2025-11-06,63.380001068115234,0,2025-11-06,63.380001068115234,63.380001068115234,63.380001068115234,0.0,0.9,63.380001068115234,0.0,0.0,True
james_stein,BZ=F,2025-11-06,63.380001068115234,1,2025-11-07,63.339588914562775,65.93178887358903,60.84930490143113,5.082483972157895,0.9,63.630001068115234,0.29041215355245953,0.4564075886806547,True
james_stein,BZ=F,2025-11-06,63.380001068115234,2,2025-11-10,63.29920252847835,66.99359753141673,59.80853676147681,7.185060769939916,0.9,64.05999755859375,0.7607950301154034,1.187628877786839,True
james_stein,BZ=F,2025-11-06,63.380001068115234,3,2025-11-11,63.25884189343228,67.80986843617198,59.01325529727229,8.796613138899694,0.9,65.16000366210938,1.9011617686770919,2.9176821083922375,True
james_stein,BZ=F,2025-11-06,63.380001068115234,4,2025-11-12,63.21850699300524,68.49888035234241,58.345181787894504,10.153698564447907,0.9,62.709999084472656,-0.5085079085325859,0.8108880815762844,True
james_stein,BZ=F,2025-11-06,63.380001068115234,5,2025-11-13,63.1781978107884,69.10646613314758,57.75848342365975,11.34798270948783,0.9,63.0099983215332,-0.16819948925519412,0.2669409518103624,True
james_stein,BZ=F,2025-11-06,63.380001068115234,6,2025-11-14,63.137914330383325,69.65614078805987,57.229645238602615,12.426495549457258,0.9,64.38999938964844,1.252085059265113,1.944533423099244,True
james_stein,BZ=F,2025-11-06,63.380001068115234,7,2025-11-17,63.09765653540224,70.1618786543529,56.74469293892808,13.417185715424822,0.9,64.19999694824219,1.1023404128399505,1.7170412231150938,True
james_stein,BZ=F,2025-11-07,63.630001068115234,0,2025-11-07,63.630001068115234,63.630001068115234,63.630001068115234,0.0,0.9,63.630001068115234,0.0,0.0,True
james_stein,BZ=F,2025-11-07,63.630001068115234,1,2025-11-10,63.59400428537413,66.19605030848649,61.09423994636289,5.101810362123601,0.9,64.05999755859375,0.4659932732196168,0.727432549140182,True
james_stein,BZ=F,2025-11-07,63.630001068115234,2,2025-11-11,63.558027866743515,67.26671556813592,60.053815206986336,7.212900361149586,0.9,65.16000366210938,1.6019757953658598,2.4585262512767643,True
james_stein,BZ=F,2025-11-07,63.630001068115234,3,2025-11-12,63.522071800702875,68.0910274765223,59.25969625359131,8.831331222930991,0.9,62.709999084472656,-0.8120727162302188,1.2949652815914208,True
james_stein,BZ=F,2025-11-07,63.630001068115234,4,2025-11-13,63.48613607573839,68.78768704301044,58.59318210986005,10.194504933150384,0.9,63.0099983215332,-0.47613775420519033,0.7556542880314183,True
james_stein,BZ=F,2025-11-07,63.630001068115234,5,2025-11-14,63.4502206803427,69.40268710251166,58.008279973910284,11.39440712860138,0.9,64.38999938964844,0.9397787093057346,1.4595103559774483,True
james_stein,BZ=F,2025-11-07,63.630001068115234,6,2025-11-17,63.414325603015016,69.95962295289793,57.48139458088129,12.478228372016638,0.9,64.19999694824219,0.785671345227172,1.2237872002713293,True
james_stein,BZ=F,2025-11-07,63.630001068115234,7,2025-11-18,63.378450832260874,70.47251559461728,56.99850496331815,13.47401063129913,0.9,64.88999938964844,1.511548557387563,2.3294014048468195,True
james_stein,BZ=F,2025-11-10,64.05999755859375,0,2025-11-10,64.05999755859375,64.05999755859375,64.05999755859375,0.0,0.9,64.05999755859375,0.0,0.0,True
james_stein,BZ=F,2025-11-10,64.05999755859375,1,2025-11-11,64.02132381532049,66.64031336665732,61.505261545136605,5.135051821520719,0.9,65.16000366210938,1.1386798467888894,1.747513478810673,True
james_stein,BZ=F,2025-11-10,64.05999755859375,2,2025-11-12,63.98267341982231,67.7153624062102,60.45574227883323,7.2596201273769765,0.9,62.709999084472656,-1.272674335349656,2.029459980752539,True
james_stein,BZ=F,2025-11-10,64.05999755859375,3,2025-11-13,63.94404635800402,68.54238980440694,59.6541946713926,8.888195133014335,0.9,63.0099983215332,-0.9340480364708199,1.4823806718807924,True
james_stein,BZ=F,2025-11-10,64.05999755859375,4,2025-11-14,63.90544261577875,69.2408846782179,58.98112964468412,10.259755033533779,0.9,64.38999938964844,0.4845567738696843,0.7525342109998271,True
james_stein,BZ=F,2025-11-10,64.05999755859375,5,2025-11-17,63.86686217906816,69.85714717171489,58.39024709345218,11.466900078262704,0.9,64.19999694824219,0.3331347691740305,0.5189015342829417,True
james_stein,BZ=F,2025-11-10,64.05999755859375,6,2025-11-18,63.828305033802536,70.41493119574073,57.85779314564712,12.557138050093613,0.9,64.88999938964844,1.0616943558459013,1.636144807878158,True
james_stein,BZ=F,2025-11-10,64.05999755859375,7,2025-11-19,63.78977116592053,70.92835256380003,57.36965202653368,13.558700537266354,0.9,63.5099983215332,-0.27977284438732397,0.4405177952783324,True
james_stein,BZ=F,2025-11-11,65.16000366210938,0,2025-11-11,65.16000366210938,65.16000366210938,65.16000366210938,0.0,0.9,65.16000366210938,0.0,0.0,True
james_stein,BZ=F,2025-11-11,65.16000366210938,1,2025-11-12,65.12581520947093,67.78967853911614,62.56663105801261,5.223047481103528,0.9,62.709999084472656,-2.4158161249982726,3.852361920375856,True
james_stein,BZ=F,2025-11-11,65.16000366210938,2,2025-11-13,65.09164469498825,68.88858616754199,61.503979756444586,7.384606411097401,0.9,63.0099983215332,-2.081646373455044,3.303676287741872,True
james_stein,BZ=F,2025-11-11,65.16000366210938,3,2025-11-14,65.05749210924948,69.73535536087883,60.69342097193149,9.04193438894734,0.9,64.38999938964844,-0.667492719601043,1.0366403570868048,True
james_stein,BZ=F,2025-11-11,65.16000366210938,4,2025-11-17,65.0233574428476,70.45149185829763,60.01344899330693,10.438042864990699,0.9,64.19999694824219,-0.82336049460541,1.2824930432149404,True
james_stein,BZ=F,2025-11-11,65.16000366210938,5,2025-11-18,64.98924068638063,71.08407312068414,59.4169863876768,11.667086733007338,0.9,64.88999938964844,-0.09924129673218829,0.1529377371947082,True
james_stein,BZ=F,2025-11-11,65.16000366210938,6,2025-11-19,64.95514183045154,71.6572498398039,58.879882491253895,12.777367348550001,0.9,63.5099983215332,-1.4451435089183349,2.2754582697388543,True
james_stein,BZ=F,2025-11-11,65.16000366210938,7,2025-11-20,64.92106086566817,72.18537243659462,58.38778691106553,13.797585525529087,0.9,63.380001068115234,-1.5410597975529328,2.4314606683214435,True
james_stein,BZ=F,2025-11-12,62.709999084472656,0,2025-11-12,62.709999084472656,62.709999084472656,62.709999084472656,0.0,0.9,62.709999084472656,0.0,0.0,True
james_stein,BZ=F,2025-11-12,62.709999084472656,1,2025-11-13,62.67190615248588,65.23624712173203,60.208365656851946,5.027881464880089,0.9,63.0099983215332,0.33809216904732153,0.5365690811830748,True
james_stein,BZ=F,2025-11-12,62.709999084472656,2,2025-11-14,62.633836359894524,66.28863086289488,59.18054734411398,7.108083518780894,0.9,64.38999938964844,1.756163029753914,2.727384759124941,True
james_stein,BZ=F,2025-11-12,62.709999084472656,3,2025-11-17,62.59578969264274,67.0981633828327,58.395531109992405,8.70263227284029,0.9,64.19999694824219,1.604207255599448,2.4987653144169992,True
james_stein,BZ=F,2025-11-12,62.709999084472656,4,2025-11-18,62.55776613668303,67.78184138621833,57.73632028839553,10.0455210978228,0.9,64.88999938964844,2.332233252965409,3.5941335720484817,True
james_stein,BZ=F,2025-11-12,62.709999084472656,5,2025-11-19,62.51976567797658,68.3849994276394,57.157580363293775,11.227419064345625,0.9,63.5099983215332,0.9902326435566238,1.5591759876033302,True
james_stein,BZ=F,2025-11-12,62.709999084472656,6,2025-11-20,62.48178830249306,68.93089611924476,56.63605276107256,12.294843358172201,0.9,63.380001068115234,0.8982127656221763,1.4171864160381702,True
james_stein,BZ=F,2025-11-12,62.709999084472656,7,2025-11-21,62.443833996210664,69.43335299442883,56.15791598684828,13.27543700758055,0.9,62.560001373291016,0.11616737708035174,0.18568953729266943,True
james_stein,BZ=F,2025-11-13,63.0099983215332,0,2025-11-13,63.0099983215332,63.0099983215332,63.0099983215332,0.0,0.9,63.0099983215332,0.0,0.0,True
james_stein,BZ=F,2025-11-13,63.0099983215332,1,2025-11-14,62.97766918762285,65.55396846433587,60.50261958531822,5.051348879017645,0.9,64.38999938964844,1.4123302020255863,2.1933999307548335,True
james_stein,BZ=F,2025-11-13,63.0099983215332,2,2025-11-17,62.945356641126054,66.61753476532222,59.47560108064871,7.141933684673511,0.9,64.19999694824219,1.2546403071161336,1.954268484043107,True
james_stein,BZ=F,2025-11-13,63.0099983215332,3,2025-11-18,62.91306067353213,67.43727036609015,58.69236969149013,8.744900674600018,0.9,64.88999938964844,1.9769387161163081,3.046599991849713,True
james_stein,BZ=F,2025-11-13,63.0099983215332,4,2025-11-19,62.880781276334744,68.13068229200987,58.03541841802399,10.095263873985878,0.9,63.5099983215332,0.6292170451984589,0.9907369891791062,True
james_stein,BZ=F,2025-11-13,63.0099983215332,5,2025-11-20,62.84851844103206,68.74329811617382,57.45921971269826,11.284078403475561,0.9,63.380001068115234,0.5314826270831716,0.8385651911112797,True
james_stein,BZ=F,2025-11-13,63.0099983215332,6,2025-11-21,62.81627215912648,69.29847315192549,56.940418287698016,12.358054864227476,0.9,62.560001373291016,-0.25627078583546137,0.40963999394167544,True
james_stein,BZ=F,2025-11-13,63.0099983215332,7,2025-11-24,62.78404242212478,69.81008503536371,56.465136532441505,13.344948502922207,0.9,63.369998931884766,0.5859565097599884,0.9246591756926209,True
james_stein,BZ=F,2025-11-14,64.38999938964844,0,2025-11-14,64.38999938964844,64.38999938964844,64.38999938964844,0.0,0.9,64.38999938964844,0.0,0.0,True
james_stein,BZ=F,2025-11-14,64.38999938964844,1,2025-11-17,64.36300957640381,66.99585150900228,61.83363459714524,5.162216911857037,0.9,64.19999694824219,-0.1630126281616242,0.2539137631004008,True
james_stein,BZ=F,2025-11-14,64.38999938964844,2,2025-11-18,64.33603107625161,68.0891544832298,60.7897825440595,7.299371939170307,0.9,64.88999938964844,0.5539683133968225,0.853703681010042,True
james_stein,BZ=F,2025-11-14,64.38999938964844,3,2025-11-19,64.30906388444997,68.93343311430516,59.99491844308027,8.938514671224887,0.9,63.5099983215332,-0.7990655629167662,1.2581728610215397,True
james_stein,BZ=F,2025-11-14,64.38999938964844,4,2025-11-20,64.28210799625873,69.64873713248988,59.32899257860453,10.319744553885357,0.9,63.380001068115234,-0.9021069281434961,1.4233305663311542,True
james_stein,BZ=F,2025-11-14,64.38999938964844,5,2025-11-21,64.25516340693996,70.28157447471406,58.74549702835685,11.536077446357211,0.9,62.560001373291016,-1.6951620336489412,2.7096579226941375,True
james_stein,BZ=F,2025-11-14,64.38999938964844,6,2025-11-24,64.22823011175748,70.85580101468254,58.22057593328238,12.635225081400158,0.9,63.369998931884766,-0.8582311798727176,1.3543178070670543,True
james_stein,BZ=F,2025-11-14,64.38999938964844,7,2025-11-25,64.20130810597738,71.38559043880369,57.74005562161897,13.645534817184718,0.9,62.47999954223633,-1.7213085637410472,2.754975314264282,True
james_stein,BZ=F,2025-11-17,64.19999694824219,0,2025-11-17,64.19999694824219,64.19999694824219,64.19999694824219,0.0,0.9,64.19999694824219,0.0,0.0,True
james_stein,BZ=F,2025-11-17,64.19999694824219,1,2025-11-18,64.17196034887766,66.79641314571087,61.650623155988335,5.145789989722537,0.9,64.88999938964844,0.7180390407707762,1.106548077553721,True
james_stein,BZ=F,2025-11-17,64.19999694824219,2,2025-11-19,64.14393599329729,67.88502822959727,60.60901250267666,7.276015726920605,0.9,63.5099983215332,-0.6339376717640874,0.9981698764258186,True
james_stein,BZ=F,2025-11-17,64.19999694824219,3,2025-11-20,64.11592387615408,68.72538169413325,59.815625510650456,8.909756183482791,0.9,63.380001068115234,-0.7359228080388505,1.161127793683603,True
james_stein,BZ=F,2025-11-17,64.19999694824219,4,2025-11-21,64.08792399210347,69.43714806898335,59.150787666815056,10.286360402168292,0.9,62.560001373291016,-1.527922618812454,2.442331498197147,True
james_stein,BZ=F,2025-11-17,64.19999694824219,5,2025-11-24,64.05993633580313,70.06669083465029,58.56813550723231,11.498555327417975,0.9,63.369998931884766,-0.6899374039183641,1.0887445408669882,True
james_stein,BZ=F,2025-11-17,64.19999694824219,6,2025-11-25,64.03196090191321,70.6377922088558,58.043886830739815,12.593905378115984,0.9,62.47999954223633,-1.5519613596768806,2.4839330522525986,True
james_stein,BZ=F,2025-11-17,64.19999694824219,7,2025-11-26,64.00399768509594,71.16458237464744,57.56391147084368,13.60067090380376,0.9,63.130001068115234,-0.8739966169807047,1.3844394142139973,True
james_stein,BZ=F,2025-11-18,64.88999938964844,0,2025-11-18,64.88999938964844,64.88999938964844,64.88999938964844,0.0,0.9,64.88999938964844,0.0,0.0,True
james_stein,BZ=F,2025-11-18,64.88999938964844,1,2025-11-19,64.86077325515345,67.51291748949585,62.31281455005959,5.200102939436256,0.9,63.5099983215332,-1.3507749336202437,2.1268697359770843,True
james_stein,BZ=F,2025-11-18,64.88999938964844,2,2025-11-20,64.83156028396479,68.612068560151,61.25935709354906,7.352711466601939,0.9,63.380001068115234,-1.4515592158495565,2.29024801417966,True
james_stein,BZ=F,2025-11-18,64.88999938964844,3,2025-11-21,64.8023604701538,69.46031425334942,60.456765386736734,9.00354886661269,0.9,62.560001373291016,-2.242359096862785,3.584333516047722,True
james_stein,BZ=F,2025-11-18,64.88999938964844,4,2025-11-24,64.77317380779434,70.17859761903838,59.78409639802408,10.394501221014302,0.9,63.369998931884766,-1.4031748759095706,2.2142573766141567,True
james_stein,BZ=F,2025-11-18,64.88999938964844,5,2025-11-25,64.74400029096311,70.81377428793384,59.1944945150379,11.619279772895936,0.9,62.47999954223633,-2.2640007487267866,3.623560763947073,True
james_stein,BZ=F,2025-11-18,64.88999938964844,6,2025-11-26,64.71483991373945,71.38987927558766,58.663924740562614,12.725954535025046,0.9,63.130001068115234,-1.584838845624219,2.510436906082465,True
james_stein,BZ=F,2025-11-18,64.88999938964844,7,2025-11-27,64.6856926702054,71.92119316865401,58.17810650627407,13.743086662379945,0.9,,,,
james_stein,BZ=F,2025-11-19,63.5099983215332,0,2025-11-19,63.5099983215332,63.5099983215332,63.5099983215332,0.0,0.9,63.5099983215332,0.0,0.0,True
james_stein,BZ=F,2025-11-19,63.5099983215332,1,2025-11-20,63.4770115189705,66.07245240854022,60.98352406333114,5.0889283452090766,0.9,63.380001068115234,-0.09701045085526516,0.15306161126599996,True
james_stein,BZ=F,2025-11-19,63.5099983215332,2,2025-11-21,63.44404184960218,67.14346531746516,59.948446616249704,7.195018701215453,0.9,62.560001373291016,-0.8840404763111636,1.4131081472267846,True
james_stein,BZ=F,2025-11-19,63.5099983215332,3,2025-11-24,63.41108930452924,67.96882270995448,59.15898034523534,8.809842364719138,0.9,63.369998931884766,-0.04109037264447579,0.0648419967446158,True
james_stein,BZ=F,2025-11-19,63.5099983215332,4,2025-11-25,63.3781538748575,68.6669083159069,58.496741546970355,10.17016676893654,0.9,62.47999954223633,-0.898154332621175,1.4375069449448776,True
james_stein,BZ=F,2025-11-19,63.5099983215332,5,2025-11-26,63.34523555169719,69.2835897153451,57.91586266800026,11.367727047344843,0.9,63.130001068115234,-0.21523448358195907,0.34093850774646434,True
james_stein,BZ=F,2025-11-19,63.5099983215332,6,2025-11-27,63.31233432616339,69.84239680594092,57.39281383720956,12.449582968731363,0.9,,,,
james_stein,BZ=F,2025-11-19,63.5099983215332,7,2025-11-28,63.27945018937554,70.35731105671782,56.913613612118354,13.443697444599465,0.9,63.20000076293945,-0.07944942643608499,0.1257111162610527,True
james_stein,BZ=F,2025-11-20,63.380001068115234,0,2025-11-20,63.380001068115234,63.380001068115234,63.380001068115234,0.0,0.9,63.380001068115234,0.0,0.0,True
james_stein,BZ=F,2025-11-20,63.380001068115234,1,2025-11-21,63.34690042530841,65.93645100607273,60.859050377527275,5.077400628545455,0.9,62.560001373291016,-0.7868990520173966,1.2578309378895738,True
james_stein,BZ=F,2025-11-20,63.380001068115234,2,2025-11-24,63.3138170695406,67.00482747289138,59.82612870001127,7.178698772880111,0.9,63.369998931884766,0.05618186234416811,0.08865687753057555,True
james_stein,BZ=F,2025-11-20,63.380001068115234,3,2025-11-25,63.28075099178362,67.82810000123136,59.038266529822096,8.789833471409267,0.9,62.47999954223633,-0.8007514495472918,1.2816124446447632,True
james_stein,BZ=F,2025-11-20,63.380001068115234,4,2025-11-26,63.247702183013814,68.52438528644699,58.37734719850745,10.147038087939535,0.9,63.130001068115234,-0.11770111489857982,0.1864424408477106,True
james_stein,BZ=F,2025-11-20,63.380001068115234,5,2025-11-27,63.214670634212446,69.13944759629864,57.79760646519674,11.341841131101894,0.9,,,,
james_stein,BZ=F,2025-11-20,63.380001068115234,6,2025-11-28,63.181656336365265,69.69676390340226,57.27556738415079,12.421196519251467,0.9,63.20000076293945,0.018344426574188333,0.02902599106445822,True
james_stein,BZ=F,2025-11-20,63.380001068115234,7,2025-12-01,63.148659280462944,70.21028427189398,56.79727991809805,13.413004353795934,0.9,63.16999816894531,0.021338888482368645,0.03378009989061382,True
james_stein,BZ=F,2025-11-21,62.560001373291016,0,2025-11-21,62.560001373291016,62.560001373291016,62.560001373291016,0.0,0.9,62.560001373291016,0.0,0.0,True
james_stein,BZ=F,2025-11-21,62.560001373291016,1,2025-11-24,62.52766933869837,65.08332905590342,60.07236399311027,5.010965062793147,0.9,63.369998931884766,0.842329593186399,1.3292245658577388,True
james_stein,BZ=F,2025-11-21,62.560001373291016,2,2025-11-25,62.495354013831374,66.13807324508393,59.05326662361486,7.08480662146907,0.9,62.47999954223633,-0.015354471595045993,0.02457501873806258,True
james_stein,BZ=F,2025-11-21,62.560001373291016,3,2025-11-26,62.463055390054194,66.95092929445258,58.27601393703522,8.674915357417355,0.9,63.130001068115234,0.6669456780610403,1.0564639106237739,True
james_stein,BZ=F,2025-11-21,62.560001373291016,4,2025-11-27,62.43077345873548,67.63846637857391,57.62403678464549,10.01442959392842,0.9,,,,
james_stein,BZ=F,2025-11-21,62.560001373291016,5,2025-11-28,62.398508211248185,68.24584891277676,57.05217077694326,11.193678135833508,0.9,63.20000076293945,0.8014925516912683,1.268184401923717,True
james_stein,BZ=F,2025-11-21,62.560001373291016,6,2025-12-01,62.36625963896989,68.79624601567201,56.53724682113254,12.25899919453947,0.9,63.16999816894531,0.8037385299754192,1.2723421770978316,True
james_stein,BZ=F,2025-11-21,62.560001373291016,7,2025-12-02,62.334027733282575,69.30342474723103,56.06549788304488,13.237926864186157,0.9,62.45000076293945,0.11597302965687817,0.1857054095117027,True
james_stein,BZ=F,2025-11-24,63.369998931884766,0,2025-11-24,63.369998931884766,63.369998931884766,63.369998931884766,0.0,0.9,63.369998931884766,0.0,0.0,True
james_stein,BZ=F,2025-11-24,63.369998931884766,1,2025-11-25,63.34482509964156,65.93346656429804,60.85781737247413,5.0756491918239135,0.9,62.47999954223633,-0.8648255574052328,1.3841638344133034,True
james_stein,BZ=F,2025-11-24,63.369998931884766,2,2025-11-26,63.319661267743065,67.00982763088214,59.832708795298544,7.177118835583599,0.9,63.130001068115234,-0.18966019962783065,0.30042800002995945,True
james_stein,BZ=F,2025-11-24,63.369998931884766,3,2025-11-27,63.294507432216506,67.84137596519777,59.05237937895105,8.788996586246718,0.9,,,,
james_stein,BZ=F,2025-11-24,63.369998931884766,4,2025-11-28,63.26936358909093,68.54613998418777,58.39880071864003,10.147339265547743,0.9,63.20000076293945,-0.06936282615147604,0.10975130587680385,True
james_stein,BZ=F,2025-11-24,63.369998931884766,5,2025-12-01,63.24422973439672,69.16984348400213,57.826249030363165,11.343594453638964,0.9,63.16999816894531,-0.07423156545140586,0.11751079246967347,True
james_stein,BZ=F,2025-11-24,63.369998931884766,6,2025-12-02,63.219105864166075,69.73593959224414,57.311271198662325,12.424668393581811,0.9,62.45000076293945,-0.7691051012266215,1.2315533896406963,True
james_stein,BZ=F,2025-11-24,63.369998931884766,7,2025-12-03,63.193991974432535,70.2583623999954,56.83993314459753,13.418429255397875,0.9,62.66999816894531,-0.5239938054872226,0.8361158780867427,True
james_stein,BZ=F,2025-11-25,62.47999954223633,0,2025-11-25,62.47999954223633,62.47999954223633,62.47999954223633,0.0,0.9,62.47999954223633,0.0,0.0,True
james_stein,BZ=F,2025-11-25,62.47999954223633,1,2025-11-26,62.44842336092406,65.00006143022307,59.99695222521611,5.003109205006957,0.9,63.130001068115234,0.6815777071911739,1.0796415264681742,True
james_stein,BZ=F,2025-11-25,62.47999954223633,2,2025-11-27,62.41686313760203,66.05388249501671,58.98010316398977,7.073779331026941,0.9,,,,
james_stein,BZ=F,2025-11-25,62.47999954223633,3,2025-11-28,62.385318864205495,66.86621296954468,58.204702149966785,8.661510819577892,0.9,63.20000076293945,0.8146818987339586,1.2890536216760442,True
james_stein,BZ=F,2025-11-25,62.47999954223633,4,2025-12-01,62.353790532673614,67.55343504478235,57.55436701649765,9.999068028284697,0.9,63.16999816894531,0.8162076362716988,1.2920811460035004,True
james_stein,BZ=F,2025-11-25,62.47999954223633,5,2025-12-02,62.32227813494967,68.16064013082448,56.98400637780283,11.176633753021648,0.9,62.45000076293945,0.12772262798978318,0.2045198181415865,True
james_stein,BZ=F,2025-11-25,62.47999954223633,6,2025-12-03,62.290781662980976,68.71095961987322,56.47048886598458,12.240470753888644,0.9,62.66999816894531,0.37921650596433665,0.6051005537642551,True
james_stein,BZ=F,2025-11-25,62.47999954223633,7,2025-12-04,62.25930110871907,69.21813799384147,56.000070023424016,13.21806797041745,0.9,63.2599983215332,1.0006972128141314,1.5818799231196026,True
james_stein,BZ=F,2025-11-26,63.130001068115234,0,2025-11-26,63.130001068115234,63.130001068115234,63.130001068115234,0.0,0.9,63.130001068115234,0.0,0.0,True
james_stein,BZ=F,2025-11-26,63.130001068115234,1,2025-11-27,63.096764111691826,65.6744225588105,60.62027630012845,5.054146258682053,0.9,,,,
james_stein,BZ=F,2025-11-26,63.130001068115234,2,2025-11-28,63.063544654005135,66.73756946672047,59.59178160227855,7.145787864441921,0.9,63.20000076293945,0.13645610893431837,0.21591156216304414,True
james_stein,BZ=F,2025-11-26,63.130001068115234,3,2025-12-01,63.030342685842484,67.55672755118373,58.80723124258445,8.749496308599277,0.9,63.16999816894531,0.13965548310282827,0.22107881454947326,True
james_stein,BZ=F,2025-11-26,63.130001068115234,4,2025-12-02,62.99715819799585,68.24947426857324,58.149047792017235,10.100426476556002,0.9,62.45000076293945,-0.5471574350563984,0.8761528076411255,True
james_stein,BZ=F,2025-11-26,63.130001068115234,5,2025-12-03,62.96399118126207,68.86136518751546,57.57167570928151,11.289689478233953,0.9,62.66999816894531,-0.29399301231675423,0.46911284650784585,True
james_stein,BZ=F,2025-11-26,63.130001068115234,6,2025-12-04,62.93084162644298,69.41577033104103,57.051744998664994,12.364025332376038,0.9,63.2599983215332,0.3291566950902265,0.5203235912483167,True
james_stein,BZ=F,2025-11-26,63.130001068115234,7,2025-12-05,62.8977095243451,69.92657627958874,56.57536910703388,13.351207172554865,0.9,63.75,0.8522904756548968,1.3369262363214067,True
james_stein,BZ=F,2025-11-28,63.20000076293945,0,2025-11-28,63.20000076293945,63.20000076293945,63.20000076293945,0.0,0.9,63.20000076293945,0.0,0.0,True
james_stein,BZ=F,2025-11-28,63.20000076293945,1,2025-12-01,63.16666808238297,65.74661158455301,60.68796338650228,5.058648198050726,0.9,63.16999816894531,0.0033300865623431264,0.0052716268147372115,True
james_stein,BZ=F,2025-11-28,63.20000076293945,2,2025-12-02,63.13335298200974,66.81062461752741,59.65847919501982,7.152145422507587,0.9,62.45000076293945,-0.6833522190702865,1.0942389282976879,True
james_stein,BZ=F,2025-11-28,63.20000076293945,3,2025-12-03,63.10005545254761,67.63042978865201,58.873158289209556,8.757271499442453,0.9,62.66999816894531,-0.4300572836022951,0.6862251414830903,True
james_stein,BZ=F,2025-11-28,63.20000076293945,4,2025-12-04,63.06677548472951,68.32370968321106,58.2143181112813,10.109391571929763,0.9,63.2599983215332,0.19322283680369168,0.3054423678951002,True
james_stein,BZ=F,2025-11-28,63.20000076293945,5,2025-12-05,63.03351306929304,68.93606065472291,57.63636233519715,11.29969831952576,0.9,63.75,0.7164869307069566,1.1239010677756183,True
james_stein,BZ=F,2025-11-28,63.20000076293945,6,2025-12-08,63.000268196980926,69.49087367474289,57.11590001686954,12.374973657873348,0.9,62.4900016784668,-0.5102665185141291,0.8165570568226757,True
james_stein,BZ=F,2025-11-28,63.20000076293945,7,2025-12-09,62.967040858540514,70.00204778656989,56.63903214045374,13.363015646116146,0.9,61.939998626708984,-1.0270422318315298,1.6581244020058172,True
james_stein,BZ=F,2025-12-01,63.16999816894531,0,2025-12-01,63.16999816894531,63.16999816894531,63.16999816894531,0.0,0.9,63.16999816894531,0.0,0.0,True
james_stein,BZ=F,2025-12-01,63.16999816894531,1,2025-12-02,63.137368536511225,65.7155447484005,60.66034027378679,5.055204474613717,0.9,62.45000076293945,-0.687367773571772,1.100668959446492,True
james_stein,BZ=F,2025-12-01,63.16999816894531,2,2025-12-03,63.10475575848492,66.77954170557021,59.63218820661466,7.147353498955553,0.9,62.66999816894531,-0.43475758953960764,0.6937252309591447,True
james_stein,BZ=F,2025-12-01,63.16999816894531,3,2025-12-04,63.07215982616059,67.5995147108132,58.84801632311735,8.751498387695847,0.9,63.2599983215332,0.18783849537260977,0.29693092057618825,True
james_stein,BZ=F,2025-12-01,63.16999816894531,4,2025-12-05,63.03958073083677,68.29306215131625,58.19022626214298,10.10283588917327,0.9,63.75,0.7104192691632321,1.1143831673148739,True
james_stein,BZ=F,2025-12-01,63.16999816894531,5,2025-12-08,63.00701846381644,68.90574721858016,57.61325485821367,11.292492360366488,0.9,62.4900016784668,-0.5170167853496466,0.8273592118142054,True
james_stein,BZ=F,2025-12-01,63.16999816894531,6,2025-12-09,62.97447301640731,69.4609436065636,57.093728443381984,12.36721516318162,0.9,61.939998626708984,-1.0344743896983246,1.670123365569872,True
james_stein,BZ=F,2025-12-01,63.16999816894531,7,2025-12-10,62.941944379921296,69.97253993667373,56.6177584222396,13.354781514434123,0.9,62.209999084472656,-0.7319452954486394,1.1765717830260018,True
james_stein,BZ=F,2025-12-02,62.45000076293945,0,2025-12-02,62.45000076293945,62.45000076293945,62.45000076293945,0.0,0.9,62.45000076293945,0.0,0.0,True
james_stein,BZ=F,2025-12-02,62.45000076293945,1,2025-12-03,62.41721810922517,64.96555153910984,59.96884539876822,4.996706140341622,0.9,62.66999816894531,0.25278005972014483,0.4033509926690954,True
james_stein,BZ=F,2025-12-02,62.45000076293945,2,2025-12-04,62.38445266451601,66.01666672981223,58.9520817550418,7.064584974770426,0.9,63.2599983215332,0.8755456570171916,1.3840431240086877,True
james_stein,BZ=F,2025-12-02,62.45000076293945,3,2025-12-05,62.351704419778265,66.826568025769,58.17648816788326,8.65007985788575,0.9,63.75,1.3982955802217347,2.1934048317203683,True
james_stein,BZ=F,2025-12-02,62.45000076293945,4,2025-12-08,62.318973365982934,67.5114961635619,57.52582392754349,9.98567223601841,0.9,62.4900016784668,0.17102831248386252,0.2736890828773918,True
james_stein,BZ=F,2025-12-02,62.45000076293945,5,2025-12-09,62.286259494105764,68.11648873721064,56.95505146682269,11.161437270387957,0.9,61.939998626708984,-0.3462608673967793,0.5590262755470405,True
james_stein,BZ=F,2025-12-02,62.45000076293945,6,2025-12-10,62.25356279512724,68.66465001883996,56.441066540403284,12.22358347843668,0.9,62.209999084472656,-0.0435637106545812,0.07002686271611683,True
james_stein,BZ=F,2025-12-02,62.45000076293945,7,2025-12-11,62.22088326003257,69.16970866100002,55.97014052252957,13.199568138470447,0.9,61.279998779296875,-0.9408844807356971,1.5353859325688661,True
james_stein,BZ=F,2025-12-03,62.66999816894531,0,2025-12-03,62.66999816894531,62.66999816894531,62.66999816894531,0.0,0.9,62.66999816894531,0.0,0.0,True
james_stein,BZ=F,2025-12-03,62.66999816894531,1,2025-12-04,62.638749590587544,65.19557278017892,60.18219923462668,5.013373545552241,0.9,63.2599983215332,0.6212487309456591,0.9820561925848028,True
james_stein,BZ=F,2025-12-03,62.66999816894531,2,2025-12-05,62.60751659342775,66.25192080862948,59.163584785994324,7.088336022635154,0.9,63.75,1.1424834065722465,1.792130833838818,True
james_stein,BZ=F,2025-12-03,62.66999816894531,3,2025-12-08,62.57629916969683,67.06629300197405,58.386904098906165,8.679388903067881,0.9,62.4900016784668,-0.0862974912300345,0.13809807795183887,True
james_stein,BZ=F,2025-12-03,62.66999816894531,4,2025-12-09,62.54509731162955,67.75530797614282,57.7355385809569,10.019769395185918,0.9,61.939998626708984,-0.6050986849205628,0.9769110402589513,True
james_stein,BZ=F,2025-12-03,62.66999816894531,5,2025-12-10,62.51391101146448,68.36414843298529,57.16430555381158,11.199842879173708,0.9,62.209999084472656,-0.3039119269918231,0.48852585028839557,True
james_stein,BZ=F,2025-12-03,62.66999816894531,6,2025-12-11,62.482740261444235,68.91599244414122,56.65002696933525,12.265965474805974,0.9,61.279998779296875,-1.2027414821473599,1.9626982801992154,True
james_stein,BZ=F,2025-12-03,62.66999816894531,7,2025-12-12,62.45158505381514,69.42461213894028,56.178930721692616,13.24568141724766,0.9,61.119998931884766,-1.3315861219303713,2.1786422532735292,True
james_stein,BZ=F,2025-12-04,63.2599983215332,0,2025-12-04,63.2599983215332,63.2599983215332,63.2599983215332,0.0,0.9,63.2599983215332,0.0,0.0,True
james_stein,BZ=F,2025-12-04,63.2599983215332,1,2025-12-05,63.23056875391464,65.81106069054181,60.75125948423019,5.059801206311619,0.9,63.75,0.519431246085361,0.8147941115064486,True
james_stein,BZ=F,2025-12-04,63.2599983215332,2,2025-12-08,63.20115287740374,66.87941086139608,59.725193053974486,7.154217807421595,0.9,62.4900016784668,-0.7111511989369461,1.1380239715723983,True
james_stein,BZ=F,2025-12-04,63.2599983215332,3,2025-12-09,63.171750685631274,67.70359917639276,58.94324870809886,8.7603504682939,0.9,61.939998626708984,-1.2317520589222895,1.9886213855858061,True
james_stein,BZ=F,2025-12-04,63.2599983215332,4,2025-12-10,63.14236217223077,68.40131158333469,58.2877405184222,10.113571064912492,0.9,62.209999084472656,-0.9323630877581124,1.4987350931995531,True
james_stein,BZ=F,2025-12-04,63.2599983215332,5,2025-12-11,63.11298733083894,69.01814264258104,57.713073944200204,11.305068698380836,0.9,61.279998779296875,-1.8329885515420656,2.9911693669310764,True
james_stein,BZ=F,2025-12-04,63.2599983215332,6,2025-12-12,63.08362615509524,69.57748088233446,57.19586047683729,12.381620405497166,0.9,61.119998931884766,-1.963627223210473,3.212740931816506,True
james_stein,BZ=F,2025-12-04,63.2599983215332,7,2025-12-15,63.054278638642295,70.09322300213985,56.72220343638878,13.37101956575107,0.9,60.560001373291016,-2.494277265351279,4.1186875970768035,True
james_stein,BZ=F,2025-12-05,63.75,0,2025-12-05,63.75,63.75,63.75,0.0,0.9,63.75,0.0,0.0,True
james_stein,BZ=F,2025-12-05,63.75,1,2025-12-08,63.71865889785423,66.31855122400921,61.220690392151354,5.097860831857858,0.9,62.4900016784668,-1.2286572193874363,1.966166084791153,True
james_stein,BZ=F,2025-12-05,63.75,2,2025-12-09,63.687333203781854,67.39314067141684,60.18530031691816,7.2078403544986855,0.9,61.939998626708984,-1.7473345770728699,2.8210116496828697,True
james_stein,BZ=F,2025-12-05,63.75,3,2025-12-10,63.656022910208,68.22168769097088,59.39591044859506,8.825777242375821,0.9,62.209999084472656,-1.4460238257353453,2.324423480173731,True
james_stein,BZ=F,2025-12-05,63.75,4,2025-12-11,63.6247280095613,68.92277360133625,58.73393949154959,10.188834109786654,0.9,61.279998779296875,-2.344729230264427,3.8262553475385865,True
james_stein,BZ=F,2025-12-05,63.75,5,2025-12-12,63.593448494274305,69.54234119070988,58.153444680608075,11.388896510101802,0.9,61.119998931884766,-2.47344956238954,4.046874354736292,True
james_stein,BZ=F,2025-12-05,63.75,6,2025-12-15,63.56218435678308,70.10395827525838,57.63085822261709,12.473100052641286,0.9,60.560001373291016,-3.0021829834920624,4.9573694111838735,True
james_stein,BZ=F,2025-12-05,63.75,7,2025-12-16,63.53093558952762,70.62162846698666,57.15217652857568,13.469451938410984,0.9,58.91999816894531,-4.61093742058231,7.82575961282459,True
james_stein,BZ=F,2025-12-08,62.4900016784668,0,2025-12-08,62.4900016784668,62.4900016784668,62.4900016784668,0.0,0.9,62.4900016784668,0.0,0.0,True
james_stein,BZ=F,2025-12-08,62.4900016784668,1,2025-12-09,62.4546703366477,65.00281035118128,60.006418580769235,4.996391770412046,0.9,61.939998626708984,-0.5146717099387175,0.8309197955273884,True
james_stein,BZ=F,2025-12-08,62.4900016784668,2,2025-12-10,62.4193589708836,66.05113011635565,58.98727799921855,7.0638521171371025,0.9,62.209999084472656,-0.20935988641094383,0.3365373565215164,True
james_stein,BZ=F,2025-12-08,62.4900016784668,3,2025-12-11,62.38406756988032,66.85818518645772,58.20935575367191,8.64882943278581,0.9,61.279998779296875,-1.1040687905834474,1.8016788716981031,True
james_stein,BZ=F,2025-12-08,62.4900016784668,4,2025-12-12,62.3487961223499,67.54022429301301,57.55640314491079,9.983821148102223,0.9,61.119998931884766,-1.2287971904651371,2.010466642570742,True
james_stein,BZ=F,2025-12-08,62.4900016784668,5,2025-12-15,62.31354461701074,68.1422901499364,56.983377491309824,11.158912658626576,0.9,60.560001373291016,-1.7535432437197258,2.8955469021721276,True
james_stein,BZ=F,2025-12-08,62.4900016784668,6,2025-12-16,62.27831304258781,68.68749065151376,56.467170930855445,12.22031972065831,0.9,58.91999816894531,-3.358314873642499,5.699787810605449,True
james_stein,BZ=F,2025-12-08,62.4900016784668,7,2025-12-17,62.24310138781226,69.18955718581239,55.99405210773482,13.195505078077574,0.9,59.68000030517578,-2.5631010826364786,4.294740398005984,True
james_stein,BZ=F,2025-12-09,61.939998626708984,0,2025-12-09,61.939998626708984,61.939998626708984,61.939998626708984,0.0,0.9,61.939998626708984,0.0,0.0,True
james_stein,BZ=F,2025-12-09,61.939998626708984,1,2025-12-10,61.90429213366294,64.4294950327063,59.478060205571644,4.951434827134655,0.9,62.209999084472656,0.30570695080971433,0.4914112768183876,True
james_stein,BZ=F,2025-12-09,61.939998626708984,2,2025-12-11,61.868606224305545,65.46764038114091,58.46742625599229,7.000214125148624,0.9,61.279998779296875,-0.5886074450086696,0.9605213066804557,True
james_stein,BZ=F,2025-12-09,61.939998626708984,3,2025-12-12,61.832940886770864,66.26667403573454,57.695857447820075,8.570816587914464,0.9,61.119998931884766,-0.712941954886098,1.166462642907826,True
james_stein,BZ=F,2025-12-09,61.939998626708984,4,2025-12-15,61.79729610919999,66.94180289237826,57.04814691871632,9.893655973661943,0.9,60.560001373291016,-1.237294735908975,2.043089015606699,True
james_stein,BZ=F,2025-12-09,61.939998626708984,5,2025-12-16,61.76167187974069,67.537666535893,56.47965511739331,11.058011418499689,0.9,58.91999816894531,-2.8416737107953765,4.822935843696485,True
james_stein,BZ=F,2025-12-09,61.939998626708984,6,2025-12-17,61.7260681865476,68.07716631707683,55.967480726567445,12.109685590509386,0.9,59.68000030517578,-2.046067881371819,3.4283979070194017,True
james_stein,BZ=F,2025-12-09,61.939998626708984,7,2025-12-18,61.690485017782166,68.57391104830326,55.498014967360845,13.075896080942414,0.9,59.81999969482422,-1.870485322957947,3.1268561225348623,True
james_stein,BZ=F,2025-12-10,62.209999084472656,0,2025-12-10,62.209999084472656,62.209999084472656,62.209999084472656,0.0,0.9,62.209999084472656,0.0,0.0,True
james_stein,BZ=F,2025-12-10,62.209999084472656,1,2025-12-11,62.18070162813219,64.71663681872623,59.744137597830466,4.972499220895763,0.9,61.279998779296875,-0.9007028488353157,1.4698153831223857,True
james_stein,BZ=F,2025-12-10,62.209999084472656,2,2025-12-12,62.15141796926737,65.76612351482626,58.73538759996619,7.030735914860074,0.9,61.119998931884766,-1.031419037382605,1.6875311770408747,True
james_stein,BZ=F,2025-12-10,62.209999084472656,3,2025-12-15,62.12214810138037,66.57565130856237,57.966556975064925,8.609094333497445,0.9,60.560001373291016,-1.5621467280893526,2.579502464770933,True
james_stein,BZ=F,2025-12-10,62.209999084472656,4,2025-12-16,62.09289201797639,67.26087785887945,57.321988084148806,9.938889774730647,0.9,58.91999816894531,-3.1728938490310767,5.385088166386602,True
james_stein,BZ=F,2025-12-10,62.209999084472656,5,2025-12-17,62.06364971256371,67.86661221419989,56.75687189875478,11.109740315445109,0.9,59.68000030517578,-2.383649407387928,3.9940505951726752,True
james_stein,BZ=F,2025-12-10,62.209999084472656,6,2025-12-18,62.03442117865372,68.41584010786612,56.24822270549223,12.167617402373885,0.9,59.81999969482422,-2.214421483829504,3.701807915624416,True
james_stein,BZ=F,2025-12-10,62.209999084472656,7,2025-12-19,62.005206409760696,68.92221899805857,55.78238306612453,13.139835931934037,0.9,60.470001220703125,-1.5352051890575709,2.5387880900719453,True
james_stein,BZ=F,2025-12-11,61.279998779296875,0,2025-12-11,61.279998779296875,61.279998779296875,61.279998779296875,0.0,0.9,61.279998779296875,0.0,0.0,True
james_stein,BZ=F,2025-12-11,61.279998779296875,1,2025-12-12,61.25062548492239,63.748293290359314,58.85081668314384,4.897476607215474,0.9,61.119998931884766,-0.13062655303762227,0.21372145831219524,True
james_stein,BZ=F,2025-12-11,61.279998779296875,2,2025-12-15,61.22126627002639,64.78139192199399,57.85679085467396,6.924601067320026,0.9,60.560001373291016,-0.6612648967353749,1.0919169117242042,True
james_stein,BZ=F,2025-12-11,61.279998779296875,3,2025-12-16,61.191921127860084,65.57813855440443,57.09907743434662,8.479061120057814,0.9,58.91999816894531,-2.2719229589147716,3.8559453997271564,True
james_stein,BZ=F,2025-12-11,61.279998779296875,4,2025-12-17,61.162590051678116,66.2524489677839,56.4637606626236,9.788688305160306,0.9,59.68000030517578,-1.4825897465023345,2.4842321362618294,True
james_stein,BZ=F,2025-12-11,61.279998779296875,5,2025-12-18,61.133273034738124,66.84845776736849,55.90670595491523,10.941751812453255,0.9,59.81999969482422,-1.3132733399139056,2.1953750361311575,True
james_stein,BZ=F,2025-12-11,61.279998779296875,6,2025-12-19,61.10397007030122,67.38880491851644,55.40527336650184,11.983531552014604,0.9,60.470001220703125,-0.633968849598098,1.048402243757597,True
james_stein,BZ=F,2025-12-11,61.279998779296875,7,2025-12-22,61.07468115163152,67.88694255212029,54.946010787120855,12.940931764999434,0.9,62.06999969482422,0.9953185431926954,1.6035420462160745,True
james_stein,BZ=F,2025-12-12,61.119998931884766,0,2025-12-12,61.119998931884766,61.119998931884766,61.119998931884766,0.0,0.9,61.119998931884766,0.0,0.0,True
james_stein,BZ=F,2025-12-12,61.119998931884766,1,2025-12-15,61.0916816748734,63.582325667904826,58.698601075990595,4.8837245919142305,0.9,60.560001373291016,-0.5316803015823837,0.8779397118984751,True
james_stein,BZ=F,2025-12-12,61.119998931884766,2,2025-12-16,61.06337753741472,64.61354212630377,57.70827528675138,6.9052668395523895,0.9,58.91999816894531,-2.143379368469411,3.6377790819401485,True
james_stein,BZ=F,2025-12-12,61.119998931884766,3,2025-12-17,61.035086513430294,65.40909557558932,56.9535743143985,8.455521261190817,0.9,59.68000030517578,-1.3550862082545123,2.2705867984672103,True
james_stein,BZ=F,2025-12-12,61.119998931884766,4,2025-12-18,61.00680859684466,66.08257609312457,56.32090810030133,9.761667992823241,0.9,59.81999969482422,-1.186808902020438,1.9839667470328053,True
james_stein,BZ=F,2025-12-12,61.119998931884766,5,2025-12-19,60.978543781584975,66.67799132745338,55.76626901464116,10.911722312812223,0.9,60.470001220703125,-0.5085425608818497,0.8409832158358546,True
james_stein,BZ=F,2025-12-12,61.119998931884766,6,2025-12-22,60.950292061581436,67.21791573993936,55.26708261477297,11.95083312516639,0.9,62.06999969482422,1.1197076332427827,1.8039433522603203,True
james_stein,BZ=F,2025-12-12,61.119998931884766,7,2025-12-23,60.922053430766816,67.71576231910545,54.809935930885004,12.905826388220447,0.9,62.380001068115234,1.4579476373484184,2.33720361074766,True
james_stein,BZ=F,2025-12-15,60.560001373291016,0,2025-12-15,60.560001373291016,60.560001373291016,60.560001373291016,0.0,0.9,60.560001373291016,0.0,0.0,True
james_stein,BZ=F,2025-12-15,60.560001373291016,1,2025-12-16,60.53543673621,63.00293934254628,58.16457357520457,4.838365767341706,0.9,58.91999816894531,-1.6154385672646896,2.7417491810380454,True
james_stein,BZ=F,2025-12-15,60.560001373291016,2,2025-12-17,60.51088206315444,64.02825843278487,57.186731885028536,6.841526547756331,0.9,59.68000030517578,-0.8308817579786592,1.3922281396278755,True
james_stein,BZ=F,2025-12-15,60.560001373291016,3,2025-12-18,60.48633735008267,64.82019432740972,56.442240631804765,8.377953695604958,0.9,59.81999969482422,-0.6663376552584523,1.1139044778632883,True
james_stein,BZ=F,2025-12-15,60.560001373291016,4,2025-12-19,60.461802592954676,65.49126121211374,55.81858564228183,9.67267556983191,0.9,60.470001220703125,0.008198627748448928,0.013558173611615479,True
james_stein,BZ=F,2025-12-15,60.560001373291016,5,2025-12-22,60.437277787732086,66.08504715349466,55.272178862300116,10.81286829119454,0.9,62.06999969482422,1.632721907092133,2.630452577927561,True
james_stein,BZ=F,2025-12-15,60.560001373291016,6,2025-12-23,60.41276293037821,66.62391002673675,54.780662429110244,11.843247597626508,0.9,62.380001068115234,1.9672381377370272,3.1536359475033042,True
james_stein,BZ=F,2025-12-15,60.560001373291016,7,2025-12-24,60.38825801685783,67.1211333395597,54.330752847423774,12.790380492135931,0.9,62.2400016784668,1.851743661608964,2.9751664711950236,True
james_stein,BZ=F,2025-12-16,58.91999816894531,0,2025-12-16,58.91999816894531,58.91999816894531,58.91999816894531,0.0,0.9,58.91999816894531,0.0,0.0,True
james_stein,BZ=F,2025-12-16,58.91999816894531,1,2025-12-17,58.89328447257496,61.294003248863454,56.58659529685643,4.707407952007024,0.9,59.68000030517578,0.7867158326008195,1.318223573354424,True
james_stein,BZ=F,2025-12-16,58.91999816894531,2,2025-12-18,58.86658288790863,62.28859848877786,55.632566231576604,6.656032257201254,0.9,59.81999969482422,0.953416806915591,1.5938094479764484,True
james_stein,BZ=F,2025-12-16,58.91999816894531,3,2025-12-19,58.83989340945485,63.05605396571835,54.90564091305594,8.150413052662408,0.9,60.470001220703125,1.6301078112482728,2.6957297475465776,True
james_stein,BZ=F,2025-12-16,58.91999816894531,4,2025-12-22,58.81321603172493,63.70585534636185,54.29633369159186,9.40952165476999,0.9,62.06999969482422,3.2567836630992915,5.246952922686839,True
james_stein,BZ=F,2025-12-16,58.91999816894531,5,2025-12-23,58.786550749232404,64.28041966863161,53.762227546229155,10.518192122402453,0.9,62.380001068115234,3.59345031888283,5.760580726760484,True
james_stein,BZ=F,2025-12-16,58.91999816894531,6,2025-12-24,58.759897556493534,64.80150523778828,53.281564188669435,11.519941049118842,0.9,62.2400016784668,3.4801041219732625,5.591426780403311,True
james_stein,BZ=F,2025-12-16,58.91999816894531,7,2025-12-25,58.73325644802684,65.2820399776514,52.84141571204915,12.440624265602246,0.9,,,,
james_stein,BZ=F,2025-12-17,59.68000030517578,0,2025-12-17,59.68000030517578,59.68000030517578,59.68000030517578,0.0,0.9,59.68000030517578,0.0,0.0,True
james_stein,BZ=F,2025-12-17,59.68000030517578,1,2025-12-18,59.6516319509035,62.0828748790196,57.31559953272324,4.767275346296358,0.9,59.81999969482422,0.16836774392071874,0.28145727980551355,True
james_stein,BZ=F,2025-12-17,59.68000030517578,2,2025-12-19,59.62327708127472,63.08872152439798,56.348188456088415,6.740533068309567,0.9,60.470001220703125,0.8467241394284031,1.4002383369202083,True
james_stein,BZ=F,2025-12-17,59.68000030517578,3,2025-12-22,59.59493568987952,63.86450548172679,55.61080185451469,8.253703627212097,0.9,62.06999969482422,2.4750640049446986,3.9875366797385126,True
james_stein,BZ=F,2025-12-17,59.68000030517578,4,2025-12-23,59.56660777031119,64.52111270441355,54.9925537942464,9.528558910167156,0.9,62.380001068115234,2.8133932978040477,4.510088569463137,True
james_stein,BZ=F,2025-12-17,59.68000030517578,5,2025-12-24,59.53829331616606,65.10150377036645,54.450483717019516,10.651020053346933,0.9,62.2400016784668,2.701708362300735,4.34079095347365,True
james_stein,BZ=F,2025-12-17,59.68000030517578,6,2025-12-25,59.50999232104338,65.6277163113378,53.96255401071795,11.665162300619855,0.9,,,,
james_stein,BZ=F,2025-12-17,59.68000030517578,7,2025-12-26,59.48170477854555,66.11284451523143,53.5156705070666,12.597174008164828,0.9,60.63999938964844,1.158294611102889,1.91011646233726,True
james_stein,BZ=F,2025-12-18,59.81999969482422,0,2025-12-18,59.81999969482422,59.81999969482422,59.81999969482422,0.0,0.9,59.81999969482422,0.0,0.0,True
james_stein,BZ=F,2025-12-18,59.81999969482422,1,2025-12-19,59.79154592002836,62.227959378594775,57.45052544237216,4.777433936222614,0.9,60.470001220703125,0.6784553006747629,1.1219700462689588,True
james_stein,BZ=F,2025-12-18,59.81999969482422,2,2025-12-22,59.76310567945689,63.23591274813603,56.481019174649475,6.754893573486555,0.9,62.06999969482422,2.3068940153673267,3.7166006552432607,True
james_stein,BZ=F,2025-12-18,59.81999969482422,3,2025-12-23,59.73467896667224,64.01331253013421,55.74202818471005,8.271284345424164,0.9,62.380001068115234,2.645322101442993,4.240657351952366,True
james_stein,BZ=F,2025-12-18,59.81999969482422,4,2025-12-24,59.70626577523973,64.67128111884837,55.12243009802684,9.54885102082153,0.9,62.2400016784668,2.5337359032270683,4.07091233113457,True
james_stein,BZ=F,2025-12-18,59.81999969482422,5,2025-12-25,59.677866098727876,65.25287071685011,54.57917273175277,10.673697985097341,0.9,,,,
james_stein,BZ=F,2025-12-18,59.81999969482422,6,2025-12-26,59.64947993070824,65.78016596689895,54.09017146284497,11.689994504053978,0.9,60.63999938964844,0.9905194589401987,1.6334423959596631,True
james_stein,BZ=F,2025-12-18,59.81999969482422,7,2025-12-29,59.62110726475541,66.26628899546948,53.64230418453791,12.623984810931567,0.9,61.939998626708984,2.3188913619535754,3.7437704445696456,True
james_stein,BZ=F,2025-12-19,60.470001220703125,0,2025-12-19,60.470001220703125,60.470001220703125,60.470001220703125,0.0,0.9,60.470001220703125,0.0,0.0,True
james_stein,BZ=F,2025-12-19,60.470001220703125,1,2025-12-22,60.44701807494166,62.90970405198944,58.08073729186102,4.828966760128424,0.9,62.06999969482422,1.6229816198825588,2.614760154442039,True
james_stein,BZ=F,2025-12-19,60.470001220703125,2,2025-12-23,60.424043664503166,63.9346295133739,57.10622053430453,6.828408979069366,0.9,62.380001068115234,1.955957403612068,3.13555205213331,True
james_stein,BZ=F,2025-12-19,60.470001220703125,3,2025-12-24,60.401077986067534,64.72666520670586,56.364563356201444,8.362101850504416,0.9,62.2400016784668,1.8389236923992627,2.954568834845446,True
james_stein,BZ=F,2025-12-19,60.470001220703125,4,2025-12-25,60.37812103631595,65.39809759167971,55.74347930787242,9.654618283807295,0.9,,,,
james_stein,BZ=F,2025-12-19,60.470001220703125,5,2025-12-26,60.355172811930856,65.99242530756146,55.199469760064254,10.792955547497208,0.9,60.63999938964844,0.28482657771758113,0.4697008255019912,True
james_stein,BZ=F,2025-12-19,60.470001220703125,6,2025-12-29,60.33223330959596,66.53195976617232,54.71022331096641,11.821736455205908,0.9,61.939998626708984,1.6077653171130208,2.5956818740059524,True
james_stein,BZ=F,2025-12-19,60.470001220703125,7,2025-12-30,60.30930252599622,67.0299565231534,54.26248441494626,12.767472108207144,0.9,61.91999816894531,1.6106956429490893,2.6012527302639685,True
james_stein,BZ=F,2025-12-22,62.06999969482422,0,2025-12-22,62.06999969482422,62.06999969482422,62.06999969482422,0.0,0.9,62.06999969482422,0.0,0.0,True
james_stein,BZ=F,2025-12-22,62.06999969482422,1,2025-12-23,62.04792077905124,64.57591073701057,59.61889548383696,4.957015253173616,0.9,62.380001068115234,0.33208028906399534,0.5323505664922696,True
james_stein,BZ=F,2025-12-22,62.06999969482422,2,2025-12-24,62.0258497169681,65.62961589806791,58.61996875141196,7.009647146655951,0.9,62.2400016784668,0.21415196149870042,0.34407447899023863,True
james_stein,BZ=F,2025-12-22,62.06999969482422,3,2025-12-25,62.00378650578103,66.44429551233526,57.860039171319904,8.584256341015355,0.9,,,,
james_stein,BZ=F,2025-12-22,62.06999969482422,4,2025-12-26,61.981731142697456,67.13520445344936,57.22385187803276,9.9113525754166,0.9,60.63999938964844,-1.341731753049018,2.2126183485385367,True
james_stein,BZ=F,2025-12-22,62.06999969482422,5,2025-12-29,61.95968362492579,67.74699010153834,56.66675949952975,11.08023060200859,0.9,61.939998626708984,-0.01968499821680325,0.031780753395617506,True
james_stein,BZ=F,2025-12-22,62.06999969482422,6,2025-12-30,61.93764394967525,68.30255249682337,56.16586200369541,12.136690493127958,0.9,61.91999816894531,-0.017645780729935723,0.028497708739897213,True
james_stein,BZ=F,2025-12-22,62.06999969482422,7,2025-12-31,61.91561211415624,68.8154965654898,55.70755447244902,13.107942093040776,0.9,60.849998474121094,-1.0656136400351457,1.7512139141438774,True
james_stein,BZ=F,2025-12-23,62.380001068115234,0,2025-12-23,62.380001068115234,62.380001068115234,62.380001068115234,0.0,0.9,62.380001068115234,0.0,0.0,True
james_stein,BZ=F,2025-12-23,62.380001068115234,1,2025-12-24,62.35457366601521,64.89452116013909,59.91403877495202,4.980482385187074,0.9,62.2400016784668,-0.11457198754841613,0.1840809518937636,True
james_stein,BZ=F,2025-12-23,62.380001068115234,2,2025-12-25,62.32915662865984,65.94977450503984,58.90730931525971,7.042465189780131,0.9,,,,
james_stein,BZ=F,2025-12-23,62.380001068115234,3,2025-12-26,62.30374995182409,66.76478572226569,58.14078808261457,8.623997639651115,0.9,60.63999938964844,-1.6637505621756503,2.7436520100949426,True
james_stein,BZ=F,2025-12-23,62.380001068115234,4,2025-12-29,62.27835363128492,67.45537473654113,57.498655165313515,9.956719571227616,0.9,61.939998626708984,-0.3383550045759378,0.5462625316075429,True
james_stein,BZ=F,2025-12-23,62.380001068115234,5,2025-12-30,62.252967662820765,68.0664103753328,56.93604174890734,11.13036862642545,0.9,61.91999816894531,-0.3329694938754528,0.5377414465791227,True
james_stein,BZ=F,2025-12-23,62.380001068115234,6,2025-12-31,62.227592042212024,68.6209075185725,56.42993296647853,12.190974552093962,0.9,60.849998474121094,-1.37759356809093,2.2639171777084055,True
james_stein,BZ=F,2025-12-23,62.380001068115234,7,2026-01-01,62.20222676524057,69.13254005411494,55.966654943182725,13.165885110932216,0.9,,,,
james_stein,BZ=F,2025-12-24,62.2400016784668,0,2025-12-24,62.2400016784668,62.2400016784668,62.2400016784668,0.0,0.9,62.2400016784668,0.0,0.0,True
james_stein,BZ=F,2025-12-24,62.2400016784668,1,2025-12-25,62.214450703771156,64.74813882067585,59.77990945951285,4.968229361162997,0.9,,,,
james_stein,BZ=F,2025-12-24,62.2400016784668,2,2025-12-26,62.18891021834761,65.80058858154429,58.775470516542505,7.025118065001784,0.9,60.63999938964844,-1.5489108286991708,2.554272500476934,True
james_stein,BZ=F,2025-12-24,62.2400016784668,3,2025-12-29,62.16338021788993,66.61338236367371,58.01065346024616,8.602728903427547,0.9,61.939998626708984,-0.2233815911809458,0.3606419052851287,True
james_stein,BZ=F,2025-12-24,62.2400016784668,4,2025-12-30,62.13786069809392,67.30205627402074,57.369922196956,9.932134077064745,0.9,61.91999816894531,-0.21786252914860427,0.3518451802181556,True
james_stein,BZ=F,2025-12-24,62.2400016784668,5,2025-12-31,62.112351654656884,67.91136933663293,56.808517715909105,11.102851620723825,0.9,60.849998474121094,-1.26235318053579,2.074532805572142,True
james_stein,BZ=F,2025-12-24,62.2400016784668,6,2026-01-01,62.08685308327811,68.46428018200127,56.30348139989576,12.160798782105516,0.9,,,,
james_stein,BZ=F,2025-12-24,62.2400016784668,7,2026-01-02,62.06136497965862,68.97442932094128,55.84117275137805,13.13325656956323,0.9,60.75,-1.3113649796586202,2.1586254809195395,True
james_stein,BZ=F,2025-12-26,60.63999938964844,0,2025-12-26,60.63999938964844,60.63999938964844,60.63999938964844,0.0,0.9,60.63999938964844,0.0,0.0,True
james_stein,BZ=F,2025-12-26,60.63999938964844,1,2025-12-29,60.60979365805791,63.07822024800204,58.237963481360495,4.840256766641545,0.9,61.939998626708984,1.3302049686510742,2.1475702262568017,True
james_stein,BZ=F,2025-12-26,60.63999938964844,2,2025-12-30,60.57960297241443,64.09794615402681,57.25438202772759,6.843564126299228,0.9,61.91999816894531,1.340395196530885,2.1647209886435888,True
james_stein,BZ=F,2025-12-26,60.63999938964844,3,2025-12-31,60.54942732522339,64.88405093332125,56.50438122582929,8.379669707491956,0.9,60.849998474121094,0.30057114889770276,0.4939542422922701,True
james_stein,BZ=F,2025-12-26,60.63999938964844,4,2026-01-01,60.519266708993904,65.54912648927537,55.8753691949439,9.673757294331466,0.9,,,,
james_stein,BZ=F,2025-12-26,60.63999938964844,5,2026-01-02,60.48912111623882,66.13679544707749,55.32372333254156,10.813072114535927,0.9,60.75,0.26087888376117974,0.4294302613352753,True
james_stein,BZ=F,2025-12-26,60.63999938964844,6,2026-01-05,60.45899053947471,66.66943559756797,54.827065870430644,11.842369727137324,0.9,61.7599983215332,1.301007782058491,2.1065541085108523,True
james_stein,BZ=F,2025-12-26,60.63999938964844,7,2026-01-06,60.42887497122187,67.16034356225944,54.372100209737425,12.788243352522016,0.9,60.70000076293945,0.27112579171758,0.4466652196207493,True
james_stein,BZ=F,2025-12-29,61.939998626708984,0,2025-12-29,61.939998626708984,61.939998626708984,61.939998626708984,0.0,0.9,61.939998626708984,0.0,0.0,True
james_stein,BZ=F,2025-12-29,61.939998626708984,1,2025-12-30,61.909750180842074,64.43098382533091,59.487174335950634,4.943809489380278,0.9,61.91999816894531,0.010247988103238015,0.01655036887319819,True
james_stein,BZ=F,2025-12-29,61.939998626708984,2,2025-12-31,61.87951650682693,65.47316112688156,58.483117314257015,6.990043812624549,0.9,60.849998474121094,-1.0295180327058375,1.6918949195104442,True
james_stein,BZ=F,2025-12-29,61.939998626708984,3,2026-01-01,61.84929759744969,66.27673485064135,57.71762326431021,8.559111586331134,0.9,,,,
james_stein,BZ=F,2025-12-29,61.939998626708984,4,2026-01-02,61.819093445500044,66.9567020848812,57.07569511979268,9.881006965088524,0.9,60.75,-1.0690934455000445,1.7598246016461638,True
james_stein,BZ=F,2025-12-29,61.939998626708984,5,2026-01-05,61.788904043771176,67.55761684324966,56.51277888900018,11.04483795424948,0.9,61.7599983215332,-0.028905722237972498,0.0468033080044535,True
james_stein,BZ=F,2025-12-29,61.939998626708984,6,2026-01-06,61.758729385059816,68.10233447111288,56.00601924850173,12.096315222611153,0.9,60.70000076293945,-1.0587286221203627,1.7441986965620802,True
james_stein,BZ=F,2025-12-29,61.939998626708984,7,2026-01-07,61.72856946216619,68.60443520994642,55.54183597874784,13.062599231198575,0.9,59.959999084472656,-1.7685703776935355,2.9495837303165127,True
james_stein,BZ=F,2025-12-30,61.91999816894531,0,2025-12-30,61.91999816894531,61.91999816894531,61.91999816894531,0.0,0.9,61.91999816894531,0.0,0.0,True
james_stein,BZ=F,2025-12-30,61.91999816894531,1,2025-12-31,61.88899355490583,64.40882888753517,59.46774051624514,4.941088371290029,0.9,60.849998474121094,-1.038995080784737,1.7074693621013177,True
james_stein,BZ=F,2025-12-30,61.91999816894531,2,2026-01-01,61.85800446551301,65.44960506067328,58.46349588982632,6.986109170846959,0.9,,,,
james_stein,BZ=F,2025-12-30,61.91999816894531,3,2026-01-02,61.82703089299332,66.25188894352993,57.69770205799481,8.554186885535124,0.9,60.75,-1.0770308929933208,1.7728903588367422,True
james_stein,BZ=F,2025-12-30,61.91999816894531,4,2026-01-05,61.796072829577156,66.930618958267,57.05542062205487,9.875198336212136,0.9,61.7599983215332,-0.036074508043952846,0.05841079829073624,True
james_stein,BZ=F,2025-12-30,61.91999816894531,5,2026-01-06,61.765130267498776,67.53032700016057,56.49211971018625,11.038207289974316,0.9,60.70000076293945,-1.065129504559323,1.7547438075316149,True
james_stein,BZ=F,2025-12-30,61.91999816894531,6,2026-01-07,61.7342031989963,68.07385736894916,55.984955046095926,12.088902322853237,0.9,59.959999084472656,-1.7742041145236414,2.9589795557269984,True
james_stein,BZ=F,2025-12-30,61.91999816894531,7,2026-01-08,61.70329161631187,68.57478391902448,55.52035279882781,13.054431120196675,0.9,61.9900016784668,0.2867100621549241,0.4625101700142676,True
james_stein,BZ=F,2025-12-31,60.849998474121094,0,2025-12-31,60.849998474121094,60.849998474121094,60.849998474121094,0.0,0.9,60.849998474121094,0.0,0.0,True
james_stein,BZ=F,2025-12-31,60.849998474121094,1,2026-01-01,60.81789642328524,63.293862805593555,58.43878634354058,4.855076462052978,0.9,,,,
james_stein,BZ=F,2025-12-31,60.849998474121094,2,2026-01-02,60.78581130822083,64.31478630419079,57.450472414270685,6.864313889920105,0.9,60.75,-0.03581130822082912,0.058948655507537646,True
james_stein,BZ=F,2025-12-31,60.849998474121094,3,2026-01-05,60.753743119993246,65.10132669116861,56.69649899148424,8.404827699684368,0.9,61.7599983215332,1.0062552015399575,1.6292992695712512,True
james_stein,BZ=F,2025-12-31,60.849998474121094,4,2026-01-06,60.72169184967256,65.76643140162537,56.063918666498694,9.702512735126675,0.9,60.70000076293945,-0.0216910867331066,0.03573490355926017,True
james_stein,BZ=F,2025-12-31,60.849998474121094,5,2026-01-07,60.689657488333545,66.35386223424238,55.508969667035906,10.844892567206479,0.9,59.959999084472656,-0.7296584038608884,1.2169086307572043,True
james_stein,BZ=F,2025-12-31,60.849998474121094,6,2026-01-08,60.65764002705564,66.88606907587943,55.009202132626385,11.876866943253049,0.9,61.9900016784668,1.332361651411155,2.1493170113495443,True
james_stein,BZ=F,2025-12-31,60.849998474121094,7,2026-01-09,60.62563945692316,67.37639179772617,54.55127621845846,12.82511557926771,0.9,63.34000015258789,2.7143606956647304,4.285381574243381,True
james_stein,BZ=F,2026-01-02,60.75,0,2026-01-02,60.75,60.75,60.75,0.0,0.9,60.75,0.0,0.0,True
james_stein,BZ=F,2026-01-02,60.75,1,2026-01-05,60.718239135072125,63.18960913348628,58.343525371010664,4.846083762475615,0.9,61.7599983215332,1.0417591864610785,1.6867862933504312,True
james_stein,BZ=F,2026-01-02,60.75,2,2026-01-06,60.68649487512432,64.20892908955825,57.35729769128637,6.851631398271884,0.9,60.70000076293945,0.013505887815135509,0.02225022676339333,True
james_stein,BZ=F,2026-01-02,60.75,3,2026-01-07,60.65476721147537,64.9943073565986,56.604969498221045,8.389337858377552,0.9,59.959999084472656,-0.6947681270027104,1.15871937560224,True
james_stein,BZ=F,2026-01-02,60.75,4,2026-01-08,60.623056135448465,65.65848047947719,55.973804272708925,9.684676206768266,0.9,61.9900016784668,1.366945543018332,2.205106478474515,True
james_stein,BZ=F,2026-01-02,60.75,5,2026-01-09,60.5913616383714,66.24512832423967,55.42012217445641,10.825006149783263,0.9,63.34000015258789,2.7486385142164877,4.3394987489658,True
james_stein,BZ=F,2026-01-02,60.75,6,2026-01-12,60.55968371157644,66.7766586365603,54.92151548352899,11.855143153031307,0.9,63.869998931884766,3.3103152203083255,5.182895374460029,True
james_stein,BZ=F,2026-01-02,60.75,7,2026-01-13,60.52802234640052,67.2663861828808,54.46466945921282,12.801716723667973,0.9,65.47000122070312,4.941978874302606,7.5484630856243795,True
james_stein,BZ=F,2026-01-05,61.7599983215332,0,2026-01-05,61.7599983215332,61.7599983215332,61.7599983215332,0.0,0.9,61.7599983215332,0.0,0.0,True
james_stein,BZ=F,2026-01-05,61.7599983215332,1,2026-01-06,61.72666952835844,64.23878491081274,59.31279267428735,4.9259922365253885,0.9,60.70000076293945,-1.0266687654189894,1.6913817998595888,True
james_stein,BZ=F,2026-01-05,61.7599983215332,2,2026-01-07,61.69335872107237,65.27380333824131,58.30931117288047,6.964492165360838,0.9,59.959999084472656,-1.7333596365997153,2.890860011785072,True
james_stein,BZ=F,2026-01-05,61.7599983215332,3,2026-01-08,61.66006588996889,66.07099557221508,57.543611877314426,8.527383694900657,0.9,61.9900016784668,0.32993578849790595,0.5322403283826888,True
james_stein,BZ=F,2026-01-05,61.7599983215332,4,2026-01-09,61.626791025347146,66.74496335319355,56.90109307551355,9.843870277680004,0.9,63.34000015258789,1.713209127240745,2.7047823225664267,True
james_stein,BZ=F,2026-01-05,61.7599983215332,5,2026-01-12,61.593534117511474,67.34011004420822,56.33735143281584,11.00275861139238,0.9,63.869998931884766,2.2764648143732913,3.5642161459890827,True
james_stein,BZ=F,2026-01-05,61.7599983215332,6,2026-01-13,61.560295156771595,67.87921495080997,55.82960767202592,12.049607278784045,0.9,65.47000122070312,3.90970606393153,5.971751933762285,True
james_stein,BZ=F,2026-01-05,61.7599983215332,7,2026-01-14,61.527074133442305,68.37581385970013,55.36432603478348,13.01148782491665,0.9,66.5199966430664,4.992922509624101,7.505897116043419,True
james_stein,BZ=F,2026-01-06,60.70000076293945,0,2026-01-06,60.70000076293945,60.70000076293945,60.70000076293945,0.0,0.9,60.70000076293945,0.0,0.0,True
james_stein,BZ=F,2026-01-06,60.70000076293945,1,2026-01-07,60.66728718113561,63.13602710807748,58.29507972711042,4.840947380967059,0.9,59.959999084472656,-0.7072880966629569,1.1795999123791139,True
james_stein,BZ=F,2026-01-06,60.70000076293945,2,2026-01-08,60.63459122994828,64.15321351810728,57.30895542099713,6.844258097110149,0.9,61.9900016784668,1.3554104485185192,2.186498486560523,True
james_stein,BZ=F,2026-01-06,60.70000076293945,3,2026-01-09,60.601912899875614,64.93668072214606,56.55650714329793,8.380173578848137,0.9,63.34000015258789,2.738087252712276,4.322840615908028,True
james_stein,BZ=F,2026-01-06,60.70000076293945,4,2026-01-12,60.569252181420865,65.59905167886329,55.92511196314487,9.673939715718419,0.9,63.869998931884766,3.300746750463901,5.167914209586942,True
james_stein,BZ=F,2026-01-06,60.70000076293945,5,2026-01-13,60.536609065092556,66.18396302491446,55.371133271670416,10.812829753244046,0.9,65.47000122070312,4.933392155610569,7.53534758458278,True
james_stein,BZ=F,2026-01-06,60.70000076293945,6,2026-01-14,60.50398354140416,66.71380071314111,54.87218514380674,11.841615569334373,0.9,66.5199966430664,6.016013101662246,9.043916724685094,True
james_stein,BZ=F,2026-01-06,60.70000076293945,7,2026-01-15,60.471375600874325,67.20186678539609,54.414965565460896,12.786901219935196,0.9,63.7599983215332,3.2886227206588785,5.157814942332324,True
james_stein,BZ=F,2026-01-07,59.959999084472656,0,2026-01-07,59.959999084472656,59.959999084472656,59.959999084472656,0.0,0.9,59.959999084472656,0.0,0.0,True
james_stein,BZ=F,2026-01-07,59.959999084472656,1,2026-01-08,59.928121844538886,62.366388033053745,57.58518171535752,4.781206317696224,0.9,61.9900016784668,2.061879833927911,3.3261490209704854,True
james_stein,BZ=F,2026-01-07,59.959999084472656,2,2026-01-09,59.89626155187732,63.371471261033044,56.61162785874723,6.759843402285817,0.9,63.34000015258789,3.4437386007105673,5.436909681740609,True
james_stein,BZ=F,2026-01-07,59.959999084472656,3,2026-01-12,59.86441819747814,64.14573073959971,55.868855569996036,8.276875169603677,0.9,63.869998931884766,4.005580734406628,6.271458903073487,True
james_stein,BZ=F,2026-01-07,59.959999084472656,4,2026-01-13,59.83259177233614,64.80039698306,55.24563436132787,9.554762621732124,0.9,65.47000122070312,5.637409448366988,8.610675642670232,False
james_stein,BZ=F,2026-01-07,59.959999084472656,5,2026-01-14,59.800782267451076,65.37856677276623,54.69886747790787,10.679699294858366,0.9,66.5199966430664,6.71921437561533,10.101044369664285,False
james_stein,BZ=F,2026-01-07,59.959999084472656,6,2026-01-15,59.768989673827434,65.90234894301307,54.206446111945894,11.695902831067173,0.9,63.7599983215332,3.991008647705769,6.259424016261171,True
james_stein,BZ=F,2026-01-07,59.959999084472656,7,2026-01-16,59.737213982474536,66.38488076939376,53.75523301434015,12.629647755053611,0.9,64.12999725341797,4.392783270943433,6.8498104772791155,True
james_stein,BZ=F,2026-01-08,61.9900016784668,0,2026-01-08,61.9900016784668,61.9900016784668,61.9900016784668,0.0,0.9,61.9900016784668,0.0,0.0,True
james_stein,BZ=F,2026-01-08,61.9900016784668,1,2026-01-09,61.963274048371595,64.48482467826449,59.5403236335035,4.94450104476099,0.9,63.34000015258789,1.3767261042162957,2.1735492593933103,True
james_stein,BZ=F,2026-01-08,61.9900016784668,2,2026-01-12,61.93655794217045,65.53083817820382,58.53941924704045,6.991418931163373,0.9,63.869998931884766,1.9334409897143132,3.027150496395442,True
james_stein,BZ=F,2026-01-08,61.9900016784668,3,2026-01-13,61.90985335489464,66.33830632008919,57.77702439267532,8.561281927413866,0.9,65.47000122070312,3.5601478658084815,5.437830761308556,True
james_stein,BZ=F,2026-01-08,61.9900016784668,4,2026-01-14,61.88316028157778,67.0222212068898,57.13814698283642,9.884074224053379,0.9,66.5199966430664,4.636836361488626,6.970590191651699,True
james_stein,BZ=F,2026-01-08,61.9900016784668,5,2026-01-15,61.85647871725538,67.62713214178142,56.57823772974025,11.048894412041165,0.9,63.7599983215332,1.9035196042778253,2.9854448782740373,True
james_stein,BZ=F,2026-01-08,61.9900016784668,6,2026-01-16,61.82980865696528,68.1758906867603,56.07444508677826,12.101445599982036,0.9,64.12999725341797,2.300188596452692,3.586759231195972,True
james_stein,BZ=F,2026-01-08,61.9900016784668,7,2026-01-19,61.80315009574745,68.6820740352736,55.61319187588613,13.06888215938747,0.9,,,,
james_stein,BZ=F,2026-01-09,63.34000015258789,0,2026-01-09,63.34000015258789,63.34000015258789,63.34000015258789,0.0,0.9,63.34000015258789,0.0,0.0,True
james_stein,BZ=F,2026-01-09,63.34000015258789,1,2026-01-12,63.3172862955635,65.89381315343702,60.84150471758272,5.0523084358543,0.9,63.869998931884766,0.5527126363212673,0.8653712941356348,True
james_stein,BZ=F,2026-01-09,63.34000015258789,2,2026-01-13,63.29458058377595,66.96749042360709,59.82311575265269,7.144374670954399,0.9,65.47000122070312,2.1754206369271785,3.322774700421512,True
james_stein,BZ=F,2026-01-09,63.34000015258789,3,2026-01-14,63.27188301430431,67.7975413144125,59.04832391502634,8.749217399386161,0.9,66.5199966430664,3.2481136287620984,4.8829130978326045,True
james_stein,BZ=F,2026-01-09,63.34000015258789,4,2026-01-15,63.249193584228735,68.50143768617698,58.39965735292152,10.101780333255462,0.9,63.7599983215332,0.5108047373044684,0.8011366856199525,True
james_stein,BZ=F,2026-01-09,63.34000015258789,5,2026-01-16,63.22651229063041,69.12468591054721,57.83160970323159,11.293076207315622,0.9,64.12999725341797,0.9034849627875587,1.4088336215224229,True
james_stein,BZ=F,2026-01-09,63.34000015258789,6,2026-01-19,63.20383913059159,69.6906266987831,57.320840263235205,12.369786435547901,0.9,,,,
james_stein,BZ=F,2026-01-09,63.34000015258789,7,2026-01-20,63.18117410119556,70.21312683061664,56.85348226173744,13.359644568879204,0.9,64.91999816894531,1.7388240677497535,2.6784105311043054,True
james_stein,BZ=F,2026-01-12,63.869998931884766,0,2026-01-12,63.869998931884766,63.869998931884766,63.869998931884766,0.0,0.9,63.869998931884766,0.0,0.0,True
james_stein,BZ=F,2026-01-12,63.869998931884766,1,2026-01-13,63.84427121197913,66.44173890945557,61.34834869604328,5.093390213412285,0.9,65.47000122070312,1.6257300087239983,2.4831678301693767,True
james_stein,BZ=F,2026-01-12,63.869998931884766,2,2026-01-14,63.818553855555315,67.52114577030957,60.318997400741836,7.2021483695677375,0.9,66.5199966430664,2.701442787511091,4.061098803126099,True
james_stein,BZ=F,2026-01-12,63.869998931884766,3,2026-01-15,63.79284685843875,68.35487120907406,59.535293364198324,8.819577844875738,0.9,63.7599983215332,-0.03284853690554712,0.051519036653508536,True
james_stein,BZ=F,2026-01-12,63.869998931884766,4,2026-01-16,63.76715021645656,69.0613592009379,58.87879262406571,10.18256657687219,0.9,64.12999725341797,0.3628470369614121,0.5657992398277754,True
james_stein,BZ=F,2026-01-12,63.869998931884766,5,2026-01-19,63.74146392543755,69.68649492480263,58.30361001428088,11.382884910521753,0.9,,,,
james_stein,BZ=F,2026-01-12,63.869998931884766,6,2026-01-20,63.71578798121221,70.25381448158926,57.78620944675785,12.467605034831408,0.9,64.91999816894531,1.2042101877331035,1.8549140814811995,True
james_stein,BZ=F,2026-01-12,63.869998931884766,7,2026-01-21,63.69012237961277,70.77730137310161,57.31260743252452,13.464693940577085,0.9,65.23999786376953,1.5498754841567646,2.375652260739074,True
james_stein,BZ=F,2026-01-13,65.47000122070312,0,2026-01-13,65.47000122070312,65.47000122070312,65.47000122070312,0.0,0.9,65.47000122070312,0.0,0.0,True
james_stein,BZ=F,2026-01-13,65.47000122070312,1,2026-01-14,65.44794174693669,68.11067083043481,62.88930980542325,5.221361025011561,0.9,66.5199966430664,1.072054896129714,1.6116280069618099,True
james_stein,BZ=F,2026-01-13,65.47000122070312,2,2026-01-15,65.42588970589323,69.22175958805339,61.83817154145937,7.383588046594021,0.9,63.7599983215332,-1.6658913843600232,2.612753181013516,True
james_stein,BZ=F,2026-01-13,65.47000122070312,3,2026-01-16,65.4038450950684,70.08110716365948,61.03874676566017,9.04236039799931,0.9,64.12999725341797,-1.2738478416504364,1.98635255918796,True
james_stein,BZ=F,2026-01-13,65.47000122070312,4,2026-01-19,65.38180791195866,70.81010764417893,60.369641398048,10.440466246130924,0.9,,,,
james_stein,BZ=F,2026-01-13,65.47000122070312,5,2026-01-20,65.35977815406122,71.45578568700863,59.78383078817327,11.67195489883536,0.9,64.91999816894531,-0.439779985115905,0.6774183572393802,True
james_stein,BZ=F,2026-01-13,65.47000122070312,6,2026-01-21,65.33775581887434,72.04226020301091,59.25719603212046,12.78506417089045,0.9,65.23999786376953,-0.09775795510481089,0.1498435902909493,True
james_stein,BZ=F,2026-01-13,65.47000122070312,7,2026-01-22,65.31574090389698,72.58385998345128,58.77540834556964,13.808451637881639,0.9,64.05999755859375,-1.2557433453032303,1.96026130683917,True
james_stein,BZ=F,2026-01-14,66.5199966430664,0,2026-01-14,66.5199966430664,66.5199966430664,66.5199966430664,0.0,0.9,66.5199966430664,0.0,0.0,True
james_stein,BZ=F,2026-01-14,66.5199966430664,1,2026-01-15,66.49770790677552,69.20280482718648,63.89835163325148,5.304453193935004,0.9,63.7599983215332,-2.737709585242314,4.2937729882557525,False
james_stein,BZ=F,2026-01-14,66.5199966430664,2,2026-01-16,66.47542663873165,70.33169746830625,62.830594253646886,7.501103214659359,0.9,64.12999725341797,-2.345429385313679,3.6573046713933444,True
james_stein,BZ=F,2026-01-14,66.5199966430664,3,2026-01-19,66.45315283643241,71.20484590528231,62.01855317230093,9.186292732981379,0.9,,,,
james_stein,BZ=F,2026-01-14,66.5199966430664,4,2026-01-20,66.43088649737628,71.9455753594528,61.338903174779674,10.60667218467313,0.9,64.91999816894531,-1.5108883284309655,2.3273080268719166,True
james_stein,BZ=F,2026-01-14,66.5199966430664,5,2026-01-21,66.4086276190626,72.60165846094671,60.74387163785757,11.857786823089135,0.9,65.23999786376953,-1.1686297552930682,1.7912780404029667,True
james_stein,BZ=F,2026-01-14,66.5199966430664,6,2026-01-22,66.3863761989914,73.19759770886235,60.20895606933858,12.988641639523763,0.9,64.05999755859375,-2.3263786403976496,3.6315621746157283,True
james_stein,BZ=F,2026-01-14,66.5199966430664,7,2026-01-23,66.36413223466371,73.74794975307802,59.7195998262462,14.028349926831815,0.9,65.87999725341797,-0.48413498124574517,0.7348740155277214,True
james_stein,BZ=F,2026-01-15,63.7599983215332,0,2026-01-15,63.7599983215332,63.7599983215332,63.7599983215332,0.0,0.9,63.7599983215332,0.0,0.0,True
james_stein,BZ=F,2026-01-15,63.7599983215332,1,2026-01-16,63.737586944169635,66.33157971855869,61.24503602511002,5.086543693448668,0.9,64.12999725341797,0.39241030924833353,0.6118982162086698,True
james_stein,BZ=F,2026-01-15,63.7599983215332,2,2026-01-19,63.715183444313105,67.41302197226064,60.220184210299024,7.192837761961613,0.9,,,,
james_stein,BZ=F,2026-01-15,63.7599983215332,3,2026-01-20,63.6927878191947,68.2491989965983,59.44056897111945,8.808630025478848,0.9,64.91999816894531,1.2272103497506137,1.8903425513922052,True
james_stein,BZ=F,2026-01-15,63.7599983215332,4,2026-01-21,63.67040006604648,68.95837592391874,58.7879251832014,10.170450740717335,0.9,65.23999786376953,1.5695977977230484,2.405882662658257,True
james_stein,BZ=F,2026-01-15,63.7599983215332,5,2026-01-22,63.64802018210148,69.58636606417606,58.21643954456676,11.369926519609301,0.9,64.05999755859375,0.41197737649226696,0.6431117580287817,True
james_stein,BZ=F,2026-01-15,63.7599983215332,6,2026-01-23,63.625648164593706,70.15666738360119,57.702614096959245,12.454053286641944,0.9,65.87999725341797,2.254349088824263,3.421902220415322,True
james_stein,BZ=F,2026-01-15,63.7599983215332,7,2026-01-26,63.603284010758145,70.6832399840412,57.23248874650518,13.45075123753601,0.9,65.58999633789062,1.98671232713248,3.0289867938058994,True
james_stein,BZ=F,2026-01-16,64.12999725341797,0,2026-01-16,64.12999725341797,64.12999725341797,64.12999725341797,0.0,0.9,64.12999725341797,0.0,0.0,True
james_stein,BZ=F,2026-01-16,64.12999725341797,1,2026-01-19,64.10575887971261,66.71419667779062,61.599307586535545,5.11488909125508,0.9,,,,
james_stein,BZ=F,2026-01-16,64.12999725341797,2,2026-01-20,64.08152966706733,67.79985539567582,60.567126884066084,7.232728511609736,0.9,64.91999816894531,0.8384685018779834,1.291541166861997,True
james_stein,BZ=F,2026-01-16,64.12999725341797,3,2026-01-21,64.05730961201972,68.63883747402825,59.78159108948759,8.857246384540659,0.9,65.23999786376953,1.1826882517498092,1.8128269320600405,True
james_stein,BZ=F,2026-01-16,64.12999725341797,4,2026-01-22,64.03309871110851,69.35007727643737,59.123765849640634,10.226311426796741,0.9,64.05999755859375,0.026898847485242072,0.041990085092710946,True
james_stein,BZ=F,2026-01-16,64.12999725341797,5,2026-01-23,64.00889696087394,69.97964869936408,58.547577278492525,11.432071420871551,0.9,65.87999725341797,1.8711002925440283,2.840164496890522,True
james_stein,BZ=F,2026-01-16,64.12999725341797,6,2026-01-26,63.98470435785733,70.55118402472183,58.029393104555325,12.52179092016651,0.9,65.58999633789062,1.605291980033293,2.4474646587317057,True
james_stein,BZ=F,2026-01-16,64.12999725341797,7,2026-01-27,63.96052089860155,71.07872353642293,57.55517305434048,13.523550482082449,0.9,67.56999969482422,3.6094787962226675,5.341836336428383,True
james_stein,BZ=F,2026-01-20,64.91999816894531,0,2026-01-20,64.91999816894531,64.91999816894531,64.91999816894531,0.0,0.9,64.91999816894531,0.0,0.0,True
james_stein,BZ=F,2026-01-20,64.91999816894531,1,2026-01-21,64.89835547070793,67.53861081843166,62.361314391336926,5.177296427094738,0.9,65.23999786376953,0.3416423930616048,0.5236701475297456,True
james_stein,BZ=F,2026-01-20,64.91999816894531,2,2026-01-22,64.87671998760304,68.64056438384992,61.31926265658974,7.3213017272601775,0.9,64.05999755859375,-0.8167224290092889,1.2749335937177606,True
james_stein,BZ=F,2026-01-20,64.91999816894531,3,2026-01-23,64.85509171722535,69.4929073269561,60.52679450954767,8.96611281740843,0.9,65.87999725341797,1.0249055361926196,1.5557158149994392,True
james_stein,BZ=F,2026-01-20,64.91999816894531,4,2026-01-26,64.83347065717017,70.2160078802174,59.86354172434235,10.352466155875057,0.9,65.58999633789062,0.7565256807204577,1.1534162569901243,True
james_stein,BZ=F,2026-01-20,64.91999816894531,5,2026-01-27,64.81185680503386,70.85649313300756,59.28287721819851,11.573615914809054,0.9,67.56999969482422,2.7581428897903635,4.081904546762391,True
james_stein,BZ=F,2026-01-20,64.91999816894531,6,2026-01-28,64.79025015841343,71.43827799501226,58.760886088027995,12.677391906984262,0.9,68.4000015258789,3.6097513674654778,5.277414162190831,True
james_stein,BZ=F,2026-01-20,64.91999816894531,7,2026-01-29,64.76865071490678,71.97557001061588,58.28336079604325,13.692209214572635,0.9,70.70999908447266,5.941348369565873,8.402416131370796,True
james_stein,BZ=F,2026-01-21,65.23999786376953,0,2026-01-21,65.23999786376953,65.23999786376953,65.23999786376953,0.0,0.9,65.23999786376953,0.0,0.0,True
james_stein,BZ=F,2026-01-21,65.23999786376953,1,2026-01-22,65.21786101949859,67.87055831021299,62.66884348465125,5.201714825561737,0.9,64.05999755859375,-1.157863460904835,1.8074672260887497,True
james_stein,BZ=F,2026-01-21,65.23999786376953,2,2026-01-23,65.19573168656869,68.97728383734282,61.62149614603898,7.355787691303846,0.9,65.87999725341797,0.6842655668492768,1.038654516358189,True
james_stein,BZ=F,2026-01-21,65.23999786376953,3,2026-01-26,65.17360986243116,69.83321111652432,60.82491918369329,9.008291932831035,0.9,65.58999633789062,0.4163864754594613,0.6348322895376034,True
james_stein,BZ=F,2026-01-21,65.23999786376953,4,2026-01-27,65.15149554453812,70.55927844649237,60.15817430600418,10.401104140488194,0.9,67.56999969482422,2.418504150286097,3.579257305326511,True
james_stein,BZ=F,2026-01-21,65.23999786376953,5,2026-01-28,65.12938873034264,71.20233405361749,59.57441329372506,11.627920759892433,0.9,68.4000015258789,3.270612795536266,4.781597547624091,True
james_stein,BZ=F,2026-01-21,65.23999786376953,6,2026-01-29,65.10728941729857,71.78640642056166,59.04960767131701,12.736798749244649,0.9,70.70999908447266,5.602709667174082,7.92350408671465,True
james_stein,BZ=F,2026-01-21,65.23999786376953,7,2026-01-30,65.08519760286069,72.32577065305591,58.56948234017109,13.75628831288482,0.9,70.69000244140625,5.6048048385455616,7.928709357721822,True
james_stein,BZ=F,2026-01-22,64.05999755859375,0,2026-01-22,64.05999755859375,64.05999755859375,64.05999755859375,0.0,0.9,64.05999755859375,0.0,0.0,True
james_stein,BZ=F,2026-01-22,64.05999755859375,1,2026-01-23,64.03450576327171,66.6388300926876,61.531961510177005,5.106868582510593,0.9,65.87999725341797,1.8454914901462587,2.8012926033486005,True
james_stein,BZ=F,2026-01-22,64.05999755859375,2,2026-01-26,64.00902411205911,67.7213976603078,60.50015666140851,7.22124099889929,0.9,65.58999633789062,1.5809722258315162,2.410386208419722,True
james_stein,BZ=F,2026-01-22,64.05999755859375,3,2026-01-27,63.983552600919346,68.55764154973778,59.71464173639256,8.842999813345223,0.9,67.56999969482422,3.586447093904873,5.307750643929025,True
james_stein,BZ=F,2026-01-22,64.05999755859375,4,2026-01-28,63.95809122581724,69.26631736816849,59.05666114032249,10.209656227845997,0.9,68.4000015258789,4.441910300061664,6.494020761653174,True
james_stein,BZ=F,2026-01-22,64.05999755859375,5,2026-01-29,63.93263998271932,69.89343078354162,58.48020921763782,11.413221565903797,0.9,70.70999908447266,6.7773591017533334,9.58472520082607,False
james_stein,BZ=F,2026-01-22,64.05999755859375,6,2026-01-30,63.90719886759362,70.46257958320422,57.9616881933694,12.50089138983482,0.9,70.69000244140625,6.782803573812629,9.59513840650208,False
james_stein,BZ=F,2026-01-22,64.05999755859375,7,2026-02-02,63.88176787640998,70.98778385052249,57.48707799652615,13.500705853996337,0.9,66.30000305175781,2.4182351753478315,3.6474133695891537,True
james_stein,BZ=F,2026-01-23,65.87999725341797,0,2026-01-23,65.87999725341797,65.87999725341797,65.87999725341797,0.0,0.9,65.87999725341797,0.0,0.0,True
james_stein,BZ=F,2026-01-23,65.87999725341797,1,2026-01-26,65.85744178762981,68.53609404769144,63.283481486309526,5.252612561381909,0.9,65.58999633789062,-0.26744544973918494,0.4077534146540036,True
james_stein,BZ=F,2026-01-23,65.87999725341797,2,2026-01-27,65.83489404420136,69.65343391713832,62.22569412683007,7.4277397903082445,0.9,67.56999969482422,1.735105650622856,2.567863931418314,True
james_stein,BZ=F,2026-01-23,65.87999725341797,3,2026-01-28,65.81235402048871,70.51751622168221,61.42113582251199,9.096380399170222,0.9,68.4000015258789,2.587647505390194,3.7831103036030878,True
james_stein,BZ=F,2026-01-23,65.87999725341797,4,2026-01-29,65.78982171384884,71.25046382501337,60.747683717120054,10.502780107893315,0.9,70.70999908447266,4.9201773706238185,6.958248386831404,True
james_stein,BZ=F,2026-01-23,65.87999725341797,5,2026-01-30,65.76729712163964,71.89958398092374,60.158030564316206,11.74155341660753,0.9,70.69000244140625,4.922705319766607,6.963792827489225,True
james_stein,BZ=F,2026-01-23,65.87999725341797,6,2026-02-02,65.74478024121991,72.48914068562215,59.62791237534455,12.861228310277596,0.9,66.30000305175781,0.5552228105378987,0.8374400980109429,True
james_stein,BZ=F,2026-01-23,65.87999725341797,7,2026-02-03,65.72227106994929,73.03354900698412,59.1429140897813,13.890634917202817,0.9,67.33000183105469,1.607730761105401,2.3878370969594505,True
james_stein,BZ=F,2026-01-26,65.58999633789062,0,2026-01-26,65.58999633789062,65.58999633789062,65.58999633789062,0.0,0.9,65.58999633789062,0.0,0.0,True
james_stein,BZ=F,2026-01-26,65.58999633789062,1,2026-01-27,65.56764931905008,68.23395423424591,63.0055327361967,5.228421498049215,0.9,67.56999969482422,2.0023503757741423,2.963371888142128,True
james_stein,BZ=F,2026-01-26,65.58999633789062,2,2026-01-28,65.54530991401168,69.34624784691525,61.95270523082738,7.393542616087871,0.9,68.4000015258789,2.8546916118672243,4.17352565524017,True
james_stein,BZ=F,2026-01-26,65.58999633789062,3,2026-01-29,65.52297812018124,70.20645296320046,61.151938041765355,9.054514921435107,0.9,70.70999908447266,5.1870209642914205,7.33562583998173,False
james_stein,BZ=F,2026-01-26,65.58999633789062,4,2026-01-30,65.50065393496565,70.9361293971565,60.48167136223971,10.454458034916797,0.9,70.69000244140625,5.189348506440595,7.34099353121675,True
james_stein,BZ=F,2026-01-26,65.58999633789062,5,2026-02-02,65.47833735577251,71.58236621147424,59.89481613684218,11.687550074632057,0.9,66.30000305175781,0.8216656959853026,1.2393147181967101,True
james_stein,BZ=F,2026-01-26,65.58999633789062,6,2026-02-03,65.45602838001048,72.16931545227513,59.36722032673333,12.802095125541797,0.9,67.33000183105469,1.8739734510442076,2.783266597476718,True
james_stein,BZ=F,2026-01-26,65.58999633789062,7,2026-02-04,65.43372700508893,72.7113256556623,58.884535403090695,13.826790252571612,0.9,69.45999908447266,4.02627207938373,5.796533447239533,True
james_stein,BZ=F,2026-01-27,67.56999969482422,0,2026-01-27,67.56999969482422,67.56999969482422,67.56999969482422,0.0,0.9,67.56999969482422,0.0,0.0,True
james_stein,BZ=F,2026-01-27,67.56999969482422,1,2026-01-28,67.54888083347943,70.29604563166626,64.90907505329399,5.386970578372271,0.9,68.4000015258789,0.8511206923994763,1.2443284699013606,True
james_stein,BZ=F,2026-01-27,67.56999969482422,2,2026-01-29,67.52776857279035,71.44408967121295,63.82612682736299,7.617962843849959,0.9,70.70999908447266,3.182230511682306,4.500396765499461,True
james_stein,BZ=F,2026-01-27,67.56999969482422,3,2026-01-30,67.50666291069398,72.33245085083091,63.00283598486301,9.329614865967898,0.9,70.69000244140625,3.1833395307122743,4.503238676998053,True
james_stein,BZ=F,2026-01-27,67.56999969482422,4,2026-02-02,67.4855638451279,73.08636383496105,62.31396786655123,10.772395968409818,0.9,66.30000305175781,-1.1855607933700867,1.7881760766203372,True
james_stein,BZ=F,2026-01-27,67.56999969482422,5,2026-02-03,67.46447137403042,73.75433972818436,61.71101137304446,12.043328355139906,0.9,67.33000183105469,-0.13446954297573654,0.19971712359840602,True
james_stein,BZ=F,2026-01-27,67.56999969482422,6,2026-02-04,67.44338549534038,74.36125920797794,61.16908583206301,13.192173375914926,0.9,69.45999908447266,2.0166135891322767,2.9032732734128093,True
james_stein,BZ=F,2026-01-27,67.56999969482422,7,2026-02-05,67.42230620699743,74.92190325435723,60.67341026878888,14.248492985568355,0.9,67.55000305175781,0.12769684476037924,0.1890404722299361,True
james_stein,BZ=F,2026-01-28,68.4000015258789,0,2026-01-28,68.4000015258789,68.4000015258789,68.4000015258789,0.0,0.9,68.4000015258789,0.0,0.0,True
james_stein,BZ=F,2026-01-28,68.4000015258789,1,2026-01-29,68.38120906509634,71.16176807474135,65.70929699629178,5.4524710784495625,0.9,70.70999908447266,2.3287900193763136,3.2934380561853196,True
james_stein,BZ=F,2026-01-28,68.4000015258789,2,2026-01-30,68.36242176742155,72.32649375892755,64.61561271702006,7.7108810419074985,0.9,70.69000244140625,2.3275806739846985,3.2926589243139306,True
james_stein,BZ=F,2026-01-28,68.4000015258789,3,2026-02-02,68.34363963143609,73.22844704536266,63.78468022376821,9.443766821594444,0.9,66.30000305175781,-2.043636579678278,3.082407972263427,True
james_stein,BZ=F,2026-01-28,68.4000015258789,4,2026-02-03,68.32486265572177,73.99436993397467,63.08975751923783,10.904612414736839,0.9,67.33000183105469,-0.9948608246670858,1.477589184036269,True
james_stein,BZ=F,2026-01-28,68.4000015258789,5,2026-02-04,68.30609083886084,74.67335538820724,62.48175164261524,12.191603745592005,0.9,69.45999908447266,1.1539082456118166,1.6612557742888965,True
james_stein,BZ=F,2026-01-28,68.4000015258789,6,2026-02-05,68.28732417943588,75.29058151853411,61.93548448605686,13.355097032477254,0.9,67.55000305175781,-0.7373211276780722,1.09151901460778,True
james_stein,BZ=F,2026-01-28,68.4000015258789,7,2026-02-06,68.26856267603004,75.86100542140986,61.43599895573894,14.425006465670918,0.9,68.05000305175781,-0.2185596242722312,0.3211750396337205,True
james_stein,BZ=F,2026-01-29,70.70999908447266,0,2026-01-29,70.70999908447266,70.70999908447266,70.70999908447266,0.0,0.9,70.70999908447266,0.0,0.0,True
james_stein,BZ=F,2026-01-29,70.70999908447266,1,2026-01-30,70.69257776379115,73.56766016663079,67.92985585745767,5.63780430917312,0.9,70.69000244140625,-0.0025753223848994367,0.003643121086371553,True
james_stein,BZ=F,2026-01-29,70.70999908447266,2,2026-02-02,70.6751607353232,74.77411151439222,66.80090533743562,7.9732061769565945,0.9,66.30000305175781,-4.375157683565391,6.599030893180919,False
james_stein,BZ=F,2026-01-29,70.70999908447266,3,2026-02-03,70.6577479980112,75.70891181180971,65.9435888414352,9.765322970374513,0.9,67.33000183105469,-3.3277461669565156,4.942441818591568,True
james_stein,BZ=F,2026-01-29,70.70999908447266,4,2026-02-04,70.64033955079805,76.50309909435764,65.22686833506431,11.276230759293327,0.9,69.45999908447266,-1.18034046632539,1.6993096485502943,True
james_stein,BZ=F,2026-01-29,70.70999908447266,5,2026-02-05,70.62293539262669,77.20742879760815,64.5999883838333,12.607440413774839,0.9,67.55000305175781,-3.0729323408688742,4.54912243085222,True
james_stein,BZ=F,2026-01-29,70.70999908447266,6,2026-02-06,70.6055355224404,77.847930882541,64.03691902784554,13.811011854695451,0.9,68.05000305175781,-2.555532470682593,3.7553745129723115,True
james_stein,BZ=F,2026-01-29,70.70999908447266,7,2026-02-09,70.58813993918274,78.44006803619862,63.52219758114218,14.917870455056445,0.9,69.04000091552734,-1.548139023655395,2.242379784365288,True
james_stein,BZ=F,2026-01-30,70.69000244140625,0,2026-01-30,70.69000244140625,70.69000244140625,70.69000244140625,0.0,0.9,70.69000244140625,0.0,0.0,True
james_stein,BZ=F,2026-01-30,70.69000244140625,1,2026-02-02,70.67344249387126,73.54712167451851,67.91204550517482,5.635076169343691,0.9,66.30000305175781,-4.373439442113451,6.596439277233937,False
james_stein,BZ=F,2026-01-30,70.69000244140625,2,2026-02-03,70.6568864256948,74.75387898017121,66.78443536953833,7.969443610632879,0.9,67.33000183105469,-3.3268845946401058,4.941162192432383,True
james_stein,BZ=F,2026-01-30,70.69000244140625,3,2026-02-04,70.64033423596798,75.6891391394978,65.92830725386395,9.760831885633849,0.9,69.45999908447266,-1.1803351514953278,1.6993019969088716,True
james_stein,BZ=F,2026-01-30,70.69000244140625,4,2026-02-05,70.62378592378239,76.4838717169221,65.21269159422937,11.271180122692726,0.9,67.55000305175781,-3.07378287202458,4.550381544275287,True
james_stein,BZ=F,2026-01-30,70.69000244140625,5,2026-02-06,70.60724148822958,77.18880496194062,64.58686014163978,12.601944820300844,0.9,68.05000305175781,-2.5572384364717635,3.757881442748454,True
james_stein,BZ=F,2026-01-30,70.69000244140625,6,2026-02-09,70.59070092840142,77.82995456681435,64.02479720433651,13.805157362477843,0.9,69.04000091552734,-1.5507000128740742,2.2460892125007437,True
james_stein,BZ=F,2026-01-30,70.69000244140625,7,2026-02-10,70.57416424338997,78.42277455194025,63.51104876242557,14.911725789514684,0.9,68.80000305175781,-1.7741611916321602,2.578722547871793,True
james_stein,BZ=F,2026-02-02,66.30000305175781,0,2026-02-02,66.30000305175781,66.30000305175781,66.30000305175781,0.0,0.9,66.30000305175781,0.0,0.0,True
james_stein,BZ=F,2026-02-02,66.30000305175781,1,2026-02-03,66.27523245068383,68.97360990241427,63.68242060415093,5.29118929826334,0.9,67.33000183105469,1.0547693803708569,1.5665666889739551,True
james_stein,BZ=F,2026-02-02,66.30000305175781,2,2026-02-04,66.25047110425011,70.0970419753705,62.61498057332083,7.482061402049673,0.9,69.45999908447266,3.2095279802225463,4.620685318926265,True
james_stein,BZ=F,2026-02-02,66.30000305175781,3,2026-02-05,66.22571900899894,70.9653030258853,61.80267921436342,9.162623811521883,0.9,67.55000305175781,1.324284042758876,1.9604500117404733,True
james_stein,BZ=F,2026-02-02,66.30000305175781,4,2026-02-06,66.20097616147406,71.7014250024112,61.122484589179045,10.578940413232154,0.9,68.05000305175781,1.8490268902837528,2.717159158504976,True
james_stein,BZ=F,2026-02-02,66.30000305175781,5,2026-02-09,66.17624255822032,72.353068918194,60.52673569487232,11.826333223321676,0.9,69.04000091552734,2.86375835730702,4.147969755694123,True
james_stein,BZ=F,2026-02-02,66.30000305175781,6,2026-02-10,66.15151819578395,72.9446810013706,59.990986313654744,12.953694687715853,0.9,68.80000305175781,2.6484848559738623,3.8495417710685618,True
james_stein,BZ=F,2026-02-02,66.30000305175781,7,2026-02-11,66.12680307071238,73.49078504316691,59.500712664646514,13.990072378520395,0.9,69.4000015258789,3.273198455166522,4.716424183284727,True
james_stein,BZ=F,2026-02-03,67.33000183105469,0,2026-02-03,67.33000183105469,67.33000183105469,67.33000183105469,0.0,0.9,67.33000183105469,0.0,0.0,True
james_stein,BZ=F,2026-02-03,67.33000183105469,1,2026-02-04,67.30297592771328,70.04283759533371,64.67028927206289,5.37254832327082,0.9,69.45999908447266,2.1570231567593794,3.1054177730929,True
james_stein,BZ=F,2026-02-03,67.33000183105469,2,2026-02-05,67.2759608724252,71.1815552440144,63.58465891609861,7.596896327915793,0.9,67.55000305175781,0.27404217933261066,0.4056878859393026,True
james_stein,BZ=F,2026-02-03,67.33000183105469,3,2026-02-06,67.2489566608361,72.0611292172061,62.75813633643684,9.30299288076926,0.9,68.05000305175781,0.8010463909217123,1.1771437986747015,True
james_stein,BZ=F,2026-02-03,67.33000183105469,4,2026-02-09,67.22196328859334,72.80649445767109,62.065786603696026,10.740707853975067,0.9,69.04000091552734,1.8180376269340002,2.6333105487041166,True
james_stein,BZ=F,2026-02-03,67.33000183105469,5,2026-02-10,67.19498075134618,73.46605065194534,61.45921004471777,12.006840607227566,0.9,68.80000305175781,1.6050223004116333,2.3328811471188238,True
james_stein,BZ=F,2026-02-03,67.33000183105469,6,2026-02-11,67.16800904474543,74.0646236338251,60.91358083907953,13.151042794745564,0.9,69.4000015258789,2.2319924811334744,3.2161274237165194,True
james_stein,BZ=F,2026-02-03,67.33000183105469,7,2026-02-12,67.14104816444376,74.61696314746663,60.414149255995376,14.202813891471259,0.9,67.5199966430664,0.3789484786226467,0.5612388884227836,True
james_stein,BZ=F,2026-02-04,69.45999908447266,0,2026-02-04,69.45999908447266,69.45999908447266,69.45999908447266,0.0,0.9,69.45999908447266,0.0,0.0,True
james_stein,BZ=F,2026-02-04,69.45999908447266,1,2026-02-05,69.43454965465749,72.26157336002576,66.71812502233868,5.543448337687082,0.9,67.55000305175781,-1.8845466028996753,2.7898542083790994,True
james_stein,BZ=F,2026-02-04,69.45999908447266,2,2026-02-06,69.40910954925191,73.43909657332155,65.60026897403536,7.838827599286191,0.9,68.05000305175781,-1.3591064974940963,1.997217393892518,True
james_stein,BZ=F,2026-02-04,69.45999908447266,3,2026-02-09,69.38367876483942,74.34929656579943,64.74970310824575,9.59959345755368,0.9,69.04000091552734,-0.3436778493120727,0.4977952560177013,True
james_stein,BZ=F,2026-02-04,69.45999908447266,4,2026-02-10,69.35825729800506,75.12106786851747,64.03753290403283,11.083534964484642,0.9,68.80000305175781,-0.5582542462472446,0.8114160195999895,True
james_stein,BZ=F,2026-02-04,69.45999908447266,5,2026-02-11,69.33284514533482,75.8043421893322,63.41382666365863,12.390515525673571,0.9,69.4000015258789,0.06715638054409112,0.09676711681202031,True
james_stein,BZ=F,2026-02-04,69.45999908447266,6,2026-02-12,69.30744230341621,76.42473024394643,62.852973681537485,13.571756562408943,0.9,67.5199966430664,-1.7874456603498032,2.6472833963527087,True
james_stein,BZ=F,2026-02-04,69.45999908447266,7,2026-02-13,69.28204876883775,76.99744754570459,62.339758454439675,14.657689091264913,0.9,67.75,-1.532048768837754,2.261326596070486,True
james_stein,BZ=F,2026-02-05,67.55000305175781,0,2026-02-05,67.55000305175781,67.55000305175781,67.55000305175781,0.0,0.9,67.55000305175781,0.0,0.0,True
james_stein,BZ=F,2026-02-05,67.55000305175781,1,2026-02-06,67.52337465615734,70.27278610418915,64.88153348859456,5.3912526155945955,0.9,68.05000305175781,0.5266283956004685,0.7738844555229819,True
james_stein,BZ=F,2026-02-05,67.55000305175781,2,2026-02-09,67.49675675754303,71.41599904323267,63.79259877088614,7.623400272346537,0.9,69.04000091552734,1.5432441579843186,2.235289886326229,True
james_stein,BZ=F,2026-02-05,67.55000305175781,3,2026-02-10,67.47014935177708,72.2991789988741,62.96366178130454,9.33551721756956,0.9,68.80000305175781,1.329853699980731,1.9329268037681486,True
james_stein,BZ=F,2026-02-05,67.55000305175781,4,2026-02-11,67.4435524347231,73.04769291843424,62.26935558518313,10.778337333251109,0.9,69.4000015258789,1.956449091155804,2.8190908474638205,True
james_stein,BZ=F,2026-02-05,67.55000305175781,5,2026-02-12,67.41696600224638,73.71010745782803,61.66111353925804,12.048993918569991,0.9,67.5199966430664,0.10303064082002322,0.15259278131288737,True
james_stein,BZ=F,2026-02-05,67.55000305175781,6,2026-02-13,67.39039005021398,74.3113339039462,61.11402436928684,13.197309534659368,0.9,67.75,0.35960994978601946,0.5307895937801025,True
james_stein,BZ=F,2026-02-05,67.55000305175781,7,2026-02-16,67.36382457449442,74.86617265929678,60.613287685406334,14.252884973890446,0.9,,,,
james_stein,BZ=F,2026-02-06,68.05000305175781,0,2026-02-06,68.05000305175781,68.05000305175781,68.05000305175781,0.0,0.9,68.05000305175781,0.0,0.0,True
james_stein,BZ=F,2026-02-06,68.05000305175781,1,2026-02-09,68.02340524005737,70.79262874983236,65.36250655141862,5.430122198413741,0.9,69.04000091552734,1.016595675469972,1.472473438570503,True
james_stein,BZ=F,2026-02-06,68.05000305175781,2,2026-02-10,67.99681782429461,71.94430866987749,64.26592067825595,7.678387991621534,0.9,68.80000305175781,0.803185227463203,1.167420336971456,True
james_stein,BZ=F,2026-02-06,68.05000305175781,3,2026-02-11,67.97024080040609,72.83408661391209,63.43120164264858,9.40288497126351,0.9,69.4000015258789,1.4297607254728177,2.0601739107162227,True
james_stein,BZ=F,2026-02-06,68.05000305175781,4,2026-02-12,67.94367416433015,73.58823207355421,62.73207996537348,10.85615210818073,0.9,67.5199966430664,-0.42367752126374114,0.6274845117416759,True
james_stein,BZ=F,2026-02-06,68.05000305175781,5,2026-02-13,67.91711791200667,74.2556611728934,62.119639534733146,12.136021638160251,0.9,67.75,-0.16711791200667392,0.24666850480689878,True
james_stein,BZ=F,2026-02-06,68.05000305175781,6,2026-02-16,67.890572039377,74.86146436599586,61.56878990905009,13.292674456945768,0.9,,,,
james_stein,BZ=F,2026-02-06,68.05000305175781,7,2026-02-17,67.86403654238428,75.4205484529631,61.06462430060899,14.355924152354113,0.9,67.41999816894531,-0.44403837343897123,0.6586152261918959,True
james_stein,BZ=F,2026-02-09,69.04000091552734,0,2026-02-09,69.04000091552734,69.04000091552734,69.04000091552734,0.0,0.9,69.04000091552734,0.0,0.0,True
james_stein,BZ=F,2026-02-09,69.04000091552734,1,2026-02-10,69.0169242730827,71.82619521853991,66.31752972050661,5.508665498033295,0.9,68.80000305175781,-0.21692122132488123,0.3152924588705218,True
james_stein,BZ=F,2026-02-09,69.04000091552734,2,2026-02-11,68.9938553440131,72.99865536759445,65.20876379517162,7.789891572422832,0.9,69.4000015258789,0.4061461818658074,0.5852250330489656,True
james_stein,BZ=F,2026-02-09,69.04000091552734,3,2026-02-12,68.9707941257405,73.90552763295354,64.36555687634664,9.539970756606891,0.9,67.5199966430664,-1.4507974826740906,2.1486930610253108,True
james_stein,BZ=F,2026-02-09,69.04000091552734,4,2026-02-13,68.94774061568744,74.67488457743752,63.65983640829676,11.015048169140762,0.9,67.75,-1.1977406156874366,1.7678828275829321,True
james_stein,BZ=F,2026-02-09,69.04000091552734,5,2026-02-16,68.92469481127758,75.35633775271782,63.0419908464357,12.314346906282118,0.9,,,,
james_stein,BZ=F,2026-02-09,69.04000091552734,6,2026-02-17,68.90165670993517,75.97533280734771,62.48657454929398,13.488758258053736,0.9,67.41999816894531,-1.481658540989855,2.1976543773807604,True
james_stein,BZ=F,2026-02-09,69.04000091552734,7,2026-02-18,68.87862630908558,76.54698668766834,61.978470577613905,14.568516110054432,0.9,70.3499984741211,1.4713721650355183,2.0915027675185756,True
james_stein,BZ=F,2026-02-10,68.80000305175781,0,2026-02-10,68.80000305175781,68.80000305175781,68.80000305175781,0.0,0.9,68.80000305175781,0.0,0.0,True
james_stein,BZ=F,2026-02-10,68.80000305175781,1,2026-02-11,68.78165346321818,71.5807545277217,66.09200872983325,5.488745797888441,0.9,69.4000015258789,0.6183480626607292,0.8909914251661081,True
james_stein,BZ=F,2026-02-10,68.80000305175781,2,2026-02-12,68.76330876868131,72.75387359838459,64.99162723511662,7.762246363267963,0.9,67.5199966430664,-1.2433121256149064,1.8413983818563795,True
james_stein,BZ=F,2026-02-10,68.80000305175781,3,2026-02-13,68.7449689668418,73.66248741113105,64.15573142236737,9.506755988763686,0.9,67.75,-0.994968966841796,1.4685888809473004,True
james_stein,BZ=F,2026-02-10,68.80000305175781,4,2026-02-16,68.72663405639481,74.43417769335768,63.45673956633376,10.977438127023923,0.9,,,,
james_stein,BZ=F,2026-02-10,68.80000305175781,5,2026-02-17,68.70830403603568,75.11836221663496,62.84523389759008,12.273128319044886,0.9,67.41999816894531,-1.2883058670903722,1.9108660665668569,True
james_stein,BZ=F,2026-02-10,68.80000305175781,6,2026-02-18,68.68997890446022,75.74038545027373,62.29586994897103,13.444515501302703,0.9,70.3499984741211,1.660019569660875,2.359658288083018,True
james_stein,BZ=F,2026-02-10,68.80000305175781,7,2026-02-19,68.67165866036461,76.31530318549713,61.793591931399334,14.521711254097795,0.9,71.66000366210938,2.9883450017447615,4.170171433196375,True
james_stein,BZ=F,2026-02-11,69.4000015258789,0,2026-02-11,69.4000015258789,69.4000015258789,69.4000015258789,0.0,0.9,69.4000015258789,0.0,0.0,True
james_stein,BZ=F,2026-02-11,69.4000015258789,1,2026-02-12,69.38510482927236,72.2082268719089,66.67235827171399,5.535868600194917,0.9,67.5199966430664,-1.8651081862059584,2.762304915483857,True
james_stein,BZ=F,2026-02-11,69.4000015258789,2,2026-02-13,69.37021133023879,73.39522518278972,65.56593031790844,7.829294864881277,0.9,67.75,-1.6202113302387886,2.391455837990832,True
james_stein,BZ=F,2026-02-11,69.4000015258789,3,2026-02-16,69.35532102809188,74.31554283140774,64.72617129127369,9.589371540134053,0.9,,,,
james_stein,BZ=F,2026-02-11,69.4000015258789,4,2026-02-17,69.3404339221454,75.09783535242221,64.02442565684858,11.07340969557363,0.9,67.41999816894531,-1.9204357532000813,2.848466041763649,True
james_stein,BZ=F,2026-02-11,69.4000015258789,5,2026-02-18,69.32555001171325,75.79193362036945,63.41086253979554,12.38107108057391,0.9,70.3499984741211,1.0244484624078467,1.4562167514256588,True
james_stein,BZ=F,2026-02-11,69.4000015258789,6,2026-02-19,69.31066929610948,76.42339258141558,62.8599269936476,13.563465587767986,0.9,71.66000366210938,2.349334365999894,3.2784457799883113,True
james_stein,BZ=F,2026-02-11,69.4000015258789,7,2026-02-20,69.29579177464844,77.00739224952443,62.35643900414103,14.650953245383398,0.9,71.76000213623047,2.464210361582033,3.4339608252852782,True
james_stein,BZ=F,2026-02-12,67.5199966430664,0,2026-02-12,67.5199966430664,67.5199966430664,67.5199966430664,0.0,0.9,67.5199966430664,0.0,0.0,True
james_stein,BZ=F,2026-02-12,67.5199966430664,1,2026-02-13,67.50068697285081,70.24731417670365,64.86145121997883,5.3858629567248215,0.9,67.75,0.24931302714918502,0.36798970796927677,True
james_stein,BZ=F,2026-02-12,67.5199966430664,2,2026-02-16,67.48138282490093,71.39705826367872,63.780457328413796,7.61660093526492,0.9,,,,
james_stein,BZ=F,2026-02-12,67.5199966430664,3,2026-02-17,67.4620841976375,72.28722059989202,62.959023275767336,9.328197324124687,0.9,67.41999816894531,-0.042086028692182254,0.06242365742390026,True
james_stein,BZ=F,2026-02-12,67.5199966430664,4,2026-02-18,67.44279108948167,73.04299927777902,62.27195097290061,10.771048304878406,0.9,70.3499984741211,2.9072073846394204,4.1324910415013925,True
james_stein,BZ=F,2026-02-12,67.5199966430664,5,2026-02-19,67.42350349885511,73.71288981203395,61.67074490841606,12.042144903617888,0.9,71.66000366210938,4.236500163254263,5.911945222931012,True
james_stein,BZ=F,2026-02-12,67.5199966430664,6,2026-02-20,67.40422142417985,74.32176418534218,61.13053310292528,13.191231082416898,0.9,71.76000213623047,4.355780712050617,6.069928347802338,True
james_stein,BZ=F,2026-02-12,67.5199966430664,7,2026-02-23,67.38494486387837,74.88439780397599,60.63654015345288,14.247857650523109,0.9,71.48999786376953,4.105052999891157,5.742136134503313,True
james_stein,BZ=F,2026-02-13,67.75,0,2026-02-13,67.75,67.75,67.75,0.0,0.9,67.75,0.0,0.0,True
james_stein,BZ=F,2026-02-13,67.75,1,2026-02-16,67.73005164335322,70.48542547343433,65.08238922868175,5.403036244752585,0.9,,,,
james_stein,BZ=F,2026-02-13,67.75,2,2026-02-17,67.7101091603143,71.63821395357014,63.99739230619384,7.640821647376306,0.9,67.41999816894531,-0.29011099136899077,0.4303040629606845,True
james_stein,BZ=F,2026-02-13,67.75,3,2026-02-18,67.69017254915381,72.5305776914408,63.17279698538684,9.357780706053958,0.9,70.3499984741211,2.6598259249672793,3.7808471679579654,True
james_stein,BZ=F,2026-02-13,67.75,4,2026-02-19,67.67024180814285,73.28811745029024,62.48300250690079,10.805114943389455,0.9,71.66000366210938,3.9897618539665274,5.5676271979820395,True
james_stein,BZ=F,2026-02-13,67.75,5,2026-02-20,67.650316935553,73.95948517522692,61.87935692951133,12.080128245715585,0.9,71.76000213623047,4.109685200677475,5.726985895116859,True
james_stein,BZ=F,2026-02-13,67.75,6,2026-02-23,67.63039792965628,74.5696333014882,61.33690782186501,13.232725479623184,0.9,71.48999786376953,3.8595999341132483,5.398797103712403,True
james_stein,BZ=F,2026-02-13,67.75,7,2026-02-24,67.61048478872544,75.13338515960224,60.84083185731803,14.292553302284212,0.9,70.7699966430664,3.1595118543409626,4.464479305087704,True
james_stein,BZ=F,2026-02-17,67.41999816894531,0,2026-02-17,67.41999816894531,67.41999816894531,67.41999816894531,0.0,0.9,67.41999816894531,0.0,0.0,True
james_stein,BZ=F,2026-02-17,67.41999816894531,1,2026-02-18,67.39844315340567,70.13975868477651,64.76426815093669,5.375490533839823,0.9,70.3499984741211,2.9515553207154284,4.195530042266007,False
james_stein,BZ=F,2026-02-17,67.41999816894531,2,2026-02-19,67.37689502927375,71.28485263693008,63.68317834515588,7.601674291774202,0.9,71.66000366210938,4.283108632835621,5.976986343778737,False
james_stein,BZ=F,2026-02-17,67.41999816894531,3,2026-02-20,67.35535379434626,72.17080451755267,62.86120426519803,9.309600252354635,0.9,71.76000213623047,4.4046483418842115,6.138027049556588,True
james_stein,BZ=F,2026-02-17,67.41999816894531,4,2026-02-23,67.33381944642065,72.9225849706131,62.17337527283569,10.74920969777741,0.9,71.48999786376953,4.156178417348883,5.813650218970276,True
james_stein,BZ=F,2026-02-17,67.41999816894531,5,2026-02-24,67.31229198329505,73.58860320609068,61.57128216383043,12.01732104226025,0.9,70.7699966430664,3.457704659771352,4.885834144108463,True
james_stein,BZ=F,2026-02-17,67.41999816894531,6,2026-02-25,67.2907714027683,74.1936878261989,61.03009634170926,13.163591484489636,0.9,70.8499984741211,3.559227071352794,5.023609242070554,True
james_stein,BZ=F,2026-02-17,67.41999816894531,7,2026-02-26,67.26925770263996,74.75258898251448,60.535067660635434,14.217521321879047,0.9,70.75,3.480742297360038,4.919777098742103,True
james_stein,BZ=F,2026-02-18,70.3499984741211,0,2026-02-18,70.3499984741211,70.3499984741211,70.3499984741211,0.0,0.9,70.3499984741211,0.0,0.0,True
james_stein,BZ=F,2026-02-18,70.3499984741211,1,2026-02-19,70.32924353452991,73.19103646916707,67.57934761892443,5.611688850242643,0.9,71.66000366210938,1.3307601275794667,1.857047250310306,True
james_stein,BZ=F,2026-02-18,70.3499984741211,2,2026-02-20,70.30849471814453,74.38831787132506,66.45242923871622,7.935888632608837,0.9,71.76000213623047,1.4515074180859386,2.0227248813766354,True
james_stein,BZ=F,2026-02-18,70.3499984741211,3,2026-02-23,70.28775202315839,75.31511667715885,65.59596934100341,9.719147336155444,0.9,71.48999786376953,1.2022458406111411,1.6816979668989867,True
james_stein,BZ=F,2026-02-18,70.3499984741211,4,2026-02-24,70.26701544776557,76.1018842504592,64.87951656606629,11.222367684392907,0.9,70.7699966430664,0.5029811953008334,0.71072660613177,True
james_stein,BZ=F,2026-02-18,70.3499984741211,5,2026-02-25,70.24628499016066,76.79915146075734,64.25254004844457,12.546611412312771,0.9,70.8499984741211,0.6037134839604335,0.8521009131439118,True
james_stein,BZ=F,2026-02-18,70.3499984741211,6,2026-02-26,70.22556064853882,77.43283441178367,63.689123688479015,13.743710723304659,0.9,70.75,0.5244393514611829,0.7412570338673963,True
james_stein,BZ=F,2026-02-18,70.3499984741211,7,2026-02-27,70.20484242109556,78.01832892160785,63.17387167217072,14.844457249437127,0.9,72.4800033569336,2.2751609358380307,3.139018805826785,True
james_stein,BZ=F,2026-02-19,71.66000366210938,0,2026-02-19,71.66000366210938,71.66000366210938,71.66000366210938,0.0,0.9,71.66000366210938,0.0,0.0,True
james_stein,BZ=F,2026-02-19,71.66000366210938,1,2026-02-20,71.64051295708526,74.55539042471294,68.83959788175252,5.715792542960415,0.9,71.76000213623047,0.11948917914520507,0.16651222908043492,True
james_stein,BZ=F,2026-02-19,71.66000366210938,2,2026-02-23,71.62102755331098,75.77662151757906,67.69332658361057,8.083294933968489,0.9,71.48999786376953,-0.13102968954144956,0.18328394664542882,True
james_stein,BZ=F,2026-02-19,71.66000366210938,3,2026-02-24,71.60154744934466,76.72239568602316,66.82249102493448,9.899904661088684,0.9,70.7699966430664,-0.8315508062782584,1.175004727599812,True
james_stein,BZ=F,2026-02-19,71.66000366210938,4,2026-02-25,71.5820726437448,77.525574488854,66.09422964948223,11.431344839371775,0.9,70.8499984741211,-0.7320741696237008,1.0332733738746664,True
james_stein,BZ=F,2026-02-19,71.66000366210938,5,2026-02-26,71.56260313507036,78.2376211011534,65.45707928473921,12.780541816414186,0.9,70.75,-0.8126031350703613,1.1485556679439737,True
james_stein,BZ=F,2026-02-19,71.66000366210938,6,2026-02-27,71.54313892188054,78.88492914938712,64.88464630680681,14.000282842580305,0.9,72.4800033569336,0.9368644350530531,1.2925833218293175,True
james_stein,BZ=F,2026-02-19,71.66000366210938,7,2026-03-02,71.52368000273506,79.4831777596113,64.3612515921968,15.1219261674145,0.9,77.73999786376953,6.216317861034469,7.996292811749051,True
james_stein,BZ=F,2026-02-20,71.76000213623047,0,2026-02-20,71.76000213623047,71.76000213623047,71.76000213623047,0.0,0.9,71.76000213623047,0.0,0.0,True
james_stein,BZ=F,2026-02-20,71.76000213623047,1,2026-02-23,71.74101216881793,74.65934909291619,68.9367492422301,5.7225998506860805,0.9,71.48999786376953,-0.2510143050484004,0.3511180760233483,True
james_stein,BZ=F,2026-02-20,71.76000213623047,2,2026-02-24,71.72202722675175,75.88257639782697,67.78959589545813,8.092980502368832,0.9,70.7699966430664,-0.9520305836853424,1.3452460489534535,True
james_stein,BZ=F,2026-02-20,71.76000213623047,3,2026-02-25,71.70304730870201,76.83003245355437,66.91819369544086,9.911838758113504,0.9,70.8499984741211,-0.8530488345809175,1.2040209639418764,True
james_stein,BZ=F,2026-02-20,71.76000213623047,4,2026-02-26,71.68407241333927,77.63473394870869,66.18952595568649,11.445207993022194,0.9,70.75,-0.9340724133392655,1.3202436937657462,True
james_stein,BZ=F,2026-02-20,71.76000213623047,5,2026-02-27,71.66510253933424,78.34820373909345,65.55206982250998,12.796133916583472,0.9,72.4800033569336,0.8149008175993515,1.1243112304869896,True
james_stein,BZ=F,2026-02-20,71.76000213623047,6,2026-03-02,71.64613768535818,78.99686585903184,64.97940126370744,14.017464595324398,0.9,77.73999786376953,6.093860178411347,7.838770704740875,True
james_stein,BZ=F,2026-02-20,71.76000213623047,7,2026-03-03,71.62717785008262,79.59641738139379,64.45582320852854,15.14059417286525,0.9,81.4000015258789,9.772823675796289,12.00592566658526,False
james_stein,BZ=F,2026-02-23,71.48999786376953,0,2026-02-23,71.48999786376953,71.48999786376953,71.48999786376953,0.0,0.9,71.48999786376953,0.0,0.0,True
james_stein,BZ=F,2026-02-23,71.48999786376953,1,2026-02-24,71.46921941018354,74.37588851815482,68.67614525175254,5.69974326640228,0.9,70.7699966430664,-0.6992227671171349,0.9880214784292213,True
james_stein,BZ=F,2026-02-23,71.48999786376953,2,2026-02-25,71.44844699582191,75.59224684605161,67.53180109213034,8.060445753921272,0.9,70.8499984741211,-0.5984485217008171,0.8446697735913268,True
james_stein,BZ=F,2026-02-23,71.48999786376953,3,2026-02-26,71.42768061892926,76.5338861174612,66.66215211873009,9.871733998731102,0.9,70.75,-0.6776806189292586,0.9578524649176798,True
james_stein,BZ=F,2026-02-23,71.48999786376953,4,2026-02-27,71.40692027775084,77.33330288900046,65.93470177876388,11.398601110236584,0.9,72.4800033569336,1.0730830791827515,1.4805229435466052,True
james_stein,BZ=F,2026-02-23,71.48999786376953,5,2026-03-02,71.38616597053247,78.04182001362162,65.29812722310862,12.743692790512995,0.9,77.73999786376953,6.353831893237057,8.173182490140302,True
james_stein,BZ=F,2026-02-23,71.48999786376953,6,2026-03-03,71.36541769552025,78.68575967174445,64.72610627517327,13.959653396571184,0.9,81.4000015258789,10.034583830358656,12.327498332009778,False
james_stein,BZ=F,2026-02-23,71.48999786376953,7,2026-03-04,71.34467545096098,79.28075885079652,64.20300195135954,15.077756899436977,0.9,81.4000015258789,10.055326074917929,12.352980204455049,False
james_stein,BZ=F,2026-02-24,70.7699966430664,0,2026-02-24,70.7699966430664,70.7699966430664,70.7699966430664,0.0,0.9,70.7699966430664,0.0,0.0,True
james_stein,BZ=F,2026-02-24,70.7699966430664,1,2026-02-25,70.75000496216755,73.62691426727831,67.98550845110364,5.641405816174668,0.9,70.8499984741211,0.09999351195354222,0.14113410600857837,True
james_stein,BZ=F,2026-02-24,70.7699966430664,2,2026-02-26,70.73001892868041,74.83142017730708,66.85340951431772,7.978010662989362,0.9,70.75,0.019981071319591592,0.028241796918150663,True
james_stein,BZ=F,2026-02-24,70.7699966430664,3,2026-02-27,70.71003854100955,75.76403386271286,65.99318034637741,9.77085351633545,0.9,72.4800033569336,1.769964815924041,2.4420043238791083,True
james_stein,BZ=F,2026-02-24,70.7699966430664,4,2026-03-02,70.69006379756016,76.55589235630562,65.27368391770219,11.282208438603433,0.9,77.73999786376953,7.049934066209374,9.06860594280383,False
james_stein,BZ=F,2026-02-24,70.7699966430664,5,2026-03-03,70.67009469673788,77.25779144818524,64.6441244414218,12.61366700676345,0.9,81.4000015258789,10.72990682914103,13.18170347420663,False
james_stein,BZ=F,2026-02-24,70.7699966430664,6,2026-03-04,70.65013123694861,77.89578278167205,64.07845027744543,13.817332504226627,0.9,81.4000015258789,10.749870288930296,13.206228608623144,False
james_stein,BZ=F,2026-02-24,70.7699966430664,7,2026-03-05,70.6301734165989,78.48534250004835,63.561185285720825,14.924157214327522,0.9,85.41000366210938,14.779830245510482,17.304565755530216,False
james_stein,BZ=F,2026-02-25,70.8499984741211,0,2026-02-25,70.8499984741211,70.8499984741211,70.8499984741211,0.0,0.9,70.8499984741211,0.0,0.0,True
james_stein,BZ=F,2026-02-25,70.8499984741211,1,2026-02-26,70.82798954387552,73.70744892245432,68.06101928863633,5.646429633817988,0.9,70.75,-0.0779895438755176,0.11023257084878811,True
james_stein,BZ=F,2026-02-25,70.8499984741211,2,2026-02-27,70.80598745051107,74.91090127414128,66.9260117495416,7.98488952459968,0.9,72.4800033569336,1.6740159064225253,2.3096244879828434,True
james_stein,BZ=F,2026-02-25,70.8499984741211,3,2026-03-02,70.78399219190376,75.842166559436,66.06316483188759,9.779001727548405,0.9,77.73999786376953,6.956005671865768,8.947782175213554,False
james_stein,BZ=F,2026-02-25,70.8499984741211,4,2026-03-03,70.76200376593057,76.63251054335414,65.34121277596354,11.291297767390603,0.9,81.4000015258789,10.637997759948334,13.068793071909553,False
james_stein,BZ=F,2026-02-25,70.8499984741211,5,2026-03-04,70.74002217046889,77.33278045209383,64.70930836087557,12.623472091218261,0.9,81.4000015258789,10.659979355410016,13.095797488432437,False
james_stein,BZ=F,2026-02-25,70.8499984741211,6,2026-03-05,70.71804740339698,77.96905508090168,64.14137279668141,13.827682284220273,0.9,85.41000366210938,14.691956258712395,17.20168086730831,False
james_stein,BZ=F,2026-02-25,70.8499984741211,7,2026-03-06,70.69607946259354,78.55682715383249,63.62191336462996,14.934913789202525,0.9,92.69000244140625,21.993922978812705,23.728473836988094,False
james_stein,BZ=F,2026-02-26,70.75,0,2026-02-26,70.75,70.75,70.75,0.0,0.9,70.75,0.0,0.0,True
james_stein,BZ=F,2026-02-26,70.75,1,2026-02-27,70.7267946108794,73.6015220022822,67.9643482885369,5.637173713745298,0.9,72.4800033569336,1.7532087460541987,2.4188861270057918,True
james_stein,BZ=F,2026-02-26,70.75,2,2026-03-02,70.70359683292607,74.80168644064547,66.8300254043018,7.971661036343676,0.9,77.73999786376953,7.036401030843464,9.051197870077065,False
james_stein,BZ=F,2026-02-26,70.75,3,2026-03-03,70.68040666364355,75.73007754677789,65.9674471223433,9.76263042443459,0.9,81.4000015258789,10.719594862235354,13.169035210432215,False
james_stein,BZ=F,2026-02-26,70.75,4,2026-03-04,70.6572241005364,76.51775328114113,65.24555548893616,11.272197792204963,0.9,81.4000015258789,10.74277742534251,13.197515017155299,False
james_stein,BZ=F,2026-02-26,70.75,5,2026-03-05,70.63404914110977,77.21548134466526,64.61358280988564,12.601898534779622,0.9,85.41000366210938,14.775954520999605,17.300027967982274,False
james_stein,BZ=F,2026-02-26,70.75,6,2026-03-06,70.61088178286973,77.84930022176596,64.04549060751084,13.803809614255115,0.9,92.69000244140625,22.079120658536525,23.820390632197668,False
james_stein,BZ=F,2026-02-26,70.75,7,2026-03-09,70.58772202332315,78.43467896738117,63.52580983360789,14.908869133773287,0.9,98.95999908447266,28.372277061149504,28.67045000367352,False
james_stein,BZ=F,2026-02-27,72.4800033569336,0,2026-02-27,72.4800033569336,72.4800033569336,72.4800033569336,0.0,0.9,72.4800033569336,0.0,0.0,True
james_stein,BZ=F,2026-02-27,72.4800033569336,1,2026-03-02,72.46166330935829,75.40689219754744,69.6314686435198,5.77542355402764,0.9,77.73999786376953,5.278334554411245,6.789728195852184,False
james_stein,BZ=F,2026-02-27,72.4800033569336,2,2026-03-03,72.4433279024746,76.64223611436125,68.47446034526745,8.167775769093808,0.9,81.4000015258789,8.9566736234043,11.003284343375313,False
james_stein,BZ=F,2026-02-27,72.4800033569336,3,2026-03-04,72.42499713510828,77.59928461470147,67.59572895632965,10.003555658371823,0.9,81.4000015258789,8.975004390770621,11.025803713182073,False
james_stein,BZ=F,2026-02-27,72.4800033569336,4,2026-03-05,72.40667100608536,78.412277398479,66.8610347782754,11.55124262020361,0.9,85.41000366210938,13.003332656024014,15.224601450043856,False
james_stein,BZ=F,2026-02-27,72.4800033569336,5,2026-03-06,72.38834951423219,79.13321040981502,66.21838186846396,12.914828541351056,0.9,92.69000244140625,20.30165292717406,21.902742898305238,False
james_stein,BZ=F,2026-02-27,72.4800033569336,6,2026-03-09,72.37003265837537,79.78874999989473,65.64110387719106,14.147646122703676,0.9,98.95999908447266,26.58996642609729,26.869408520709452,False
james_stein,BZ=F,2026-02-27,72.4800033569336,7,2026-03-10,72.35172043734185,80.39473700690654,65.11335996774967,15.281377039156865,0.9,87.80000305175781,15.448282614415959,17.594854302350363,False
james_stein,BZ=F,2026-03-02,77.73999786376953,0,2026-03-02,77.73999786376953,77.73999786376953,77.73999786376953,0.0,0.9,77.73999786376953,0.0,0.0,True
james_stein,BZ=F,2026-03-02,77.73999786376953,1,2026-03-03,77.7298441907682,80.89418134634539,74.68928639073323,6.204894955612161,0.9,81.4000015258789,3.6701573351107015,4.508792710456984,False
james_stein,BZ=F,2026-03-02,77.73999786376953,2,2026-03-04,77.71969184394494,82.23158583019868,73.45535707885507,8.77622875134361,0.9,81.4000015258789,3.680309681933963,4.521264880767735,True
james_stein,BZ=F,2026-03-02,77.73999786376953,3,2026-03-05,77.70954082312642,83.27025506110888,72.52016618070313,10.750088880405755,0.9,85.41000366210938,7.700462838982958,9.015879298456383,False
james_stein,BZ=F,2026-03-02,77.73999786376953,4,2026-03-06,77.6993911281395,84.15435385924607,71.73954887445547,12.414804984790607,0.9,92.69000244140625,14.990611313266754,16.17284595794787,False
james_stein,BZ=F,2026-03-02,77.73999786376953,5,2026-03-09,77.68924275881108,84.93971502477388,71.05767235829677,13.882042666477105,0.9,98.95999908447266,21.27075632566158,21.494297213467814,False
james_stein,BZ=F,2026-03-02,77.73999786376953,6,2026-03-10,77.67909571496789,85.65496897618594,70.44590621208147,15.209062764104473,0.9,87.80000305175781,10.120907336789926,11.527228912308448,False
james_stein,BZ=F,2026-03-02,77.73999786376953,7,2026-03-11,77.66894999643692,86.31712113490893,69.88724501273167,16.429876122177262,0.9,91.9800033569336,14.311053360496672,15.558874579468998,False
james_stein,BZ=F,2026-03-03,81.4000015258789,0,2026-03-03,81.4000015258789,81.4000015258789,81.4000015258789,0.0,0.9,81.4000015258789,0.0,0.0,True
james_stein,BZ=F,2026-03-03,81.4000015258789,1,2026-03-04,81.39555934268292,84.71095391003537,78.2099217976502,6.501032112385175,0.9,81.4000015258789,0.004442183195990879,0.005457227411204173,True
james_stein,BZ=F,2026-03-03,81.4000015258789,2,2026-03-05,81.39111740190695,86.11877871064351,76.9229904454308,9.195788265212713,0.9,85.41000366210938,4.018886260202422,4.705404622275329,True
james_stein,BZ=F,2026-03-03,81.4000015258789,3,2026-03-06,81.38667570353779,87.21377734693387,75.94890605097383,11.264871295960035,0.9,92.69000244140625,11.30332673786846,12.194763663981806,False
james_stein,BZ=F,2026-03-03,81.4000015258789,4,2026-03-09,81.3822342475623,88.146958032735,75.13666040143441,13.010297631300588,0.9,98.95999908447266,17.57776483691036,17.762494946979444,False
james_stein,BZ=F,2026-03-03,81.4000015258789,5,2026-03-10,81.37779303396708,88.97679905270991,74.4277752131328,14.549023839577103,0.9,87.80000305175781,6.422210017790732,7.314589743242789,True
james_stein,BZ=F,2026-03-03,81.4000015258789,6,2026-03-11,81.37335206273897,89.73328502055365,73.79226587335754,15.941019147196116,0.9,91.9800033569336,10.60665129419462,11.531475219711517,False
james_stein,BZ=F,2026-03-03,81.4000015258789,7,2026-03-12,81.36891133386479,90.43422431350479,73.21232400585352,17.221900307651268,0.9,100.45999908447266,19.09108775060787,19.003671037817714,False
james_stein,BZ=F,2026-03-04,81.4000015258789,0,2026-03-04,81.4000015258789,81.4000015258789,81.4000015258789,0.0,0.9,81.4000015258789,0.0,0.0,True
james_stein,BZ=F,2026-03-04,81.4000015258789,1,2026-03-05,81.39956560550905,84.71440890896685,78.21443088726119,6.499978021705658,0.9,85.41000366210938,4.0104380566003215,4.695513270864641,False
james_stein,BZ=F,2026-03-04,81.4000015258789,2,2026-03-06,81.39912968747366,86.12622917514926,76.93148042512883,9.194748750020437,0.9,92.69000244140625,11.29087275393259,12.181327496533498,False
james_stein,BZ=F,2026-03-04,81.4000015258789,3,2026-03-09,81.39869377177273,87.22538174121144,75.9612307276422,11.264151013569233,0.9,98.95999908447266,17.56130531269993,17.745862444591907,False
james_stein,BZ=F,2026-03-04,81.4000015258789,4,2026-03-10,81.39825785840625,88.16282650747563,75.15272189942527,13.010104608050355,0.9,87.80000305175781,6.401745193351559,7.291281287971882,True
james_stein,BZ=F,2026-03-04,81.4000015258789,5,2026-03-11,81.39782194737423,88.99701993160453,74.44749748776204,14.549522443842491,0.9,91.9800033569336,10.582181409559368,11.504871736625857,False
james_stein,BZ=F,2026-03-04,81.4000015258789,6,2026-03-12,81.39738603867661,89.75793390943025,73.8155856017676,15.942348307662655,0.9,100.45999908447266,19.06261304579604,18.97532671662388,False
james_stein,BZ=F,2026-03-04,81.4000015258789,7,2026-03-13,81.39695013231342,90.46336837595062,73.23918631139182,17.224182064558804,0.9,103.13999938964844,21.743049257335016,21.081102759359954,False
james_stein,BZ=F,2026-03-05,85.41000366210938,0,2026-03-05,85.41000366210938,85.41000366210938,85.41000366210938,0.0,0.9,85.41000366210938,0.0,0.0,True
james_stein,BZ=F,2026-03-05,85.41000366210938,1,2026-03-06,85.41581671971196,88.89637563220975,82.07153209575759,6.824843536452164,0.9,92.69000244140625,7.274185721694295,7.847864419134795,False
james_stein,BZ=F,2026-03-05,85.41000366210938,2,2026-03-09,85.42163017295479,90.38543655754255,80.73042714972811,9.655009407814433,0.9,98.95999908447266,13.538368911517864,13.680647773613517,False
james_stein,BZ=F,2026-03-05,85.41000366210938,3,2026-03-10,85.42744402186493,91.54637350665234,79.71750177060325,11.828871736049095,0.9,87.80000305175781,2.3725590298928836,2.7022311474115415,True
james_stein,BZ=F,2026-03-05,85.41000366210938,4,2026-03-11,85.43325826646912,92.53765373209376,78.87428872095816,13.663365011135596,0.9,91.9800033569336,6.546745090464469,7.117574311298354,True
james_stein,BZ=F,2026-03-05,85.41000366210938,5,2026-03-12,85.43907290679448,93.42063587043968,78.13942937935374,15.281206491085939,0.9,100.45999908447266,15.020926177678177,14.952146440940838,False
james_stein,BZ=F,2026-03-05,85.41000366210938,6,2026-03-13,85.44488794286784,94.22677742797799,77.48146625463885,16.745311173339147,0.9,103.13999938964844,17.6951114467806,17.156400573487453,False
james_stein,BZ=F,2026-03-05,85.41000366210938,7,2026-03-16,85.45070337471608,94.97475922858635,76.88171853807602,18.093040690510335,0.9,100.20999908447266,14.759295709756572,14.72836627542041,False
james_stein,BZ=F,2026-03-06,92.69000244140625,0,2026-03-06,92.69000244140625,92.69000244140625,92.69000244140625,0.0,0.9,92.69000244140625,0.0,0.0,True
james_stein,BZ=F,2026-03-06,92.69000244140625,1,2026-03-09,92.70887692506413,96.49496133954186,89.07134363693083,7.4236177026110255,0.9,98.95999908447266,6.251122159408524,6.3168171152392,False
james_stein,BZ=F,2026-03-06,92.69000244140625,2,2026-03-10,92.72775525213687,98.12811771689017,87.6245952144683,10.503522502421873,0.9,87.80000305175781,-4.927752200379061,5.612473837243681,True
james_stein,BZ=F,2026-03-06,92.69000244140625,3,2026-03-11,92.74663742340711,99.40470943797872,86.53451936013072,12.870190077848008,0.9,91.9800033569336,-0.7666340664735145,0.8334790590282409,True
james_stein,BZ=F,2026-03-06,92.69000244140625,4,2026-03-12,92.76552343965771,100.49703117132168,85.62882145606483,14.868209715256853,0.9,100.45999908447266,7.694475644814943,7.659243196234729,True
james_stein,BZ=F,2026-03-06,92.69000244140625,5,2026-03-13,92.7844133016715,101.47178567942358,84.84079879044758,16.630986888975997,0.9,103.13999938964844,10.355586087976931,10.040320098175473,False
james_stein,BZ=F,2026-03-06,92.69000244140625,6,2026-03-16,92.80330701023165,102.3631654926923,84.13625888357421,18.22690660911809,0.9,100.20999908447266,7.406692074241008,7.3911706834739,True
james_stein,BZ=F,2026-03-06,92.69000244140625,7,2026-03-17,92.82220456612143,103.1914728110822,83.49489958621452,19.69657322486769,0.9,103.41999816894531,10.597793602823884,10.247334935658664,False
james_stein,BZ=F,2026-03-09,98.95999908447266,0,2026-03-09,98.95999908447266,98.95999908447266,98.95999908447266,0.0,0.9,98.95999908447266,0.0,0.0,True
james_stein,BZ=F,2026-03-09,98.95999908447266,1,2026-03-10,99.45679494481635,103.52384091145537,95.5495272741633,7.97431363729207,0.9,87.80000305175781,-11.65679189305854,13.276527890536515,False
james_stein,BZ=F,2026-03-09,98.95999908447266,2,2026-03-11,99.95608480403986,105.78520224157035,94.44817117744438,11.337031064125966,0.9,91.9800033569336,-7.976081447106267,8.671538547519544,False
james_stein,BZ=F,2026-03-09,98.95999908447266,3,2026-03-12,100.45788118243739,107.67923128728539,93.72082035708524,13.958410930200145,0.9,100.45999908447266,0.0021179020352661837,0.0021082043147196603,True
james_stein,BZ=F,2026-03-09,98.95999908447266,4,2026-03-13,100.96219666315746,109.38823753086241,93.18520331927061,16.2030342115918,0.9,103.13999938964844,2.177802726490981,2.11150158946923,True
james_stein,BZ=F,2026-03-09,98.95999908447266,5,2026-03-16,101.46904389251775,110.98246887647679,92.7711103626743,18.21135851380248,0.9,100.20999908447266,-1.2590448080450898,1.256406366178858,True
james_stein,BZ=F,2026-03-09,98.95999908447266,6,2026-03-17,101.978435580323,112.49778209928837,92.44272313059113,20.05505896869724,0.9,103.41999816894531,1.4415625886223182,1.3938915240236263,True
james_stein,BZ=F,2026-03-09,98.95999908447266,7,2026-03-18,102.49038450018288,113.95538430083624,92.17887315674862,21.77651114408762,0.9,107.37999725341797,4.889612753235085,4.553560139972387,True
james_stein,BZ=F,2026-03-10,87.80000305175781,0,2026-03-10,87.80000305175781,87.80000305175781,87.80000305175781,0.0,0.9,87.80000305175781,0.0,0.0,True
james_stein,BZ=F,2026-03-10,87.80000305175781,1,2026-03-11,87.80850103587251,91.41712532509467,84.34232455623149,7.074800768863184,0.9,91.9800033569336,4.171502321061084,4.5352274068455225,False
james_stein,BZ=F,2026-03-10,87.80000305175781,2,2026-03-12,87.81699984248982,92.96395699551532,82.95500439711148,10.008952598403837,0.9,100.45999908447266,12.642999241982835,12.585107861042143,False
james_stein,BZ=F,2026-03-10,87.80000305175781,3,2026-03-13,87.82549947168945,94.17072714661201,81.90781351239919,12.262913634212822,0.9,103.13999938964844,15.314499917958983,14.848264503185572,False
james_stein,BZ=F,2026-03-10,87.80000305175781,4,2026-03-16,87.83399992355086,95.20168931865595,81.03649838342227,14.165190935233682,0.9,100.20999908447266,12.375999160921793,12.350064139297483,False
james_stein,BZ=F,2026-03-10,87.80000305175781,5,2026-03-17,87.84250119815376,96.12044031627077,80.2774622271624,15.842978089108371,0.9,103.41999816894531,15.577496970791557,15.062364384637098,False
james_stein,BZ=F,2026-03-10,87.80000305175781,6,2026-03-18,87.85100329557777,96.9595839975076,79.59810120717935,17.36148279032824,0.9,107.37999725341797,19.5289939578402,18.186808025103186,False
james_stein,BZ=F,2026-03-10,87.80000305175781,7,2026-03-19,87.85950621590263,97.73848128894602,78.97905441851043,18.75942687043559,0.9,108.6500015258789,20.79049530997628,19.135292239295804,False
james_stein,BZ=F,2026-03-11,91.9800033569336,0,2026-03-11,91.9800033569336,91.9800033569336,91.9800033569336,0.0,0.9,91.9800033569336,0.0,0.0,True
james_stein,BZ=F,2026-03-11,91.9800033569336,1,2026-03-12,91.99754800866627,95.78041209041143,88.36408880364529,7.4163232867661435,0.9,100.45999908447266,8.462451075806385,8.42370212316114,False
james_stein,BZ=F,2026-03-11,91.9800033569336,2,2026-03-13,92.01509600693942,97.41110183866438,86.91799736737653,10.49310447128785,0.9,103.13999938964844,11.124903382709022,10.786216258040394,False
james_stein,BZ=F,2026-03-11,91.9800033569336,3,2026-03-16,92.03264735239136,98.68555354495729,85.8282481521576,12.857305392799688,0.9,100.20999908447266,8.177351732081291,8.160215354545748,False
james_stein,BZ=F,2026-03-11,91.9800033569336,4,2026-03-17,92.05020204566058,99.77589770127628,84.92271071331639,14.853186987959887,0.9,103.41999816894531,11.369796123284729,10.993808087978502,False
james_stein,BZ=F,2026-03-11,91.9800033569336,5,2026-03-18,92.06776008738564,100.74877417628609,84.13474522952124,16.614028946764847,0.9,107.37999725341797,15.312237166032332,14.259859897272381,False
james_stein,BZ=F,2026-03-11,91.9800033569336,6,2026-03-19,92.08532147820524,101.63834358527161,83.43019113283935,18.20815245243226,0.9,108.6500015258789,16.56468004767366,15.24590871149522,False
james_stein,BZ=F,2026-03-11,91.9800033569336,7,2026-03-20,92.1028862187582,102.46488936680024,82.78876503207437,19.67612433472587,0.9,112.19000244140625,20.08711622264805,17.9045510166015,False
james_stein,BZ=F,2026-03-12,100.45999908447266,0,2026-03-12,100.45999908447266,100.45999908447266,100.45999908447266,0.0,0.9,100.45999908447266,0.0,0.0,True
james_stein,BZ=F,2026-03-12,100.45999908447266,1,2026-03-13,100.92842620439906,105.08909538733575,96.93248551194974,8.15660987538601,0.9,103.13999938964844,2.211573185249378,2.1442439386627927,True
james_stein,BZ=F,2026-03-12,100.45999908447266,2,2026-03-16,101.39903751672709,107.3606200052171,95.76849322236585,11.592126782851253,0.9,100.20999908447266,-1.189038432254435,1.1865466950579726,True
james_stein,BZ=F,2026-03-12,100.45999908447266,3,2026-03-17,101.87184320595796,109.25505181484051,94.98757508959066,14.26747672524985,0.9,103.41999816894531,1.548154962987354,1.4969589928422857,True
james_stein,BZ=F,2026-03-12,100.45999908447266,4,2026-03-18,102.34685350408091,110.95906799127837,94.40308585693192,16.55598213434645,0.9,107.37999725341797,5.033143749337057,4.687226558088638,True
james_stein,BZ=F,2026-03-12,100.45999908447266,5,2026-03-19,102.82407869079557,112.54462130133099,93.94310484463713,18.601516456693858,0.9,108.6500015258789,5.8259228350833325,5.362101015429512,True
james_stein,BZ=F,2026-03-12,100.45999908447266,6,2026-03-20,103.30352909373357,114.04844796547593,93.57092808882683,20.477519876649097,0.9,112.19000244140625,8.886473347672677,7.920913766192168,True
james_stein,BZ=F,2026-03-12,100.45999908447266,7,2026-03-23,103.78521508868283,115.49227965523218,93.26485634502046,22.22742331021172,0.9,99.94000244140625,-3.8452126472765826,3.8475210659825523,True
james_stein,BZ=F,2026-03-13,103.13999938964844,0,2026-03-13,103.13999938964844,103.13999938964844,103.13999938964844,0.0,0.9,103.13999938964844,0.0,0.0,True
james_stein,BZ=F,2026-03-13,103.13999938964844,1,2026-03-16,103.65484139820725,107.92801444397153,99.55085526812117,8.377159175850366,0.9,100.20999908447266,-3.444842313734597,3.4376233362009567,True
james_stein,BZ=F,2026-03-13,103.13999938964844,2,2026-03-17,104.17225333400411,110.29704161172845,98.3875741915638,11.909467420164646,0.9,103.41999816894531,-0.7522551650587985,0.7273788226431083,True
james_stein,BZ=F,2026-03-13,103.13999938964844,3,2026-03-18,104.69224802529705,112.28006540531412,97.61721065110426,14.66285475420986,0.9,107.37999725341797,2.6877492281209214,2.503025979575883,True
james_stein,BZ=F,2026-03-13,103.13999938964844,4,2026-03-19,105.21483836437821,114.06861914070483,97.0482705535961,17.020348587108728,0.9,108.6500015258789,3.4351631615006966,3.1616779689436902,True
james_stein,BZ=F,2026-03-13,103.13999938964844,5,2026-03-20,105.7400373078944,115.73650633742936,96.60698982287288,19.129516514556485,0.9,112.19000244140625,6.449965133511853,5.749144302657888,True
james_stein,BZ=F,2026-03-13,103.13999938964844,6,2026-03-23,106.26785787716746,117.32139926194954,96.25573585759676,21.065663404352776,0.9,99.94000244140625,-6.327855435761208,6.331654273744052,True
james_stein,BZ=F,2026-03-13,103.13999938964844,7,2026-03-24,106.7983131585179,118.84557903237207,95.97226742778572,22.87331160458635,0.9,104.48999786376953,-2.3083152947483683,2.2091256023929398,True
james_stein,BZ=F,2026-03-16,100.20999908447266,0,2026-03-16,100.20999908447266,100.20999908447266,100.20999908447266,0.0,0.9,100.20999908447266,0.0,0.0,True
james_stein,BZ=F,2026-03-16,100.20999908447266,1,2026-03-17,100.71904178703693,104.87155129628032,96.73095566060057,8.140595635679745,0.9,103.41999816894531,2.7009563819083837,2.611638396566342,True
james_stein,BZ=F,2026-03-16,100.20999908447266,2,2026-03-18,101.23067030414468,107.18303612404902,95.60886667145958,11.574169452589445,0.9,107.37999725341797,6.149326949273288,5.726696877036427,False
james_stein,BZ=F,2026-03-16,100.20999908447266,3,2026-03-19,101.74489777111211,109.1197565600607,94.86846881624214,14.251287743818551,0.9,108.6500015258789,6.905103754766799,6.355364618307989,True
james_stein,BZ=F,2026-03-16,100.20999908447266,4,2026-03-20,102.26173738997963,110.86778751538927,94.32372710211777,16.544060413271495,0.9,112.19000244140625,9.92826505142662,8.84950961348974,False
james_stein,BZ=F,2026-03-16,100.20999908447266,5,2026-03-23,102.78120242985088,112.49882383982603,93.90298682559383,18.595837014232202,0.9,99.94000244140625,-2.841199988444629,2.8429056624352134,True
james_stein,BZ=F,2026-03-16,100.20999908447266,6,2026-03-24,103.30330622723336,114.0494592036543,93.56969469203429,20.479764511620004,0.9,104.48999786376953,1.1866916365361675,1.1356987853357365,True
james_stein,BZ=F,2026-03-16,100.20999908447266,7,2026-03-25,103.8280621863808,115.5413357310859,93.30224918352381,22.23908654756208,0.9,102.22000122070312,-1.60806096567768,1.573137298448781,True
james_stein,BZ=F,2026-03-17,103.41999816894531,0,2026-03-17,103.41999816894531,103.41999816894531,103.41999816894531,0.0,0.9,103.41999816894531,0.0,0.0,True
james_stein,BZ=F,2026-03-17,103.41999816894531,1,2026-03-18,104.11624768658163,108.40938433518379,99.99312420055388,8.416260134629908,0.9,107.37999725341797,3.2637495668363385,3.0394390485351326,True
james_stein,BZ=F,2026-03-17,103.41999816894531,2,2026-03-19,104.81718453161491,110.98125538237731,98.99547572498606,11.985779657391248,0.9,108.6500015258789,3.832816994263993,3.5276732079484328,True
james_stein,BZ=F,2026-03-17,103.41999816894531,3,2026-03-20,105.52284026031566,113.17256025816563,98.39019097211488,14.782369286050752,0.9,112.19000244140625,6.667162181090589,5.942741809434102,True
james_stein,BZ=F,2026-03-17,103.41999816894531,4,2026-03-23,106.23324664139915,115.1747278265161,97.98592890075092,17.188798925765184,0.9,99.94000244140625,-6.293244199992898,6.2970222596127705,True
james_stein,BZ=F,2026-03-17,103.41999816894531,5,2026-03-24,106.94843565745579,117.06141920696692,97.70911686415151,19.352302342815406,0.9,104.48999786376953,-2.458437793686258,2.3527972475331898,True
james_stein,BZ=F,2026-03-17,103.41999816894531,6,2026-03-25,107.66843950639054,118.87019395099942,97.52228443843482,21.3479095125646,0.9,102.22000122070312,-5.448438285687416,5.330109783430443,True
james_stein,BZ=F,2026-03-17,103.41999816894531,7,2026-03-26,108.39329060287308,120.6232495678878,97.40332390155346,23.219925666334333,0.9,108.01000213623047,-0.38328846664261107,0.354863863588465,True
james_stein,BZ=F,2026-03-18,107.37999725341797,0,2026-03-18,107.37999725341797,107.37999725341797,107.37999725341797,0.0,0.9,107.37999725341797,0.0,0.0,True
james_stein,BZ=F,2026-03-18,107.37999725341797,1,2026-03-19,108.25474559650992,112.71977115707315,103.96658743952491,8.75318371754824,0.9,108.6500015258789,0.3952559293689859,0.3637882409737854,True
james_stein,BZ=F,2026-03-18,107.37999725341797,2,2026-03-20,109.13661989120652,115.55650771074164,103.07339705257048,12.483110658171157,0.9,112.19000244140625,3.0533825501997285,2.721617331093674,True
james_stein,BZ=F,2026-03-18,107.37999725341797,3,2026-03-23,110.02567818755934,118.00407634848955,102.58670916487642,15.417367183613123,0.9,99.94000244140625,-10.085675746153086,10.091730538095804,False
james_stein,BZ=F,2026-03-18,107.37999725341797,4,2026-03-24,110.92197900851207,120.26075297895039,102.3084017220343,17.95235125691609,0.9,104.48999786376953,-6.431981144742537,6.155595058130188,True
james_stein,BZ=F,2026-03-18,107.37999725341797,5,2026-03-25,111.82558135375325,122.40276029880694,102.16240724129136,20.240353057515577,0.9,102.22000122070312,-9.605580133050125,9.39696734331936,True
james_stein,BZ=F,2026-03-18,107.37999725341797,6,2026-03-26,112.73654470359976,124.46894032034686,102.11004029596553,22.358900024381327,0.9,108.01000213623047,-4.726542567369293,4.376023029244844,True
james_stein,BZ=F,2026-03-18,107.37999725341797,7,2026-03-27,113.65492902291255,126.48224253131691,102.12850936766827,24.35373316364864,0.9,112.56999969482422,-1.0849293280883359,0.9637819410407434,True
james_stein,BZ=F,2026-03-19,108.6500015258789,0,2026-03-19,108.6500015258789,108.6500015258789,108.6500015258789,0.0,0.9,108.6500015258789,0.0,0.0,True
james_stein,BZ=F,2026-03-19,108.6500015258789,1,2026-03-20,109.55978626845344,114.07787799562817,105.2206350441512,8.857242951476977,0.9,112.19000244140625,2.6302161729528137,2.344430087989795,True
james_stein,BZ=F,2026-03-19,108.6500015258789,2,2026-03-23,110.47718912668566,116.97483156035831,104.3404735405467,12.634358019811614,0.9,99.94000244140625,-10.537186685279408,10.543512535390668,False
james_stein,BZ=F,2026-03-19,108.6500015258789,3,2026-03-24,111.40227389114413,119.47911406803954,103.87143162988413,15.607682438155408,0.9,104.48999786376953,-6.9122760273746024,6.615251381655295,True
james_stein,BZ=F,2026-03-19,108.6500015258789,4,2026-03-25,112.33510488655037,121.79122835075799,103.61317445234334,18.178053898414646,0.9,102.22000122070312,-10.115103665847244,9.895425107663353,False
james_stein,BZ=F,2026-03-19,108.6500015258789,5,2026-03-26,113.27574697625113,123.98824252105993,103.4888033907586,20.499439130301326,0.9,108.01000213623047,-5.265744840020659,4.875238159313338,True
james_stein,BZ=F,2026-03-19,108.6500015258789,6,2026-03-27,114.22426556672895,126.10942650564878,103.45921955068285,22.650206954965938,0.9,112.56999969482422,-1.6542658719047267,1.4695441737491515,True
james_stein,BZ=F,2026-03-19,108.6500015258789,7,2026-03-30,115.18072661214956,128.1779824493389,103.50139337031794,24.67658907902097,0.9,112.77999877929688,-2.400727832852681,2.1286822653285795,True
james_stein,BZ=F,2026-03-20,112.19000244140625,0,2026-03-20,112.19000244140625,112.19000244140625,112.19000244140625,0.0,0.9,112.19000244140625,0.0,0.0,True
james_stein,BZ=F,2026-03-20,112.19000244140625,1,2026-03-23,113.25540433177842,117.92656327951758,108.7692734668413,9.157289812676282,0.9,99.94000244140625,-13.315401890372172,13.323395602455431,False
james_stein,BZ=F,2026-03-20,112.19000244140625,2,2026-03-24,114.33092371179578,121.05618656886237,107.97928207788668,13.076904490975693,0.9,104.48999786376953,-9.840925848026245,9.418055363400912,False
james_stein,BZ=F,2026-03-20,112.19000244140625,3,2026-03-25,115.41665666125496,123.7857551668244,107.6133890923836,16.172366074440802,0.9,102.22000122070312,-13.196655440551837,12.910052125766413,False
james_stein,BZ=F,2026-03-20,112.19000244140625,4,2026-03-26,116.5127001723651,126.32190941251937,107.46520033293648,18.8567090795829,0.9,108.01000213623047,-8.502698036134632,7.872139494461244,True
james_stein,BZ=F,2026-03-20,112.19000244140625,5,2026-03-27,117.61915215841279,128.74402752202732,107.45558625697726,21.288441265050068,0.9,112.56999969482422,-5.04915246358857,4.485344654238923,True
james_stein,BZ=F,2026-03-20,112.19000244140625,6,2026-03-30,118.73611146250934,131.09254604296493,107.544361527747,23.548184515217926,0.9,112.77999877929688,-5.956112683212467,5.281178176697973,True
james_stein,BZ=F,2026-03-20,112.19000244140625,7,2026-03-31,119.86367786642009,133.39135911025215,107.70788578434005,25.683473325912104,0.9,118.3499984741211,-1.5136793922989966,1.2789855613137031,True
james_stein,BZ=F,2026-03-23,99.94000244140625,0,2026-03-23,99.94000244140625,99.94000244140625,99.94000244140625,0.0,0.9,99.94000244140625,0.0,0.0,True
james_stein,BZ=F,2026-03-23,99.94000244140625,1,2026-03-24,100.19457430100672,104.34585419200535,96.20844830967046,8.137405882334889,0.9,104.48999786376953,4.295423562762807,4.1108466365967695,False
james_stein,BZ=F,2026-03-23,99.94000244140625,2,2026-03-25,100.44979461798283,106.38564824319067,94.84513564958951,11.540512593601164,0.9,102.22000122070312,1.7702066027202932,1.731761476795761,True
james_stein,BZ=F,2026-03-23,99.94000244140625,3,2026-03-26,100.70566504411556,108.04176729472235,93.86768863482855,14.174078659893794,0.9,108.01000213623047,7.304337092114906,6.7626487803436195,True
james_stein,BZ=F,2026-03-23,99.94000244140625,4,2026-03-27,100.96218723539346,109.50166906611867,93.08865644047624,16.413012625642423,0.9,112.56999969482422,11.607812459430761,10.311639416273774,False
james_stein,BZ=F,2026-03-23,99.94000244140625,5,2026-03-30,101.21936285202321,110.83774992427684,92.43564961548803,18.402100308788803,0.9,112.77999877929688,11.560635927273665,10.250608310341516,False
james_stein,BZ=F,2026-03-23,99.94000244140625,6,2026-03-31,101.47719355844056,112.08703662127269,91.871648344951,20.21538827632169,0.9,118.3499984741211,16.872804915680533,14.256700577288145,False
james_stein,BZ=F,2026-03-23,99.94000244140625,7,2026-04-01,101.73568102332088,113.27146633499018,91.3747224095189,21.896743925471284,0.9,101.16000366210938,-0.575677361211504,0.5690760580973867,True
james_stein,BZ=F,2026-03-24,104.48999786376953,0,2026-03-24,104.48999786376953,104.48999786376953,104.48999786376953,0.0,0.9,104.48999786376953,0.0,0.0,True
james_stein,BZ=F,2026-03-24,104.48999786376953,1,2026-03-25,104.87911278827438,109.22653602076073,100.70472524336829,8.521810777392446,0.9,102.22000122070312,-2.6591115675712587,2.6013613146315393,True
james_stein,BZ=F,2026-03-24,104.48999786376953,2,2026-03-26,105.26967675505672,111.49331359568599,99.39344779275547,12.099865802930523,0.9,108.01000213623047,2.740325381173747,2.5371033487412022,True
james_stein,BZ=F,2026-03-24,104.48999786376953,3,2026-03-27,105.661695160269,113.36251913463352,98.48399549839192,14.878523636241596,0.9,112.56999969482422,6.908304534555214,6.13689664500625,True
james_stein,BZ=F,2026-03-24,104.48999786376953,4,2026-03-30,106.05517342015894,115.02974852242956,97.78079108802719,17.24895743440237,0.9,112.77999877929688,6.724825359137938,5.9627819045272235,True
james_stein,BZ=F,2026-03-24,104.48999786376953,5,2026-03-31,106.45011697114393,116.57045583908086,97.20839917459803,19.362056664482836,0.9,118.3499984741211,11.899881502977166,10.054821847403103,False
james_stein,BZ=F,2026-03-24,104.48999786376953,6,2026-04-01,106.84653126988637,118.02319278744314,96.72828682890376,21.294905958539374,0.9,101.16000366210938,-5.686527607776995,5.621320088887016,True
james_stein,BZ=F,2026-03-24,104.48999786376953,7,2026-04-02,107.2444217933687,119.41077913022453,96.31765314294663,23.0931259872779,0.9,,,,
james_stein,BZ=F,2026-03-25,102.22000122070312,0,2026-03-25,102.22000122070312,102.22000122070312,102.22000122070312,0.0,0.9,102.22000122070312,0.0,0.0,True
james_stein,BZ=F,2026-03-25,102.22000122070312,1,2026-03-26,102.51201007266184,106.76114522683334,98.43199215229347,8.32915307453986,0.9,108.01000213623047,5.497992063568631,5.090261970955378,False
james_stein,BZ=F,2026-03-25,102.22000122070312,2,2026-03-27,102.8048530976649,108.88252575989728,97.06642775479305,11.816098005104223,0.9,112.56999969482422,9.765146597159315,8.674732720647151,False
james_stein,BZ=F,2026-03-25,102.22000122070312,3,2026-03-30,103.09853267866997,110.612247912975,96.09521224862428,14.517035664350715,0.9,112.77999877929688,9.681466100626906,8.584382164760354,False
james_stein,BZ=F,2026-03-25,102.22000122070312,4,2026-03-31,103.3930512054417,112.14200092700644,95.32666573810575,16.81533518890069,0.9,118.3499984741211,14.9569472686794,12.637893926082263,False
james_stein,BZ=F,2026-03-25,102.22000122070312,5,2026-04-01,103.68841107457153,113.54579290161733,94.68678950073358,18.85900340088375,0.9,101.16000366210938,-2.5284074124621583,2.499414117171688,True
james_stein,BZ=F,2026-03-25,102.22000122070312,6,2026-04-02,103.98461468949749,114.86146448901604,94.13775229339223,20.72371219562382,0.9,,,,
james_stein,BZ=F,2026-03-25,102.22000122070312,7,2026-04-03,104.28166446052312,116.11142937972168,93.65714986673258,22.454279512989103,0.9,,,,
james_stein,BZ=F,2026-03-26,108.01000213623047,0,2026-03-26,108.01000213623047,108.01000213623047,108.01000213623047,0.0,0.9,108.01000213623047,0.0,0.0,True
james_stein,BZ=F,2026-03-26,108.01000213623047,1,2026-03-27,108.52606464341247,113.02825371563847,104.20320866513187,8.825045050506603,0.9,112.56999969482422,4.043935051411751,3.5923736895929688,True
james_stein,BZ=F,2026-03-26,108.01000213623047,2,2026-03-30,109.04459285290031,115.4965987039042,102.95301648612833,12.543582217775864,0.9,112.77999877929688,3.7354059263965667,3.312117367288249,True
james_stein,BZ=F,2026-03-26,108.01000213623047,3,2026-03-31,109.56559854560767,117.55741944729374,102.1170798159573,15.440339631336442,0.9,118.3499984741211,8.784399928513423,7.422391247799008,False
james_stein,BZ=F,2026-03-26,108.01000213623047,4,2026-04-01,110.08909355873644,119.41261845466767,101.49353290653418,17.91908554813348,0.9,101.16000366210938,-8.929089896627062,8.826699855064906,False
james_stein,BZ=F,2026-03-26,108.01000213623047,5,2026-04-02,110.61508978604564,121.1400088634947,101.00459958000006,20.13540928349464,0.9,,,,
james_stein,BZ=F,2026-03-26,108.01000213623047,6,2026-04-03,111.14359917812169,122.7793155167391,100.61059215290088,22.168723363838225,0.9,,,,
james_stein,BZ=F,2026-03-26,108.01000213623047,7,2026-04-06,111.67463374264992,124.35403634369932,100.28805005642171,24.06598628727761,0.9,109.7699966430664,-1.9046370995835105,1.7351162957367334,True
james_stein,BZ=F,2026-03-27,112.56999969482422,0,2026-03-27,112.56999969482422,112.56999969482422,112.56999969482422,0.0,0.9,112.56999969482422,0.0,0.0,True
james_stein,BZ=F,2026-03-27,112.56999969482422,1,2026-03-30,113.20029626779053,117.89815425477168,108.68963264195393,9.208521612817748,0.9,112.77999877929688,-0.42029748849365944,0.3726702367821038,True
james_stein,BZ=F,2026-03-27,112.56999969482422,2,2026-03-31,113.83412196726458,120.57206119351181,107.47271959845513,13.099341595056686,0.9,118.3499984741211,4.5158765068565145,3.8156962949551496,True
james_stein,BZ=F,2026-03-27,112.56999969482422,3,2026-04-01,114.47149655336311,122.82433245863845,106.68670662288638,16.137625835752075,0.9,101.16000366210938,-13.311492891253735,13.158849752236323,False
james_stein,BZ=F,2026-03-27,112.56999969482422,4,2026-04-02,115.11243989684284,124.86512159175811,106.12149854246327,18.74362304929484,0.9,,,,
james_stein,BZ=F,2026-03-27,112.56999969482422,5,2026-04-03,115.75697197971981,126.77536566746795,105.69621701633278,21.07914865113517,0.9,,,,
james_stein,BZ=F,2026-03-27,112.56999969482422,6,2026-04-06,116.40511289589264,128.59636121189368,105.36962461930283,23.226736592590854,0.9,109.7699966430664,-6.635116252826236,6.044562681732889,True
james_stein,BZ=F,2026-03-27,112.56999969482422,7,2026-04-07,117.05688285176852,130.35252507423806,105.11736397257322,25.235161101664843,0.9,109.2699966430664,-7.786886208702114,7.126280267160803,True
james_stein,BZ=F,2026-03-30,112.77999877929688,0,2026-03-30,112.77999877929688,112.77999877929688,112.77999877929688,0.0,0.9,112.77999877929688,0.0,0.0,True
james_stein,BZ=F,2026-03-30,112.77999877929688,1,2026-03-31,113.17866714551396,117.87462620757051,108.66978847744888,9.204837730121639,0.9,118.3499984741211,5.171331328607138,4.369523781394829,False
james_stein,BZ=F,2026-03-30,112.77999877929688,2,2026-04-01,113.57874477284065,120.30012280054358,107.23290187793381,13.067220922609764,0.9,101.16000366210938,-12.418741110731276,12.276335173149915,False
james_stein,BZ=F,2026-03-30,112.77999877929688,3,2026-04-02,113.98023664290331,122.29542658731532,106.23041848500112,16.065008102314195,0.9,,,,
james_stein,BZ=F,2026-03-30,112.77999877929688,4,2026-04-03,114.38314775493824,124.07193365299135,105.4509598191677,18.620973833823655,0.9,,,,
james_stein,BZ=F,2026-03-30,112.77999877929688,5,2026-04-06,114.78748312585331,125.7112076038178,104.812979952377,20.89822765144079,0.9,109.7699966430664,-5.017486482786907,4.570908842333317,True
james_stein,BZ=F,2026-03-30,112.77999877929688,6,2026-04-07,115.19324779029093,127.25492811651908,104.27481695895784,22.98011115756124,0.9,109.2699966430664,-5.923251147224519,5.420747990478109,True
james_stein,BZ=F,2026-03-30,112.77999877929688,7,2026-04-08,115.60044680069039,128.72776986311652,103.81181399110208,24.915955872014436,0.9,94.75,-20.850446800690392,22.00574860231176,False
james_stein,BZ=F,2026-03-31,118.3499984741211,0,2026-03-31,118.3499984741211,118.3499984741211,118.3499984741211,0.0,0.9,118.3499984741211,0.0,0.0,True
james_stein,BZ=F,2026-03-31,118.3499984741211,1,2026-04-01,118.72902460588156,123.65816595473204,113.99636388772265,9.66180206700939,0.9,101.16000366210938,-17.569020943772188,17.367556650606236,False
james_stein,BZ=F,2026-03-31,118.3499984741211,2,2026-04-02,119.10926460169267,126.1620972951358,112.45070602122134,13.711391273914458,0.9,,,,
james_stein,BZ=F,2026-03-31,118.3499984741211,3,2026-04-03,119.49072234905952,128.21310699841942,111.3617247234797,16.851382274939724,0.9,,,,
james_stein,BZ=F,2026-03-31,118.3499984741211,4,2026-04-06,119.87340174793697,130.0333142336404,110.50731523156693,19.525999002073462,0.9,109.7699966430664,-10.10340510487056,9.20415907246795,False
james_stein,BZ=F,2026-03-31,118.3499984741211,5,2026-04-07,120.25730671076978,131.70844690260358,109.80176410418426,21.906682798419325,0.9,109.2699966430664,-10.987310067703376,10.055193928113443,False
james_stein,BZ=F,2026-03-31,118.3499984741211,6,2026-04-08,120.64244116253302,133.28232488950678,109.20126597222281,24.08105891728397,0.9,94.75,-25.892441162533018,27.327114683412155,False
james_stein,BZ=F,2026-03-31,118.3499984741211,7,2026-04-09,121.02880904077136,134.78089638569958,108.67988721420664,26.101009171492933,0.9,95.91999816894531,-25.10881087182605,26.176825845640167,False
james_stein,BZ=F,2026-04-01,101.16000366210938,0,2026-04-01,101.16000366210938,101.16000366210938,101.16000366210938,0.0,0.9,101.16000366210938,0.0,0.0,True
james_stein,BZ=F,2026-04-01,101.16000366210938,1,2026-04-02,101.19393129560538,105.4303862052265,97.12770767173824,8.302678533488262,0.9,,,,
james_stein,BZ=F,2026-04-01,101.16000366210938,2,2026-04-03,101.2278703079495,107.27267816126322,95.52368695110405,11.748991210159161,0.9,,,,
james_stein,BZ=F,2026-04-01,101.16000366210938,3,2026-04-06,101.2618207029581,108.71659927551649,94.31822187605233,14.398377399464152,0.9,109.7699966430664,8.508175940108302,7.750912089187641,False
james_stein,BZ=F,2026-04-01,101.16000366210938,4,2026-04-07,101.29578248444861,109.95475672492938,93.31870539085416,16.63605133407522,0.9,109.2699966430664,7.974214158617798,7.297716119334933,True
james_stein,BZ=F,2026-04-01,101.16000366210938,5,2026-04-08,101.32975565623995,111.06170547808156,92.4505826482168,18.61112282986477,0.9,94.75,-6.5797556562399535,6.944333146427392,True
james_stein,BZ=F,2026-04-01,101.16000366210938,6,2026-04-09,101.36374022215229,112.07565750719348,91.67564179727881,20.40001570991467,0.9,95.91999816894531,-5.443742053206975,5.675294158803915,True
james_stein,BZ=F,2026-04-01,101.16000366210938,7,2026-04-10,101.39773618600704,113.01929830541293,90.97119746632384,22.048100839089088,0.9,95.19999694824219,-6.19773923776485,6.510230500463569,True
james_stein,BZ=F,2026-04-06,109.7699966430664,0,2026-04-06,109.7699966430664,109.7699966430664,109.7699966430664,0.0,0.9,109.7699966430664,0.0,0.0,True
james_stein,BZ=F,2026-04-06,109.7699966430664,1,2026-04-07,109.82126876668956,114.4283683229733,105.39965963234036,9.02870869063294,0.9,109.2699966430664,-0.5512721236231499,0.5045045671813244,True
james_stein,BZ=F,2026-04-06,109.7699966430664,2,2026-04-08,109.87256483884818,116.44720889092878,103.6691271456254,12.778081745303382,0.9,94.75,-15.122564838848177,15.960490595090423,False
james_stein,BZ=F,2026-04-06,109.7699966430664,3,2026-04-09,109.92388487072823,118.0332620068658,102.3716557487859,15.6616062580799,0.9,95.91999816894531,-14.003886701782918,14.599548549946451,False
james_stein,BZ=F,2026-04-06,109.7699966430664,4,2026-04-10,109.9752288735212,119.39588837231186,101.29788496626425,18.09800340604761,0.9,95.19999694824219,-14.775231925279016,15.520202099703779,False
james_stein,BZ=F,2026-04-06,109.7699966430664,5,2026-04-13,110.02659685842349,120.61611641860968,100.3667865928591,20.24932982575058,0.9,99.36000061035156,-10.666596248071926,10.73530211609183,False
james_stein,BZ=F,2026-04-06,109.7699966430664,6,2026-04-14,110.0779888366368,121.73547037245497,99.53683662818855,22.198633744266417,0.9,94.79000091552734,-15.287987921109462,16.128270675652214,False
james_stein,BZ=F,2026-04-06,109.7699966430664,7,2026-04-15,110.12940481936803,122.77859887823314,98.78338665435322,23.995212223879918,0.9,94.93000030517578,-15.199404514192253,16.01117082621936,False
james_stein,BZ=F,2026-04-07,109.2699966430664,0,2026-04-07,109.2699966430664,109.2699966430664,109.2699966430664,0.0,0.9,109.2699966430664,0.0,0.0,True
james_stein,BZ=F,2026-04-07,109.2699966430664,1,2026-04-08,109.32129876072688,113.90648248287913,104.92068670919092,8.98579577368821,0.9,94.75,-14.571298760726876,15.378679430846306,False
james_stein,BZ=F,2026-04-07,109.2699966430664,2,2026-04-09,109.37262496466316,115.91599801827458,103.19862051979182,12.717377498482762,0.9,95.91999816894531,-13.452626795717848,14.024840546831054,False
james_stein,BZ=F,2026-04-07,109.2699966430664,3,2026-04-10,109.42397526618382,117.49479037305066,101.90755117769672,15.587239195353945,0.9,95.19999694824219,-14.22397831794163,14.94115417427465,False
james_stein,BZ=F,2026-04-07,109.2699966430664,4,2026-04-13,109.47534967660243,118.85122363722215,100.83911481968899,18.01210881753316,0.9,99.36000061035156,-10.115349066250872,10.180504231193645,False
james_stein,BZ=F,2026-04-07,109.2699966430664,5,2026-04-14,109.52674820723823,120.06594032736939,99.91266915616045,20.153271171208942,0.9,94.79000091552734,-14.736747291710884,15.546731880342127,False
james_stein,BZ=F,2026-04-07,109.2699966430664,6,2026-04-15,109.57817086941557,121.18026680601636,99.08688805173264,22.09337875428372,0.9,94.93000030517578,-14.648170564239791,15.430496699831089,False
james_stein,BZ=F,2026-04-07,109.2699966430664,7,2026-04-16,109.62961767446423,122.21873421027827,98.33724059660946,23.88149361366881,0.9,99.38999938964844,-10.23961828481579,10.302463374280146,True
james_stein,BZ=F,2026-04-08,94.75,0,2026-04-08,94.75,94.75,94.75,0.0,0.9,94.75,0.0,0.0,True
james_stein,BZ=F,2026-04-08,94.75,1,2026-04-09,94.7680208748177,98.76965603070684,90.9285112599537,7.8411447707531465,0.9,95.91999816894531,1.1519772941276187,1.2009771852774893,True
james_stein,BZ=F,2026-04-08,94.75,2,2026-04-10,94.78604517709647,100.49538676794916,89.40106256877408,11.094324199175077,0.9,95.19999694824219,0.4139517711457188,0.43482330295742955,True
james_stein,BZ=F,2026-04-08,94.75,3,2026-04-13,94.80407290748805,101.84451050737297,88.25033568399981,13.594174823373166,0.9,99.36000061035156,4.555927702863514,4.585273424795919,True
james_stein,BZ=F,2026-04-08,94.75,4,2026-04-14,94.82210406664451,102.99900958452278,87.29434832329335,15.704661261229433,0.9,94.79000091552734,-0.03210315111716966,0.03386765566737209,True
james_stein,BZ=F,2026-04-08,94.75,5,2026-04-15,94.84013865521807,104.02933692230735,86.46264761697464,17.566689305332716,0.9,94.93000030517578,0.08986164995771162,0.09466096035903224,True
james_stein,BZ=F,2026-04-08,94.75,6,2026-04-16,94.85817667386081,104.97160724713807,85.71911889188222,19.25248835525585,0.9,99.38999938964844,4.5318227157876265,4.559636526428655,True
james_stein,BZ=F,2026-04-08,94.75,7,2026-04-17,94.87621812322529,105.84726398212737,85.042318778176,20.804945203951377,0.9,90.37999725341797,-4.496220869807317,4.974796422266189,True
james_stein,BZ=F,2026-04-09,95.91999816894531,0,2026-04-09,95.91999816894531,95.91999816894531,95.91999816894531,0.0,0.9,95.91999816894531,0.0,0.0,True
james_stein,BZ=F,2026-04-09,95.91999816894531,1,2026-04-10,95.93752881875656,99.98787818124143,92.05125264450801,7.936625536733416,0.9,95.19999694824219,-0.7375318705143741,0.7747183762152339,True
james_stein,BZ=F,2026-04-09,95.91999816894531,2,2026-04-13,95.9550626725262,101.73385628973452,90.5045221746647,11.229334115069818,0.9,99.36000061035156,3.404937937825366,3.426869884168088,True
james_stein,BZ=F,2026-04-09,95.91999816894531,3,2026-04-14,95.97259973083979,103.09862096476208,89.33911834033275,13.75950262442933,0.9,94.79000091552734,-1.1825988153124456,1.2475986959492968,True
james_stein,BZ=F,2026-04-09,95.91999816894531,4,2026-04-15,95.9901399942831,104.26637496628699,88.37083843282471,15.895536533462277,0.9,94.93000030517578,-1.0601396891073165,1.1167593865998497,True
james_stein,BZ=F,2026-04-09,95.91999816894531,5,2026-04-16,96.00768346344172,105.30843141461696,87.52836938312825,17.78006203148871,0.9,99.38999938964844,3.382315926206715,3.403074702663683,True
james_stein,BZ=F,2026-04-09,95.91999816894531,6,2026-04-17,96.02523013890163,106.26134626269835,86.77515528961334,19.486190973085016,0.9,90.37999725341797,-5.645232885483665,6.2461087154659936,True
james_stein,BZ=F,2026-04-09,95.91999816894531,7,2026-04-20,96.04278002124884,107.14682507968305,86.08949063446465,21.0573344452184,0.9,95.4800033569336,-0.5627766643152512,0.5894183541358069,True
james_stein,BZ=F,2026-04-10,95.19999694824219,0,2026-04-10,95.19999694824219,95.19999694824219,95.19999694824219,0.0,0.9,95.19999694824219,0.0,0.0,True
james_stein,BZ=F,2026-04-10,95.19999694824219,1,2026-04-13,95.21610219098146,99.23521952821922,91.35976278931216,7.8754567389070615,0.9,99.36000061035156,4.143898419370103,4.1705901710093,False
james_stein,BZ=F,2026-04-10,95.19999694824219,2,2026-04-14,95.23221015828851,100.96635647138781,89.82372117391878,11.142635297469027,0.9,94.79000091552734,-0.4422092427611659,0.46651465185156316,True
james_stein,BZ=F,2026-04-10,95.19999694824219,3,2026-04-15,95.24832085062434,102.31918098007637,88.66609894610112,13.653082033975252,0.9,94.93000030517578,-0.31832054544855737,0.3353213361690065,True
james_stein,BZ=F,2026-04-10,95.19999694824219,4,2026-04-16,95.26443426844978,103.47648416800787,87.7041050385207,15.772379129487177,0.9,99.38999938964844,4.125565121198662,4.150885548378767,True
james_stein,BZ=F,2026-04-10,95.19999694824219,5,2026-04-17,95.28055041222598,104.50903369038625,86.86697184237627,17.642061848009973,0.9,90.37999725341797,-4.900553158808009,5.422165642545072,True
james_stein,BZ=F,2026-04-10,95.19999694824219,6,2026-04-20,95.29666928241413,105.453106398993,86.11842255230647,19.33468384668653,0.9,95.4800033569336,0.1833340745194647,0.19201305830929394,True
james_stein,BZ=F,2026-04-10,95.19999694824219,7,2026-04-21,95.31279087947551,106.33024243968237,85.4369170688949,20.893325370787466,0.9,98.4800033569336,3.1672124774580794,3.2160970445733525,True
james_stein,BZ=F,2026-04-13,99.36000061035156,0,2026-04-13,99.36000061035156,99.36000061035156,99.36000061035156,0.0,0.9,99.36000061035156,0.0,0.0,True
james_stein,BZ=F,2026-04-13,99.36000061035156,1,2026-04-14,99.38188835336145,103.57850320315553,95.35530469394833,8.223198509207208,0.9,94.79000091552734,-4.591887437834103,4.844274072669532,False
james_stein,BZ=F,2026-04-13,99.36000061035156,2,2026-04-15,99.40378091796246,105.3914922623096,93.75625535496845,11.635236907341152,0.9,94.93000030517578,-4.473780612786683,4.712715262198059,True
james_stein,BZ=F,2026-04-13,99.36000061035156,3,2026-04-16,99.42567830521662,106.80960973233589,92.55221071610812,14.257399016227765,0.9,99.38999938964844,-0.03567891556818381,0.035897892934185695,True
james_stein,BZ=F,2026-04-13,99.36000061035156,4,2026-04-17,99.44758051618646,108.02368646508666,91.55233999276436,16.471346472322296,0.9,90.37999725341797,-9.067583262768494,10.032732394695419,False
james_stein,BZ=F,2026-04-13,99.36000061035156,5,2026-04-20,99.46948755193452,109.1075986126891,90.68276710008878,18.42483151260032,0.9,95.4800033569336,-3.9894841950009265,4.178345260511784,True
james_stein,BZ=F,2026-04-13,99.36000061035156,6,2026-04-21,99.49139941352361,110.09921450534901,89.90562377518488,20.193590730164132,0.9,98.4800033569336,-1.0113960565900157,1.0270065212368895,True
james_stein,BZ=F,2026-04-13,99.36000061035156,7,2026-04-22,99.51331610201672,111.02101810362828,89.19842612482998,21.8225919787983,0.9,101.91000366210938,2.3966875600926585,2.351768691952033,True
james_stein,BZ=F,2026-04-14,94.79000091552734,0,2026-04-14,94.79000091552734,94.79000091552734,94.79000091552734,0.0,0.9,94.79000091552734,0.0,0.0,True
james_stein,BZ=F,2026-04-14,94.79000091552734,1,2026-04-15,94.80111733184998,98.80647786852165,90.95812381174248,7.848354056779172,0.9,94.93000030517578,0.12888297332580123,0.13576632562043114,True
james_stein,BZ=F,2026-04-14,94.79000091552734,2,2026-04-16,94.81223505184094,100.52650355201627,89.42278501583512,11.103718536181148,0.9,99.38999938964844,4.577764337807494,4.605860112606332,True
james_stein,BZ=F,2026-04-14,94.79000091552734,3,2026-04-17,94.82335407565293,101.86938048281804,88.26468204224729,13.604698440570758,0.9,90.37999725341797,-4.443356822234961,4.916305551300427,True
james_stein,BZ=F,2026-04-14,94.79000091552734,4,2026-04-20,94.83447440343902,103.01730074940927,87.30162283375593,15.715677915653345,0.9,95.4800033569336,0.6455289534945763,0.6760881135303176,True
james_stein,BZ=F,2026-04-14,94.79000091552734,5,2026-04-21,94.84559603535196,104.04080400863879,86.46306776478039,17.577736243858396,0.9,98.4800033569336,3.6344073215816337,3.690502840875207,True
james_stein,BZ=F,2026-04-14,94.79000091552734,6,2026-04-22,94.85671897154485,104.97605214768454,85.71285497942115,19.26319716826339,0.9,101.91000366210938,7.053284690564524,6.9210915877799835,True
james_stein,BZ=F,2026-04-14,94.79000091552734,7,2026-04-23,94.8678432121705,105.8445181605088,85.02951151500335,20.81500664550545,0.9,105.06999969482422,10.20215648265372,9.709866291316152,True
james_stein,BZ=F,2026-04-15,94.93000030517578,0,2026-04-15,94.93000030517578,94.93000030517578,94.93000030517578,0.0,0.9,94.93000030517578,0.0,0.0,True
james_stein,BZ=F,2026-04-15,94.93000030517578,1,2026-04-16,94.93869015569815,98.94901008347404,91.09090511240014,7.8581049710738995,0.9,99.38999938964844,4.451309233950283,4.478628897560786,False
james_stein,BZ=F,2026-04-15,94.93000030517578,2,2026-04-17,94.94738080168564,100.66856703839747,89.5513404662029,11.117226572194568,0.9,90.37999725341797,-4.567383548267671,5.053533621450672,True
james_stein,BZ=F,2026-04-15,94.93000030517578,3,2026-04-20,94.95607224321104,102.01043722343893,88.38954033799747,13.620896885441454,0.9,95.4800033569336,0.5239311137225542,0.5487338660472587,True
james_stein,BZ=F,2026-04-15,94.93000030517578,4,2026-04-21,94.96476448034717,103.15705422561936,87.42307116567589,15.73398305994347,0.9,98.4800033569336,3.515238876586423,3.5694950820073554,True
james_stein,BZ=F,2026-04-15,94.93000030517578,5,2026-04-22,94.97345751316679,104.17905317814493,86.58129784095158,17.597755337193348,0.9,101.91000366210938,6.936546148942583,6.806540967205973,True
james_stein,BZ=F,2026-04-15,94.93000030517578,6,2026-04-23,94.9821513417429,105.1126458787561,85.8280085910108,19.284637287745298,0.9,105.06999969482422,10.087848353081313,9.601073933931156,True
james_stein,BZ=F,2026-04-15,94.93000030517578,7,2026-04-24,94.99084596614827,105.9793355193727,85.14170024886675,20.83763527050594,0.9,105.33000183105469,10.339155864906417,9.815964763287509,True
james_stein,BZ=F,2026-04-16,99.38999938964844,0,2026-04-16,99.38999938964844,99.38999938964844,99.38999938964844,0.0,0.9,99.38999938964844,0.0,0.0,True
james_stein,BZ=F,2026-04-16,99.38999938964844,1,2026-04-17,99.40702446599536,103.60813673814515,95.37625928123518,8.23187745690997,0.9,90.37999725341797,-9.027027212577394,9.987859578338295,False
james_stein,BZ=F,2026-04-16,99.38999938964844,2,2026-04-20,99.4240524586642,105.41792896189503,93.77097714446992,11.646951817425105,0.9,95.4800033569336,-3.944049101730613,4.130759282639052,True
james_stein,BZ=F,2026-04-16,99.38999938964844,3,2026-04-21,99.44108336815435,106.83229530764672,92.56123378193894,14.271061525707779,0.9,98.4800033569336,-0.9610800112207585,0.9759138692729266,True
james_stein,BZ=F,2026-04-16,99.38999938964844,4,2026-04-22,99.45811719496561,108.04229777631726,91.55596724207962,16.486330534237638,0.9,101.91000366210938,2.4518864671437655,2.4059330576350364,True
james_stein,BZ=F,2026-04-16,99.38999938964844,5,2026-04-23,99.47515393959752,109.12190587665609,90.68120806551526,18.440697811140822,0.9,105.06999969482422,5.5948457552267,5.324874627845178,True
james_stein,BZ=F,2026-04-16,99.38999938964844,6,2026-04-24,99.49219360255007,110.10903768241027,89.89903822789114,20.209999454519135,0.9,105.33000183105469,5.837808228504613,5.542398297750185,True
james_stein,BZ=F,2026-04-16,99.38999938964844,7,2026-04-27,99.50923618432299,111.02620778607174,89.18694318612579,21.83926459994595,0.9,108.2300033569336,8.720767172610607,8.057624412936807,True
james_stein,BZ=F,2026-04-17,90.37999725341797,0,2026-04-17,90.37999725341797,90.37999725341797,90.37999725341797,0.0,0.9,90.37999725341797,0.0,0.0,True
james_stein,BZ=F,2026-04-17,90.37999725341797,1,2026-04-20,90.35082581605573,94.18004827390094,86.67729392006946,7.502754353831477,0.9,95.4800033569336,5.129177540877862,5.371991370489819,False
james_stein,BZ=F,2026-04-17,90.37999725341797,2,2026-04-21,90.32166379419242,95.78238548190727,85.17226742167668,10.61011806023059,0.9,98.4800033569336,8.158339562741176,8.284260037209656,False
james_stein,BZ=F,2026-04-17,90.37999725341797,3,2026-04-22,90.29251118478885,97.02307492582372,84.02885171685362,12.994223208970098,0.9,101.91000366210938,11.617492477320525,11.39975670675004,False
james_stein,BZ=F,2026-04-17,90.37999725341797,4,2026-04-23,90.2633679848072,98.07653157715478,83.07263184109713,15.003899736057647,0.9,105.06999969482422,14.806631710017015,14.09215927764621,False
james_stein,BZ=F,2026-04-17,90.37999725341797,5,2026-04-24,90.23423419121028,99.01031620761881,82.23604702968962,16.7742691779292,0.9,105.33000183105469,15.09576763984441,14.331878265850072,False
james_stein,BZ=F,2026-04-17,90.37999725341797,6,2026-04-27,90.20510980096219,99.85907936520077,81.4844467416474,18.374632623553367,0.9,108.2300033569336,18.024893555971403,16.654248357109253,False
james_stein,BZ=F,2026-04-17,90.37999725341797,7,2026-04-28,90.1759948110277,100.64340580401002,80.79724622986177,19.846159574148245,0.9,111.26000213623047,21.084007325202762,18.950212943000665,False
james_stein,BZ=F,2026-04-20,95.4800033569336,0,2026-04-20,95.4800033569336,95.4800033569336,95.4800033569336,0.0,0.9,95.4800033569336,0.0,0.0,True
james_stein,BZ=F,2026-04-20,95.4800033569336,1,2026-04-21,95.45024449133133,99.49875787798847,91.56646140876543,7.932296469223033,0.9,98.4800033569336,3.029758865602261,3.0765218951314623,True
james_stein,BZ=F,2026-04-20,95.4800033569336,2,2026-04-22,95.42049490086586,101.1940425512914,89.97635253588327,11.217690015408138,0.9,101.91000366210938,6.489508761243513,6.367881982184977,False
james_stein,BZ=F,2026-04-20,95.4800033569336,3,2026-04-23,95.39075458264615,102.50700490005411,88.7685292211852,13.738475678868909,0.9,105.06999969482422,9.679245112178066,9.212187246874874,False
james_stein,BZ=F,2026-04-20,95.4800033569336,4,2026-04-24,95.36102353378243,103.62203852377651,87.7585978712821,15.863440652494404,0.9,105.33000183105469,9.968978297272258,9.464519248050635,False
james_stein,BZ=F,2026-04-20,95.4800033569336,5,2026-04-27,95.3313017513855,104.61056857983449,86.87513333490854,17.735435244925952,0.9,108.2300033569336,12.898701605548098,11.917861226529993,False
james_stein,BZ=F,2026-04-20,95.4800033569336,6,2026-04-28,95.30158923256728,105.5092271388286,86.08150354757511,19.427723591253496,0.9,111.26000213623047,15.958412903663188,14.343351246859742,False
james_stein,BZ=F,2026-04-20,95.4800033569336,7,2026-04-29,95.27188597444064,106.33977585401803,85.35594686213413,20.983828991883897,0.9,118.02999877929688,22.75811280485624,19.28163436433767,False
james_stein,BZ=F,2026-04-21,98.4800033569336,0,2026-04-21,98.4800033569336,98.4800033569336,98.4800033569336,0.0,0.9,98.4800033569336,0.0,0.0,True
james_stein,BZ=F,2026-04-21,98.4800033569336,1,2026-04-22,98.44576764586145,102.62175388280632,94.43971478455416,8.182039098252162,0.9,101.91000366210938,3.4642360162479235,3.39930908817732,True
james_stein,BZ=F,2026-04-21,98.4800033569336,2,2026-04-23,98.41154383653468,104.36667020301233,92.79621493577795,11.57045526723438,0.9,105.06999969482422,6.658455858289543,6.337161775605811,False
james_stein,BZ=F,2026-04-21,98.4800033569336,3,2026-04-24,98.37733192481552,105.71712989509682,91.54712624386335,14.170003651233472,0.9,105.33000183105469,6.952669906239166,6.6008447596829845,True
james_stein,BZ=F,2026-04-21,98.4800033569336,4,2026-04-27,98.34313190656808,106.86335406246675,90.50222761620667,16.361126446260087,0.9,108.2300033569336,9.886871450365518,9.135056032253306,False
james_stein,BZ=F,2026-04-21,98.4800033569336,5,2026-04-28,98.3089437776575,107.87902805017357,89.58783371855819,18.291194331615387,0.9,111.26000213623047,12.951058358572965,11.64035422425685,False
james_stein,BZ=F,2026-04-21,98.4800033569336,6,2026-04-29,98.27476753395075,108.80194454089971,88.76615187903697,20.035792661862743,0.9,118.02999877929688,19.755231245346124,16.737466279472084,False
james_stein,BZ=F,2026-04-21,98.4800033569336,7,2026-04-30,98.24060317131585,109.65455549208903,88.01473015099894,21.639825341090088,0.9,114.01000213623047,15.769398964914615,13.831592552793545,False
james_stein,BZ=F,2026-04-22,101.91000366210938,0,2026-04-22,101.91000366210938,101.91000366210938,101.91000366210938,0.0,0.9,101.91000366210938,0.0,0.0,True
james_stein,BZ=F,2026-04-22,101.91000366210938,1,2026-04-23,101.85425991714501,106.17556908868706,97.7088265437393,8.46674254494775,0.9,105.06999969482422,3.215739777679204,3.0605689416763293,True
james_stein,BZ=F,2026-04-22,101.91000366210938,2,2026-04-24,101.79854666344741,107.95968957660955,95.98901352375977,11.970676052849782,0.9,105.33000183105469,3.5314551676072767,3.352753352526848,True
james_stein,BZ=F,2026-04-22,101.91000366210938,3,2026-04-27,101.74286388433804,109.33507511158201,94.6778546666986,14.657220444883421,0.9,108.2300033569336,6.487139472595558,5.993845764932216,True
james_stein,BZ=F,2026-04-22,101.91000366210938,4,2026-04-28,101.68721156314774,110.4986922744979,93.57838344187186,16.920308832626034,0.9,111.26000213623047,9.572790573082727,8.603982014454289,False
james_stein,BZ=F,2026-04-22,101.91000366210938,5,2026-04-29,101.6315896832162,111.52685606752078,92.61428489730068,18.912571170220104,0.9,118.02999877929688,16.39840909608067,13.893424778173463,False
james_stein,BZ=F,2026-04-22,101.91000366210938,6,2026-04-30,101.57599822789251,112.45871611039357,91.74640946340352,20.712306646990044,0.9,114.01000213623047,12.434003908337957,10.906064095569944,False
james_stein,BZ=F,2026-04-22,101.91000366210938,7,2026-05-01,101.52043718053456,113.31753529360645,90.95149429982675,22.366040993779706,0.9,108.16999816894531,6.649560988410755,6.147324675022309,True
james_stein,BZ=F,2026-04-23,105.06999969482422,0,2026-04-23,105.06999969482422,105.06999969482422,105.06999969482422,0.0,0.9,105.06999969482422,0.0,0.0,True
james_stein,BZ=F,2026-04-23,105.06999969482422,1,2026-04-24,105.10123965054743,109.56071319031079,100.8232810322624,8.737432158048392,0.9,105.33000183105469,0.22876218050726038,0.21718615449583512,True
james_stein,BZ=F,2026-04-23,105.06999969482422,2,2026-04-27,105.13248889469573,111.4959969974975,99.1321708297868,12.363826167710698,0.9,108.2300033569336,3.097514462237868,2.8619739131140203,True
james_stein,BZ=F,2026-04-23,105.06999969482422,3,2026-04-28,105.163747430031,113.01195697403345,97.86056333904962,15.151393634983833,0.9,111.26000213623047,6.096254706199474,5.479286885807368,True
james_stein,BZ=F,2026-04-23,105.06999969482422,4,2026-04-29,105.19501525931557,114.31130566151971,96.80574612781058,17.505559533709132,0.9,118.02999877929688,12.834983519981307,10.874340127700345,False
james_stein,BZ=F,2026-04-23,105.06999969482422,5,2026-04-30,105.22629238531295,115.47251222140397,95.88925014404387,19.583262077360104,0.9,114.01000213623047,8.783709750917524,7.704332590417703,True
james_stein,BZ=F,2026-04-23,105.06999969482422,6,2026-05-01,105.2575788107871,116.53579603911372,95.07085611180347,21.464939927310255,0.9,108.16999816894531,2.9124193581582176,2.6924465262627217,True
james_stein,BZ=F,2026-04-23,105.06999969482422,7,2026-05-04,105.28887453850318,117.52503508626694,94.32668616901401,23.19834891725293,0.9,114.44000244140625,9.15112790290307,7.996441548127793,True
james_stein,BZ=F,2026-04-24,105.33000183105469,0,2026-04-24,105.33000183105469,105.33000183105469,105.33000183105469,0.0,0.9,105.33000183105469,0.0,0.0,True
james_stein,BZ=F,2026-04-24,105.33000183105469,1,2026-04-27,105.36264626302872,109.83226792835255,101.07491575053227,8.75735217782028,0.9,108.2300033569336,2.8673570939048716,2.649318123412198,True
james_stein,BZ=F,2026-04-24,105.33000183105469,2,2026-04-28,105.39530081233802,111.77335872821097,99.38119029181128,12.392168436399686,0.9,111.26000213623047,5.864701323892447,5.271167725407295,True
james_stein,BZ=F,2026-04-24,105.33000183105469,3,2026-04-29,105.42796548211825,113.29420764104297,98.10789216087052,15.186315480172453,0.9,118.02999877929688,12.602033297178622,10.676974860215866,False
james_stein,BZ=F,2026-04-24,105.33000183105469,4,2026-04-30,105.46064027550584,114.5979812362492,97.0518549047668,17.546126331482398,0.9,114.01000213623047,8.54936186072463,7.49878230026608,True
james_stein,BZ=F,2026-04-24,105.33000183105469,5,2026-05-01,105.49332519563843,115.7633233721767,96.13443478167714,19.628888590499557,0.9,108.16999816894531,2.6766729733068786,2.4745058875995514,True
james_stein,BZ=F,2026-04-24,105.33000183105469,6,2026-05-04,105.52602024565456,116.83054246095729,95.31532349605983,21.515218964897457,0.9,114.44000244140625,8.913982195751686,7.789218809494243,True
james_stein,BZ=F,2026-04-24,105.33000183105469,7,2026-05-05,105.55872542869375,117.82356903065282,94.57059063650924,23.252978394143582,0.9,109.87000274658203,4.311277317888283,3.923980349606757,True
james_stein,BZ=F,2026-04-27,108.2300033569336,0,2026-04-27,108.2300033569336,108.2300033569336,108.2300033569336,0.0,0.9,108.2300033569336,0.0,0.0,True
james_stein,BZ=F,2026-04-27,108.2300033569336,1,2026-04-28,108.26957183106502,112.8626325546775,103.86343042993576,8.999202124741743,0.9,111.26000213623047,2.9904303051654466,2.6877855902823584,True
james_stein,BZ=F,2026-04-27,108.2300033569336,2,2026-04-29,108.30915477127887,114.8637239519293,102.12861470674794,12.735109245181363,0.9,118.02999877929688,9.720844008018005,8.235909606501748,False
james_stein,BZ=F,2026-04-27,108.2300033569336,3,2026-04-30,108.34875218286386,116.43314209477543,100.8256917951063,15.60745029966914,0.9,114.01000213623047,5.661249953366607,4.96557306138981,True
james_stein,BZ=F,2026-04-27,108.2300033569336,4,2026-05-01,108.38836407111064,117.77962711921496,99.74592171293277,18.033705406282195,0.9,108.16999816894531,-0.21836590216533125,0.20187289069218292,True
james_stein,BZ=F,2026-04-27,108.2300033569336,5,2026-05-04,108.42799044131185,118.98397552577158,98.80850811372295,20.175467412048633,0.9,114.44000244140625,6.012012000094401,5.253418273188674,True
james_stein,BZ=F,2026-04-27,108.2300033569336,6,2026-05-05,108.46763129876193,120.0875966960013,97.97204177003835,22.115554925962954,0.9,109.87000274658203,1.4023714478201015,1.2763915652707383,True
james_stein,BZ=F,2026-04-27,108.2300033569336,7,2026-05-06,108.50728664875756,121.11507342402632,97.21194004197328,23.903133382053042,0.9,101.2699966430664,-7.23729000569115,7.14652932319087,True
james_stein,BZ=F,2026-04-28,111.26000213623047,0,2026-04-28,111.26000213623047,111.26000213623047,111.26000213623047,0.0,0.9,111.26000213623047,0.0,0.0,True
james_stein,BZ=F,2026-04-28,111.26000213623047,1,2026-04-29,111.31357742951462,116.03593650735999,106.78340601293482,9.252530494425173,0.9,118.02999877929688,6.716421349782252,5.690435837707007,False
james_stein,BZ=F,2026-04-28,111.26000213623047,2,2026-04-30,111.36717852103722,118.1070471233836,105.01192565401982,13.095121469363775,0.9,114.01000213623047,2.642823615193251,2.3180629468240364,True
james_stein,BZ=F,2026-04-28,111.26000213623047,3,2026-05-01,111.42080542322073,119.73470852592706,103.68418676586987,16.050521760057194,0.9,108.16999816894531,-3.250807254275415,3.005276240458229,True
james_stein,BZ=F,2026-04-28,111.26000213623047,4,2026-05-04,111.4744581484939,121.13345725593504,102.58565305574541,18.54780420018963,0.9,114.44000244140625,2.965544292912355,2.5913528745603847,True
james_stein,BZ=F,2026-04-28,111.26000213623047,5,2026-05-05,111.5281367092914,122.38632309811675,101.63329498733665,20.753028110780093,0.9,109.87000274658203,-1.6581339627093712,1.5091780479280588,True
james_stein,BZ=F,2026-04-28,111.26000213623047,6,2026-05-06,111.58184111805399,123.53585500720008,100.78456385450997,22.751291152690115,0.9,101.2699966430664,-10.31184447498758,10.182526727370634,True
james_stein,BZ=F,2026-04-28,111.26000213623047,7,2026-05-07,111.63557138722805,124.60730938476226,100.01420350447663,24.593105880285634,0.9,100.05999755859375,-11.575573828634305,11.568632931312845,True
james_stein,BZ=F,2026-04-29,118.02999877929688,0,2026-04-29,118.02999877929688,118.02999877929688,118.02999877929688,0.0,0.9,118.02999877929688,0.0,0.0,True
james_stein,BZ=F,2026-04-29,118.02999877929688,1,2026-04-30,118.10115838285671,123.11614838634594,113.29044803776105,9.825700348584888,0.9,114.01000213623047,-4.091156246626241,3.5884187088582995,True
james_stein,BZ=F,2026-04-29,118.02999877929688,2,2026-05-01,118.17236088812979,125.33080511396948,111.42278121628273,13.908023897686746,0.9,108.16999816894531,-10.002362719184475,9.24689182629206,False
james_stein,BZ=F,2026-04-29,118.02999877929688,3,2026-05-04,118.24360632098157,127.07496513901424,110.02600252926366,17.048962609750575,0.9,114.44000244140625,-3.80360387957532,3.3236663740223014,True
james_stein,BZ=F,2026-04-29,118.02999877929688,4,2026-05-05,118.31489470729272,128.57636619322736,108.87237463656923,19.703991556658124,0.9,109.87000274658203,-8.444891960710692,7.686258077365348,True
james_stein,BZ=F,2026-04-29,118.02999877929688,5,2026-05-06,118.38622607295953,129.92313571024445,107.87377049654117,22.049365213703283,0.9,101.2699966430664,-17.116229429893124,16.90157993212989,False
james_stein,BZ=F,2026-04-29,118.02999877929688,6,2026-05-07,118.45760044389421,131.16042938814405,106.98503480344426,24.175394584699788,0.9,100.05999755859375,-18.397602885300458,18.386571391356547,False
james_stein,BZ=F,2026-04-29,118.02999877929688,7,2026-05-08,118.52901784602417,132.31504773521652,106.17936744169613,26.135680293520394,0.9,101.29000091552734,-17.23901693049683,17.01946566756735,False
james_stein,BZ=F,2026-04-30,114.01000213623047,0,2026-04-30,114.01000213623047,114.01000213623047,114.01000213623047,0.0,0.9,114.01000213623047,0.0,0.0,True
james_stein,BZ=F,2026-04-30,114.01000213623047,1,2026-05-01,114.07042766938409,118.91520465701488,109.42303388541994,9.492170771594942,0.9,108.16999816894531,-5.900429500438776,5.454774521881002,False
james_stein,BZ=F,2026-04-30,114.01000213623047,2,2026-05-04,114.13088522819336,121.04587358577155,107.61092945263509,13.434944133136455,0.9,114.44000244140625,0.3091172132128861,0.2701129033714897,True
james_stein,BZ=F,2026-04-30,114.01000213623047,3,2026-05-05,114.19137482963176,122.72177216330937,106.25392589775508,16.467846265554286,0.9,109.87000274658203,-4.321372083049724,3.9331682670629204,True
james_stein,BZ=F,2026-04-30,114.01000213623047,4,2026-05-06,114.25189649068211,124.1629588507676,105.13196506058328,19.03099379018431,0.9,101.2699966430664,-12.981899847615708,12.819097736688365,False
james_stein,BZ=F,2026-04-30,114.01000213623047,5,2026-05-07,114.31245022833588,125.45459605323305,104.15988483722845,21.2947112160046,0.9,100.05999755859375,-14.252452669742127,14.243906673489661,False
james_stein,BZ=F,2026-04-30,114.01000213623047,6,2026-05-08,114.37303605959396,126.64032342406648,103.2940458757803,23.34627754828618,0.9,101.29000091552734,-13.083035144066613,12.916413294316634,False
james_stein,BZ=F,2026-04-30,114.01000213623047,7,2026-05-11,114.43365400146578,127.7460435317168,102.5085459094938,25.23749762222299,0.9,104.20999908447266,-10.223654916993127,9.810627585464067,True
james_stein,BZ=F,2026-05-01,108.16999816894531,0,2026-05-01,108.16999816894531,108.16999816894531,108.16999816894531,0.0,0.9,108.16999816894531,0.0,0.0,True
james_stein,BZ=F,2026-05-01,108.16999816894531,1,2026-05-04,108.21675228839217,112.81621083965335,103.80481128276845,9.011399556884896,0.9,114.44000244140625,6.223250153014078,5.438002464392124,False
james_stein,BZ=F,2026-05-01,108.16999816894531,2,2026-05-05,108.263526616286,114.82776891223956,102.07453568442466,12.753233227814903,0.9,109.87000274658203,1.6064761302960306,1.4621608174538858,True
james_stein,BZ=F,2026-05-01,108.16999816894531,3,2026-05-06,108.31032116136167,116.40728182847573,100.77656213434256,15.630719694133177,0.9,101.2699966430664,-7.0403245182952645,6.9520339208753095,True
james_stein,BZ=F,2026-05-01,108.16999816894531,4,2026-05-07,108.35713593235744,117.76372734810863,99.7019130751211,18.061814272987533,0.9,100.05999755859375,-8.297138373763687,8.292163278242134,True
james_stein,BZ=F,2026-05-01,108.16999816894531,5,2026-05-08,108.4039709380157,118.97798807739318,98.76970610299824,20.208281974394936,0.9,101.29000091552734,-7.11397002248836,7.023368504479713,True
james_stein,BZ=F,2026-05-01,108.16999816894531,6,2026-05-11,108.45082618708236,120.0915146715862,97.93849076535591,22.15302390623029,0.9,104.20999908447266,-4.2408271026097,4.069501141797424,True
james_stein,BZ=F,2026-05-01,108.16999816894531,7,2026-05-12,108.49770168830709,121.12891277333048,97.1836616223366,23.945251150993883,0.9,107.7699966430664,-0.7277050452406826,0.6752389977804651,True
james_stein,BZ=F,2026-05-04,114.44000244140625,0,2026-05-04,114.44000244140625,114.44000244140625,114.44000244140625,0.0,0.9,114.44000244140625,0.0,0.0,True
james_stein,BZ=F,2026-05-04,114.44000244140625,1,2026-05-05,114.49858903438772,119.36905510744964,109.82684648935822,9.542208618091422,0.9,109.87000274658203,-4.628586287805689,4.2127843561464555,True
james_stein,BZ=F,2026-05-04,114.44000244140625,2,2026-05-06,114.5572056202808,121.50882675673253,108.00329251636165,13.505534240370878,0.9,101.2699966430664,-13.28720897721439,13.12057807609705,False
james_stein,BZ=F,2026-05-04,114.44000244140625,3,2026-05-07,114.6158522144401,123.19137285262424,106.63728534430834,16.554087508315902,0.9,100.05999755859375,-14.555854655846346,14.54712673495983,False
james_stein,BZ=F,2026-05-04,114.44000244140625,4,2026-05-08,114.67452883222809,124.6379240518523,105.50759460196642,19.130329449885878,0.9,101.29000091552734,-13.384527916700748,13.214066339937167,False
james_stein,BZ=F,2026-05-04,114.44000244140625,5,2026-05-11,114.73323548901513,125.93409796948336,104.52860295999946,21.4054950094839,0.9,104.20999908447266,-10.523236404542473,10.098106224924093,False
james_stein,BZ=F,2026-05-04,114.44000244140625,6,2026-05-12,114.79197220017943,127.12376828474663,103.65643702514345,23.467331259603185,0.9,107.7699966430664,-7.021975557113024,6.515705461483649,True
james_stein,BZ=F,2026-05-04,114.44000244140625,7,2026-05-13,114.85073898110706,128.23297691446197,102.86505516677866,25.36792174768331,0.9,105.62999725341797,-9.220741727689088,8.729283316714962,True
james_stein,BZ=F,2026-05-05,109.87000274658203,0,2026-05-05,109.87000274658203,109.87000274658203,109.87000274658203,0.0,0.9,109.87000274658203,0.0,0.0,True
james_stein,BZ=F,2026-05-05,109.87000274658203,1,2026-05-06,109.91835048176355,114.59560670936968,105.43199795846924,9.163608750900437,0.9,101.2699966430664,-8.648353838697147,8.53989742803973,False
james_stein,BZ=F,2026-05-05,109.87000274658203,2,2026-05-07,109.96671949211974,116.6421121839749,103.67335749875011,12.968754685224795,0.9,100.05999755859375,-9.906721933525986,9.900781706220558,False
james_stein,BZ=F,2026-05-05,109.87000274658203,3,2026-05-08,110.0151097870126,118.24930215358609,102.35429859643688,15.89500355714921,0.9,101.29000091552734,-8.725108871485261,8.61398834299718,False
james_stein,BZ=F,2026-05-05,109.87000274658203,4,2026-05-11,110.06352137580821,119.62967839800145,101.26231968408743,18.367358713914015,0.9,104.20999908447266,-5.853522291335551,5.617044758431179,True
james_stein,BZ=F,2026-05-05,109.87000274658203,5,2026-05-12,110.11195426787702,120.86548671058571,100.31517518084948,20.550311529736234,0.9,107.7699966430664,-2.341957624810618,2.173107263394624,True
james_stein,BZ=F,2026-05-05,109.87000274658203,6,2026-05-13,110.16040847259333,121.99887598824458,99.470716402485,22.52815958575958,0.9,105.62999725341797,-4.530411219175363,4.288943800979573,True
james_stein,BZ=F,2026-05-05,109.87000274658203,7,2026-05-14,110.20888399933567,123.05486614856429,98.70392364423158,24.350942504332707,0.9,105.72000122070312,-4.488882778632544,4.246010903141653,True
james_stein,BZ=F,2026-05-06,101.2699966430664,0,2026-05-06,101.2699966430664,101.2699966430664,101.2699966430664,0.0,0.9,101.2699966430664,0.0,0.0,True
james_stein,BZ=F,2026-05-06,101.2699966430664,1,2026-05-07,101.2959285855084,105.61489233819877,97.1535824241831,8.461309914015672,0.9,100.05999755859375,-1.2359310269146562,1.235189943104798,True
james_stein,BZ=F,2026-05-06,101.2699966430664,2,2026-05-08,101.3218671682749,107.48487612993063,95.51223517302638,11.972640956904243,0.9,101.29000091552734,-0.031866252747562385,0.031460413130154706,True
james_stein,BZ=F,2026-05-06,101.2699966430664,3,2026-05-11,101.34781239306626,108.94867471380473,94.27722828058123,14.671446433223508,0.9,104.20999908447266,2.862186691406393,2.7465566803107864,True
james_stein,BZ=F,2026-05-06,101.2699966430664,4,2026-05-12,101.3737642615832,110.20261869149574,93.25223123174372,16.950387459752022,0.9,107.7699966430664,6.396232381483202,5.935077090767188,True
james_stein,BZ=F,2026-05-06,101.2699966430664,5,2026-05-13,101.39972277552714,111.3227099504029,92.36124222572921,18.961467724673682,0.9,105.62999725341797,4.2302744778908306,4.004804116146985,True
james_stein,BZ=F,2026-05-06,101.2699966430664,6,2026-05-14,101.42568793659966,112.34790480832666,91.56530503139444,20.782599776932216,0.9,105.72000122070312,4.294313284103467,4.0619686289433306,True
james_stein,BZ=F,2026-05-06,101.2699966430664,7,2026-05-15,101.45165974650288,113.30133225198293,90.84129074872428,22.46004150325865,0.9,109.26000213623047,7.808342389727585,7.146569867344301,True
james_stein,BZ=F,2026-05-07,100.05999755859375,0,2026-05-07,100.05999755859375,100.05999755859375,100.05999755859375,0.0,0.9,100.05999755859375,0.0,0.0,True
james_stein,BZ=F,2026-05-07,100.05999755859375,1,2026-05-08,100.08214252313837,104.34866410685525,95.99006693334128,8.35859717351397,0.9,101.29000091552734,1.207858392388971,1.1924754481898827,True
james_stein,BZ=F,2026-05-07,100.05999755859375,2,2026-05-11,100.10429238873704,106.19224823593402,94.36535642776634,11.826891808167673,0.9,104.20999908447266,4.10570669573562,3.9398394893061393,True
james_stein,BZ=F,2026-05-07,100.05999755859375,3,2026-05-12,100.12644715647441,107.63447727528519,93.1421387827026,14.49233849258259,0.9,107.7699966430664,7.6435494865919935,7.092465180181256,False
james_stein,BZ=F,2026-05-07,100.05999755859375,4,2026-05-13,100.14860682743543,108.8693202168789,92.12644507650056,16.742875140378345,0.9,105.62999725341797,5.481390425982539,5.189236550704514,True
james_stein,BZ=F,2026-05-07,100.05999755859375,5,2026-05-14,100.17077140270526,109.97186755935867,91.24318488086928,18.728682678489392,0.9,105.72000122070312,5.549229817997869,5.248987659783685,True
james_stein,BZ=F,2026-05-07,100.05999755859375,6,2026-05-15,100.19294088336932,110.98060984407472,90.45386772484295,20.52674211923177,0.9,109.26000213623047,9.067061252861151,8.298609807416915,True
james_stein,BZ=F,2026-05-07,100.05999755859375,7,2026-05-18,100.21511527051322,111.91840031634605,89.73564043351887,22.182759882827185,0.9,112.0999984741211,11.88488320360787,10.602036900430075,False
james_stein,BZ=F,2026-05-08,101.29000091552734,0,2026-05-08,101.29000091552734,101.29000091552734,101.29000091552734,0.0,0.9,101.29000091552734,0.0,0.0,True
james_stein,BZ=F,2026-05-08,101.29000091552734,1,2026-05-11,101.31736008715211,105.63582571322948,97.17543632305856,8.460389390170917,0.9,104.20999908447266,2.892638997320546,2.7757787378692633,True
james_stein,BZ=F,2026-05-08,101.29000091552734,2,2026-05-12,101.34472664868976,107.50709395273893,95.53558971664476,11.971504236094162,0.9,107.7699966430664,6.425269994376649,5.9620211510789085,False
james_stein,BZ=F,2026-05-08,101.29000091552734,3,2026-05-13,101.37210060213616,108.97226174491742,94.30200507854386,14.670256666373561,0.9,105.62999725341797,4.257896651281811,4.030954049034622,True
james_stein,BZ=F,2026-05-08,101.29000091552734,4,2026-05-14,101.399481949488,110.22762961431822,93.27838197737098,16.949247636947234,0.9,105.72000122070312,4.320519271215119,4.086756736027196,True
james_stein,BZ=F,2026-05-08,101.29000091552734,5,2026-05-15,101.42687069274255,111.34918667202305,92.38873139526103,18.96045527676202,0.9,109.26000213623047,7.833131443487915,7.169257999575363,True
james_stein,BZ=F,2026-05-08,101.29000091552734,6,2026-05-18,101.45426683389731,112.37588213465492,91.5941042088554,20.781777925799517,0.9,112.0999984741211,10.645731640223786,9.49663852375646,True
james_stein,BZ=F,2026-05-08,101.29000091552734,7,2026-05-19,101.48167037495057,113.33084045244279,90.87137606123824,22.45946439120455,0.9,111.27999877929688,9.798328404346307,8.805111890573853,True
james_stein,BZ=F,2026-05-11,104.20999908447266,0,2026-05-11,104.20999908447266,104.20999908447266,104.20999908447266,0.0,0.9,104.20999908447266,0.0,0.0,True
james_stein,BZ=F,2026-05-11,104.20999908447266,1,2026-05-12,104.24529243441255,108.68876730063458,99.98347818848382,8.705289112150766,0.9,107.7699966430664,3.5247042086538585,3.2705802342442842,True
james_stein,BZ=F,2026-05-11,104.20999908447266,2,2026-05-13,104.28059773733743,110.6217880740396,98.30290446198606,12.31888361205354,0.9,105.62999725341797,1.3493995160805383,1.277477564297555,True
james_stein,BZ=F,2026-05-11,104.20999908447266,3,2026-05-14,104.31591499729542,112.13716045807442,97.04017898501567,15.096981473058747,0.9,105.72000122070312,1.4040862234077025,1.3281178653001573,True
james_stein,BZ=F,2026-05-11,104.20999908447266,4,2026-05-15,104.35124421833609,113.43682282184089,95.99336352197481,17.443459299866078,0.9,109.26000213623047,4.908757917894377,4.492730937140115,True
james_stein,BZ=F,2026-05-11,104.20999908447266,5,2026-05-18,104.38658540451036,114.59894095531975,95.08429241646766,19.514648538852086,0.9,112.0999984741211,7.713413069610738,6.880832448353175,True
james_stein,BZ=F,2026-05-11,104.20999908447266,6,2026-05-19,104.42193855987051,115.6635769517662,94.27290370890495,21.390673242861254,0.9,111.27999877929688,6.858060219426363,6.162886677441511,True
james_stein,BZ=F,2026-05-11,104.20999908447266,7,2026-05-20,104.45730368847015,116.65451435674372,93.53541398746992,23.119100369273795,0.9,105.0199966430664,0.5626929545962582,0.5357960127428819,True
james_stein,BZ=F,2026-05-12,107.7699966430664,0,2026-05-12,107.7699966430664,107.7699966430664,107.7699966430664,0.0,0.9,107.7699966430664,0.0,0.0,True
james_stein,BZ=F,2026-05-12,107.7699966430664,1,2026-05-13,107.82472336293034,112.42146814025938,103.41593256714458,9.005535573114798,0.9,105.62999725341797,-2.1947261095123736,2.0777489033224,True
james_stein,BZ=F,2026-05-12,107.7699966430664,2,2026-05-14,107.8794778735892,114.44051419543742,101.6945950312954,12.745919164142009,0.9,105.72000122070312,-2.1594766528860703,2.042637748724487,True
james_stein,BZ=F,2026-05-12,107.7699966430664,3,2026-05-15,107.93426018915525,116.02804081003936,100.40507830045392,15.622962509585435,0.9,109.26000213623047,1.3257419470752154,1.2133826845639435,True
james_stein,BZ=F,2026-05-12,107.7699966430664,4,2026-05-18,107.98907032374832,117.39283810079466,99.33859252448315,18.054245576311516,0.9,112.0999984741211,4.1109281503727715,3.6671973294645515,True
james_stein,BZ=F,2026-05-12,107.7699966430664,5,2026-05-19,108.043908291495,118.6157093654506,98.4143346724455,20.201374693005093,0.9,111.27999877929688,3.2360904878018744,2.9080612179193643,True
james_stein,BZ=F,2026-05-12,107.7699966430664,6,2026-05-20,108.09877410652946,119.73806136656238,97.5908982488144,22.14716311774798,0.9,105.0199966430664,-3.078777463463055,2.9316107045089317,True
james_stein,BZ=F,2026-05-12,107.7699966430664,7,2026-05-21,108.15366778299261,120.78447181291405,96.84370581205201,23.94076600086204,0.9,102.58000183105469,-5.573665951937926,5.433482016424156,True
james_stein,BZ=F,2026-05-13,105.62999725341797,0,2026-05-13,105.62999725341797,105.62999725341797,105.62999725341797,0.0,0.9,105.62999725341797,0.0,0.0,True
james_stein,BZ=F,2026-05-13,105.62999725341797,1,2026-05-14,105.67885444327676,110.1837805576739,101.35811477804177,8.825665779632132,0.9,105.72000122070312,0.041146777426362746,0.038920523033729386,True
james_stein,BZ=F,2026-05-13,105.62999725341797,2,2026-05-15,105.72773423111964,112.15742059466052,99.6666446711992,12.490775923461328,0.9,109.26000213623047,3.532267905110828,3.232901186205938,True
james_stein,BZ=F,2026-05-13,105.62999725341797,3,2026-05-18,105.77663662739893,113.70801931826674,98.39848520171499,15.309534116551745,0.9,112.0999984741211,6.323361846722165,5.640822419977059,True
james_stein,BZ=F,2026-05-13,105.62999725341797,4,2026-05-19,105.82556164257171,115.04022630010284,97.34898702086205,17.69123927924079,0.9,111.27999877929688,5.454437136725161,4.901543131342965,True
james_stein,BZ=F,2026-05-13,105.62999725341797,5,2026-05-20,105.87450928709997,116.23324625488664,96.43894563697566,19.794300617910977,0.9,105.0199966430664,-0.8545126440335622,0.8136666076440773,True
james_stein,BZ=F,2026-05-13,105.62999725341797,6,2026-05-21,105.92347957145047,117.32766863417505,95.62777182172185,21.699896812453204,0.9,102.58000183105469,-3.343477740395784,3.259385533939026,True
james_stein,BZ=F,2026-05-13,105.62999725341797,7,2026-05-22,105.97247250609475,118.34758709588152,94.89137214058009,23.456214955301434,0.9,103.54000091552734,-2.4324715905674026,2.349306131986539,True
james_stein,BZ=F,2026-05-14,105.72000122070312,0,2026-05-14,105.72000122070312,105.72000122070312,105.72000122070312,0.0,0.9,105.72000122070312,0.0,0.0,True
james_stein,BZ=F,2026-05-14,105.72000122070312,1,2026-05-15,105.77086719657332,110.27876322254806,101.4472417045362,8.831521518011868,0.9,109.26000213623047,3.4891349396571485,3.1934238252226397,True
james_stein,BZ=F,2026-05-14,105.72000122070312,2,2026-05-18,105.82175764602901,112.25579079622246,99.75649640759322,12.499294388629238,0.9,112.0999984741211,6.2782408280920805,5.600571733764516,True
james_stein,BZ=F,2026-05-14,105.72000122070312,3,2026-05-19,105.87267258084562,113.80955376001691,98.48929574969343,15.320258010323485,0.9,111.27999877929688,5.407326198451258,4.85920763638368,True
james_stein,BZ=F,2026-05-14,105.72000122070312,4,2026-05-20,105.92361201280377,115.14482535521442,97.4408667278498,17.703958627364628,0.9,105.0199966430664,-0.9036153697373663,0.8604222039813068,True
james_stein,BZ=F,2026-05-14,105.72000122070312,5,2026-05-21,105.9745759536902,116.34085659274724,96.53195856961376,19.80889802313348,0.9,102.58000183105469,-3.394574122635518,3.309196784989584,True
james_stein,BZ=F,2026-05-14,105.72000122070312,6,2026-05-22,106.02556441529691,117.43825988749194,95.72195909877892,21.716300788713014,0.9,103.54000091552734,-2.485563499769569,2.4005828450758897,True
james_stein,BZ=F,2026-05-14,105.72000122070312,7,2026-05-25,106.07657740942194,118.46114208779355,94.98676170585846,23.47438038193509,0.9,,,,
james_stein,BZ=F,2026-05-15,109.26000213623047,0,2026-05-15,109.26000213623047,109.26000213623047,109.26000213623047,0.0,0.9,109.26000213623047,0.0,0.0,True
james_stein,BZ=F,2026-05-15,109.26000213623047,1,2026-05-18,109.31874988690879,113.97849340918442,104.84950905548237,9.128984353702052,0.9,112.0999984741211,2.7812485872123034,2.481042484451389,True
james_stein,BZ=F,2026-05-15,109.26000213623047,2,2026-05-19,109.3775292255254,116.02867514343468,103.10764890395798,12.921026239476703,0.9,111.27999877929688,1.902469553771482,1.7096239887139788,True
james_stein,BZ=F,2026-05-15,109.26000213623047,3,2026-05-20,109.43634016906486,117.64151807451907,101.80345124425358,15.83806683026549,0.9,105.0199966430664,-4.416343525998457,4.205240589569216,True
james_stein,BZ=F,2026-05-15,109.26000213623047,4,2026-05-21,109.49518273452058,119.02865426904378,100.72528430815107,18.30336996089271,0.9,102.58000183105469,-6.915180903465895,6.741256365792362,True
james_stein,BZ=F,2026-05-15,109.26000213623047,5,2026-05-22,109.55405693889547,120.27198427414243,99.79124784716062,20.480736426981807,0.9,103.54000091552734,-6.014056023368127,5.808437290120046,True
james_stein,BZ=F,2026-05-15,109.26000213623047,6,2026-05-25,109.61296279920118,121.41347586005958,98.95937438993576,22.454101470123817,0.9,,,,
james_stein,BZ=F,2026-05-15,109.26000213623047,7,2026-05-26,109.67190033245892,122.47803900024776,98.20475426217816,24.273284738069606,0.9,99.58000183105469,-10.09189850140423,10.134463060691575,True
james_stein,BZ=F,2026-05-18,112.0999984741211,0,2026-05-18,112.0999984741211,112.0999984741211,112.0999984741211,0.0,0.9,112.0999984741211,0.0,0.0,True
james_stein,BZ=F,2026-05-18,112.0999984741211,1,2026-05-19,112.25653056320424,117.04149144642221,107.6671913383484,9.374300108073811,0.9,111.27999877929688,-0.9765317839073617,0.8775447471419643,True
james_stein,BZ=F,2026-05-18,112.0999984741211,2,2026-05-20,112.41328122762397,119.24901918919763,105.96938978853754,13.279629400660085,0.9,105.0199966430664,-7.393284584557563,7.0398827088952105,False
james_stein,BZ=F,2026-05-18,112.0999984741211,3,2026-05-21,112.57025077259064,121.01038756549195,104.71878996458636,16.29159760090559,0.9,102.58000183105469,-9.990248941535953,9.738983001764328,False
james_stein,BZ=F,2026-05-18,112.0999984741211,4,2026-05-22,112.72743950374046,122.54232215450031,103.69866829394655,18.843653860553758,0.9,103.54000091552734,-9.187438588213112,8.873322877125183,False
james_stein,BZ=F,2026-05-18,112.0999984741211,5,2026-05-25,112.8848477271365,123.92861890438792,102.82523083881158,21.10338806557634,0.9,,,,
james_stein,BZ=F,2026-05-18,112.0999984741211,6,2026-05-26,113.04247574926913,125.21218032156268,102.05557710685044,23.15660321471225,0.9,99.58000183105469,-13.462473918214442,13.51925453973639,False
james_stein,BZ=F,2026-05-18,112.0999984741211,7,2026-05-27,113.20032387705697,126.41845027122022,101.36426525066996,25.054185020550264,0.9,94.29000091552734,-18.91032296152963,20.055491333032265,False
james_stein,BZ=F,2026-05-19,111.27999877929688,0,2026-05-19,111.27999877929688,111.27999877929688,111.27999877929688,0.0,0.9,111.27999877929688,0.0,0.0,True
james_stein,BZ=F,2026-05-19,111.27999877929688,1,2026-05-20,111.38415443612858,116.13102050178716,106.83131695428801,9.29970354749915,0.9,105.0199966430664,-6.364157793062176,6.059948577880999,False
james_stein,BZ=F,2026-05-19,111.27999877929688,2,2026-05-21,111.48840758038817,118.26659491176981,105.09869700809118,13.167897903678636,0.9,102.58000183105469,-8.908405749333483,8.684349376406995,False
james_stein,BZ=F,2026-05-19,111.27999877929688,3,2026-05-22,111.59275830332169,119.95797865393455,103.8108831565838,16.147095497350747,0.9,103.54000091552734,-8.052757387794344,7.777436079379747,False
james_stein,BZ=F,2026-05-19,111.27999877929688,4,2026-05-25,111.69720669626066,121.42048764957366,102.75256034018231,18.667927309391345,0.9,,,,
james_stein,BZ=F,2026-05-19,111.27999877929688,5,2026-05-26,111.8017528506221,122.73741289297608,101.84043842744958,20.896974465526498,0.9,99.58000183105469,-12.221751019567407,12.273298649163081,False
james_stein,BZ=F,2026-05-19,111.27999877929688,6,2026-05-27,111.90639685790855,123.95141762328271,101.031855043241,22.919562580041713,0.9,94.29000091552734,-17.616395942381203,18.683206884432426,False
james_stein,BZ=F,2026-05-19,111.27999877929688,7,2026-05-28,112.01113880970833,125.08781480791028,100.3014980852822,24.786316722628072,0.9,93.70999908447266,-18.30113972523567,19.529548504998427,False
james_stein,BZ=F,2026-05-20,105.0199966430664,0,2026-05-20,105.0199966430664,105.0199966430664,105.0199966430664,0.0,0.9,105.0199966430664,0.0,0.0,True
james_stein,BZ=F,2026-05-20,105.0199966430664,1,2026-05-21,105.07091946508224,109.5527668839532,100.77242621295103,8.780340671002165,0.9,102.58000183105469,-2.4909176340275536,2.42826826824394,True
james_stein,BZ=F,2026-05-20,105.0199966430664,2,2026-05-22,105.1218669789082,111.5187919348839,99.09188151521357,12.426910419670321,0.9,103.54000091552734,-1.5818660633808577,1.5277825472219342,True
james_stein,BZ=F,2026-05-20,105.0199966430664,3,2026-05-25,105.17283919651679,113.06401834108543,97.83241624481421,15.231602096271217,0.9,,,,
james_stein,BZ=F,2026-05-20,105.0199966430664,4,2026-05-26,105.22383612988673,114.3920298774277,96.79044686726063,17.601583010167076,0.9,99.58000183105469,-5.643834298832047,5.667638275812905,True
james_stein,BZ=F,2026-05-20,105.0199966430664,5,2026-05-27,105.27485779100219,115.58161685299424,95.88718331403604,19.694433538958208,0.9,94.29000091552734,-10.984856875474847,11.650076114980608,False
james_stein,BZ=F,2026-05-20,105.0199966430664,6,2026-05-28,105.32590419185352,116.67315542135906,95.08224967232387,21.590905749035187,0.9,93.70999908447266,-11.615905107380868,12.395587686336425,False
james_stein,BZ=F,2026-05-20,105.0199966430664,7,2026-05-29,105.37697534443652,117.69061208992207,94.35167967567101,23.33893241425106,0.9,92.05000305175781,-13.326972292678704,14.477970506079421,False
james_stein,BZ=F,2026-05-21,102.58000183105469,0,2026-05-21,102.58000183105469,102.58000183105469,102.58000183105469,0.0,0.9,102.58000183105469,0.0,0.0,True
james_stein,BZ=F,2026-05-21,102.58000183105469,1,2026-05-22,102.62282162162205,107.00013508961058,98.42458150883057,8.57555358078001,0.9,103.54000091552734,0.9171792939052921,0.8858212147917294,True
james_stein,BZ=F,2026-05-21,102.58000183105469,2,2026-05-25,102.66565928637962,108.91296070236973,96.77670617650973,12.136254525859997,0.9,,,,
james_stein,BZ=F,2026-05-21,102.58000183105469,3,2026-05-26,102.7085148327886,110.41459905389277,95.54025563239354,14.874343421499233,0.9,99.58000183105469,-3.128513001733907,3.141708118304392,True
james_stein,BZ=F,2026-05-21,102.58000183105469,4,2026-05-27,102.75138826831318,111.70392860007374,94.51635160357893,17.187576996494812,0.9,94.29000091552734,-8.461387352785835,8.973790720785159,False
james_stein,BZ=F,2026-05-21,102.58000183105469,5,2026-05-28,102.79427960042098,112.85792417207546,93.62801944202377,19.229904730051686,0.9,93.70999908447266,-9.084280515948322,9.694035433464803,True
james_stein,BZ=F,2026-05-21,102.58000183105469,6,2026-05-29,102.83718883658246,113.9160342833927,92.8358108174827,21.08022346591001,0.9,92.05000305175781,-10.787185784824644,11.718832620526076,False
james_stein,BZ=F,2026-05-21,102.58000183105469,7,2026-06-01,102.88011598427124,114.90167637560107,92.11630847175911,22.78536790384196,0.9,94.9800033569336,-7.9001126273376485,8.317658820930054,True
james_stein,BZ=F,2026-05-22,103.54000091552734,0,2026-05-22,103.54000091552734,103.54000091552734,103.54000091552734,0.0,0.9,103.54000091552734,0.0,0.0,True
james_stein,BZ=F,2026-05-22,103.54000091552734,1,2026-05-25,103.58454696018408,108.00206733753728,99.34771281195042,8.654354525586868,0.9,,,,
james_stein,BZ=F,2026-05-22,103.54000091552734,2,2026-05-26,103.62911216989865,109.93386754503554,97.68593727244333,12.247930272592214,0.9,99.58000183105469,-4.04911033884396,4.0661882550610855,True
james_stein,BZ=F,2026-05-22,103.54000091552734,3,2026-05-27,103.67369655291621,111.45074057136192,96.43933545748003,15.011405113881892,0.9,94.29000091552734,-9.383695637388868,9.951952005807643,False
james_stein,BZ=F,2026-05-22,103.54000091552734,4,2026-05-28,103.71830011748594,112.7533842135535,95.4072097639778,17.3461744495757,0.9,93.70999908447266,-10.008301033013282,10.680078039475314,False
james_stein,BZ=F,2026-05-22,103.54000091552734,5,2026-05-29,103.7629228718601,113.91947641242659,94.51188244521397,19.40759396721262,0.9,92.05000305175781,-11.712919820102286,12.724518665704284,False
james_stein,BZ=F,2026-05-22,103.54000091552734,6,2026-06-01,103.80756482429491,114.98882550134563,93.71354536205858,21.275280139287048,0.9,94.9800033569336,-8.82756146736132,9.29412629539237,True
james_stein,BZ=F,2026-05-22,103.54000091552734,7,2026-06-02,103.8522259830498,115.98506222093408,92.98856796826217,22.99649425267191,0.9,96.0,-7.852225983049806,8.179402065676882,True
james_stein,BZ=F,2026-05-26,99.58000183105469,0,2026-05-26,99.58000183105469,99.58000183105469,99.58000183105469,0.0,0.9,99.58000183105469,0.0,0.0,True
james_stein,BZ=F,2026-05-26,99.58000183105469,1,2026-05-27,99.61747362339314,103.86706412689152,95.54174977915993,8.325314347731592,0.9,94.29000091552734,-5.327472707865795,5.650092964405184,False
james_stein,BZ=F,2026-05-26,99.58000183105469,2,2026-05-28,99.65495951630585,105.7197311371981,93.93810265472989,11.781628482468207,0.9,93.70999908447266,-5.944960431833195,6.343997961705508,False
james_stein,BZ=F,2026-05-26,99.58000183105469,3,2026-05-29,99.69245951509905,107.17309004186853,92.7339734282834,14.439116613585128,0.9,92.05000305175781,-7.642456463341233,8.302505388342071,False
james_stein,BZ=F,2026-05-26,99.58000183105469,4,2026-06-01,99.72997362508063,108.42024130637124,91.73626178486292,16.68397952150832,0.9,94.9800033569336,-4.749970268147038,5.001021373200749,True
james_stein,BZ=F,2026-05-26,99.58000183105469,5,2026-06-02,99.76750185156057,109.53592671255954,90.87022609322439,18.665700619335155,0.9,96.0,-3.767501851560567,3.9244810953755906,True
james_stein,BZ=F,2026-05-26,99.58000183105469,6,2026-06-03,99.80504419985104,110.55845196900952,90.09756079550014,20.46089117350938,0.9,97.80999755859375,-1.9950466412572894,2.039716482011098,True
james_stein,BZ=F,2026-05-26,99.58000183105469,7,2026-06-04,99.84260067526596,111.51055705199657,89.3955260662213,22.115030985775277,0.9,95.02999877929688,-4.812601895969081,5.064297545816183,True
james_stein,BZ=F,2026-05-27,94.29000091552734,0,2026-05-27,94.29000091552734,94.29000091552734,94.29000091552734,0.0,0.9,94.29000091552734,0.0,0.0,True
james_stein,BZ=F,2026-05-27,94.29000091552734,1,2026-05-28,94.31442802079799,98.34090574885772,90.4528107114125,7.888095037445225,0.9,93.70999908447266,-0.6044289363253341,0.64499940479189,True
james_stein,BZ=F,2026-05-27,94.29000091552734,2,2026-05-29,94.33886145424198,100.08458417977576,88.92299302054813,11.161591159227626,0.9,92.05000305175781,-2.2888584024841663,2.486538106030468,True
james_stein,BZ=F,2026-05-27,94.29000091552734,3,2026-06-01,94.3633012174988,101.44960474331474,87.77197939010392,13.677625353210814,0.9,94.9800033569336,0.6167021394347927,0.6492968178967463,True
james_stein,BZ=F,2026-05-27,94.29000091552734,4,2026-06-02,94.38774731220812,102.61899535539506,86.81674198640331,15.802253368991742,0.9,96.0,1.6122526877918801,1.6794298831165417,True
james_stein,BZ=F,2026-05-27,94.29000091552734,5,2026-06-03,94.41219974001028,103.66360799237081,85.98642891537794,17.67717907699287,0.9,97.80999755859375,3.39779781858347,3.4738757830435443,True
james_stein,BZ=F,2026-05-27,94.29000091552734,6,2026-06-04,94.43665850254594,104.61975914118985,85.24472377240703,19.375035368782818,0.9,95.02999877929688,0.5933402767509364,0.6243715504289797,True
james_stein,BZ=F,2026-05-27,94.29000091552734,7,2026-06-05,94.4611236014563,105.50901039832848,84.57006504338291,20.938945354945574,0.9,93.08999633789062,-1.3711272635656684,1.472905056939588,True
james_stein,BZ=F,2026-05-28,93.70999908447266,0,2026-05-28,93.70999908447266,93.70999908447266,93.70999908447266,0.0,0.9,93.70999908447266,0.0,0.0,True
james_stein,BZ=F,2026-05-28,93.70999908447266,1,2026-05-29,93.7319633768542,97.73278649668883,89.89491933474744,7.837867161941389,0.9,92.05000305175781,-1.6819603250963837,1.827224627195995,True
james_stein,BZ=F,2026-05-28,93.70999908447266,2,2026-06-01,93.75393281735379,99.46289626039768,88.3726520059184,11.090244254479288,0.9,94.9800033569336,1.2260705395798084,1.2908722849506034,True
james_stein,BZ=F,2026-05-28,93.70999908447266,3,2026-06-02,93.77590740717818,100.8166921168927,87.22683342797515,13.589858688917545,0.9,96.0,2.224092592821819,2.3167631175227283,True
james_stein,BZ=F,2026-05-28,93.70999908447266,4,2026-06-03,93.79788714753413,101.97605099676714,86.2755867416406,15.700464255126548,0.9,97.80999755859375,4.0121104110596235,4.1019430643131765,True
james_stein,BZ=F,2026-05-28,93.70999908447266,5,2026-06-04,93.81987203962893,103.01138119781498,85.44850372047098,17.562877477344003,0.9,95.02999877929688,1.2101267396679418,1.2734155058534828,True
james_stein,BZ=F,2026-05-28,93.70999908447266,6,2026-06-05,93.8418620846701,103.95877270795583,84.70949444793041,19.24927826002542,0.9,93.08999633789062,-0.7518657467794725,0.8076762019093977,True
james_stein,BZ=F,2026-05-28,93.70999908447266,7,2026-06-08,93.8638572838654,104.83965317986315,84.03713134276272,20.80252183710043,0.9,94.25,0.38614271613460005,0.4097004945725199,True
james_stein,BZ=F,2026-05-29,92.05000305175781,0,2026-05-29,92.05000305175781,92.05000305175781,92.05000305175781,0.0,0.9,92.05000305175781,0.0,0.0,True
james_stein,BZ=F,2026-05-29,92.05000305175781,1,2026-06-01,91.95751374842284,95.88219287273462,88.19348078548174,7.688712087252881,0.9,94.9800033569336,3.022489608510753,3.182237841319375,True
james_stein,BZ=F,2026-05-29,92.05000305175781,2,2026-06-02,91.86511737578796,97.45848434894613,86.59276662102694,10.86571772791919,0.9,96.0,4.13488262421204,4.307169400220875,True
james_stein,BZ=F,2026-05-29,92.05000305175781,3,2026-06-03,91.77281384047902,98.66248434312769,85.36425386277905,13.298230480348636,0.9,97.80999755859375,6.037183718114733,6.172358520403925,True
james_stein,BZ=F,2026-05-29,92.05000305175781,4,2026-06-04,91.68060304921562,99.6733226306745,84.32881290225093,15.344509728423574,0.9,95.02999877929688,3.3493957300812554,3.5245667400881318,True
james_stein,BZ=F,2026-05-29,92.05000305175781,5,2026-06-05,91.58848490881121,100.56043819804039,83.41700491968425,17.14343327835614,0.9,93.08999633789062,1.5015114290794145,1.6129675455452253,True
james_stein,BZ=F,2026-05-29,92.05000305175781,6,2026-06-08,91.49645932617257,101.35947047925661,82.59319064753022,18.766279831726393,0.9,94.25,2.7535406738274304,2.9215285663951516,True
james_stein,BZ=F,2026-05-29,92.05000305175781,7,2026-06-09,91.40452620830033,102.09160669974479,81.83618302663804,20.255423673106748,0.9,91.44999694824219,0.04547073994186235,0.049721969884370096,True
james_stein,BZ=F,2026-06-01,94.9800033569336,0,2026-06-01,94.9800033569336,94.9800033569336,94.9800033569336,0.0,0.9,94.9800033569336,0.0,0.0,True
james_stein,BZ=F,2026-06-01,94.9800033569336,1,2026-06-02,95.00380937359256,99.05892217846626,91.11469817158938,7.94422400687688,0.9,96.0,0.99619062640744,1.0376985691744167,True
james_stein,BZ=F,2026-06-01,94.9800033569336,2,2026-06-03,95.02762135704893,100.81414739371749,89.57323008954404,11.24091730417345,0.9,97.80999755859375,2.782376201544821,2.8446746457365153,True
james_stein,BZ=F,2026-06-01,94.9800033569336,3,2026-06-04,95.05143930879807,102.18799689777674,88.41328129478863,13.77471560298811,0.9,95.02999877929688,-0.021440529501191463,0.022561853916241943,True
james_stein,BZ=F,2026-06-01,94.9800033569336,4,2026-06-05,95.07526323033596,103.36480601290849,87.45051654417867,15.91428946872982,0.9,93.08999633789062,-1.9852668924453383,2.132631829997474,True
james_stein,BZ=F,2026-06-01,94.9800033569336,5,2026-06-08,95.09909312315898,104.41593348142244,86.6135771745634,17.80235630685904,0.9,94.25,-0.8490931231589798,0.9008945603808804,True
james_stein,BZ=F,2026-06-01,94.9800033569336,6,2026-06-09,95.1229289887636,105.37795586217202,85.86588670628689,19.51206915588513,0.9,91.44999694824219,-3.6729320405214168,4.016328226451642,True
james_stein,BZ=F,2026-06-01,94.9800033569336,7,2026-06-10,95.14677082864704,106.27258934533283,85.1857290284106,21.086860316922227,0.9,93.0999984741211,-2.0467723545259418,2.198466582246917,True
james_stein,BZ=F,2026-06-02,96.0,0,2026-06-02,96.0,96.0,96.0,0.0,0.9,96.0,0.0,0.0,True
james_stein,BZ=F,2026-06-02,96.0,1,2026-06-03,96.02799540426551,100.12610614859793,92.09761825428548,8.028487894312448,0.9,97.80999755859375,1.7820021543282394,1.8219018493081127,True
james_stein,BZ=F,2026-06-02,96.0,2,2026-06-04,96.05599897251699,101.90411252958452,90.54349927172467,11.360613257859853,0.9,95.02999877929688,-1.0260001932201135,1.0796592722293465,True
james_stein,BZ=F,2026-06-02,96.0,3,2026-06-05,96.08401070713536,103.29681162562798,89.37485066846348,13.9219609571645,0.9,93.08999633789062,-2.994014369244738,3.216257908505339,True
james_stein,BZ=F,2026-06-02,96.0,4,2026-06-08,96.11203061050202,104.4904695851526,88.40540639494522,16.08506319020738,0.9,94.25,-1.8620306105020177,1.975629294962353,True
james_stein,BZ=F,2026-06-02,96.0,5,2026-06-09,96.14005868499903,105.55718942819549,87.56306353005431,17.994125898141178,0.9,91.44999694824219,-4.690061736756846,5.1285531911075655,True
james_stein,BZ=F,2026-06-02,96.0,6,2026-06-10,96.16809493300943,106.53392766413808,86.81086566338546,19.72306200075262,0.9,93.0999984741211,-3.068096458888334,3.295484972259338,True
james_stein,BZ=F,2026-06-02,96.0,7,2026-06-11,96.19613935691666,107.44262517029293,86.12687201665572,21.315753153637203,0.9,90.37999725341797,-5.8161421034986915,6.435209427137638,True
james_stein,BZ=F,2026-06-03,97.80999755859375,0,2026-06-03,97.80999755859375,97.80999755859375,97.80999755859375,0.0,0.9,97.80999755859375,0.0,0.0,True
james_stein,BZ=F,2026-06-03,97.80999755859375,1,2026-06-04,97.84445599288698,102.01966758509398,93.8401172554181,8.179550329675891,0.9,95.02999877929688,-2.814457213590103,2.961651320365225,True
james_stein,BZ=F,2026-06-03,97.80999755859375,2,2026-06-05,97.87892656687677,103.83742138330243,92.26234760317932,11.575073780123105,0.9,93.08999633789062,-4.788930228986146,5.144409085164931,True
james_stein,BZ=F,2026-06-03,97.80999755859375,3,2026-06-08,97.91340928483997,105.26279040781495,91.07715728072532,14.18563312708963,0.9,94.25,-3.6634092848399717,3.8869064030132328,True
james_stein,BZ=F,2026-06-03,97.80999755859375,4,2026-06-09,97.94790415105489,106.48550869719122,90.09481238302327,16.390696314167954,0.9,91.44999694824219,-6.497907202812698,7.105420907220268,True
james_stein,BZ=F,2026-06-03,97.80999755859375,5,2026-06-10,97.98241116980135,107.57901689638284,89.24187239873183,18.33714449765101,0.9,93.0999984741211,-4.882412695680259,5.244267213427955,True
james_stein,BZ=F,2026-06-03,97.80999755859375,6,2026-06-11,98.01693034536062,108.58095478599937,88.48069768093492,20.100257105064443,0.9,90.37999725341797,-7.636933091942652,8.44980451872479,True
james_stein,BZ=F,2026-06-03,97.80999755859375,7,2026-06-12,98.05146168201568,109.5136675472574,87.78894318219334,21.724724365064063,0.9,87.33000183105469,-10.721459850960997,12.276949073815809,False
james_stein,BZ=F,2026-06-04,95.02999877929688,0,2026-06-04,95.02999877929688,95.02999877929688,95.02999877929688,0.0,0.9,95.02999877929688,0.0,0.0,True
james_stein,BZ=F,2026-06-04,95.02999877929688,1,2026-06-05,95.05928702322369,99.1159191052932,91.16868542342003,7.947233681873172,0.9,93.08999633789062,-1.969290685333064,2.1154697204897186,True
james_stein,BZ=F,2026-06-04,95.02999877929688,2,2026-06-08,95.08858429378685,100.87760095482011,89.63177927918967,11.245821675630438,0.9,94.25,-0.8385842937868517,0.8897446087924156,True
james_stein,BZ=F,2026-06-04,95.02999877929688,3,2026-06-09,95.11789059376821,102.25792079264941,88.47640398785042,13.781516804798997,0.9,91.44999694824219,-3.6678936455260214,4.01081877301968,True
james_stein,BZ=F,2026-06-04,95.02999877929688,4,2026-06-10,95.14720592595069,103.44124983103698,87.51818844322361,15.923061387813377,0.9,93.0999984741211,-2.0472074518295926,2.1989339262971663,True
james_stein,BZ=F,2026-06-04,95.02999877929688,5,2026-06-11,95.17653029311812,104.49895629551527,86.68576452591415,17.81319176960112,0.9,90.37999725341797,-4.796533039700151,5.307073672785221,True
james_stein,BZ=F,2026-06-04,95.02999877929688,6,2026-06-12,95.2058636980549,105.46761945618591,85.94255307201752,19.525066384168397,0.9,87.33000183105469,-7.875861867000211,9.018506471849793,True
james_stein,BZ=F,2026-06-04,95.02999877929688,7,2026-06-15,95.23520614354655,106.36895586647084,85.26683763436971,21.102118232101134,0.9,83.16999816894531,-12.065207974601236,14.506682986926217,False
james_stein,BZ=F,2026-06-05,93.08999633789062,0,2026-06-05,93.08999633789062,93.08999633789062,93.08999633789062,0.0,0.9,93.08999633789062,0.0,0.0,True
james_stein,BZ=F,2026-06-05,93.08999633789062,1,2026-06-08,93.1131581448677,97.08647102626182,89.30245510073074,7.7840159255310795,0.9,94.25,1.1368418551323032,1.2061982547822845,True
james_stein,BZ=F,2026-06-05,93.08999633789062,2,2026-06-09,93.13632571475515,98.80610177085661,87.79189758707305,11.014204183783562,0.9,91.44999694824219,-1.6863287665129576,1.8439899647753586,True
james_stein,BZ=F,2026-06-05,93.08999633789062,3,2026-06-10,93.1594990489868,100.15204251069105,86.65516993456961,13.496872576121433,0.9,93.0999984741211,-0.0595005748657087,0.063910392954784,True
james_stein,BZ=F,2026-06-05,93.08999633789062,4,2026-06-11,93.1826781489969,101.30491230120772,85.71165316448361,15.593259136724114,0.9,90.37999725341797,-2.8026808955789306,3.100996880670894,True
james_stein,BZ=F,2026-06-05,93.08999633789062,5,2026-06-12,93.20586301622004,102.33463141646345,84.89142707950155,17.443204336961898,0.9,87.33000183105469,-5.875861185165348,6.728341992403214,True
james_stein,BZ=F,2026-06-05,93.08999633789062,6,2026-06-15,93.22905365209124,103.27703916850656,84.15865244435622,19.11838672415034,0.9,83.16999816894531,-10.059055483145926,12.094572207050808,False
james_stein,BZ=F,2026-06-05,93.08999633789062,7,2026-06-16,93.25225005804565,104.15341407262645,83.4920508205765,20.661363252049952,0.9,78.95999908447266,-14.29225097357299,18.100622010244596,False
james_stein,BZ=F,2026-06-08,94.25,0,2026-06-08,94.25,94.25,94.25,0.0,0.9,94.25,0.0,0.0,True
james_stein,BZ=F,2026-06-08,94.25,1,2026-06-09,94.27104373419077,98.29311254459094,90.4135544868628,7.879558057728147,0.9,91.44999694824219,-2.8210467859485817,3.08479702579455,True
james_stein,BZ=F,2026-06-08,94.25,2,2026-06-10,94.292092166936,100.03128664731919,88.88217819855694,11.149108448762249,0.9,93.0999984741211,-1.1920936928149075,1.2804443741707177,True
james_stein,BZ=F,2026-06-08,94.25,3,2026-06-11,94.31314529928459,101.39111427338553,87.72927923703502,13.66183503635051,0.9,90.37999725341797,-3.9331480458666164,4.3517904020713765,True
james_stein,BZ=F,2026-06-08,94.25,4,2026-06-12,94.33420313228599,102.5554464472845,86.77200664498716,15.783439802297337,0.9,87.33000183105469,-7.004201301231305,8.02038377919809,True
james_stein,BZ=F,2026-06-08,94.25,5,2026-06-15,94.3552656669896,103.59506942506337,85.93957423358074,17.65549519148263,0.9,83.16999816894531,-11.185267498044283,13.448680707342769,False
james_stein,BZ=F,2026-06-08,94.25,6,2026-06-16,94.37633290444535,104.54626735168992,85.19569792509402,19.350569426595897,0.9,78.95999908447266,-15.416333819972692,19.52423252117829,False
james_stein,BZ=F,2026-06-08,94.25,7,2026-06-17,94.39740484570308,105.43058340167818,84.51883461228888,20.911748789389293,0.9,79.55000305175781,-14.847401793945266,18.664237868457484,False
james_stein,BZ=F,2026-06-09,91.44999694824219,0,2026-06-09,91.44999694824219,91.44999694824219,91.44999694824219,0.0,0.9,91.44999694824219,0.0,0.0,True
james_stein,BZ=F,2026-06-09,91.44999694824219,1,2026-06-10,91.46628318221777,95.36904481995319,87.72323320385499,7.6458116160982,0.9,93.0999984741211,1.6337152919033286,1.7547962606653003,True
james_stein,BZ=F,2026-06-09,91.44999694824219,2,2026-06-11,91.48257231659161,97.05127710545835,86.2333942145489,10.817882890909459,0.9,90.37999725341797,-1.1025750631736457,1.2199326141625313,True
james_stein,BZ=F,2026-06-09,91.44999694824219,3,2026-06-12,91.49886435188023,98.36626764783617,85.11090618642521,13.255361461410956,0.9,87.33000183105469,-4.168862520825542,4.773688805011667,True
james_stein,BZ=F,2026-06-09,91.44999694824219,4,2026-06-15,91.51515928860039,99.49146889761644,84.17831671815375,15.31315217946269,0.9,83.16999816894531,-8.345161119655074,10.033859929518501,False
james_stein,BZ=F,2026-06-09,91.44999694824219,5,2026-06-16,91.53145712726872,100.49558052981384,83.36692618393845,17.12865434587539,0.9,78.95999908447266,-12.571458042796067,15.92129963090162,False
james_stein,BZ=F,2026-06-09,91.44999694824219,6,2026-06-17,91.54775786840204,101.41381876567246,82.64151841177338,18.772300353899084,0.9,79.55000305175781,-11.997754816644232,15.082029360625043,False
james_stein,BZ=F,2026-06-09,91.44999694824219,7,2026-06-18,91.56406151251724,102.2670936629292,81.98118339317928,20.28591026974992,0.9,79.8499984741211,-11.714063038396148,14.670085488095038,False
james_stein,BZ=F,2026-06-10,93.0999984741211,0,2026-06-10,93.0999984741211,93.0999984741211,93.0999984741211,0.0,0.9,93.0999984741211,0.0,0.0,True
james_stein,BZ=F,2026-06-10,93.0999984741211,1,2026-06-11,93.12376855029582,97.09681958040107,89.31328859673083,7.783530983670246,0.9,90.37999725341797,-2.7437712968778527,3.035816973068219,True
james_stein,BZ=F,2026-06-10,93.0999984741211,2,2026-06-12,93.14754469539145,98.81697519235432,87.80338667410722,11.013588518247104,0.9,87.33000183105469,-5.817542864336758,6.661562741738121,False
james_stein,BZ=F,2026-06-10,93.0999984741211,3,2026-06-15,93.17132691095749,100.1634813215864,86.66727677403198,13.496204547554427,0.9,83.16999816894531,-10.001328742012177,12.025164076228817,False
james_stein,BZ=F,2026-06-10,93.0999984741211,4,2026-06-16,93.1951151985437,101.31694206296314,85.72435488106575,15.592587181897386,0.9,78.95999908447266,-14.235116114071047,18.02826276484894,False
james_stein,BZ=F,2026-06-10,93.0999984741211,5,2026-06-17,93.21890955970045,102.34727141701633,84.9047070741433,17.442564342873027,0.9,79.55000305175781,-13.668906507942637,17.182785648731155,False
james_stein,BZ=F,2026-06-10,93.0999984741211,6,2026-06-18,93.24270999597842,103.29030524509602,84.17249757142056,19.117807673675458,0.9,79.8499984741211,-13.392711521857322,16.77233785570806,False
james_stein,BZ=F,2026-06-10,93.0999984741211,7,2026-06-19,93.26651650892872,104.16731987739107,83.50645012225436,20.6608697551367,0.9,,,,
james_stein,BZ=F,2026-06-11,90.37999725341797,0,2026-06-11,90.37999725341797,90.37999725341797,90.37999725341797,0.0,0.9,90.37999725341797,0.0,0.0,True
james_stein,BZ=F,2026-06-11,90.37999725341797,1,2026-06-12,90.3982810769545,94.25536592967241,86.69903449067722,7.556331438995187,0.9,87.33000183105469,-3.0682792458998165,3.5134308732016213,True
james_stein,BZ=F,2026-06-11,90.37999725341797,2,2026-06-15,90.41656859929854,95.92023080159368,85.22869272678848,10.691538074805194,0.9,83.16999816894531,-7.246570430353231,8.71296211361348,False
james_stein,BZ=F,2026-06-11,90.37999725341797,3,2026-06-16,90.43485982119819,97.2222147535252,84.12134913418254,13.100865619342656,0.9,78.95999908447266,-11.474860736725532,14.532498568610094,False
james_stein,BZ=F,2026-06-11,90.37999725341797,4,2026-06-17,90.45315474340191,98.33667987097827,83.20164168414705,15.135038186831224,0.9,79.55000305175781,-10.903151691644098,13.706035541633046,False
james_stein,BZ=F,2026-06-11,90.37999725341797,5,2026-06-18,90.47145336665828,99.33151478466378,82.40168180279433,16.929832981869453,0.9,79.8499984741211,-10.621454892537187,13.301759668761342,False
james_stein,BZ=F,2026-06-11,90.37999725341797,6,2026-06-19,90.48975569171613,100.24151910081812,81.68666994073558,18.55484916008254,0.9,,,,
james_stein,BZ=F,2026-06-11,90.37999725341797,7,2026-06-22,90.50806171932415,101.0873550049637,81.0359439693199,20.051411035643795,0.9,77.9000015258789,-12.60806019344524,16.18492932796254,False
james_stein,BZ=F,2026-06-12,87.33000183105469,0,2026-06-12,87.33000183105469,87.33000183105469,87.33000183105469,0.0,0.9,87.33000183105469,0.0,0.0,True
james_stein,BZ=F,2026-06-12,87.33000183105469,1,2026-06-15,87.34878334708351,91.07642122669023,83.77371277276092,7.302708453929313,0.9,83.16999816894531,-4.178785178138199,5.024390128817518,False
james_stein,BZ=F,2026-06-12,87.33000183105469,2,2026-06-16,87.36756890233531,92.6865997219979,82.35378273449271,10.332816987505183,0.9,78.95999908447266,-8.407569817862651,10.64788489785581,False
james_stein,BZ=F,2026-06-12,87.33000183105469,3,2026-06-17,87.38635849767863,93.94610952725374,81.2846395652978,12.661469961955945,0.9,79.55000305175781,-7.836355445920816,9.850854990944788,False
james_stein,BZ=F,2026-06-12,87.33000183105469,4,2026-06-18,87.40515213398251,95.02441982881658,80.39681413816815,14.627605690648423,0.9,79.8499984741211,-7.555153659861418,9.46168291075171,False
james_stein,BZ=F,2026-06-12,87.33000183105469,5,2026-06-19,87.42394981211585,95.9871370055475,79.6247001336193,16.362436871928196,0.9,,,,
james_stein,BZ=F,2026-06-12,87.33000183105469,6,2026-06-22,87.44275153294807,96.86789034092844,78.93466832757294,17.933222013355504,0.9,77.9000015258789,-9.54275000706916,12.249999769125798,False
james_stein,BZ=F,2026-06-12,87.33000183105469,7,2026-06-23,87.46155729734845,97.68664688632347,78.30675172809447,19.379895158229004,0.9,77.08000183105469,-10.381555466293761,13.468545951838765,False
james_stein,BZ=F,2026-06-15,83.16999816894531,0,2026-06-15,83.16999816894531,83.16999816894531,83.16999816894531,0.0,0.9,83.16999816894531,0.0,0.0,True
james_stein,BZ=F,2026-06-15,83.16999816894531,1,2026-06-16,83.18160825014664,86.73343942454116,79.77522852763852,6.958210896902642,0.9,78.95999908447266,-4.221609165673982,5.3465162292588655,False
james_stein,BZ=F,2026-06-15,83.16999816894531,2,2026-06-17,83.1932199520525,88.261031706615,78.41639410013676,9.844637606478244,0.9,79.55000305175781,-3.6432169002946893,4.579782225683001,True
james_stein,BZ=F,2026-06-15,83.16999816894531,3,2026-06-18,83.204833274889,89.45431790028141,77.39195203544553,12.062365864835883,0.9,79.8499984741211,-3.354834800767904,4.201421245931752,True
james_stein,BZ=F,2026-06-15,83.16999816894531,4,2026-06-19,83.21644821888243,90.47481159163732,76.54038878160011,13.934422810037205,0.9,,,,
james_stein,BZ=F,2026-06-15,83.16999816894531,5,2026-06-22,83.22806478425922,91.38504438860271,75.79917276482446,15.585871623778246,0.9,77.9000015258789,-5.328063258380311,6.839618939686789,True
james_stein,BZ=F,2026-06-15,83.16999816894531,6,2026-06-23,83.23968297124551,92.21707194738546,75.13624836306577,17.08082358431969,0.9,77.08000183105469,-6.159681140190827,7.991283074553793,True
james_stein,BZ=F,2026-06-15,83.16999816894531,7,2026-06-24,83.25130278006777,92.98992843100207,74.53258144747487,18.457346983527202,0.9,73.73999786376953,-9.511304916298243,12.898433946078816,False
james_stein,BZ=F,2026-06-16,78.95999908447266,0,2026-06-16,78.95999908447266,78.95999908447266,78.95999908447266,0.0,0.9,78.95999908447266,0.0,0.0,True
james_stein,BZ=F,2026-06-16,78.95999908447266,1,2026-06-17,78.83555140097468,82.20407146475927,75.60506497978142,6.599006484977849,0.9,79.55000305175781,0.7144516507831327,0.8981164341606463,True
james_stein,BZ=F,2026-06-16,78.95999908447266,2,2026-06-18,78.71129985762497,83.50934325234044,74.18892885501548,9.320414397324967,0.9,79.8499984741211,1.1386986164961286,1.4260471362002267,True
james_stein,BZ=F,2026-06-16,78.95999908447266,3,2026-06-19,78.58724414528987,84.49393440833288,73.09347097632985,11.400463432003022,0.9,,,,
james_stein,BZ=F,2026-06-16,78.95999908447266,4,2026-06-22,78.46338395532318,85.3118719460809,72.16466455702111,13.147207389059787,0.9,77.9000015258789,-0.5633824294442746,0.7232123471231451,True
james_stein,BZ=F,2026-06-16,78.95999908447266,5,2026-06-23,78.33971897956494,86.02290195937607,71.34276372930815,14.680138230067925,0.9,77.08000183105469,-1.2597171485102479,1.6342982856582156,True
james_stein,BZ=F,2026-06-16,78.95999908447266,6,2026-06-24,78.2162489103409,86.65770790227829,70.597085264513,16.06062263776529,0.9,73.73999786376953,-4.476251046571363,6.070316214059273,True
james_stein,BZ=F,2026-06-16,78.95999908447266,7,2026-06-25,78.09297344046169,87.23454185426816,69.9093773079095,17.325164546358664,0.9,75.26000213623047,-2.832971304231222,3.7642455804122523,True
james_stein,BZ=F,2026-06-17,79.55000305175781,0,2026-06-17,79.55000305175781,79.55000305175781,79.55000305175781,0.0,0.9,79.55000305175781,0.0,0.0,True
james_stein,BZ=F,2026-06-17,79.55000305175781,1,2026-06-18,79.14982564357281,82.53112322058456,75.90705972417281,6.62406349641175,0.9,79.8499984741211,0.7001728305482828,0.8768601677246177,True
james_stein,BZ=F,2026-06-17,79.55000305175781,2,2026-06-19,78.75166133346298,83.55123312197772,74.2277992920381,9.323433829939617,0.9,,,,
james_stein,BZ=F,2026-06-17,79.55000305175781,3,2026-06-22,78.35549999451014,84.2436213024335,72.87892287237571,11.364698430057786,0.9,77.9000015258789,-0.4554984686312338,0.5847220278678866,True
james_stein,BZ=F,2026-06-17,79.55000305175781,4,2026-06-23,77.96133155073974,84.76466199633279,71.70404593163272,13.06061606470007,0.9,77.08000183105469,-0.8813297196850556,1.1433960803695484,True
james_stein,BZ=F,2026-06-17,79.55000305175781,5,2026-06-24,77.56914597686458,85.17525268771814,70.64226072378584,14.532991963932304,0.9,73.73999786376953,-3.8291481130950444,5.192769492845903,True
james_stein,BZ=F,2026-06-17,79.55000305175781,6,2026-06-25,77.17893329802975,85.50678844058264,69.66216195993454,15.844626480648103,0.9,75.26000213623047,-1.9189311617992786,2.5497357259248563,True
james_stein,BZ=F,2026-06-17,79.55000305175781,7,2026-06-26,76.79068358955907,85.77801589395254,68.74499281310035,17.03302308085219,0.9,71.98999786376953,-4.800685725789535,6.668545448319259,True
james_stein,BZ=F,2026-06-18,79.8499984741211,0,2026-06-18,79.8499984741211,79.8499984741211,79.8499984741211,0.0,0.9,79.8499984741211,0.0,0.0,True
james_stein,BZ=F,2026-06-18,79.8499984741211,1,2026-06-19,79.50071604032502,82.89630679480463,76.24421515628374,6.652091638520886,0.9,,,,
james_stein,BZ=F,2026-06-18,79.8499984741211,2,2026-06-22,79.15296144899457,83.975992282025,74.60693390921777,9.369058372807231,0.9,77.9000015258789,-1.252959923115668,1.6084209224301829,True
james_stein,BZ=F,2026-06-18,79.8499984741211,3,2026-06-23,78.80672801699225,84.72752361681624,73.2996801468132,11.42784347000304,0.9,77.08000183105469,-1.726726185937565,2.240174033366312,True
james_stein,BZ=F,2026-06-18,79.8499984741211,4,2026-06-24,78.46200909041382,85.30759696277943,72.16575181680749,13.141845145971942,0.9,73.73999786376953,-4.722011226644284,6.403595556604073,True
james_stein,BZ=F,2026-06-18,79.8499984741211,5,2026-06-25,78.11879804446102,85.77718878023865,71.14416658659711,14.633022193641537,0.9,75.26000213623047,-2.8587959082305474,3.798559430088445,True
james_stein,BZ=F,2026-06-18,79.8499984741211,6,2026-06-26,77.77708828331374,86.16771175474031,70.20350591470354,15.964205840036769,0.9,71.98999786376953,-5.787090419544214,8.03874231319666,True
james_stein,BZ=F,2026-06-18,79.8499984741211,7,2026-06-29,77.43687324000382,86.49790943831636,69.32502040947752,17.17288902883884,0.9,73.1500015258789,-4.2868717141249135,5.860384996175714,True
james_stein,BZ=F,2026-06-22,77.9000015258789,0,2026-06-22,77.9000015258789,77.9000015258789,77.9000015258789,0.0,0.9,77.9000015258789,0.0,0.0,True
james_stein,BZ=F,2026-06-22,77.9000015258789,1,2026-06-23,77.65089480644536,80.9674509838042,74.47019006993006,6.497260913874143,0.9,77.08000183105469,-0.5708929753906773,0.7406499245316193,True
james_stein,BZ=F,2026-06-22,77.9000015258789,2,2026-06-24,77.40258467438608,82.11892238455972,72.95712048216045,9.161801902399276,0.9,73.73999786376953,-3.6625868106165456,4.966893025116392,True
james_stein,BZ=F,2026-06-22,77.9000015258789,3,2026-06-25,77.15506858239345,82.95172784777216,71.76347934401363,11.18824850375853,0.9,75.26000213623047,-1.8950664461629856,2.518026032915422,True
james_stein,BZ=F,2026-06-22,77.9000015258789,4,2026-06-26,76.90834399130544,83.61832521864315,70.73680751221518,12.881517706427971,0.9,71.98999786376953,-4.918346127535912,6.831985377806453,True
james_stein,BZ=F,2026-06-22,77.9000015258789,5,2026-06-29,76.6624083700799,84.17796115788141,69.81785702884815,14.36010412903326,0.9,73.1500015258789,-3.5124068442009957,4.801649721030261,True
james_stein,BZ=F,2026-06-22,77.9000015258789,6,2026-06-30,76.4172591957683,84.66111708491178,68.97614517815005,15.684971906761731,0.9,72.91999816894531,-3.497261026822983,4.796024567527175,True
james_stein,BZ=F,2026-06-22,77.9000015258789,7,2026-07-01,76.17289395348998,85.08595714659174,68.19350651780323,16.89245062878851,0.9,71.56999969482422,-4.602894258665756,6.431317980009196,True
james_stein,BZ=F,2026-06-23,77.08000183105469,0,2026-06-23,77.08000183105469,77.08000183105469,77.08000183105469,0.0,0.9,77.08000183105469,0.0,0.0,True
james_stein,BZ=F,2026-06-23,77.08000183105469,1,2026-06-24,76.82044624258113,80.10097071444434,73.67427520881617,6.4266955056281745,0.9,73.73999786376953,-3.080448378811596,4.1774457120307344,True
james_stein,BZ=F,2026-06-23,77.08000183105469,2,2026-06-25,76.56176466944115,81.22606264793414,72.16530776218747,9.060754885746675,0.9,75.26000213623047,-1.3017625332106775,1.7296870798041124,True
james_stein,BZ=F,2026-06-23,77.08000183105469,3,2026-06-26,76.30395416851633,82.03567172081749,70.97270369852492,11.062968022292566,0.9,71.98999786376953,-4.313956304746796,5.992438439726478,True
james_stein,BZ=F,2026-06-23,77.08000183105469,4,2026-06-29,76.04701180659892,82.68068397519106,69.9455752742475,12.735108700943556,0.9,73.1500015258789,-2.8970102807200107,3.9603694057273673,True
james_stein,BZ=F,2026-06-23,77.08000183105469,5,2026-06-30,75.7909346603583,83.21974669604141,69.02527350475515,14.194473191286264,0.9,72.91999816894531,-2.8709364914129907,3.9371044480300688,True
james_stein,BZ=F,2026-06-23,77.08000183105469,6,2026-07-01,75.5357198163078,83.68303864525296,68.18161793042653,15.501420714826438,0.9,71.56999969482422,-3.965720121483585,5.541036940608478,True
james_stein,BZ=F,2026-06-23,77.08000183105469,7,2026-07-02,75.28136437077126,84.08854699576382,67.39661968246796,16.691927313295864,0.9,,,,
james_stein,BZ=F,2026-06-24,73.73999786376953,0,2026-06-24,73.73999786376953,73.73999786376953,73.73999786376953,0.0,0.9,73.73999786376953,0.0,0.0,True
james_stein,BZ=F,2026-06-24,73.73999786376953,1,2026-06-25,73.61718379114366,76.76227255538748,70.60095498643055,6.161317568956932,0.9,75.26000213623047,1.642818345086809,2.1828571597873365,True
james_stein,BZ=F,2026-06-24,73.73999786376953,2,2026-06-26,73.49457426553269,77.97396036259364,69.27251638052147,8.701443982072178,0.9,71.98999786376953,-1.5045764017631598,2.0899797838726832,True
james_stein,BZ=F,2026-06-24,73.73999786376953,3,2026-06-29,73.3721689462631,78.88607302289655,68.24367051857723,10.642402504319321,0.9,73.1500015258789,-0.22216742038419568,0.3037148540668145,True
james_stein,BZ=F,2026-06-24,73.73999786376953,4,2026-06-30,73.2499674932291,79.64246334159692,67.37056480467639,12.271898536920531,0.9,72.91999816894531,-0.32996932428378045,0.4525086842696955,True
james_stein,BZ=F,2026-06-24,73.73999786376953,5,2026-07-01,73.12796956689101,80.29893651994361,66.59739424628552,13.701542273658092,0.9,71.56999969482422,-1.557969872066792,2.176847671803834,True
james_stein,BZ=F,2026-06-24,73.73999786376953,6,2026-07-02,73.00617482827492,80.88415489990129,65.89549670949393,14.988658190407364,0.9,,,,
james_stein,BZ=F,2026-06-24,73.73999786376953,7,2026-07-03,72.88458293897145,81.415169947094,65.24782093607136,16.167349011022637,0.9,,,,
james_stein,BZ=F,2026-06-25,75.26000213623047,0,2026-06-25,75.26000213623047,75.26000213623047,75.26000213623047,0.0,0.9,75.26000213623047,0.0,0.0,True
james_stein,BZ=F,2026-06-25,75.26000213623047,1,2026-06-26,75.21607373655061,78.42922298411888,72.13456327991157,6.294659704207305,0.9,71.98999786376953,-3.226075872781081,4.481283467858902,False
james_stein,BZ=F,2026-06-25,75.26000213623047,2,2026-06-29,75.17217097737357,79.75344801182253,70.85405622354799,8.899391788274542,0.9,73.1500015258789,-2.022169451494662,2.764414776914614,True
james_stein,BZ=F,2026-06-25,75.26000213623047,3,2026-06-30,75.12829384373329,80.7737286347401,69.87742959587463,10.896299038865465,0.9,72.91999816894531,-2.2082956747879763,3.0283814183204827,True
james_stein,BZ=F,2026-06-25,75.26000213623047,4,2026-07-01,75.08444232067245,81.63651655525003,69.058231738623,12.578284816627033,0.9,71.56999969482422,-3.5144426258482326,4.91049691327914,True
james_stein,BZ=F,2026-06-25,75.26000213623047,5,2026-07-02,75.04061639324246,82.39855675635357,68.33971771287813,14.058839043475444,0.9,,,,
james_stein,BZ=F,2026-06-25,75.26000213623047,6,2026-07-03,74.99681604650343,83.08896043995681,67.69277636079663,15.396184079160179,0.9,,,,
james_stein,BZ=F,2026-06-25,75.26000213623047,7,2026-07-06,74.9530412655242,83.72502621131734,67.10010912115999,16.624917090157354,0.9,71.98999786376953,-2.9630434017546747,4.11590983425475,True
james_stein,BZ=F,2026-06-26,71.98999786376953,0,2026-06-26,71.98999786376953,71.98999786376953,71.98999786376953,0.0,0.9,71.98999786376953,0.0,0.0,True
james_stein,BZ=F,2026-06-26,71.98999786376953,1,2026-06-29,71.94159219216169,75.01619205825635,68.99300731132847,6.023184746927882,0.9,73.1500015258789,1.2084093337172135,1.6519607771842686,True
james_stein,BZ=F,2026-06-26,71.98999786376953,2,2026-06-30,71.89321906825644,76.27658105051532,67.76175435253586,8.514826697979458,0.9,72.91999816894531,1.02677910068887,1.408089860767643,True
james_stein,BZ=F,2026-06-26,71.98999786376953,3,2026-07-01,71.844878470169,77.2459618487916,66.8214420385795,10.42451981021209,0.9,71.56999969482422,-0.27487877534477434,0.3840698288624597,True
james_stein,BZ=F,2026-06-26,71.98999786376953,4,2026-07-02,71.79657037602905,78.0645100473532,66.03189483458324,12.032615212769954,0.9,,,,
james_stein,BZ=F,2026-06-26,71.98999786376953,5,2026-07-03,71.74829476398128,78.78654414838067,65.33879429771827,13.447749850662404,0.9,,,,
james_stein,BZ=F,2026-06-26,71.98999786376953,6,2026-07-06,71.70005161218484,79.4399331337432,64.71427150542631,14.725661628316885,0.9,71.98999786376953,0.2899462515846949,0.4027590779115947,True
james_stein,BZ=F,2026-06-26,71.98999786376953,7,2026-07-07,71.65184089881355,80.0412389793481,64.14176454107039,15.899474438277707,0.9,74.16000366210938,2.5081627632958288,3.3820963314991395,True
james_stein,BZ=F,2026-06-29,73.1500015258789,0,2026-06-29,73.1500015258789,73.1500015258789,73.1500015258789,0.0,0.9,73.1500015258789,0.0,0.0,True
james_stein,BZ=F,2026-06-29,73.1500015258789,1,2026-06-30,73.03109346627318,76.15185550744809,70.03822267151294,6.1136328359351495,0.9,72.91999816894531,-0.11109529732786427,0.15235230405583966,True
james_stein,BZ=F,2026-06-29,73.1500015258789,2,2026-07-01,72.91237869615955,77.35730419138892,68.72285717169497,8.634447019693951,0.9,71.56999969482422,-1.3423790013353312,1.8756168884438447,True
james_stein,BZ=F,2026-06-29,73.1500015258789,3,2026-07-02,72.79385690133864,78.26556901152256,67.70468380281548,10.560885208707077,0.9,,,,
james_stein,BZ=F,2026-06-29,73.1500015258789,4,2026-07-03,72.67552776812202,79.01937082958837,66.84098191272058,12.178388916867789,0.9,,,,
james_stein,BZ=F,2026-06-29,73.1500015258789,5,2026-07-06,72.55739098333093,79.67407323098521,66.07638812497116,13.597685106014055,0.9,71.98999786376953,-0.5673931195614017,0.788155488815418,True
james_stein,BZ=F,2026-06-29,73.1500015258789,6,2026-07-07,72.43944623429596,80.25811049720691,65.38246836640981,14.875642130797104,0.9,74.16000366210938,1.720557427813418,2.320061141923195,True
james_stein,BZ=F,2026-06-29,73.1500015258789,7,2026-07-08,72.32169320885566,80.78839768662348,64.7423077863799,16.046089900243587,0.9,78.0199966430664,5.698303434210743,7.303644808240514,True
james_stein,BZ=F,2026-06-30,72.91999816894531,0,2026-06-30,72.91999816894531,72.91999816894531,72.91999816894531,0.0,0.9,72.91999816894531,0.0,0.0,True
james_stein,BZ=F,2026-06-30,72.91999816894531,1,2026-07-01,72.74054755413621,75.84825659473788,69.7601697919928,6.088086802745082,0.9,71.56999969482422,-1.170547859311995,1.635528663271248,True
james_stein,BZ=F,2026-06-30,72.91999816894531,2,2026-07-02,72.56153855375334,76.9841610090724,68.39298900285921,8.591172006213185,0.9,,,,
james_stein,BZ=F,2026-06-30,72.91999816894531,3,2026-07-03,72.382970081017,77.82266421294611,67.32350287331626,10.49916133962985,0.9,,,,
james_stein,BZ=F,2026-06-30,72.91999816894531,4,2026-07-06,72.2048410518218,78.5062784080187,66.40919907351429,12.097079334504414,0.9,71.98999786376953,-0.21484318805227076,0.2984347748680724,True
james_stein,BZ=F,2026-06-30,72.91999816894531,5,2026-07-07,72.02715038473042,79.09033857605607,65.5947424925447,13.495596083511373,0.9,74.16000366210938,2.132853277378956,2.876015604174918,True
james_stein,BZ=F,2026-06-30,72.91999816894531,6,2026-07-08,71.84989700096669,79.60329035969315,64.851687357681,14.751603002012146,0.9,78.0199966430664,6.170099642099714,7.908356713122274,True
james_stein,BZ=F,2026-06-30,72.91999816894531,7,2026-07-09,71.67307982440944,80.0620709861361,64.16309631068272,15.898974675453388,0.9,76.30000305175781,4.626923227348371,6.064119321475932,True
james_stein,BZ=F,2026-07-01,71.56999969482422,0,2026-07-01,71.56999969482422,71.56999969482422,71.56999969482422,0.0,0.9,71.56999969482422,0.0,0.0,True
james_stein,BZ=F,2026-07-01,71.56999969482422,1,2026-07-02,71.43118716971215,74.48267009040823,68.50472055151967,5.977949538888566,0.9,,,,
james_stein,BZ=F,2026-07-01,71.56999969482422,2,2026-07-03,71.29264387636212,75.63751644657295,67.19735535568451,8.440161090888438,0.9,,,,
james_stein,BZ=F,2026-07-01,71.56999969482422,3,2026-07-06,71.15436929258965,76.50122325518343,66.18121977655015,10.320003478633282,0.9,71.98999786376953,0.8356285711798819,1.1607564883682673,True
james_stein,BZ=F,2026-07-01,71.56999969482422,4,2026-07-07,71.01636289722319,77.21348669273928,65.31661779786384,11.896868894875439,0.9,74.16000366210938,3.143640764886186,4.238997585827208,True
james_stein,BZ=F,2026-07-01,71.56999969482422,5,2026-07-08,70.87862417010186,77.82851623040206,64.54934010786286,13.279176122539198,0.9,78.0199966430664,7.141372472964548,9.153259138981516,False
james_stein,BZ=F,2026-07-01,71.56999969482422,6,2026-07-09,70.7411525920737,78.37416295212934,63.85153578114348,14.522627170985857,0.9,76.30000305175781,5.558850459684109,7.285518004387607,True
james_stein,BZ=F,2026-07-01,71.56999969482422,7,2026-07-10,70.6039476449937,78.86700062213504,63.20663121120307,15.66036941093197,0.9,76.01000213623047,5.406054491236773,7.112293565717394,True
james_stein,BZ=F,2026-07-06,71.98999786376953,0,2026-07-06,71.98999786376953,71.98999786376953,71.98999786376953,0.0,0.9,71.98999786376953,0.0,0.0,True
james_stein,BZ=F,2026-07-06,71.98999786376953,1,2026-07-07,71.87287731956798,74.94262056879583,68.92887458414467,6.013745984651166,0.9,74.16000366210938,2.2871263425413986,3.0840429201731037,True
james_stein,BZ=F,2026-07-06,71.98999786376953,2,2026-07-08,71.7559473188069,76.12818163789368,67.63482149239276,8.493360145500915,0.9,78.0199966430664,6.264049324259503,8.028774152499512,False
james_stein,BZ=F,2026-07-06,71.98999786376953,3,2026-07-09,71.63920755149115,77.02141153456506,66.6331083312132,10.388303203351867,0.9,76.30000305175781,4.660795500266659,6.108512862188257,True
james_stein,BZ=F,2026-07-06,71.98999786376953,4,2026-07-10,71.5226577081299,77.76270004450636,65.78334552049422,11.979354524012138,0.9,76.01000213623047,4.48734442810057,5.903623604769852,True
james_stein,BZ=F,2026-07-06,71.98999786376953,5,2026-07-13,71.40629747973587,78.40650659413981,65.031073838783,13.375432755356812,0.9,83.30000305175781,11.893705572021943,14.278157426515195,False
james_stein,BZ=F,2026-07-06,71.98999786376953,6,2026-07-14,71.29012655782431,78.98080114633751,64.3483235275625,14.632477618775013,0.9,84.7300033569336,13.439876799109285,15.862004327431055,False
james_stein,BZ=F,2026-07-06,71.98999786376953,7,2026-07-15,71.17414463441251,79.50222257389417,63.718455917780766,15.783766656113407,0.9,84.94999694824219,13.775852313829674,16.216424730683556,False
james_stein,BZ=F,2026-07-07,74.16000366210938,0,2026-07-07,74.16000366210938,74.16000366210938,74.16000366210938,0.0,0.9,74.16000366210938,0.0,0.0,True
james_stein,BZ=F,2026-07-07,74.16000366210938,1,2026-07-08,74.13819461398235,77.30492000743175,71.10119123197225,6.203728775459496,0.9,78.0199966430664,3.8818020290840565,4.9753937402008725,False
james_stein,BZ=F,2026-07-07,74.16000366210938,2,2026-07-09,74.11639197948212,78.63278204863185,69.85940744992145,8.773374598710404,0.9,76.30000305175781,2.1836110722756956,2.8618754717407437,True
james_stein,BZ=F,2026-07-07,74.16000366210938,3,2026-07-10,74.0945957567224,79.66167969668354,68.91656240811936,10.745117288564174,0.9,76.01000213623047,1.9154063795080702,2.519939910112283,True
james_stein,BZ=F,2026-07-07,74.16000366210938,4,2026-07-13,74.07280594381776,80.53581436534274,68.12845469594741,12.407359669395333,0.9,83.30000305175781,9.227197107940057,11.077066950654023,False
james_stein,BZ=F,2026-07-07,74.16000366210938,5,2026-07-14,74.05102253888305,81.31104138581975,67.43922898533275,13.871812400487002,0.9,84.7300033569336,10.678980818050547,12.603541124699683,False
james_stein,BZ=F,2026-07-07,74.16000366210938,6,2026-07-15,74.02924554003394,82.01600683001669,66.82023920751178,15.195767622504917,0.9,84.94999694824219,10.920751408208247,12.855505356712344,False
james_stein,BZ=F,2026-07-07,74.16000366210938,7,2026-07-16,74.00747494538639,82.66772780934876,66.25446825420786,16.413259555140897,0.9,84.2300033569336,10.222528411547202,12.136445451899307,False
james_stein,BZ=F,2026-07-08,78.0199966430664,0,2026-07-08,78.0199966430664,78.0199966430664,78.0199966430664,0.0,0.9,78.0199966430664,0.0,0.0,True
james_stein,BZ=F,2026-07-08,78.0199966430664,1,2026-07-09,78.00671521586811,81.34072616319071,74.80935941684807,6.531366746342641,0.9,76.30000305175781,-1.7067121641103,2.2368441623161646,True
james_stein,BZ=F,2026-07-08,78.0199966430664,2,2026-07-10,77.99343604958142,82.74902338005876,73.51115237797538,9.23787100208338,0.9,76.01000213623047,-1.9834339133509502,2.6094380444774896,True
james_stein,BZ=F,2026-07-08,78.0199966430664,3,2026-07-13,77.9801591438213,83.8428374084905,72.52742640935364,11.315410999136859,0.9,83.30000305175781,5.319843907936516,6.386367002449054,True
james_stein,BZ=F,2026-07-08,78.0199966430664,4,2026-07-14,77.96688449820299,84.77392469607449,71.70642506112037,13.067499634954117,0.9,84.7300033569336,6.763118858730607,7.981964582534353,True
james_stein,BZ=F,2026-07-08,78.0199966430664,5,2026-07-15,77.95361211234183,85.6010589934718,70.98937458034112,14.611684413130675,0.9,84.94999694824219,6.996384835900358,8.235885917880696,True
james_stein,BZ=F,2026-07-08,78.0199966430664,6,2026-07-16,77.940341985853,86.35437921104356,70.34613605438145,16.008243156662118,0.9,84.2300033569336,6.289661371080598,7.467245779900411,True
james_stein,BZ=F,2026-07-08,78.0199966430664,7,2026-07-17,77.92707411835192,87.05178699554564,69.75880783421306,17.292979161332582,0.9,88.0999984741211,10.172924355769169,11.54701990007118,False
james_stein,BZ=F,2026-07-09,76.30000305175781,0,2026-07-09,76.30000305175781,76.30000305175781,76.30000305175781,0.0,0.9,76.30000305175781,0.0,0.0,True
james_stein,BZ=F,2026-07-09,76.30000305175781,1,2026-07-10,76.28321357909716,79.54341416114407,73.15663698022057,6.386777180923502,0.9,76.01000213623047,-0.2732114428666961,0.35944143558505276,True
james_stein,BZ=F,2026-07-09,76.30000305175781,2,2026-07-13,76.26642780088449,80.91649953054853,71.88358422884555,9.032915301702985,0.9,83.30000305175781,7.0335752508733265,8.443667458815181,False
james_stein,BZ=F,2026-07-09,76.30000305175781,3,2026-07-14,76.24964571630684,81.98195722080484,70.91814673566822,11.063810485136628,0.9,84.7300033569336,8.48035764062675,10.00868323455907,False
james_stein,BZ=F,2026-07-09,76.30000305175781,4,2026-07-15,76.23286732455148,82.8882079411035,70.11190379036803,12.77630415073547,0.9,84.94999694824219,8.71712962369071,10.261483151084548,False
james_stein,BZ=F,2026-07-09,76.30000305175781,5,2026-07-16,76.21609262480585,83.69273666728198,69.40737041597848,14.2853662513035,0.9,84.2300033569336,8.01391073212774,9.514318428990133,False
james_stein,BZ=F,2026-07-09,76.30000305175781,6,2026-07-17,76.19932161625742,84.42502296345036,68.77506704726086,15.649955916189498,0.9,88.0999984741211,11.900676857863672,13.508146497141466,False
james_stein,BZ=F,2026-07-09,76.30000305175781,7,2026-07-20,76.18255429809403,85.10257773725881,68.19748277543758,16.905094961821234,0.9,89.22000122070312,13.037446922609092,14.612695297278036,False
james_stein,BZ=F,2026-07-10,76.01000213623047,0,2026-07-10,76.01000213623047,76.01000213623047,76.01000213623047,0.0,0.9,76.01000213623047,0.0,0.0,True
james_stein,BZ=F,2026-07-10,76.01000213623047,1,2026-07-13,75.99069940700765,79.23773931730302,72.87671816635493,6.3610211509480905,0.9,83.30000305175781,7.309303644750159,8.774673921930805,False
james_stein,BZ=F,2026-07-10,76.01000213623047,2,2026-07-14,75.97140157971022,80.60253688187939,71.60635485262432,8.996182029255067,0.9,84.7300033569336,8.758601777223376,10.337072383116631,False
james_stein,BZ=F,2026-07-10,76.01000213623047,3,2026-07-15,75.95210865309326,81.66087522479562,70.64243180067781,11.018443424117805,0.9,84.94999694824219,8.997888295148925,10.591981893337916,False
james_stein,BZ=F,2026-07-10,76.01000213623047,4,2026-07-16,75.93282062591229,82.56059270738854,69.83711064965472,12.723482057733818,0.9,84.2300033569336,8.297182731021309,9.850626143110922,False
james_stein,BZ=F,2026-07-10,76.01000213623047,5,2026-07-17,75.91353749692306,83.35895088170443,69.1331298479858,14.225821033718631,0.9,88.0999984741211,12.186460977198038,13.832532563298225,False
james_stein,BZ=F,2026-07-10,76.01000213623047,6,2026-07-20,75.8942592648817,84.0853157782379,68.50112336565442,15.584192412583477,0.9,89.22000122070312,13.325741955821428,14.935823552453892,False
james_stein,BZ=F,2026-07-10,76.01000213623047,7,2026-07-21,75.87498592854462,84.757131474356,67.92364712577228,16.833484348583724,0.9,91.01000213623047,15.135016207685851,16.630058073211167,False
james_stein,BZ=F,2026-07-13,83.30000305175781,0,2026-07-13,83.30000305175781,83.30000305175781,83.30000305175781,0.0,0.9,83.30000305175781,0.0,0.0,True
james_stein,BZ=F,2026-07-13,83.30000305175781,1,2026-07-14,83.29394503696439,86.86184849055549,79.87259539583943,6.989253094716062,0.9,84.7300033569336,1.4360583199692059,1.6948639951301157,True
james_stein,BZ=F,2026-07-13,83.30000305175781,2,2026-07-15,83.28788746274164,88.37768984684578,78.49121435542814,9.886475491417642,0.9,84.94999694824219,1.662109485500551,1.9565739202006456,True
james_stein,BZ=F,2026-07-13,83.30000305175781,3,2026-07-16,83.28183032905767,89.55723303260791,77.4461540189902,12.111079013617712,0.9,84.2300033569336,0.9481730278759244,1.125695108734521,True
james_stein,BZ=F,2026-07-13,83.30000305175781,4,2026-07-17,83.27577363588027,90.56282191213761,76.57507052267475,13.987751389462858,0.9,88.0999984741211,4.8242248382408235,5.475851216567176,True
james_stein,BZ=F,2026-07-13,83.30000305175781,5,2026-07-20,83.26971738317755,91.45732387948799,75.81509647287398,15.642227406614012,0.9,89.22000122070312,5.950283837525575,6.669226357446896,True
james_stein,BZ=F,2026-07-13,83.30000305175781,6,2026-07-21,83.26366157091735,92.27297373622282,75.13399706846874,17.13897666775408,0.9,91.01000213623047,7.746340565313119,8.511526627279743,True
james_stein,BZ=F,2026-07-13,83.30000305175781,7,2026-07-22,83.25760619906778,93.02891609856714,74.51262769367918,18.51628840488796,0.9,94.06999969482422,10.812393495756439,11.493986957407571,False
james_stein,BZ=F,2026-07-14,84.7300033569336,0,2026-07-14,84.7300033569336,84.7300033569336,84.7300033569336,0.0,0.9,84.7300033569336,0.0,0.0,True
james_stein,BZ=F,2026-07-14,84.7300033569336,1,2026-07-15,84.7263334793567,88.35516526250223,81.24654131456562,7.108623947936607,0.9,84.94999694824219,0.2236634688854906,0.2632883777756495,True
james_stein,BZ=F,2026-07-14,84.7300033569336,2,2026-07-16,84.7226637607318,89.8995306081689,79.84390692760503,10.055623680563869,0.9,84.2300033569336,-0.49266040379821163,0.5848989483124093,True
james_stein,BZ=F,2026-07-14,84.7300033569336,3,2026-07-17,84.718994201052,91.10192457555203,78.78327501726537,12.318649558286666,0.9,88.0999984741211,3.3810042730690952,3.837689366206116,True
james_stein,BZ=F,2026-07-14,84.7300033569336,4,2026-07-20,84.7153248003104,92.12744815828951,77.89954459274075,14.227903565548758,0.9,89.22000122070312,4.504676420392727,5.048953551625188,True
james_stein,BZ=F,2026-07-14,84.7300033569336,5,2026-07-21,84.71165555850004,93.04003440656396,77.12878260668055,15.911251799883416,0.9,91.01000213623047,6.2983465777304275,6.920499318638185,True
james_stein,BZ=F,2026-07-14,84.7300033569336,6,2026-07-22,84.7079864756142,93.87246353186582,76.43820885042686,17.434254681438958,0.9,94.06999969482422,9.362013219210013,9.952177367472784,False
james_stein,BZ=F,2026-07-14,84.7300033569336,7,2026-07-23,84.70431755164591,94.64420349455175,75.8083553664551,18.835848128096643,0.9,100.69000244140625,15.985684889760336,15.876139142078937,False
james_stein,BZ=F,2026-07-15,84.94999694824219,0,2026-07-15,84.94999694824219,84.94999694824219,84.94999694824219,0.0,0.9,84.94999694824219,0.0,0.0,True
james_stein,BZ=F,2026-07-15,84.94999694824219,1,2026-07-16,84.94745669980034,88.58500917426689,81.45927247768076,7.125736696586131,0.9,84.2300033569336,-0.7174533428667473,0.8517788368432831,True
james_stein,BZ=F,2026-07-15,84.94999694824219,2,2026-07-17,84.94491652731924,90.13428459111529,80.05431980257256,10.079964788542725,0.9,88.0999984741211,3.1550819468018574,3.5812508529482505,True
james_stein,BZ=F,2026-07-15,84.94999694824219,3,2026-07-20,84.94237643079647,91.34079745684255,78.99216466902678,12.348632787815774,0.9,89.22000122070312,4.277624789906653,4.7944684279090195,True
james_stein,BZ=F,2026-07-15,84.94999694824219,4,2026-07-21,84.93983641022997,92.37003914714043,78.10731570551664,14.262723441623791,0.9,91.01000213623047,6.070165726000496,6.669778687527361,True
james_stein,BZ=F,2026-07-15,84.94999694824219,5,2026-07-22,84.93729646561735,93.28609295764421,77.33568962057171,15.950403337072501,0.9,94.06999969482422,9.132703229206868,9.708412096135422,False
james_stein,BZ=F,2026-07-15,84.94999694824219,6,2026-07-23,84.93475659695636,94.12181568227818,76.64442962443299,17.477386057845195,0.9,100.69000244140625,15.755245844449888,15.647279235709838,False
james_stein,BZ=F,2026-07-15,84.94999694824219,7,2026-07-24,84.93221680424473,94.89672049972984,76.01402254257846,18.88269795715138,0.9,96.77999877929688,11.847781975052143,12.241973676886028,False
james_stein,BZ=F,2026-07-16,84.2300033569336,0,2026-07-16,84.2300033569336,84.2300033569336,84.2300033569336,0.0,0.9,84.2300033569336,0.0,0.0,True
james_stein,BZ=F,2026-07-16,84.2300033569336,1,2026-07-17,84.22394414298775,87.82985396182171,80.76607721657638,7.063776745245335,0.9,88.0999984741211,3.8760543311333464,4.399607716533522,False
james_stein,BZ=F,2026-07-16,84.2300033569336,2,2026-07-20,84.21788536492078,89.36188731576183,79.36999126122889,9.991896054532944,0.9,89.22000122070312,5.00211585578235,5.606496062927232,True
james_stein,BZ=F,2026-07-16,84.2300033569336,3,2026-07-21,84.21182702270119,90.5540378840328,78.31381102610995,12.240226857922849,0.9,91.01000213623047,6.7981751135292825,7.469701081155095,False
james_stein,BZ=F,2026-07-16,84.2300033569336,4,2026-07-22,84.20576911629777,91.57038027729541,77.43346190105692,14.136918376238498,0.9,94.06999969482422,9.864230578526445,10.486053588314384,False
james_stein,BZ=F,2026-07-16,84.2300033569336,5,2026-07-23,84.19971164567903,92.47445208400686,76.66540629811007,15.809045785896785,0.9,100.69000244140625,16.49029079572722,16.377287114798992,False
james_stein,BZ=F,2026-07-16,84.2300033569336,6,2026-07-24,84.19365461081377,93.29883172629562,75.97706579563888,17.32176593065674,0.9,96.77999877929688,12.586344168483109,13.005108831614878,False
james_stein,BZ=F,2026-07-16,84.2300033569336,7,2026-07-27,84.18759801167049,94.06286789079664,75.34909170750565,18.71377618329099,0.9,88.36000061035156,4.172402598681074,4.722049083137137,True
james_stein,BZ=F,2026-07-17,88.0999984741211,0,2026-07-17,88.0999984741211,88.0999984741211,88.0999984741211,0.0,0.9,88.0999984741211,0.0,0.0,True
james_stein,BZ=F,2026-07-17,88.0999984741211,1,2026-07-20,88.10312149441651,91.8767343106905,84.48450062244686,7.3922336882436355,0.9,89.22000122070312,1.1168797262866121,1.2518266207190378,True
james_stein,BZ=F,2026-07-17,88.0999984741211,2,2026-07-21,88.10624462541846,93.49008102569417,83.03244854243553,10.457632483258635,0.9,91.01000213623047,2.9037575108120137,3.190591630209453,True
james_stein,BZ=F,2026-07-17,88.0999984741211,3,2026-07-22,88.10936786713107,94.74801049058321,81.93587037605398,12.812140114529228,0.9,94.06999969482422,5.960631827693149,6.336379129403895,True
james_stein,BZ=F,2026-07-17,88.0999984741211,4,2026-07-23,88.1124912195581,95.82216720922987,81.0231216328498,14.799045576380081,0.9,100.69000244140625,12.577511221848155,12.491320803341214,False
james_stein,BZ=F,2026-07-17,88.0999984741211,5,2026-07-24,88.11561468270364,96.77901243581695,80.22774107206308,16.55127136375387,0.9,96.77999877929688,8.664384096593238,8.952659853150069,False
james_stein,BZ=F,2026-07-17,88.0999984741211,6,2026-07-27,88.11873825657143,97.65261988255523,79.5156549949079,18.136964887647324,0.9,88.36000061035156,0.2412623537801295,0.27304476246445963,True
james_stein,BZ=F,2026-07-17,88.0999984741211,7,2026-07-28,88.12186194116559,98.46322409464238,78.86662886961453,19.596595225027855,0.9,84.08999633789062,-4.031865603274966,4.794703031112183,True
james_stein,BZ=F,2026-07-20,89.22000122070312,0,2026-07-20,89.22000122070312,89.22000122070312,89.22000122070312,0.0,0.9,89.22000122070312,0.0,0.0,True
james_stein,BZ=F,2026-07-20,89.22000122070312,1,2026-07-21,89.26353232814891,93.08624040614727,85.597808751682,7.488431654465273,0.9,91.01000213623047,1.7464698080815566,1.918986668594197,True
james_stein,BZ=F,2026-07-20,89.22000122070312,2,2026-07-22,89.30708467474834,94.76342565814397,84.16491191311458,10.598513745029393,0.9,94.06999969482422,4.76291502007588,5.06316045022581,True
james_stein,BZ=F,2026-07-20,89.22000122070312,3,2026-07-23,89.35065827086414,96.08174098514226,83.09112690486417,12.990614080278093,0.9,100.69000244140625,11.339344170542105,11.261638589333357,False
james_stein,BZ=F,2026-07-20,89.22000122070312,4,2026-07-24,89.39425312686409,97.21481260852647,82.20282771402421,15.011984894502262,0.9,96.77999877929688,7.385745652432789,7.631479381680611,True
james_stein,BZ=F,2026-07-20,89.22000122070312,5,2026-07-27,89.43786925312116,98.22983638492325,81.432818692612,16.797017692311243,0.9,88.36000061035156,-1.0778686427696016,1.2198603840246318,True
james_stein,BZ=F,2026-07-20,89.22000122070312,6,2026-07-28,89.48150666001321,99.16124669682173,80.74666566694772,18.414581029874014,0.9,84.08999633789062,-5.391510322122585,6.411595382235961,True
james_stein,BZ=F,2026-07-20,89.22000122070312,7,2026-07-29,89.52516535792321,100.02948302359138,80.12392936663744,19.90555365695394,0.9,90.73999786376953,1.2148325058463172,1.3388059669895287,True
james_stein,BZ=F,2026-07-21,91.01000213623047,0,2026-07-21,91.01000213623047,91.01000213623047,91.01000213623047,0.0,0.9,91.01000213623047,0.0,0.0,True
james_stein,BZ=F,2026-07-21,91.01000213623047,1,2026-07-22,91.18988671336274,95.09475892071582,87.44536011420948,7.6493988065063405,0.9,94.06999969482422,2.8801129814614796,3.061670023179499,True
james_stein,BZ=F,2026-07-21,91.01000213623047,2,2026-07-23,91.3701268388998,96.9520336612396,86.10959216933144,10.842441491908161,0.9,100.69000244140625,9.319875602506457,9.256008915016066,False
james_stein,BZ=F,2026-07-21,91.01000213623047,3,2026-07-24,91.55072321559618,98.44694894742798,85.13757928419453,13.309369663233454,0.9,96.77999877929688,5.229275563700696,5.403260621676449,True
james_stein,BZ=F,2026-07-21,91.01000213623047,4,2026-07-27,91.73167654759519,99.75602656668752,84.35280325251672,15.403223314170802,0.9,88.36000061035156,-3.371675937243623,3.815839649109989,True
james_stein,BZ=F,2026-07-21,91.01000213623047,5,2026-07-28,91.91298754043186,100.9474770931419,83.68705709022137,17.260420002920526,0.9,84.08999633789062,-7.822991202541232,9.303117544573162,True
james_stein,BZ=F,2026-07-21,91.01000213623047,6,2026-07-29,92.09465690103599,102.056204139172,83.10544078391928,18.950763355252718,0.9,90.73999786376953,-1.3546590372664582,1.4929017733725818,True
james_stein,BZ=F,2026-07-21,91.01000213623047,7,2026-07-30,92.27668533773445,103.10289679704421,82.5872688493013,20.515627947742914,0.9,89.02999877929688,-3.246686558437574,3.646733239305134,True
james_stein,BZ=F,2026-07-22,94.06999969482422,0,2026-07-22,94.06999969482422,94.06999969482422,94.06999969482422,0.0,0.9,94.06999969482422,0.0,0.0,True
james_stein,BZ=F,2026-07-22,94.06999969482422,1,2026-07-23,94.28413333222966,98.32205309397544,90.41204407838339,7.910009015592053,0.9,100.69000244140625,6.405869109176592,6.361971351529474,False
james_stein,BZ=F,2026-07-22,94.06999969482422,2,2026-07-24,94.49875440680756,100.27258278262065,89.05739073059851,11.215192052022132,0.9,96.77999877929688,2.2812443724893114,2.357144452637991,True
james_stein,BZ=F,2026-07-22,94.06999969482422,3,2026-07-27,94.71386402812207,101.84934198257189,88.0782915678791,13.77105041469278,0.9,88.36000061035156,-6.353863417770512,7.190882043776427,True
james_stein,BZ=F,2026-07-22,94.06999969482422,4,2026-07-28,94.92946330826294,103.23469430118998,87.29238813555496,15.942306165635017,0.9,84.08999633789062,-10.839466970372314,12.890316853882524,False
james_stein,BZ=F,2026-07-22,94.06999969482422,5,2026-07-29,95.14555336185163,104.49908640846893,86.62923893083239,17.86984747763654,0.9,90.73999786376953,-4.405555498082094,4.855141725588617,True
james_stein,BZ=F,2026-07-22,94.06999969482422,6,2026-07-30,95.36213530604658,105.67855613130311,86.05281130856606,19.625744822737047,0.9,89.02999877929688,-6.332136526749707,7.11236281429916,True
james_stein,BZ=F,2026-07-22,94.06999969482422,7,2026-07-31,95.57921026054936,106.79445928894611,85.54175464584118,21.252704643104934,0.9,90.12000274658203,-5.459207513967328,6.057708996435177,True
james_stein,BZ=F,2026-07-23,100.69000244140625,0,2026-07-23,100.69000244140625,100.69000244140625,100.69000244140625,0.0,0.9,100.69000244140625,0.0,0.0,True
james_stein,BZ=F,2026-07-23,100.69000244140625,1,2026-07-24,101.06110473154398,105.39469131924898,96.90570522781886,8.488986091430121,0.9,96.77999877929688,-4.281105952247103,4.423544127139331,False
james_stein,BZ=F,2026-07-23,100.69000244140625,2,2026-07-27,101.43357475339694,107.63895779637753,95.58593187715927,12.053025919218257,0.9,88.36000061035156,-13.073574143045377,14.795805854163586,False
james_stein,BZ=F,2026-07-23,100.69000244140625,3,2026-07-28,101.80741754786659,109.48707139566099,94.66643079994203,14.820640595718956,0.9,84.08999633789062,-17.717421209975967,21.069594460182614,False
james_stein,BZ=F,2026-07-23,100.69000244140625,4,2026-07-29,102.18263817443284,111.13388611395429,93.95236600995653,17.181520103997755,0.9,90.73999786376953,-11.442640310663307,12.610359907482541,False
james_stein,BZ=F,2026-07-23,100.69000244140625,5,2026-07-30,102.55924171122304,112.65457109920399,93.36858644749121,19.28598465171278,0.9,89.02999877929688,-13.529242931926163,15.196274421461933,False
james_stein,BZ=F,2026-07-23,100.69000244140625,6,2026-07-31,102.93723325508036,114.08753300569197,92.87670362441942,21.210829381272546,0.9,90.12000274658203,-12.817230508498326,14.22240359284104,False
james_stein,BZ=F,2026-07-23,100.69000244140625,7,2026-08-03,103.31661792163285,115.45550599268698,92.45400162587988,23.001504366807097,0.9,83.7699966430664,-19.546621278566448,23.33367800150713,False
james_stein,BZ=F,2026-07-24,96.77999877929688,0,2026-07-24,96.77999877929688,96.77999877929688,96.77999877929688,0.0,0.9,96.77999877929688,0.0,0.0,True
james_stein,BZ=F,2026-07-24,96.77999877929688,1,2026-07-27,97.08635151162355,101.250744478341,93.0932379648313,8.157506513509702,0.9,88.36000061035156,-8.726350901271985,9.875906338834582,False
james_stein,BZ=F,2026-07-24,96.77999877929688,2,2026-07-28,97.39367398974257,103.35370920151583,91.77733248765821,11.576376713857613,0.9,84.08999633789062,-13.303677651851942,15.820761364282943,False
james_stein,BZ=F,2026-07-24,96.77999877929688,3,2026-07-29,97.70196928334074,105.07417802083921,90.84700905249697,14.22716896834224,0.9,90.73999786376953,-6.9619714195712135,7.67243947925083,False
james_stein,BZ=F,2026-07-24,96.77999877929688,4,2026-07-30,98.01124047182155,106.59969813024016,90.11473228647114,16.484965843769018,0.9,89.02999877929688,-8.981241692524677,10.087882529111281,False
james_stein,BZ=F,2026-07-24,96.77999877929688,5,2026-07-31,98.32149064433641,108.00265547143707,89.50812811339576,18.49452735804131,0.9,90.12000274658203,-8.201487897754376,9.100629879935765,True
james_stein,BZ=F,2026-07-24,96.77999877929688,6,2026-08-03,98.63272289981525,109.32005072669818,88.9902077611812,20.32984296551699,0.9,83.7699966430664,-14.862726256748843,17.74230255741454,False
james_stein,BZ=F,2026-07-24,96.77999877929688,7,2026-08-04,98.94494034699758,110.57379434132206,88.53907273951884,22.034721601803213,0.9,79.36000061035156,-19.58493973664602,24.6786033089967,False
james_stein,BZ=F,2026-07-27,88.36000061035156,0,2026-07-27,88.36000061035156,88.36000061035156,88.36000061035156,0.0,0.9,88.36000061035156,0.0,0.0,True
james_stein,BZ=F,2026-07-27,88.36000061035156,1,2026-07-28,88.43509345605943,92.23765611050192,84.78929413831361,7.448361972188309,0.9,84.08999633789062,-4.345097118168809,5.16719860553844,False
james_stein,BZ=F,2026-07-27,88.36000061035156,2,2026-07-29,88.51025011950655,93.9399901635942,83.39434954777808,10.545640615816126,0.9,90.73999786376953,2.22974774426298,2.4572931416755837,True
james_stein,BZ=F,2026-07-27,88.36000061035156,3,2026-07-30,88.58547065492846,95.28634190516229,82.35582827773607,12.930513627426222,0.9,89.02999877929688,0.4445281243684178,0.4993015056311433,True
james_stein,BZ=F,2026-07-27,88.36000061035156,4,2026-07-31,88.66075511660692,96.44920769835369,81.50123454027208,14.94797315808161,0.9,90.12000274658203,1.4592476299751098,1.6192272364643867,True
james_stein,BZ=F,2026-07-27,88.36000061035156,5,2026-08-03,88.73610355886956,97.49532028378358,80.76383617071026,16.73148411307332,0.9,83.7699966430664,-4.966106915803152,5.928264432148803,True
james_stein,BZ=F,2026-07-27,88.36000061035156,6,2026-08-04,88.81151603609045,98.45886419972354,80.10944920742746,18.349414992296076,0.9,79.36000061035156,-9.45151542573889,11.909671563820593,False
james_stein,BZ=F,2026-07-27,88.36000061035156,7,2026-08-05,88.88699260268976,99.36012340830784,79.51779026564697,19.842333142660877,0.9,79.44999694824219,-9.436995654447571,11.877905622319048,False
james_stein,BZ=F,2026-07-28,84.08999633789062,0,2026-07-28,84.08999633789062,84.08999633789062,84.08999633789062,0.0,0.9,84.08999633789062,0.0,0.0,True
james_stein,BZ=F,2026-07-28,84.08999633789062,1,2026-07-29,84.090712146017,87.70855808614195,80.6220969027828,7.086461183359148,0.9,90.73999786376953,6.649285717752534,7.327844252030169,False
james_stein,BZ=F,2026-07-28,84.08999633789062,2,2026-07-30,84.0914279602366,89.25309124161134,79.22827274687005,10.024818494741297,0.9,89.02999877929688,4.938570819060274,5.547086248201426,True
james_stein,BZ=F,2026-07-28,84.08999633789062,3,2026-07-31,84.0921437805495,90.45684982543318,78.17526985800875,12.281579967424435,0.9,90.12000274658203,6.027858966032525,6.688702599114316,True
james_stein,BZ=F,2026-07-28,84.08999633789062,4,2026-08-03,84.09285960695576,91.4843913122269,77.29853077057146,14.185860541655444,0.9,83.7699966430664,-0.32286296388934943,0.3854159923928714,True
james_stein,BZ=F,2026-07-28,84.08999633789062,5,2026-08-04,84.09357543945542,92.39943451950714,76.53433667603684,15.865097843470295,0.9,79.36000061035156,-4.733574829103858,5.964685978702501,True
james_stein,BZ=F,2026-07-28,84.08999633789062,6,2026-08-05,84.09429127804853,93.23464797473972,75.85001905593361,17.3846289188061,0.9,79.44999694824219,-4.644294329806343,5.845556335051686,True
james_stein,BZ=F,2026-07-28,84.08999633789062,7,2026-08-06,84.09500712273515,94.00943223794351,75.22617735923878,18.78325487870474,0.9,82.48999786376953,-1.605009258965623,1.94570166145023,True
james_stein,BZ=F,2026-07-29,90.73999786376953,0,2026-07-29,90.73999786376953,90.73999786376953,90.73999786376953,0.0,0.9,90.73999786376953,0.0,0.0,True
james_stein,BZ=F,2026-07-29,90.73999786376953,1,2026-07-30,90.82916866614123,94.74320821630225,87.07682625383995,7.666381962462296,0.9,89.02999877929688,-1.7991698868443535,2.0208580383163324,True
james_stein,BZ=F,2026-07-29,90.73999786376953,2,2026-07-31,90.91842709725637,96.50819474270158,85.6524195471416,10.855775195559971,0.9,90.12000274658203,-0.7984243506743383,0.8859568645592613,True
james_stein,BZ=F,2026-07-29,90.73999786376953,3,2026-08-03,91.00777324322841,97.9071520875617,84.59458388988413,13.312568197677564,0.9,83.7699966430664,-7.237776600162007,8.64005836242453,False
james_stein,BZ=F,2026-07-29,90.73999786376953,4,2026-08-04,91.09720719025526,99.1175498701571,83.72585045469245,15.391699415464657,0.9,79.36000061035156,-11.737206579903699,14.789826725848993,False
james_stein,BZ=F,2026-07-29,90.73999786376953,5,2026-08-05,91.1867290246196,100.20803509987026,82.97757302518114,17.230462074689115,0.9,79.44999694824219,-11.736732076377407,14.77247643448409,False
james_stein,BZ=F,2026-07-29,90.73999786376953,6,2026-08-06,91.2763388326888,101.21376823421714,82.31459193793006,18.89917629628708,0.9,82.48999786376953,-8.786340968919262,10.651401620145167,True
james_stein,BZ=F,2026-07-29,90.73999786376953,7,2026-08-07,91.36603670091539,102.15560962510727,81.71604763622643,20.43956198888084,0.9,83.55000305175781,-7.816033649157575,9.354917251547763,True
james_stein,BZ=F,2026-07-30,89.02999877929688,0,2026-07-30,89.02999877929688,89.02999877929688,89.02999877929688,0.0,0.9,89.02999877929688,0.0,0.0,True
james_stein,BZ=F,2026-07-30,89.02999877929688,1,2026-07-31,89.13365965391824,92.97429076492149,85.45167936143106,7.52261140349043,0.9,90.12000274658203,0.9863430926637875,1.0944774329816545,True
james_stein,BZ=F,2026-07-30,89.02999877929688,2,2026-08-03,89.23744122467647,94.7233628428441,84.06923780292267,10.654125039921425,0.9,83.7699966430664,-5.467444581610067,6.526733676385558,False
james_stein,BZ=F,2026-07-30,89.02999877929688,3,2026-08-04,89.34134363210268,96.11377121315779,83.0461190029421,13.067652210215684,0.9,79.36000061035156,-9.981343021751115,12.57729705769328,False
james_stein,BZ=F,2026-07-30,89.02999877929688,4,2026-08-05,89.4453670168913,97.31955676879397,82.20828316957338,15.111273599220596,0.9,79.44999694824219,-9.995370068649109,12.580705415458487,False
james_stein,BZ=F,2026-07-30,89.02999877929688,5,2026-08-06,89.54951151990063,98.40802743708821,81.48842347825128,16.91960395883693,0.9,82.48999786376953,-7.059513656131102,8.558023807673917,True
james_stein,BZ=F,2026-07-30,89.02999877929688,6,2026-08-07,89.65377728215317,99.41365164098005,80.85207261056492,18.561579030415132,0.9,83.55000305175781,-6.103774230395359,7.305534419447207,True
james_stein,BZ=F,2026-07-30,89.02999877929688,7,2026-08-10,89.75816444483543,100.35687562724502,80.27878542602737,20.07809020121765,0.9,87.72000122070312,-2.0381632241323047,2.3234874552774976,True
james_stein,BZ=F,2026-07-31,90.12000274658203,0,2026-07-31,90.12000274658203,90.12000274658203,90.12000274658203,0.0,0.9,90.12000274658203,0.0,0.0,True
james_stein,BZ=F,2026-07-31,90.12000274658203,1,2026-08-03,90.3169018045484,94.20788504654267,86.58662433131222,7.621260715230449,0.9,83.7699966430664,-6.5469051614819875,7.815334157619154,False
james_stein,BZ=F,2026-07-31,90.12000274658203,2,2026-08-04,90.51423105822995,96.0777326115428,85.27289103696387,10.80484157457893,0.9,79.36000061035156,-11.15423044787839,14.055229790942636,False
james_stein,BZ=F,2026-07-31,90.12000274658203,3,2026-08-05,90.71199144754144,97.58718574692894,84.32116706099177,13.26601868593717,0.9,79.44999694824219,-11.261994499299249,14.17494642150319,False
james_stein,BZ=F,2026-07-31,90.12000274658203,4,2026-08-06,90.91018391445144,98.91199965253223,83.55570171862158,15.356297933910653,0.9,82.48999786376953,-8.420186050681906,10.207523661944643,False
james_stein,BZ=F,2026-07-31,90.12000274658203,5,2026-08-07,91.10880940298632,100.12007417113806,82.90859969441165,17.21147447672641,0.9,83.55000305175781,-7.558806351228512,9.04704497323113,True
james_stein,BZ=F,2026-07-31,90.12000274658203,6,2026-08-10,91.30786885923531,101.24614707792865,82.34512775284446,18.901019325084192,0.9,87.72000122070312,-3.587867638532188,4.090136329917654,True
james_stein,BZ=F,2026-07-31,90.12000274658203,7,2026-08-11,91.5073632313544,102.3108053487324,81.84470347010887,20.466101878623533,0.9,88.91000366210938,-2.597359569245029,2.921335577845602,True
james_stein,BZ=F,2026-08-03,83.7699966430664,0,2026-08-03,83.7699966430664,83.7699966430664,83.7699966430664,0.0,0.9,83.7699966430664,0.0,0.0,True
james_stein,BZ=F,2026-08-03,83.7699966430664,1,2026-08-04,83.81811274837648,87.43447444984244,80.35132673817098,7.083147711671458,0.9,79.36000061035156,-4.458112138024916,5.61758077587944,False
james_stein,BZ=F,2026-08-03,83.7699966430664,2,2026-08-05,83.86625649078445,89.0288491885089,79.00303151044074,10.025817678068165,0.9,79.44999694824219,-4.416259542542264,5.558539599969075,True
james_stein,BZ=F,2026-08-03,83.7699966430664,3,2026-08-06,83.91442788616443,90.28400341363168,77.99422866973906,12.289774743892622,0.9,82.48999786376953,-1.4244300223949011,1.7267911980641784,True
james_stein,BZ=F,2026-08-03,83.7699966430664,4,2026-08-07,83.96262695039994,91.36411878746155,77.16073681848394,14.20338196897761,0.9,83.55000305175781,-0.41262389864212423,0.49386461229272577,True
james_stein,BZ=F,2026-08-03,83.7699966430664,5,2026-08-10,84.01085369938347,92.33272982637799,76.43902170520367,15.893708121174313,0.9,87.72000122070312,3.7091475213196503,4.228394288307694,True
james_stein,BZ=F,2026-08-03,83.7699966430664,6,2026-08-11,84.0591081490168,93.22239167516337,75.79652845026321,17.425863224900155,0.9,88.91000366210938,4.850895513092581,5.455961436609274,True
james_stein,BZ=F,2026-08-03,83.7699966430664,7,2026-08-12,84.10739031521054,94.05242661177074,75.21393504109598,18.838491570674762,0.9,88.9800033569336,4.872613041723056,5.4760764867327545,True
james_stein,BZ=F,2026-08-04,79.36000061035156,0,2026-08-04,79.36000061035156,79.36000061035156,79.36000061035156,0.0,0.9,79.36000061035156,0.0,0.0,True
james_stein,BZ=F,2026-08-04,79.36000061035156,1,2026-08-05,79.35676043294013,82.78309306792154,76.07224123945343,6.710851828468108,0.9,79.44999694824219,0.09323651530205268,0.11735244667509773,True
james_stein,BZ=F,2026-08-04,79.36000061035156,2,2026-08-06,79.3535203878214,84.24185726945996,74.74884103989503,9.49301622956493,0.9,82.48999786376953,3.1364774759481264,3.8022518574045208,True
james_stein,BZ=F,2026-08-04,79.36000061035156,3,2026-08-07,79.35028047498999,85.3778015691401,73.74829166057422,11.629509908565879,0.9,83.55000305175781,4.199722576767826,5.026597753881791,True
james_stein,BZ=F,2026-08-04,79.36000061035156,4,2026-08-10,79.34704069444047,86.34678494348536,72.91473412803896,13.432050815446402,0.9,87.72000122070312,8.37296052626266,9.54509850632164,False
james_stein,BZ=F,2026-08-04,79.36000061035156,5,2026-08-11,79.34380104616747,87.20916113174556,72.18781470611077,15.021346425634789,0.9,88.91000366210938,9.566202615941904,10.759422136902595,False
james_stein,BZ=F,2026-08-04,79.36000061035156,6,2026-08-12,79.34056153016557,87.99587490565338,71.53658862612849,16.45928627952489,0.9,88.9800033569336,9.63944182676802,10.833267546754803,False
james_stein,BZ=F,2026-08-04,79.36000061035156,7,2026-08-13,79.33732214642939,88.72530403554056,70.94267812083204,17.782625914708518,0.9,87.06999969482422,7.7326775483948325,8.880989520497831,True
james_stein,BZ=F,2026-08-05,79.44999694824219,0,2026-08-05,79.44999694824219,79.44999694824219,79.44999694824219,0.0,0.9,79.44999694824219,0.0,0.0,True
james_stein,BZ=F,2026-08-05,79.44999694824219,1,2026-08-06,79.4455755327141,82.87503484196834,76.15803098918221,6.717003852786135,0.9,82.48999786376953,3.0444223310554293,3.690656333975457,True
james_stein,BZ=F,2026-08-05,79.44999694824219,2,2026-08-07,79.44115436323906,84.33387073458768,74.83229397148614,9.50157676310154,0.9,83.55000305175781,4.108848688518748,4.917831883229717,True
james_stein,BZ=F,2026-08-05,79.44999694824219,3,2026-08-10,79.43673343980335,85.46955683295828,73.82973369007888,11.639823142879393,0.9,87.72000122070312,8.283267780899777,9.442849596022135,False
james_stein,BZ=F,2026-08-05,79.44999694824219,4,2026-08-11,79.43231276239337,86.43810248582379,72.99434079800008,13.44376168782371,0.9,88.91000366210938,9.47769089971601,10.65987010385773,False
james_stein,BZ=F,2026-08-05,79.44999694824219,5,2026-08-12,79.42789233099538,87.29992064157011,72.26570234864683,15.034218292923285,0.9,88.9800033569336,9.552111025938217,10.73512099973852,False
james_stein,BZ=F,2026-08-05,79.44999694824219,6,2026-08-13,79.4234721455957,88.08598690955918,71.61284273444015,16.47314417511903,0.9,87.06999969482422,7.646527549228523,8.782046142217986,True
james_stein,BZ=F,2026-08-05,79.44999694824219,7,2026-08-14,79.41905220618054,88.81469765364895,71.01736559330494,17.797332060344004,0.9,88.5199966430664,9.100944436885868,10.281229984206881,True
james_stein,BZ=F,2026-08-06,82.48999786376953,0,2026-08-06,82.48999786376953,82.48999786376953,82.48999786376953,0.0,0.9,82.48999786376953,0.0,0.0,True
james_stein,BZ=F,2026-08-06,82.48999786376953,1,2026-08-07,82.49023612299877,86.05194174847556,79.07595014552518,6.975991602950373,0.9,83.55000305175781,1.0597669287590463,1.268422369898106,True
james_stein,BZ=F,2026-08-06,82.48999786376953,2,2026-08-10,82.4904743829162,87.57217060531674,77.7036622123584,9.868508392958347,0.9,87.72000122070312,5.229526837786921,5.961612819212639,False
james_stein,BZ=F,2026-08-06,82.48999786376953,3,2026-08-11,82.4907126435218,88.7569286831316,76.66688982365989,12.090038859471719,0.9,88.91000366210938,6.419291018587572,7.219987351460734,False
james_stein,BZ=F,2026-08-06,82.48999786376953,4,2026-08-12,82.49095090481559,89.76821004330664,75.80363892627352,13.964571117033117,0.9,88.9800033569336,6.489052452118003,7.292708706795476,True
james_stein,BZ=F,2026-08-06,82.48999786376953,5,2026-08-13,82.4911891667975,90.66874115662185,75.05118305765063,15.617558098971216,0.9,87.06999969482422,4.578810528026722,5.258769431578285,True
james_stein,BZ=F,2026-08-06,82.48999786376953,6,2026-08-14,82.49142742946765,91.490681893662,74.37736235543929,17.11331953822271,0.9,88.5199966430664,6.028569213598757,6.810403798259704,True
james_stein,BZ=F,2026-08-06,82.48999786376953,7,2026-08-17,82.49166569282598,92.2531308113957,73.76307827090439,18.49005254049132,0.9,90.87000274658203,8.378337053756056,9.22013513867886,True
james_stein,BZ=F,2026-08-07,83.55000305175781,0,2026-08-07,83.55000305175781,83.55000305175781,83.55000305175781,0.0,0.9,83.55000305175781,0.0,0.0,True
james_stein,BZ=F,2026-08-07,83.55000305175781,1,2026-08-10,83.55487570386583,87.16198165656083,80.09704599646358,7.064935660097248,0.9,87.72000122070312,4.165125516837293,4.748205037478118,False
james_stein,BZ=F,2026-08-07,83.55000305175781,2,2026-08-11,83.55974864014789,88.706498410595,78.71161321785132,9.99488519274368,0.9,88.91000366210938,5.3502550219614875,6.017607470014757,False
james_stein,BZ=F,2026-08-07,83.55000305175781,3,2026-08-12,83.56462186062045,89.91140020443174,77.66585784262193,12.245542361809811,0.9,88.9800033569336,5.415381496313145,6.086065736129422,True
james_stein,BZ=F,2026-08-07,83.55000305175781,4,2026-08-13,83.56949536530016,90.94071736927646,76.7957495568466,14.144967812429854,0.9,87.06999969482422,3.5005043295240625,4.020333457899559,True
james_stein,BZ=F,2026-08-07,83.55000305175781,5,2026-08-14,83.5743691542036,91.8579610416818,76.03777724125298,15.820183800428822,0.9,88.5199966430664,4.945627488862812,5.5870172575861625,True
james_stein,BZ=F,2026-08-07,83.55000305175781,6,2026-08-17,83.57924322734739,92.69569152860582,75.35938060616742,17.3363109224384,0.9,90.87000274658203,7.290759519234641,8.023285241409189,True
james_stein,BZ=F,2026-08-07,83.55000305175781,7,2026-08-18,83.584117584748,93.47324410815332,74.74122439077291,18.73201971738041,0.9,91.0199966430664,7.435879058318406,8.169500475239632,True
james_stein,BZ=F,2026-08-10,87.72000122070312,0,2026-08-10,87.72000122070312,87.72000122070312,87.72000122070312,0.0,0.9,87.72000122070312,0.0,0.0,True
james_stein,BZ=F,2026-08-10,87.72000122070312,1,2026-08-11,87.7365159097664,91.52614291954126,84.10379787064312,7.422345048898137,0.9,88.91000366210938,1.1734877523429788,1.3198602002117361,True
james_stein,BZ=F,2026-08-10,87.72000122070312,2,2026-08-12,87.7530337079832,93.16093861013755,82.65905260122052,10.501886008917026,0.9,88.9800033569336,1.2269696489503872,1.3789274024058327,True
james_stein,BZ=F,2026-08-10,87.72000122070312,3,2026-08-13,87.769554615939,94.43926983207093,81.57088392549436,12.868385906576577,0.9,87.06999969482422,-0.6995549211147818,0.8034396733279948,True
james_stein,BZ=F,2026-08-10,87.72000122070312,4,2026-08-14,87.7860786342191,95.53339305532346,80.66703542614172,14.866357629181735,0.9,88.5199966430664,0.7339180088473114,0.8290985502480785,True
james_stein,BZ=F,2026-08-10,87.72000122070312,5,2026-08-17,87.80260576340915,96.50999512053674,79.88082031520233,16.629174805334415,0.9,90.87000274658203,3.067396983172884,3.375588082380971,True
james_stein,BZ=F,2026-08-10,87.72000122070312,6,2026-08-18,87.8191360040948,97.40325984150991,79.17805483157994,18.225205009929965,0.9,91.0199966430664,3.200860638971605,3.5166565117813984,True
james_stein,BZ=F,2026-08-10,87.72000122070312,7,2026-08-19,87.83566935686189,98.23348391943135,78.5384423268109,19.695041592620456,0.9,91.62000274658203,3.784333389720146,4.130466356989194,True
james_stein,BZ=F,2026-08-11,88.91000366210938,0,2026-08-11,88.91000366210938,88.91000366210938,88.91000366210938,0.0,0.9,88.91000366210938,0.0,0.0,True
james_stein,BZ=F,2026-08-11,88.91000366210938,1,2026-08-12,88.93168189166856,92.77234871357435,85.25001418794217,7.522334525632175,0.9,88.9800033569336,0.048321465265033225,0.054305982739961164,True
james_stein,BZ=F,2026-08-11,88.91000366210938,2,2026-08-13,88.95336540686068,94.43440273723273,83.79045123231063,10.6439515049221,0.9,87.06999969482422,-1.8833657120364649,2.16304779905543,True
james_stein,BZ=F,2026-08-11,88.91000366210938,3,2026-08-14,88.97505420897434,95.73533420429013,82.69214639807633,13.043187806213794,0.9,88.5199966430664,-0.45505756590793567,0.5140731847774865,True
james_stein,BZ=F,2026-08-11,88.91000366210938,4,2026-08-17,88.99674829929869,96.84968907330152,81.78055380078798,15.069135272513535,0.9,90.87000274658203,1.873254447283344,2.0614662602217253,True
james_stein,BZ=F,2026-08-11,88.91000366210938,5,2026-08-18,89.01844767912308,97.84503649151239,80.98810436733979,16.8569321241726,0.9,91.0199966430664,2.0015489639433213,2.1990211357536813,True
james_stein,BZ=F,2026-08-11,88.91000366210938,6,2026-08-19,89.04015234973733,98.75601057477736,80.28016405605302,18.47584651872434,0.9,91.62000274658203,2.579850396844705,2.815815672894584,True
james_stein,BZ=F,2026-08-11,88.91000366210938,7,2026-08-20,89.06186231243127,99.60317424860196,79.63617001563382,19.967004232968137,0.9,93.77999877929688,4.718136466865602,5.0310690214118345,True
james_stein,BZ=F,2026-08-12,88.9800033569336,0,2026-08-12,88.9800033569336,88.9800033569336,88.9800033569336,0.0,0.9,88.9800033569336,0.0,0.0,True
james_stein,BZ=F,2026-08-12,88.9800033569336,1,2026-08-13,88.99720521991983,92.83990935237779,85.31355310671326,7.52635624566453,0.9,87.06999969482422,-1.9272055250956157,2.213397877397921,True
james_stein,BZ=F,2026-08-12,88.9800033569336,2,2026-08-14,89.01441040841833,94.49806846941581,83.84896526136708,10.649103208048729,0.9,88.5199966430664,-0.49441376535192205,0.5585334208105718,True
james_stein,BZ=F,2026-08-12,88.9800033569336,3,2026-08-17,89.03161892307197,95.79478046555623,82.74594011845133,13.0488403471049,0.9,90.87000274658203,1.838383823510057,2.023092074330553,True
james_stein,BZ=F,2026-08-12,88.9800033569336,4,2026-08-18,89.04883076452369,96.90471296832042,81.82981010553237,15.07490286278805,0.9,91.0199966430664,1.9711658785427204,2.1656404649987175,True
james_stein,BZ=F,2026-08-12,88.9800033569336,5,2026-08-19,89.06604593341679,97.8954859130058,81.03295534242412,16.862530570581683,0.9,91.62000274658203,2.553956813165243,2.7875537400161456,True
james_stein,BZ=F,2026-08-12,88.9800033569336,6,2026-08-20,89.08326443039445,98.80176124721231,80.32071393666062,18.481047310551688,0.9,93.77999877929688,4.6967343489024245,5.008247398206715,True
james_stein,BZ=F,2026-08-12,88.9800033569336,7,2026-08-21,89.1004862561001,99.64411946481619,79.67250544952294,19.97161401529324,0.9,94.38999938964844,5.28951313354834,5.60389147976669,True
james_stein,BZ=F,2026-08-13,87.06999969482422,0,2026-08-13,87.06999969482422,87.06999969482422,87.06999969482422,0.0,0.9,87.06999969482422,0.0,0.0,True
james_stein,BZ=F,2026-08-13,87.06999969482422,1,2026-08-14,87.08567091816299,90.84563013502229,83.4813305603664,7.364299574655888,0.9,88.5199966430664,1.4343257249034167,1.6203409165128617,True
james_stein,BZ=F,2026-08-13,87.06999969482422,2,2026-08-17,87.10134496207414,92.46684930420865,82.04718070627426,10.41966859793439,0.9,90.87000274658203,3.7686577845078943,4.147306779573799,True
james_stein,BZ=F,2026-08-13,87.06999969482422,3,2026-08-18,87.11702182706544,93.73437008615022,80.96683729822996,12.76753278792026,0.9,91.0199966430664,3.902974816000963,4.288041045866462,True
james_stein,BZ=F,2026-08-13,87.06999969482422,4,2026-08-19,87.13270151364453,94.81910651447942,80.06938635206939,14.749720162410028,0.9,91.62000274658203,4.487301232937497,4.897730952212726,True
james_stein,BZ=F,2026-08-13,87.06999969482422,5,2026-08-20,87.14838402231936,95.78722633151934,79.28866017495825,16.498566156561083,0.9,93.77999877929688,6.631614756977513,7.071459632436598,True
james_stein,BZ=F,2026-08-13,87.06999969482422,6,2026-08-21,87.16406935359782,96.67264755709216,78.59074079658257,18.081906760509597,0.9,94.38999938964844,7.225930036050613,7.655397905260572,True
james_stein,BZ=F,2026-08-13,87.06999969482422,7,2026-08-24,87.17975750798784,97.49550924912663,77.95548920854165,19.540020040584977,0.9,92.16999816894531,4.990240660957468,5.414170294123779,True
james_stein,BZ=F,2026-08-14,88.5199966430664,0,2026-08-14,88.5199966430664,88.5199966430664,88.5199966430664,0.0,0.9,88.5199966430664,0.0,0.0,True
james_stein,BZ=F,2026-08-14,88.5199966430664,1,2026-08-17,88.54492163388552,92.36741194263958,84.8806194983542,7.486792444285371,0.9,90.87000274658203,2.325081112696509,2.5586893830967385,True
james_stein,BZ=F,2026-08-14,88.5199966430664,2,2026-08-18,88.56985364295117,94.02513873072895,83.43108109416744,10.594057636561516,0.9,91.0199966430664,2.450143000115233,2.691873314084413,True
james_stein,BZ=F,2026-08-14,88.5199966430664,3,2026-08-19,88.59479267223969,95.3235465181581,82.34101200947218,12.982534508685916,0.9,91.62000274658203,3.02521007434234,3.301910045462423,True
james_stein,BZ=F,2026-08-14,88.5199966430664,4,2026-08-20,88.6197387237277,96.43633565966563,81.43671197936716,14.99962368029847,0.9,93.77999877929688,5.160260055569168,5.502516658923609,True
james_stein,BZ=F,2026-08-14,88.5199966430664,5,2026-08-21,88.6446917993924,97.43074524206214,80.65094200692737,16.77980323513478,0.9,94.38999938964844,5.745307590256033,6.0867757468023775,True
james_stein,BZ=F,2026-08-14,88.5199966430664,6,2026-08-24,88.6696519012118,98.34123887739753,79.94923857003721,18.39200030736032,0.9,92.16999816894531,3.5003462677335193,3.7977067779880733,True
james_stein,BZ=F,2026-08-14,88.5199966430664,7,2026-08-25,88.69461903116418,99.18827749214768,79.31114083220295,19.877136659944725,0.9,88.58000183105469,-0.1146172001094925,0.1293939915784802,True
james_stein,BZ=F,2026-08-17,90.87000274658203,0,2026-08-17,90.87000274658203,90.87000274658203,90.87000274658203,0.0,0.9,90.87000274658203,0.0,0.0,True
james_stein,BZ=F,2026-08-17,90.87000274658203,1,2026-08-18,90.90151647557188,94.82575607963284,87.13967638306502,7.686079696567816,0.9,91.0199966430664,0.11848016749452484,0.130169382404114,True
james_stein,BZ=F,2026-08-17,90.87000274658203,2,2026-08-19,90.9330411335271,96.53390358626083,85.65713871088695,10.87676487537388,0.9,91.62000274658203,0.6869616130549332,0.7497943598135953,True
james_stein,BZ=F,2026-08-17,90.87000274658203,3,2026-08-20,90.96457672423787,97.87334181623544,84.54349330541771,13.329848510817726,0.9,93.77999877929688,2.8154220550590026,3.002156207833672,True
james_stein,BZ=F,2026-08-17,90.87000274658203,4,2026-08-21,90.99612325149569,99.02235750459462,83.6204535568363,15.401903947758328,0.9,94.38999938964844,3.3938761381527485,3.595588685346414,True
james_stein,BZ=F,2026-08-17,90.87000274658203,5,2026-08-24,91.02768071909334,100.0499602804295,82.81900996134634,17.230950319083163,0.9,92.16999816894531,1.1423174498519728,1.2393593062225448,True
james_stein,BZ=F,2026-08-17,90.87000274658203,6,2026-08-25,91.05924913082492,100.99151889672412,82.10379389133638,18.887725005387736,0.9,88.58000183105469,-2.479247299770236,2.7988792600149313,True
james_stein,BZ=F,2026-08-17,90.87000274658203,7,2026-08-26,91.09082849048588,101.86803029347922,81.45380853225603,20.41422176122319,0.9,87.83999633789062,-3.250832152595251,3.700856430014414,True
james_stein,BZ=F,2026-08-18,91.0199966430664,0,2026-08-18,91.0199966430664,91.0199966430664,91.0199966430664,0.0,0.9,91.0199966430664,0.0,0.0,True
james_stein,BZ=F,2026-08-18,91.0199966430664,1,2026-08-19,91.0514346554427,94.98133914976145,87.28413209401644,7.697207055745011,0.9,91.62000274658203,0.5685680911393263,0.6205720083986106,True
james_stein,BZ=F,2026-08-18,91.0199966430664,2,2026-08-20,91.08288352640673,96.69181327376637,85.79931837658279,10.892494897183582,0.9,93.77999877929688,2.6971152528901428,2.8760026530151386,True
james_stein,BZ=F,2026-08-18,91.0199966430664,3,2026-08-21,91.11434325970912,98.03304024917252,84.6839343811759,13.349105867996613,0.9,94.38999938964844,3.275656129939321,3.4703423573690113,True
james_stein,BZ=F,2026-08-18,91.0199966430664,4,2026-08-24,91.14581385910154,99.1835657930065,83.75943451534746,15.42413127765903,0.9,92.16999816894531,1.0241843098437755,1.1111905502769688,True
james_stein,BZ=F,2026-08-18,91.0199966430664,5,2026-08-25,91.17729532833725,100.21249989182051,82.95670891720138,17.25579097461913,0.9,88.58000183105469,-2.597293497282564,2.932144325573942,True
james_stein,BZ=F,2026-08-18,91.0199966430664,6,2026-08-26,91.2087876711705,101.15526278876196,82.24033746832285,18.91492532043911,0.9,87.83999633789062,-3.368791333279873,3.8351451203632534,True
james_stein,BZ=F,2026-08-18,91.0199966430664,7,2026-08-27,91.24029089135718,102.03288202326686,81.58929275408636,20.443589269180507,0.9,89.69999694824219,-1.540293943114989,1.717161644948276,True
james_stein,BZ=F,2026-08-19,91.62000274658203,0,2026-08-19,91.62000274658203,91.62000274658203,91.62000274658203,0.0,0.9,91.62000274658203,0.0,0.0,True
james_stein,BZ=F,2026-08-19,91.62000274658203,1,2026-08-20,91.64863455955529,95.60354964701081,87.85732588009125,7.746223766919556,0.9,93.77999877929688,2.1313642197415845,2.2727279243813663,True
james_stein,BZ=F,2026-08-19,91.62000274658203,2,2026-08-21,91.67727532014578,97.32170615937473,86.36020823928195,10.961497920092782,0.9,94.38999938964844,2.7127240695026558,2.87395284144917,True
james_stein,BZ=F,2026-08-19,91.62000274658203,3,2026-08-24,91.70592503114968,98.66817516188975,85.2349470538011,13.433228108088656,0.9,92.16999816894531,0.4640731377956371,0.5034969588965409,True
james_stein,BZ=F,2026-08-19,91.62000274658203,4,2026-08-25,91.73458369536404,99.82265837042677,84.30184071570295,15.520817654723814,0.9,88.58000183105469,-3.1545818643093497,3.56127997189023,True
james_stein,BZ=F,2026-08-19,91.62000274658203,5,2026-08-26,91.76325131558679,100.85471569170306,83.49132942625768,17.363386265445385,0.9,87.83999633789062,-3.9232549776961605,4.466365142599427,True
james_stein,BZ=F,2026-08-19,91.62000274658203,6,2026-08-27,91.79192789461675,101.79999916286619,82.7677612563675,19.03223790649868,0.9,89.69999694824219,-2.0919309463745606,2.3321416026152444,True
james_stein,BZ=F,2026-08-19,91.62000274658203,7,2026-08-28,91.82061343525359,102.67967462577502,82.10997047228554,20.569704153489482,0.9,89.30999755859375,-2.510615876659841,2.8111252326624436,True
james_stein,BZ=F,2026-08-20,93.77999877929688,0,2026-08-20,93.77999877929688,93.77999877929688,93.77999877929688,0.0,0.9,93.77999877929688,0.0,0.0,True
james_stein,BZ=F,2026-08-20,93.77999877929688,1,2026-08-21,93.80283658335675,97.85054806192608,89.92256380123062,7.927984260695453,0.9,94.38999938964844,0.5871628062916869,0.6220603984409813,True
james_stein,BZ=F,2026-08-20,93.77999877929688,2,2026-08-24,93.82567994900023,99.60214882819135,88.38421983322266,11.217928994968688,0.9,92.16999816894531,-1.6556817800549197,1.7963348301473288,True
james_stein,BZ=F,2026-08-20,93.77999877929688,3,2026-08-25,93.84852887758153,100.97315101597944,87.22661701517487,13.746534000804573,0.9,88.58000183105469,-5.268527046526842,5.947761275254098,True
james_stein,BZ=F,2026-08-20,93.77999877929688,4,2026-08-26,93.87138337045543,102.14751361442526,86.26579643577941,15.881717178645857,0.9,87.83999633789062,-6.031387032564808,6.866333428981612,True
james_stein,BZ=F,2026-08-20,93.77999877929688,5,2026-08-27,93.89424342897706,103.19644974431634,85.43054505211367,17.765904692202668,0.9,89.69999694824219,-4.194246480734876,4.675860226790196,True
james_stein,BZ=F,2026-08-20,93.77999877929688,6,2026-08-28,93.91710905450165,104.15646135280589,84.6843609949268,19.472100357879086,0.9,89.30999755859375,-4.607111495907901,5.1585618876378385,True
james_stein,BZ=F,2026-08-20,93.77999877929688,7,2026-08-31,93.93998024838497,105.04922034884535,84.00557243320802,21.043647915637337,0.9,90.48999786376953,-3.4499823846154385,3.812556598585959,True
james_stein,BZ=F,2026-08-21,94.38999938964844,0,2026-08-21,94.38999938964844,94.38999938964844,94.38999938964844,0.0,0.9,94.38999938964844,0.0,0.0,True
james_stein,BZ=F,2026-08-21,94.38999938964844,1,2026-08-24,94.35013276010893,98.42067211284383,90.44794513944883,7.972726973394998,0.9,92.16999816894531,-2.180134591163622,2.3653408207380986,True
james_stein,BZ=F,2026-08-21,94.38999938964844,2,2026-08-25,94.3102829686684,100.11545237436188,88.84172485553329,11.273727518828593,0.9,88.58000183105469,-5.730281137613716,6.469046081691064,False
james_stein,BZ=F,2026-08-21,94.38999938964844,3,2026-08-26,94.2704500082151,101.42569509469145,87.61998363880589,13.805711455885557,0.9,87.83999633789062,-6.430453670324468,7.32064428325873,True
james_stein,BZ=F,2026-08-21,94.38999938964844,4,2026-08-27,94.23063387164024,102.5367940086146,86.59732777587244,15.939466232742163,0.9,89.69999694824219,-4.530636923398049,5.050877455449941,True
james_stein,BZ=F,2026-08-21,94.38999938964844,5,2026-08-28,94.19083455183811,103.52056961274596,85.70193679150107,17.81863282124489,0.9,89.30999755859375,-4.880836993244358,5.465051087972744,True
james_stein,BZ=F,2026-08-21,94.38999938964844,6,2026-08-31,94.15105204170595,104.41386063525387,84.89697197890099,19.516888656352876,0.9,90.48999786376953,-3.661054177936421,4.045810878952665,True
james_stein,BZ=F,2026-08-21,94.38999938964844,7,2026-09-01,94.11128633414401,105.23855377528164,84.16054666030152,21.078007114980124,0.9,94.6500015258789,0.5387151917348945,0.5691655394084707,True
james_stein,BZ=F,2026-08-24,92.16999816894531,0,2026-08-24,92.16999816894531,92.16999816894531,92.16999816894531,0.0,0.9,92.16999816894531,0.0,0.0,True
james_stein,BZ=F,2026-08-24,92.16999816894531,1,2026-08-25,92.13834311357637,96.11336118467958,88.3277222550026,7.785638929676978,0.9,88.58000183105469,-3.558341282521681,4.017093259162912,True
james_stein,BZ=F,2026-08-24,92.16999816894531,2,2026-08-26,92.10669892988525,97.77608772449157,86.76604050333145,11.010047221160121,0.9,87.83999633789062,-4.26670259199463,4.8573574338301135,True
james_stein,BZ=F,2026-08-24,92.16999816894531,3,2026-08-27,92.07506561413831,99.063502901955,85.5796278094318,13.483875092523206,0.9,89.69999694824219,-2.375068665896123,2.6477912449278698,True
james_stein,BZ=F,2026-08-24,92.16999816894531,4,2026-08-28,92.04344316260295,100.15660396889427,84.58748693055205,15.569117038342227,0.9,89.30999755859375,-2.733445604009205,3.060626669725155,True
james_stein,BZ=F,2026-08-24,92.16999816894531,5,2026-08-31,92.01183157154796,101.12550218959782,83.71950661147642,17.405995578121406,0.9,90.48999786376953,-1.521833707778427,1.6817700781356082,True
james_stein,BZ=F,2026-08-24,92.16999816894531,6,2026-09-01,91.98023083724327,102.0061566021362,82.93972782320652,19.066428778929676,0.9,94.6500015258789,2.669770688635637,2.8206768574701786,True
james_stein,BZ=F,2026-08-24,92.16999816894531,7,2026-09-02,91.94864095596041,102.81992952180534,82.22678825951868,20.59314126228665,0.9,95.62999725341797,3.6813562974575547,3.8495831885281966,True
james_stein,BZ=F,2026-08-25,88.58000183105469,0,2026-08-25,88.58000183105469,88.58000183105469,88.58000183105469,0.0,0.9,88.58000183105469,0.0,0.0,True
james_stein,BZ=F,2026-08-25,88.58000183105469,1,2026-08-26,88.5961918877488,92.41951539648007,84.93103630047553,7.488479096004539,0.9,87.83999633789062,-0.7561955498581767,0.8608783941080204,True
james_stein,BZ=F,2026-08-25,88.58000183105469,2,2026-08-27,88.61238490355254,94.06830298003783,83.47290755273481,10.595395427303018,0.9,89.69999694824219,1.0876120446896493,1.2124995336590842,True
james_stein,BZ=F,2026-08-25,88.58000183105469,3,2026-08-28,88.62858087900675,95.35743445398116,82.37454576672177,12.98288868725939,0.9,89.30999755859375,0.6814166795870022,0.7629791716654613,True
james_stein,BZ=F,2026-08-25,88.58000183105469,4,2026-08-31,88.64477981465238,96.46070446984496,81.46215634206462,14.998548127780339,0.9,90.48999786376953,1.8452180491171504,2.0391403389080422,True
james_stein,BZ=F,2026-08-25,88.58000183105469,5,2026-09-01,88.66098171103046,97.44539579192158,80.6684565656549,16.776939226266677,0.9,94.6500015258789,5.989019814848447,6.327543283991336,True
james_stein,BZ=F,2026-08-25,88.58000183105469,6,2026-09-02,88.67718656868213,98.34599791889464,79.95895699001356,18.387040928881078,0.9,95.62999725341797,6.952810684735837,7.2705331845937415,True
james_stein,BZ=F,2026-08-25,88.58000183105469,7,2026-09-03,88.69339438814866,99.18298917669306,79.31317934043702,19.86980983625604,0.9,95.5199966430664,6.826602254917745,7.146778156229419,True
james_stein,BZ=F,2026-08-26,87.83999633789062,0,2026-08-26,87.83999633789062,87.83999633789062,87.83999633789062,0.0,0.9,87.83999633789062,0.0,0.0,True
james_stein,BZ=F,2026-08-26,87.83999633789062,1,2026-08-27,87.85681560951977,91.64754124022059,84.22288197359366,7.424659266626932,0.9,89.69999694824219,1.8431813387224167,2.0548287641369165,True
james_stein,BZ=F,2026-08-26,87.83999633789062,2,2026-08-28,87.87363810163977,93.28307718930493,82.77788968676164,10.505187502543293,0.9,89.30999755859375,1.43635945695398,1.6082851821954482,True
james_stein,BZ=F,2026-08-26,87.83999633789062,3,2026-08-31,87.8904638148671,94.56204414495082,81.68957957118072,12.872464573770102,0.9,90.48999786376953,2.5995340489024272,2.8727308103332723,True
james_stein,BZ=F,2026-08-26,87.83999633789062,4,2026-09-01,87.90729274981872,95.65675085935801,80.7856429282674,14.87110793109062,0.9,94.6500015258789,6.742708776060184,7.123833774283261,True
james_stein,BZ=F,2026-08-26,87.83999633789062,5,2026-09-02,87.92412490711133,96.63390422808844,79.99937291609768,16.634531311990756,0.9,95.62999725341797,7.705872346306634,8.058007495165137,True
james_stein,BZ=F,2026-08-26,87.83999633789062,6,2026-09-03,87.94096028736209,97.52769825467344,79.2965755848012,18.231122669872235,0.9,95.5199966430664,7.579036355704318,7.934502326277524,True
james_stein,BZ=F,2026-08-26,87.83999633789062,7,2026-09-04,87.95779889118798,98.35843563797539,78.6569482891983,19.701487348777093,0.9,96.27999877929688,8.322199888108898,8.643747396783748,True
james_stein,BZ=F,2026-08-27,89.69999694824219,0,2026-08-27,89.69999694824219,89.69999694824219,89.69999694824219,0.0,0.9,89.69999694824219,0.0,0.0,True
james_stein,BZ=F,2026-08-27,89.69999694824219,1,2026-08-28,89.71508210242246,93.5857066744965,86.00454324333076,7.5811634311657485,0.9,89.30999755859375,-0.40508454382870696,0.4535713300887087,True
james_stein,BZ=F,2026-08-27,89.69999694824219,2,2026-08-31,89.73016979352451,95.25349406639685,84.52711840221214,10.726375664184715,0.9,90.48999786376953,0.7598280702450211,0.8396818302382144,True
james_stein,BZ=F,2026-08-27,89.69999694824219,3,2026-09-01,89.7452600219749,96.5571354504121,83.41394614537016,13.143189305041943,0.9,94.6500015258789,4.904741503904006,5.181977205317812,True
james_stein,BZ=F,2026-08-27,89.69999694824219,4,2026-09-02,89.76035278820052,97.67258484553676,82.48907250078153,15.18351234475523,0.9,95.62999725341797,5.869644465217448,6.137869532363347,True
james_stein,BZ=F,2026-08-27,89.69999694824219,5,2026-09-03,89.77544809262808,98.6679620763184,81.68437769088752,16.983584385430888,0.9,95.5199966430664,5.744548550438324,6.01397482445924,True
james_stein,BZ=F,2026-08-27,89.69999694824219,6,2026-09-04,89.79054593568442,99.5781862519843,80.96494265346789,18.61324359851642,0.9,96.27999877929688,6.489452843612455,6.740187916379455,True
james_stein,BZ=F,2026-08-27,89.69999694824219,7,2026-09-07,89.8056463177964,100.4239910892612,80.31003371882092,20.113957370440275,0.9,,,,
james_stein,BZ=F,2026-08-28,89.30999755859375,0,2026-08-28,89.30999755859375,89.30999755859375,89.30999755859375,0.0,0.9,89.30999755859375,0.0,0.0,True
james_stein,BZ=F,2026-08-28,89.30999755859375,1,2026-08-31,89.32967283741911,93.18290410356165,85.63577757108483,7.547126532476824,0.9,90.48999786376953,1.1603250263504208,1.2822688183695856,True
james_stein,BZ=F,2026-08-28,89.30999755859375,2,2026-09-01,89.34935245077155,94.84813380673238,84.16936067123268,10.678773135499696,0.9,94.6500015258789,5.3006490751073585,5.60026306355428,True
james_stein,BZ=F,2026-08-28,89.30999755859375,3,2026-09-02,89.36903639960583,96.15098764373474,83.06544594827673,13.085541695458005,0.9,95.62999725341797,6.260960853812136,6.547067900902151,True
james_stein,BZ=F,2026-08-28,89.30999755859375,4,2026-09-03,89.38872468487723,97.2666004385423,82.14889864314178,15.11770179540052,0.9,95.5199966430664,6.131271958189174,6.418836027706487,True
james_stein,BZ=F,2026-08-28,89.30999755859375,5,2026-09-04,89.40841730754093,98.26277106512157,81.3519199467886,16.91085111833297,0.9,96.27999877929688,6.871581471755945,7.137080970999706,True
james_stein,BZ=F,2026-08-28,89.30999755859375,6,2026-09-07,89.42811426855263,99.17425225371852,80.63975719392879,18.534495059789734,0.9,,,,
james_stein,BZ=F,2026-08-28,89.30999755859375,7,2026-09-08,89.44781556886791,100.02167785401583,79.9917765998661,20.029901254149735,0.9,97.91999816894531,8.472182600077403,8.652147424941742,True
james_stein,BZ=F,2026-08-31,90.48999786376953,0,2026-08-31,90.48999786376953,90.48999786376953,90.48999786376953,0.0,0.9,90.48999786376953,0.0,0.0,True
james_stein,BZ=F,2026-08-31,90.48999786376953,1,2026-09-01,90.51578130595674,94.41957508385303,86.77339056177253,7.646184522080503,0.9,94.6500015258789,4.13422021992217,4.367902961725579,False
james_stein,BZ=F,2026-08-31,90.48999786376953,2,2026-09-02,90.54157209465629,96.11286154692955,85.2932286629409,10.819632883988646,0.9,95.62999725341797,5.08842515876168,5.320950857373168,True
james_stein,BZ=F,2026-08-31,90.48999786376953,3,2026-09-03,90.56737023196149,97.43918661369197,84.18018289964452,13.259003714047452,0.9,95.5199966430664,4.952626411104916,5.184910579102723,True
james_stein,BZ=F,2026-08-31,90.48999786376953,4,2026-09-04,90.59317571996611,98.5759470916,83.2568565575366,15.319090534063406,0.9,96.27999877929688,5.686823059330763,5.90654666746174,True
james_stein,BZ=F,2026-08-31,90.48999786376953,5,2026-09-07,90.61898856076475,99.59181275136993,82.45457995906452,17.13723279230541,0.9,,,,
james_stein,BZ=F,2026-08-31,90.48999786376953,6,2026-09-08,90.64480875645238,100.52198040630824,81.73815638413548,18.783824022172766,0.9,97.91999816894531,7.275189412492935,7.429727888618583,True
james_stein,BZ=F,2026-08-31,90.48999786376953,7,2026-09-09,90.67063630912463,101.38734622372057,81.08668975870805,20.300656465012523,0.9,101.20999908447266,10.539362775348025,10.41336120016322,True
james_stein,BZ=F,2026-09-01,94.6500015258789,0,2026-09-01,94.6500015258789,94.6500015258789,94.6500015258789,0.0,0.9,94.6500015258789,0.0,0.0,True
james_stein,BZ=F,2026-09-01,94.6500015258789,1,2026-09-02,94.72798970204323,98.81514717300007,90.80988380536735,8.005263367632722,0.9,95.62999725341797,0.9020075513747372,0.9432265787736368,True
james_stein,BZ=F,2026-09-01,94.6500015258789,2,2026-09-03,94.80604213764249,100.64218301571624,89.30833330990896,11.333849705807282,0.9,95.5199966430664,0.7139545054239136,0.74743983512874,True
james_stein,BZ=F,2026-09-01,94.6500015258789,3,2026-09-04,94.88415888562429,102.08655117402247,88.18990850308353,13.896642670938945,0.9,96.27999877929688,1.395839893672587,1.4497714077378396,True
james_stein,BZ=F,2026-09-01,94.6500015258789,4,2026-09-07,94.96233999897954,103.33365939553165,87.26920222155356,16.0644571739781,0.9,,,,
james_stein,BZ=F,2026-09-01,94.6500015258789,5,2026-09-08,95.04058553074314,104.4552371896627,86.47448554087833,17.980751648784363,0.9,97.91999816894531,2.8794126382021688,2.940576687138211,True
james_stein,BZ=F,2026-09-01,94.6500015258789,6,2026-09-09,95.11889553399337,105.48802961626616,85.76901398688757,19.71901562937859,0.9,101.20999908447266,6.091103550479289,6.018282388675338,True
james_stein,BZ=F,2026-09-01,94.6500015258789,7,2026-09-10,95.19727006185255,106.45384046807393,85.13098435323417,21.322856114839766,0.9,107.62999725341797,12.43272719156542,11.551358830096595,False
james_stein,BZ=F,2026-09-02,95.62999725341797,0,2026-09-02,95.62999725341797,95.62999725341797,95.62999725341797,0.0,0.9,95.62999725341797,0.0,0.0,True
james_stein,BZ=F,2026-09-02,95.62999725341797,1,2026-09-03,95.72439548407799,99.8538260002029,91.76573655548813,8.088089444714768,0.9,95.5199966430664,-0.20439884101158157,0.2139853938389124,True
james_stein,BZ=F,2026-09-02,95.62999725341797,2,2026-09-04,95.81888689706801,101.71634269646061,90.26336223660338,11.45298045985723,0.9,96.27999877929688,0.4611118822288631,0.4789280100489741,True
james_stein,BZ=F,2026-09-02,95.62999725341797,3,2026-09-07,95.91347158436992,103.19271070635419,89.14771177533642,14.044998931017773,0.9,,,,
james_stein,BZ=F,2026-09-02,95.62999725341797,4,2026-09-08,96.00814963805679,104.47015878048462,88.23155726499553,16.238601515489094,0.9,97.91999816894531,1.9118485308885198,1.9524597290023746,True
james_stein,BZ=F,2026-09-02,95.62999725341797,5,2026-09-09,96.10292115029223,105.6211084729225,87.44247799659297,18.17863047632953,0.9,101.20999908447266,5.107077934180424,5.04602112476843,True
james_stein,BZ=F,2026-09-02,95.62999725341797,6,2026-09-10,96.19778621333114,106.6826533480363,86.74338125201965,19.93927209601665,0.9,107.62999725341797,11.432211040086827,10.621770260914671,False
james_stein,BZ=F,2026-09-02,95.62999725341797,7,2026-09-11,96.2927449195192,107.67680054475233,86.11226073978548,21.56453980496684,0.9,104.61000061035156,8.317255690832368,7.950727121981628,True
james_stein,BZ=F,2026-09-03,95.5199966430664,0,2026-09-03,95.5199966430664,95.5199966430664,95.5199966430664,0.0,0.9,95.5199966430664,0.0,0.0,True
james_stein,BZ=F,2026-09-03,95.5199966430664,1,2026-09-04,95.56031252294612,99.68182259528366,91.60921311159083,8.07260948369283,0.9,96.27999877929688,0.7196862563507551,0.7474930052715264,True
james_stein,BZ=F,2026-09-03,95.5199966430664,2,2026-09-07,95.60064541884569,101.48345645263146,90.05885022024074,11.424606232390715,0.9,,,,
james_stein,BZ=F,2026-09-03,95.5199966430664,3,2026-09-08,95.64099533794722,102.89804955498312,88.89575680776608,14.00229274721704,0.9,97.91999816894531,2.2790028309980954,2.327413065374082,True
james_stein,BZ=F,2026-09-03,95.5199966430664,4,2026-09-09,95.68136228743549,104.11280980651121,87.93272514874471,16.1800846577665,0.9,101.20999908447266,5.528636797037166,5.4625401116966845,True
james_stein,BZ=F,2026-09-03,95.5199966430664,5,2026-09-10,95.72174627449864,105.20019415664848,87.09729847262291,18.10289568402557,0.9,107.62999725341797,11.908250978919327,11.064063256343863,False
james_stein,BZ=F,2026-09-03,95.5199966430664,6,2026-09-11,95.76214730632758,106.19733535065548,86.35234421314676,19.844991137508714,0.9,104.61000061035156,8.847853304023985,8.45794212063933,True
james_stein,BZ=F,2026-09-03,95.5199966430664,7,2026-09-14,95.80256539011626,107.12627590094326,85.67582003703994,21.450455863903315,0.9,105.68000030517578,9.877434915059524,9.346550801037202,True
james_stein,BZ=F,2026-09-04,96.27999877929688,0,2026-09-04,96.27999877929688,96.27999877929688,96.27999877929688,0.0,0.9,96.27999877929688,0.0,0.0,True
james_stein,BZ=F,2026-09-04,96.27999877929688,1,2026-09-07,96.31774634290771,100.4711486872014,92.33604255346276,8.135106133738645,0.9,,,,
james_stein,BZ=F,2026-09-04,96.27999877929688,2,2026-09-08,96.35550870583903,102.28365351136138,90.77094666871413,11.512706842647248,0.9,97.91999816894531,1.564489463106284,1.597722112297232,True
james_stein,BZ=F,2026-09-04,96.27999877929688,3,2026-09-09,96.39328587389295,103.70603545329735,89.59618908342544,14.109846369871903,0.9,101.20999908447266,4.816713210579707,4.75912780767792,True
james_stein,BZ=F,2026-09-04,96.27999877929688,4,2026-09-10,96.4310778528742,104.92696993607379,88.623094534536,16.303875401537795,0.9,107.62999725341797,11.198919400543772,10.405016897078971,False
james_stein,BZ=F,2026-09-04,96.27999877929688,5,2026-09-11,96.46888464858942,106.01948425435552,87.77863588749281,18.240848366862707,0.9,104.61000061035156,8.14111596176214,7.782349597803696,True
james_stein,BZ=F,2026-09-04,96.27999877929688,6,2026-09-14,96.50670626684769,107.02100459054795,87.02538712011106,19.995617470436883,0.9,105.68000030517578,9.173294038328095,8.680255499468261,True
james_stein,BZ=F,2026-09-04,96.27999877929688,7,2026-09-15,96.54454271346025,107.9537483089993,86.34113102837152,21.612617280627774,0.9,108.75,12.205457286539755,11.223408999117016,False
james_stein,BZ=F,2026-09-08,97.91999816894531,0,2026-09-08,97.91999816894531,97.91999816894531,97.91999816894531,0.0,0.9,97.91999816894531,0.0,0.0,True
james_stein,BZ=F,2026-09-08,97.91999816894531,1,2026-09-09,97.95583237715931,102.1793685023843,93.90687413064438,8.272494371739924,0.9,101.20999908447266,3.2541667073133453,3.2152620657543216,True
james_stein,BZ=F,2026-09-08,97.91999816894531,2,2026-09-10,97.99167969904262,104.01976277158448,92.31293202740203,11.706830744182454,0.9,107.62999725341797,9.638317554375348,8.95504766360037,False
james_stein,BZ=F,2026-09-08,97.91999816894531,3,2026-09-11,98.02754013939428,105.46337002309667,91.11598295859577,14.347387064500907,0.9,104.61000061035156,6.582460470957287,6.292381638994013,True
james_stein,BZ=F,2026-09-08,97.91999816894531,4,2026-09-14,98.06341370301503,106.70206817258244,90.12414915458649,16.577919017995953,0.9,105.68000030517578,7.616586602160751,7.207216673132165,True
james_stein,BZ=F,2026-09-08,97.91999816894531,5,2026-09-15,98.0993003947074,107.81012613244218,89.26316184909042,18.546964283351755,0.9,108.75,10.650699605292601,9.79374676348745,False
james_stein,BZ=F,2026-09-08,97.91999816894531,6,2026-09-16,98.13520021927565,108.82560742372948,88.49495766726481,20.330649756464666,0.9,105.83000183105469,7.694801611779042,7.270907567461729,True
james_stein,BZ=F,2026-09-08,97.91999816894531,7,2026-09-17,98.17111318152581,109.77110834269949,87.79694045915964,21.97416788353985,0.9,104.81999969482422,6.648886513298407,6.3431468542798655,True
james_stein,BZ=F,2026-09-09,101.20999908447266,0,2026-09-09,101.20999908447266,101.20999908447266,101.20999908447266,0.0,0.9,101.20999908447266,0.0,0.0,True
james_stein,BZ=F,2026-09-09,101.20999908447266,1,2026-09-10,101.2583688899491,105.62485994019508,97.07238689886469,8.552473041330387,0.9,107.62999725341797,6.371628363468872,5.919937309360593,False
james_stein,BZ=F,2026-09-09,101.20999908447266,2,2026-09-11,101.30676181209489,107.53958315882532,95.43518477001165,12.104398388813678,0.9,104.61000061035156,3.3032387982566718,3.1576701835233556,True
james_stein,BZ=F,2026-09-09,101.20999908447266,3,2026-09-14,101.35517786195781,109.04442595253673,94.20813571801028,14.836290234526444,0.9,105.68000030517578,4.324822443217968,4.092375502203851,True
james_stein,BZ=F,2026-09-09,101.20999908447266,4,2026-09-15,101.40361705059088,110.3376891263308,93.19293917031149,17.14474995601931,0.9,108.75,7.346382949409119,6.755294666123328,True
james_stein,BZ=F,2026-09-09,101.20999908447266,5,2026-09-16,101.45207938905264,111.49611844760642,92.31284959215188,19.183268855454543,0.9,105.83000183105469,4.3779224420020455,4.136749850000844,True
james_stein,BZ=F,2026-09-09,101.20999908447266,6,2026-09-17,101.50056488840667,112.55904236955787,91.52853876315471,21.03050360640316,0.9,104.81999969482422,3.319434806417547,3.16679528342095,True
james_stein,BZ=F,2026-09-09,101.20999908447266,7,2026-09-18,101.54907355972189,113.54980551989199,90.81666228861381,22.733143231278177,0.9,103.87000274658203,2.320929186860141,2.2344556902753276,True
james_stein,BZ=F,2026-09-10,107.62999725341797,0,2026-09-10,107.62999725341797,107.62999725341797,107.62999725341797,0.0,0.9,107.62999725341797,0.0,0.0,True
james_stein,BZ=F,2026-09-10,107.62999725341797,1,2026-09-11,107.6970074733048,112.34559189451114,103.24077004815481,9.10482184635633,0.9,104.61000061035156,-3.0870068629532312,2.9509672545090875,True
james_stein,BZ=F,2026-09-10,107.62999725341797,2,2026-09-14,107.76405941361993,114.4005616664769,101.51254794673987,12.888013719737032,0.9,105.68000030517578,-2.0840591084441513,1.972046841811073,True
james_stein,BZ=F,2026-09-10,107.62999725341797,3,2026-09-15,107.83115310033821,116.01964704539736,100.220590865949,15.799056179448357,0.9,108.75,0.9188468996617871,0.8449166893441721,True
james_stein,BZ=F,2026-09-10,107.62999725341797,4,2026-09-16,107.89828855945093,117.41385779050498,99.15388943978645,18.259968350718523,0.9,105.83000183105469,-2.068286728396245,1.9543481929614106,True
james_stein,BZ=F,2026-09-10,107.62999725341797,5,2026-09-17,107.9654658169655,118.66484559637065,98.23079236729619,20.434053229074465,0.9,104.81999969482422,-3.1454661221412863,3.0008263034717433,True
james_stein,BZ=F,2026-09-10,107.62999725341797,6,2026-09-18,108.03268489890564,119.81444682182126,97.40946368364519,22.40498313817608,0.9,103.87000274658203,-4.162682152323612,4.00758837224599,True
james_stein,BZ=F,2026-09-10,107.62999725341797,7,2026-09-21,108.09994583131095,120.88749119347416,96.66507405658842,24.22241713688574,0.9,100.33999633789062,-7.759949493420322,7.733655348450508,True
james_stein,BZ=F,2026-09-11,104.61000061035156,0,2026-09-11,104.61000061035156,104.61000061035156,104.61000061035156,0.0,0.9,104.61000061035156,0.0,0.0,True
james_stein,BZ=F,2026-09-11,104.61000061035156,1,2026-09-14,104.66584129396544,109.18382665097208,100.33480845833706,8.849018192635015,0.9,105.68000030517578,1.0141590112103387,0.959650840539096,True
james_stein,BZ=F,2026-09-11,104.61000061035156,2,2026-09-15,104.72171178526442,111.17119621162925,98.64638767005374,12.52480854157551,0.9,108.75,4.028288214735582,3.7041730710212253,True
james_stein,BZ=F,2026-09-11,104.61000061035156,3,2026-09-16,104.7776121001596,112.73464941528174,97.38219841328873,15.352451001993003,0.9,105.83000183105469,1.0523897308950865,0.994415300658413,True
james_stein,BZ=F,2026-09-11,104.61000061035156,4,2026-09-17,104.83354225457089,114.07932581526096,96.33710142570551,17.742224389555446,0.9,104.81999969482422,-0.013542559746667848,0.012919824256912824,True
james_stein,BZ=F,2026-09-11,104.61000061035156,5,2026-09-18,104.88950226442668,115.28461310045554,95.43170930965891,19.85290379079663,0.9,103.87000274658203,-1.0194995178446504,0.9815148655882733,True
james_stein,BZ=F,2026-09-11,104.61000061035156,6,2026-09-21,104.94549214566356,116.3911912528262,94.62534237467996,21.765848878146244,0.9,100.33999633789062,-4.6054958077729395,4.589890348674252,True
james_stein,BZ=F,2026-09-11,104.61000061035156,7,2026-09-22,105.00151191422697,117.42320579749263,93.89385538739033,23.529350410102296,0.9,99.25,-5.751511914226967,5.794974220883594,True
james_stein,BZ=F,2026-09-14,105.68000030517578,0,2026-09-14,105.68000030517578,105.68000030517578,105.68000030517578,0.0,0.9,105.68000030517578,0.0,0.0,True
james_stein,BZ=F,2026-09-14,105.68000030517578,1,2026-09-15,105.74156060466548,110.30518412249329,101.3667465229322,8.938437599561084,0.9,108.75,3.00843939533452,2.766381053181168,True
james_stein,BZ=F,2026-09-14,105.68000030517578,2,2026-09-16,105.80315676401963,112.31809757678587,99.66611100743371,12.651986569352161,0.9,105.83000183105469,0.026845067035054626,0.025366216167991434,True
james_stein,BZ=F,2026-09-14,105.68000030517578,3,2026-09-17,105.86478880412697,113.90296474015182,98.3938700288432,15.50909471130862,0.9,104.81999969482422,-1.044789109302755,0.9967459572071955,True
james_stein,BZ=F,2026-09-14,105.68000030517578,4,2026-09-18,105.9264567458887,115.26696589946535,97.34284364286086,17.92412225660449,0.9,103.87000274658203,-2.056453999306669,1.979834355375849,True
james_stein,BZ=F,2026-09-14,105.68000030517578,5,2026-09-21,105.9881606102181,116.49027433707123,96.43285891002924,20.057415427041988,0.9,100.33999633789062,-5.648164272327477,5.629025790779907,True
james_stein,BZ=F,2026-09-14,105.68000030517578,6,2026-09-22,106.04990041804078,117.61397057224467,95.62283565427394,21.991134917970726,0.9,99.25,-6.799900418040778,6.851285055960482,True
james_stein,BZ=F,2026-09-14,105.68000030517578,7,2026-09-23,106.11167619029416,118.66243670320911,94.88839212088531,23.774044582323796,0.9,96.30000305175781,-9.81167313853635,10.188652988165456,True
