method,ticker,as_of_date,as_of_price,step_ahead,forecast_date,predicted_price,upper_corridor,lower_corridor,corridor_width,confidence_level,actual_price,prediction_error,abs_pct_error,within_corridor
historical_bootstrap,BZ=F,2025-09-11,66.37000274658203,0,2025-09-11,66.37000274658203,66.37000274658203,66.37000274658203,0.0,0.9,66.37000274658203,0.0,0.0,True
historical_bootstrap,BZ=F,2025-09-11,66.37000274658203,1,2025-09-12,66.38823765473605,68.29475776718444,64.15416634770466,4.140591419479776,0.9,66.98999786376953,0.6017602090334861,0.8982836665515682,True
historical_bootstrap,BZ=F,2025-09-11,66.37000274658203,2,2025-09-15,66.4363753393657,68.97839286515668,63.035271611075416,5.943121254081262,0.9,67.44000244140625,1.0036271020405536,1.4881777368150793,True
historical_bootstrap,BZ=F,2025-09-11,66.37000274658203,3,2025-09-16,66.46831253608083,69.5052554290177,62.31023571471363,7.195019714304067,0.9,68.47000122070312,2.0016886846222945,2.9234535547474887,True
historical_bootstrap,BZ=F,2025-09-11,66.37000274658203,4,2025-09-17,66.4931410090671,70.15593020774398,62.04007040558886,8.115859802155121,0.9,67.94999694824219,1.4568559391750853,2.1440117801400036,True
historical_bootstrap,BZ=F,2025-09-11,66.37000274658203,5,2025-09-18,66.37000274658203,70.78838234640129,61.42899157934037,9.359390767060923,0.9,67.44000244140625,1.0699996948242188,1.5865949823383594,True
historical_bootstrap,BZ=F,2025-09-11,66.37000274658203,6,2025-09-19,66.31370269657305,70.81133644889775,60.934486615519184,9.876849833378564,0.9,66.68000030517578,0.36629760860273564,0.5493365430808241,True
historical_bootstrap,BZ=F,2025-09-11,66.37000274658203,7,2025-09-22,66.18068409277528,71.12976966251192,60.804843094977315,10.324926567534604,0.9,66.56999969482422,0.38931560204893856,0.5848213967758327,True
historical_bootstrap,BZ=F,2025-09-12,66.98999786376953,0,2025-09-12,66.98999786376953,66.98999786376953,66.98999786376953,0.0,0.9,66.98999786376953,0.0,0.0,True
historical_bootstrap,BZ=F,2025-09-12,66.98999786376953,1,2025-09-15,66.99851450549279,68.92635941327445,64.75346223796828,4.172897175306176,0.9,67.44000244140625,0.44148793591345736,0.6546380781896239,True
historical_bootstrap,BZ=F,2025-09-12,66.98999786376953,2,2025-09-16,67.03732196959297,69.83317919425075,63.7246472506418,6.108531943608945,0.9,68.47000122070312,1.4326792511101587,2.092418906919725,True
historical_bootstrap,BZ=F,2025-09-12,66.98999786376953,3,2025-09-17,67.15327775961718,70.2528307335753,62.93798501108103,7.314845722494262,0.9,67.94999694824219,0.7967191886250049,1.1725080565226065,True
historical_bootstrap,BZ=F,2025-09-12,66.98999786376953,4,2025-09-18,67.15110650428788,70.69347220670845,62.656131474968916,8.037340731739533,0.9,67.44000244140625,0.2888959371183688,0.42837474297153183,True
historical_bootstrap,BZ=F,2025-09-12,66.98999786376953,5,2025-09-19,67.06064897502917,71.5360180972064,62.292893181424546,9.243124915781848,0.9,66.68000030517578,-0.38064866985338597,0.5708588304008144,True
historical_bootstrap,BZ=F,2025-09-12,66.98999786376953,6,2025-09-22,66.90196846784241,71.47351438610931,61.503705880345784,9.969808505763531,0.9,66.56999969482422,-0.3319687730181897,0.4986762423614674,True
historical_bootstrap,BZ=F,2025-09-12,66.98999786376953,7,2025-09-23,66.8807042430942,71.86716388474908,61.42887462740833,10.438289257340749,0.9,67.62999725341797,0.7492930103237683,1.1079299730208099,True
historical_bootstrap,BZ=F,2025-09-15,67.44000244140625,0,2025-09-15,67.44000244140625,67.44000244140625,67.44000244140625,0.0,0.9,67.44000244140625,0.0,0.0,True
historical_bootstrap,BZ=F,2025-09-15,67.44000244140625,1,2025-09-16,67.44919793304823,69.39578785525,65.17843867715264,4.217349178097365,0.9,68.47000122070312,1.0208032876548998,1.490876689726481,True
historical_bootstrap,BZ=F,2025-09-15,67.44000244140625,2,2025-09-17,67.52967964618897,70.31023608464857,64.15271687126472,6.15751921338385,0.9,67.94999694824219,0.4203173020532205,0.6185685370572982,True
historical_bootstrap,BZ=F,2025-09-15,67.44000244140625,3,2025-09-18,67.55406848609367,70.7534070826611,63.510962404979594,7.242444677681505,0.9,67.44000244140625,-0.11406604468741932,0.16913707081568255,True
historical_bootstrap,BZ=F,2025-09-15,67.44000244140625,4,2025-09-19,67.47130871851135,71.19969059973225,63.04698190822492,8.152708691507328,0.9,66.68000030517578,-0.791308413335571,1.186725269517056,True
historical_bootstrap,BZ=F,2025-09-15,67.44000244140625,5,2025-09-22,67.4760963926763,71.92961399282684,62.3288157392016,9.600798253625243,0.9,66.56999969482422,-0.9060966978520781,1.3611186750877013,True
historical_bootstrap,BZ=F,2025-09-15,67.44000244140625,6,2025-09-23,67.44826058331675,71.8786858289646,61.91468717940246,9.963998649562143,0.9,67.62999725341797,0.1817366701012162,0.26872198356038135,True
historical_bootstrap,BZ=F,2025-09-15,67.44000244140625,7,2025-09-24,67.37024066044597,72.34993077176514,61.85181698568068,10.498113786084467,0.9,69.30999755859375,1.9397568981477775,2.798668253462183,True
historical_bootstrap,BZ=F,2025-09-16,68.47000122070312,0,2025-09-16,68.47000122070312,68.47000122070312,68.47000122070312,0.0,0.9,68.47000122070312,0.0,0.0,True
historical_bootstrap,BZ=F,2025-09-16,68.47000122070312,1,2025-09-17,68.4858559790027,70.34375882595933,66.18405403586856,4.159704790090771,0.9,67.94999694824219,-0.5358590307605056,0.7886078805399679,True
historical_bootstrap,BZ=F,2025-09-16,68.47000122070312,2,2025-09-18,68.58477092134055,71.30248319284408,65.030557291937,6.271925900907078,0.9,67.44000244140625,-1.1447684799342994,1.6974620974085908,True
historical_bootstrap,BZ=F,2025-09-16,68.47000122070312,3,2025-09-19,68.56857443889182,71.7226986626347,64.33894000674482,7.383758655889878,0.9,66.68000030517578,-1.888574133716034,2.832294728663102,True
historical_bootstrap,BZ=F,2025-09-16,68.47000122070312,4,2025-09-22,68.65581281150345,72.37787600389002,64.15438120795105,8.223494795938976,0.9,66.56999969482422,-2.0858131166792333,3.1332629205966542,True
historical_bootstrap,BZ=F,2025-09-16,68.47000122070312,5,2025-09-23,68.58888772067536,72.82676611220266,63.280752302106904,9.546013810095758,0.9,67.62999725341797,-0.9588904672573904,1.4178478577550568,True
historical_bootstrap,BZ=F,2025-09-16,68.47000122070312,6,2025-09-24,68.47801862054614,73.06962960921668,62.69183299579042,10.377796613426256,0.9,69.30999755859375,0.8319789380476124,1.2003736363491695,True
historical_bootstrap,BZ=F,2025-09-16,68.47000122070312,7,2025-09-25,68.3900653865867,73.39741410849929,62.758782774094996,10.638631334404295,0.9,69.41999816894531,1.029932782358614,1.483625481885059,True
historical_bootstrap,BZ=F,2025-09-17,67.94999694824219,0,2025-09-17,67.94999694824219,67.94999694824219,67.94999694824219,0.0,0.9,67.94999694824219,0.0,0.0,True
historical_bootstrap,BZ=F,2025-09-17,67.94999694824219,1,2025-09-18,68.01025042025356,69.86220375027436,65.93252229537403,3.929681454900333,0.9,67.44000244140625,-0.5702479788473056,0.8455634018441102,True
historical_bootstrap,BZ=F,2025-09-17,67.94999694824219,2,2025-09-19,68.03995982552506,70.72157134977424,64.62302724321049,6.09854410656375,0.9,66.68000030517578,-1.3599595203492783,2.039531364914701,True
historical_bootstrap,BZ=F,2025-09-17,67.94999694824219,3,2025-09-22,68.1142120824635,71.25958779189011,63.82577343869021,7.4338143531998995,0.9,66.56999969482422,-1.544212387639277,2.319682131167771,True
historical_bootstrap,BZ=F,2025-09-17,67.94999694824219,4,2025-09-23,68.04249485317058,71.73348844589812,63.554024157021075,8.179464288877043,0.9,67.62999725341797,-0.41249759975261213,0.6099328944328247,True
historical_bootstrap,BZ=F,2025-09-17,67.94999694824219,5,2025-09-24,67.98041138938245,72.30567022071286,62.800830873932746,9.504839346780109,0.9,69.30999755859375,1.3295861692112965,1.918318014781752,True
historical_bootstrap,BZ=F,2025-09-17,67.94999694824219,6,2025-09-25,67.89854774103081,72.42535976901097,62.2157117686104,10.20964800040057,0.9,69.41999816894531,1.5214504279145018,2.191660138353497,True
historical_bootstrap,BZ=F,2025-09-17,67.94999694824219,7,2025-09-26,67.9058766116613,72.73012913655155,62.31060260061259,10.419526535938964,0.9,70.12999725341797,2.22412064175667,3.171425536664015,True
historical_bootstrap,BZ=F,2025-09-18,67.44000244140625,0,2025-09-18,67.44000244140625,67.44000244140625,67.44000244140625,0.0,0.9,67.44000244140625,0.0,0.0,True
historical_bootstrap,BZ=F,2025-09-18,67.44000244140625,1,2025-09-19,67.45853132794436,69.45376509544418,65.22564537480805,4.22811972063613,0.9,66.68000030517578,-0.7785310227685756,1.167563016204943,True
historical_bootstrap,BZ=F,2025-09-18,67.44000244140625,2,2025-09-22,67.56041900380507,70.18628698818378,64.21623049591172,5.9700564922720645,0.9,66.56999969482422,-0.9904193089808473,1.487786260359337,True
historical_bootstrap,BZ=F,2025-09-18,67.44000244140625,3,2025-09-23,67.5946850093068,70.58760565269759,63.360770236717464,7.226835415980126,0.9,67.62999725341797,0.035312244111167956,0.05221387778391977,True
historical_bootstrap,BZ=F,2025-09-18,67.44000244140625,4,2025-09-24,67.60441883352678,71.16310359715375,63.187422410824716,7.975681186329034,0.9,69.30999755859375,1.705578725066971,2.4607975546747025,True
historical_bootstrap,BZ=F,2025-09-18,67.44000244140625,5,2025-09-25,67.5111281507327,71.73122822906579,62.3288157392016,9.40241248986419,0.9,69.41999816894531,1.9088700182126104,2.749740807493328,True
historical_bootstrap,BZ=F,2025-09-18,67.44000244140625,6,2025-09-26,67.44789923497054,71.88177570283439,61.807410189980736,10.074365512853653,0.9,70.12999725341797,2.6820980184474337,3.824466167816247,True
historical_bootstrap,BZ=F,2025-09-18,67.44000244140625,7,2025-09-29,67.29708719921655,72.20201124712429,61.85181698568068,10.350194261443612,0.9,67.97000122070312,0.6729140214865765,0.9900161974421331,True
historical_bootstrap,BZ=F,2025-09-19,66.68000030517578,0,2025-09-19,66.68000030517578,66.68000030517578,66.68000030517578,0.0,0.9,66.68000030517578,0.0,0.0,True
historical_bootstrap,BZ=F,2025-09-19,66.68000030517578,1,2025-09-22,66.72319512501534,68.71718602047557,64.55929534677652,4.157890673699043,0.9,66.56999969482422,-0.15319543019111848,0.2301268302439685,True
historical_bootstrap,BZ=F,2025-09-19,66.68000030517578,2,2025-09-23,66.80717260774836,69.52347660519281,63.45008155592009,6.073395049272719,0.9,67.62999725341797,0.8228246456696127,1.216656334594229,True
historical_bootstrap,BZ=F,2025-09-19,66.68000030517578,3,2025-09-24,66.79278090451184,69.98676911465233,62.67527796639061,7.311491148261723,0.9,69.30999755859375,2.5172166540819063,3.6318233195057967,True
historical_bootstrap,BZ=F,2025-09-19,66.68000030517578,4,2025-09-25,66.74273724738114,70.48361087951244,62.17390149739171,8.30970938212073,0.9,69.41999816894531,2.6772609215641694,3.856613356641989,True
historical_bootstrap,BZ=F,2025-09-19,66.68000030517578,5,2025-09-26,66.69832038399086,71.02638597479375,61.68559209775045,9.340793877043303,0.9,70.12999725341797,3.4316768694271076,4.8933081474773,True
historical_bootstrap,BZ=F,2025-09-19,66.68000030517578,6,2025-09-29,66.68780810734386,71.14359986676862,60.93974291527826,10.203856951490366,0.9,67.97000122070312,1.2821931133592699,1.886410313861704,True
historical_bootstrap,BZ=F,2025-09-19,66.68000030517578,7,2025-09-30,66.68000030517578,71.61494216018409,61.151485053560826,10.46345710662326,0.9,67.0199966430664,0.339996337890625,0.5073058115794452,True
historical_bootstrap,BZ=F,2025-09-22,66.56999969482422,0,2025-09-22,66.56999969482422,66.56999969482422,66.56999969482422,0.0,0.9,66.56999969482422,0.0,0.0,True
historical_bootstrap,BZ=F,2025-09-22,66.56999969482422,1,2025-09-23,66.56999969482422,68.5005547020818,64.34748617527124,4.153068526810557,0.9,67.62999725341797,1.05999755859375,1.5673482206746334,True
historical_bootstrap,BZ=F,2025-09-22,66.56999969482422,2,2025-09-24,66.6585200281413,69.40878517109964,63.325121410733836,6.083663760365802,0.9,69.30999755859375,2.6514775304524534,3.825534012190564,True
historical_bootstrap,BZ=F,2025-09-22,66.56999969482422,3,2025-09-25,66.76928178584602,69.73022980631004,62.50850890860823,7.2217208977018075,0.9,69.41999816894531,2.6507163830992937,3.8183757606105475,True
historical_bootstrap,BZ=F,2025-09-22,66.56999969482422,4,2025-09-26,66.6874911853875,70.2187365746861,62.22701969346556,7.9917168812205475,0.9,70.12999725341797,3.442506068030468,4.908749754532022,True
historical_bootstrap,BZ=F,2025-09-22,66.56999969482422,5,2025-09-29,66.67575696791921,70.90921522235622,61.58383065879432,9.325384563561904,0.9,67.97000122070312,1.294244252783912,1.904140399499795,True
historical_bootstrap,BZ=F,2025-09-22,66.56999969482422,6,2025-09-30,66.57815130343276,70.95447232165503,61.25445745229924,9.70001486935579,0.9,67.0199966430664,0.4418453396336446,0.6592738910251138,True
historical_bootstrap,BZ=F,2025-09-22,66.56999969482422,7,2025-10-01,66.48901552646811,71.39253824707987,60.8059560267899,10.58658222028997,0.9,65.3499984741211,-1.1390170523470147,1.7429488583661876,True
historical_bootstrap,BZ=F,2025-09-23,67.62999725341797,0,2025-09-23,67.62999725341797,67.62999725341797,67.62999725341797,0.0,0.9,67.62999725341797,0.0,0.0,True
historical_bootstrap,BZ=F,2025-09-23,67.62999725341797,1,2025-09-24,67.64450233479766,69.64549409854799,65.36519489383743,4.280299204710559,0.9,69.30999755859375,1.6654952237960856,2.402965347658681,True
historical_bootstrap,BZ=F,2025-09-23,67.62999725341797,2,2025-09-25,67.72419654885705,70.5083170396279,64.23195825685013,6.276358782777763,0.9,69.41999816894531,1.695801620088261,2.4428142679595597,True
historical_bootstrap,BZ=F,2025-09-23,67.62999725341797,3,2025-09-26,67.7606799932036,70.92248976621494,63.503835138715026,7.418654627499912,0.9,70.12999725341797,2.3693172602143733,3.378464783982148,True
historical_bootstrap,BZ=F,2025-09-23,67.62999725341797,4,2025-09-29,67.78391450580233,71.35962461005285,63.25336343699169,8.106261173061156,0.9,67.97000122070312,0.18608671490079587,0.2737777130480841,True
historical_bootstrap,BZ=F,2025-09-23,67.62999725341797,5,2025-09-30,67.66619289008598,72.1238595532592,62.42521788490001,9.698641668359187,0.9,67.0199966430664,-0.6461962470195743,0.9641842425941497,True
historical_bootstrap,BZ=F,2025-09-23,67.62999725341797,6,2025-10-01,67.71062926018418,72.17319646089595,62.091291124109866,10.081905336786086,0.9,65.3499984741211,-2.3606307860630835,3.6122889689093176,True
historical_bootstrap,BZ=F,2025-09-23,67.62999725341797,7,2025-10-02,67.57657920744882,72.63524774190788,61.95918639945515,10.676061342452726,0.9,64.11000061035156,-3.4665785970972536,5.407235320689609,True
historical_bootstrap,BZ=F,2025-09-24,69.30999755859375,0,2025-09-24,69.30999755859375,69.30999755859375,69.30999755859375,0.0,0.9,69.30999755859375,0.0,0.0,True
historical_bootstrap,BZ=F,2025-09-24,69.30999755859375,1,2025-09-25,69.32604682454152,71.32001353355489,67.01110763841571,4.308905895139176,0.9,69.41999816894531,0.09395134440379138,0.13533757833750568,True
historical_bootstrap,BZ=F,2025-09-24,69.30999755859375,2,2025-09-26,69.43375306487694,72.17722868279138,65.82835821208211,6.348870470709272,0.9,70.12999725341797,0.69624418854103,0.9927908395962424,True
historical_bootstrap,BZ=F,2025-09-24,69.30999755859375,3,2025-09-29,69.50038785185743,72.58413266138884,65.27201200886087,7.312120652527966,0.9,67.97000122070312,-1.5303866311543004,2.251561870927489,True
historical_bootstrap,BZ=F,2025-09-24,69.30999755859375,4,2025-09-30,69.45361740919193,73.14284592099003,64.70119676310794,8.441649157882082,0.9,67.0199966430664,-2.4336207661255287,3.631186045989306,True
historical_bootstrap,BZ=F,2025-09-24,69.30999755859375,5,2025-10-01,69.36059317401195,73.75284844070529,64.63326992610058,9.119578514604711,0.9,65.3499984741211,-4.010594699890859,6.137099913596898,True
historical_bootstrap,BZ=F,2025-09-24,69.30999755859375,6,2025-10-02,69.33443591396606,73.9785910461606,63.932707932315886,10.045883113844717,0.9,64.11000061035156,-5.224435303614499,8.149173691898127,True
historical_bootstrap,BZ=F,2025-09-24,69.30999755859375,7,2025-10-03,69.23830140359671,74.33103010802083,63.52871335333928,10.802316754681549,0.9,64.52999877929688,-4.708302624299833,7.296300501109563,True
historical_bootstrap,BZ=F,2025-09-25,69.41999816894531,0,2025-09-25,69.41999816894531,69.41999816894531,69.41999816894531,0.0,0.9,69.41999816894531,0.0,0.0,True
historical_bootstrap,BZ=F,2025-09-25,69.41999816894531,1,2025-09-26,69.4281838535697,71.42659944536882,67.09525202019165,4.331347425177171,0.9,70.12999725341797,0.7018133998482625,1.000732107991146,True
historical_bootstrap,BZ=F,2025-09-25,69.41999816894531,2,2025-09-29,69.56403760520864,72.37450005277074,66.06406136330644,6.310438689464306,0.9,67.97000122070312,-1.5940363845055145,2.345205761185103,True
historical_bootstrap,BZ=F,2025-09-25,69.41999816894531,3,2025-09-30,69.58633083430685,72.71552422510433,65.2316199478847,7.4839042772196365,0.9,67.0199966430664,-2.5663341912404434,3.8292066842500283,True
historical_bootstrap,BZ=F,2025-09-25,69.41999816894531,4,2025-10-01,69.60838782957273,73.2801516317512,65.04450046130796,8.235651170443234,0.9,65.3499984741211,-4.258389355451641,6.516280726675125,True
historical_bootstrap,BZ=F,2025-09-25,69.41999816894531,5,2025-10-02,69.5364741647349,73.94498442937564,64.16782436732451,9.777160062051124,0.9,64.11000061035156,-5.426473554383335,8.464316803495937,False
historical_bootstrap,BZ=F,2025-09-25,69.41999816894531,6,2025-10-03,69.54308634678752,74.08344476768572,64.19945707346248,9.883987694223237,0.9,64.52999877929688,-5.013087567490643,7.768615624240473,True
historical_bootstrap,BZ=F,2025-09-25,69.41999816894531,7,2025-10-06,69.37492335184132,74.41577716047568,63.65715032305422,10.758626837421467,0.9,65.47000122070312,-3.9049221311381928,5.964444872964759,True
historical_bootstrap,BZ=F,2025-09-26,70.12999725341797,0,2025-09-26,70.12999725341797,70.12999725341797,70.12999725341797,0.0,0.9,70.12999725341797,0.0,0.0,True
historical_bootstrap,BZ=F,2025-09-26,70.12999725341797,1,2025-09-29,70.1462363966366,72.06312808442992,67.89956785588983,4.163560228540092,0.9,67.97000122070312,-2.1762351759334706,3.201758329924241,True
historical_bootstrap,BZ=F,2025-09-26,70.12999725341797,2,2025-09-30,70.26809329655376,73.01652336940758,66.7115909713968,6.304932398010777,0.9,67.0199966430664,-3.2480966534873517,4.846458991614088,True
historical_bootstrap,BZ=F,2025-09-26,70.12999725341797,3,2025-10-01,70.23241839244399,73.34247250365684,65.87345867523862,7.469013828418213,0.9,65.3499984741211,-4.882419918322896,7.471185971421799,False
historical_bootstrap,BZ=F,2025-09-26,70.12999725341797,4,2025-10-02,70.32887955740644,74.0081916639773,65.56175130482261,8.446440359154693,0.9,64.11000061035156,-6.2188789470548755,9.700325827248145,False
historical_bootstrap,BZ=F,2025-09-26,70.12999725341797,5,2025-10-03,70.24971528574719,74.62541106289653,64.73076818023843,9.894642882658104,0.9,64.52999877929688,-5.719716506450311,8.863655066866922,False
historical_bootstrap,BZ=F,2025-09-26,70.12999725341797,6,2025-10-06,70.15680768131358,74.88440185539241,64.34143428185882,10.542967573533588,0.9,65.47000122070312,-4.686806460610455,7.1587083751701215,True
historical_bootstrap,BZ=F,2025-09-26,70.12999725341797,7,2025-10-07,70.10267210536256,75.21043314007287,64.31543880055693,10.894994339515932,0.9,65.44999694824219,-4.65267515712037,7.108747706741228,True
historical_bootstrap,BZ=F,2025-09-29,67.97000122070312,0,2025-09-29,67.97000122070312,67.97000122070312,67.97000122070312,0.0,0.9,67.97000122070312,0.0,0.0,True
historical_bootstrap,BZ=F,2025-09-29,67.97000122070312,1,2025-09-30,67.98864786781365,69.81200346704779,65.85694242641205,3.9550610406357407,0.9,67.0199966430664,-0.9686512247472479,1.445316731222875,True
historical_bootstrap,BZ=F,2025-09-29,67.97000122070312,2,2025-10-01,68.0686712896648,70.73786832093116,64.5548788767045,6.182989444226649,0.9,65.3499984741211,-2.7186728155437123,4.1601727299508955,True
historical_bootstrap,BZ=F,2025-09-29,67.97000122070312,3,2025-10-02,68.10787317999393,71.27904645510398,63.825069776545845,7.453976678558135,0.9,64.11000061035156,-3.997872569642368,6.235957778164253,True
historical_bootstrap,BZ=F,2025-09-29,67.97000122070312,4,2025-10-03,68.13346673558442,71.72765405900158,63.62660912862421,8.10104493037737,0.9,64.52999877929688,-3.6034679562875453,5.584174840312633,True
historical_bootstrap,BZ=F,2025-09-29,67.97000122070312,5,2025-10-06,68.1240609918081,72.40047269517085,62.81931924756038,9.581153447610468,0.9,65.47000122070312,-2.6540597711049685,4.053856303069219,True
historical_bootstrap,BZ=F,2025-09-29,67.97000122070312,6,2025-10-07,67.97000122070312,72.51910755320675,62.59776477854349,9.921342774663259,0.9,65.44999694824219,-2.5200042724609375,3.8502740870312877,True
historical_bootstrap,BZ=F,2025-09-29,67.97000122070312,7,2025-10-08,67.8906491154657,72.84451304378238,62.32894665252737,10.515566391255014,0.9,66.25,-1.6406491154657061,2.4764514950425753,True
historical_bootstrap,BZ=F,2025-09-30,67.0199966430664,0,2025-09-30,67.0199966430664,67.0199966430664,67.0199966430664,0.0,0.9,67.0199966430664,0.0,0.0,True
historical_bootstrap,BZ=F,2025-09-30,67.0199966430664,1,2025-10-01,67.06645082090543,69.02121789792645,64.9875115140043,4.033706383922151,0.9,65.3499984741211,-1.7164523467843367,2.626553002084705,True
historical_bootstrap,BZ=F,2025-09-30,67.0199966430664,2,2025-10-02,67.15629746034253,69.77195940820442,63.64756071518382,6.124398693020602,0.9,64.11000061035156,-3.0462968499909664,4.7516718468087085,True
historical_bootstrap,BZ=F,2025-09-30,67.0199966430664,3,2025-10-03,67.11296944182321,70.28279194273384,63.12862738966261,7.154164553071226,0.9,64.52999877929688,-2.5829706625263356,4.002744012688605,True
historical_bootstrap,BZ=F,2025-09-30,67.0199966430664,4,2025-10-06,67.18117742961705,70.72512943820696,62.654335155397646,8.070794282809317,0.9,65.47000122070312,-1.7111762089139262,2.6136798182505805,True
historical_bootstrap,BZ=F,2025-09-30,67.0199966430664,5,2025-10-07,67.06892058037596,71.38854420836475,62.000122321473654,9.388421886891095,0.9,65.44999694824219,-1.6189236321337717,2.4735274371578893,True
historical_bootstrap,BZ=F,2025-09-30,67.0199966430664,6,2025-10-08,67.0199966430664,71.50482649845264,61.661658893086496,9.843167605366148,0.9,66.25,-0.7699966430664062,1.1622590838738207,True
historical_bootstrap,BZ=F,2025-09-30,67.0199966430664,7,2025-10-09,67.02793063707209,71.86167157724212,61.42972595085909,10.431945626383033,0.9,65.22000122070312,-1.8079294163689639,2.772047504646571,True
historical_bootstrap,BZ=F,2025-10-01,65.3499984741211,0,2025-10-01,65.3499984741211,65.3499984741211,65.3499984741211,0.0,0.9,65.3499984741211,0.0,0.0,True
historical_bootstrap,BZ=F,2025-10-01,65.3499984741211,1,2025-10-02,65.36401454811971,67.24517298751829,63.3681586242884,3.8770143632298897,0.9,64.11000061035156,-1.2540139377681498,1.9560348242543453,True
historical_bootstrap,BZ=F,2025-10-01,65.3499984741211,2,2025-10-03,65.46668325888008,68.12357515024583,62.16387486122382,5.95970028902201,0.9,64.52999877929688,-0.9366844795832066,1.4515488878077005,True
historical_bootstrap,BZ=F,2025-10-01,65.3499984741211,3,2025-10-06,65.49319540037973,68.56071882423197,61.52632973127363,7.034389092958342,0.9,65.47000122070312,-0.023194179676607973,0.03542718687054711,True
historical_bootstrap,BZ=F,2025-10-01,65.3499984741211,4,2025-10-07,65.47124429199806,68.87439479622674,61.17443398277453,7.699960813452208,0.9,65.44999694824219,-0.021247343755874226,0.03246347554863388,True
historical_bootstrap,BZ=F,2025-10-01,65.3499984741211,5,2025-10-08,65.39770332921911,69.45708530911914,60.397857043483064,9.059228265636072,0.9,66.25,0.8522966707808877,1.2864855408013398,True
historical_bootstrap,BZ=F,2025-10-01,65.3499984741211,6,2025-10-09,65.35800069152491,69.72307574786495,59.95597885093756,9.767096896927391,0.9,65.22000122070312,-0.1379994708217822,0.21159072100412094,True
historical_bootstrap,BZ=F,2025-10-01,65.3499984741211,7,2025-10-10,65.37570553059057,70.05288176546065,59.69159008238879,10.361291683071862,0.9,62.72999954223633,-2.645705988354237,4.217608811829935,True
historical_bootstrap,BZ=F,2025-10-02,64.11000061035156,0,2025-10-02,64.11000061035156,64.11000061035156,64.11000061035156,0.0,0.9,64.11000061035156,0.0,0.0,True
historical_bootstrap,BZ=F,2025-10-02,64.11000061035156,1,2025-10-03,64.11000061035156,65.87739393451638,61.96307636738635,3.914317567130027,0.9,64.52999877929688,0.4199981689453125,0.6508572398734652,True
historical_bootstrap,BZ=F,2025-10-02,64.11000061035156,2,2025-10-06,64.24474164864878,66.83094944816413,61.04540965674277,5.785539791421364,0.9,65.47000122070312,1.225259572054341,1.8714824334948779,True
historical_bootstrap,BZ=F,2025-10-02,64.11000061035156,3,2025-10-07,64.24004285304011,67.1959563559374,60.23218967225767,6.963766683679729,0.9,65.44999694824219,1.2099540952020789,1.848669444796017,True
historical_bootstrap,BZ=F,2025-10-02,64.11000061035156,4,2025-10-08,64.13247303707212,67.58840621633053,59.93389534837095,7.654510867959573,0.9,66.25,2.117526962927883,3.1962671138534087,True
historical_bootstrap,BZ=F,2025-10-02,64.11000061035156,5,2025-10-09,64.13308019413617,68.36996699340648,59.24743668056937,9.122530312837107,0.9,65.22000122070312,1.086921026566955,1.6665455477206097,True
historical_bootstrap,BZ=F,2025-10-02,64.11000061035156,6,2025-10-10,64.11750748196928,68.31122525680067,58.99088662545063,9.32033863135004,0.9,62.72999954223633,-1.3875079397329557,2.211873027033488,True
historical_bootstrap,BZ=F,2025-10-02,64.11000061035156,7,2025-10-13,63.977846081718255,68.60987316728044,58.73434332699464,9.8755298402858,0.9,63.31999969482422,-0.6578463868940361,1.038923547164528,True
historical_bootstrap,BZ=F,2025-10-03,64.52999877929688,0,2025-10-03,64.52999877929688,64.52999877929688,64.52999877929688,0.0,0.9,64.52999877929688,0.0,0.0,True
historical_bootstrap,BZ=F,2025-10-03,64.52999877929688,1,2025-10-06,64.544390090876,66.3459621073731,62.4101132949545,3.935848812418598,0.9,65.47000122070312,0.9256111298271179,1.413794276109496,True
historical_bootstrap,BZ=F,2025-10-03,64.52999877929688,2,2025-10-07,64.66123560431924,67.15778246903098,61.55773288367586,5.600049585355116,0.9,65.44999694824219,0.7887613439229426,1.2051357993900207,True
historical_bootstrap,BZ=F,2025-10-03,64.52999877929688,3,2025-10-08,64.65469133262114,67.4859524666661,60.58278240489061,6.903170061775498,0.9,66.25,1.595308667378859,2.4080130828360136,True
historical_bootstrap,BZ=F,2025-10-03,64.52999877929688,4,2025-10-09,64.68519120663692,68.09747455851699,60.32653496878006,7.770939589736933,0.9,65.22000122070312,0.5348100140662098,0.8200092058514746,True
historical_bootstrap,BZ=F,2025-10-03,64.52999877929688,5,2025-10-10,64.5980554484822,68.52700324176615,60.07430744150312,8.45269580026303,0.9,62.72999954223633,-1.8680559062458713,2.9779306868767037,True
historical_bootstrap,BZ=F,2025-10-03,64.52999877929688,6,2025-10-13,64.4817599259804,68.7587465366809,59.140450173859634,9.618296362821269,0.9,63.31999969482422,-1.1617602311561797,1.8347445305675547,True
historical_bootstrap,BZ=F,2025-10-03,64.52999877929688,7,2025-10-14,64.46324718562487,69.15780864164483,59.17947755547515,9.978331086169682,0.9,62.38999938964844,-2.073247795976428,3.3230450653288757,True
historical_bootstrap,BZ=F,2025-10-06,65.47000122070312,0,2025-10-06,65.47000122070312,65.47000122070312,65.47000122070312,0.0,0.9,65.47000122070312,0.0,0.0,True
historical_bootstrap,BZ=F,2025-10-06,65.47000122070312,1,2025-10-07,65.46277739433584,67.274679430069,63.27753309608117,3.9971463339878284,0.9,65.44999694824219,-0.01278044609365736,0.01952703848674604,True
historical_bootstrap,BZ=F,2025-10-06,65.47000122070312,2,2025-10-08,65.5247323352054,68.13628143280683,62.17556082418815,5.960720608618672,0.9,66.25,0.7252676647946004,1.0947436449729817,True
historical_bootstrap,BZ=F,2025-10-06,65.47000122070312,3,2025-10-09,65.61346110067032,68.62321682074925,61.509928152014524,7.113288668734725,0.9,65.22000122070312,-0.393459879967196,0.603281006750883,True
historical_bootstrap,BZ=F,2025-10-06,65.47000122070312,4,2025-10-10,65.53159971596362,69.08944408508613,61.19878434682731,7.890659738258819,0.9,62.72999954223633,-2.8016001737272944,4.466124970782069,True
historical_bootstrap,BZ=F,2025-10-06,65.47000122070312,5,2025-10-13,65.48798885682935,69.64317810869348,60.516676036703295,9.126502071990181,0.9,63.31999969482422,-2.167989162005128,3.423861611582319,True
historical_bootstrap,BZ=F,2025-10-06,65.47000122070312,6,2025-10-14,65.58948169635991,69.87993964367845,60.00194356609457,9.877996077583887,0.9,62.38999938964844,-3.1994823067114737,5.128197368186418,True
historical_bootstrap,BZ=F,2025-10-06,65.47000122070312,7,2025-10-15,65.47000122070312,70.07329454310596,60.036429897593784,10.036864645512175,0.9,61.90999984741211,-3.5600013732910156,5.750284900767653,True
historical_bootstrap,BZ=F,2025-10-07,65.44999694824219,0,2025-10-07,65.44999694824219,65.44999694824219,65.44999694824219,0.0,0.9,65.44999694824219,0.0,0.0,True
historical_bootstrap,BZ=F,2025-10-07,65.44999694824219,1,2025-10-08,65.44999694824219,67.29185029597294,63.41528032099455,3.8765699749783877,0.9,66.25,0.8000030517578125,1.2075517762382075,True
historical_bootstrap,BZ=F,2025-10-07,65.44999694824219,2,2025-10-09,65.56215513135618,68.11960024874377,62.28597995773446,5.833620291009304,0.9,65.22000122070312,-0.3421539106530531,0.5246150019151509,True
historical_bootstrap,BZ=F,2025-10-07,65.44999694824219,3,2025-10-10,65.65055250898284,68.44809339140424,61.62047723295774,6.827616158446503,0.9,62.72999954223633,-2.920552966746513,4.655751614951144,True
historical_bootstrap,BZ=F,2025-10-07,65.44999694824219,4,2025-10-13,65.4654987193257,68.97978629655499,61.18008513904473,7.799701157510263,0.9,63.31999969482422,-2.1454990245014756,3.3883433904641174,True
historical_bootstrap,BZ=F,2025-10-07,65.44999694824219,5,2025-10-14,65.43412112003625,69.60727615456737,60.48963007471135,9.117646079856023,0.9,62.38999938964844,-3.0441217303878148,4.879182176900112,True
historical_bootstrap,BZ=F,2025-10-07,65.44999694824219,6,2025-10-15,65.47501823004272,69.7575467681053,60.08982669861077,9.667720069494528,0.9,61.90999984741211,-3.565018382630612,5.758388614791174,True
historical_bootstrap,BZ=F,2025-10-07,65.44999694824219,7,2025-10-16,65.39830079139391,70.04432167622916,60.018085845678996,10.026235830550164,0.9,61.060001373291016,-4.338299418102892,7.104977596676831,True
historical_bootstrap,BZ=F,2025-10-08,66.25,0,2025-10-08,66.25,66.25,66.25,0.0,0.9,66.25,0.0,0.0,True
historical_bootstrap,BZ=F,2025-10-08,66.25,1,2025-10-09,66.2590332339743,68.07617884743037,64.07471603868063,4.001462808749736,0.9,65.22000122070312,-1.039032013271168,1.593118665783377,True
historical_bootstrap,BZ=F,2025-10-08,66.25,2,2025-10-10,66.38289539723498,68.97682678844667,63.040910075602085,5.9359167128445876,0.9,62.72999954223633,-3.652895854998647,5.823204019855188,False
historical_bootstrap,BZ=F,2025-10-08,66.25,3,2025-10-13,66.44832414887664,69.3950389942275,62.27110297345149,7.123936020776014,0.9,63.31999969482422,-3.128324454052418,4.940499793319057,True
historical_bootstrap,BZ=F,2025-10-08,66.25,4,2025-10-14,66.40287420819783,69.90740573308213,61.964007203852674,7.943398529229455,0.9,62.38999938964844,-4.012874818549392,6.431919951605571,True
historical_bootstrap,BZ=F,2025-10-08,66.25,5,2025-10-15,66.27102596043393,70.36083808275582,61.22900197564113,9.131836107114687,0.9,61.90999984741211,-4.361026113021822,7.044138465143473,True
historical_bootstrap,BZ=F,2025-10-08,66.25,6,2025-10-16,66.32117445249676,70.61020151065256,60.78169382739278,9.82850768325978,0.9,61.060001373291016,-5.261173079205747,8.616398560231772,True
historical_bootstrap,BZ=F,2025-10-08,66.25,7,2025-10-17,66.25,70.91054115818011,60.69490264183695,10.215638516343162,0.9,61.290000915527344,-4.959999084472656,8.092672557320975,True
historical_bootstrap,BZ=F,2025-10-09,65.22000122070312,0,2025-10-09,65.22000122070312,65.22000122070312,65.22000122070312,0.0,0.9,65.22000122070312,0.0,0.0,True
historical_bootstrap,BZ=F,2025-10-09,65.22000122070312,1,2025-10-10,65.24045881713897,66.96735553785184,63.05605872176712,3.9112968160847217,0.9,62.72999954223633,-2.5104592749026438,4.002007481623434,False
historical_bootstrap,BZ=F,2025-10-09,65.22000122070312,2,2025-10-13,65.29092134990795,67.80704966122644,62.06678783559246,5.740261825633986,0.9,63.31999969482422,-1.9709216550837283,3.1126368676290936,True
historical_bootstrap,BZ=F,2025-10-09,65.22000122070312,3,2025-10-14,65.37896696702478,68.30092897893194,61.42029797788997,6.880631001041962,0.9,62.38999938964844,-2.988967577376343,4.790779943287295,True
historical_bootstrap,BZ=F,2025-10-09,65.22000122070312,4,2025-10-15,65.31980077321307,68.79358716640918,61.04465461564455,7.7489325507646285,0.9,61.90999984741211,-3.4098009258009654,5.507673936690372,True
historical_bootstrap,BZ=F,2025-10-09,65.22000122070312,5,2025-10-16,65.23792017027142,69.37033147044721,60.28519653574181,9.085134934705401,0.9,61.060001373291016,-4.177918796980407,6.842316906347009,True
historical_bootstrap,BZ=F,2025-10-09,65.22000122070312,6,2025-10-17,65.17061906459081,69.58437936594132,60.01225489149393,9.572124474447385,0.9,61.290000915527344,-3.8806181490634657,6.33156810425229,True
historical_bootstrap,BZ=F,2025-10-09,65.22000122070312,7,2025-10-20,65.22000122070312,69.80571667065837,59.807178222100426,9.998538448557944,0.9,61.0099983215332,-4.210002899169922,6.900513055224951,True
historical_bootstrap,BZ=F,2025-10-10,62.72999954223633,0,2025-10-10,62.72999954223633,62.72999954223633,62.72999954223633,0.0,0.9,62.72999954223633,0.0,0.0,True
historical_bootstrap,BZ=F,2025-10-10,62.72999954223633,1,2025-10-13,62.76692222568135,64.46313174950829,60.62928895892246,3.833842790585834,0.9,63.31999969482422,0.5530774691428704,0.8734641058251283,True
historical_bootstrap,BZ=F,2025-10-10,62.72999954223633,2,2025-10-14,62.79821204743852,65.19533484693598,59.69747404764945,5.497860799286528,0.9,62.38999938964844,-0.40821265779008087,0.6542918124435986,True
historical_bootstrap,BZ=F,2025-10-10,62.72999954223633,3,2025-10-15,62.880302744443206,65.84706614888296,58.92260365576796,6.924462493115001,0.9,61.90999984741211,-0.9703028970310967,1.5672797600106216,True
historical_bootstrap,BZ=F,2025-10-10,62.72999954223633,4,2025-10-16,62.84071369550414,66.31026796621744,58.6375384524648,7.6727295137526355,0.9,61.060001373291016,-1.7807123222131267,2.9163319393439275,True
historical_bootstrap,BZ=F,2025-10-10,62.72999954223633,5,2025-10-17,62.72999954223633,66.69776561609606,58.03145090498904,8.66631471110702,0.9,61.290000915527344,-1.4399986267089844,2.3494837741863566,True
historical_bootstrap,BZ=F,2025-10-10,62.72999954223633,6,2025-10-20,62.68310626308394,66.68706446202769,57.552235863678455,9.134828598349237,0.9,61.0099983215332,-1.6731079415507395,2.7423504139980013,True
historical_bootstrap,BZ=F,2025-10-10,62.72999954223633,7,2025-10-21,62.739527773302314,67.22872131564789,57.523829995021266,9.704891320626622,0.9,61.31999969482422,-1.4195280784780948,2.3149512158231658,True
historical_bootstrap,BZ=F,2025-10-13,63.31999969482422,0,2025-10-13,63.31999969482422,63.31999969482422,63.31999969482422,0.0,0.9,63.31999969482422,0.0,0.0,True
historical_bootstrap,BZ=F,2025-10-13,63.31999969482422,1,2025-10-14,63.33358038070085,65.10191197678276,61.18146094148526,3.9204510352974964,0.9,62.38999938964844,-0.9435809910524142,1.5123914093337374,True
historical_bootstrap,BZ=F,2025-10-13,63.31999969482422,2,2025-10-15,63.37610871483555,65.80852244120356,60.139255067438626,5.669267373764939,0.9,61.90999984741211,-1.4661088674234435,2.3681293345774868,True
historical_bootstrap,BZ=F,2025-10-13,63.31999969482422,3,2025-10-16,63.51402839821645,66.36792848921556,59.48997341064034,6.877955078575219,0.9,61.060001373291016,-2.4540270249254377,4.019041876404024,True
historical_bootstrap,BZ=F,2025-10-13,63.31999969482422,4,2025-10-17,63.42561413966381,66.84095795662068,59.19790126374754,7.643056692873145,0.9,61.290000915527344,-2.1356132241364634,3.4844398633308264,True
historical_bootstrap,BZ=F,2025-10-13,63.31999969482422,5,2025-10-20,63.337396626133014,67.34233906479547,58.476596458606856,8.865742606188611,0.9,61.0099983215332,-2.327398304599811,3.8147817876244163,True
historical_bootstrap,BZ=F,2025-10-13,63.31999969482422,6,2025-10-21,63.3954930979172,67.41525341581443,58.134270215886744,9.28098319992769,0.9,61.31999969482422,-2.0754934030929846,3.3846924550264936,True
historical_bootstrap,BZ=F,2025-10-13,63.31999969482422,7,2025-10-22,63.26998593182213,67.86270094621801,58.070065944930136,9.792635001287877,0.9,62.59000015258789,-0.6799857792342365,1.0864128096764691,True
historical_bootstrap,BZ=F,2025-10-14,62.38999938964844,0,2025-10-14,62.38999938964844,62.38999938964844,62.38999938964844,0.0,0.9,62.38999938964844,0.0,0.0,True
historical_bootstrap,BZ=F,2025-10-14,62.38999938964844,1,2025-10-15,62.36974076238133,64.04834036380656,60.44817841130016,3.6001619525063973,0.9,61.90999984741211,-0.459740914969224,0.7425955679249473,True
historical_bootstrap,BZ=F,2025-10-14,62.38999938964844,2,2025-10-16,62.536555762307714,64.95860053597985,59.36788439456145,5.590716141418405,0.9,61.060001373291016,-1.476554389016698,2.4182023514702626,True
historical_bootstrap,BZ=F,2025-10-14,62.38999938964844,3,2025-10-17,62.495524007098005,65.33724068614859,58.64207139936577,6.695169286782821,0.9,61.290000915527344,-1.2055230915706616,1.9669164195839517,True
historical_bootstrap,BZ=F,2025-10-14,62.38999938964844,4,2025-10-20,62.559311275583035,65.75475974954541,58.328575539370064,7.42618421017535,0.9,61.0099983215332,-1.5493129540498316,2.5394410697811947,True
historical_bootstrap,BZ=F,2025-10-14,62.38999938964844,5,2025-10-21,62.42339057464528,66.25879978004228,57.58666398721014,8.672135792832144,0.9,61.31999969482422,-1.1033908798210632,1.7993980517162267,True
historical_bootstrap,BZ=F,2025-10-14,62.38999938964844,6,2025-10-22,62.420256828465966,66.4963078685251,57.11962780177782,9.376680066747276,0.9,62.59000015258789,0.1697433241219244,0.2711987916729635,True
historical_bootstrap,BZ=F,2025-10-14,62.38999938964844,7,2025-10-23,62.31410030240986,66.769145285881,57.22026518812798,9.548880097753013,0.9,65.98999786376953,3.675897561359669,5.570385937802622,True
historical_bootstrap,BZ=F,2025-10-15,61.90999984741211,0,2025-10-15,61.90999984741211,61.90999984741211,61.90999984741211,0.0,0.9,61.90999984741211,0.0,0.0,True
historical_bootstrap,BZ=F,2025-10-15,61.90999984741211,1,2025-10-16,61.9232781207002,63.56958535601653,59.856554751167224,3.7130306048493082,0.9,61.060001373291016,-0.8632767474091878,1.4138171110274556,True
historical_bootstrap,BZ=F,2025-10-15,61.90999984741211,2,2025-10-17,61.96796398208941,64.43109222162528,58.799359564953974,5.6317326566713035,0.9,61.290000915527344,-0.6779630665620644,1.1061560718467989,True
historical_bootstrap,BZ=F,2025-10-15,61.90999984741211,3,2025-10-20,62.02203496274297,64.7459381055219,58.28760754728093,6.458330558240974,0.9,61.0099983215332,-1.012036641209768,1.6588045714673858,True
historical_bootstrap,BZ=F,2025-10-15,61.90999984741211,4,2025-10-21,62.048938877341755,65.33263163301851,57.9542354547856,7.3783961782329115,0.9,61.31999969482422,-0.7289391825175358,1.188746226590511,True
historical_bootstrap,BZ=F,2025-10-15,61.90999984741211,5,2025-10-22,61.955193537401385,65.84969534448614,57.21575078230091,8.633944562185228,0.9,62.59000015258789,0.6348066151865055,1.0142300904919526,True
historical_bootstrap,BZ=F,2025-10-15,61.90999984741211,6,2025-10-23,61.85748310877682,65.98456701509794,56.79991932949942,9.18464768559852,0.9,65.98999786376953,4.132514754992712,6.26233503374848,False
historical_bootstrap,BZ=F,2025-10-15,61.90999984741211,7,2025-10-24,61.8535291176365,66.25583111511357,56.668790899418404,9.587040215695161,0.9,65.94000244140625,4.086473323769752,6.19725989152178,True
historical_bootstrap,BZ=F,2025-10-16,61.060001373291016,0,2025-10-16,61.060001373291016,61.060001373291016,61.060001373291016,0.0,0.9,61.060001373291016,0.0,0.0,True
historical_bootstrap,BZ=F,2025-10-16,61.060001373291016,1,2025-10-17,61.076727332922474,62.77831417979544,59.02144527928199,3.756868900513446,0.9,61.290000915527344,0.21327358260487017,0.3479745136548676,True
historical_bootstrap,BZ=F,2025-10-16,61.060001373291016,2,2025-10-20,61.126397925047996,63.51500008164737,58.06649998445465,5.448500097192721,0.9,61.0099983215332,-0.11639960351479317,0.19078775072463894,True
historical_bootstrap,BZ=F,2025-10-16,61.060001373291016,3,2025-10-21,61.20882763068191,63.958659264711166,57.392809555853496,6.5658497088576695,0.9,61.31999969482422,0.11117206414230907,0.18129821378928132,True
historical_bootstrap,BZ=F,2025-10-16,61.060001373291016,4,2025-10-22,61.21808216671897,64.3745599612777,57.1509755427623,7.223584418515394,0.9,62.59000015258789,1.3719179858689188,2.1919124181567757,True
historical_bootstrap,BZ=F,2025-10-16,61.060001373291016,5,2025-10-23,61.166021670094736,64.92295244634855,56.38946742382531,8.533485022523237,0.9,65.98999786376953,4.823976193674795,7.3101626759156195,False
historical_bootstrap,BZ=F,2025-10-16,61.060001373291016,6,2025-10-24,61.060001373291016,65.07862643334039,55.960267118298326,9.118359315042063,0.9,65.94000244140625,4.880001068115234,7.400668619100467,False
historical_bootstrap,BZ=F,2025-10-16,61.060001373291016,7,2025-10-27,61.060001373291016,65.34616619041198,56.04722597186584,9.298940218546136,0.9,65.62000274658203,4.560001373291016,6.949102685809525,False
historical_bootstrap,BZ=F,2025-10-17,61.290000915527344,0,2025-10-17,61.290000915527344,61.290000915527344,61.290000915527344,0.0,0.9,61.290000915527344,0.0,0.0,True
historical_bootstrap,BZ=F,2025-10-17,61.290000915527344,1,2025-10-20,61.29835785014704,62.95097365846266,59.22002234980178,3.7309513086608774,0.9,61.0099983215332,-0.28835952861383873,0.47264306924601823,True
historical_bootstrap,BZ=F,2025-10-17,61.290000915527344,2,2025-10-21,61.39723338114378,63.722731239866896,58.21051220240138,5.512219037465513,0.9,61.31999969482422,-0.07723368631955907,0.12595187003250763,True
historical_bootstrap,BZ=F,2025-10-17,61.290000915527344,3,2025-10-22,61.37317239561118,64.06943227705847,57.59213701788443,6.477295259174035,0.9,62.59000015258789,1.2168277569767127,1.9441248666084254,True
historical_bootstrap,BZ=F,2025-10-17,61.290000915527344,4,2025-10-23,61.422275383726955,64.7026603381886,57.30018405485902,7.402476283329577,0.9,65.98999786376953,4.567722480042576,6.921840624199188,False
historical_bootstrap,BZ=F,2025-10-17,61.290000915527344,5,2025-10-24,61.290000915527344,65.16668492754818,56.64491452292635,8.521770404621826,0.9,65.94000244140625,4.650001525878906,7.051867385068509,False
historical_bootstrap,BZ=F,2025-10-17,61.290000915527344,6,2025-10-27,61.256639696492286,65.30312916135361,56.00465298894832,9.298476172405287,0.9,65.62000274658203,4.363363050089745,6.649440517307843,False
historical_bootstrap,BZ=F,2025-10-17,61.290000915527344,7,2025-10-28,61.0452683663881,65.5919380627467,56.17768051855402,9.414257544192687,0.9,64.4000015258789,3.354733159490806,5.209212857149884,True
historical_bootstrap,BZ=F,2025-10-20,61.0099983215332,0,2025-10-20,61.0099983215332,61.0099983215332,61.0099983215332,0.0,0.9,61.0099983215332,0.0,0.0,True
historical_bootstrap,BZ=F,2025-10-20,61.0099983215332,1,2025-10-21,60.99018779376186,62.69173671272636,58.96406124463241,3.727675468093949,0.9,61.31999969482422,0.3298119010623566,0.5378537226088648,True
historical_bootstrap,BZ=F,2025-10-20,61.0099983215332,2,2025-10-22,61.05270700541642,63.43005072968848,57.94529166781724,5.4847590618712445,0.9,62.59000015258789,1.537293147171468,2.456132199111212,True
historical_bootstrap,BZ=F,2025-10-20,61.0099983215332,3,2025-10-23,61.12203148968156,63.90628245374417,57.31969670599818,6.5865857477459855,0.9,65.98999786376953,4.86796637408797,7.376824566864593,False
historical_bootstrap,BZ=F,2025-10-20,61.0099983215332,4,2025-10-24,61.06955250217325,64.22069607218533,57.02974890275568,7.190947169429656,0.9,65.94000244140625,4.870449939232998,7.386184044443795,False
historical_bootstrap,BZ=F,2025-10-20,61.0099983215332,5,2025-10-27,61.00109924279479,64.79322492248485,56.44027974088678,8.352945181598074,0.9,65.62000274658203,4.618903503787244,7.038865148520328,False
historical_bootstrap,BZ=F,2025-10-20,61.0099983215332,6,2025-10-28,60.932701843179686,65.02533246261183,55.75785236892389,9.267480093687936,0.9,64.4000015258789,3.4672996826992204,5.38400559090965,True
historical_bootstrap,BZ=F,2025-10-20,61.0099983215332,7,2025-10-29,60.886350391852424,65.29228212330587,55.84498217053951,9.447299952766357,0.9,64.91999816894531,4.033647777092888,6.213259228066947,True
historical_bootstrap,BZ=F,2025-10-21,61.31999969482422,0,2025-10-21,61.31999969482422,61.31999969482422,61.31999969482422,0.0,0.9,61.31999969482422,0.0,0.0,True
historical_bootstrap,BZ=F,2025-10-21,61.31999969482422,1,2025-10-22,61.31156966481245,63.010283262629876,59.264535524042934,3.7457477385869424,0.9,62.59000015258789,1.278430487775438,2.0425475070438694,True
historical_bootstrap,BZ=F,2025-10-21,61.31999969482422,2,2025-10-23,61.37741143330723,63.72992096431244,58.23438673709858,5.495534227213859,0.9,65.98999786376953,4.612586430462301,6.989826609760732,False
historical_bootstrap,BZ=F,2025-10-21,61.31999969482422,3,2025-10-24,61.43848950539963,64.3066681074375,57.58059715949847,6.726070947939036,0.9,65.94000244140625,4.50151293600662,6.826679965634863,False
historical_bootstrap,BZ=F,2025-10-21,61.31999969482422,4,2025-10-27,61.41383147058186,64.7100139181509,57.31952600429111,7.390487913859793,0.9,65.62000274658203,4.20617127600017,6.4098919535922425,False
historical_bootstrap,BZ=F,2025-10-21,61.31999969482422,5,2025-10-28,61.29260134579155,65.12492935490057,56.56497482303434,8.559954531866232,0.9,64.4000015258789,3.107400180087353,4.825155444815721,True
historical_bootstrap,BZ=F,2025-10-21,61.31999969482422,6,2025-10-29,61.25996160510663,65.42339836892836,56.42366425568196,8.999734113246397,0.9,64.91999816894531,3.6600365638386805,5.637764428634058,True
historical_bootstrap,BZ=F,2025-10-21,61.31999969482422,7,2025-10-30,61.21158918000198,65.63372622157621,56.23892736334807,9.394798858228143,0.9,65.0,3.7884108199980204,5.8283243384584935,True
historical_bootstrap,BZ=F,2025-10-22,62.59000015258789,0,2025-10-22,62.59000015258789,62.59000015258789,62.59000015258789,0.0,0.9,62.59000015258789,0.0,0.0,True
historical_bootstrap,BZ=F,2025-10-22,62.59000015258789,1,2025-10-23,62.607170869441404,64.30284500008348,60.5140006500185,3.788844350064977,0.9,65.98999786376953,3.382826994328127,5.126272319801664,False
historical_bootstrap,BZ=F,2025-10-22,62.59000015258789,2,2025-10-24,62.67322814870059,65.04983337789243,59.44592548940244,5.603907888489985,0.9,65.94000244140625,3.266774292705662,4.954161619281849,False
historical_bootstrap,BZ=F,2025-10-22,62.59000015258789,3,2025-10-27,62.6958630454695,65.56129058471761,58.79110152586996,6.770189058847649,0.9,65.62000274658203,2.92413970111253,4.456171256812147,False
historical_bootstrap,BZ=F,2025-10-22,62.59000015258789,4,2025-10-28,62.639035194384796,66.01948099743073,58.50291963389303,7.516561363537704,0.9,64.4000015258789,1.7609663314941102,2.7344197046120757,True
historical_bootstrap,BZ=F,2025-10-22,62.59000015258789,5,2025-10-29,62.59000015258789,66.52489203364804,57.85456990603508,8.670322127612963,0.9,64.91999816894531,2.329998016357422,3.5890297012854564,True
historical_bootstrap,BZ=F,2025-10-22,62.59000015258789,6,2025-10-30,62.60534411631088,66.71233969953691,57.423792089525506,9.288547610011406,0.9,65.0,2.3946558836891185,3.684085974906336,True
historical_bootstrap,BZ=F,2025-10-22,62.59000015258789,7,2025-10-31,62.58186561886081,66.98318407621007,57.369244243844314,9.613939832365752,0.9,65.06999969482422,2.4881340759634085,3.823780678703951,True
historical_bootstrap,BZ=F,2025-10-23,65.98999786376953,0,2025-10-23,65.98999786376953,65.98999786376953,65.98999786376953,0.0,0.9,65.98999786376953,0.0,0.0,True
historical_bootstrap,BZ=F,2025-10-23,65.98999786376953,1,2025-10-24,66.00812836701395,67.89745417948951,63.82214971206507,4.075304467424445,0.9,65.94000244140625,-0.0681259256077027,0.10331501832781831,True
historical_bootstrap,BZ=F,2025-10-23,65.98999786376953,2,2025-10-27,66.05178195572492,68.58345350983673,62.79350220708029,5.789951302756442,0.9,65.62000274658203,-0.4317792091428885,0.6579993768216943,True
historical_bootstrap,BZ=F,2025-10-23,65.98999786376953,3,2025-10-28,66.17698848214401,69.10729949484355,62.026716259511495,7.08058323533205,0.9,64.4000015258789,-1.7769869562651053,2.7592964505614637,True
historical_bootstrap,BZ=F,2025-10-23,65.98999786376953,4,2025-10-29,66.09012522074906,69.57040616703841,61.72082570585416,7.849580461184253,0.9,64.91999816894531,-1.170127051803746,1.8024138706206556,True
historical_bootstrap,BZ=F,2025-10-23,65.98999786376953,5,2025-10-30,66.02531577125738,70.181577065239,60.94236408689376,9.239212978345236,0.9,65.0,-1.0253157712573824,1.5774088788575114,True
historical_bootstrap,BZ=F,2025-10-23,65.98999786376953,6,2025-10-31,65.9253874033663,70.33627006753547,60.54315238982556,9.793117677709908,0.9,65.06999969482422,-0.8553877085420822,1.3145654104100468,True
historical_bootstrap,BZ=F,2025-10-23,65.98999786376953,7,2025-11-03,65.93787518326458,70.63224844599316,60.485641410256946,10.14660703573621,0.9,,,,
historical_bootstrap,BZ=F,2025-10-24,65.94000244140625,0,2025-10-24,65.94000244140625,65.94000244140625,65.94000244140625,0.0,0.9,65.94000244140625,0.0,0.0,True
historical_bootstrap,BZ=F,2025-10-24,65.94000244140625,1,2025-10-27,65.95809218590986,67.7956452207653,63.77489708713982,4.0207481336254745,0.9,65.62000274658203,-0.3380894393278311,0.515223141080166,True
historical_bootstrap,BZ=F,2025-10-24,65.94000244140625,2,2025-10-28,66.0577406995782,68.6254235566879,62.71144614523191,5.9139774114559955,0.9,64.4000015258789,-1.657739173699298,2.574129090716157,True
historical_bootstrap,BZ=F,2025-10-24,65.94000244140625,3,2025-10-29,66.02734067438159,68.9303060476614,61.95150048709593,6.978805560565476,0.9,64.91999816894531,-1.1073425054362787,1.7057032296189736,True
historical_bootstrap,BZ=F,2025-10-24,65.94000244140625,4,2025-10-30,66.0563820299612,69.60664801149342,61.63812301816157,7.968524993331847,0.9,65.0,-1.056382029961199,1.625203123017229,True
historical_bootstrap,BZ=F,2025-10-24,65.94000244140625,5,2025-10-31,65.95655502277705,70.11080598845682,60.94315124552177,9.16765474293505,0.9,65.06999969482422,-0.8865553279528342,1.3624640112351996,True
historical_bootstrap,BZ=F,2025-10-24,65.94000244140625,6,2025-11-03,65.92853375153453,70.26114985688481,60.674764795975605,9.586385060909208,0.9,,,,
historical_bootstrap,BZ=F,2025-10-24,65.94000244140625,7,2025-11-04,65.8040755991389,70.57634224984,60.64045181674216,9.935890433097839,0.9,64.44000244140625,-1.3640731577326477,2.116811151540484,True
historical_bootstrap,BZ=F,2025-10-27,65.62000274658203,0,2025-10-27,65.62000274658203,65.62000274658203,65.62000274658203,0.0,0.9,65.62000274658203,0.0,0.0,True
historical_bootstrap,BZ=F,2025-10-27,65.62000274658203,1,2025-10-28,65.62000274658203,67.43466419472675,63.533010176726755,3.901654017999995,0.9,64.4000015258789,-1.220001220703125,1.894411788504185,True
historical_bootstrap,BZ=F,2025-10-27,65.62000274658203,2,2025-10-29,65.70688081162285,68.29743726353863,62.481457394521385,5.815979869017241,0.9,64.91999816894531,-0.7868826426775399,1.2120805065794775,True
historical_bootstrap,BZ=F,2025-10-27,65.62000274658203,3,2025-10-30,65.75310791334468,68.73513433057171,61.66039119155757,7.074743139014139,0.9,65.0,-0.7531079133446781,1.1586275589918125,True
historical_bootstrap,BZ=F,2025-10-27,65.62000274658203,4,2025-10-31,65.6817423731715,69.27375894405415,61.183189600624225,8.090569343429927,0.9,65.06999969482422,-0.6117426783472837,0.9401301386450487,True
historical_bootstrap,BZ=F,2025-10-27,65.62000274658203,5,2025-11-03,65.62000274658203,69.89729486224955,61.018957337038,8.878337525211549,0.9,,,,
historical_bootstrap,BZ=F,2025-10-27,65.62000274658203,6,2025-11-04,65.56433890322906,69.93874138967142,59.92818572099842,10.010555668673,0.9,64.44000244140625,-1.124336461822807,1.7447802905425698,True
historical_bootstrap,BZ=F,2025-10-27,65.62000274658203,7,2025-11-05,65.3768804674912,70.1840997303696,60.06471044468528,10.119389285684314,0.9,63.52000045776367,-1.8568800097275329,2.9232997423578855,True
historical_bootstrap,BZ=F,2025-10-28,64.4000015258789,0,2025-10-28,64.4000015258789,64.4000015258789,64.4000015258789,0.0,0.9,64.4000015258789,0.0,0.0,True
historical_bootstrap,BZ=F,2025-10-28,64.4000015258789,1,2025-10-29,64.39644864348696,66.14435476622697,62.24993580999117,3.8944189562357963,0.9,64.91999816894531,0.5235495254583498,0.8064533891327055,True
historical_bootstrap,BZ=F,2025-10-28,64.4000015258789,2,2025-10-30,64.47126058114249,66.98928939041107,61.15940334951304,5.829886040898032,0.9,65.0,0.5287394188575121,0.8134452597807879,True
historical_bootstrap,BZ=F,2025-10-28,64.4000015258789,3,2025-10-31,64.53063201328868,67.45721686213852,60.5144992075005,6.942717654638024,0.9,65.06999969482422,0.5393676815355377,0.8289037714233153,True
historical_bootstrap,BZ=F,2025-10-28,64.4000015258789,4,2025-11-03,64.54860679744431,68.07365616930393,60.23369295815372,7.839963211150213,0.9,,,,
historical_bootstrap,BZ=F,2025-10-28,64.4000015258789,5,2025-11-04,64.41769518362103,68.6623183473782,59.70670596292417,8.955612384454035,0.9,64.44000244140625,0.02230725778521503,0.03461709643089863,True
historical_bootstrap,BZ=F,2025-10-28,64.4000015258789,6,2025-11-05,64.34861621531431,68.64409584225099,58.84646245829736,9.797633383953631,0.9,63.52000045776367,-0.8286157575506365,1.304495830571676,True
historical_bootstrap,BZ=F,2025-10-28,64.4000015258789,7,2025-11-06,64.4000015258789,69.05240213415294,59.05523300633044,9.997169127822502,0.9,63.380001068115234,-1.0200004577636719,1.6093411810887561,True
historical_bootstrap,BZ=F,2025-10-29,64.91999816894531,0,2025-10-29,64.91999816894531,64.91999816894531,64.91999816894531,0.0,0.9,64.91999816894531,0.0,0.0,True
historical_bootstrap,BZ=F,2025-10-29,64.91999816894531,1,2025-10-30,64.95833220015493,66.85492117673655,62.78838411934849,4.066537057388061,0.9,65.0,0.041667799845072295,0.06410430745395737,True
historical_bootstrap,BZ=F,2025-10-29,64.91999816894531,2,2025-10-31,64.9807804581779,67.58573118330601,61.6588430846392,5.926888098666808,0.9,65.06999969482422,0.08921923664631493,0.13711270487897603,True
historical_bootstrap,BZ=F,2025-10-29,64.91999816894531,3,2025-11-03,65.04856387770913,68.1394856325601,61.116463533221236,7.02302209933886,0.9,,,,
historical_bootstrap,BZ=F,2025-10-29,64.91999816894531,4,2025-11-04,65.0193386572149,68.52992560120086,60.53051494347354,7.999410657727317,0.9,64.44000244140625,-0.5793362158086524,0.8990319581930942,True
historical_bootstrap,BZ=F,2025-10-29,64.91999816894531,5,2025-11-05,64.89432246146171,69.05123746932692,60.0004416254713,9.050795843855624,0.9,63.52000045776367,-1.3743220036980404,2.16360515395756,True
historical_bootstrap,BZ=F,2025-10-29,64.91999816894531,6,2025-11-06,64.92794773208738,69.26497344439842,59.33125345485004,9.93371998954838,0.9,63.380001068115234,-1.5479466639721409,2.442326661226377,True
historical_bootstrap,BZ=F,2025-10-29,64.91999816894531,7,2025-11-07,64.81408173544207,69.50029262561871,59.47379941682794,10.026493208790775,0.9,63.630001068115234,-1.184080667326839,1.8608842487041501,True
historical_bootstrap,BZ=F,2025-10-30,65.0,0,2025-10-30,65.0,65.0,65.0,0.0,0.9,65.0,0.0,0.0,True
historical_bootstrap,BZ=F,2025-10-30,65.0,1,2025-10-31,64.99245741361835,66.82918981183717,62.80472173662385,4.024468075213321,0.9,65.06999969482422,0.07754228120586504,0.11916748358619231,True
historical_bootstrap,BZ=F,2025-10-30,65.0,2,2025-11-03,65.03181466185629,67.64692302903804,61.857736990490025,5.78918603854801,0.9,,,,
historical_bootstrap,BZ=F,2025-10-30,65.0,3,2025-11-04,65.06130396239207,68.1466714831359,61.07829744238271,7.068374040753191,0.9,64.44000244140625,-0.6213015209858241,0.9641550239709546,True
historical_bootstrap,BZ=F,2025-10-30,65.0,4,2025-11-05,65.06640368339883,68.58865113994399,60.765920457893266,7.822730682050725,0.9,63.52000045776367,-1.54640322563516,2.4345138767173173,True
historical_bootstrap,BZ=F,2025-10-30,65.0,5,2025-11-06,64.99051892912783,69.13596776542545,60.082234138432,9.053733626993449,0.9,63.380001068115234,-1.610517861012596,2.541050542554825,True
historical_bootstrap,BZ=F,2025-10-30,65.0,6,2025-11-07,64.91764839811174,69.36652314770195,59.80982052954724,9.556702618154716,0.9,63.630001068115234,-1.2876473299965028,2.0236481351274693,True
historical_bootstrap,BZ=F,2025-10-30,65.0,7,2025-11-10,64.87667452044681,69.70997700234945,59.61399701256315,10.095979989786294,0.9,64.05999755859375,-0.8166769618530623,1.2748626178233498,True
historical_bootstrap,BZ=F,2025-10-31,65.06999969482422,0,2025-10-31,65.06999969482422,65.06999969482422,65.06999969482422,0.0,0.9,65.06999969482422,0.0,0.0,True
historical_bootstrap,BZ=F,2025-10-31,65.06999969482422,1,2025-11-03,65.087850765885,66.90115939479375,63.062583444225936,3.838575950567815,0.9,,,,
historical_bootstrap,BZ=F,2025-10-31,65.06999969482422,2,2025-11-04,65.18150669683021,67.84481974772675,61.89823719034099,5.946582557385753,0.9,64.44000244140625,-0.7415042554239619,1.1506893658146489,True
historical_bootstrap,BZ=F,2025-10-31,65.06999969482422,3,2025-11-05,65.18775328775519,68.22094996820348,61.13344425690478,7.087505711298704,0.9,63.52000045776367,-1.6677528299915139,2.6255554439116415,True
historical_bootstrap,BZ=F,2025-10-31,65.06999969482422,4,2025-11-06,65.2201510107605,68.69313143367282,60.74684681393915,7.946284619733667,0.9,63.380001068115234,-1.8401499426452688,2.9033605421805495,True
historical_bootstrap,BZ=F,2025-10-31,65.06999969482422,5,2025-11-07,65.04070327218939,69.2031420829102,60.196182372604326,9.006959710305878,0.9,63.630001068115234,-1.4107022040741555,2.2170394159887157,True
historical_bootstrap,BZ=F,2025-10-31,65.06999969482422,6,2025-11-10,65.01480240560771,69.3525402377304,59.74095014905354,9.611590088676856,0.9,64.05999755859375,-0.9548048470139605,1.4904853003477392,True
historical_bootstrap,BZ=F,2025-10-31,65.06999969482422,7,2025-11-11,64.96383853508732,69.59622976064787,59.66962581756322,9.92660394308465,0.9,65.16000366210938,0.19616512702205569,0.3010514364598263,True
historical_bootstrap,BZ=F,2025-11-04,64.44000244140625,0,2025-11-04,64.44000244140625,64.44000244140625,64.44000244140625,0.0,0.9,64.44000244140625,0.0,0.0,True
historical_bootstrap,BZ=F,2025-11-04,64.44000244140625,1,2025-11-05,64.44000244140625,66.30265577707723,62.32414879947158,3.9785069776056545,0.9,63.52000045776367,-0.9200019836425781,1.44836583282822,True
historical_bootstrap,BZ=F,2025-11-04,64.44000244140625,2,2025-11-06,64.52961928044851,67.0860259595602,61.20224330895621,5.88378265060399,0.9,63.380001068115234,-1.14961821233328,1.8138500993361801,True
historical_bootstrap,BZ=F,2025-11-04,64.44000244140625,3,2025-11-07,64.53277384943152,67.54184293253728,60.50846455077507,7.033378381762212,0.9,63.630001068115234,-0.9027727813162869,1.4187847967342926,True
historical_bootstrap,BZ=F,2025-11-04,64.44000244140625,4,2025-11-10,64.47471838880341,68.00250286402142,60.245128817622444,7.757374046398979,0.9,64.05999755859375,-0.4147208302096601,0.6473943896584252,True
historical_bootstrap,BZ=F,2025-11-04,64.44000244140625,5,2025-11-11,64.46320082576544,68.64037889431,59.55678749146686,9.083591402843147,0.9,65.16000366210938,0.6968028363439345,1.069372003042299,True
historical_bootstrap,BZ=F,2025-11-04,64.44000244140625,6,2025-11-12,64.44968163826096,68.78056204801152,59.49721602621025,9.283346021801265,0.9,62.709999084472656,-1.739682553788299,2.7741709124327736,True
historical_bootstrap,BZ=F,2025-11-04,64.44000244140625,7,2025-11-13,64.30344463858559,68.97321426950286,59.100242051003875,9.872972218498987,0.9,63.0099983215332,-1.2934463170523856,2.0527636113431855,True
historical_bootstrap,BZ=F,2025-11-05,63.52000045776367,0,2025-11-05,63.52000045776367,63.52000045776367,63.52000045776367,0.0,0.9,63.52000045776367,0.0,0.0,True
historical_bootstrap,BZ=F,2025-11-05,63.52000045776367,1,2025-11-06,63.557388133300805,65.3075410375365,61.41315449144245,3.894386546094047,0.9,63.380001068115234,-0.17738706518557024,0.27987860870328835,True
historical_bootstrap,BZ=F,2025-11-05,63.52000045776367,2,2025-11-07,63.6376691002685,66.2287229390487,60.409932368319176,5.818790570729519,0.9,63.630001068115234,-0.007668032153269166,0.012050969706979291,True
historical_bootstrap,BZ=F,2025-11-05,63.52000045776367,3,2025-11-10,63.67219652890434,66.67005977585526,59.705063990627735,6.964995785227529,0.9,64.05999755859375,0.3878010296894132,0.6053715961114474,True
historical_bootstrap,BZ=F,2025-11-05,63.52000045776367,4,2025-11-11,63.56976409204699,67.05207991889733,59.3760002633967,7.6760796555006365,0.9,65.16000366210938,1.590239570062387,2.440514856795678,True
historical_bootstrap,BZ=F,2025-11-05,63.52000045776367,5,2025-11-12,63.52000045776367,67.56888075244818,58.76227984933574,8.80660090311244,0.9,62.709999084472656,-0.8100013732910156,1.2916622310899961,True
historical_bootstrap,BZ=F,2025-11-05,63.52000045776367,6,2025-11-13,63.46931730755793,67.77127647855961,58.3178914801341,9.453384998425513,0.9,63.0099983215332,-0.45931898602472643,0.7289620667514881,True
historical_bootstrap,BZ=F,2025-11-05,63.52000045776367,7,2025-11-14,63.416368108805464,67.9784609811574,58.25663257734052,9.721828403816879,0.9,64.38999938964844,0.973631280842973,1.5120846250535878,True
historical_bootstrap,BZ=F,2025-11-06,63.380001068115234,0,2025-11-06,63.380001068115234,63.380001068115234,63.380001068115234,0.0,0.9,63.380001068115234,0.0,0.0,True
historical_bootstrap,BZ=F,2025-11-06,63.380001068115234,1,2025-11-07,63.39359462290859,65.13109180539674,61.27779863370904,3.853293171687696,0.9,63.630001068115234,0.23640644520664722,0.37153298953048364,True
historical_bootstrap,BZ=F,2025-11-06,63.380001068115234,2,2025-11-10,63.50247145882309,65.98869970606717,60.31605286966845,5.6726468363987195,0.9,64.05999755859375,0.5575260997706621,0.8703186403663375,True
historical_bootstrap,BZ=F,2025-11-06,63.380001068115234,3,2025-11-11,63.494696363654526,66.38879465020433,59.51497598881695,6.873818661387382,0.9,65.16000366210938,1.6653072984548487,2.5557200811258194,True
historical_bootstrap,BZ=F,2025-11-06,63.380001068115234,4,2025-11-12,63.50218217986697,66.90429575334862,59.25413072852646,7.650165024822158,0.9,62.709999084472656,-0.7921830953943143,1.2632484563222761,True
historical_bootstrap,BZ=F,2025-11-06,63.380001068115234,5,2025-11-13,63.356414383467126,67.4199575472152,58.58480098259338,8.835156564621826,0.9,63.0099983215332,-0.3464160619339225,0.5497795130325172,True
historical_bootstrap,BZ=F,2025-11-06,63.380001068115234,6,2025-11-14,63.33305026024617,67.55687522854132,58.41483701521966,9.142038213321655,0.9,64.38999938964844,1.0569491294022697,1.6414802600109801,True
historical_bootstrap,BZ=F,2025-11-06,63.380001068115234,7,2025-11-17,63.10267396205629,67.7887878732336,58.09334961794975,9.695438255283854,0.9,64.19999694824219,1.097322986185894,1.709225916428862,True
historical_bootstrap,BZ=F,2025-11-07,63.630001068115234,0,2025-11-07,63.630001068115234,63.630001068115234,63.630001068115234,0.0,0.9,63.630001068115234,0.0,0.0,True
historical_bootstrap,BZ=F,2025-11-07,63.630001068115234,1,2025-11-10,63.62125346828937,65.3719393476029,61.60629893628384,3.765640411319062,0.9,64.05999755859375,0.43874409030438244,0.6848955776232686,True
historical_bootstrap,BZ=F,2025-11-07,63.630001068115234,2,2025-11-11,63.67413609930379,66.18660345363791,60.52842964511539,5.658173808522527,0.9,65.16000366210938,1.4858675628055877,2.280336831333884,True
historical_bootstrap,BZ=F,2025-11-07,63.630001068115234,3,2025-11-12,63.72160635315702,66.69285187950764,59.76797960963264,6.924872269875003,0.9,62.709999084472656,-1.0116072686843651,1.613151464604063,True
historical_bootstrap,BZ=F,2025-11-07,63.630001068115234,4,2025-11-13,63.72654757573457,67.14301454300337,59.556445349516245,7.586569193487129,0.9,63.0099983215332,-0.7165492542013681,1.1371992910472632,True
historical_bootstrap,BZ=F,2025-11-07,63.630001068115234,5,2025-11-14,63.630001068115234,67.77757940546515,58.733059914367594,9.044519491097553,0.9,64.38999938964844,0.7599983215332031,1.1803049056331922,True
historical_bootstrap,BZ=F,2025-11-07,63.630001068115234,6,2025-11-17,63.63372640148371,67.81792245700827,58.6007910576163,9.217131399391967,0.9,64.19999694824219,0.5662705467584743,0.8820413920190676,True
historical_bootstrap,BZ=F,2025-11-07,63.630001068115234,7,2025-11-18,63.55571572972574,68.10623108883969,58.35751836283095,9.74871272600874,0.9,64.88999938964844,1.334283659922697,2.0562238749774875,True
historical_bootstrap,BZ=F,2025-11-10,64.05999755859375,0,2025-11-10,64.05999755859375,64.05999755859375,64.05999755859375,0.0,0.9,64.05999755859375,0.0,0.0,True
historical_bootstrap,BZ=F,2025-11-10,64.05999755859375,1,2025-11-11,64.08258479045973,65.82987554004997,61.91178041784613,3.9180951222038374,0.9,65.16000366210938,1.0774188716496411,1.653497254599084,True
historical_bootstrap,BZ=F,2025-11-10,64.05999755859375,2,2025-11-12,64.17866652737933,66.7788241729736,60.95698936655997,5.821834806413634,0.9,62.709999084472656,-1.4686674429066784,2.3419988268989287,True
historical_bootstrap,BZ=F,2025-11-10,64.05999755859375,3,2025-11-13,64.15222189047533,67.04984700597376,60.151138403879145,6.898708602094615,0.9,63.0099983215332,-1.1422235689421285,1.812765591761303,True
historical_bootstrap,BZ=F,2025-11-10,64.05999755859375,4,2025-11-14,64.10469979383625,67.62689184833762,60.022337232145205,7.6045546161924165,0.9,64.38999938964844,0.2852995958121909,0.4430806002741734,True
historical_bootstrap,BZ=F,2025-11-10,64.05999755859375,5,2025-11-17,64.02870990898104,68.12934454946647,59.15999122595426,8.969353323512209,0.9,64.19999694824219,0.17128703926114497,0.2668022545222798,True
historical_bootstrap,BZ=F,2025-11-10,64.05999755859375,6,2025-11-18,63.98487459193265,68.3467508259333,58.76931763095089,9.577433194982412,0.9,64.88999938964844,0.9051247977157857,1.3948602345959884,True
historical_bootstrap,BZ=F,2025-11-10,64.05999755859375,7,2025-11-19,63.88709096752463,68.56647688258987,58.51079209881354,10.055684783776329,0.9,63.5099983215332,-0.377092645991425,0.5937531978544722,True
historical_bootstrap,BZ=F,2025-11-11,65.16000366210938,0,2025-11-11,65.16000366210938,65.16000366210938,65.16000366210938,0.0,0.9,65.16000366210938,0.0,0.0,True
historical_bootstrap,BZ=F,2025-11-11,65.16000366210938,1,2025-11-12,65.1676870279142,66.94317950910326,62.97791677703615,3.96526273206711,0.9,62.709999084472656,-2.4576879434415417,3.9191324817768636,False
historical_bootstrap,BZ=F,2025-11-11,65.16000366210938,2,2025-11-13,65.25459453954672,67.83559173785024,61.886830374560844,5.9487613632893925,0.9,63.0099983215332,-2.2445962180135126,3.562285792422309,True
historical_bootstrap,BZ=F,2025-11-11,65.16000366210938,3,2025-11-14,65.2779201302605,68.25329803767679,61.18453790100567,7.068760136671116,0.9,64.38999938964844,-0.8879207406120599,1.3789730533136255,True
historical_bootstrap,BZ=F,2025-11-11,65.16000366210938,4,2025-11-17,65.25971140644106,68.75748860704451,60.83087105305027,7.926617553994241,0.9,64.19999694824219,-1.0597144581988687,1.650645651982206,True
historical_bootstrap,BZ=F,2025-11-11,65.16000366210938,5,2025-11-18,65.15049925268244,69.31342074220701,60.17585688178662,9.137563860420393,0.9,64.88999938964844,-0.2604998630339992,0.4014483980339741,True
historical_bootstrap,BZ=F,2025-11-11,65.16000366210938,6,2025-11-19,65.09620584467079,69.54906122180104,59.957048072852345,9.592013148948695,0.9,63.5099983215332,-1.5862075231375883,2.497571351060454,True
historical_bootstrap,BZ=F,2025-11-11,65.16000366210938,7,2025-11-20,64.91858568081062,69.74150059433612,59.696303070391956,10.04519752394416,0.9,63.380001068115234,-1.538584612695388,2.427555359366203,True
historical_bootstrap,BZ=F,2025-11-12,62.709999084472656,0,2025-11-12,62.709999084472656,62.709999084472656,62.709999084472656,0.0,0.9,62.709999084472656,0.0,0.0,True
historical_bootstrap,BZ=F,2025-11-12,62.709999084472656,1,2025-11-13,62.72722842041241,64.4747451064055,60.61635598074238,3.8583891256631304,0.9,63.0099983215332,0.28276990112079403,0.44876989153030894,True
historical_bootstrap,BZ=F,2025-11-12,62.709999084472656,2,2025-11-14,62.7930244296591,65.30420002960184,59.52544700810674,5.778753021495106,0.9,64.38999938964844,1.596974959989339,2.480159924098515,True
historical_bootstrap,BZ=F,2025-11-12,62.709999084472656,3,2025-11-17,62.79699288359162,65.6730883118058,59.06888039540535,6.604207916400448,0.9,64.19999694824219,1.4030040646505668,2.1853646905648043,True
historical_bootstrap,BZ=F,2025-11-12,62.709999084472656,4,2025-11-18,62.77374396374043,66.2871498724553,58.62774410091403,7.659405771541273,0.9,64.88999938964844,2.116255425908008,3.261296726480788,True
historical_bootstrap,BZ=F,2025-11-12,62.709999084472656,5,2025-11-19,62.700852039153986,66.70025346575325,58.041462201067894,8.658791264685355,0.9,63.5099983215332,0.809146282379217,1.2740455105710091,True
historical_bootstrap,BZ=F,2025-11-12,62.709999084472656,6,2025-11-20,62.66312075649285,66.84271871782792,57.79732272025629,9.045395997571632,0.9,63.380001068115234,0.7168803116223827,1.131082832977461,True
historical_bootstrap,BZ=F,2025-11-12,62.709999084472656,7,2025-11-21,62.540736321736425,67.12150899787072,57.45173266568682,9.6697763321839,0.9,62.560001373291016,0.019265051554590684,0.03079451907239821,True
historical_bootstrap,BZ=F,2025-11-13,63.0099983215332,0,2025-11-13,63.0099983215332,63.0099983215332,63.0099983215332,0.0,0.9,63.0099983215332,0.0,0.0,True
historical_bootstrap,BZ=F,2025-11-13,63.0099983215332,1,2025-11-14,63.02731008113286,64.83131705380583,60.94109811396201,3.8902189398438196,0.9,64.38999938964844,1.3626893085155771,2.1163058261103944,True
historical_bootstrap,BZ=F,2025-11-13,63.0099983215332,2,2025-11-17,63.11797520861156,65.58093915295883,59.956890994447456,5.624048158511378,0.9,64.19999694824219,1.0820217396306262,1.6853921979201159,True
historical_bootstrap,BZ=F,2025-11-13,63.0099983215332,3,2025-11-18,63.100200541782435,66.04300509892346,59.1987230388269,6.84428206009656,0.9,64.88999938964844,1.7897988478660025,2.7582044455243433,True
historical_bootstrap,BZ=F,2025-11-13,63.0099983215332,4,2025-11-19,63.104792053422166,66.51371871375105,58.905546862435,7.608171851316044,0.9,63.5099983215332,0.4052062681110371,0.6380196485907496,True
historical_bootstrap,BZ=F,2025-11-13,63.0099983215332,5,2025-11-20,62.9850780145234,67.11716317597168,58.235148008963094,8.88201516700859,0.9,63.380001068115234,0.3949230535918318,0.623103576737721,True
historical_bootstrap,BZ=F,2025-11-13,63.0099983215332,6,2025-11-21,62.956548481096796,67.24283857088145,57.97226526358367,9.270573307297774,0.9,62.560001373291016,-0.3965471078057803,0.6338668463889767,True
historical_bootstrap,BZ=F,2025-11-13,63.0099983215332,7,2025-11-24,63.0099983215332,67.56198197949394,57.785767140811544,9.776214838682392,0.9,63.369998931884766,0.3600006103515625,0.5680931299028749,True
historical_bootstrap,BZ=F,2025-11-14,64.38999938964844,0,2025-11-14,64.38999938964844,64.38999938964844,64.38999938964844,0.0,0.9,64.38999938964844,0.0,0.0,True
historical_bootstrap,BZ=F,2025-11-14,64.38999938964844,1,2025-11-17,64.40766391185682,66.16899480783403,62.23167594529266,3.9373188625413675,0.9,64.19999694824219,-0.20766696361462778,0.32346880605313444,True
historical_bootstrap,BZ=F,2025-11-14,64.38999938964844,2,2025-11-18,64.45028545984214,67.04026920464855,61.3120239138452,5.7282452908033505,0.9,64.88999938964844,0.4397139298063024,0.6776297333059426,True
historical_bootstrap,BZ=F,2025-11-14,64.38999938964844,3,2025-11-19,64.4821771560587,67.50714054162606,60.50510053901213,7.002040002613924,0.9,63.5099983215332,-0.9721788345254936,1.5307492681760537,True
historical_bootstrap,BZ=F,2025-11-14,64.38999938964844,4,2025-11-20,64.4885288745446,68.0629820147098,60.267789019834005,7.795192994875798,0.9,63.380001068115234,-1.1085278064293647,1.7490182829722847,True
historical_bootstrap,BZ=F,2025-11-14,64.38999938964844,5,2025-11-21,64.3503128123628,68.48030941532234,59.3969131190013,9.083396296321041,0.9,62.560001373291016,-1.790311439071786,2.861750958714222,True
historical_bootstrap,BZ=F,2025-11-14,64.38999938964844,6,2025-11-24,64.30253140942435,68.6988356492049,58.950678558648164,9.748157090556731,0.9,63.369998931884766,-0.9325324775395814,1.471567765910716,True
historical_bootstrap,BZ=F,2025-11-14,64.38999938964844,7,2025-11-25,64.22332238267283,68.91735617433352,59.019101978592865,9.898254195740655,0.9,62.47999954223633,-1.7433228404365053,2.7902094321528015,True
historical_bootstrap,BZ=F,2025-11-17,64.19999694824219,0,2025-11-17,64.19999694824219,64.19999694824219,64.19999694824219,0.0,0.9,64.19999694824219,0.0,0.0,True
historical_bootstrap,BZ=F,2025-11-17,64.19999694824219,1,2025-11-18,64.22263354318646,66.0557128690236,62.031737597330014,4.02397527169358,0.9,64.88999938964844,0.6673658464619763,1.0284571624891057,True
historical_bootstrap,BZ=F,2025-11-17,64.19999694824219,2,2025-11-19,64.34833486837888,66.85583645058495,61.05663485107208,5.7992015995128625,0.9,63.5099983215332,-0.8383365468456816,1.3200071941451175,True
historical_bootstrap,BZ=F,2025-11-17,64.19999694824219,3,2025-11-20,64.28711733799258,67.24771760984986,60.3033796028612,6.944338006988659,0.9,63.380001068115234,-0.9071162698773492,1.4312342293943174,True
historical_bootstrap,BZ=F,2025-11-17,64.19999694824219,4,2025-11-21,64.30085281860732,67.68328547050966,60.097912267891424,7.585373202618236,0.9,62.560001373291016,-1.7408514453163093,2.7826908681295803,True
historical_bootstrap,BZ=F,2025-11-17,64.19999694824219,5,2025-11-24,64.21611274493837,68.26074255149415,59.420535011659986,8.84020753983416,0.9,63.369998931884766,-0.8461138130536057,1.3351961927016562,True
historical_bootstrap,BZ=F,2025-11-17,64.19999694824219,6,2025-11-25,64.21573560332749,68.43091054611916,59.073696853413004,9.35721369270616,0.9,62.47999954223633,-1.7357360610911599,2.778066699436844,True
historical_bootstrap,BZ=F,2025-11-17,64.19999694824219,7,2025-11-26,64.15831150893295,68.80414051960553,58.87710161744477,9.927038902160753,0.9,63.130001068115234,-1.0283104408177195,1.6288775913502769,True
historical_bootstrap,BZ=F,2025-11-18,64.88999938964844,0,2025-11-18,64.88999938964844,64.88999938964844,64.88999938964844,0.0,0.9,64.88999938964844,0.0,0.0,True
historical_bootstrap,BZ=F,2025-11-18,64.88999938964844,1,2025-11-19,64.86032341019374,66.64853289699563,62.89139470215602,3.7571381948396123,0.9,63.5099983215332,-1.35032508866054,2.126161430243196,True
historical_bootstrap,BZ=F,2025-11-18,64.88999938964844,2,2025-11-20,64.984198309756,67.55481802114637,61.7128533730956,5.8419646480507765,0.9,63.380001068115234,-1.6041972416407617,2.5310779656136515,True
historical_bootstrap,BZ=F,2025-11-18,64.88999938964844,3,2025-11-21,65.00915743607968,68.04909810061311,61.13652061004426,6.91257749056885,0.9,62.560001373291016,-2.44915606278866,3.91489131877527,True
historical_bootstrap,BZ=F,2025-11-18,64.88999938964844,4,2025-11-24,65.00452579472416,68.49825871624515,60.73577931018275,7.762479406062397,0.9,63.369998931884766,-1.6345268628393939,2.5793386308816517,True
historical_bootstrap,BZ=F,2025-11-18,64.88999938964844,5,2025-11-25,64.87425939681991,69.02620590661054,59.89608923494536,9.130116671665185,0.9,62.47999954223633,-2.3942598545835807,3.832042048856078,True
historical_bootstrap,BZ=F,2025-11-18,64.88999938964844,6,2025-11-26,64.89759759414157,69.16382284440658,59.41394672566075,9.749876118745831,0.9,63.130001068115234,-1.7675965260263382,2.799931088420478,True
historical_bootstrap,BZ=F,2025-11-18,64.88999938964844,7,2025-11-27,64.847865927656,69.54362692449835,59.56279687698671,9.980830047511645,0.9,,,,
historical_bootstrap,BZ=F,2025-11-19,63.5099983215332,0,2025-11-19,63.5099983215332,63.5099983215332,63.5099983215332,0.0,0.9,63.5099983215332,0.0,0.0,True
historical_bootstrap,BZ=F,2025-11-19,63.5099983215332,1,2025-11-20,63.5099983215332,65.2480199403907,61.38117211206444,3.8668478283262644,0.9,63.380001068115234,-0.12999725341796875,0.20510768574815763,True
historical_bootstrap,BZ=F,2025-11-19,63.5099983215332,2,2025-11-21,63.62339771950146,66.21297173887709,60.47408872136305,5.738883017514034,0.9,62.560001373291016,-1.063396346210446,1.6998023063734233,True
historical_bootstrap,BZ=F,2025-11-19,63.5099983215332,3,2025-11-24,63.63271990842516,66.58540707383214,59.822429429693976,6.762977644138168,0.9,63.369998931884766,-0.2627209765403933,0.41458258003568405,True
historical_bootstrap,BZ=F,2025-11-19,63.5099983215332,4,2025-11-25,63.55431675727187,66.93020977149469,59.29048958484296,7.639720186651729,0.9,62.47999954223633,-1.074317215035542,1.7194577831411575,True
historical_bootstrap,BZ=F,2025-11-19,63.5099983215332,5,2025-11-26,63.5099983215332,67.73009589230006,58.75302688453678,8.977069007763276,0.9,63.130001068115234,-0.37999725341796875,0.6019281593357871,True
historical_bootstrap,BZ=F,2025-11-19,63.5099983215332,6,2025-11-27,63.51777522781862,67.7606049178706,58.6385466604593,9.122058257411297,0.9,,,,
historical_bootstrap,BZ=F,2025-11-19,63.5099983215332,7,2025-11-28,63.5175167932017,67.99081319306852,58.41715842424533,9.57365476882319,0.9,63.20000076293945,-0.3175160302622473,0.5023987759956469,True
historical_bootstrap,BZ=F,2025-11-20,63.380001068115234,0,2025-11-20,63.380001068115234,63.380001068115234,63.380001068115234,0.0,0.9,63.380001068115234,0.0,0.0,True
historical_bootstrap,BZ=F,2025-11-20,63.380001068115234,1,2025-11-21,63.3960198674655,65.13109180539674,61.255532307356106,3.87555949804063,0.9,62.560001373291016,-0.8360184941744819,1.3363466685143113,True
historical_bootstrap,BZ=F,2025-11-20,63.380001068115234,2,2025-11-24,63.424774944414445,65.9265586542406,60.190729157976136,5.735829496264458,0.9,63.369998931884766,-0.05477601252967901,0.08643839901047928,True
historical_bootstrap,BZ=F,2025-11-20,63.380001068115234,3,2025-11-25,63.50247145882309,66.46558716086473,59.546345490850186,6.919241670014543,0.9,62.47999954223633,-1.0224719165867597,1.636478751725296,True
historical_bootstrap,BZ=F,2025-11-20,63.380001068115234,4,2025-11-26,63.497591890547916,66.90903279633287,59.25399657942805,7.6550362169048185,0.9,63.130001068115234,-0.3675908224326818,0.5822759642219286,True
historical_bootstrap,BZ=F,2025-11-20,63.380001068115234,5,2025-11-27,63.39741448457524,67.59146061167607,58.63276657392688,8.95869403774919,0.9,,,,
historical_bootstrap,BZ=F,2025-11-20,63.380001068115234,6,2025-11-28,63.311649142408456,67.56009399087387,58.18935764584624,9.370736345027623,0.9,63.20000076293945,-0.11164837946900263,0.17665882614114362,True
historical_bootstrap,BZ=F,2025-11-20,63.380001068115234,7,2025-12-01,63.32993991259138,67.85164425579339,58.09334961794975,9.75829463784364,0.9,63.16999816894531,-0.1599417436460655,0.2531925728702865,True
historical_bootstrap,BZ=F,2025-11-21,62.560001373291016,0,2025-11-21,62.560001373291016,62.560001373291016,62.560001373291016,0.0,0.9,62.560001373291016,0.0,0.0,True
historical_bootstrap,BZ=F,2025-11-21,62.560001373291016,1,2025-11-24,62.556550001830566,64.3683128385722,60.462085787946606,3.9062270506255885,0.9,63.369998931884766,0.8134489300542,1.283649903369197,True
historical_bootstrap,BZ=F,2025-11-21,62.560001373291016,2,2025-11-25,62.64282812795075,65.12882863365601,59.51058585820217,5.618242775453844,0.9,62.47999954223633,-0.16282858571442205,0.2606091339747055,True
historical_bootstrap,BZ=F,2025-11-21,62.560001373291016,3,2025-11-26,62.64955939857249,65.60706564146685,58.92759197265418,6.679473668812669,0.9,63.130001068115234,0.48044166954274203,0.761035421216548,True
historical_bootstrap,BZ=F,2025-11-21,62.560001373291016,4,2025-11-27,62.670415491432585,66.01856783647212,58.478630844603785,7.5399369918683306,0.9,,,,
historical_bootstrap,BZ=F,2025-11-21,62.560001373291016,5,2025-11-28,62.560001373291016,66.54768958126229,57.98857716930536,8.559112411956932,0.9,63.20000076293945,0.6399993896484375,1.0126572498773352,True
historical_bootstrap,BZ=F,2025-11-21,62.560001373291016,6,2025-12-01,62.560001373291016,66.80523141705308,57.76141799018651,9.04381342686657,0.9,63.16999816894531,0.6099967956542969,0.9656432061670921,True
historical_bootstrap,BZ=F,2025-11-21,62.560001373291016,7,2025-12-02,62.511853070708106,67.0794762420263,57.37618053805104,9.703295703975265,0.9,62.45000076293945,-0.06185230776865325,0.09904292556127411,True
historical_bootstrap,BZ=F,2025-11-24,63.369998931884766,0,2025-11-24,63.369998931884766,63.369998931884766,63.369998931884766,0.0,0.9,63.369998931884766,0.0,0.0,True
historical_bootstrap,BZ=F,2025-11-24,63.369998931884766,1,2025-11-25,63.378055352158185,65.06778855376213,61.24581819223724,3.8219703615248903,0.9,62.47999954223633,-0.898055809921857,1.4373492581650442,True
historical_bootstrap,BZ=F,2025-11-24,63.369998931884766,2,2025-11-26,63.4873897016598,65.95476235723866,60.34078159281184,5.613980764426827,0.9,63.130001068115234,-0.3573886335445664,0.5661153611560303,True
historical_bootstrap,BZ=F,2025-11-24,63.369998931884766,3,2025-11-27,63.48636578881339,66.42033445582551,59.68913991716451,6.731194538661001,0.9,,,,
historical_bootstrap,BZ=F,2025-11-24,63.369998931884766,4,2025-11-28,63.52240159949384,66.84221808741746,59.235784731660075,7.606433355757389,0.9,63.20000076293945,-0.32240083655438667,0.5101278997823095,True
historical_bootstrap,BZ=F,2025-11-24,63.369998931884766,5,2025-12-01,63.360755617253346,67.4093178566397,58.6523274020812,8.756990454558505,0.9,63.16999816894531,-0.19075744830803387,0.30197475674743834,True
historical_bootstrap,BZ=F,2025-11-24,63.369998931884766,6,2025-12-02,63.39422503845324,67.54371121899402,58.0745778295632,9.469133389430823,0.9,62.45000076293945,-0.9442242755137897,1.5119683970830846,True
historical_bootstrap,BZ=F,2025-11-24,63.369998931884766,7,2025-12-03,63.24156802896118,67.84093643979669,58.084181779717326,9.756754660079366,0.9,62.66999816894531,-0.5715698600158703,0.9120310782123154,True
historical_bootstrap,BZ=F,2025-11-25,62.47999954223633,0,2025-11-25,62.47999954223633,62.47999954223633,62.47999954223633,0.0,0.9,62.47999954223633,0.0,0.0,True
historical_bootstrap,BZ=F,2025-11-25,62.47999954223633,1,2025-11-26,62.49095940068663,64.23827305925555,60.385698422596526,3.8525746366590212,0.9,63.130001068115234,0.6390416674286072,1.0122630391517051,True
historical_bootstrap,BZ=F,2025-11-25,62.47999954223633,2,2025-11-27,62.599161590379005,65.02451127777351,59.4933260192961,5.531185258477414,0.9,,,,
historical_bootstrap,BZ=F,2025-11-25,62.47999954223633,3,2025-11-28,62.585676383307714,65.54971355431266,58.68777740004602,6.861936154266637,0.9,63.20000076293945,0.6143243796317392,0.9720322345185473,True
historical_bootstrap,BZ=F,2025-11-25,62.47999954223633,4,2025-12-01,62.52839056938268,65.9034531465423,58.41271692020246,7.490736226339841,0.9,63.16999816894531,0.6416075995626329,1.0156840559765132,True
historical_bootstrap,BZ=F,2025-11-25,62.47999954223633,5,2025-12-02,62.483640921358116,66.61524095133981,57.80017619062404,8.81506476071577,0.9,62.45000076293945,-0.03364015841866319,0.05386734668965244,True
historical_bootstrap,BZ=F,2025-11-25,62.47999954223633,6,2025-12-03,62.49531653926543,66.68853697176763,57.322870981310935,9.365665990456698,0.9,62.66999816894531,0.1746816296798812,0.2787324633534786,True
historical_bootstrap,BZ=F,2025-11-25,62.47999954223633,7,2025-12-04,62.47999954223633,66.87532949589168,57.45852686489911,9.416802630992564,0.9,63.2599983215332,0.779998779296875,1.2330047423212933,True
historical_bootstrap,BZ=F,2025-11-26,63.130001068115234,0,2025-11-26,63.130001068115234,63.130001068115234,63.130001068115234,0.0,0.9,63.130001068115234,0.0,0.0,True
historical_bootstrap,BZ=F,2025-11-26,63.130001068115234,1,2025-11-27,63.14729405576101,64.82136074065934,61.012216272454786,3.8091444682045577,0.9,,,,
historical_bootstrap,BZ=F,2025-11-26,63.130001068115234,2,2025-11-28,63.23345607907707,65.66651385484326,60.110550243141944,5.555963611701316,0.9,63.20000076293945,-0.033455316137619207,0.05293562616100068,True
historical_bootstrap,BZ=F,2025-11-26,63.130001068115234,3,2025-12-01,63.22351164306222,66.18614528490566,59.464495884160144,6.72164940074552,0.9,63.16999816894531,-0.05351347411690455,0.08471343306641417,True
historical_bootstrap,BZ=F,2025-11-26,63.130001068115234,4,2025-12-02,63.22917601369989,66.62007938847772,59.01773266787396,7.602346720603762,0.9,62.45000076293945,-0.7791752507604386,1.2476785288092984,True
historical_bootstrap,BZ=F,2025-11-26,63.130001068115234,5,2025-12-03,63.11468798792686,67.09756652082055,58.353715466676334,8.743851054144216,0.9,62.66999816894531,-0.44468981898154425,0.7095736907200041,True
historical_bootstrap,BZ=F,2025-11-26,63.130001068115234,6,2025-12-04,63.130001068115234,67.3551751518616,58.08267363118451,9.272501520677089,0.9,63.2599983215332,0.12999725341796875,0.20549677026108726,True
historical_bootstrap,BZ=F,2025-11-26,63.130001068115234,7,2025-12-05,63.08013737691246,67.79376777342677,57.99464867738921,9.799119096037558,0.9,63.75,0.6698626230875391,1.0507648989608456,True
historical_bootstrap,BZ=F,2025-11-28,63.20000076293945,0,2025-11-28,63.20000076293945,63.20000076293945,63.20000076293945,0.0,0.9,63.20000076293945,0.0,0.0,True
historical_bootstrap,BZ=F,2025-11-28,63.20000076293945,1,2025-12-01,63.207443775009686,65.03282453477225,61.08062314650999,3.952201388262253,0.9,63.16999816894531,-0.03744560606437375,0.05927751646315892,True
historical_bootstrap,BZ=F,2025-11-28,63.20000076293945,2,2025-12-02,63.2423569200684,65.79510756043132,60.177201915905194,5.617905644526125,0.9,62.45000076293945,-0.7923561571289497,1.2687848638092705,True
historical_bootstrap,BZ=F,2025-11-28,63.20000076293945,3,2025-12-03,63.29361502411483,66.2595336880919,59.37723283417894,6.882300853912966,0.9,62.66999816894531,-0.6236168551695158,0.9950803787936521,True
historical_bootstrap,BZ=F,2025-11-28,63.20000076293945,4,2025-12-04,63.286032667642814,66.71900997968108,59.16141935050421,7.557590629176865,0.9,63.2599983215332,-0.026034346109611306,0.04115451596644988,True
historical_bootstrap,BZ=F,2025-11-28,63.20000076293945,5,2025-12-05,63.190782244687846,67.22143408494533,58.410783479048504,8.810650605896825,0.9,63.75,0.5592177553121545,0.8772043220582815,True
historical_bootstrap,BZ=F,2025-11-28,63.20000076293945,6,2025-12-08,63.22228476427519,67.42985979665315,58.20477726513903,9.225082531514119,0.9,62.4900016784668,-0.7322830858083904,1.1718404002871474,True
historical_bootstrap,BZ=F,2025-11-28,63.20000076293945,7,2025-12-09,63.191786950245664,67.64598121203672,57.96314856424402,9.682832647792694,0.9,61.939998626708984,-1.2517883235366796,2.020969246513511,True
historical_bootstrap,BZ=F,2025-12-01,63.16999816894531,0,2025-12-01,63.16999816894531,63.16999816894531,63.16999816894531,0.0,0.9,63.16999816894531,0.0,0.0,True
historical_bootstrap,BZ=F,2025-12-01,63.16999816894531,1,2025-12-02,63.22601306059468,64.91127687759955,61.160926067478094,3.7503508101214535,0.9,62.45000076293945,-0.7760122976552282,1.2426137520814053,True
historical_bootstrap,BZ=F,2025-12-01,63.16999816894531,2,2025-12-03,63.2146236917628,65.76387300544545,60.110100740293284,5.653772265152163,0.9,62.66999816894531,-0.5446255228174905,0.8690370811074435,True
historical_bootstrap,BZ=F,2025-12-01,63.16999816894531,3,2025-12-04,63.2995997130184,66.2115751944437,59.358706732270974,6.852868462172722,0.9,63.2599983215332,-0.039601391485199144,0.06260099989872928,True
historical_bootstrap,BZ=F,2025-12-01,63.16999816894531,4,2025-12-05,63.25598923218861,66.77338856961359,58.97307853085742,7.800310038756166,0.9,63.75,0.494010767811389,0.7749188514688454,True
historical_bootstrap,BZ=F,2025-12-01,63.16999816894531,5,2025-12-08,63.160784026950935,67.35173698243013,58.390686469398354,8.961050513031772,0.9,62.4900016784668,-0.6707823484841384,1.0734234765035715,True
historical_bootstrap,BZ=F,2025-12-01,63.16999816894531,6,2025-12-09,63.19227159151781,67.24249360728321,58.32462577651985,8.917867830763356,0.9,61.939998626708984,-1.2522729648088244,2.0217516831988354,True
historical_bootstrap,BZ=F,2025-12-01,63.16999816894531,7,2025-12-10,63.104653397059344,67.7335405748841,57.900863476632864,9.832677098251239,0.9,62.209999084472656,-0.8946543125866881,1.4381197970632826,True
historical_bootstrap,BZ=F,2025-12-02,62.45000076293945,0,2025-12-02,62.45000076293945,62.45000076293945,62.45000076293945,0.0,0.9,62.45000076293945,0.0,0.0,True
historical_bootstrap,BZ=F,2025-12-02,62.45000076293945,1,2025-12-03,62.48675863997018,64.12314207536899,60.39948778114316,3.723654294225831,0.9,62.66999816894531,0.18323952897512896,0.2923879596759413,True
historical_bootstrap,BZ=F,2025-12-02,62.45000076293945,2,2025-12-04,62.55814840385367,65.0204209141681,59.42497935573959,5.5954415584285115,0.9,63.2599983215332,0.7018499176795316,1.109468757985451,True
historical_bootstrap,BZ=F,2025-12-02,62.45000076293945,3,2025-12-05,62.542504095395934,65.4000764644234,58.68167198692304,6.718404477500364,0.9,63.75,1.207495904604066,1.894111222908339,True
historical_bootstrap,BZ=F,2025-12-02,62.45000076293945,4,2025-12-08,62.5439520212553,65.83834003417829,58.45198797865461,7.38635205552368,0.9,62.4900016784668,-0.05395034278850375,0.0863343596405988,True
historical_bootstrap,BZ=F,2025-12-02,62.45000076293945,5,2025-12-09,62.45000076293945,66.4306773320498,57.80081983187757,8.629857500172228,0.9,61.939998626708984,-0.5100021362304688,0.8233809291861238,True
historical_bootstrap,BZ=F,2025-12-02,62.45000076293945,6,2025-12-10,62.47202031806,66.62901660775,57.55769256372994,9.071324044020066,0.9,62.209999084472656,-0.2620212335873404,0.42118829359176085,True
historical_bootstrap,BZ=F,2025-12-02,62.45000076293945,7,2025-12-11,62.45948646422564,66.93028658073199,57.32311211893788,9.60717446179411,0.9,61.279998779296875,-1.179487684928766,1.9247514824155803,True
historical_bootstrap,BZ=F,2025-12-03,62.66999816894531,0,2025-12-03,62.66999816894531,62.66999816894531,62.66999816894531,0.0,0.9,62.66999816894531,0.0,0.0,True
historical_bootstrap,BZ=F,2025-12-03,62.66999816894531,1,2025-12-04,62.6508494337212,64.36749214081544,60.56839390094625,3.7990982398691955,0.9,63.2599983215332,0.6091488878120046,0.9629290293620749,True
historical_bootstrap,BZ=F,2025-12-03,62.66999816894531,2,2025-12-05,62.76097437800965,65.2494733363262,59.64037329121708,5.609100045109123,0.9,63.75,0.9890256219903506,1.5514127403770206,True
historical_bootstrap,BZ=F,2025-12-03,62.66999816894531,3,2025-12-08,62.75083703226972,65.68663892832917,58.84644970413836,6.840189224190816,0.9,62.4900016784668,-0.2608353538029249,0.417403339409423,True
historical_bootstrap,BZ=F,2025-12-03,62.66999816894531,4,2025-12-09,62.820717358798376,66.07027380273392,58.71994860745563,7.350325195278295,0.9,61.939998626708984,-0.8807187320893917,1.4218901382242188,True
historical_bootstrap,BZ=F,2025-12-03,62.66999816894531,5,2025-12-10,62.69255935222017,66.81781464518383,57.92851543756426,8.889299207619572,0.9,62.209999084472656,-0.48256026774751604,0.7756956676566822,True
historical_bootstrap,BZ=F,2025-12-03,62.66999816894531,6,2025-12-11,62.62314974331067,66.80008165860156,57.665866816487274,9.134214842114282,0.9,61.279998779296875,-1.3431509640137946,2.1918260293235696,True
historical_bootstrap,BZ=F,2025-12-03,62.66999816894531,7,2025-12-12,62.59529602458076,67.09519200540966,57.645110270110365,9.450081735299293,0.9,61.119998931884766,-1.475297092695996,2.413771463478169,True
historical_bootstrap,BZ=F,2025-12-04,63.2599983215332,0,2025-12-04,63.2599983215332,63.2599983215332,63.2599983215332,0.0,0.9,63.2599983215332,0.0,0.0,True
historical_bootstrap,BZ=F,2025-12-04,63.2599983215332,1,2025-12-05,63.27737876769079,65.00777356978902,61.39380591004755,3.6139676597414763,0.9,63.75,0.4726212323092085,0.7413666389164054,True
historical_bootstrap,BZ=F,2025-12-04,63.2599983215332,2,2025-12-08,63.34375184208523,65.84027499354647,60.34622892551611,5.494046068030364,0.9,62.4900016784668,-0.8537501636184359,1.3662188201102683,True
historical_bootstrap,BZ=F,2025-12-04,63.2599983215332,3,2025-12-09,63.36699442969229,66.24833749918491,59.7124399952309,6.535897503954011,0.9,61.939998626708984,-1.4269958029833063,2.3038357032962145,True
historical_bootstrap,BZ=F,2025-12-04,63.2599983215332,4,2025-12-10,63.38194809739438,66.7823482338306,59.21012996391073,7.572218269919873,0.9,62.209999084472656,-1.171949012921722,1.883859556613039,True
historical_bootstrap,BZ=F,2025-12-04,63.2599983215332,5,2025-12-11,63.25077105187998,67.29230560742721,58.54907775796341,8.7432278494638,0.9,61.279998779296875,-1.9707722725831047,3.216012258226284,True
historical_bootstrap,BZ=F,2025-12-04,63.2599983215332,6,2025-12-12,63.28324292649863,67.42896405086223,58.208756097082464,9.22020795377977,0.9,61.119998931884766,-2.1632439946138646,3.5393390582756616,True
historical_bootstrap,BZ=F,2025-12-04,63.2599983215332,7,2025-12-15,63.19456045103063,67.70790304765443,58.34855303200684,9.359350015647586,0.9,60.560001373291016,-2.634559077739617,4.350328629453344,True
historical_bootstrap,BZ=F,2025-12-05,63.75,0,2025-12-05,63.75,63.75,63.75,0.0,0.9,63.75,0.0,0.0,True
historical_bootstrap,BZ=F,2025-12-05,63.75,1,2025-12-08,63.75,65.44449011278755,61.78650716557154,3.6579829472160057,0.9,62.4900016784668,-1.2599983215332031,2.016319871483347,True
historical_bootstrap,BZ=F,2025-12-05,63.75,2,2025-12-09,63.879650515317536,66.46345497552845,60.702617821984305,5.760837153544145,0.9,61.939998626708984,-1.9396518886085516,3.131501342610879,True
historical_bootstrap,BZ=F,2025-12-05,63.75,3,2025-12-10,63.84177804217169,66.83615856999867,59.89396435891518,6.942194211083496,0.9,62.209999084472656,-1.6317789576990336,2.6230171704122696,True
historical_bootstrap,BZ=F,2025-12-05,63.75,4,2025-12-11,63.89710537015262,67.38647530000297,59.75929425547486,7.627181044528108,0.9,61.279998779296875,-2.617106590855748,4.2707353834672785,True
historical_bootstrap,BZ=F,2025-12-05,63.75,5,2025-12-12,63.75,67.81354088359566,58.97263988286348,8.840901000732181,0.9,61.119998931884766,-2.6300010681152344,4.303012293973109,True
historical_bootstrap,BZ=F,2025-12-05,63.75,6,2025-12-15,63.75,67.95125786115076,58.71130547245952,9.239952388691243,0.9,60.560001373291016,-3.1899986267089844,5.267500915407641,True
historical_bootstrap,BZ=F,2025-12-05,63.75,7,2025-12-16,63.75,68.24774768713111,58.56421337922119,9.683534307909923,0.9,58.91999816894531,-4.8300018310546875,8.19755937059824,True
historical_bootstrap,BZ=F,2025-12-08,62.4900016784668,0,2025-12-08,62.4900016784668,62.4900016784668,62.4900016784668,0.0,0.9,62.4900016784668,0.0,0.0,True
historical_bootstrap,BZ=F,2025-12-08,62.4900016784668,1,2025-12-09,62.54541359511474,64.21650311847573,60.43817528761413,3.778327830861599,0.9,61.939998626708984,-0.6054149684057535,0.9774216690807191,True
historical_bootstrap,BZ=F,2025-12-08,62.4900016784668,2,2025-12-10,62.597087474919775,65.03887138828676,59.7167340501619,5.322137338124868,0.9,62.209999084472656,-0.3870883904471185,0.6222285744153533,True
historical_bootstrap,BZ=F,2025-12-08,62.4900016784668,3,2025-12-11,62.57996575704492,65.32385170053885,58.9412089715707,6.38264272896815,0.9,61.279998779296875,-1.299966977748042,2.121356076441746,True
historical_bootstrap,BZ=F,2025-12-08,62.4900016784668,4,2025-12-12,62.58817120818628,65.9446982792496,58.42206794383416,7.522630335415435,0.9,61.119998931884766,-1.468172276301516,2.402114368388196,True
historical_bootstrap,BZ=F,2025-12-08,62.4900016784668,5,2025-12-15,62.50983431699974,66.62590507937924,58.178681861093004,8.447223218286233,0.9,60.560001373291016,-1.9498329437087278,3.2196712343019684,True
historical_bootstrap,BZ=F,2025-12-08,62.4900016784668,6,2025-12-16,62.51389136547396,66.67234178804867,57.69678753073685,8.97555425731182,0.9,58.91999816894531,-3.593893196528647,6.099615254948978,True
historical_bootstrap,BZ=F,2025-12-08,62.4900016784668,7,2025-12-17,62.43300190448586,66.88376679348048,57.46772513662631,9.416041656854162,0.9,59.68000030517578,-2.753001599310082,4.612938313057157,True
historical_bootstrap,BZ=F,2025-12-09,61.939998626708984,0,2025-12-09,61.939998626708984,61.939998626708984,61.939998626708984,0.0,0.9,61.939998626708984,0.0,0.0,True
historical_bootstrap,BZ=F,2025-12-09,61.939998626708984,1,2025-12-10,61.97731415631393,63.73628186309929,60.06157230010997,3.674709562989321,0.9,62.209999084472656,0.23268492815872577,0.37403139621135745,True
historical_bootstrap,BZ=F,2025-12-09,61.939998626708984,2,2025-12-11,62.0085356714386,64.4894272686963,58.979138267158405,5.510289001537899,0.9,61.279998779296875,-0.7285368921417259,1.1888657092921782,True
historical_bootstrap,BZ=F,2025-12-09,61.939998626708984,3,2025-12-12,62.02203881218454,64.93853443200348,58.46646458166399,6.472069850339487,0.9,61.119998931884766,-0.9020398802997747,1.4758506152872382,True
historical_bootstrap,BZ=F,2025-12-09,61.939998626708984,4,2025-12-15,62.085944773860845,65.30232666094722,58.03662180603945,7.265704854907767,0.9,60.560001373291016,-1.5259434005698296,2.519721542217173,True
historical_bootstrap,BZ=F,2025-12-09,61.939998626708984,5,2025-12-16,62.04392434277849,65.97741796046967,57.41387965769848,8.563538302771185,0.9,58.91999816894531,-3.1239261738331763,5.301979414316563,True
historical_bootstrap,BZ=F,2025-12-09,61.939998626708984,6,2025-12-17,61.947251404953654,66.11216259142549,56.99415694559795,9.118005645827537,0.9,59.68000030517578,-2.267251099777873,3.799013217466831,True
historical_bootstrap,BZ=F,2025-12-09,61.939998626708984,7,2025-12-18,61.93194857068317,66.31004545908834,56.986052928806174,9.323992530282169,0.9,59.81999969482422,-2.1119488758589497,3.53050633004547,True
historical_bootstrap,BZ=F,2025-12-10,62.209999084472656,0,2025-12-10,62.209999084472656,62.209999084472656,62.209999084472656,0.0,0.9,62.209999084472656,0.0,0.0,True
historical_bootstrap,BZ=F,2025-12-10,62.209999084472656,1,2025-12-11,62.261219211125976,63.912444780826256,60.16736643176102,3.7450783490652384,0.9,61.279998779296875,-0.9812204318291009,1.6012083083797337,True
historical_bootstrap,BZ=F,2025-12-10,62.209999084472656,2,2025-12-12,62.278834886610426,64.74330799544381,59.23623214322725,5.507075852216566,0.9,61.119998931884766,-1.1588359547256601,1.896001267959978,True
historical_bootstrap,BZ=F,2025-12-10,62.209999084472656,3,2025-12-15,62.268671691307816,65.16324999694848,58.611541484856566,6.551708512091913,0.9,60.560001373291016,-1.7086703180168001,2.821450262995504,True
historical_bootstrap,BZ=F,2025-12-10,62.209999084472656,4,2025-12-16,62.26905680631012,65.66923489146096,58.22735106827488,7.441883823186082,0.9,58.91999816894531,-3.3490586373648057,5.68407797257872,True
historical_bootstrap,BZ=F,2025-12-10,62.209999084472656,5,2025-12-17,62.27560896216988,66.26501779008463,57.917997249175656,8.347020540908971,0.9,59.68000030517578,-2.595608656994102,4.349210193903093,True
historical_bootstrap,BZ=F,2025-12-10,62.209999084472656,6,2025-12-18,62.218480063904565,66.38909756171677,57.53766562441684,8.851431937299928,0.9,59.81999969482422,-2.398480369080346,4.009495789562615,True
historical_bootstrap,BZ=F,2025-12-10,62.209999084472656,7,2025-12-19,62.055081231563435,66.59909523347054,57.23445881705377,9.364636416416765,0.9,60.470001220703125,-1.5850800108603096,2.621266708884447,True
historical_bootstrap,BZ=F,2025-12-11,61.279998779296875,0,2025-12-11,61.279998779296875,61.279998779296875,61.279998779296875,0.0,0.9,61.279998779296875,0.0,0.0,True
historical_bootstrap,BZ=F,2025-12-11,61.279998779296875,1,2025-12-12,61.316125728243534,62.92269621415511,59.3310366217207,3.591659592434411,0.9,61.119998931884766,-0.19612679635876873,0.32088808865547,True
historical_bootstrap,BZ=F,2025-12-11,61.279998779296875,2,2025-12-15,61.36895716677566,63.80226205880429,58.36906358896217,5.433198469842118,0.9,60.560001373291016,-0.8089557934846425,1.3357922310771595,True
historical_bootstrap,BZ=F,2025-12-11,61.279998779296875,3,2025-12-16,61.36797264105522,64.24658377384175,57.84347687488054,6.403106898961212,0.9,58.91999816894531,-2.4479744721099053,4.154742953471692,True
historical_bootstrap,BZ=F,2025-12-11,61.279998779296875,4,2025-12-17,61.37376934571083,64.77557841765177,57.50671324689382,7.268865170757955,0.9,59.68000030517578,-1.6937690405350523,2.8380848389308055,True
historical_bootstrap,BZ=F,2025-12-11,61.279998779296875,5,2025-12-18,61.26116402396861,65.27746853809506,56.98325929013198,8.294209247963082,0.9,59.81999969482422,-1.4411643291443923,2.4091680650227176,True
historical_bootstrap,BZ=F,2025-12-11,61.279998779296875,6,2025-12-19,61.289203328473924,65.31617925079402,56.840264354671646,8.475914896122376,0.9,60.470001220703125,-0.8192021077707992,1.3547248077288425,True
historical_bootstrap,BZ=F,2025-12-11,61.279998779296875,7,2025-12-22,61.18002097432382,65.67473282671925,56.52227874558783,9.152454081131417,0.9,62.06999969482422,0.8899787205004017,1.4338307151218073,True
historical_bootstrap,BZ=F,2025-12-12,61.119998931884766,0,2025-12-12,61.119998931884766,61.119998931884766,61.119998931884766,0.0,0.9,61.119998931884766,0.0,0.0,True
historical_bootstrap,BZ=F,2025-12-12,61.119998931884766,1,2025-12-15,61.15597397395698,62.77636458301298,59.237509834739186,3.538854748273792,0.9,60.560001373291016,-0.5959726006659665,0.9841026868417646,True
historical_bootstrap,BZ=F,2025-12-12,61.119998931884766,2,2025-12-16,61.15900080077482,63.50692855508207,58.21726668697923,5.28966186810284,0.9,58.91999816894531,-2.239002631829507,3.8000724735419418,True
historical_bootstrap,BZ=F,2025-12-12,61.119998931884766,3,2025-12-17,61.251826342351244,64.0788382809349,57.64900836332936,6.429829917605545,0.9,59.68000030517578,-1.5718260371754624,2.633756751236385,True
historical_bootstrap,BZ=F,2025-12-12,61.119998931884766,4,2025-12-18,61.21194930398663,64.5231925548612,57.26829740783612,7.254895147025074,0.9,59.81999969482422,-1.3919496091624097,2.3268967172576644,True
historical_bootstrap,BZ=F,2025-12-12,61.119998931884766,5,2025-12-19,61.111083808168154,65.00224358425776,56.90319855494221,8.099045029315548,0.9,60.470001220703125,-0.6410825874650286,1.060166321355292,True
historical_bootstrap,BZ=F,2025-12-12,61.119998931884766,6,2025-12-22,61.042563088508615,65.21001399754876,56.382796452936674,8.827217544612083,0.9,62.06999969482422,1.0274366063156037,1.655286952420072,True
historical_bootstrap,BZ=F,2025-12-12,61.119998931884766,7,2025-12-23,61.045644833850865,65.41754804946855,56.2316366058018,9.185911443666747,0.9,62.380001068115234,1.3343562342643693,2.139076966041299,True
historical_bootstrap,BZ=F,2025-12-15,60.560001373291016,0,2025-12-15,60.560001373291016,60.560001373291016,60.560001373291016,0.0,0.9,60.560001373291016,0.0,0.0,True
historical_bootstrap,BZ=F,2025-12-15,60.560001373291016,1,2025-12-16,60.59453388143897,62.229335614925105,58.63393816685406,3.595397448071047,0.9,58.91999816894531,-1.6745357124936575,2.842049837972071,True
historical_bootstrap,BZ=F,2025-12-15,60.560001373291016,2,2025-12-17,60.61670155233011,62.94005414752559,57.67192315973638,5.268130987789213,0.9,59.68000030517578,-0.9367012471543319,1.569539615221979,True
historical_bootstrap,BZ=F,2025-12-15,60.560001373291016,3,2025-12-18,60.633364925304484,63.49173105544496,57.16385621342673,6.327874842018225,0.9,59.81999969482422,-0.8133652304802652,1.3596877877460767,True
historical_bootstrap,BZ=F,2025-12-15,60.560001373291016,4,2025-12-19,60.60690535363526,63.84579526300339,56.74359015499488,7.102205108008512,0.9,60.470001220703125,-0.13690413293213766,0.22640008296422157,True
historical_bootstrap,BZ=F,2025-12-15,60.560001373291016,5,2025-12-22,60.59241314166811,64.41345081258413,56.492598748383685,7.920852064200446,0.9,62.06999969482422,1.477586553156108,2.380516449848345,True
historical_bootstrap,BZ=F,2025-12-15,60.560001373291016,6,2025-12-23,60.500707393939386,64.6125426416479,55.86620239351071,8.746340248137194,0.9,62.380001068115234,1.8792936741758481,3.0126541231119437,True
historical_bootstrap,BZ=F,2025-12-15,60.560001373291016,7,2025-12-24,60.43726544479928,64.81806529155197,55.53890224764998,9.279163043901995,0.9,62.2400016784668,1.8027362336675168,2.8964270325384813,True
historical_bootstrap,BZ=F,2025-12-16,58.91999816894531,0,2025-12-16,58.91999816894531,58.91999816894531,58.91999816894531,0.0,0.9,58.91999816894531,0.0,0.0,True
historical_bootstrap,BZ=F,2025-12-16,58.91999816894531,1,2025-12-17,58.9361862164153,60.578088328392994,56.985390968675524,3.5926973597174694,0.9,59.68000030517578,0.7438140887604803,1.2463372737214489,True
historical_bootstrap,BZ=F,2025-12-16,58.91999816894531,2,2025-12-18,59.0055306123489,61.2873564173361,56.110130943125554,5.177225474210545,0.9,59.81999969482422,0.8144690824753198,1.3615330769481595,True
historical_bootstrap,BZ=F,2025-12-16,58.91999816894531,3,2025-12-19,59.00482267210932,61.59195261968566,55.36512574565364,6.226826874032014,0.9,60.470001220703125,1.465178548593805,2.422984155806783,True
historical_bootstrap,BZ=F,2025-12-16,58.91999816894531,4,2025-12-22,59.02931421384364,62.177330732956506,55.23164718603989,6.945683546916612,0.9,62.06999969482422,3.040685480980578,4.898800541212391,True
historical_bootstrap,BZ=F,2025-12-16,58.91999816894531,5,2025-12-23,58.89807126151619,62.66942236610119,54.6145585938864,8.054863772214787,0.9,62.380001068115234,3.481929806599041,5.581804660113714,True
historical_bootstrap,BZ=F,2025-12-16,58.91999816894531,6,2025-12-24,58.92689732442433,62.88874047782284,54.499513080774044,8.3892273970488,0.9,62.2400016784668,3.3131043540424656,5.3231109651282384,True
historical_bootstrap,BZ=F,2025-12-16,58.91999816894531,7,2025-12-25,58.820796381711304,63.0555851333904,54.445514877318715,8.610070256071687,0.9,,,,
historical_bootstrap,BZ=F,2025-12-17,59.68000030517578,0,2025-12-17,59.68000030517578,59.68000030517578,59.68000030517578,0.0,0.9,59.68000030517578,0.0,0.0,True
historical_bootstrap,BZ=F,2025-12-17,59.68000030517578,1,2025-12-18,59.70140290081158,61.32507734928069,57.93991778458759,3.3851595646930974,0.9,59.81999969482422,0.1185967940126389,0.19825609264070293,True
historical_bootstrap,BZ=F,2025-12-17,59.68000030517578,2,2025-12-19,59.71256894217994,62.11425444142309,56.8456569758366,5.268597465586495,0.9,60.470001220703125,0.7574322785231828,1.2525752658061144,True
historical_bootstrap,BZ=F,2025-12-17,59.68000030517578,3,2025-12-22,59.738574642934864,62.552716544217354,56.22788723969187,6.324829304525487,0.9,62.06999969482422,2.3314250518893544,3.7561222222525052,True
historical_bootstrap,BZ=F,2025-12-17,59.68000030517578,4,2025-12-23,59.740969102798964,62.97934881935661,55.945908794560744,7.0334400247958655,0.9,62.380001068115234,2.6390319653162706,4.230573773851984,True
historical_bootstrap,BZ=F,2025-12-17,59.68000030517578,5,2025-12-24,59.69498147024533,63.43074168680155,55.31492590607004,8.11581578073151,0.9,62.2400016784668,2.545020208221466,4.089042640726611,True
historical_bootstrap,BZ=F,2025-12-17,59.68000030517578,6,2025-12-25,59.61860328086888,63.61303670416558,55.004692839125156,8.608343865040425,0.9,,,,
historical_bootstrap,BZ=F,2025-12-17,59.68000030517578,7,2025-12-26,59.60739800362307,63.87619003732047,54.90680871141335,8.969381325907122,0.9,60.63999938964844,1.0326013860253695,1.702838714410739,True
historical_bootstrap,BZ=F,2025-12-18,59.81999969482422,0,2025-12-18,59.81999969482422,59.81999969482422,59.81999969482422,0.0,0.9,59.81999969482422,0.0,0.0,True
historical_bootstrap,BZ=F,2025-12-18,59.81999969482422,1,2025-12-19,59.838763469581096,61.440297953099176,57.917471659676494,3.522826293422682,0.9,60.470001220703125,0.6312377511220291,1.0438857919286961,True
historical_bootstrap,BZ=F,2025-12-18,59.81999969482422,2,2025-12-22,59.899544329588956,62.259964187833944,56.960479679782466,5.299484508051478,0.9,62.06999969482422,2.170455365235263,3.496786492519105,True
historical_bootstrap,BZ=F,2025-12-18,59.81999969482422,3,2025-12-23,59.895092695281264,62.64583677098973,56.33988969759269,6.305947073397043,0.9,62.380001068115234,2.4849083728339707,3.983501651628058,True
historical_bootstrap,BZ=F,2025-12-18,59.81999969482422,4,2025-12-24,59.87628229600002,63.12243003198379,55.92587602338667,7.1965540085971185,0.9,62.2400016784668,2.363719382466776,3.797749548076496,True
historical_bootstrap,BZ=F,2025-12-18,59.81999969482422,5,2025-12-25,59.8389849468505,63.63303521508458,55.36661300980196,8.266422205282623,0.9,,,,
historical_bootstrap,BZ=F,2025-12-18,59.81999969482422,6,2025-12-26,59.81999969482422,63.82364151525723,55.13372473232053,8.689916782936699,0.9,60.63999938964844,0.8199996948242188,1.3522422544156505,True
historical_bootstrap,BZ=F,2025-12-18,59.81999969482422,7,2025-12-29,59.61600632925622,64.02603299262482,54.90902333977547,9.117009652849347,0.9,61.939998626708984,2.3239922974527616,3.752005729704099,True
historical_bootstrap,BZ=F,2025-12-19,60.470001220703125,0,2025-12-19,60.470001220703125,60.470001220703125,60.470001220703125,0.0,0.9,60.470001220703125,0.0,0.0,True
historical_bootstrap,BZ=F,2025-12-19,60.470001220703125,1,2025-12-22,60.53512247657192,62.17171060769837,58.60753198000147,3.5641786276969043,0.9,62.06999969482422,1.5348772182522978,2.4728165390667556,True
historical_bootstrap,BZ=F,2025-12-19,60.470001220703125,2,2025-12-23,60.58532979383761,62.82891720752721,57.579409785023785,5.249507422503427,0.9,62.380001068115234,1.7946712742776256,2.876997825501721,True
historical_bootstrap,BZ=F,2025-12-19,60.470001220703125,3,2025-12-24,60.5432557447984,63.202879751509286,56.97219156560308,6.230688185906203,0.9,62.2400016784668,1.6967459336683959,2.72613413867471,True
historical_bootstrap,BZ=F,2025-12-19,60.470001220703125,4,2025-12-25,60.531777079413686,63.808551048596826,56.60624612071118,7.202304927885649,0.9,,,,
historical_bootstrap,BZ=F,2025-12-19,60.470001220703125,5,2025-12-26,60.4413621556192,64.32446901978402,56.40864329276701,7.915825727017008,0.9,60.63999938964844,0.19863723402923483,0.3275680013663444,True
historical_bootstrap,BZ=F,2025-12-19,60.470001220703125,6,2025-12-29,60.39338889044604,64.53221137565336,55.78317784552681,8.749033530126553,0.9,61.939998626708984,1.546609736262944,2.4969482895597523,True
historical_bootstrap,BZ=F,2025-12-19,60.470001220703125,7,2025-12-30,60.39940504865082,64.7239322323905,55.771849913284356,8.95208231910614,0.9,61.91999816894531,1.5205931202944925,2.4557383159890245,True
historical_bootstrap,BZ=F,2025-12-22,62.06999969482422,0,2025-12-22,62.06999969482422,62.06999969482422,62.06999969482422,0.0,0.9,62.06999969482422,0.0,0.0,True
historical_bootstrap,BZ=F,2025-12-22,62.06999969482422,1,2025-12-23,62.10739354310552,63.7092901742232,60.1551337558909,3.5541564183322976,0.9,62.380001068115234,0.2726075250097111,0.43701109384727316,True
historical_bootstrap,BZ=F,2025-12-22,62.06999969482422,2,2025-12-24,62.13868058665132,64.6377250053537,59.31537149480823,5.322353510545469,0.9,62.2400016784668,0.10132109181547833,0.16279095289698944,True
historical_bootstrap,BZ=F,2025-12-22,62.06999969482422,3,2025-12-25,62.178653713612945,65.0748288947928,58.54505880320094,6.529770091591864,0.9,,,,
historical_bootstrap,BZ=F,2025-12-22,62.06999969482422,4,2025-12-26,62.13341010418269,65.5216826825639,58.24807024785647,7.273612434707438,0.9,60.63999938964844,-1.4934107145342495,2.462748564587193,True
historical_bootstrap,BZ=F,2025-12-22,62.06999969482422,5,2025-12-29,62.0420539601918,65.9960197935138,57.37391160979741,8.622108183716385,0.9,61.939998626708984,-0.10205533348281648,0.16476483007025683,True
historical_bootstrap,BZ=F,2025-12-22,62.06999969482422,6,2025-12-30,62.012298753784535,66.22358670912558,57.113777569484434,9.10980913964115,0.9,61.91999816894531,-0.09230058483922221,0.1490642564093512,True
historical_bootstrap,BZ=F,2025-12-22,62.06999969482422,7,2025-12-31,61.938464274925515,66.38755156391889,57.0784481815762,9.309103382342691,0.9,60.849998474121094,-1.0884658008044212,1.788768821855164,True
historical_bootstrap,BZ=F,2025-12-23,62.380001068115234,0,2025-12-23,62.380001068115234,62.380001068115234,62.380001068115234,0.0,0.9,62.380001068115234,0.0,0.0,True
historical_bootstrap,BZ=F,2025-12-23,62.380001068115234,1,2025-12-24,62.41671774354239,64.03807628451678,60.58626321294161,3.4518130715751667,0.9,62.2400016784668,-0.17671606507559545,0.28392683211757364,True
historical_bootstrap,BZ=F,2025-12-23,62.380001068115234,2,2025-12-25,62.488027487223725,64.85439667471763,59.41742836356634,5.436968311151297,0.9,,,,
historical_bootstrap,BZ=F,2025-12-23,62.380001068115234,3,2025-12-26,62.46930141322523,65.34132236349902,58.616373226069136,6.724949137429881,0.9,60.63999938964844,-1.829302023576794,3.0166590402193596,True
historical_bootstrap,BZ=F,2025-12-23,62.380001068115234,4,2025-12-29,62.40895844546633,65.7205745118595,58.39420575806132,7.326368753798178,0.9,61.939998626708984,-0.46895981875734805,0.7571195175247052,True
historical_bootstrap,BZ=F,2025-12-23,62.380001068115234,5,2025-12-30,62.44579023868369,66.34227904249157,57.660458918925194,8.681820123566375,0.9,61.91999816894531,-0.5257920697383796,0.8491474245586778,True
historical_bootstrap,BZ=F,2025-12-23,62.380001068115234,6,2025-12-31,62.29053894666029,66.48850953136663,57.595224373859985,8.893285157506646,0.9,60.849998474121094,-1.4405404725391975,2.3673632024031113,True
historical_bootstrap,BZ=F,2025-12-23,62.380001068115234,7,2026-01-01,62.24780870990485,66.75844518346722,57.39086408429058,9.36758109917664,0.9,,,,
historical_bootstrap,BZ=F,2025-12-24,62.2400016784668,0,2025-12-24,62.2400016784668,62.2400016784668,62.2400016784668,0.0,0.9,62.2400016784668,0.0,0.0,True
historical_bootstrap,BZ=F,2025-12-24,62.2400016784668,1,2025-12-25,62.25952453668012,63.89501373199158,60.26050738383259,3.634506348158993,0.9,,,,
historical_bootstrap,BZ=F,2025-12-24,62.2400016784668,2,2025-12-26,62.29827478214145,64.7407550038638,59.2718050340978,5.468949969765994,0.9,60.63999938964844,-1.6582753924930103,2.734623036253009,True
historical_bootstrap,BZ=F,2025-12-24,62.2400016784668,3,2025-12-29,62.27034854611402,65.18015723281115,58.70540641360773,6.474750819203422,0.9,61.939998626708984,-0.33034991940503744,0.5333385965923934,True
historical_bootstrap,BZ=F,2025-12-24,62.2400016784668,4,2025-12-30,62.34985101906147,65.59667249905304,58.252078382054236,7.344594116998806,0.9,61.91999816894531,-0.4298528501161556,0.6942068198117929,True
historical_bootstrap,BZ=F,2025-12-24,62.2400016784668,5,2025-12-31,62.216839241304484,66.15163285631779,58.04032564399527,8.111307212322522,0.9,60.849998474121094,-1.3668407671833904,2.2462461815256978,True
historical_bootstrap,BZ=F,2025-12-24,62.2400016784668,6,2026-01-01,62.17287918084891,66.40496484928718,57.364144723936874,9.040820125350308,0.9,,,,
historical_bootstrap,BZ=F,2025-12-24,62.2400016784668,7,2026-01-02,61.97151302704641,66.5715790415556,57.17704688660101,9.394532154954582,0.9,60.75,-1.221513027046413,2.0107210321751654,True
historical_bootstrap,BZ=F,2025-12-26,60.63999938964844,0,2025-12-26,60.63999938964844,60.63999938964844,60.63999938964844,0.0,0.9,60.63999938964844,0.0,0.0,True
historical_bootstrap,BZ=F,2025-12-26,60.63999938964844,1,2025-12-29,60.64826769610411,62.24449590917099,58.71139190922865,3.533103999942341,0.9,61.939998626708984,1.2917309306048779,2.085455213503789,True
historical_bootstrap,BZ=F,2025-12-26,60.63999938964844,2,2025-12-30,60.69677446798984,63.04537523935827,57.84690771901669,5.19846752034158,0.9,61.91999816894531,1.2232237009554723,1.9754905315371194,True
historical_bootstrap,BZ=F,2025-12-26,60.63999938964844,3,2025-12-31,60.722288807598865,63.47022848071936,57.13235640852421,6.337872072195154,0.9,60.849998474121094,0.12770966652222882,0.20987620332733858,True
historical_bootstrap,BZ=F,2025-12-26,60.63999938964844,4,2026-01-01,60.722546455878245,63.99242048319879,56.903108917782106,7.089311565416686,0.9,,,,
historical_bootstrap,BZ=F,2025-12-26,60.63999938964844,5,2026-01-02,60.61269748310123,64.45107435495453,56.22134603685344,8.229728318101088,0.9,60.75,0.13730251689877093,0.2260123734959192,True
historical_bootstrap,BZ=F,2025-12-26,60.63999938964844,6,2026-01-05,60.56317168059858,64.71362955905663,56.084526027194606,8.629103531862022,0.9,61.7599983215332,1.1968266409346242,1.9378670230911248,True
historical_bootstrap,BZ=F,2025-12-26,60.63999938964844,7,2026-01-06,60.451091417951275,64.90368808761976,55.766406202711515,9.13728188490824,0.9,60.70000076293945,0.24890934498817785,0.4100648136073008,True
historical_bootstrap,BZ=F,2025-12-29,61.939998626708984,0,2025-12-29,61.939998626708984,61.939998626708984,61.939998626708984,0.0,0.9,61.939998626708984,0.0,0.0,True
historical_bootstrap,BZ=F,2025-12-29,61.939998626708984,1,2025-12-30,61.95696564101135,63.5863784739095,60.06010636666106,3.526272107248438,0.9,61.91999816894531,-0.036967472066038454,0.05970199153619924,True
historical_bootstrap,BZ=F,2025-12-29,61.939998626708984,2,2025-12-31,62.02200452436341,64.39694088144752,58.9396812605174,5.457259620930117,0.9,60.849998474121094,-1.1720060502423166,1.9260576493535317,True
historical_bootstrap,BZ=F,2025-12-29,61.939998626708984,3,2026-01-01,62.0537395621649,64.83090211910134,58.43200949244486,6.398892626656476,0.9,,,,
historical_bootstrap,BZ=F,2025-12-29,61.939998626708984,4,2026-01-02,61.947403100450295,65.33386407329833,58.03596046550568,7.297903607792648,0.9,60.75,-1.1974031004502947,1.9710339102062466,True
historical_bootstrap,BZ=F,2025-12-29,61.939998626708984,5,2026-01-05,61.939998626708984,65.85779596385866,57.32878554476794,8.529010419090724,0.9,61.7599983215332,-0.18000030517578125,0.2914512792546862,True
historical_bootstrap,BZ=F,2025-12-29,61.939998626708984,6,2026-01-06,61.858605271929,66.02197362514238,57.04436361312054,8.977610012021842,0.9,60.70000076293945,-1.1586045089895478,1.9087388705552322,True
historical_bootstrap,BZ=F,2025-12-29,61.939998626708984,7,2026-01-07,61.66632255734934,66.29509220776433,56.80448234708189,9.49060986068244,0.9,59.959999084472656,-1.706323472876683,2.845769678002806,True
historical_bootstrap,BZ=F,2025-12-30,61.91999816894531,0,2025-12-30,61.91999816894531,61.91999816894531,61.91999816894531,0.0,0.9,61.91999816894531,0.0,0.0,True
historical_bootstrap,BZ=F,2025-12-30,61.91999816894531,1,2025-12-31,61.955306174110476,63.57893981404302,59.950681334212746,3.628258479830272,0.9,60.849998474121094,-1.1053076999893818,1.816446553337973,True
historical_bootstrap,BZ=F,2025-12-30,61.91999816894531,2,2026-01-01,62.03055856416065,64.35349982153271,59.17202694388121,5.181472877651501,0.9,,,,
historical_bootstrap,BZ=F,2025-12-30,61.91999816894531,3,2026-01-02,61.94733654265307,64.75639442451308,58.16176529728974,6.594629127223335,0.9,60.75,-1.197336542653069,1.9709243500462041,True
historical_bootstrap,BZ=F,2025-12-30,61.91999816894531,4,2026-01-05,61.96823189101377,65.31276773461724,58.01788175068082,7.2948859839364175,0.9,61.7599983215332,-0.20823356948056926,0.3371657628558689,True
historical_bootstrap,BZ=F,2025-12-30,61.91999816894531,5,2026-01-06,61.88975571998241,65.83653044729768,57.64800412146376,8.18852632583392,0.9,60.70000076293945,-1.1897549570429575,1.9600575652206014,True
historical_bootstrap,BZ=F,2025-12-30,61.91999816894531,6,2026-01-07,61.87371039945001,66.0635474130988,57.26836714815127,8.795180264947533,0.9,59.959999084472656,-1.9137113149773555,3.1916466714438854,True
historical_bootstrap,BZ=F,2025-12-30,61.91999816894531,7,2026-01-08,61.872342434573085,66.27593326299522,56.96765210268427,9.308281160310955,0.9,61.9900016784668,0.11765924389371207,0.18980358236477168,True
historical_bootstrap,BZ=F,2025-12-31,60.849998474121094,0,2025-12-31,60.849998474121094,60.849998474121094,60.849998474121094,0.0,0.9,60.849998474121094,0.0,0.0,True
historical_bootstrap,BZ=F,2025-12-31,60.849998474121094,1,2026-01-01,60.885814594760106,62.51522624377151,58.810334247678774,3.7048919960927336,0.9,,,,
historical_bootstrap,BZ=F,2025-12-31,60.849998474121094,2,2026-01-02,60.89220524035395,63.22638372391893,58.047234199604375,5.179149524314553,0.9,60.75,-0.14220524035395243,0.23408270017111513,True
historical_bootstrap,BZ=F,2025-12-31,60.849998474121094,3,2026-01-05,60.926384448486516,63.64001318827718,57.156709209453005,6.483303978824175,0.9,61.7599983215332,0.8336138730466871,1.3497634321600034,True
historical_bootstrap,BZ=F,2025-12-31,60.849998474121094,4,2026-01-06,60.94559161819512,64.18413976932743,56.96196329646687,7.222176472860561,0.9,60.70000076293945,-0.2455908552556636,0.4045977795203089,True
historical_bootstrap,BZ=F,2025-12-31,60.849998474121094,5,2026-01-07,60.85709123710535,64.69885167517161,56.744113618757915,7.954738056413696,0.9,59.959999084472656,-0.8970921526326947,1.4961510445803314,True
historical_bootstrap,BZ=F,2025-12-31,60.849998474121094,6,2026-01-08,60.76733926440497,64.86014019083346,55.767803671379596,9.092336519453866,0.9,61.9900016784668,1.2226624140618298,1.9723542199653479,True
historical_bootstrap,BZ=F,2025-12-31,60.849998474121094,7,2026-01-09,60.70444974776518,65.13066145319789,55.971038367046276,9.159623086151612,0.9,63.34000015258789,2.635550404822709,4.1609573704982505,True
historical_bootstrap,BZ=F,2026-01-02,60.75,0,2026-01-02,60.75,60.75,60.75,0.0,0.9,60.75,0.0,0.0,True
historical_bootstrap,BZ=F,2026-01-02,60.75,1,2026-01-05,60.76406713231382,62.424571546888984,58.71368767685231,3.7108838700366746,0.9,61.7599983215332,0.9959311892193838,1.6125829279243085,True
historical_bootstrap,BZ=F,2026-01-02,60.75,2,2026-01-06,60.83043039058703,63.12247999252811,57.84602404212622,5.276455950401896,0.9,60.70000076293945,-0.1304296276475796,0.21487582538419628,True
historical_bootstrap,BZ=F,2026-01-02,60.75,3,2026-01-07,60.83427481061446,63.63394141734824,57.23599417466893,6.397947242679308,0.9,59.959999084472656,-0.8742757261418035,1.458098298017165,True
historical_bootstrap,BZ=F,2026-01-02,60.75,4,2026-01-08,60.811443165970594,64.12805141242947,56.920966684671015,7.207084727758456,0.9,61.9900016784668,1.1785585124962026,1.901207421495511,True
historical_bootstrap,BZ=F,2026-01-02,60.75,5,2026-01-09,60.76524976161731,64.60874291153863,56.5587266463347,8.05001626520393,0.9,63.34000015258789,2.5747503909705785,4.064967453059568,True
historical_bootstrap,BZ=F,2026-01-02,60.75,6,2026-01-12,60.69352614491066,64.75355160886132,56.41617776253003,8.337373846331282,0.9,63.869998931884766,3.1764727869741023,4.973340911374846,True
historical_bootstrap,BZ=F,2026-01-02,60.75,7,2026-01-13,60.759227483524356,65.01403455359333,56.03342856061753,8.980605992975804,0.9,65.47000122070312,4.710773737178769,7.195316403460083,False
historical_bootstrap,BZ=F,2026-01-05,61.7599983215332,0,2026-01-05,61.7599983215332,61.7599983215332,61.7599983215332,0.0,0.9,61.7599983215332,0.0,0.0,True
historical_bootstrap,BZ=F,2026-01-05,61.7599983215332,1,2026-01-06,61.781774585274945,63.432843828419806,59.79577015608973,3.637073672330075,0.9,60.70000076293945,-1.0817738223354922,1.7821644295529766,True
historical_bootstrap,BZ=F,2026-01-05,61.7599983215332,2,2026-01-07,61.803627770546875,64.14973647392287,59.01912779074728,5.130608683175595,0.9,59.959999084472656,-1.8436286860742186,3.0747643666186244,True
historical_bootstrap,BZ=F,2026-01-05,61.7599983215332,3,2026-01-08,61.84180009469443,64.73283594207963,58.26172649392037,6.471109448159261,0.9,61.9900016784668,0.14820158377236936,0.2390733662842431,True
historical_bootstrap,BZ=F,2026-01-05,61.7599983215332,4,2026-01-09,61.823092034998666,65.19421148304262,57.89522848053506,7.298983002507562,0.9,63.34000015258789,1.5169081175892245,2.3948659834779744,True
historical_bootstrap,BZ=F,2026-01-05,61.7599983215332,5,2026-01-12,61.782231905096275,65.58960092361588,57.65813051427502,7.931470409340854,0.9,63.869998931884766,2.087767026788491,3.268775734621548,True
historical_bootstrap,BZ=F,2026-01-05,61.7599983215332,6,2026-01-13,61.69952943147058,65.80722378780757,56.82852946947753,8.978694318330042,0.9,65.47000122070312,3.770471789232545,5.7590831204081825,True
historical_bootstrap,BZ=F,2026-01-05,61.7599983215332,7,2026-01-14,61.687896132357714,66.10243581296892,56.63940607351836,9.463029739450562,0.9,66.5199966430664,4.832100510708692,7.264132222731188,False
historical_bootstrap,BZ=F,2026-01-06,60.70000076293945,0,2026-01-06,60.70000076293945,60.70000076293945,60.70000076293945,0.0,0.9,60.70000076293945,0.0,0.0,True
historical_bootstrap,BZ=F,2026-01-06,60.70000076293945,1,2026-01-07,60.70715822586154,62.302742275076646,58.85917929077818,3.4435629842984667,0.9,59.959999084472656,-0.7471591413888845,1.246095985318936,True
historical_bootstrap,BZ=F,2026-01-06,60.70000076293945,2,2026-01-08,60.74288139215562,63.138878087263784,57.90414541589523,5.234732671368555,0.9,61.9900016784668,1.2471202863111799,2.011808763580638,True
historical_bootstrap,BZ=F,2026-01-06,60.70000076293945,3,2026-01-09,60.78648183764421,63.56740821118841,57.175588222179854,6.391819989008553,0.9,63.34000015258789,2.5535183149436804,4.031446651077015,True
historical_bootstrap,BZ=F,2026-01-06,60.70000076293945,4,2026-01-12,60.78262950689658,64.0510125484257,56.874118867272124,7.1768936811535795,0.9,63.869998931884766,3.0873694249881822,4.833833531578354,True
historical_bootstrap,BZ=F,2026-01-06,60.70000076293945,5,2026-01-13,60.70000076293945,64.5148466671297,56.51217696433581,8.002669702793895,0.9,65.47000122070312,4.770000457763672,7.285780309799793,False
historical_bootstrap,BZ=F,2026-01-06,60.70000076293945,6,2026-01-14,60.61294800969183,64.77821061631663,55.9953509083672,8.782859707949427,0.9,66.5199966430664,5.907048633374579,8.880109638415458,False
historical_bootstrap,BZ=F,2026-01-06,60.70000076293945,7,2026-01-15,60.575928305445494,64.96790824685633,56.090341094642895,8.87756715221343,0.9,63.7599983215332,3.184070016087709,4.993836417671887,True
historical_bootstrap,BZ=F,2026-01-07,59.959999084472656,0,2026-01-07,59.959999084472656,59.959999084472656,59.959999084472656,0.0,0.9,59.959999084472656,0.0,0.0,True
historical_bootstrap,BZ=F,2026-01-07,59.959999084472656,1,2026-01-08,59.967060524212044,61.50437942496047,57.952050645585246,3.552328779375223,0.9,61.9900016784668,2.0229411542547524,3.26333456925434,False
historical_bootstrap,BZ=F,2026-01-07,59.959999084472656,2,2026-01-09,60.03938354778067,62.33840170977074,57.11235795573224,5.2260437540385,0.9,63.34000015258789,3.3006166048072174,5.210951368575839,False
historical_bootstrap,BZ=F,2026-01-07,59.959999084472656,3,2026-01-12,60.04632083074072,62.7601887049487,56.67675971188258,6.083428993066121,0.9,63.869998931884766,3.823678101144047,5.986657531060667,False
historical_bootstrap,BZ=F,2026-01-07,59.959999084472656,4,2026-01-13,60.00697369789464,63.18903200571684,56.18139921713629,7.007632788580551,0.9,65.47000122070312,5.463027522808488,8.344321706047186,False
historical_bootstrap,BZ=F,2026-01-07,59.959999084472656,5,2026-01-14,59.96698810785321,63.78627832963386,55.57856390114896,8.207714428484898,0.9,66.5199966430664,6.553008535213195,9.851185907863746,False
historical_bootstrap,BZ=F,2026-01-07,59.959999084472656,6,2026-01-15,59.96734128737105,63.9723895275091,55.262756625515905,8.709632901993196,0.9,63.7599983215332,3.792657034162154,5.94833302070726,True
historical_bootstrap,BZ=F,2026-01-07,59.959999084472656,7,2026-01-16,59.92106670095817,64.17805257243683,55.16441325792253,9.013639314514293,0.9,64.12999725341797,4.2089305524597975,6.563122926432796,True
historical_bootstrap,BZ=F,2026-01-08,61.9900016784668,0,2026-01-08,61.9900016784668,61.9900016784668,61.9900016784668,0.0,0.9,61.9900016784668,0.0,0.0,True
historical_bootstrap,BZ=F,2026-01-08,61.9900016784668,1,2026-01-09,62.00329711031052,63.57522944979637,60.11005893193051,3.4651705178658574,0.9,63.34000015258789,1.336703042277371,2.110361602553228,True
historical_bootstrap,BZ=F,2026-01-08,61.9900016784668,2,2026-01-12,62.020343077572505,64.48071020446648,59.23371398421319,5.246996220253287,0.9,63.869998931884766,1.8496558543122603,2.89596975926813,True
historical_bootstrap,BZ=F,2026-01-08,61.9900016784668,3,2026-01-13,62.02022665156539,64.7982281252367,58.59560512534255,6.202622999894153,0.9,65.47000122070312,3.4497745691377375,5.269244699581339,False
historical_bootstrap,BZ=F,2026-01-08,61.9900016784668,4,2026-01-14,62.02970795213192,65.32835656946257,58.08347373158606,7.24488283787651,0.9,66.5199966430664,4.490288690934484,6.750284001107991,False
historical_bootstrap,BZ=F,2026-01-08,61.9900016784668,5,2026-01-15,62.00556271135986,65.92750751489564,57.80719452221352,8.120312992682116,0.9,63.7599983215332,1.7544356101733456,2.7516243042008246,True
historical_bootstrap,BZ=F,2026-01-08,61.9900016784668,6,2026-01-16,61.93741707623496,66.06983411565632,57.23513937918448,8.834694736471839,0.9,64.12999725341797,2.192580177183011,3.418961907200381,True
historical_bootstrap,BZ=F,2026-01-08,61.9900016784668,7,2026-01-19,61.9900016784668,66.34107178767324,57.177157704081154,9.16391408359209,0.9,,,,
historical_bootstrap,BZ=F,2026-01-09,63.34000015258789,0,2026-01-09,63.34000015258789,63.34000015258789,63.34000015258789,0.0,0.9,63.34000015258789,0.0,0.0,True
historical_bootstrap,BZ=F,2026-01-09,63.34000015258789,1,2026-01-12,63.37728188050289,65.0235923722353,61.59079677508073,3.4327955971545663,0.9,63.869998931884766,0.4927170513818737,0.7714373878530045,True
historical_bootstrap,BZ=F,2026-01-09,63.34000015258789,2,2026-01-13,63.42422544853974,65.81362785775238,60.52901011767277,5.284617740079611,0.9,65.47000122070312,2.0457757721633882,3.124752915868996,True
historical_bootstrap,BZ=F,2026-01-09,63.34000015258789,3,2026-01-14,63.433821786220044,66.33285735002778,59.752721540609464,6.580135809418316,0.9,66.5199966430664,3.0861748568463625,4.639469351458611,False
historical_bootstrap,BZ=F,2026-01-09,63.34000015258789,4,2026-01-15,63.40013061658479,66.83675607245955,59.37635816794766,7.460397904511893,0.9,63.7599983215332,0.3598677049484138,0.5644098406867089,True
historical_bootstrap,BZ=F,2026-01-09,63.34000015258789,5,2026-01-16,63.46717493410765,67.3774069006192,59.06610115691551,8.311305743703699,0.9,64.12999725341797,0.6628223193103153,1.0335604985153628,True
historical_bootstrap,BZ=F,2026-01-09,63.34000015258789,6,2026-01-19,63.25676710094942,67.511736642382,58.15263269253991,9.359103949842094,0.9,,,,
historical_bootstrap,BZ=F,2026-01-09,63.34000015258789,7,2026-01-20,63.21053146432063,67.78582647810627,58.261391415103404,9.52443506300287,0.9,64.91999816894531,1.7094667046246812,2.633189699383587,True
historical_bootstrap,BZ=F,2026-01-12,63.869998931884766,0,2026-01-12,63.869998931884766,63.869998931884766,63.869998931884766,0.0,0.9,63.869998931884766,0.0,0.0,True
historical_bootstrap,BZ=F,2026-01-12,63.869998931884766,1,2026-01-13,63.89966151080499,65.55995922244526,61.985811285807834,3.5741479366374236,0.9,65.47000122070312,1.5703397098981355,2.398563740062308,True
historical_bootstrap,BZ=F,2026-01-12,63.869998931884766,2,2026-01-14,63.9117798731599,66.40349752189258,60.82406847891275,5.579429042979825,0.9,66.5199966430664,2.6082167699065053,3.920951445475408,False
historical_bootstrap,BZ=F,2026-01-12,63.869998931884766,3,2026-01-15,63.985580949558035,66.7633916613447,60.24283650092201,6.520555160422688,0.9,63.7599983215332,-0.22558262802483142,0.35379961412051514,True
historical_bootstrap,BZ=F,2026-01-12,63.869998931884766,4,2026-01-16,63.98585874284078,67.31457727288607,59.93953576305381,7.375041509832258,0.9,64.12999725341797,0.14413851057718574,0.22475988889817633,True
historical_bootstrap,BZ=F,2026-01-12,63.869998931884766,5,2026-01-19,63.86068268593895,67.83311973167609,59.20284975323384,8.63026997844225,0.9,,,,
historical_bootstrap,BZ=F,2026-01-12,63.869998931884766,6,2026-01-20,63.80904442172408,68.05549590781189,58.91965334029321,9.13584256751868,0.9,64.91999816894531,1.110953747221231,1.7112658326485584,True
historical_bootstrap,BZ=F,2026-01-12,63.869998931884766,7,2026-01-21,63.73833913587331,68.2173562344492,58.74889482930857,9.46846140514063,0.9,65.23999786376953,1.5016587278962206,2.301745519722271,True
historical_bootstrap,BZ=F,2026-01-13,65.47000122070312,0,2026-01-13,65.47000122070312,65.47000122070312,65.47000122070312,0.0,0.9,65.47000122070312,0.0,0.0,True
historical_bootstrap,BZ=F,2026-01-13,65.47000122070312,1,2026-01-14,65.49348024140079,67.19850154227944,63.27271628050919,3.925785261770258,0.9,66.5199966430664,1.0265164016656172,1.5431696534407662,True
historical_bootstrap,BZ=F,2026-01-13,65.47000122070312,2,2026-01-15,65.54244423816513,68.13606358904508,62.34776740499684,5.788296184048242,0.9,63.7599983215332,-1.7824459166319286,2.7955551498657365,True
historical_bootstrap,BZ=F,2026-01-13,65.47000122070312,3,2026-01-16,65.5884786743544,68.57801188925005,61.944279675099274,6.6337322141507755,0.9,64.12999725341797,-1.4584814209364367,2.274257731796025,True
historical_bootstrap,BZ=F,2026-01-13,65.47000122070312,4,2026-01-19,65.50527206229778,68.99576493857305,61.373667603940255,7.622097334632791,0.9,,,,
historical_bootstrap,BZ=F,2026-01-13,65.47000122070312,5,2026-01-20,65.47763249782525,69.52965299931633,61.052379310539614,8.477273688776712,0.9,64.91999816894531,-0.5576343288799421,0.8589561685272633,True
historical_bootstrap,BZ=F,2026-01-13,65.47000122070312,6,2026-01-21,65.47784273617589,69.69020840673463,60.108192677548246,9.58201572918638,0.9,65.23999786376953,-0.237844872406356,0.364569099010411,True
historical_bootstrap,BZ=F,2026-01-13,65.47000122070312,7,2026-01-22,65.33126069961928,69.98348608971017,60.20822425649625,9.775261833213918,0.9,64.05999755859375,-1.2712631410255284,1.9844882757960494,True
historical_bootstrap,BZ=F,2026-01-14,66.5199966430664,0,2026-01-14,66.5199966430664,66.5199966430664,66.5199966430664,0.0,0.9,66.5199966430664,0.0,0.0,True
historical_bootstrap,BZ=F,2026-01-14,66.5199966430664,1,2026-01-15,66.55792765815869,68.27621832391215,64.50267478788423,3.7735435360279155,0.9,63.7599983215332,-2.7979293366254865,4.388220530552559,False
historical_bootstrap,BZ=F,2026-01-14,66.5199966430664,2,2026-01-16,66.56457783604138,69.19271673182723,63.34020288225473,5.852513849572503,0.9,64.12999725341797,-2.4345805826234113,3.796321046144523,True
historical_bootstrap,BZ=F,2026-01-14,66.5199966430664,3,2026-01-19,66.58783433983402,69.5366023222457,62.78962082551941,6.746981496726292,0.9,,,,
historical_bootstrap,BZ=F,2026-01-14,66.5199966430664,4,2026-01-20,66.55583315170745,70.07732016315943,62.427079696042675,7.6502404671167525,0.9,64.91999816894531,-1.635834982762134,2.5197705312700402,True
historical_bootstrap,BZ=F,2026-01-14,66.5199966430664,5,2026-01-21,66.48750750122241,70.64475634446035,61.65920514645712,8.985551198003229,0.9,65.23999786376953,-1.247509637452879,1.9121852824977983,True
historical_bootstrap,BZ=F,2026-01-14,66.5199966430664,6,2026-01-22,66.432584860587,70.70328656731913,61.364258774871466,9.33902779244766,0.9,64.05999755859375,-2.3725873019932493,3.7036955860373166,True
historical_bootstrap,BZ=F,2026-01-14,66.5199966430664,7,2026-01-23,66.34780602263481,71.10586792360546,61.10888278258225,9.99698514102321,0.9,65.87999725341797,-0.46780876921684467,0.7100922718884508,True
historical_bootstrap,BZ=F,2026-01-15,63.7599983215332,0,2026-01-15,63.7599983215332,63.7599983215332,63.7599983215332,0.0,0.9,63.7599983215332,0.0,0.0,True
historical_bootstrap,BZ=F,2026-01-15,63.7599983215332,1,2026-01-16,63.7599983215332,65.48701628801663,61.62469486305842,3.8623214249582105,0.9,64.12999725341797,0.3699989318847656,0.5769514232515356,True
historical_bootstrap,BZ=F,2026-01-15,63.7599983215332,2,2026-01-19,63.80504064134349,66.3564261352054,60.7318863075049,5.624539827700495,0.9,,,,
historical_bootstrap,BZ=F,2026-01-15,63.7599983215332,3,2026-01-20,63.85444207253571,66.7868312421838,60.26868177580387,6.518149466379924,0.9,64.91999816894531,1.0655560964096011,1.641337224989808,True
historical_bootstrap,BZ=F,2026-01-15,63.7599983215332,4,2026-01-21,63.80994997794868,67.27994071251408,59.77065633803789,7.509284374476188,0.9,65.23999786376953,1.4300478858208479,2.1919802768954604,True
historical_bootstrap,BZ=F,2026-01-15,63.7599983215332,5,2026-01-22,63.77171697294688,67.79291335510015,59.36105870021985,8.431854654880304,0.9,64.05999755859375,0.28828058564687353,0.45001654173213473,True
historical_bootstrap,BZ=F,2026-01-15,63.7599983215332,6,2026-01-23,63.78247977518212,67.96191509291047,58.970140523588896,8.991774569321578,0.9,65.87999725341797,2.0975174782358508,3.1838457281159465,True
historical_bootstrap,BZ=F,2026-01-15,63.7599983215332,7,2026-01-26,63.69404323737082,68.19472559744402,58.57339838056557,9.621327216878448,0.9,65.58999633789062,1.8959531005198045,2.890613212955057,True
historical_bootstrap,BZ=F,2026-01-16,64.12999725341797,0,2026-01-16,64.12999725341797,64.12999725341797,64.12999725341797,0.0,0.9,64.12999725341797,0.0,0.0,True
historical_bootstrap,BZ=F,2026-01-16,64.12999725341797,1,2026-01-19,64.14375166517043,65.82683693722022,62.0243224690434,3.802514468176824,0.9,,,,
historical_bootstrap,BZ=F,2026-01-16,64.12999725341797,2,2026-01-20,64.23989342317236,66.74575982502309,61.17615551580187,5.569604309221219,0.9,64.91999816894531,0.680104745772951,1.047604382247628,True
historical_bootstrap,BZ=F,2026-01-16,64.12999725341797,3,2026-01-21,64.13752232363224,67.21691554392622,60.406429482117005,6.810486061809215,0.9,65.23999786376953,1.1024755401372914,1.689876726298211,True
historical_bootstrap,BZ=F,2026-01-16,64.12999725341797,4,2026-01-22,64.25362417403979,67.69599606495719,60.1835341809729,7.512461883984287,0.9,64.05999755859375,-0.19362661544603554,0.30225823107303607,True
historical_bootstrap,BZ=F,2026-01-16,64.12999725341797,5,2026-01-23,64.14609547844897,68.18631527152198,59.633425825092644,8.552889446429333,0.9,65.87999725341797,1.7339017749689987,2.6319093006322807,True
historical_bootstrap,BZ=F,2026-01-16,64.12999725341797,6,2026-01-26,64.0428824625389,68.26382756047273,59.15950007945054,9.104327481022196,0.9,65.58999633789062,1.5471138753517266,2.3587649973048954,True
historical_bootstrap,BZ=F,2026-01-16,64.12999725341797,7,2026-01-27,64.07934370794393,68.59045922817575,59.08061467398136,9.509844554194387,0.9,67.56999969482422,3.4906559868802844,5.165984908458812,True
historical_bootstrap,BZ=F,2026-01-20,64.91999816894531,0,2026-01-20,64.91999816894531,64.91999816894531,64.91999816894531,0.0,0.9,64.91999816894531,0.0,0.0,True
historical_bootstrap,BZ=F,2026-01-20,64.91999816894531,1,2026-01-21,64.95701683332604,66.6455871104271,62.78626234437144,3.859324766055664,0.9,65.23999786376953,0.2829810304434943,0.4337538928716694,True
historical_bootstrap,BZ=F,2026-01-20,64.91999816894531,2,2026-01-22,64.96502796771712,67.49514654181031,62.109377857006784,5.38576868480353,0.9,64.05999755859375,-0.9050304091233699,1.4127855816659465,True
historical_bootstrap,BZ=F,2026-01-20,64.91999816894531,3,2026-01-23,65.01271312761324,67.98675408245755,61.279348688096725,6.707405394360826,0.9,65.87999725341797,0.8672841258047299,1.3164604765670869,True
historical_bootstrap,BZ=F,2026-01-20,64.91999816894531,4,2026-01-26,65.02198513515516,68.62321338177053,60.919356265368314,7.703857116402212,0.9,65.58999633789062,0.5680112027354625,0.8660027968431652,True
historical_bootstrap,BZ=F,2026-01-20,64.91999816894531,5,2026-01-27,64.89088029417108,69.04361269983451,60.61209476390856,8.431517935925953,0.9,67.56999969482422,2.6791194006531356,3.964953992531027,True
historical_bootstrap,BZ=F,2026-01-20,64.91999816894531,6,2026-01-28,64.86492812235437,69.192666457063,60.04936183581004,9.143304621252959,0.9,68.4000015258789,3.5350734035245353,5.16823585477122,True
historical_bootstrap,BZ=F,2026-01-20,64.91999816894531,7,2026-01-29,64.78842590883534,69.48461995738982,59.72771284819259,9.756907109197236,0.9,70.70999908447266,5.92157317563732,8.374449515355249,False
historical_bootstrap,BZ=F,2026-01-21,65.23999786376953,0,2026-01-21,65.23999786376953,65.23999786376953,65.23999786376953,0.0,0.9,65.23999786376953,0.0,0.0,True
historical_bootstrap,BZ=F,2026-01-21,65.23999786376953,1,2026-01-22,65.25792230734015,66.96242577250011,63.05523212221205,3.9071936502880646,0.9,64.05999755859375,-1.1979247487464022,1.870004362161732,True
historical_bootstrap,BZ=F,2026-01-21,65.23999786376953,2,2026-01-23,65.34325052453224,67.90192738000579,62.12139069853293,5.78053668147286,0.9,65.87999725341797,0.5367467288857313,0.8147339879524417,True
historical_bootstrap,BZ=F,2026-01-21,65.23999786376953,3,2026-01-26,65.30152817723875,68.28492104506768,61.54511235037477,6.739808694692904,0.9,65.58999633789062,0.288468160651874,0.43980511778932524,True
historical_bootstrap,BZ=F,2026-01-21,65.23999786376953,4,2026-01-27,65.28052052808196,68.84164529340299,61.12796287920384,7.713682414199148,0.9,67.56999969482422,2.289479166742254,3.3883072030228605,True
historical_bootstrap,BZ=F,2026-01-21,65.23999786376953,5,2026-01-28,65.3098990329289,69.39123675886148,60.38311154983446,9.008125209027021,0.9,68.4000015258789,3.0901024929500096,4.517693602361807,True
historical_bootstrap,BZ=F,2026-01-21,65.23999786376953,6,2026-01-29,65.16964003145738,69.54360937571853,60.64444099040141,8.899168385317125,0.9,70.70999908447266,5.54035905301528,7.835326155776882,False
historical_bootstrap,BZ=F,2026-01-21,65.23999786376953,7,2026-01-30,64.99828350374771,69.77720059538807,59.83087486505262,9.946325730335445,0.9,70.69000244140625,5.6917189376585355,8.051660406117973,False
historical_bootstrap,BZ=F,2026-01-22,64.05999755859375,0,2026-01-22,64.05999755859375,64.05999755859375,64.05999755859375,0.0,0.9,64.05999755859375,0.0,0.0,True
historical_bootstrap,BZ=F,2026-01-22,64.05999755859375,1,2026-01-23,64.07373695701911,65.74040967479023,62.1157628756895,3.6246467991007307,0.9,65.87999725341797,1.806260296398861,2.7417431264466985,False
historical_bootstrap,BZ=F,2026-01-22,64.05999755859375,2,2026-01-26,64.10087549821318,66.5535422121068,60.95698936655997,5.596552845546839,0.9,65.58999633789062,1.4891208396774402,2.2703474962952415,True
historical_bootstrap,BZ=F,2026-01-22,64.05999755859375,3,2026-01-27,64.14484570515158,67.08612790168382,60.35452917025478,6.731598731429045,0.9,67.56999969482422,3.425153989672637,5.069045441974451,False
historical_bootstrap,BZ=F,2026-01-22,64.05999755859375,4,2026-01-28,64.09450878487014,67.49053816433835,60.05185593945204,7.438682224886307,0.9,68.4000015258789,4.305492741008763,6.294579890294,False
historical_bootstrap,BZ=F,2026-01-22,64.05999755859375,5,2026-01-29,64.0361578152124,68.08601100566516,59.26183055034536,8.824180455319798,0.9,70.70999908447266,6.673841269260251,9.438327472310451,False
historical_bootstrap,BZ=F,2026-01-22,64.05999755859375,6,2026-01-30,64.00044669408103,68.27606545485608,58.944876263118864,9.331189191737217,0.9,70.69000244140625,6.689555747325215,9.463227495104524,False
historical_bootstrap,BZ=F,2026-01-22,64.05999755859375,7,2026-02-02,63.93016824714661,68.47627714158405,58.92365934355481,9.552617798029239,0.9,66.30000305175781,2.3698348046112017,3.5744113054733413,True
historical_bootstrap,BZ=F,2026-01-23,65.87999725341797,0,2026-01-23,65.87999725341797,65.87999725341797,65.87999725341797,0.0,0.9,65.87999725341797,0.0,0.0,True
historical_bootstrap,BZ=F,2026-01-23,65.87999725341797,1,2026-01-26,65.887755886469,67.62314084449969,63.78473576278765,3.8384050817120396,0.9,65.58999633789062,-0.2977595485783695,0.45397097911767537,True
historical_bootstrap,BZ=F,2026-01-23,65.87999725341797,2,2026-01-27,65.95289393437781,68.56713959574444,62.73079679039383,5.836342805350604,0.9,67.56999969482422,1.6171057604464067,2.393230379976271,True
historical_bootstrap,BZ=F,2026-01-23,65.87999725341797,3,2026-01-28,65.96725600888506,68.89779090736103,62.06925331726479,6.828537590096239,0.9,68.4000015258789,2.4327455169938474,3.556645413338809,True
historical_bootstrap,BZ=F,2026-01-23,65.87999725341797,4,2026-01-29,65.9791086795859,69.51697656889097,61.82584182680847,7.691134742082497,0.9,70.70999908447266,4.73089040488675,6.690553622034505,False
historical_bootstrap,BZ=F,2026-01-23,65.87999725341797,5,2026-01-30,65.89210554612923,70.07930803381693,60.975465256185956,9.103842777630973,0.9,70.69000244140625,4.79789689527702,6.787235435808501,False
historical_bootstrap,BZ=F,2026-01-23,65.87999725341797,6,2026-02-02,65.85708074661558,70.1936678989289,60.93087826220459,9.262789636724307,0.9,66.30000305175781,0.44292230514223263,0.6680577447280969,True
historical_bootstrap,BZ=F,2026-01-23,65.87999725341797,7,2026-02-03,65.82796145769638,70.46257026253569,60.30269420141597,10.159876061119725,0.9,67.33000183105469,1.5020403733583123,2.2308634078567997,True
historical_bootstrap,BZ=F,2026-01-26,65.58999633789062,0,2026-01-26,65.58999633789062,65.58999633789062,65.58999633789062,0.0,0.9,65.58999633789062,0.0,0.0,True
historical_bootstrap,BZ=F,2026-01-26,65.58999633789062,1,2026-01-27,65.62860240659167,67.32546668582746,63.65506815763681,3.6703985281906526,0.9,67.56999969482422,1.941397288232551,2.873164565636752,False
historical_bootstrap,BZ=F,2026-01-26,65.58999633789062,2,2026-01-28,65.63185059970958,68.37375897411961,62.68132762788501,5.692431346234599,0.9,68.4000015258789,2.7681509261693265,4.047004187744069,False
historical_bootstrap,BZ=F,2026-01-26,65.58999633789062,3,2026-01-29,65.67089291495634,68.68840229614422,61.86169922700959,6.826703069134631,0.9,70.70999908447266,5.039106169516316,7.12644072233182,False
historical_bootstrap,BZ=F,2026-01-26,65.58999633789062,4,2026-01-30,65.62533182479903,69.12733600518575,61.48615485457486,7.64118115061089,0.9,70.69000244140625,5.064670616607216,7.164620797410831,False
historical_bootstrap,BZ=F,2026-01-26,65.58999633789062,5,2026-02-02,65.73333945066467,69.73953680688453,61.18476322655094,8.554773580333588,0.9,66.30000305175781,0.5666636010931398,0.8546961915684496,True
historical_bootstrap,BZ=F,2026-01-26,65.58999633789062,6,2026-02-03,65.50380663882198,69.90676012832333,60.34598901168729,9.56077111663604,0.9,67.33000183105469,1.8261951922327029,2.712305276353646,True
historical_bootstrap,BZ=F,2026-01-26,65.58999633789062,7,2026-02-04,65.43310988484119,70.20172669575048,60.20532694995372,9.996399745796758,0.9,69.45999908447266,4.026889199631469,5.797421901394259,True
historical_bootstrap,BZ=F,2026-01-27,67.56999969482422,0,2026-01-27,67.56999969482422,67.56999969482422,67.56999969482422,0.0,0.9,67.56999969482422,0.0,0.0,True
historical_bootstrap,BZ=F,2026-01-27,67.56999969482422,1,2026-01-28,67.60852944238212,69.43256428597236,65.48885129916742,3.9437129868049396,0.9,68.4000015258789,0.7914720834967852,1.1571229032755714,True
historical_bootstrap,BZ=F,2026-01-27,67.56999969482422,2,2026-01-29,67.68701388176248,70.32157797581381,64.57128489621668,5.750293079597128,0.9,70.70999908447266,3.0229852027101742,4.275187727125847,False
historical_bootstrap,BZ=F,2026-01-27,67.56999969482422,3,2026-01-30,67.6097351557265,70.76193903531617,63.801582903244224,6.960356132071951,0.9,70.69000244140625,3.080267285679753,4.357429875933212,True
historical_bootstrap,BZ=F,2026-01-27,67.56999969482422,4,2026-02-02,67.63357400715579,71.30054056299107,63.41184407309548,7.888696489895594,0.9,66.30000305175781,-1.333570955397974,2.0114191463262943,True
historical_bootstrap,BZ=F,2026-01-27,67.56999969482422,5,2026-02-03,67.52835313417043,71.75530258368633,62.63248170749088,9.122820876195448,0.9,67.33000183105469,-0.1983513031157429,0.29459571917649513,True
historical_bootstrap,BZ=F,2026-01-27,67.56999969482422,6,2026-02-04,67.5901945215847,71.99432781189353,62.38713091901902,9.607196892874505,0.9,69.45999908447266,1.8698045628879498,2.691915616949573,True
historical_bootstrap,BZ=F,2026-01-27,67.56999969482422,7,2026-02-05,67.4268089694156,72.23030729291021,62.0200258317722,10.21028146113801,0.9,67.55000305175781,0.1231940823422093,0.18237465103860345,True
historical_bootstrap,BZ=F,2026-01-28,68.4000015258789,0,2026-01-28,68.4000015258789,68.4000015258789,68.4000015258789,0.0,0.9,68.4000015258789,0.0,0.0,True
historical_bootstrap,BZ=F,2026-01-28,68.4000015258789,1,2026-01-29,68.43900455686388,70.27252359054768,66.3821771948632,3.8903463956844746,0.9,70.70999908447266,2.270994527608778,3.2117021029738213,False
historical_bootstrap,BZ=F,2026-01-28,68.4000015258789,2,2026-01-30,68.52671020454508,71.23795127567783,65.15085049084502,6.087100784832813,0.9,70.69000244140625,2.1632922368611673,3.060252033028693,True
historical_bootstrap,BZ=F,2026-01-28,68.4000015258789,3,2026-02-02,68.4697564687018,71.50343161562203,64.5852950665275,6.918136549094541,0.9,66.30000305175781,-2.1697534169439905,3.272629437513222,True
historical_bootstrap,BZ=F,2026-01-28,68.4000015258789,4,2026-02-03,68.46705878704117,72.14782856611457,64.11971865337638,8.028109912738188,0.9,67.33000183105469,-1.1370569559864805,1.6887820066299692,True
historical_bootstrap,BZ=F,2026-01-28,68.4000015258789,5,2026-02-04,68.36760675068632,72.72731651685284,63.60403231129605,9.123284205556786,0.9,69.45999908447266,1.0923923337863357,1.5726926982216634,True
historical_bootstrap,BZ=F,2026-01-28,68.4000015258789,6,2026-02-05,68.4241190212423,72.90770417863692,63.26157164330649,9.64613253533043,0.9,67.55000305175781,-0.8741159694844924,1.294028023677115,True
historical_bootstrap,BZ=F,2026-01-28,68.4000015258789,7,2026-02-06,68.28840749603337,73.15786451743878,62.83595740393141,10.321907113507372,0.9,68.05000305175781,-0.2384044442755595,0.35033715442192215,True
historical_bootstrap,BZ=F,2026-01-29,70.70999908447266,0,2026-01-29,70.70999908447266,70.70999908447266,70.70999908447266,0.0,0.9,70.70999908447266,0.0,0.0,True
historical_bootstrap,BZ=F,2026-01-29,70.70999908447266,1,2026-01-30,70.72936843533455,72.64505671832775,68.30024001918864,4.344816699139116,0.9,70.69000244140625,-0.03936599392829976,0.05568820564255825,True
historical_bootstrap,BZ=F,2026-01-29,70.70999908447266,2,2026-02-02,70.80402451209024,73.58944408385649,67.57427758264484,6.015166501211652,0.9,66.30000305175781,-4.5040214603324245,6.793395555074577,False
historical_bootstrap,BZ=F,2026-01-29,70.70999908447266,3,2026-02-03,70.74447573816295,74.01022168428746,66.60437792470206,7.4058437595853945,0.9,67.33000183105469,-3.4144739071082597,5.071251766301598,True
historical_bootstrap,BZ=F,2026-01-29,70.70999908447266,4,2026-02-04,70.77712609811218,74.85651766071845,66.28580875469758,8.570708906020869,0.9,69.45999908447266,-1.3171270136395208,1.8962381672906703,True
historical_bootstrap,BZ=F,2026-01-29,70.70999908447266,5,2026-02-05,70.67193092048687,75.09457168561448,65.5430330649264,9.551538620688078,0.9,67.55000305175781,-3.1219278687290597,4.621654667190751,True
historical_bootstrap,BZ=F,2026-01-29,70.70999908447266,6,2026-02-06,70.58566815597989,75.19265431713859,65.28344213136943,9.909212185769164,0.9,68.05000305175781,-2.535665104222076,3.726179265992813,True
historical_bootstrap,BZ=F,2026-01-29,70.70999908447266,7,2026-02-09,70.70080923192445,75.62866910182589,64.95804665768772,10.670622444138175,0.9,69.04000091552734,-1.6608083163971088,2.405574006913993,True
historical_bootstrap,BZ=F,2026-01-30,70.69000244140625,0,2026-01-30,70.69000244140625,70.69000244140625,70.69000244140625,0.0,0.9,70.69000244140625,0.0,0.0,True
historical_bootstrap,BZ=F,2026-01-30,70.69000244140625,1,2026-02-02,70.70576754089345,72.56041576633842,68.50920852222326,4.051207244115162,0.9,66.30000305175781,-4.405764489135635,6.645195002021685,False
historical_bootstrap,BZ=F,2026-01-30,70.69000244140625,2,2026-02-03,70.73737834037317,73.56863313963568,67.62957788323304,5.939055256402639,0.9,67.33000183105469,-3.407376509318482,5.060710554959311,False
historical_bootstrap,BZ=F,2026-01-30,70.69000244140625,3,2026-02-04,70.81886866269443,74.09268871675643,66.74758134624335,7.345107370513077,0.9,69.45999908447266,-1.3588695782217712,1.9563339996149496,True
historical_bootstrap,BZ=F,2026-01-30,70.69000244140625,4,2026-02-05,70.7981721819542,74.72458215572154,66.26641764670948,8.45816450901205,0.9,67.55000305175781,-3.2481691301963878,4.8085403159902045,True
historical_bootstrap,BZ=F,2026-01-30,70.69000244140625,5,2026-02-06,70.69824216934785,75.13412316357741,65.9422366725024,9.19188649107501,0.9,68.05000305175781,-2.6482391175900375,3.8916076397172628,True
historical_bootstrap,BZ=F,2026-01-30,70.69000244140625,6,2026-02-09,70.69827978921364,75.34862092708036,65.37954026536946,9.969080661710905,0.9,69.04000091552734,-1.6582788736862994,2.4019102718658085,True
historical_bootstrap,BZ=F,2026-01-30,70.69000244140625,7,2026-02-10,70.5746722942389,75.60623301586166,64.8866434929086,10.719589522953058,0.9,68.80000305175781,-1.7746692424810817,2.5794609938403767,True
historical_bootstrap,BZ=F,2026-02-02,66.30000305175781,0,2026-02-02,66.30000305175781,66.30000305175781,66.30000305175781,0.0,0.9,66.30000305175781,0.0,0.0,True
historical_bootstrap,BZ=F,2026-02-02,66.30000305175781,1,2026-02-03,66.33780862216197,68.0762924475128,64.191383607093,3.884908840419797,0.9,67.33000183105469,0.992193208892715,1.473627182399815,True
historical_bootstrap,BZ=F,2026-02-02,66.30000305175781,2,2026-02-04,66.34599004929625,68.96568300910032,63.24621037117385,5.719472637926465,0.9,69.45999908447266,3.1140090351764087,4.483168839938159,False
historical_bootstrap,BZ=F,2026-02-02,66.30000305175781,3,2026-02-05,66.42811581825895,69.3943994776128,62.76462512466982,6.629774352942974,0.9,67.55000305175781,1.1218872334988674,1.6608248450251895,True
historical_bootstrap,BZ=F,2026-02-02,66.30000305175781,4,2026-02-06,66.36705954708884,70.08193753784155,62.12115662391264,7.9607809139289145,0.9,68.05000305175781,1.6829435046689696,2.4730983529698713,True
historical_bootstrap,BZ=F,2026-02-02,66.30000305175781,5,2026-02-09,66.30000305175781,70.5260857652219,61.72582303301278,8.800262732209113,0.9,69.04000091552734,2.7399978637695312,3.968710642286935,True
historical_bootstrap,BZ=F,2026-02-02,66.30000305175781,6,2026-02-10,66.30812159882257,70.6413530674788,61.214547713520396,9.426805353958407,0.9,68.80000305175781,2.491881452935246,3.621920555818318,True
historical_bootstrap,BZ=F,2026-02-02,66.30000305175781,7,2026-02-11,66.24830591410529,70.97766086168454,61.079761436851186,9.897899424833355,0.9,69.4000015258789,3.1516956117736186,4.541348043916638,True
historical_bootstrap,BZ=F,2026-02-03,67.33000183105469,0,2026-02-03,67.33000183105469,67.33000183105469,67.33000183105469,0.0,0.9,67.33000183105469,0.0,0.0,True
historical_bootstrap,BZ=F,2026-02-03,67.33000183105469,1,2026-02-04,67.36963206159992,69.1859508897916,65.07212687737953,4.113824012412067,0.9,69.45999908447266,2.0903670228727407,3.009454434818772,False
historical_bootstrap,BZ=F,2026-02-03,67.33000183105469,2,2026-02-05,67.37591456974673,70.09502332937215,64.11906545395243,5.975957875419724,0.9,67.55000305175781,0.1740884820110864,0.25771794840289974,True
historical_bootstrap,BZ=F,2026-02-03,67.33000183105469,3,2026-02-06,67.42638836995847,70.41421647460022,63.42063280568197,6.993583668918255,0.9,68.05000305175781,0.6236146817993387,0.9164065449417051,True
historical_bootstrap,BZ=F,2026-02-03,67.33000183105469,4,2026-02-09,67.46951885809796,71.26110676356777,63.20723902977087,8.0538677337969,0.9,69.04000091552734,1.5704820574293876,2.274742231465093,True
historical_bootstrap,BZ=F,2026-02-03,67.33000183105469,5,2026-02-10,67.34770191609934,71.60669594298004,62.858195249461154,8.748500693518885,0.9,68.80000305175781,1.4523011356584732,2.110902719823887,True
historical_bootstrap,BZ=F,2026-02-03,67.33000183105469,6,2026-02-11,67.28012493098338,71.76128297363589,62.16554177864759,9.5957411949883,0.9,69.4000015258789,2.11987659489553,3.054577158914094,True
historical_bootstrap,BZ=F,2026-02-03,67.33000183105469,7,2026-02-12,67.30376766107524,72.01581648277609,61.850471932975196,10.165344549800892,0.9,67.5199966430664,0.21622898199116491,0.3202443612878487,True
historical_bootstrap,BZ=F,2026-02-04,69.45999908447266,0,2026-02-04,69.45999908447266,69.45999908447266,69.45999908447266,0.0,0.9,69.45999908447266,0.0,0.0,True
historical_bootstrap,BZ=F,2026-02-04,69.45999908447266,1,2026-02-05,69.49960654698833,71.3219730497833,67.13173156016748,4.190241489615815,0.9,67.55000305175781,-1.9496034952305195,2.8861634450803866,True
historical_bootstrap,BZ=F,2026-02-04,69.45999908447266,2,2026-02-06,69.53552978084551,72.32009732779346,66.14748413202312,6.172613195770339,0.9,68.05000305175781,-1.4855267290876952,2.1829928912094623,True
historical_bootstrap,BZ=F,2026-02-04,69.45999908447266,3,2026-02-09,69.55765876881443,72.70188087954723,65.44217453450841,7.259706345038822,0.9,69.04000091552734,-0.5176578532870906,0.749794099684995,True
historical_bootstrap,BZ=F,2026-02-04,69.45999908447266,4,2026-02-10,69.5644963500752,73.42218843363209,65.18553575780645,8.236652675825638,0.9,68.80000305175781,-0.7644932983173902,1.1111820703587274,True
historical_bootstrap,BZ=F,2026-02-04,69.45999908447266,5,2026-02-11,69.48500466633644,73.87198721785025,64.58970654320646,9.282280674643786,0.9,69.4000015258789,-0.08500314045753044,0.1224829086290916,True
historical_bootstrap,BZ=F,2026-02-04,69.45999908447266,6,2026-02-12,69.46813240674265,74.01279954125891,64.01853040734632,9.994269133912596,0.9,67.5199966430664,-1.9481357636762482,2.885272305291652,True
historical_bootstrap,BZ=F,2026-02-04,69.45999908447266,7,2026-02-13,69.40654030921829,74.33538733449328,63.809728748291214,10.525658586202063,0.9,67.75,-1.6565403092182862,2.4450779471856623,True
historical_bootstrap,BZ=F,2026-02-05,67.55000305175781,0,2026-02-05,67.55000305175781,67.55000305175781,67.55000305175781,0.0,0.9,67.55000305175781,0.0,0.0,True
historical_bootstrap,BZ=F,2026-02-05,67.55000305175781,1,2026-02-06,67.57422800807686,69.37967795730117,65.58045581692227,3.7992221403789017,0.9,68.05000305175781,0.47577504368095447,0.6991550658992434,True
historical_bootstrap,BZ=F,2026-02-05,67.55000305175781,2,2026-02-09,67.61324772118108,70.300767031593,64.32857491907332,5.972192112519679,0.9,69.04000091552734,1.4267531943462615,2.0665602193313117,True
historical_bootstrap,BZ=F,2026-02-05,67.55000305175781,3,2026-02-10,67.64725178946419,70.740997770791,63.85115660371735,6.889841167073648,0.9,68.80000305175781,1.15275126229362,1.675510481338805,True
historical_bootstrap,BZ=F,2026-02-05,67.55000305175781,4,2026-02-11,67.65162687415044,71.40324097509651,63.39307799321033,8.010162981886175,0.9,69.4000015258789,1.7483746517284686,2.5192717770712276,True
historical_bootstrap,BZ=F,2026-02-05,67.55000305175781,5,2026-02-12,67.52486451289525,71.73406734348552,62.99203195126709,8.742035392218433,0.9,67.5199966430664,-0.004867869828842686,0.007209523209214443,True
historical_bootstrap,BZ=F,2026-02-05,67.55000305175781,6,2026-02-13,67.589698743898,72.10004655833785,62.47542781044461,9.624618747893244,0.9,67.75,0.1603012561020023,0.23660702007675616,True
historical_bootstrap,BZ=F,2026-02-05,67.55000305175781,7,2026-02-16,67.57157675160313,72.29954440166873,62.14737059404125,10.152173807627477,0.9,,,,
historical_bootstrap,BZ=F,2026-02-06,68.05000305175781,0,2026-02-06,68.05000305175781,68.05000305175781,68.05000305175781,0.0,0.9,68.05000305175781,0.0,0.0,True
historical_bootstrap,BZ=F,2026-02-06,68.05000305175781,1,2026-02-09,68.07399713942547,69.9650241637234,66.06710756594612,3.8979165977772823,0.9,69.04000091552734,0.9660037761018714,1.3991943269001517,True
historical_bootstrap,BZ=F,2026-02-06,68.05000305175781,2,2026-02-10,68.14009833282614,70.82565654628397,64.81801548539705,6.007641060886911,0.9,68.80000305175781,0.6599047189316707,0.9591637931109225,True
historical_bootstrap,BZ=F,2026-02-06,68.05000305175781,3,2026-02-11,68.11418358757113,71.19216965506274,64.18545915596926,7.0067104990934865,0.9,69.4000015258789,1.2858179383077726,1.8527635591308995,True
historical_bootstrap,BZ=F,2026-02-06,68.05000305175781,4,2026-02-12,68.17344536616181,71.83397686121988,63.792243621113684,8.041733240106197,0.9,67.5199966430664,-0.6534487230954085,0.9677854792407055,True
historical_bootstrap,BZ=F,2026-02-06,68.05000305175781,5,2026-02-13,68.08642347591498,72.35517544609293,63.35508676356563,9.000088682527299,0.9,67.75,-0.3364234759149838,0.49656601611067713,True
historical_bootstrap,BZ=F,2026-02-06,68.05000305175781,6,2026-02-16,68.01296224537448,72.53195253356596,62.93786618933391,9.594086344232046,0.9,,,,
historical_bootstrap,BZ=F,2026-02-06,68.05000305175781,7,2026-02-17,68.02986435665882,72.82642386467678,62.691972260296325,10.134451604380459,0.9,67.41999816894531,-0.6098661877135072,0.904577579763894,True
historical_bootstrap,BZ=F,2026-02-09,69.04000091552734,0,2026-02-09,69.04000091552734,69.04000091552734,69.04000091552734,0.0,0.9,69.04000091552734,0.0,0.0,True
historical_bootstrap,BZ=F,2026-02-09,69.04000091552734,1,2026-02-10,69.05891280943985,70.92935719529981,66.77310873921004,4.15624845608977,0.9,68.80000305175781,-0.2589097576820336,0.3763223055197504,True
historical_bootstrap,BZ=F,2026-02-09,69.04000091552734,2,2026-02-11,69.18140037605917,71.85144042857529,65.86000333243888,5.9914370961364085,0.9,69.4000015258789,0.2186011498197331,0.31498724065332745,True
historical_bootstrap,BZ=F,2026-02-09,69.04000091552734,3,2026-02-12,69.13883541059924,72.46380596335032,65.25956641334913,7.204239550001191,0.9,67.5199966430664,-1.6188387675328357,2.397569383912393,True
historical_bootstrap,BZ=F,2026-02-09,69.04000091552734,4,2026-02-13,69.09408909770178,72.82289530904882,64.79203031976891,8.030864989279905,0.9,67.75,-1.344089097701783,1.9838953471613032,True
historical_bootstrap,BZ=F,2026-02-09,69.04000091552734,5,2026-02-16,69.06485529815797,73.44073607354659,64.19915717899079,9.2415788945558,0.9,,,,
historical_bootstrap,BZ=F,2026-02-09,69.04000091552734,6,2026-02-17,69.09217007699634,73.58988086188366,63.74437761165366,9.845503250229996,0.9,67.41999816894531,-1.672171908051027,2.4802313163236707,True
historical_bootstrap,BZ=F,2026-02-09,69.04000091552734,7,2026-02-18,68.92736273203566,73.84482252620528,63.372100317426295,10.472722208778983,0.9,70.3499984741211,1.4226357420854328,2.02222569003859,True
historical_bootstrap,BZ=F,2026-02-10,68.80000305175781,0,2026-02-10,68.80000305175781,68.80000305175781,68.80000305175781,0.0,0.9,68.80000305175781,0.0,0.0,True
historical_bootstrap,BZ=F,2026-02-10,68.80000305175781,1,2026-02-11,68.84133152843152,70.64428488567886,66.49601938210161,4.1482655035772495,0.9,69.4000015258789,0.5586699974473817,0.8049999786225602,True
historical_bootstrap,BZ=F,2026-02-10,68.80000305175781,2,2026-02-12,68.86441805179851,71.60166939753604,65.74886860309998,5.852800794436064,0.9,67.5199966430664,-1.344421408732103,1.9911455503162572,True
historical_bootstrap,BZ=F,2026-02-10,68.80000305175781,3,2026-02-13,68.83700513297957,72.05004652310171,64.82035512572206,7.2296913973796535,0.9,67.75,-1.08700513297957,1.6044356206340518,True
historical_bootstrap,BZ=F,2026-02-10,68.80000305175781,4,2026-02-16,68.8427369499744,72.51046186397178,64.49468919033716,8.015772673634629,0.9,,,,
historical_bootstrap,BZ=F,2026-02-10,68.80000305175781,5,2026-02-17,68.77279281141507,73.17006929191923,64.1791756630423,8.990893628876933,0.9,67.41999816894531,-1.3527946424697603,2.0065183613322586,True
historical_bootstrap,BZ=F,2026-02-10,68.80000305175781,6,2026-02-18,68.6790305108091,73.32803138744347,63.63266198386436,9.695369403579114,0.9,70.3499984741211,1.6709679633119947,2.375221037036235,True
historical_bootstrap,BZ=F,2026-02-10,68.80000305175781,7,2026-02-19,68.7288344490115,73.5852799988768,63.14900082533035,10.436279173546453,0.9,71.66000366210938,2.931169213097874,4.090383844967267,True
historical_bootstrap,BZ=F,2026-02-11,69.4000015258789,0,2026-02-11,69.4000015258789,69.4000015258789,69.4000015258789,0.0,0.9,69.4000015258789,0.0,0.0,True
historical_bootstrap,BZ=F,2026-02-11,69.4000015258789,1,2026-02-12,69.39046068930696,71.24467001863252,67.07374509240375,4.170924926228764,0.9,67.5199966430664,-1.8704640462405564,2.770237173038476,True
historical_bootstrap,BZ=F,2026-02-11,69.4000015258789,2,2026-02-13,69.4439710936228,72.19032105214882,66.00203665501036,6.18828439713846,0.9,67.75,-1.6939710936228067,2.500326337450637,True
historical_bootstrap,BZ=F,2026-02-11,69.4000015258789,3,2026-02-16,69.43383945332472,72.57903754469979,65.50618763282316,7.072849911876631,0.9,,,,
historical_bootstrap,BZ=F,2026-02-11,69.4000015258789,4,2026-02-17,69.43738958781336,73.25904305965838,65.02650518560397,8.232537874054415,0.9,67.41999816894531,-2.017391418868044,2.9922745085408287,True
historical_bootstrap,BZ=F,2026-02-11,69.4000015258789,5,2026-02-18,69.4000015258789,73.92368435015946,64.73887632816009,9.184808021999373,0.9,70.3499984741211,0.9499969482421875,1.3503865939551551,True
historical_bootstrap,BZ=F,2026-02-11,69.4000015258789,6,2026-02-19,69.335486536095,73.94415395243453,64.18765698272937,9.756496969705168,0.9,71.66000366210938,2.3245171260143707,3.2438138532268486,True
historical_bootstrap,BZ=F,2026-02-11,69.4000015258789,7,2026-02-20,69.25293275857491,74.37706672941128,63.702546355824346,10.674520373586937,0.9,71.76000213623047,2.5070693776555544,3.4936863197078636,True
historical_bootstrap,BZ=F,2026-02-12,67.5199966430664,0,2026-02-12,67.5199966430664,67.5199966430664,67.5199966430664,0.0,0.9,67.5199966430664,0.0,0.0,True
historical_bootstrap,BZ=F,2026-02-12,67.5199966430664,1,2026-02-13,67.53854750770998,69.32897173383469,65.25887799858268,4.070093735252016,0.9,67.75,0.2114524922900216,0.31210699969006883,True
historical_bootstrap,BZ=F,2026-02-12,67.5199966430664,2,2026-02-16,67.61801345350358,70.23472806820294,64.29999950201407,5.934728566188866,0.9,,,,
historical_bootstrap,BZ=F,2026-02-12,67.5199966430664,3,2026-02-17,67.60475557259907,70.67324541994061,63.61438904586362,7.058856374076996,0.9,67.41999816894531,-0.18475740365376225,0.274039467029924,True
historical_bootstrap,BZ=F,2026-02-12,67.5199966430664,4,2026-02-18,67.52806816475258,71.1614233208596,63.264939678952864,7.896483641906734,0.9,70.3499984741211,2.8219303093685113,4.011272737136711,True
historical_bootstrap,BZ=F,2026-02-12,67.5199966430664,5,2026-02-19,67.49486927100232,71.70220233024257,62.96405024039161,8.738152089850963,0.9,71.66000366210938,4.16513439110706,5.812355816706995,True
historical_bootstrap,BZ=F,2026-02-12,67.5199966430664,6,2026-02-20,67.46272108136233,71.94105067535207,62.44233996574779,9.498710709604282,0.9,71.76000213623047,4.297281054868137,5.988407088826588,True
historical_bootstrap,BZ=F,2026-02-12,67.5199966430664,7,2026-02-23,67.35849377106332,72.15159593417857,62.09346301948881,10.058132914689764,0.9,71.48999786376953,4.1315040927062086,5.77913584579923,True
historical_bootstrap,BZ=F,2026-02-13,67.75,0,2026-02-13,67.75,67.75,67.75,0.0,0.9,67.75,0.0,0.0,True
historical_bootstrap,BZ=F,2026-02-13,67.75,1,2026-02-16,67.76855852832534,69.61752629303257,65.69537638926899,3.9221499037635823,0.9,,,,
historical_bootstrap,BZ=F,2026-02-13,67.75,2,2026-02-17,67.78739190743536,70.41262502968682,64.51865287727007,5.893972152416751,0.9,67.41999816894531,-0.3673937384900512,0.544932881145165,True
historical_bootstrap,BZ=F,2026-02-13,67.75,3,2026-02-18,67.81909206536295,71.01116830093561,63.902493207964504,7.1086750929711044,0.9,70.3499984741211,2.530906408758142,3.5975926988671643,True
historical_bootstrap,BZ=F,2026-02-13,67.75,4,2026-02-19,67.8137436684907,71.39854876175183,63.60151979517474,7.797028966577088,0.9,71.66000366210938,3.8462599936186734,5.367373425983238,False
historical_bootstrap,BZ=F,2026-02-13,67.75,5,2026-02-20,67.75,72.07338930650188,63.075781568546105,8.997607737955775,0.9,71.76000213623047,4.010002136230469,5.588074159498782,True
historical_bootstrap,BZ=F,2026-02-13,67.75,6,2026-02-23,67.76660893976192,72.2148661975367,62.553324535345546,9.661541662191148,0.9,71.48999786376953,3.723388924007608,5.20826554101016,True
historical_bootstrap,BZ=F,2026-02-13,67.75,7,2026-02-24,67.5746254491437,72.46504431933195,62.304981171860945,10.160063147471007,0.9,70.7699966430664,3.1953711939227105,4.515149562658306,True
historical_bootstrap,BZ=F,2026-02-17,67.41999816894531,0,2026-02-17,67.41999816894531,67.41999816894531,67.41999816894531,0.0,0.9,67.41999816894531,0.0,0.0,True
historical_bootstrap,BZ=F,2026-02-17,67.41999816894531,1,2026-02-18,67.46672960346815,69.27842797347245,65.37538237450462,3.9030455989678217,0.9,70.3499984741211,2.883268870652941,4.098463302331952,False
historical_bootstrap,BZ=F,2026-02-17,67.41999816894531,2,2026-02-19,67.55614523161898,70.1883857231068,64.21806416932974,5.970321553777069,0.9,71.66000366210938,4.103858430490391,5.726846526328506,False
historical_bootstrap,BZ=F,2026-02-17,67.41999816894531,3,2026-02-20,67.51986325186999,70.5347543402673,63.52017485520896,7.014579485058341,0.9,71.76000213623047,4.240138884360476,5.90877753363346,False
historical_bootstrap,BZ=F,2026-02-17,67.41999816894531,4,2026-02-23,67.47281718827911,71.05103812893842,63.271704918802044,7.779333210136372,0.9,71.48999786376953,4.0171806754904225,5.6192205840396205,False
historical_bootstrap,BZ=F,2026-02-17,67.41999816894531,5,2026-02-24,67.3992762499662,71.71747140708577,62.76854727462986,8.948924132455907,0.9,70.7699966430664,3.3707203931002,4.7629229235387305,True
historical_bootstrap,BZ=F,2026-02-17,67.41999816894531,6,2026-02-25,67.42789262013706,71.83813192770856,62.670880355748295,9.167251571960264,0.9,70.8499984741211,3.4221058539840357,4.8300718809951775,True
historical_bootstrap,BZ=F,2026-02-17,67.41999816894531,7,2026-02-26,67.31000300637204,72.10929102798706,62.11157186549998,9.997719162487073,0.9,70.75,3.4399969936279575,4.862186563431742,True
historical_bootstrap,BZ=F,2026-02-18,70.3499984741211,0,2026-02-18,70.3499984741211,70.3499984741211,70.3499984741211,0.0,0.9,70.3499984741211,0.0,0.0,True
historical_bootstrap,BZ=F,2026-02-18,70.3499984741211,1,2026-02-19,70.35959074576348,72.25551469910909,68.04009321586301,4.215421483246075,0.9,71.66000366210938,1.3004129163458913,1.8146983671359924,True
historical_bootstrap,BZ=F,2026-02-18,70.3499984741211,2,2026-02-20,70.49111833816183,73.23904129155092,67.00891188104924,6.230129410501675,0.9,71.76000213623047,1.268883798068643,1.7682326648482694,True
historical_bootstrap,BZ=F,2026-02-18,70.3499984741211,3,2026-02-23,70.43830995012445,73.59836593679127,66.36570664792951,7.232659288861754,0.9,71.48999786376953,1.0516879136450825,1.4710979788377756,True
historical_bootstrap,BZ=F,2026-02-18,70.3499984741211,4,2026-02-24,70.41678372894016,74.36517271295443,65.91588344711282,8.449289265841614,0.9,70.7699966430664,0.3532129141262459,0.49909980342050986,True
historical_bootstrap,BZ=F,2026-02-18,70.3499984741211,5,2026-02-25,70.36765807422823,74.79974085063364,65.62506845484826,9.174672395785379,0.9,70.8499984741211,0.4823403998928626,0.6807909813421433,True
historical_bootstrap,BZ=F,2026-02-18,70.3499984741211,6,2026-02-26,70.26086870385677,74.9601395543477,64.89741023803481,10.062729316312897,0.9,70.75,0.4891312961432277,0.691351655326117,True
historical_bootstrap,BZ=F,2026-02-18,70.3499984741211,7,2026-02-27,70.20091652415068,75.19990908550513,64.69601963646585,10.503889449039278,0.9,72.4800033569336,2.279086832782909,3.144435330058365,True
historical_bootstrap,BZ=F,2026-02-19,71.66000366210938,0,2026-02-19,71.66000366210938,71.66000366210938,71.66000366210938,0.0,0.9,71.66000366210938,0.0,0.0,True
historical_bootstrap,BZ=F,2026-02-19,71.66000366210938,1,2026-02-20,71.66844300175765,73.67661517926237,69.30708507140335,4.3695301078590205,0.9,71.76000213623047,0.09155913447281705,0.12759076330432592,True
historical_bootstrap,BZ=F,2026-02-19,71.66000366210938,2,2026-02-23,71.73929596086955,74.53924510849868,68.2425715176798,6.29667359081887,0.9,71.48999786376953,-0.2492980971000236,0.34871744936275284,True
historical_bootstrap,BZ=F,2026-02-19,71.66000366210938,3,2026-02-24,71.75724739646019,75.1093812619293,67.82570443101243,7.283676830916875,0.9,70.7699966430664,-0.9872507533937807,1.3950131414772438,True
historical_bootstrap,BZ=F,2026-02-19,71.66000366210938,4,2026-02-25,71.76965769713675,75.61607472967896,67.24757447711504,8.36850025256392,0.9,70.8499984741211,-0.9196592230156568,1.298037039974778,True
historical_bootstrap,BZ=F,2026-02-19,71.66000366210938,5,2026-02-26,71.62500408091559,76.08432893266111,66.9050760506674,9.179252881993705,0.9,70.75,-0.8750040809155877,1.236754884686343,True
historical_bootstrap,BZ=F,2026-02-19,71.66000366210938,6,2026-02-27,71.67076733771111,76.37626111450028,66.27667184941465,10.099589265085626,0.9,72.4800033569336,0.8092360192224817,1.1164955597992097,True
historical_bootstrap,BZ=F,2026-02-19,71.66000366210938,7,2026-03-02,71.68554145266808,76.64420349269344,66.01773343552624,10.626470057167197,0.9,77.73999786376953,6.054456411101455,7.788084097598251,False
historical_bootstrap,BZ=F,2026-02-20,71.76000213623047,0,2026-02-20,71.76000213623047,71.76000213623047,71.76000213623047,0.0,0.9,71.76000213623047,0.0,0.0,True
historical_bootstrap,BZ=F,2026-02-20,71.76000213623047,1,2026-02-23,71.78530435085312,73.68363095122373,69.4038001481371,4.279830803086639,0.9,71.48999786376953,-0.2953064870835931,0.4130738507592706,True
historical_bootstrap,BZ=F,2026-02-20,71.76000213623047,2,2026-02-24,71.88297344005224,74.64326144107011,68.34914285416413,6.294118586905981,0.9,70.7699966430664,-1.1129767969858335,1.572667584823004,True
historical_bootstrap,BZ=F,2026-02-20,71.76000213623047,3,2026-02-25,71.88986225794409,75.16661353161604,67.93801683417301,7.228596697443024,0.9,70.8499984741211,-1.0398637838229945,1.4676976799128918,True
historical_bootstrap,BZ=F,2026-02-20,71.76000213623047,4,2026-02-26,71.76000213623047,75.6331887146322,67.2694597206979,8.363728993934302,0.9,70.75,-1.0100021362304688,1.4275648568628534,True
historical_bootstrap,BZ=F,2026-02-20,71.76000213623047,5,2026-02-27,71.78583571860325,76.43751628603856,66.51138037679883,9.926135909239733,0.9,72.4800033569336,0.6941676383303417,0.9577367634930387,True
historical_bootstrap,BZ=F,2026-02-20,71.76000213623047,6,2026-03-02,71.70684356860342,76.4891358317761,66.25574468316921,10.233391148606884,0.9,77.73999786376953,6.0331542951661135,7.760682352652655,False
historical_bootstrap,BZ=F,2026-02-20,71.76000213623047,7,2026-03-03,71.75067581962703,76.75412155213722,65.77278469570693,10.98133685643029,0.9,81.4000015258789,9.649325706251872,11.854208262126546,False
historical_bootstrap,BZ=F,2026-02-23,71.48999786376953,0,2026-02-23,71.48999786376953,71.48999786376953,71.48999786376953,0.0,0.9,71.48999786376953,0.0,0.0,True
historical_bootstrap,BZ=F,2026-02-23,71.48999786376953,1,2026-02-24,71.54971142671484,73.4053360125299,69.40686505425388,3.998470958276016,0.9,70.7699966430664,-0.7797147836484299,1.1017589665589187,True
historical_bootstrap,BZ=F,2026-02-23,71.48999786376953,2,2026-02-25,71.63641511459963,74.40120588979248,68.09477002322821,6.3064358665642715,0.9,70.8499984741211,-0.7864166404785351,1.1099741106780465,True
historical_bootstrap,BZ=F,2026-02-23,71.48999786376953,3,2026-02-26,71.58221376189023,74.93217518462096,67.4809092785961,7.451265906024858,0.9,70.75,-0.8322137618902303,1.1762738683960854,True
historical_bootstrap,BZ=F,2026-02-23,71.48999786376953,4,2026-02-27,71.60230606158402,75.57023672635388,67.01635156866291,8.55388515769097,0.9,72.4800033569336,0.8776972953495772,1.2109509584695886,True
historical_bootstrap,BZ=F,2026-02-23,71.48999786376953,5,2026-03-02,71.46339306719823,76.04690028082983,66.47736889803024,9.569531382799596,0.9,77.73999786376953,6.276604796571306,8.0738422550131,False
historical_bootstrap,BZ=F,2026-02-23,71.48999786376953,6,2026-03-03,71.575231964399,76.19506649293416,66.00645073658355,10.188615756350615,0.9,81.4000015258789,9.824769561479911,12.069741249766922,False
historical_bootstrap,BZ=F,2026-02-23,71.48999786376953,7,2026-03-04,71.43927785802677,76.50787146257491,65.56268020151853,10.94519126105638,0.9,81.4000015258789,9.960723667852136,12.236761033334128,False
historical_bootstrap,BZ=F,2026-02-24,70.7699966430664,0,2026-02-24,70.7699966430664,70.7699966430664,70.7699966430664,0.0,0.9,70.7699966430664,0.0,0.0,True
historical_bootstrap,BZ=F,2026-02-24,70.7699966430664,1,2026-02-25,70.82228263285788,72.68688903497336,68.590288701087,4.096600333886357,0.9,70.8499984741211,0.027715841263216134,0.03911904285127079,True
historical_bootstrap,BZ=F,2026-02-24,70.7699966430664,2,2026-02-26,70.9149392736352,73.68286490970179,67.40896335089272,6.273901558809072,0.9,70.75,-0.16493927363519845,0.2331297153854395,True
historical_bootstrap,BZ=F,2026-02-24,70.7699966430664,3,2026-02-27,70.85572877998815,74.11392612373827,66.67639696467306,7.437529159065207,0.9,72.4800033569336,1.6242745769454388,2.2409968290792817,True
historical_bootstrap,BZ=F,2026-02-24,70.7699966430664,4,2026-03-02,70.84229492693136,74.90285214262458,66.34205238001489,8.56079976260969,0.9,77.73999786376953,6.897702936838172,8.872785086675213,False
historical_bootstrap,BZ=F,2026-02-24,70.7699966430664,5,2026-03-03,70.73366396492644,75.15374722353023,65.80785164826163,9.3458955752686,0.9,81.4000015258789,10.66633756095247,13.103608551605985,False
historical_bootstrap,BZ=F,2026-02-24,70.7699966430664,6,2026-03-04,70.6936750042009,75.33184241700616,65.34167627127746,9.990166145728693,0.9,81.4000015258789,10.706326521678008,13.152735038062898,False
historical_bootstrap,BZ=F,2026-02-24,70.7699966430664,7,2026-03-05,70.70544433541818,75.73733345037043,64.83589518813649,10.901438262233938,0.9,85.41000366210938,14.704559326691196,17.216436829652793,False
historical_bootstrap,BZ=F,2026-02-25,70.8499984741211,0,2026-02-25,70.8499984741211,70.8499984741211,70.8499984741211,0.0,0.9,70.8499984741211,0.0,0.0,True
historical_bootstrap,BZ=F,2026-02-25,70.8499984741211,1,2026-02-26,70.86640433919054,72.72507334594172,68.47513880353924,4.249934542402485,0.9,70.75,-0.11640433919053805,0.1645291013293824,True
historical_bootstrap,BZ=F,2026-02-25,70.8499984741211,2,2026-02-27,70.92839449643583,73.63445573302099,67.39649655838672,6.23795917463427,0.9,72.4800033569336,1.5516088604977654,2.1407406024207023,True
historical_bootstrap,BZ=F,2026-02-25,70.8499984741211,3,2026-03-02,70.89166278308973,74.19688168301158,66.75177119242959,7.445110490581996,0.9,77.73999786376953,6.848335080679803,8.809281282308147,False
historical_bootstrap,BZ=F,2026-02-25,70.8499984741211,4,2026-03-03,70.89537981550545,74.78966822582696,66.4899966865644,8.299671539262562,0.9,81.4000015258789,10.504621710373456,12.904940434225667,False
historical_bootstrap,BZ=F,2026-02-25,70.8499984741211,5,2026-03-04,70.8499984741211,75.30417778534158,65.9619044706345,9.342273314707086,0.9,81.4000015258789,10.550003051757812,12.960691466822304,False
historical_bootstrap,BZ=F,2026-02-25,70.8499984741211,6,2026-03-05,70.97929725768815,75.48909336473987,65.35865694482692,10.130436419912954,0.9,85.41000366210938,14.43070640442123,16.895803519117695,False
historical_bootstrap,BZ=F,2026-02-25,70.8499984741211,7,2026-03-06,70.87786909315956,75.83169601574902,65.2715053605997,10.560190655149313,0.9,92.69000244140625,21.81213334824669,23.53234736619537,False
historical_bootstrap,BZ=F,2026-02-26,70.75,0,2026-02-26,70.75,70.75,70.75,0.0,0.9,70.75,0.0,0.0,True
historical_bootstrap,BZ=F,2026-02-26,70.75,1,2026-02-27,70.76938030817738,72.66635075823767,68.37849223271277,4.287858525524896,0.9,72.4800033569336,1.7106230487562186,2.3601310285984924,True
historical_bootstrap,BZ=F,2026-02-26,70.75,2,2026-03-02,70.84366996105403,73.66204521181285,67.38714761674518,6.274897595067671,0.9,77.73999786376953,6.896327902715498,8.871016326499682,False
historical_bootstrap,BZ=F,2026-02-26,70.75,3,2026-03-03,70.8951529129168,74.09215938078663,66.98180808151005,7.110351299276573,0.9,81.4000015258789,10.504848612962107,12.905219184329347,False
historical_bootstrap,BZ=F,2026-02-26,70.75,4,2026-03-04,70.85137371130574,74.62659001727289,66.39615196735241,8.23043804992048,0.9,81.4000015258789,10.548627814573166,12.959001986283155,False
historical_bootstrap,BZ=F,2026-02-26,70.75,5,2026-03-05,70.75824672134297,75.19789263310929,65.97610746423456,9.221785168874732,0.9,85.41000366210938,14.651756940766404,17.154614579727966,False
historical_bootstrap,BZ=F,2026-02-26,70.75,6,2026-03-06,70.75,75.38273754863148,65.70279138599176,9.679946162639723,0.9,92.69000244140625,21.94000244140625,23.670300856098873,False
historical_bootstrap,BZ=F,2026-02-26,70.75,7,2026-03-09,70.72906226870894,75.67593380342991,64.99479367184155,10.681140131588364,0.9,98.95999908447266,28.230936815763712,28.527624370394012,False
historical_bootstrap,BZ=F,2026-02-27,72.4800033569336,0,2026-02-27,72.4800033569336,72.4800033569336,72.4800033569336,0.0,0.9,72.4800033569336,0.0,0.0,True
historical_bootstrap,BZ=F,2026-02-27,72.4800033569336,1,2026-03-02,72.53967921300834,74.44422767061324,70.05050666528734,4.393721005325901,0.9,77.73999786376953,5.20031865076119,6.689373287447414,False
historical_bootstrap,BZ=F,2026-02-27,72.4800033569336,2,2026-03-03,72.53953480378601,75.48723439207342,69.32957752935505,6.157656862718369,0.9,81.4000015258789,8.860466722092895,10.885094049139484,False
historical_bootstrap,BZ=F,2026-02-27,72.4800033569336,3,2026-03-04,72.58376240153957,75.96885190895334,68.41539623993049,7.553455669022853,0.9,81.4000015258789,8.816239124339333,10.830760391984084,False
historical_bootstrap,BZ=F,2026-02-27,72.4800033569336,4,2026-03-05,72.52502302188714,76.48698710627485,68.01969353330284,8.467293572972011,0.9,85.41000366210938,12.884980640222238,15.086032183298489,False
historical_bootstrap,BZ=F,2026-02-27,72.4800033569336,5,2026-03-06,72.45303013267258,77.06447172057912,67.47537714850475,9.589094572074373,0.9,92.69000244140625,20.23697230873367,21.832961242531436,False
historical_bootstrap,BZ=F,2026-02-27,72.4800033569336,6,2026-03-09,72.38475972182732,77.23075194231737,66.6925537347566,10.538198207560768,0.9,98.95999908447266,26.575239362645334,26.854526686040693,False
historical_bootstrap,BZ=F,2026-02-27,72.4800033569336,7,2026-03-10,72.42275449831459,77.57618037296824,66.43430268799344,11.141877684974801,0.9,87.80000305175781,15.377248553443223,17.51394990769919,False
historical_bootstrap,BZ=F,2026-03-02,77.73999786376953,0,2026-03-02,77.73999786376953,77.73999786376953,77.73999786376953,0.0,0.9,77.73999786376953,0.0,0.0,True
historical_bootstrap,BZ=F,2026-03-02,77.73999786376953,1,2026-03-03,77.78669663623776,79.84568131043567,75.26753838294906,4.57814292748661,0.9,81.4000015258789,3.6133048896411424,4.4389494126635745,False
historical_bootstrap,BZ=F,2026-03-02,77.73999786376953,2,2026-03-04,77.87462392095017,80.93214334569765,74.03261363225006,6.899529713447592,0.9,81.4000015258789,3.5253776049287353,4.330930637400464,False
historical_bootstrap,BZ=F,2026-03-02,77.73999786376953,3,2026-03-05,77.84784187359897,81.4123577665643,73.33717135666295,8.075186409901349,0.9,85.41000366210938,7.562161788510409,8.853953242324033,False
historical_bootstrap,BZ=F,2026-03-02,77.73999786376953,4,2026-03-06,77.80090190651195,82.06279143720116,72.87595386378665,9.186837573414508,0.9,92.69000244140625,14.889100534894297,16.063329531473908,False
historical_bootstrap,BZ=F,2026-03-02,77.73999786376953,5,2026-03-09,77.71106714771942,82.62576571739086,72.5767983294435,10.048967387947357,0.9,98.95999908447266,21.248931936753237,21.47224346537742,False
historical_bootstrap,BZ=F,2026-03-02,77.73999786376953,6,2026-03-10,77.7129558287948,82.66831935611118,71.90120330329252,10.767116052818665,0.9,87.80000305175781,10.087047222963008,11.48866386373213,False
historical_bootstrap,BZ=F,2026-03-02,77.73999786376953,7,2026-03-11,77.77057883640433,83.1475453864115,71.52237215323024,11.625173233181258,0.9,91.9800033569336,14.209424520529268,15.448384433504305,False
historical_bootstrap,BZ=F,2026-03-03,81.4000015258789,0,2026-03-03,81.4000015258789,81.4000015258789,81.4000015258789,0.0,0.9,81.4000015258789,0.0,0.0,True
historical_bootstrap,BZ=F,2026-03-03,81.4000015258789,1,2026-03-04,81.44641741346467,83.55379473913706,78.67393958494938,4.8798551541876805,0.9,81.4000015258789,-0.04641588758576631,0.05702197385218678,True
historical_bootstrap,BZ=F,2026-03-03,81.4000015258789,2,2026-03-05,81.5181675347033,84.75039706912972,77.51761538977765,7.2327816793520725,0.9,85.41000366210938,3.89183612740608,4.556651399761763,False
historical_bootstrap,BZ=F,2026-03-03,81.4000015258789,3,2026-03-06,81.52057432509615,85.26424573612898,76.86027777317544,8.403967962953544,0.9,92.69000244140625,11.169428116310101,12.050305126888768,False
historical_bootstrap,BZ=F,2026-03-03,81.4000015258789,4,2026-03-09,81.47658801609896,86.04584653308147,76.38783680307291,9.658009730008558,0.9,98.95999908447266,17.483411068373698,17.667149585813746,False
historical_bootstrap,BZ=F,2026-03-03,81.4000015258789,5,2026-03-10,81.36384280488826,86.51161987263022,75.9329180984363,10.578701774193917,0.9,87.80000305175781,6.436160246869548,7.330478386288271,False
historical_bootstrap,BZ=F,2026-03-03,81.4000015258789,6,2026-03-11,81.46968185444457,86.76121648983137,75.28638705272121,11.47482943711016,0.9,91.9800033569336,10.51032150248902,11.426746161014067,False
historical_bootstrap,BZ=F,2026-03-03,81.4000015258789,7,2026-03-12,81.43202225250019,87.12335690209918,74.88964963196516,12.233707270134019,0.9,100.45999908447266,19.027976831972467,18.940849099523312,False
historical_bootstrap,BZ=F,2026-03-04,81.4000015258789,0,2026-03-04,81.4000015258789,81.4000015258789,81.4000015258789,0.0,0.9,81.4000015258789,0.0,0.0,True
historical_bootstrap,BZ=F,2026-03-04,81.4000015258789,1,2026-03-05,81.44641741346467,83.64613563719836,78.67406742839744,4.97206820880092,0.9,85.41000366210938,3.9635862486447024,4.6406580947180975,False
historical_bootstrap,BZ=F,2026-03-04,81.4000015258789,2,2026-03-06,81.4762134571147,84.63094049072274,77.50632000904764,7.124620481675095,0.9,92.69000244140625,11.213788984291554,12.098164514970557,False
historical_bootstrap,BZ=F,2026-03-04,81.4000015258789,3,2026-03-09,81.48301398677883,85.36287164934431,76.69152285025922,8.671348799085095,0.9,98.95999908447266,17.476985097693827,17.660656082641434,False
historical_bootstrap,BZ=F,2026-03-04,81.4000015258789,4,2026-03-10,81.44385438224202,85.93239633844864,76.30695804889842,9.625438289550218,0.9,87.80000305175781,6.35614866951579,7.239349030282904,False
historical_bootstrap,BZ=F,2026-03-04,81.4000015258789,5,2026-03-11,81.42236586956031,86.58858559058727,75.68048627157569,10.908099319011583,0.9,91.9800033569336,10.557637487373285,11.478187760445905,False
historical_bootstrap,BZ=F,2026-03-04,81.4000015258789,6,2026-03-12,81.5177829739205,86.75729072769413,75.28496949442835,11.472321233265774,0.9,100.45999908447266,18.942216110552152,18.855481070256058,False
historical_bootstrap,BZ=F,2026-03-04,81.4000015258789,7,2026-03-13,81.28608428373214,87.06107328201509,74.77846366165494,12.282609620360148,0.9,103.13999938964844,21.8539151059163,21.188593402405672,False
historical_bootstrap,BZ=F,2026-03-05,85.41000366210938,0,2026-03-05,85.41000366210938,85.41000366210938,85.41000366210938,0.0,0.9,85.41000366210938,0.0,0.0,True
historical_bootstrap,BZ=F,2026-03-05,85.41000366210938,1,2026-03-06,85.46920467222702,87.81355917792023,82.77938514949668,5.03417402842355,0.9,92.69000244140625,7.220797769179228,7.790266025447392,False
historical_bootstrap,BZ=F,2026-03-05,85.41000366210938,2,2026-03-09,85.5813334185549,88.92544948833078,81.47600016246574,7.4494493258650465,0.9,98.95999908447266,13.378665665917751,13.519266157730728,False
historical_bootstrap,BZ=F,2026-03-05,85.41000366210938,3,2026-03-10,85.52719708383069,89.64562356064766,80.86101022666404,8.784613333983629,0.9,87.80000305175781,2.272805967927127,2.5886171855681086,True
historical_bootstrap,BZ=F,2026-03-05,85.41000366210938,4,2026-03-11,85.56493691784026,90.46527004056706,80.14668189265882,10.318588147908244,0.9,91.9800033569336,6.415066439093337,6.974414225882673,False
historical_bootstrap,BZ=F,2026-03-05,85.41000366210938,5,2026-03-12,85.41995917447832,90.7795375996717,79.73739106559542,11.04214653407628,0.9,100.45999908447266,15.040039909994334,14.971172652856374,False
historical_bootstrap,BZ=F,2026-03-05,85.41000366210938,6,2026-03-13,85.41000366210938,91.00704950554092,78.85874062938714,12.148308876153777,0.9,103.13999938964844,17.729995727539062,17.190222835427434,False
historical_bootstrap,BZ=F,2026-03-05,85.41000366210938,7,2026-03-16,85.34254194856307,91.53523634098393,78.46226947745626,13.072966863527668,0.9,100.20999908447266,14.86745713590959,14.836301039556913,False
historical_bootstrap,BZ=F,2026-03-06,92.69000244140625,0,2026-03-06,92.69000244140625,92.69000244140625,92.69000244140625,0.0,0.9,92.69000244140625,0.0,0.0,True
historical_bootstrap,BZ=F,2026-03-06,92.69000244140625,1,2026-03-09,92.70988231842975,95.45233299120241,89.58584171384348,5.866491277358932,0.9,98.95999908447266,6.250116766042908,6.315801155887018,False
historical_bootstrap,BZ=F,2026-03-06,92.69000244140625,2,2026-03-10,92.86910910947826,96.53575629183455,88.28430921718041,8.251447074654138,0.9,87.80000305175781,-5.069106057720447,5.773469113357804,False
historical_bootstrap,BZ=F,2026-03-06,92.69000244140625,3,2026-03-11,92.86910910947826,97.17715609454733,87.42615869310961,9.750997401437715,0.9,91.9800033569336,-0.8891057525446655,0.9666293977990417,True
historical_bootstrap,BZ=F,2026-03-06,92.69000244140625,4,2026-03-12,92.85359394804706,97.98629347807315,86.98599982973676,11.000293648336395,0.9,100.45999908447266,7.606405136425593,7.5715759563462495,False
historical_bootstrap,BZ=F,2026-03-06,92.69000244140625,5,2026-03-13,92.84098026838768,98.5878926302503,86.61793263402404,11.969959996226251,0.9,103.13999938964844,10.299019121260756,9.985475259072386,False
historical_bootstrap,BZ=F,2026-03-06,92.69000244140625,6,2026-03-16,92.70392492349971,98.76542845662324,85.50591675730014,13.259511699323099,0.9,100.20999908447266,7.506074160972943,7.4903445060863145,False
historical_bootstrap,BZ=F,2026-03-06,92.69000244140625,7,2026-03-17,92.85228453887004,99.53753198342311,85.65096849514426,13.886563488278853,0.9,103.41999816894531,10.567713630075275,10.21824967818315,False
historical_bootstrap,BZ=F,2026-03-09,98.95999908447266,0,2026-03-09,98.95999908447266,98.95999908447266,98.95999908447266,0.0,0.9,98.95999908447266,0.0,0.0,True
historical_bootstrap,BZ=F,2026-03-09,98.95999908447266,1,2026-03-10,99.04147704237836,101.82987624575479,95.95888394592096,5.87099229983383,0.9,87.80000305175781,-11.241473990620548,12.80350068324455,False
historical_bootstrap,BZ=F,2026-03-09,98.95999908447266,2,2026-03-11,99.15850970166063,103.07060564002438,94.66317397021666,8.407431669807721,0.9,91.9800033569336,-7.17850634472704,7.80442061615332,False
historical_bootstrap,BZ=F,2026-03-09,98.95999908447266,3,2026-03-12,99.09728032202412,103.86785614032425,93.35537187730601,10.512484263018237,0.9,100.45999908447266,1.3627187624485373,1.3564789715981218,True
historical_bootstrap,BZ=F,2026-03-09,98.95999908447266,4,2026-03-13,99.06109613752425,104.82009634525404,92.87015035903467,11.949945986219376,0.9,103.13999938964844,4.078903252124192,3.9547249139634646,True
historical_bootstrap,BZ=F,2026-03-09,98.95999908447266,5,2026-03-16,98.93599492835381,105.26788931381138,92.13253559078554,13.135353723025844,0.9,100.20999908447266,1.274004156118849,1.2713343655905227,True
historical_bootstrap,BZ=F,2026-03-09,98.95999908447266,6,2026-03-17,99.03477689592613,105.82586389621393,91.52580310302075,14.300060793193182,0.9,103.41999816894531,4.385221273019184,4.240206295358422,True
historical_bootstrap,BZ=F,2026-03-09,98.95999908447266,7,2026-03-18,99.04167962022848,106.2707283903355,91.4448110973108,14.825917293024702,0.9,107.37999725341797,8.33831763318949,7.765242919042892,False
historical_bootstrap,BZ=F,2026-03-10,87.80000305175781,0,2026-03-10,87.80000305175781,87.80000305175781,87.80000305175781,0.0,0.9,87.80000305175781,0.0,0.0,True
historical_bootstrap,BZ=F,2026-03-10,87.80000305175781,1,2026-03-11,87.85680278959879,90.4504727954317,85.23640204025868,5.214070755173012,0.9,91.9800033569336,4.1232005673348056,4.48271408659825,False
historical_bootstrap,BZ=F,2026-03-10,87.80000305175781,2,2026-03-12,87.97982450166482,91.81142135770753,83.75591565608462,8.055505701622906,0.9,100.45999908447266,12.480174582807834,12.423028764228608,False
historical_bootstrap,BZ=F,2026-03-10,87.80000305175781,3,2026-03-13,87.92180269997404,92.15895600547067,82.9923240768642,9.166631928606478,0.9,103.13999938964844,15.2181966896744,14.754893135283229,False
historical_bootstrap,BZ=F,2026-03-10,87.80000305175781,4,2026-03-16,87.9549640443566,93.04695919054394,82.18944203821242,10.857517152331525,0.9,100.20999908447266,12.255035040116056,12.229353509708742,False
historical_bootstrap,BZ=F,2026-03-10,87.80000305175781,5,2026-03-17,87.95245280894021,93.61104996275537,81.7424917226621,11.868558240093279,0.9,103.41999816894531,15.467545360005104,14.956048766059308,False
historical_bootstrap,BZ=F,2026-03-10,87.80000305175781,6,2026-03-18,87.81735914518464,93.89158507480602,81.74720016837527,12.144384906430744,0.9,107.37999725341797,19.56263810823333,18.218139885089855,False
historical_bootstrap,BZ=F,2026-03-10,87.80000305175781,7,2026-03-19,87.87088242202377,94.14287227421138,80.7777806262224,13.36509164798899,0.9,108.6500015258789,20.779119103855137,19.124821732198356,False
historical_bootstrap,BZ=F,2026-03-11,91.9800033569336,0,2026-03-11,91.9800033569336,91.9800033569336,91.9800033569336,0.0,0.9,91.9800033569336,0.0,0.0,True
historical_bootstrap,BZ=F,2026-03-11,91.9800033569336,1,2026-03-12,92.01243504194821,94.72653195973734,89.43987496811965,5.28665699161769,0.9,100.45999908447266,8.447564042524448,8.408883256530036,False
historical_bootstrap,BZ=F,2026-03-11,91.9800033569336,2,2026-03-13,92.14423697811853,95.90981315850786,87.61165704972503,8.298156108782834,0.9,103.13999938964844,10.99576241152991,10.661006861159136,False
historical_bootstrap,BZ=F,2026-03-11,91.9800033569336,3,2026-03-16,92.15332254174264,96.5997926116728,86.82185546853677,9.777937143136029,0.9,100.20999908447266,8.056676542730017,8.039793050929568,False
historical_bootstrap,BZ=F,2026-03-11,91.9800033569336,4,2026-03-17,92.18933811910952,97.4767576449116,86.32051148915356,11.15624615575804,0.9,103.41999816894531,11.230660049835791,10.859273108368807,False
historical_bootstrap,BZ=F,2026-03-11,91.9800033569336,5,2026-03-18,92.13433154429042,98.11050561943274,85.77360545636334,12.336900163069402,0.9,107.37999725341797,15.24566570912755,14.197863754035692,False
historical_bootstrap,BZ=F,2026-03-11,91.9800033569336,6,2026-03-19,92.04950682714527,98.47199882614011,85.07176909129583,13.400229734844274,0.9,108.6500015258789,16.60049469873364,15.278872034603364,False
historical_bootstrap,BZ=F,2026-03-11,91.9800033569336,7,2026-03-20,92.02702296516976,98.77508129060354,84.83876456141726,13.936316729186274,0.9,112.19000244140625,20.162979476236487,17.97217134990888,False
historical_bootstrap,BZ=F,2026-03-12,100.45999908447266,0,2026-03-12,100.45999908447266,100.45999908447266,100.45999908447266,0.0,0.9,100.45999908447266,0.0,0.0,True
historical_bootstrap,BZ=F,2026-03-12,100.45999908447266,1,2026-03-13,100.51931881412207,103.52389399682873,97.09262568333492,6.431268313493817,0.9,103.13999938964844,2.6206805755263645,2.540896442732951,True
historical_bootstrap,BZ=F,2026-03-12,100.45999908447266,2,2026-03-16,100.63937404459148,104.76390416716875,95.56319164954202,9.200712517626727,0.9,100.20999908447266,-0.42937496011882104,0.4284751661926238,True
historical_bootstrap,BZ=F,2026-03-12,100.45999908447266,3,2026-03-17,100.60462688106156,105.50361202657092,94.82350727567028,10.68010475090064,0.9,103.41999816894531,2.8153712878837496,2.722269713527361,True
historical_bootstrap,BZ=F,2026-03-12,100.45999908447266,4,2026-03-18,100.6918140703684,106.35573989424499,94.17440776452686,12.181332129718129,0.9,107.37999725341797,6.688183183049574,6.228518675843684,False
historical_bootstrap,BZ=F,2026-03-12,100.45999908447266,5,2026-03-19,100.56679299456015,106.86350204048422,93.78782215181701,13.07567988866721,0.9,108.6500015258789,8.08320853131876,7.439676408465999,False
historical_bootstrap,BZ=F,2026-03-12,100.45999908447266,6,2026-03-20,100.60535932944347,107.3999331614511,93.38351756380743,14.016415597643672,0.9,112.19000244140625,11.584643111962777,10.32591394942978,False
historical_bootstrap,BZ=F,2026-03-12,100.45999908447266,7,2026-03-23,100.54291770435103,107.92764116370685,92.83089858634645,15.096742577360402,0.9,99.94000244140625,-0.6029152629447765,0.6032772145450559,True
historical_bootstrap,BZ=F,2026-03-13,103.13999938964844,0,2026-03-13,103.13999938964844,103.13999938964844,103.13999938964844,0.0,0.9,103.13999938964844,0.0,0.0,True
historical_bootstrap,BZ=F,2026-03-13,103.13999938964844,1,2026-03-16,103.19881185313155,106.21976616588522,99.85971284025041,6.360053325634809,0.9,100.20999908447266,-2.988812768658889,2.982549442136458,True
historical_bootstrap,BZ=F,2026-03-13,103.13999938964844,2,2026-03-17,103.33929878709216,107.51806285275563,98.22130093475283,9.296761918002801,0.9,103.41999816894531,0.08069938185315095,0.07803073223935054,True
historical_bootstrap,BZ=F,2026-03-13,103.13999938964844,3,2026-03-18,103.32939622971298,108.32617137873275,97.28270273751251,11.043468641220244,0.9,107.37999725341797,4.050601023704985,3.772211889841571,True
historical_bootstrap,BZ=F,2026-03-13,103.13999938964844,4,2026-03-19,103.23747671442828,109.44176316375525,96.824512366864,12.617250796891256,0.9,108.6500015258789,5.4125248114506235,4.981615034916899,True
historical_bootstrap,BZ=F,2026-03-13,103.13999938964844,5,2026-03-20,103.17712976298793,110.57948744498118,96.21278844616562,14.366698998815565,0.9,112.19000244140625,9.012872678418319,8.033579180217501,False
historical_bootstrap,BZ=F,2026-03-13,103.13999938964844,6,2026-03-23,103.26296827130447,110.29587347052761,95.40189953450896,14.893973936018654,0.9,99.94000244140625,-3.322965829898223,3.3249607251575184,True
historical_bootstrap,BZ=F,2026-03-13,103.13999938964844,7,2026-03-24,103.26737495250171,110.75952872595066,95.32105964940084,15.438469076549822,0.9,104.48999786376953,1.2226229112678197,1.1700860716466217,True
historical_bootstrap,BZ=F,2026-03-16,100.20999908447266,0,2026-03-16,100.20999908447266,100.20999908447266,100.20999908447266,0.0,0.9,100.20999908447266,0.0,0.0,True
historical_bootstrap,BZ=F,2026-03-16,100.20999908447266,1,2026-03-17,100.29885854946563,103.19673103623104,97.49332346814617,5.70340756808487,0.9,103.41999816894531,3.1211396194796777,3.0179265855149526,False
historical_bootstrap,BZ=F,2026-03-16,100.20999908447266,2,2026-03-18,100.38892766055366,104.48331576289668,95.41975335476299,9.063562408133691,0.9,107.37999725341797,6.9910695928643065,6.510588351353097,False
historical_bootstrap,BZ=F,2026-03-16,100.20999908447266,3,2026-03-19,100.35426696717069,105.18506350723044,94.53457777793483,10.65048572929561,0.9,108.6500015258789,8.295734558708219,7.63528250547911,False
historical_bootstrap,BZ=F,2026-03-16,100.20999908447266,4,2026-03-20,100.43489134899153,106.6544149461552,94.04416588825552,12.61024905789968,0.9,112.19000244140625,11.755111092414722,10.47785973492076,False
historical_bootstrap,BZ=F,2026-03-16,100.20999908447266,5,2026-03-23,100.41635144350302,107.5264932493173,93.96264461771698,13.563848631600322,0.9,99.94000244140625,-0.476349002096768,0.4766349714430378,True
historical_bootstrap,BZ=F,2026-03-16,100.20999908447266,6,2026-03-24,100.23456560607171,107.1625891497919,93.39873309495155,13.763856054840346,0.9,104.48999786376953,4.255432257697819,4.072573781890498,True
historical_bootstrap,BZ=F,2026-03-16,100.20999908447266,7,2026-03-25,100.25532250484476,108.16577412033774,92.69496039267347,15.470813727664279,0.9,102.22000122070312,1.9646787158583692,1.9220100688674742,True
historical_bootstrap,BZ=F,2026-03-17,103.41999816894531,0,2026-03-17,103.41999816894531,103.41999816894531,103.41999816894531,0.0,0.9,103.41999816894531,0.0,0.0,True
historical_bootstrap,BZ=F,2026-03-17,103.41999816894531,1,2026-03-18,103.44841242372694,106.57965236783336,100.23467384986566,6.344978517967704,0.9,107.37999725341797,3.931584829691033,3.661375423965089,False
historical_bootstrap,BZ=F,2026-03-17,103.41999816894531,2,2026-03-19,103.53245691618888,107.80933713549234,98.50833964965071,9.300997485841634,0.9,108.6500015258789,5.117544609690029,4.710119224868213,False
historical_bootstrap,BZ=F,2026-03-17,103.41999816894531,3,2026-03-20,103.56734367924513,108.6143728028752,97.6203066522681,10.994066150607097,0.9,112.19000244140625,8.622658762161123,7.685763949122383,False
historical_bootstrap,BZ=F,2026-03-17,103.41999816894531,4,2026-03-23,103.58246724097502,109.76122357794878,96.94920532877289,12.812018249175892,0.9,99.94000244140625,-3.6424647995687707,3.6446515014889145,True
historical_bootstrap,BZ=F,2026-03-17,103.41999816894531,5,2026-03-24,103.64601654504422,110.97085956046664,96.72843852274285,14.242421037723787,0.9,104.48999786376953,0.8439813187253122,0.8077149353813425,True
historical_bootstrap,BZ=F,2026-03-17,103.41999816894531,6,2026-03-25,103.6020847668366,110.99090120268262,95.66089134729101,15.330009855391609,0.9,102.22000122070312,-1.3820835461334724,1.3520676282809045,True
historical_bootstrap,BZ=F,2026-03-17,103.41999816894531,7,2026-03-26,103.50535994073651,111.61373496689295,95.6771589805056,15.936575986387354,0.9,108.01000213623047,4.5046421954939575,4.170578748635111,True
historical_bootstrap,BZ=F,2026-03-18,107.37999725341797,0,2026-03-18,107.37999725341797,107.37999725341797,107.37999725341797,0.0,0.9,107.37999725341797,0.0,0.0,True
historical_bootstrap,BZ=F,2026-03-18,107.37999725341797,1,2026-03-19,107.47521458895395,110.80387067224322,103.96486090719714,6.839009765046086,0.9,108.6500015258789,1.17478693692496,1.0812580951921498,True
historical_bootstrap,BZ=F,2026-03-18,107.37999725341797,2,2026-03-20,107.59611856769135,112.08894297351732,102.12245473931561,9.966488234201705,0.9,112.19000244140625,4.593883873714901,4.094735514525156,False
historical_bootstrap,BZ=F,2026-03-18,107.37999725341797,3,2026-03-23,107.58748967999115,112.77936837266503,101.63443459833711,11.144933774327924,0.9,99.94000244140625,-7.647487238584901,7.65207829874583,False
historical_bootstrap,BZ=F,2026-03-18,107.37999725341797,4,2026-03-24,107.6579978230599,113.9640310868914,100.80488591762467,13.159145169266722,0.9,104.48999786376953,-3.16799995929037,3.031869101404997,True
historical_bootstrap,BZ=F,2026-03-18,107.37999725341797,5,2026-03-25,107.71730581698735,114.52849159814035,100.36418026730088,14.164311330839467,0.9,102.22000122070312,-5.4973045962842235,5.377914821596409,True
historical_bootstrap,BZ=F,2026-03-18,107.37999725341797,6,2026-03-26,107.53537036558173,114.96615450224513,99.31513370267935,15.651020799565785,0.9,108.01000213623047,0.47463177064874174,0.4394331647638521,True
historical_bootstrap,BZ=F,2026-03-18,107.37999725341797,7,2026-03-27,107.64723695389105,115.72293911539708,99.34068120711414,16.382257908282938,0.9,112.56999969482422,4.922762740933166,4.3730680947665554,True
historical_bootstrap,BZ=F,2026-03-19,108.6500015258789,0,2026-03-19,108.6500015258789,108.6500015258789,108.6500015258789,0.0,0.9,108.6500015258789,0.0,0.0,True
historical_bootstrap,BZ=F,2026-03-19,108.6500015258789,1,2026-03-20,108.7152680789964,111.96396853130058,105.08253577921371,6.881432752086866,0.9,112.19000244140625,3.4747343624098477,3.097187170688053,False
historical_bootstrap,BZ=F,2026-03-19,108.6500015258789,2,2026-03-23,108.8686789492929,113.61401735632768,103.45630618013237,10.157711176195306,0.9,99.94000244140625,-8.92867650788665,8.934036711797598,False
historical_bootstrap,BZ=F,2026-03-19,108.6500015258789,3,2026-03-24,108.80553987897814,114.10479506409243,102.55701657815898,11.54777848593345,0.9,104.48999786376953,-4.315542015208607,4.130100587077303,True
historical_bootstrap,BZ=F,2026-03-19,108.6500015258789,4,2026-03-25,108.84709200415783,115.31190601787736,102.31243436965684,12.99947164822052,0.9,102.22000122070312,-6.627090783454705,6.483164453447969,False
historical_bootstrap,BZ=F,2026-03-19,108.6500015258789,5,2026-03-26,108.96472489701033,116.6092720298247,101.71985768488936,14.889414344935332,0.9,108.01000213623047,-0.954722760779859,0.8839206942850437,True
historical_bootstrap,BZ=F,2026-03-19,108.6500015258789,6,2026-03-27,108.84129633818795,116.63542376424837,100.99660977767046,15.638813986577915,0.9,112.56999969482422,3.7287033566362737,3.3123419798745126,True
historical_bootstrap,BZ=F,2026-03-19,108.6500015258789,7,2026-03-30,108.73771272656087,117.09161699635702,100.50202255381306,16.589594442543955,0.9,112.77999877929688,4.042286052736003,3.5842224654093973,True
historical_bootstrap,BZ=F,2026-03-20,112.19000244140625,0,2026-03-20,112.19000244140625,112.19000244140625,112.19000244140625,0.0,0.9,112.19000244140625,0.0,0.0,True
historical_bootstrap,BZ=F,2026-03-20,112.19000244140625,1,2026-03-23,112.28237322132672,115.7391542394526,108.96624341404706,6.772910825405546,0.9,99.94000244140625,-12.342370779920472,12.349780346620134,False
historical_bootstrap,BZ=F,2026-03-20,112.19000244140625,2,2026-03-24,112.40397156064437,117.47191434095589,107.02250632496106,10.449408015994834,0.9,104.48999786376953,-7.913973696874834,7.573905501646962,False
historical_bootstrap,BZ=F,2026-03-20,112.19000244140625,3,2026-03-25,112.51687882157768,117.82485946306458,105.4211436796593,12.40371578340529,0.9,102.22000122070312,-10.296877600874552,10.073251299070689,False
historical_bootstrap,BZ=F,2026-03-20,112.19000244140625,4,2026-03-26,112.49445990385517,119.70315697680171,105.32036400144356,14.382792975358143,0.9,108.01000213623047,-4.484457767624704,4.151891194269734,True
historical_bootstrap,BZ=F,2026-03-20,112.19000244140625,5,2026-03-27,112.42102401485114,120.4138160551547,104.93099928596337,15.48281676919133,0.9,112.56999969482422,0.14897567997307704,0.132340481813048,True
historical_bootstrap,BZ=F,2026-03-20,112.19000244140625,6,2026-03-30,112.43193648216098,119.9737675699215,104.56445653805493,15.40931103186658,0.9,112.77999877929688,0.34806229713589687,0.30862058955775673,True
historical_bootstrap,BZ=F,2026-03-20,112.19000244140625,7,2026-03-31,112.24735327604735,120.91525538813357,103.96854290560171,16.946712482531865,0.9,118.3499984741211,6.102645198073745,5.15643876362886,True
historical_bootstrap,BZ=F,2026-03-23,99.94000244140625,0,2026-03-23,99.94000244140625,99.94000244140625,99.94000244140625,0.0,0.9,99.94000244140625,0.0,0.0,True
historical_bootstrap,BZ=F,2026-03-23,99.94000244140625,1,2026-03-24,100.00003685821527,102.92421711037547,96.76148927779019,6.162727832585276,0.9,104.48999786376953,4.489961005554264,4.297024688820571,False
historical_bootstrap,BZ=F,2026-03-23,99.94000244140625,2,2026-03-25,100.1251379000722,104.20180548677493,95.17391034813691,9.027895138638016,0.9,102.22000122070312,2.094863320630921,2.0493673406517607,True
historical_bootstrap,BZ=F,2026-03-23,99.94000244140625,3,2026-03-26,100.18359392834482,105.06484303810736,94.36629243620125,10.698550601906106,0.9,108.01000213623047,7.826408207885649,7.246003197013537,False
historical_bootstrap,BZ=F,2026-03-23,99.94000244140625,4,2026-03-27,100.17061751673484,106.5817536472586,93.86789460061806,12.713859046640536,0.9,112.56999969482422,12.399382178089382,11.014819411658474,False
historical_bootstrap,BZ=F,2026-03-23,99.94000244140625,5,2026-03-30,100.045404329105,107.26585977940692,93.3085838981291,13.957275881277823,0.9,112.77999877929688,12.734594450191878,11.291536254679919,False
historical_bootstrap,BZ=F,2026-03-23,99.94000244140625,6,2026-03-31,100.10028612893805,107.08322832123525,92.90014989415334,14.18307842708191,0.9,118.3499984741211,18.249712345183042,15.420120473574489,False
historical_bootstrap,BZ=F,2026-03-23,99.94000244140625,7,2026-04-01,100.0634260805168,107.8881932719903,92.36807468003204,15.520118591958266,0.9,101.16000366210938,1.0965775815925696,1.0840031058671313,True
historical_bootstrap,BZ=F,2026-03-24,104.48999786376953,0,2026-03-24,104.48999786376953,104.48999786376953,104.48999786376953,0.0,0.9,104.48999786376953,0.0,0.0,True
historical_bootstrap,BZ=F,2026-03-24,104.48999786376953,1,2026-03-25,104.58265254286464,107.81448610021175,101.27171767435846,6.542768425853296,0.9,102.22000122070312,-2.3626513221615113,2.31133955580798,True
historical_bootstrap,BZ=F,2026-03-24,104.48999786376953,2,2026-03-26,104.60362012703864,109.07220815264273,99.85279637915038,9.219411773492354,0.9,108.01000213623047,3.40638200919183,3.153765338228066,True
historical_bootstrap,BZ=F,2026-03-24,104.48999786376953,3,2026-03-27,104.68187371727798,109.74405160884788,98.18571029657308,11.558341312274806,0.9,112.56999969482422,7.888125977546238,7.007307452190497,False
historical_bootstrap,BZ=F,2026-03-24,104.48999786376953,4,2026-03-30,104.67441555423441,111.20965663806834,98.18258494978794,13.027071688280401,0.9,112.77999877929688,8.10558322506246,7.187075113313806,False
historical_bootstrap,BZ=F,2026-03-24,104.48999786376953,5,2026-03-31,104.66275597993831,112.24169436819402,97.55016350389009,14.691530864303928,0.9,118.3499984741211,13.687242494182783,11.565055066034237,False
historical_bootstrap,BZ=F,2026-03-24,104.48999786376953,6,2026-04-01,104.52994398758608,112.13923066040635,97.28165514604554,14.857575514360818,0.9,101.16000366210938,-3.369940325476705,3.3312971564659546,True
historical_bootstrap,BZ=F,2026-03-24,104.48999786376953,7,2026-04-02,104.60958630358611,112.78556641079072,96.55485251222132,16.230713898569405,0.9,,,,
historical_bootstrap,BZ=F,2026-03-25,102.22000122070312,0,2026-03-25,102.22000122070312,102.22000122070312,102.22000122070312,0.0,0.9,102.22000122070312,0.0,0.0,True
historical_bootstrap,BZ=F,2026-03-25,102.22000122070312,1,2026-03-26,102.2801675968288,105.45375015763034,99.24143296368138,6.212317193948962,0.9,108.01000213623047,5.729834539401665,5.30491105089949,False
historical_bootstrap,BZ=F,2026-03-25,102.22000122070312,2,2026-03-27,102.31570617841713,106.59930827641047,97.21510258077198,9.384205695638485,0.9,112.56999969482422,10.254293516407088,9.10925961109207,False
historical_bootstrap,BZ=F,2026-03-25,102.22000122070312,3,2026-03-30,102.48497159564091,107.96648110807074,96.4876043495875,11.478876758483239,0.9,112.77999877929688,10.29502718365596,9.128415760850165,False
historical_bootstrap,BZ=F,2026-03-25,102.22000122070312,4,2026-03-31,102.32442867605832,108.75732688016677,96.00936628239087,12.7479605977759,0.9,118.3499984741211,16.025569798062776,13.540828056340867,False
historical_bootstrap,BZ=F,2026-03-25,102.22000122070312,5,2026-04-01,102.38650195704842,109.95820343677988,95.43093153708392,14.527271899695961,0.9,101.16000366210938,-1.2264982949390486,1.2124340159533302,True
historical_bootstrap,BZ=F,2026-03-25,102.22000122070312,6,2026-04-02,102.3355658046881,109.70305798972593,94.54268344190177,15.160374547824162,0.9,,,,
historical_bootstrap,BZ=F,2026-03-25,102.22000122070312,7,2026-04-03,102.30437252771517,110.31866492518411,94.28373886200009,16.034926063184017,0.9,,,,
historical_bootstrap,BZ=F,2026-03-26,108.01000213623047,0,2026-03-26,108.01000213623047,108.01000213623047,108.01000213623047,0.0,0.9,108.01000213623047,0.0,0.0,True
historical_bootstrap,BZ=F,2026-03-26,108.01000213623047,1,2026-03-27,108.08486808816943,111.36885933764921,104.7344316479027,6.634427689746516,0.9,112.56999969482422,4.4851316066547895,3.9843045383440723,False
historical_bootstrap,BZ=F,2026-03-26,108.01000213623047,2,2026-03-30,108.23700852674313,112.97988218093609,102.84690008827147,10.13298209266462,0.9,112.77999877929688,4.54299025255375,4.028187889453774,True
historical_bootstrap,BZ=F,2026-03-26,108.01000213623047,3,2026-03-31,108.19268709003164,113.43266438603086,101.47681911143121,11.955845274599653,0.9,118.3499984741211,10.157311384089454,8.582434740217165,False
historical_bootstrap,BZ=F,2026-03-26,108.01000213623047,4,2026-04-01,108.1203446283191,115.32757715407143,101.44758103523569,13.879996118835749,0.9,101.16000366210938,-6.960340966209728,6.880526605612217,False
historical_bootstrap,BZ=F,2026-03-26,108.01000213623047,5,2026-04-02,108.2268658620046,116.02283372891449,100.9297667391796,15.093066989734893,0.9,,,,
historical_bootstrap,BZ=F,2026-03-26,108.01000213623047,6,2026-04-03,108.29882713804213,115.90999544799564,100.56395168474086,15.346043763254784,0.9,,,,
historical_bootstrap,BZ=F,2026-03-26,108.01000213623047,7,2026-04-06,108.19819411457811,116.59999700934317,99.82665298971725,16.773344019625924,0.9,109.7699966430664,1.5718025284882913,1.431905417287424,True
historical_bootstrap,BZ=F,2026-03-27,112.56999969482422,0,2026-03-27,112.56999969482422,112.56999969482422,112.56999969482422,0.0,0.9,112.56999969482422,0.0,0.0,True
historical_bootstrap,BZ=F,2026-03-27,112.56999969482422,1,2026-03-30,112.6008356140555,115.96821572974423,108.9840005766364,6.984215153107826,0.9,112.77999877929688,0.179163165241377,0.15886076181999936,True
historical_bootstrap,BZ=F,2026-03-27,112.56999969482422,2,2026-03-31,112.76290492366478,117.70858620820889,107.22378612097697,10.484800087231918,0.9,118.3499984741211,5.587093550456316,4.720822663701186,False
historical_bootstrap,BZ=F,2026-03-27,112.56999969482422,3,2026-04-01,112.84204823697883,118.23033887150955,106.1771755117206,12.05316335978894,0.9,101.16000366210938,-11.682044574869451,11.548086350302391,False
historical_bootstrap,BZ=F,2026-03-27,112.56999969482422,4,2026-04-02,112.88785179723897,119.76924386135376,105.64261210886734,14.126631752486418,0.9,,,,
historical_bootstrap,BZ=F,2026-03-27,112.56999969482422,5,2026-04-03,112.68872182986757,120.96816010943456,105.19560247441137,15.77255763502319,0.9,,,,
historical_bootstrap,BZ=F,2026-03-27,112.56999969482422,6,2026-04-06,112.83347068140603,121.0544552431718,104.53940927590378,16.515045967268023,0.9,109.7699966430664,-3.0634740383396206,2.7908118174595242,True
historical_bootstrap,BZ=F,2026-03-27,112.56999969482422,7,2026-04-07,112.55536949100664,121.48958965065201,103.83017343158305,17.65941621906896,0.9,109.2699966430664,-3.2853728479402378,3.0066559429593496,True
historical_bootstrap,BZ=F,2026-03-30,112.77999877929688,0,2026-03-30,112.77999877929688,112.77999877929688,112.77999877929688,0.0,0.9,112.77999877929688,0.0,0.0,True
historical_bootstrap,BZ=F,2026-03-30,112.77999877929688,1,2026-03-31,112.87420070624214,116.36824441919599,109.00320715247284,7.365037266723149,0.9,118.3499984741211,5.475797767878959,4.626783133483791,False
historical_bootstrap,BZ=F,2026-03-30,112.77999877929688,2,2026-04-01,113.00774523404559,117.93270647774155,107.31703790750441,10.615668570237133,0.9,101.16000366210938,-11.847741571936211,11.711883296791454,False
historical_bootstrap,BZ=F,2026-03-30,112.77999877929688,3,2026-04-02,112.9406797575019,118.44448896732447,106.23167526943473,12.212813697889743,0.9,,,,
historical_bootstrap,BZ=F,2026-03-30,112.77999877929688,4,2026-04-03,112.9892429034199,119.99267311983338,105.9250879132766,14.067585206556785,0.9,,,,
historical_bootstrap,BZ=F,2026-03-30,112.77999877929688,5,2026-04-06,112.8109846589751,121.14669741246435,105.20533476559577,15.941362646868583,0.9,109.7699966430664,-3.0409880159086953,2.7703271466764487,True
historical_bootstrap,BZ=F,2026-03-30,112.77999877929688,6,2026-04-07,112.79380888014013,120.8409652224354,104.30759961327108,16.53336560916432,0.9,109.2699966430664,-3.5238122370737273,3.2248671596324483,True
historical_bootstrap,BZ=F,2026-03-30,112.77999877929688,7,2026-04-08,112.82436361273135,121.16344166457986,104.3194491726349,16.84399249194496,0.9,94.75,-18.074363612731347,19.07584550156343,False
historical_bootstrap,BZ=F,2026-03-31,118.3499984741211,0,2026-03-31,118.3499984741211,118.3499984741211,118.3499984741211,0.0,0.9,118.3499984741211,0.0,0.0,True
historical_bootstrap,BZ=F,2026-03-31,118.3499984741211,1,2026-04-01,118.41857144798891,121.885874862357,114.46403842124671,7.421836441110287,0.9,101.16000366210938,-17.258567785879535,17.060663464906465,False
historical_bootstrap,BZ=F,2026-03-31,118.3499984741211,2,2026-04-02,118.58899291341652,123.65644818153652,112.69262316246272,10.963825019073795,0.9,,,,
historical_bootstrap,BZ=F,2026-03-31,118.3499984741211,3,2026-04-03,118.52530302370202,124.29458380583606,111.6472132320761,12.647370573759957,0.9,,,,
historical_bootstrap,BZ=F,2026-03-31,118.3499984741211,4,2026-04-06,118.53592203597802,126.27081210145634,111.15934472050218,15.111467380954167,0.9,109.7699966430664,-8.765925392911612,7.9857207442716165,False
historical_bootstrap,BZ=F,2026-03-31,118.3499984741211,5,2026-04-07,118.29711858856422,126.8810921909497,110.18477715706904,16.696315033880666,0.9,109.2699966430664,-9.02712194549781,8.26129973718693,False
historical_bootstrap,BZ=F,2026-03-31,118.3499984741211,6,2026-04-08,118.61517947197194,126.82716619518193,110.18551032133323,16.641655873848705,0.9,94.75,-23.865179471971942,25.187524508677512,False
historical_bootstrap,BZ=F,2026-03-31,118.3499984741211,7,2026-04-09,118.39217538340381,127.54525999293698,109.48938135594781,18.055878636989164,0.9,95.91999816894531,-22.472177214458497,23.428041746704288,False
historical_bootstrap,BZ=F,2026-04-01,101.16000366210938,0,2026-04-01,101.16000366210938,101.16000366210938,101.16000366210938,0.0,0.9,101.16000366210938,0.0,0.0,True
historical_bootstrap,BZ=F,2026-04-01,101.16000366210938,1,2026-04-02,101.21861660995076,104.38476556104213,98.09216997966205,6.292595581380084,0.9,,,,
historical_bootstrap,BZ=F,2026-04-01,101.16000366210938,2,2026-04-03,101.38007656519002,105.77774757186582,96.33516105297421,9.442586518891602,0.9,,,,
historical_bootstrap,BZ=F,2026-04-01,101.16000366210938,3,2026-04-06,101.36754668970272,107.26115133347142,95.42999717716776,11.831154156303654,0.9,109.7699966430664,8.402449953363686,7.654596165002638,False
historical_bootstrap,BZ=F,2026-04-01,101.16000366210938,4,2026-04-07,101.26231791551838,107.87678643310076,94.83061438539258,13.046172047708183,0.9,109.2699966430664,8.007678727548026,7.328341698138181,False
historical_bootstrap,BZ=F,2026-04-01,101.16000366210938,5,2026-04-08,101.3631138820853,108.66466116815607,94.85342341553373,13.811237752622347,0.9,94.75,-6.613113882085301,6.979539717240424,False
historical_bootstrap,BZ=F,2026-04-01,101.16000366210938,6,2026-04-09,101.27436986832657,108.02457331278735,94.28416593395276,13.74040737883459,0.9,95.91999816894531,-5.354371699381261,5.582122395322117,True
historical_bootstrap,BZ=F,2026-04-01,101.16000366210938,7,2026-04-10,101.40901860126222,109.17468611387949,93.49564283203108,15.679043281848408,0.9,95.19999694824219,-6.209021653020031,6.522081777372028,True
historical_bootstrap,BZ=F,2026-04-06,109.7699966430664,0,2026-04-06,109.7699966430664,109.7699966430664,109.7699966430664,0.0,0.9,109.7699966430664,0.0,0.0,True
historical_bootstrap,BZ=F,2026-04-06,109.7699966430664,1,2026-04-07,109.80936264238076,113.2437283585902,106.16575644485141,7.077971913738793,0.9,109.2699966430664,-0.5393659993143558,0.4936085072613394,True
historical_bootstrap,BZ=F,2026-04-06,109.7699966430664,2,2026-04-08,110.00070204285984,114.47276043746353,104.53511671212532,9.93764372533822,0.9,94.75,-15.250702042859842,16.09572774972015,False
historical_bootstrap,BZ=F,2026-04-06,109.7699966430664,3,2026-04-09,109.87773298398976,115.38716134643218,103.53618398408616,11.850977362346015,0.9,95.91999816894531,-13.957734815044446,14.551433571193861,False
historical_bootstrap,BZ=F,2026-04-06,109.7699966430664,4,2026-04-10,109.96911878605049,117.11657625010432,103.01594519676384,14.100631053340479,0.9,95.19999694824219,-14.7691218378083,15.51378394039014,False
historical_bootstrap,BZ=F,2026-04-06,109.7699966430664,5,2026-04-13,109.8287456461257,117.80631659871112,102.57902604411584,15.227290554595285,0.9,99.36000061035156,-10.468745035774134,10.536176501073285,False
historical_bootstrap,BZ=F,2026-04-06,109.7699966430664,6,2026-04-14,109.97032306993701,117.63259642575281,101.93915462728492,15.693441798467887,0.9,94.79000091552734,-15.180322154409666,16.014687211510523,False
historical_bootstrap,BZ=F,2026-04-06,109.7699966430664,7,2026-04-15,109.90556010234073,117.64222169597721,101.45330197983688,16.188919716140333,0.9,94.93000030517578,-14.975559797164948,15.775371061858564,False
historical_bootstrap,BZ=F,2026-04-07,109.2699966430664,0,2026-04-07,109.2699966430664,109.2699966430664,109.2699966430664,0.0,0.9,109.2699966430664,0.0,0.0,True
historical_bootstrap,BZ=F,2026-04-07,109.2699966430664,1,2026-04-08,109.35996325855962,112.7702121144676,106.08599997353798,6.684212140929617,0.9,94.75,-14.609963258559617,15.419486288717273,False
historical_bootstrap,BZ=F,2026-04-07,109.2699966430664,2,2026-04-09,109.52247148427932,114.2623388935179,104.04666424523244,10.215674648285471,0.9,95.91999816894531,-13.60247331533401,14.181060858003534,False
historical_bootstrap,BZ=F,2026-04-07,109.2699966430664,3,2026-04-10,109.42730780165476,115.09550205169563,103.14224298054086,11.953259071154775,0.9,95.19999694824219,-14.227310853412575,14.94465473685635,False
historical_bootstrap,BZ=F,2026-04-07,109.2699966430664,4,2026-04-13,109.38051342560708,116.6729350915479,102.54175079332418,14.131184298223715,0.9,99.36000061035156,-10.020512815255515,10.085057119264503,False
historical_bootstrap,BZ=F,2026-04-07,109.2699966430664,5,2026-04-14,109.3284780456663,117.27468554351029,102.01269266459252,15.261992878917766,0.9,94.79000091552734,-14.538477130138958,15.337564078193234,False
historical_bootstrap,BZ=F,2026-04-07,109.2699966430664,6,2026-04-15,109.42810448324904,116.98967813231818,101.07199247205158,15.9176856602666,0.9,94.93000030517578,-14.498104178073262,15.272415602512957,False
historical_bootstrap,BZ=F,2026-04-07,109.2699966430664,7,2026-04-16,109.3129807293665,117.18585624696848,100.78637943569018,16.399476811278305,0.9,99.38999938964844,-9.922981339718064,9.98388308748853,False
historical_bootstrap,BZ=F,2026-04-08,94.75,0,2026-04-08,94.75,94.75,94.75,0.0,0.9,94.75,0.0,0.0,True
historical_bootstrap,BZ=F,2026-04-08,94.75,1,2026-04-09,94.82000279451373,97.74743404534216,91.9890986207927,5.758335424549458,0.9,95.91999816894531,1.099995374431586,1.1467841903980731,True
historical_bootstrap,BZ=F,2026-04-08,94.75,2,2026-04-10,94.95263280517894,99.15306265373533,90.11084777469725,9.042214879038085,0.9,95.19999694824219,0.24736414306325116,0.2598362930596907,True
historical_bootstrap,BZ=F,2026-04-08,94.75,3,2026-04-13,94.88531642916757,99.50694137586024,88.99915091861297,10.507790457247268,0.9,99.36000061035156,4.474684181183989,4.5035065959105935,True
historical_bootstrap,BZ=F,2026-04-08,94.75,4,2026-04-14,94.89254414117973,100.85318246201085,88.82167247668315,12.031509985327702,0.9,94.79000091552734,-0.10254322565238283,0.10817936983012039,True
historical_bootstrap,BZ=F,2026-04-08,94.75,5,2026-04-15,94.85151955847209,101.69101122556577,88.86656070365802,12.82445052190775,0.9,94.93000030517578,0.07848074670368987,0.08267222843294454,True
historical_bootstrap,BZ=F,2026-04-08,94.75,6,2026-04-16,94.91917955032994,101.29547839723544,88.21358037642217,13.08189802081327,0.9,99.38999938964844,4.470819839318494,4.498259248187635,True
historical_bootstrap,BZ=F,2026-04-08,94.75,7,2026-04-17,94.85299737795432,101.8655579746968,87.55452639075143,14.311031583945365,0.9,90.37999725341797,-4.473000124536355,4.949104072214603,True
historical_bootstrap,BZ=F,2026-04-09,95.91999816894531,0,2026-04-09,95.91999816894531,95.91999816894531,95.91999816894531,0.0,0.9,95.91999816894531,0.0,0.0,True
historical_bootstrap,BZ=F,2026-04-09,95.91999816894531,1,2026-04-10,96.02843077954691,98.95543909071104,93.12500444611469,5.830434644596352,0.9,95.19999694824219,-0.8284338313047215,0.8702036322071732,True
historical_bootstrap,BZ=F,2026-04-09,95.91999816894531,2,2026-04-13,96.10887843022435,100.21666142677356,90.8595955349317,9.357065891841856,0.9,99.36000061035156,3.2511221801272114,3.2720633656965794,True
historical_bootstrap,BZ=F,2026-04-09,95.91999816894531,3,2026-04-14,96.10534621966279,101.17568676263079,90.5408992566503,10.634787505980484,0.9,94.79000091552734,-1.3153453041354481,1.3876414088313236,True
historical_bootstrap,BZ=F,2026-04-09,95.91999816894531,4,2026-04-15,96.010246029682,102.42329852059336,90.04660756155424,12.376690959039124,0.9,94.93000030517578,-1.080245724506213,1.1379392405282818,True
historical_bootstrap,BZ=F,2026-04-09,95.91999816894531,5,2026-04-16,96.07858711071354,103.03592055110501,89.63633316231213,13.399587388792881,0.9,99.38999938964844,3.3114122789348954,3.3317358881881454,True
historical_bootstrap,BZ=F,2026-04-09,95.91999816894531,6,2026-04-17,96.01173707283108,102.7758936720025,89.05951538719923,13.71637828480327,0.9,90.37999725341797,-5.631739819413113,6.231179454035813,True
historical_bootstrap,BZ=F,2026-04-09,95.91999816894531,7,2026-04-20,95.95063250138308,103.08536989500683,88.64906928535096,14.436300609655873,0.9,95.4800033569336,-0.47062914444948944,0.49290859646300295,True
historical_bootstrap,BZ=F,2026-04-10,95.19999694824219,0,2026-04-10,95.19999694824219,95.19999694824219,95.19999694824219,0.0,0.9,95.19999694824219,0.0,0.0,True
historical_bootstrap,BZ=F,2026-04-10,95.19999694824219,1,2026-04-13,95.27435567238174,98.16305177849051,92.31290969405208,5.850142084438431,0.9,99.36000061035156,4.085644937969818,4.111961466256438,False
historical_bootstrap,BZ=F,2026-04-10,95.19999694824219,2,2026-04-14,95.26602955493605,99.37628486380868,90.5388119594163,8.837472904392385,0.9,94.79000091552734,-0.4760286394087103,0.5021928840711015,True
historical_bootstrap,BZ=F,2026-04-10,95.19999694824219,3,2026-04-15,95.33563118126513,100.2753892257312,89.42183531238102,10.853553913350183,0.9,94.93000030517578,-0.4056308760893472,0.42729471693389576,True
historical_bootstrap,BZ=F,2026-04-10,95.19999694824219,4,2026-04-16,95.29332810197891,101.57144978197245,89.34153306949787,12.229916712474576,0.9,99.38999938964844,4.096671287669523,4.121814380548426,True
historical_bootstrap,BZ=F,2026-04-10,95.19999694824219,5,2026-04-17,95.43893459182333,102.30228750531069,88.77632832865059,13.525959176660095,0.9,90.37999725341797,-5.058937338405357,5.59740815682979,True
historical_bootstrap,BZ=F,2026-04-10,95.19999694824219,6,2026-04-20,95.23356398674767,101.8110256639695,88.40855886130613,13.402466802663369,0.9,95.4800033569336,0.2464393701859251,0.25810574101538203,True
historical_bootstrap,BZ=F,2026-04-10,95.19999694824219,7,2026-04-21,95.32591482931853,102.2329538403848,87.98298081662519,14.249973023759608,0.9,98.4800033569336,3.154088527615059,3.2027705321894593,True
historical_bootstrap,BZ=F,2026-04-13,99.36000061035156,0,2026-04-13,99.36000061035156,99.36000061035156,99.36000061035156,0.0,0.9,99.36000061035156,0.0,0.0,True
historical_bootstrap,BZ=F,2026-04-13,99.36000061035156,1,2026-04-14,99.47232196628592,102.54374649934745,96.03261967039633,6.51112682895112,0.9,94.79000091552734,-4.682321050758574,4.939678241939518,False
historical_bootstrap,BZ=F,2026-04-13,99.36000061035156,2,2026-04-15,99.45302785104144,103.74799116671387,94.51681133942229,9.231179827291584,0.9,94.93000030517578,-4.523027545865659,4.764592364189695,True
historical_bootstrap,BZ=F,2026-04-13,99.36000061035156,3,2026-04-16,99.45371079097761,104.39586572577622,93.35002878836372,11.045836937412503,0.9,99.38999938964844,-0.06371140132917219,0.06410242652220781,True
historical_bootstrap,BZ=F,2026-04-13,99.36000061035156,4,2026-04-17,99.46100031271834,105.95726747537124,93.24195785136148,12.715309624009763,0.9,90.37999725341797,-9.081003059300372,10.047580587813028,False
historical_bootstrap,BZ=F,2026-04-13,99.36000061035156,5,2026-04-20,99.56460265312697,106.77264364298614,92.76088145702973,14.011762185956414,0.9,95.4800033569336,-4.084599296193375,4.277963083980932,True
historical_bootstrap,BZ=F,2026-04-13,99.36000061035156,6,2026-04-21,99.43508067765549,106.2239450699226,91.8974855440431,14.3264595258795,0.9,98.4800033569336,-0.9550773207218981,0.9698185298189826,True
historical_bootstrap,BZ=F,2026-04-13,99.36000061035156,7,2026-04-22,99.44021215964656,106.55974396155436,91.64578594210779,14.913958019446568,0.9,101.91000366210938,2.4697915024628116,2.423502515662348,True
historical_bootstrap,BZ=F,2026-04-14,94.79000091552734,0,2026-04-14,94.79000091552734,94.79000091552734,94.79000091552734,0.0,0.9,94.79000091552734,0.0,0.0,True
historical_bootstrap,BZ=F,2026-04-14,94.79000091552734,1,2026-04-15,94.84597261848394,97.78968245478697,91.87047954183159,5.9192029129553845,0.9,94.93000030517578,0.08402768669184013,0.08851541812041769,True
historical_bootstrap,BZ=F,2026-04-14,94.79000091552734,2,2026-04-16,94.95670258202477,98.85578427127412,90.1984592268981,8.657325044376023,0.9,99.38999938964844,4.4332968076236625,4.460505920966325,False
historical_bootstrap,BZ=F,2026-04-14,94.79000091552734,3,2026-04-17,94.96153715702238,99.5942446350251,89.27546344467117,10.318781190353931,0.9,90.37999725341797,-4.581539903604408,5.069196772332436,True
historical_bootstrap,BZ=F,2026-04-14,94.79000091552734,4,2026-04-20,94.83400331659536,101.08383070954652,88.8591706109073,12.22466009863922,0.9,95.4800033569336,0.6460000403382367,0.6765815014933442,True
historical_bootstrap,BZ=F,2026-04-14,94.79000091552734,5,2026-04-21,94.89156333284147,101.72000930335537,88.42360247107777,13.296406832277597,0.9,98.4800033569336,3.5884400240921224,3.643826057850631,True
historical_bootstrap,BZ=F,2026-04-14,94.79000091552734,6,2026-04-22,94.95925188893804,101.58678690323381,88.11291853512101,13.473868368112804,0.9,101.91000366210938,6.9507517731713335,6.820480348737007,False
historical_bootstrap,BZ=F,2026-04-14,94.79000091552734,7,2026-04-23,94.89304177621956,102.09570456705617,87.6047280976659,14.490976469390276,0.9,105.06999969482422,10.176957918604657,9.685883647248147,False
historical_bootstrap,BZ=F,2026-04-15,94.93000030517578,0,2026-04-15,94.93000030517578,94.93000030517578,94.93000030517578,0.0,0.9,94.93000030517578,0.0,0.0,True
historical_bootstrap,BZ=F,2026-04-15,94.93000030517578,1,2026-04-16,94.98605467512444,97.93317786937291,91.68241688304921,6.250760986323698,0.9,99.38999938964844,4.403944714524002,4.430973681022757,False
historical_bootstrap,BZ=F,2026-04-15,94.93000030517578,2,2026-04-17,95.11105109501939,99.26717488116654,90.3017107473047,8.965464133861843,0.9,90.37999725341797,-4.7310538416014225,5.234624900835018,True
historical_bootstrap,BZ=F,2026-04-15,94.93000030517578,3,2026-04-20,95.0658977345344,100.22130291050999,89.20177856799477,11.019524342515226,0.9,95.4800033569336,0.414105622399191,0.433709266694448,True
historical_bootstrap,BZ=F,2026-04-15,94.93000030517578,4,2026-04-21,95.02698033110372,100.68930484550383,88.99036715454562,11.698937690958203,0.9,98.4800033569336,3.4530230258298786,3.5063189562602357,True
historical_bootstrap,BZ=F,2026-04-15,94.93000030517578,5,2026-04-22,94.95383009735662,101.87094160382824,88.62510518248526,13.245836421342986,0.9,101.91000366210938,6.95617356475276,6.825800524761534,False
historical_bootstrap,BZ=F,2026-04-15,94.93000030517578,6,2026-04-23,95.14019646336072,101.71513557020316,88.3811631879093,13.333972382293865,0.9,105.06999969482422,9.929803231463495,9.45065504930485,False
historical_bootstrap,BZ=F,2026-04-15,94.93000030517578,7,2026-04-24,94.93000030517578,101.9430110333207,87.31850160233637,14.624509430984332,0.9,105.33000183105469,10.400001525878906,9.873731458355154,False
historical_bootstrap,BZ=F,2026-04-16,99.38999938964844,0,2026-04-16,99.38999938964844,99.38999938964844,99.38999938964844,0.0,0.9,99.38999938964844,0.0,0.0,True
historical_bootstrap,BZ=F,2026-04-16,99.38999938964844,1,2026-04-17,99.45889048093954,102.55833738454649,96.06161384657483,6.496723537971661,0.9,90.37999725341797,-9.078893227521576,10.045246186570592,False
historical_bootstrap,BZ=F,2026-04-16,99.38999938964844,2,2026-04-20,99.62961432538394,103.93094300151753,94.38870989990097,9.54223310161656,0.9,95.4800033569336,-4.149610968450347,4.346052390611913,True
historical_bootstrap,BZ=F,2026-04-16,99.38999938964844,3,2026-04-21,99.51040234910175,104.68877304019921,93.32902062980924,11.359752410389973,0.9,98.4800033569336,-1.0303989921681591,1.0463027589809812,True
historical_bootstrap,BZ=F,2026-04-16,99.38999938964844,4,2026-04-22,99.48435314344626,105.98925810200538,93.1265730347014,12.862685067303985,0.9,101.91000366210938,2.4256505186631188,2.380188824941616,True
historical_bootstrap,BZ=F,2026-04-16,99.38999938964844,5,2026-04-23,99.49649045935375,106.67091866640331,92.12731014939632,14.543608517006987,0.9,105.06999969482422,5.573509235470468,5.3045676707516165,True
historical_bootstrap,BZ=F,2026-04-16,99.38999938964844,6,2026-04-24,99.56499056324829,106.25601621187732,91.68661981308776,14.569396398789564,0.9,105.33000183105469,5.7650112678064005,5.473285073186706,True
historical_bootstrap,BZ=F,2026-04-16,99.38999938964844,7,2026-04-27,99.5127437874491,106.81251042002717,91.4398162118138,15.37269420821336,0.9,108.2300033569336,8.717259569484497,8.054383534236525,False
historical_bootstrap,BZ=F,2026-04-17,90.37999725341797,0,2026-04-17,90.37999725341797,90.37999725341797,90.37999725341797,0.0,0.9,90.37999725341797,0.0,0.0,True
historical_bootstrap,BZ=F,2026-04-17,90.37999725341797,1,2026-04-20,90.47877068703528,93.26111588743831,87.50553253478843,5.755583352649879,0.9,95.4800033569336,5.0012326698983145,5.237989625117806,False
historical_bootstrap,BZ=F,2026-04-17,90.37999725341797,2,2026-04-21,90.54742312731216,94.42850038993181,85.83889467099421,8.589605718937605,0.9,98.4800033569336,7.932580229621436,8.055016205544163,False
historical_bootstrap,BZ=F,2026-04-17,90.37999725341797,3,2026-04-22,90.50938110733868,95.33213580356131,84.89438538871526,10.43775041484605,0.9,101.91000366210938,11.400622554770692,11.186951373851729,False
historical_bootstrap,BZ=F,2026-04-17,90.37999725341797,4,2026-04-23,90.50302831697701,96.38101333109323,84.684369320694,11.696644010399226,0.9,105.06999969482422,14.56697137784721,13.864063405498214,False
historical_bootstrap,BZ=F,2026-04-17,90.37999725341797,5,2026-04-24,90.5342838049203,97.00087931676971,84.45925458367121,12.541624733098502,0.9,105.33000183105469,14.79571802613438,14.047012027841935,False
historical_bootstrap,BZ=F,2026-04-17,90.37999725341797,6,2026-04-27,90.39786335389317,96.62358901663112,83.44388908106353,13.179699935567584,0.9,108.2300033569336,17.832140003040422,16.476152129674706,False
historical_bootstrap,BZ=F,2026-04-17,90.37999725341797,7,2026-04-28,90.41555048597122,97.09834760939574,83.1162218034989,13.982125805896843,0.9,111.26000213623047,20.844451650259245,18.734901357216046,False
historical_bootstrap,BZ=F,2026-04-20,95.4800033569336,0,2026-04-20,95.4800033569336,95.4800033569336,95.4800033569336,0.0,0.9,95.4800033569336,0.0,0.0,True
historical_bootstrap,BZ=F,2026-04-20,95.4800033569336,1,2026-04-21,95.55975508949535,98.53942431407559,92.44333695590915,6.096087358166443,0.9,98.4800033569336,2.9202482674382395,2.965321047821264,True
historical_bootstrap,BZ=F,2026-04-20,95.4800033569336,2,2026-04-22,95.6877194578058,99.99323667975506,90.82594010204252,9.167296577712534,0.9,101.91000366210938,6.222284204303577,6.105665764603492,False
historical_bootstrap,BZ=F,2026-04-20,95.4800033569336,3,2026-04-23,95.61245700632246,100.28100899836957,89.65732441318058,10.623684585188997,0.9,105.06999969482422,9.45754268850176,9.001182750519835,False
historical_bootstrap,BZ=F,2026-04-20,95.4800033569336,4,2026-04-24,95.54116088298919,101.81964766600419,89.46297978244169,12.356667883562494,0.9,105.33000183105469,9.788840948065499,9.293497368172865,False
historical_bootstrap,BZ=F,2026-04-20,95.4800033569336,5,2026-04-27,95.58230507496748,102.56328427755662,89.13857909121826,13.424705186338358,0.9,108.2300033569336,12.647698281966115,11.685944645363312,False
historical_bootstrap,BZ=F,2026-04-20,95.4800033569336,6,2026-04-28,95.58121293553614,102.46353611324001,88.15633411988412,14.30720199335589,0.9,111.26000213623047,15.678789200694325,14.092026693920687,False
historical_bootstrap,BZ=F,2026-04-20,95.4800033569336,7,2026-04-29,95.51756280445179,102.53364589051505,87.84353641549158,14.690109475023462,0.9,118.02999877929688,22.51243597484509,19.073486577713915,False
historical_bootstrap,BZ=F,2026-04-21,98.4800033569336,0,2026-04-21,98.4800033569336,98.4800033569336,98.4800033569336,0.0,0.9,98.4800033569336,0.0,0.0,True
historical_bootstrap,BZ=F,2026-04-21,98.4800033569336,1,2026-04-22,98.61742799500038,101.68864852167063,95.18193721367194,6.506711307998685,0.9,101.91000366210938,3.2925756671089914,3.230866008037626,False
historical_bootstrap,BZ=F,2026-04-21,98.4800033569336,2,2026-04-23,98.6624342169048,102.89134009725821,93.53191958672349,9.359420510534719,0.9,105.06999969482422,6.4075654779194195,6.09837774486551,False
historical_bootstrap,BZ=F,2026-04-21,98.4800033569336,3,2026-04-24,98.60362687707433,103.4338280173499,92.4745177720586,10.959310245291292,0.9,105.33000183105469,6.726374953980354,6.386000984571521,False
historical_bootstrap,BZ=F,2026-04-21,98.4800033569336,4,2026-04-27,98.50332825440532,105.02229260863201,92.31522351195524,12.707069096676776,0.9,108.2300033569336,9.726675102528276,8.987041301708645,False
historical_bootstrap,BZ=F,2026-04-21,98.4800033569336,5,2026-04-28,98.5070603667559,105.78584232128051,91.94546158737492,13.84038073390559,0.9,111.26000213623047,12.752941769474575,11.4622879063578,False
historical_bootstrap,BZ=F,2026-04-21,98.4800033569336,6,2026-04-29,98.5643045714597,105.6892720610337,91.09152067106976,14.597751389963946,0.9,118.02999877929688,19.465694207837174,16.49215827260651,False
historical_bootstrap,BZ=F,2026-04-21,98.4800033569336,7,2026-04-30,98.51145528790627,105.80046347771244,90.39118513682456,15.40927834088788,0.9,114.01000213623047,15.498546848324196,13.594023820651275,False
historical_bootstrap,BZ=F,2026-04-22,101.91000366210938,0,2026-04-22,101.91000366210938,101.91000366210938,101.91000366210938,0.0,0.9,101.91000366210938,0.0,0.0,True
historical_bootstrap,BZ=F,2026-04-22,101.91000366210938,1,2026-04-23,101.99391048370771,105.28738672887681,98.43696507707816,6.850421651798655,0.9,105.06999969482422,3.0760892111165106,2.9276570096611882,True
historical_bootstrap,BZ=F,2026-04-22,101.91000366210938,2,2026-04-24,102.11579939086172,106.70793261578038,96.78958105900603,9.918351556774354,0.9,105.33000183105469,3.214202440192963,3.0515545279761995,True
historical_bootstrap,BZ=F,2026-04-22,101.91000366210938,3,2026-04-27,102.0551978388654,107.49389913806654,95.69520253497824,11.798696603088302,0.9,108.2300033569336,6.174805518068197,5.705262243875388,False
historical_bootstrap,BZ=F,2026-04-22,101.91000366210938,4,2026-04-28,102.17384273637771,108.6801569812829,95.48776996968733,13.19238701159557,0.9,111.26000213623047,9.086159399852761,8.166600058777066,False
historical_bootstrap,BZ=F,2026-04-22,101.91000366210938,5,2026-04-29,102.16578241119493,109.37552851082863,95.06540315022114,14.310125360607486,0.9,118.02999877929688,15.86421636810195,13.440834137231747,False
historical_bootstrap,BZ=F,2026-04-22,101.91000366210938,6,2026-04-30,101.9349869405147,109.20960826401844,94.09312963061521,15.116478633403233,0.9,114.01000213623047,12.075015195715764,10.591189342569555,False
historical_bootstrap,BZ=F,2026-04-22,101.91000366210938,7,2026-05-01,101.99411910041788,109.4854310817549,93.7582459224675,15.727185159287401,0.9,108.16999816894531,6.175879068527436,5.709419592373146,True
historical_bootstrap,BZ=F,2026-04-23,105.06999969482422,0,2026-04-23,105.06999969482422,105.06999969482422,105.06999969482422,0.0,0.9,105.06999969482422,0.0,0.0,True
historical_bootstrap,BZ=F,2026-04-23,105.06999969482422,1,2026-04-24,105.18315150888303,108.4356778298137,101.62008142837921,6.81559640143449,0.9,105.33000183105469,0.14685032217165883,0.13941927239990098,True
historical_bootstrap,BZ=F,2026-04-23,105.06999969482422,2,2026-04-27,105.25195441794723,109.96465951278189,99.78289346292476,10.181766049857131,0.9,108.2300033569336,2.978048938986362,2.751592762281456,True
historical_bootstrap,BZ=F,2026-04-23,105.06999969482422,3,2026-04-28,105.30023230920222,110.92859224670487,98.96934038794429,11.959251858760581,0.9,111.26000213623047,5.9597698270282535,5.356614877403032,False
historical_bootstrap,BZ=F,2026-04-23,105.06999969482422,4,2026-04-29,105.17626855786585,112.04658102452684,98.40645628818979,13.640124736337057,0.9,118.02999877929688,12.853730221431022,10.890223124941384,False
historical_bootstrap,BZ=F,2026-04-23,105.06999969482422,5,2026-04-30,105.0988672813074,112.90863089845179,98.09818533323376,14.810445565218032,0.9,114.01000213623047,8.911134854923063,7.816099191257934,False
historical_bootstrap,BZ=F,2026-04-23,105.06999969482422,6,2026-05-01,105.08286569329107,112.35977758840093,97.01074228544645,15.349035302954476,0.9,108.16999816894531,3.0871324756542435,2.853963694103614,True
historical_bootstrap,BZ=F,2026-04-23,105.06999969482422,7,2026-05-04,105.20897230144581,112.9605714545065,96.35852559252243,16.60204586198408,0.9,114.44000244140625,9.231030139960438,8.066261746793272,False
historical_bootstrap,BZ=F,2026-04-24,105.33000183105469,0,2026-04-24,105.33000183105469,105.33000183105469,105.33000183105469,0.0,0.9,105.33000183105469,0.0,0.0,True
historical_bootstrap,BZ=F,2026-04-24,105.33000183105469,1,2026-04-27,105.33000183105469,108.76183153816814,101.74041153201446,7.021420006153676,0.9,108.2300033569336,2.9000015258789062,2.679480214294128,True
historical_bootstrap,BZ=F,2026-04-24,105.33000183105469,2,2026-04-28,105.51240681226133,110.17656662927324,100.278845126756,9.897721502517243,0.9,111.26000213623047,5.747595323969136,5.1659133683384155,False
historical_bootstrap,BZ=F,2026-04-24,105.33000183105469,3,2026-04-29,105.47611978918363,110.71996253602502,98.93699978068409,11.782962755340932,0.9,118.02999877929688,12.553878990113247,10.636176497457752,False
historical_bootstrap,BZ=F,2026-04-24,105.33000183105469,4,2026-04-30,105.3867465651387,112.32384713767344,98.73874170326728,13.58510543440616,0.9,114.01000213623047,8.623255571091775,7.563595657851013,False
historical_bootstrap,BZ=F,2026-04-24,105.33000183105469,5,2026-05-01,105.38637454481115,113.02031568017831,98.33437755334789,14.685938126830422,0.9,108.16999816894531,2.783623624134165,2.5733786366405984,True
historical_bootstrap,BZ=F,2026-04-24,105.33000183105469,6,2026-05-04,105.45558174773726,112.63781872558772,97.41727059032034,15.220548135267379,0.9,114.44000244140625,8.984420693668994,7.850769400559088,False
historical_bootstrap,BZ=F,2026-04-24,105.33000183105469,7,2026-05-05,105.41694009965126,112.96233854308073,97.030121315111,15.93221722796973,0.9,109.87000274658203,4.453062646930775,4.053028611641958,True
historical_bootstrap,BZ=F,2026-04-27,108.2300033569336,0,2026-04-27,108.2300033569336,108.2300033569336,108.2300033569336,0.0,0.9,108.2300033569336,0.0,0.0,True
historical_bootstrap,BZ=F,2026-04-27,108.2300033569336,1,2026-04-28,108.43850409503143,111.820096125361,104.59915293247461,7.220943192886395,0.9,111.26000213623047,2.8214980411990354,2.5359500153022636,True
historical_bootstrap,BZ=F,2026-04-27,108.2300033569336,2,2026-04-29,108.30507383459368,113.17658905951701,102.79162774447369,10.384961315043327,0.9,118.02999877929688,9.72492494470319,8.239367148421081,False
historical_bootstrap,BZ=F,2026-04-27,108.2300033569336,3,2026-04-30,108.38457114145132,114.1601868952579,101.60971435129372,12.550472543964176,0.9,114.01000213623047,5.625430994779151,4.934155678777488,True
historical_bootstrap,BZ=F,2026-04-27,108.2300033569336,4,2026-05-01,108.47289419383809,115.41621723134533,101.45726915627274,13.958948075072584,0.9,108.16999816894531,-0.30289602489277456,0.2800185171674833,True
historical_bootstrap,BZ=F,2026-04-27,108.2300033569336,5,2026-05-04,108.43561215517555,116.30438314132952,101.0417718379171,15.262611303412427,0.9,114.44000244140625,6.004390286230702,5.246758264711655,True
historical_bootstrap,BZ=F,2026-04-27,108.2300033569336,6,2026-05-05,108.46331474029411,116.50299986488974,100.7636527732697,15.739347091620047,0.9,109.87000274658203,1.4066880062879221,1.2803203523462943,True
historical_bootstrap,BZ=F,2026-04-27,108.2300033569336,7,2026-05-06,108.2300033569336,115.99463655430368,99.57271029617021,16.421926258133468,0.9,101.2699966430664,-6.9600067138671875,6.872723357934182,True
historical_bootstrap,BZ=F,2026-04-28,111.26000213623047,0,2026-04-28,111.26000213623047,111.26000213623047,111.26000213623047,0.0,0.9,111.26000213623047,0.0,0.0,True
historical_bootstrap,BZ=F,2026-04-28,111.26000213623047,1,2026-04-29,111.34690499412775,114.88504128848507,107.46832058874513,7.41672069973994,0.9,118.02999877929688,6.68309378516912,5.6621993173665714,False
historical_bootstrap,BZ=F,2026-04-28,111.26000213623047,2,2026-04-30,111.40794824587607,116.44302167923821,105.81248671145492,10.63053496778329,0.9,114.01000213623047,2.602053890354398,2.2823031677915466,True
historical_bootstrap,BZ=F,2026-04-28,111.26000213623047,3,2026-05-01,111.41851753055431,117.50592480149446,104.47193730789601,13.033987493598445,0.9,108.16999816894531,-3.2485193616089987,3.003161150594917,True
historical_bootstrap,BZ=F,2026-04-28,111.26000213623047,4,2026-05-04,111.33126717854677,118.79776156604827,104.29867513983463,14.499086426213637,0.9,114.44000244140625,3.108735262859483,2.716476054298555,True
historical_bootstrap,BZ=F,2026-04-28,111.26000213623047,5,2026-05-05,111.29057040255879,119.6825455211831,103.87052944515105,15.812016076032052,0.9,109.87000274658203,-1.420567655976754,1.2929531450484528,True
historical_bootstrap,BZ=F,2026-04-28,111.26000213623047,6,2026-05-06,111.29325471102194,119.47769433726067,103.58990147190205,15.88779286535862,0.9,101.2699966430664,-10.023258067955538,9.897559395882329,False
historical_bootstrap,BZ=F,2026-04-28,111.26000213623047,7,2026-05-07,111.35183496431006,119.90440289176036,102.4997598060342,17.40464308572615,0.9,100.05999755859375,-11.291837405716308,11.285066641245882,False
historical_bootstrap,BZ=F,2026-04-29,118.02999877929688,0,2026-04-29,118.02999877929688,118.02999877929688,118.02999877929688,0.0,0.9,118.02999877929688,0.0,0.0,True
historical_bootstrap,BZ=F,2026-04-29,118.02999877929688,1,2026-04-30,118.09730181433854,121.87891568572817,114.27006742378735,7.608848261940821,0.9,114.01000213623047,-4.087299678108067,3.585036050805574,False
historical_bootstrap,BZ=F,2026-04-29,118.02999877929688,2,2026-05-01,118.28677224253958,123.41782290247656,112.37281082060798,11.045012081868578,0.9,108.16999816894531,-10.116774073594271,9.352661777615442,False
historical_bootstrap,BZ=F,2026-04-29,118.02999877929688,3,2026-05-04,118.22963126191596,124.4971477590588,110.86617070482689,13.63097705423192,0.9,114.44000244140625,-3.789628820509705,3.3114546833831207,True
historical_bootstrap,BZ=F,2026-04-29,118.02999877929688,4,2026-05-05,118.24654395250913,125.9293957781895,110.54453173413425,15.384864044055249,0.9,109.87000274658203,-8.376541205927097,7.624047507532882,False
historical_bootstrap,BZ=F,2026-04-29,118.02999877929688,5,2026-05-06,118.15447931134122,126.96504072031095,110.1027280400916,16.862312680219347,0.9,101.2699966430664,-16.884482668274813,16.67273943711623,False
historical_bootstrap,BZ=F,2026-04-29,118.02999877929688,6,2026-05-07,118.34561783250516,126.67043285057223,110.00750877058066,16.66292407999157,0.9,100.05999755859375,-18.285620273911405,18.27465592651409,False
historical_bootstrap,BZ=F,2026-04-29,118.02999877929688,7,2026-05-08,118.23664626296332,126.74953575413254,108.58880634004286,18.160729414089673,0.9,101.29000091552734,-16.946645347435975,16.730817646619375,False
historical_bootstrap,BZ=F,2026-04-30,114.01000213623047,0,2026-04-30,114.01000213623047,114.01000213623047,114.01000213623047,0.0,0.9,114.01000213623047,0.0,0.0,True
historical_bootstrap,BZ=F,2026-04-30,114.01000213623047,1,2026-05-01,114.13278160325277,117.86081492416837,110.1096862012894,7.75112872287896,0.9,108.16999816894531,-5.962783434307454,5.512418910273513,False
historical_bootstrap,BZ=F,2026-04-30,114.01000213623047,2,2026-05-04,114.16160501195294,119.5430224664662,108.56008764798764,10.982934818478554,0.9,114.44000244140625,0.2783974294533067,0.24326933197668124,True
historical_bootstrap,BZ=F,2026-04-30,114.01000213623047,3,2026-05-05,114.15312071172696,120.72668809433232,107.3902611765847,13.336426917747616,0.9,109.87000274658203,-4.283117965144925,3.8983506490156783,True
historical_bootstrap,BZ=F,2026-04-30,114.01000213623047,4,2026-05-06,114.40281500135002,121.86336679095999,106.9842288023167,14.879137988643294,0.9,101.2699966430664,-13.132818358283615,12.968123623595254,False
historical_bootstrap,BZ=F,2026-04-30,114.01000213623047,5,2026-05-07,114.24477145175592,122.46794981636226,106.53645675360322,15.931493062759046,0.9,100.05999755859375,-14.184773893162173,14.176268478175572,False
historical_bootstrap,BZ=F,2026-04-30,114.01000213623047,6,2026-05-08,114.2135711166476,122.49518479931443,105.44520113008862,17.04998366922581,0.9,101.29000091552734,-12.923570201120256,12.758979251958053,False
historical_bootstrap,BZ=F,2026-04-30,114.01000213623047,7,2026-05-11,114.14048618788806,122.80059089173572,104.84710016976628,17.953490721969445,0.9,104.20999908447266,-9.930487103415402,9.529303512771117,False
historical_bootstrap,BZ=F,2026-05-01,108.16999816894531,0,2026-05-01,108.16999816894531,108.16999816894531,108.16999816894531,0.0,0.9,108.16999816894531,0.0,0.0,True
historical_bootstrap,BZ=F,2026-05-01,108.16999816894531,1,2026-05-04,108.28648842834481,111.82015395291955,104.20058611094949,7.619567841970067,0.9,114.44000244140625,6.153514013061439,5.377065607991457,False
historical_bootstrap,BZ=F,2026-05-01,108.16999816894531,2,2026-05-05,108.37901712942751,113.3256052479646,102.72439981915447,10.601205428810133,0.9,109.87000274658203,1.4909856171545215,1.3570452169674718,True
historical_bootstrap,BZ=F,2026-05-01,108.16999816894531,3,2026-05-06,108.3302237122631,114.4127301094758,101.62713749074086,12.785592618734938,0.9,101.2699966430664,-7.060227069196699,6.97168687985741,False
historical_bootstrap,BZ=F,2026-05-01,108.16999816894531,4,2026-05-07,108.37068922026855,116.07465268997072,101.30985274029884,14.764799949671882,0.9,100.05999755859375,-8.310691661674795,8.305708439387248,False
historical_bootstrap,BZ=F,2026-05-01,108.16999816894531,5,2026-05-08,108.3461905396215,116.66483538812912,100.99248652035038,15.672348867778737,0.9,101.29000091552734,-7.056189624094159,6.966323980961159,True
historical_bootstrap,BZ=F,2026-05-01,108.16999816894531,6,2026-05-11,108.40326320304773,116.43840793851757,100.0458009457197,16.392606992797866,0.9,104.20999908447266,-4.1932641185750725,4.023859663577975,True
historical_bootstrap,BZ=F,2026-05-01,108.16999816894531,7,2026-05-12,108.44213906089075,116.7727174664035,99.96973927432909,16.80297819207442,0.9,107.7699966430664,-0.6721424178243467,0.6236823223169231,True
historical_bootstrap,BZ=F,2026-05-04,114.44000244140625,0,2026-05-04,114.44000244140625,114.44000244140625,114.44000244140625,0.0,0.9,114.44000244140625,0.0,0.0,True
historical_bootstrap,BZ=F,2026-05-04,114.44000244140625,1,2026-05-05,114.62162804464693,118.1718508250735,110.54227787642333,7.629572948650178,0.9,109.87000274658203,-4.751625298064894,4.324770346119531,False
historical_bootstrap,BZ=F,2026-05-04,114.44000244140625,2,2026-05-06,114.70442288921846,119.7711615081605,108.96953304702171,10.80162846113879,0.9,101.2699966430664,-13.434426246152057,13.265949137435726,False
historical_bootstrap,BZ=F,2026-05-04,114.44000244140625,3,2026-05-07,114.57863726441065,121.42526966073055,107.51788905819218,13.907380602538367,0.9,100.05999755859375,-14.518639705816895,14.509934099603573,False
historical_bootstrap,BZ=F,2026-05-04,114.44000244140625,4,2026-05-08,114.67713787109943,122.52500821384007,107.27965660685437,15.245351606985693,0.9,101.29000091552734,-13.387136955572089,13.216642150824482,False
historical_bootstrap,BZ=F,2026-05-04,114.44000244140625,5,2026-05-11,114.67271680453737,123.12243314829362,106.75384729330108,16.368585854992546,0.9,104.20999908447266,-10.462717720064717,10.040032446007062,False
historical_bootstrap,BZ=F,2026-05-04,114.44000244140625,6,2026-05-12,114.69339808849914,122.8509709422856,106.54524911496506,16.30572182732054,0.9,107.7699966430664,-6.923401445432731,6.424238341922749,True
historical_bootstrap,BZ=F,2026-05-04,114.44000244140625,7,2026-05-13,114.72481258069509,123.5413728220012,105.26310705985328,18.27826576214791,0.9,105.62999725341797,-9.094815327277118,8.610068696165595,True
historical_bootstrap,BZ=F,2026-05-05,109.87000274658203,0,2026-05-05,109.87000274658203,109.87000274658203,109.87000274658203,0.0,0.9,109.87000274658203,0.0,0.0,True
historical_bootstrap,BZ=F,2026-05-05,109.87000274658203,1,2026-05-06,110.02332164226812,113.577366847903,106.19066145465253,7.386705393250466,0.9,101.2699966430664,-8.753324999201709,8.643552176715726,False
historical_bootstrap,BZ=F,2026-05-05,109.87000274658203,2,2026-05-07,110.16554092066576,114.92797874514434,104.61798881295898,10.30998993218536,0.9,100.05999755859375,-10.105543362072012,10.099483918290469,False
historical_bootstrap,BZ=F,2026-05-05,109.87000274658203,3,2026-05-08,110.07175794787375,116.57632319572497,103.20144544455384,13.374877751171127,0.9,101.29000091552734,-8.781757032346405,8.669915048840915,False
historical_bootstrap,BZ=F,2026-05-05,109.87000274658203,4,2026-05-11,110.12353164733035,118.23092526735066,102.99564537170647,15.235279895644183,0.9,104.20999908447266,-5.9135325628576965,5.6746306638619055,True
historical_bootstrap,BZ=F,2026-05-05,109.87000274658203,5,2026-05-12,110.21513306650886,118.49834521124376,102.67248080416705,15.825864407076708,0.9,107.7699966430664,-2.445136423442449,2.268847081382703,True
historical_bootstrap,BZ=F,2026-05-05,109.87000274658203,6,2026-05-13,110.15108873976911,118.2683592176056,101.62698299315328,16.64137622445233,0.9,105.62999725341797,-4.521091486351139,4.280120802715297,True
historical_bootstrap,BZ=F,2026-05-05,109.87000274658203,7,2026-05-14,110.06236367035415,118.61124488611019,101.08152651206565,17.529718374044535,0.9,105.72000122070312,-4.34236244965102,4.1074180850469535,True
historical_bootstrap,BZ=F,2026-05-06,101.2699966430664,0,2026-05-06,101.2699966430664,101.2699966430664,101.2699966430664,0.0,0.9,101.2699966430664,0.0,0.0,True
historical_bootstrap,BZ=F,2026-05-06,101.2699966430664,1,2026-05-07,101.41956661440088,104.69858835451029,97.87865350146457,6.819934853045723,0.9,100.05999755859375,-1.3595690558071283,1.3587538366778227,True
historical_bootstrap,BZ=F,2026-05-06,101.2699966430664,2,2026-05-08,101.50803046214511,106.03779402871784,96.36456983746528,9.673224191252558,0.9,101.29000091552734,-0.21802954661777108,0.2152527837368674,True
historical_bootstrap,BZ=F,2026-05-06,101.2699966430664,3,2026-05-11,101.42000163991021,107.1145141004272,95.38997618696416,11.724537913463038,0.9,104.20999908447266,2.789997444562445,2.677283820241542,True
historical_bootstrap,BZ=F,2026-05-06,101.2699966430664,4,2026-05-12,101.45788591400876,108.13602267884956,95.03781179363541,13.098210885214144,0.9,107.7699966430664,6.31211072905765,5.857020437667196,True
historical_bootstrap,BZ=F,2026-05-06,101.2699966430664,5,2026-05-13,101.43494996736104,109.07533221591828,94.81057985837529,14.264752357542989,0.9,105.62999725341797,4.1950472860569334,3.9714545064244904,True
historical_bootstrap,BZ=F,2026-05-06,101.2699966430664,6,2026-05-14,101.45081788310851,108.80700570986345,93.66226615548942,15.144739554374027,0.9,105.72000122070312,4.269183337594612,4.038198343076237,True
historical_bootstrap,BZ=F,2026-05-06,101.2699966430664,7,2026-05-15,101.44805570448156,109.30992597682376,93.57938357442391,15.730542402399848,0.9,109.26000213623047,7.811946431748908,7.149868459647848,True
historical_bootstrap,BZ=F,2026-05-07,100.05999755859375,0,2026-05-07,100.05999755859375,100.05999755859375,100.05999755859375,0.0,0.9,100.05999755859375,0.0,0.0,True
historical_bootstrap,BZ=F,2026-05-07,100.05999755859375,1,2026-05-08,100.14357483011513,103.3201216082075,96.65204315335029,6.668078454857209,0.9,101.29000091552734,1.146426085412216,1.1318255257676413,True
historical_bootstrap,BZ=F,2026-05-07,100.05999755859375,2,2026-05-11,100.30233999737382,104.72126767239882,95.0249938639859,9.696273808412926,0.9,104.20999908447266,3.9076590870988355,3.7497928427494616,True
historical_bootstrap,BZ=F,2026-05-07,100.05999755859375,3,2026-05-12,100.18121216673269,105.6372410439986,94.02298912258273,11.614251921415871,0.9,107.7699966430664,7.588784476333714,7.041648615307769,False
historical_bootstrap,BZ=F,2026-05-07,100.05999755859375,4,2026-05-13,100.12408869488054,106.8389673200839,93.79851971914292,13.040447600940979,0.9,105.62999725341797,5.505908558537428,5.21244788573472,True
historical_bootstrap,BZ=F,2026-05-07,100.05999755859375,5,2026-05-14,100.26089917365101,107.65143391651083,93.42061685976546,14.230817056745366,0.9,105.72000122070312,5.459102047052113,5.163736269408081,True
historical_bootstrap,BZ=F,2026-05-07,100.05999755859375,6,2026-05-15,100.32756378768876,107.41408240400696,92.98875661166329,14.42532579234367,0.9,109.26000213623047,8.932438348541709,8.175396461556286,False
historical_bootstrap,BZ=F,2026-05-07,100.05999755859375,7,2026-05-18,100.41683945409024,107.83420843299892,92.55620791660104,15.278000516397881,0.9,112.0999984741211,11.683159020030857,10.422086689615771,False
historical_bootstrap,BZ=F,2026-05-08,101.29000091552734,0,2026-05-08,101.29000091552734,101.29000091552734,101.29000091552734,0.0,0.9,101.29000091552734,0.0,0.0,True
historical_bootstrap,BZ=F,2026-05-08,101.29000091552734,1,2026-05-11,101.37339726260916,104.64683657082968,97.8401536913652,6.806682879464475,0.9,104.20999908447266,2.8366018218634963,2.72200541865867,True
historical_bootstrap,BZ=F,2026-05-08,101.29000091552734,2,2026-05-12,101.49318544243451,105.91775205173958,96.2018553395613,9.715896712178278,0.9,107.7699966430664,6.276811200631897,5.824265933143395,False
historical_bootstrap,BZ=F,2026-05-08,101.29000091552734,3,2026-05-13,101.44003554346551,106.47322616237375,95.11021411456377,11.363012047809974,0.9,105.62999725341797,4.189961709952456,3.966639987597725,True
historical_bootstrap,BZ=F,2026-05-08,101.29000091552734,4,2026-05-14,101.55223483873274,108.39285993733,94.95155286870289,13.441307068627111,0.9,105.72000122070312,4.167766381970381,3.942268571554091,True
historical_bootstrap,BZ=F,2026-05-08,101.29000091552734,5,2026-05-15,101.45994983559864,108.94362106435759,93.88151586826066,15.062105196096923,0.9,109.26000213623047,7.800052300631833,7.138982379760861,False
historical_bootstrap,BZ=F,2026-05-08,101.29000091552734,6,2026-05-18,101.4708578739211,108.7344870128668,93.52068338678124,15.21380362608555,0.9,112.0999984741211,10.629140600199989,9.481838309439214,False
historical_bootstrap,BZ=F,2026-05-08,101.29000091552734,7,2026-05-19,101.41953280760177,108.89670143026642,93.31476330444632,15.581938125820102,0.9,111.27999877929688,9.860465971695106,8.86095082661845,False
historical_bootstrap,BZ=F,2026-05-11,104.20999908447266,0,2026-05-11,104.20999908447266,104.20999908447266,104.20999908447266,0.0,0.9,104.20999908447266,0.0,0.0,True
historical_bootstrap,BZ=F,2026-05-11,104.20999908447266,1,2026-05-12,104.346919112818,107.66360593020184,100.72020074936373,6.943405180838113,0.9,107.7699966430664,3.423077530248406,3.176280631784391,False
historical_bootstrap,BZ=F,2026-05-11,104.20999908447266,2,2026-05-13,104.40304456682988,109.11621195761887,98.97401423895442,10.142197718664448,0.9,105.62999725341797,1.226952686588092,1.1615570562257023,True
historical_bootstrap,BZ=F,2026-05-11,104.20999908447266,3,2026-05-14,104.22222717731103,110.34933619901913,97.8550881790236,12.494248019995538,0.9,105.72000122070312,1.4977740433920985,1.4167366875690026,True
historical_bootstrap,BZ=F,2026-05-11,104.20999908447266,4,2026-05-15,104.4504673274362,111.85017072042535,97.28644353088467,14.563727189540685,0.9,109.26000213623047,4.809534808794268,4.4019171835613875,True
historical_bootstrap,BZ=F,2026-05-11,104.20999908447266,5,2026-05-18,104.47155047540782,112.116291261275,96.59509976134912,15.521191499925877,0.9,112.0999984741211,7.62844799871327,6.805038450089131,True
historical_bootstrap,BZ=F,2026-05-11,104.20999908447266,6,2026-05-19,104.47660480359916,112.17571036396626,96.38140608135842,15.79430428260784,0.9,111.27999877929688,6.803393975697716,6.113761727469982,True
historical_bootstrap,BZ=F,2026-05-11,104.20999908447266,7,2026-05-20,104.33869607271072,112.30664637481311,95.83471632291831,16.4719300518948,0.9,105.0199966430664,0.6813005703556883,0.6487341383862717,True
historical_bootstrap,BZ=F,2026-05-12,107.7699966430664,0,2026-05-12,107.7699966430664,107.7699966430664,107.7699966430664,0.0,0.9,107.7699966430664,0.0,0.0,True
historical_bootstrap,BZ=F,2026-05-12,107.7699966430664,1,2026-05-13,107.83473457322374,111.40959347905404,103.80000614310543,7.6095873359486035,0.9,105.62999725341797,-2.2047373198057727,2.0872265238409176,True
historical_bootstrap,BZ=F,2026-05-12,107.7699966430664,2,2026-05-14,107.99206228755926,112.86416424831422,102.1682796651859,10.695884583128318,0.9,105.72000122070312,-2.272061066856139,2.1491307610874317,True
historical_bootstrap,BZ=F,2026-05-12,107.7699966430664,3,2026-05-15,108.006145573786,113.67497530143613,101.19485993880149,12.480115362634649,0.9,109.26000213623047,1.2538565624444686,1.147589729021881,True
historical_bootstrap,BZ=F,2026-05-12,107.7699966430664,4,2026-05-18,107.96994555952676,115.64542056481773,101.02703266114709,14.618387903670637,0.9,112.0999984741211,4.13005291459433,3.6842577794929907,True
historical_bootstrap,BZ=F,2026-05-12,107.7699966430664,5,2026-05-19,107.95081799147226,116.23890812345107,100.61231704733383,15.626591076117236,0.9,111.27999877929688,3.329180787824612,2.9917153346015226,True
historical_bootstrap,BZ=F,2026-05-12,107.7699966430664,6,2026-05-20,108.00551124960948,115.73295871586507,100.17859313244576,15.554365583419312,0.9,105.0199966430664,-2.9855146065430773,2.8428058483852428,True
historical_bootstrap,BZ=F,2026-05-12,107.7699966430664,7,2026-05-21,108.30407004320739,116.40607635987823,99.15057909269689,17.25549726718134,0.9,102.58000183105469,-5.724068212152702,5.58010149149736,True
historical_bootstrap,BZ=F,2026-05-13,105.62999725341797,0,2026-05-13,105.62999725341797,105.62999725341797,105.62999725341797,0.0,0.9,105.62999725341797,0.0,0.0,True
historical_bootstrap,BZ=F,2026-05-13,105.62999725341797,1,2026-05-14,105.7895381552055,109.1973222581892,102.09264583041556,7.10467642777364,0.9,105.72000122070312,-0.06953693450238063,0.06577462514138074,True
historical_bootstrap,BZ=F,2026-05-13,105.62999725341797,2,2026-05-15,105.84330508858349,110.62300947307082,100.48118418736064,10.141825285710183,0.9,109.26000213623047,3.416697047646977,3.1271251883986597,True
historical_bootstrap,BZ=F,2026-05-13,105.62999725341797,3,2026-05-18,105.8578265932224,112.00073853888968,99.18542368334879,12.81531485554089,0.9,112.0999984741211,6.242171880898695,5.568396044483208,False
historical_bootstrap,BZ=F,2026-05-13,105.62999725341797,4,2026-05-19,105.99393744363132,113.0371941354689,98.93093878015998,14.106255355308917,0.9,111.27999877929688,5.286061335665551,4.750234897242826,True
historical_bootstrap,BZ=F,2026-05-13,105.62999725341797,5,2026-05-20,105.83066671770645,113.92536239458359,97.62444242289051,16.300919971693077,0.9,105.0199966430664,-0.8106700746400435,0.7719197301017675,True
historical_bootstrap,BZ=F,2026-05-13,105.62999725341797,6,2026-05-21,105.87722510865862,113.56422938024348,97.70508479188956,15.859144588353914,0.9,102.58000183105469,-3.2972232776039334,3.214294422644224,True
historical_bootstrap,BZ=F,2026-05-13,105.62999725341797,7,2026-05-22,105.96026005937536,114.01607152609456,97.31304277282318,16.703028753271383,0.9,103.54000091552734,-2.420259143848014,2.3375112250796404,True
historical_bootstrap,BZ=F,2026-05-14,105.72000122070312,0,2026-05-14,105.72000122070312,105.72000122070312,105.72000122070312,0.0,0.9,105.72000122070312,0.0,0.0,True
historical_bootstrap,BZ=F,2026-05-14,105.72000122070312,1,2026-05-15,105.81102635807943,109.2992520544589,102.11711995041655,7.182132104042353,0.9,109.26000213623047,3.4489757781510377,3.156668232397336,True
historical_bootstrap,BZ=F,2026-05-14,105.72000122070312,2,2026-05-18,105.94219467878524,110.58451111794702,100.59902022863228,9.985490889314732,0.9,112.0999984741211,6.157803795335852,5.4931345933581035,False
historical_bootstrap,BZ=F,2026-05-14,105.72000122070312,3,2026-05-19,105.92428600512936,111.82133837097851,99.58160099948174,12.239737371496773,0.9,111.27999877929688,5.355712774167515,4.812826054023933,True
historical_bootstrap,BZ=F,2026-05-14,105.72000122070312,4,2026-05-20,106.00690061103482,113.4456192271566,99.10525328099504,14.340365946161555,0.9,105.0199966430664,-0.9869039679684164,0.9397295748567075,True
historical_bootstrap,BZ=F,2026-05-14,105.72000122070312,5,2026-05-21,105.93769977222387,114.02243457915738,98.69847464402085,15.323959935136529,0.9,102.58000183105469,-3.357697941169178,3.2732480807508435,True
historical_bootstrap,BZ=F,2026-05-14,105.72000122070312,6,2026-05-22,105.87297240740237,113.59184104148372,97.78833619285386,15.803504848629856,0.9,103.54000091552734,-2.3329714918750284,2.253207911190162,True
historical_bootstrap,BZ=F,2026-05-14,105.72000122070312,7,2026-05-25,105.98024102614188,113.93396887196987,97.38938921060675,16.544579661363116,0.9,,,,
historical_bootstrap,BZ=F,2026-05-15,109.26000213623047,0,2026-05-15,109.26000213623047,109.26000213623047,109.26000213623047,0.0,0.9,109.26000213623047,0.0,0.0,True
historical_bootstrap,BZ=F,2026-05-15,109.26000213623047,1,2026-05-18,109.38351493327099,112.9925167151975,105.53647952231844,7.456037192879052,0.9,112.0999984741211,2.7164835408501062,2.4232681336540978,True
historical_bootstrap,BZ=F,2026-05-15,109.26000213623047,2,2026-05-19,109.51681636001979,114.56250017827945,103.71153822702225,10.850961951257204,0.9,111.27999877929688,1.7631824192770864,1.5844558219074303,True
historical_bootstrap,BZ=F,2026-05-15,109.26000213623047,3,2026-05-20,109.59480277819665,116.03581565152525,103.07203137740812,12.963784274117131,0.9,105.0199966430664,-4.574806135130245,4.356128624416864,True
historical_bootstrap,BZ=F,2026-05-15,109.26000213623047,4,2026-05-21,109.42719163510112,116.78617197111083,101.87643340330804,14.90973856780279,0.9,102.58000183105469,-6.847189804046437,6.674975318604005,True
historical_bootstrap,BZ=F,2026-05-15,109.26000213623047,5,2026-05-22,109.60163564440955,117.68116348345146,101.27608577867217,16.405077704779288,0.9,103.54000091552734,-6.061634728882211,5.854389294266637,True
historical_bootstrap,BZ=F,2026-05-15,109.26000213623047,6,2026-05-25,109.45939784085999,117.49599265213907,101.05203653064025,16.443956121498815,0.9,,,,
historical_bootstrap,BZ=F,2026-05-15,109.26000213623047,7,2026-05-26,109.53488532878515,118.2452431158361,100.09849346876082,18.146749647075282,0.9,99.58000183105469,-9.954883497730464,9.996870169393759,False
historical_bootstrap,BZ=F,2026-05-18,112.0999984741211,0,2026-05-18,112.0999984741211,112.0999984741211,112.0999984741211,0.0,0.9,112.0999984741211,0.0,0.0,True
historical_bootstrap,BZ=F,2026-05-18,112.0999984741211,1,2026-05-19,112.22672174054125,115.92953234219789,108.27969029933769,7.6498420428602,0.9,111.27999877929688,-0.9467229612443759,0.8507575230316317,True
historical_bootstrap,BZ=F,2026-05-18,112.0999984741211,2,2026-05-20,112.31072792488423,117.32214903772699,106.45914378439142,10.863005253335572,0.9,105.0199966430664,-7.290731281817827,6.942231493871576,False
historical_bootstrap,BZ=F,2026-05-18,112.0999984741211,3,2026-05-21,112.36859386485916,118.86095754777372,105.29609163244947,13.564865915324248,0.9,102.58000183105469,-9.788592033804477,9.542397990912411,False
historical_bootstrap,BZ=F,2026-05-18,112.0999984741211,4,2026-05-22,112.35157439209067,119.69466685769925,104.92342166799531,14.771245189703933,0.9,103.54000091552734,-8.811573476563325,8.510308478509874,False
historical_bootstrap,BZ=F,2026-05-18,112.0999984741211,5,2026-05-25,112.40239472145514,120.91375950405559,103.61874392676944,17.29501557728615,0.9,,,,
historical_bootstrap,BZ=F,2026-05-18,112.0999984741211,6,2026-05-26,112.21091789895722,120.68833236315669,103.2398000608058,17.448532302350884,0.9,99.58000183105469,-12.630916067902533,12.684189431259377,False
historical_bootstrap,BZ=F,2026-05-18,112.0999984741211,7,2026-05-27,112.23843943287608,121.01526921871482,103.09060212982665,17.92466708888817,0.9,94.29000091552734,-17.948438517348734,19.035357241568388,False
historical_bootstrap,BZ=F,2026-05-19,111.27999877929688,0,2026-05-19,111.27999877929688,111.27999877929688,111.27999877929688,0.0,0.9,111.27999877929688,0.0,0.0,True
historical_bootstrap,BZ=F,2026-05-19,111.27999877929688,1,2026-05-20,111.44621312549361,115.03813503318618,107.4876357568783,7.550499276307875,0.9,105.0199966430664,-6.426216482427208,6.119040837782656,False
historical_bootstrap,BZ=F,2026-05-19,111.27999877929688,2,2026-05-21,111.42797147914102,116.36598264580209,105.62895498493725,10.73702766086484,0.9,102.58000183105469,-8.847969648086334,8.625433310733023,False
historical_bootstrap,BZ=F,2026-05-19,111.27999877929688,3,2026-05-22,111.48968521080455,117.52704401766674,104.52586180033467,13.001182217332072,0.9,103.54000091552734,-7.949684295277208,7.677887024323018,False
historical_bootstrap,BZ=F,2026-05-19,111.27999877929688,4,2026-05-25,111.54762334851502,119.41192038732558,104.22261699277539,15.189303394550194,0.9,,,,
historical_bootstrap,BZ=F,2026-05-19,111.27999877929688,5,2026-05-26,111.49140177391678,119.70405593910613,102.86078371664834,16.843272222457784,0.9,99.58000183105469,-11.91139994286209,11.961638605983074,False
historical_bootstrap,BZ=F,2026-05-19,111.27999877929688,6,2026-05-27,111.52933837792465,119.56200122380024,102.74441148242381,16.817589741376423,0.9,94.29000091552734,-17.2393374623973,18.283314556165614,False
historical_bootstrap,BZ=F,2026-05-19,111.27999877929688,7,2026-05-28,111.4271851459108,120.11463249217759,102.51818197996805,17.596450512209543,0.9,93.70999908447266,-17.71718606143814,18.90639871361796,False
historical_bootstrap,BZ=F,2026-05-20,105.0199966430664,0,2026-05-20,105.0199966430664,105.0199966430664,105.0199966430664,0.0,0.9,105.0199966430664,0.0,0.0,True
historical_bootstrap,BZ=F,2026-05-20,105.0199966430664,1,2026-05-21,105.09279010539217,108.56672077226428,101.1661772101162,7.400543562148073,0.9,102.58000183105469,-2.512788274337481,2.4495888374772568,True
historical_bootstrap,BZ=F,2026-05-20,105.0199966430664,2,2026-05-22,105.26265160592186,110.11643951303557,99.878004546729,10.23843496630657,0.9,103.54000091552734,-1.7226506903945165,1.663753790962329,True
historical_bootstrap,BZ=F,2026-05-20,105.0199966430664,3,2026-05-25,105.12709698952366,111.35394765897856,98.56011471571543,12.793832943263126,0.9,,,,
historical_bootstrap,BZ=F,2026-05-20,105.0199966430664,4,2026-05-26,105.21050231335212,112.14596132345822,98.17850405260761,13.967457270850616,0.9,99.58000183105469,-5.630500482297435,5.654248221294496,True
historical_bootstrap,BZ=F,2026-05-20,105.0199966430664,5,2026-05-27,105.07620344176142,113.11436163596811,98.2249126745571,14.889448961411006,0.9,94.29000091552734,-10.786202526234078,11.439391686820786,False
historical_bootstrap,BZ=F,2026-05-20,105.0199966430664,6,2026-05-28,105.17195496058574,113.53952022646246,97.62230530006649,15.917214926395971,0.9,93.70999908447266,-11.46195587611308,12.231305077466677,False
historical_bootstrap,BZ=F,2026-05-20,105.0199966430664,7,2026-05-29,105.20386615306724,113.43570686965833,96.47707439199426,16.958632477664068,0.9,92.05000305175781,-13.153863101309426,14.28991055428133,False
historical_bootstrap,BZ=F,2026-05-21,102.58000183105469,0,2026-05-21,102.58000183105469,102.58000183105469,102.58000183105469,0.0,0.9,102.58000183105469,0.0,0.0,True
historical_bootstrap,BZ=F,2026-05-21,102.58000183105469,1,2026-05-22,102.66740699406685,106.05294500964945,99.31752556350679,6.735419446142657,0.9,103.54000091552734,0.8725939214604921,0.8427602025736836,True
historical_bootstrap,BZ=F,2026-05-21,102.58000183105469,2,2026-05-25,102.82935599961493,107.46917805882899,97.5574768308848,9.911701227944192,0.9,,,,
historical_bootstrap,BZ=F,2026-05-21,102.58000183105469,3,2026-05-26,102.70877214472371,108.50012261066517,96.32151100640712,12.178611604258052,0.9,99.58000183105469,-3.1287703136690226,3.14196651550301,True
historical_bootstrap,BZ=F,2026-05-21,102.58000183105469,4,2026-05-27,102.68479706127992,110.44630446369982,96.07437418435028,14.371930279349542,0.9,94.29000091552734,-8.39479614575258,8.903166893882334,False
historical_bootstrap,BZ=F,2026-05-21,102.58000183105469,5,2026-05-28,102.75811453979452,110.64106689763499,94.81901058360324,15.822056314031741,0.9,93.70999908447266,-9.048115455321863,9.655442902273057,False
historical_bootstrap,BZ=F,2026-05-21,102.58000183105469,6,2026-05-29,102.8200911475623,110.21803942002241,94.88391590894483,15.334123511077578,0.9,92.05000305175781,-10.770088095804482,11.700258271310087,False
historical_bootstrap,BZ=F,2026-05-21,102.58000183105469,7,2026-06-01,102.84250992079681,110.72393382589046,94.35512509699481,16.368808728895644,0.9,94.9800033569336,-7.862506563863221,8.278065156847832,True
historical_bootstrap,BZ=F,2026-05-22,103.54000091552734,0,2026-05-22,103.54000091552734,103.54000091552734,103.54000091552734,0.0,0.9,103.54000091552734,0.0,0.0,True
historical_bootstrap,BZ=F,2026-05-22,103.54000091552734,1,2026-05-25,103.63181320143477,107.00700520802148,99.74049148522224,7.266513722799246,0.9,,,,
historical_bootstrap,BZ=F,2026-05-22,103.54000091552734,2,2026-05-26,103.75761263126331,108.48471769935442,98.33889063095982,10.145827068394595,0.9,99.58000183105469,-4.177610800208626,4.195230692299315,True
historical_bootstrap,BZ=F,2026-05-22,103.54000091552734,3,2026-05-27,103.68906285388785,109.63986634154661,97.25564292975561,12.384223411790998,0.9,94.29000091552734,-9.399061938360504,9.968248856823056,False
historical_bootstrap,BZ=F,2026-05-22,103.54000091552734,4,2026-05-28,103.70054809212209,110.80063891506329,96.9734900901012,13.827148824962094,0.9,93.70999908447266,-9.990549007649435,10.661134462976243,False
historical_bootstrap,BZ=F,2026-05-22,103.54000091552734,5,2026-05-29,103.71118835807664,111.39546110568595,95.70637811846427,15.689082987221681,0.9,92.05000305175781,-11.661185306318828,12.66831604531505,False
historical_bootstrap,BZ=F,2026-05-22,103.54000091552734,6,2026-06-01,103.81687287516576,111.3448192285839,96.24656163814596,15.098257590437939,0.9,94.9800033569336,-8.836869518232163,9.303926306491404,False
historical_bootstrap,BZ=F,2026-05-22,103.54000091552734,7,2026-06-02,103.84800871750616,111.76014822640421,95.23815134081961,16.5219968855846,0.9,96.0,-7.848008717506161,8.175009080735585,True
historical_bootstrap,BZ=F,2026-05-26,99.58000183105469,0,2026-05-26,99.58000183105469,99.58000183105469,99.58000183105469,0.0,0.9,99.58000183105469,0.0,0.0,True
historical_bootstrap,BZ=F,2026-05-26,99.58000183105469,1,2026-05-27,99.65357310710594,102.94300703548389,95.92580873967572,7.017198295808171,0.9,94.29000091552734,-5.363572191578598,5.688378554989858,False
historical_bootstrap,BZ=F,2026-05-26,99.58000183105469,2,2026-05-28,99.8140633391562,104.32619181958637,94.57781362281526,9.748378196771114,0.9,93.70999908447266,-6.10406425468355,6.513781148563651,False
historical_bootstrap,BZ=F,2026-05-26,99.58000183105469,3,2026-05-29,99.76286141794661,105.4465713203456,93.53599589907961,11.910575421265989,0.9,92.05000305175781,-7.712858366188797,8.378987626814109,False
historical_bootstrap,BZ=F,2026-05-26,99.58000183105469,4,2026-06-01,99.75575371477197,105.98390313002058,93.3485607963645,12.635342333656084,0.9,94.9800033569336,-4.775750357838376,5.028164023000894,True
historical_bootstrap,BZ=F,2026-05-26,99.58000183105469,5,2026-06-02,99.68586026086729,107.13502146793844,92.30342861157632,14.831592856362121,0.9,96.0,-3.685860260867287,3.839437771736757,True
historical_bootstrap,BZ=F,2026-05-26,99.58000183105469,6,2026-06-03,99.67524120127271,106.93500622359151,91.7093632384491,15.225642985142414,0.9,97.80999755859375,-1.865243642678962,1.9070071457282012,True
historical_bootstrap,BZ=F,2026-05-26,99.58000183105469,7,2026-06-04,99.66039098339569,107.43667002512723,91.61561803051346,15.821051994613768,0.9,95.02999877929688,-4.630392204098811,4.872558416898121,True
historical_bootstrap,BZ=F,2026-05-27,94.29000091552734,0,2026-05-27,94.29000091552734,94.29000091552734,94.29000091552734,0.0,0.9,94.29000091552734,0.0,0.0,True
historical_bootstrap,BZ=F,2026-05-27,94.29000091552734,1,2026-05-28,94.37361092562702,97.41485069488212,91.07664796101253,6.338202733869593,0.9,93.70999908447266,-0.6636118411543634,0.7081547835211974,True
historical_bootstrap,BZ=F,2026-05-27,94.29000091552734,2,2026-05-29,94.48817175476381,98.7929692944291,89.67337117862954,9.119598115799562,0.9,92.05000305175781,-2.4381687030059993,2.648743750323471,True
historical_bootstrap,BZ=F,2026-05-27,94.29000091552734,3,2026-06-01,94.42966687542253,99.97680596389421,88.56707146804405,11.40973449585016,0.9,94.9800033569336,0.5503364815110672,0.5794235229103014,True
historical_bootstrap,BZ=F,2026-05-27,94.29000091552734,4,2026-06-02,94.43428333995861,100.55393713104999,88.14797993242489,12.405957198625103,0.9,96.0,1.5657166600413888,1.63095485420978,True
historical_bootstrap,BZ=F,2026-05-27,94.29000091552734,5,2026-06-03,94.58482631520852,101.69961116061002,87.26473342156805,14.434877739041966,0.9,97.80999755859375,3.2251712433852333,3.2973840342375764,True
historical_bootstrap,BZ=F,2026-05-27,94.29000091552734,6,2026-06-04,94.41141998591416,101.25428448807224,87.20663033769459,14.047654150377653,0.9,95.02999877929688,0.61857879338271,0.6509300234964045,True
historical_bootstrap,BZ=F,2026-05-27,94.29000091552734,7,2026-06-05,94.52210469163165,101.78884924837526,86.74776544193791,15.041083806437342,0.9,93.08999633789062,-1.4321083537410288,1.5384127297017787,True
historical_bootstrap,BZ=F,2026-05-28,93.70999908447266,0,2026-05-28,93.70999908447266,93.70999908447266,93.70999908447266,0.0,0.9,93.70999908447266,0.0,0.0,True
historical_bootstrap,BZ=F,2026-05-28,93.70999908447266,1,2026-05-29,93.78771343891937,96.81562711628052,90.18981208800523,6.625815028275298,0.9,92.05000305175781,-1.737710387161556,1.8877896029883643,True
historical_bootstrap,BZ=F,2026-05-28,93.70999908447266,2,2026-06-01,93.91386455303362,98.18526855702606,89.001582047811,9.183686509215065,0.9,94.9800033569336,1.0661388038999746,1.1224876460505473,True
historical_bootstrap,BZ=F,2026-05-28,93.70999908447266,3,2026-06-02,93.88207953642225,99.23074834498333,87.94246008100383,11.288288263979496,0.9,96.0,2.1179204635777467,2.2061671495601525,True
historical_bootstrap,BZ=F,2026-05-28,93.70999908447266,4,2026-06-03,93.85339399093228,100.068541886041,87.37726793241218,12.691273953628823,0.9,97.80999755859375,3.9566035676614746,4.045193401923197,True
historical_bootstrap,BZ=F,2026-05-28,93.70999908447266,5,2026-06-04,93.94519705799159,101.08356804828576,86.62009394008514,14.463474108200614,0.9,95.02999877929688,1.0848017213052827,1.1415360783332098,True
historical_bootstrap,BZ=F,2026-05-28,93.70999908447266,6,2026-06-05,93.80117325237782,101.19943382636808,86.21776018868243,14.981673637685645,0.9,93.08999633789062,-0.7111769144871971,0.7639670667789308,True
historical_bootstrap,BZ=F,2026-05-28,93.70999908447266,7,2026-06-08,93.98876488113315,101.41645073658553,86.17859377967787,15.237856956907663,0.9,94.25,0.2612351188668498,0.277172539911777,True
historical_bootstrap,BZ=F,2026-05-29,92.05000305175781,0,2026-05-29,92.05000305175781,92.05000305175781,92.05000305175781,0.0,0.9,92.05000305175781,0.0,0.0,True
historical_bootstrap,BZ=F,2026-05-29,92.05000305175781,1,2026-06-01,92.13003136000373,95.13226838769218,88.91298803004351,6.219280357648671,0.9,94.9800033569336,2.8499719969298667,3.0006021227644197,True
historical_bootstrap,BZ=F,2026-05-29,92.05000305175781,2,2026-06-02,92.22787303674396,96.38372259799446,87.2653869158144,9.11833568218006,0.9,96.0,3.772126963256042,3.929298920058377,True
historical_bootstrap,BZ=F,2026-05-29,92.05000305175781,3,2026-06-03,92.2705579748057,97.21751329227193,86.48218983560808,10.73532345666385,0.9,97.80999755859375,5.539439583788052,5.663469708676368,False
historical_bootstrap,BZ=F,2026-05-29,92.05000305175781,4,2026-06-04,92.20353763824943,98.50491655480343,86.15701530958977,12.347901245213663,0.9,95.02999877929688,2.826461141047446,2.9742830446749573,True
historical_bootstrap,BZ=F,2026-05-29,92.05000305175781,5,2026-06-05,92.14708373864312,99.0183216694328,85.19720699628701,13.821114673145786,0.9,93.08999633789062,0.9429125992475065,1.0129043252134178,True
historical_bootstrap,BZ=F,2026-05-29,92.05000305175781,6,2026-06-08,92.32140315049931,99.51736352517776,84.98942751846722,14.527936006710533,0.9,94.25,1.9285968495006927,2.0462566042447667,True
historical_bootstrap,BZ=F,2026-05-29,92.05000305175781,7,2026-06-09,92.2976590709686,99.73965594002306,84.13762436638918,15.60203157363388,0.9,91.44999694824219,-0.8476621227264189,0.9269132323822482,True
historical_bootstrap,BZ=F,2026-06-01,94.9800033569336,0,2026-06-01,94.9800033569336,94.9800033569336,94.9800033569336,0.0,0.9,94.9800033569336,0.0,0.0,True
historical_bootstrap,BZ=F,2026-06-01,94.9800033569336,1,2026-06-02,95.08737335188295,98.18493141724343,91.41210904460817,6.772822372635261,0.9,96.0,0.9126266481170546,0.9506527584552652,True
historical_bootstrap,BZ=F,2026-06-01,94.9800033569336,2,2026-06-03,95.19304601398653,99.51592389560678,89.88867844573248,9.627245449874295,0.9,97.80999755859375,2.6169515446072182,2.675546068835668,True
historical_bootstrap,BZ=F,2026-06-01,94.9800033569336,3,2026-06-04,95.19785256047149,100.4615112676756,89.0608252678809,11.400685999794703,0.9,95.02999877929688,-0.16785378117461391,0.17663241432260476,True
historical_bootstrap,BZ=F,2026-06-01,94.9800033569336,4,2026-06-05,95.1476365583647,101.41957280044781,88.89943869667201,12.520134103775803,0.9,93.08999633789062,-2.0576402204740702,2.210377378258145,True
historical_bootstrap,BZ=F,2026-06-01,94.9800033569336,5,2026-06-08,95.18757661646445,102.3005407666899,87.78159718019756,14.518943586492341,0.9,94.25,-0.9375766164644546,0.9947762508906679,True
historical_bootstrap,BZ=F,2026-06-01,94.9800033569336,6,2026-06-09,94.99112490871433,101.96072512734433,86.9646619283549,14.996063198989432,0.9,91.44999694824219,-3.5411279604721386,3.8722012888379926,True
historical_bootstrap,BZ=F,2026-06-01,94.9800033569336,7,2026-06-10,95.25626465748559,102.59116514633415,87.10510241581154,15.486062730522605,0.9,93.0999984741211,-2.156266183364494,2.316075422883996,True
historical_bootstrap,BZ=F,2026-06-02,96.0,0,2026-06-02,96.0,96.0,96.0,0.0,0.9,96.0,0.0,0.0,True
historical_bootstrap,BZ=F,2026-06-02,96.0,1,2026-06-03,96.10338416466352,99.2393459982678,92.72837118848068,6.510974809787115,0.9,97.80999755859375,1.7066133939302262,1.7448251063577298,True
historical_bootstrap,BZ=F,2026-06-02,96.0,2,2026-06-04,96.1778367380204,100.53781298447552,90.93537675001137,9.60243623446415,0.9,95.02999877929688,-1.1478379587235281,1.2078690660507456,True
historical_bootstrap,BZ=F,2026-06-02,96.0,3,2026-06-05,96.20705876351349,101.953487870678,89.9498190928453,12.0036687778327,0.9,93.08999633789062,-3.117062425622862,3.348439733855825,True
historical_bootstrap,BZ=F,2026-06-02,96.0,4,2026-06-08,96.14442467074674,102.61277951695126,89.84875847034759,12.764021046603673,0.9,94.25,-1.8944246707467443,2.0099996506596756,True
historical_bootstrap,BZ=F,2026-06-02,96.0,5,2026-06-09,96.29193131078264,103.54791320598494,88.36285407111808,15.185059134866862,0.9,91.44999694824219,-4.8419343625404565,5.294624958031259,True
historical_bootstrap,BZ=F,2026-06-02,96.0,6,2026-06-10,96.17021701792751,103.78779556417,88.47939821639152,15.308397347778481,0.9,93.0999984741211,-3.070218543806419,3.2977643331109663,True
historical_bootstrap,BZ=F,2026-06-02,96.0,7,2026-06-11,96.24566948884197,103.6928985676764,88.0405299681164,15.652368599559992,0.9,90.37999725341797,-5.865672235424,6.4900115221038845,True
historical_bootstrap,BZ=F,2026-06-03,97.80999755859375,0,2026-06-03,97.80999755859375,97.80999755859375,97.80999755859375,0.0,0.9,97.80999755859375,0.0,0.0,True
historical_bootstrap,BZ=F,2026-06-03,97.80999755859375,1,2026-06-04,97.91950889054817,101.08639870235403,94.2207566389883,6.865642063365726,0.9,95.02999877929688,-2.8895101112512975,3.0406294310937136,True
historical_bootstrap,BZ=F,2026-06-03,97.80999755859375,2,2026-06-05,98.02278254607684,102.27482065259156,92.72598585777614,9.54883479481542,0.9,93.08999633789062,-4.932786208186215,5.298943390524565,True
historical_bootstrap,BZ=F,2026-06-03,97.80999755859375,3,2026-06-08,98.02432183303581,103.87573333042846,91.84537011777394,12.030363212654521,0.9,94.25,-3.7743218330358133,4.004585499242242,True
historical_bootstrap,BZ=F,2026-06-03,97.80999755859375,4,2026-06-09,97.88575182046506,104.31019421018055,91.00440937188945,13.305784838291103,0.9,91.44999694824219,-6.435754872222873,7.037457722240611,True
historical_bootstrap,BZ=F,2026-06-03,97.80999755859375,5,2026-06-10,97.99581106159945,105.50147805504233,90.40930413396704,15.092173921075286,0.9,93.0999984741211,-4.8958125874783605,5.258660223114014,True
historical_bootstrap,BZ=F,2026-06-03,97.80999755859375,6,2026-06-11,97.833975718853,104.99871471156334,90.30760915253241,14.69110555903093,0.9,90.37999725341797,-7.4539784654350285,8.24737629116617,True
historical_bootstrap,BZ=F,2026-06-03,97.80999755859375,7,2026-06-12,97.93079068992427,105.64793912237435,89.40250473685617,16.24543438551818,0.9,87.33000183105469,-10.600788858869578,12.138770911029479,False
historical_bootstrap,BZ=F,2026-06-04,95.02999877929688,0,2026-06-04,95.02999877929688,95.02999877929688,95.02999877929688,0.0,0.9,95.02999877929688,0.0,0.0,True
historical_bootstrap,BZ=F,2026-06-04,95.02999877929688,1,2026-06-05,95.18006727880388,98.24732944932339,91.79142709216153,6.455902357161861,0.9,93.08999633789062,-2.0900709409132503,2.245215407815549,True
historical_bootstrap,BZ=F,2026-06-04,95.02999877929688,2,2026-06-08,95.28527002893483,99.55932615952415,90.09048709560417,9.468839063919972,0.9,94.25,-1.035270028934832,1.0984297389228987,True
historical_bootstrap,BZ=F,2026-06-04,95.02999877929688,3,2026-06-09,95.17076085236377,100.83050490621106,89.29646971371017,11.534035192500895,0.9,91.44999694824219,-3.7207639041215828,4.0686320702967524,True
historical_bootstrap,BZ=F,2026-06-04,95.02999877929688,4,2026-06-10,95.19772021922462,101.99713732278416,88.60066680587067,13.396470516913482,0.9,93.0999984741211,-2.0977217451035273,2.2531920295214922,True
historical_bootstrap,BZ=F,2026-06-04,95.02999877929688,5,2026-06-11,95.13181834148872,102.22390739176117,87.82874391936298,14.395163472398195,0.9,90.37999725341797,-4.751821088070756,5.257602602871348,True
historical_bootstrap,BZ=F,2026-06-04,95.02999877929688,6,2026-06-12,95.06350587730587,101.98809282274172,87.51898490005888,14.469107922682838,0.9,87.33000183105469,-7.733504046251184,8.855495115197785,False
historical_bootstrap,BZ=F,2026-06-04,95.02999877929688,7,2026-06-15,95.3221800850906,103.0939602449458,87.22842607106736,15.865534173878444,0.9,83.16999816894531,-12.152181916145281,14.61125668352216,False
historical_bootstrap,BZ=F,2026-06-05,93.08999633789062,0,2026-06-05,93.08999633789062,93.08999633789062,93.08999633789062,0.0,0.9,93.08999633789062,0.0,0.0,True
historical_bootstrap,BZ=F,2026-06-05,93.08999633789062,1,2026-06-08,93.2374310792972,96.23382176878141,89.67396083638967,6.559860932391743,0.9,94.25,1.0125689207028046,1.0743436824432941,True
historical_bootstrap,BZ=F,2026-06-05,93.08999633789062,2,2026-06-09,93.27798105918872,97.60749646421557,88.5321212596389,9.075375204576673,0.9,91.44999694824219,-1.827984110946531,1.9988891984120154,True
historical_bootstrap,BZ=F,2026-06-05,93.08999633789062,3,2026-06-10,93.14473918126171,98.19062228950446,87.33673823570338,10.853884053801082,0.9,93.0999984741211,-0.04474070714061895,0.048056614257684954,True
historical_bootstrap,BZ=F,2026-06-05,93.08999633789062,4,2026-06-11,93.31387457694288,99.50232572347677,87.01687039113712,12.485455332339654,0.9,90.37999725341797,-2.9338773235249107,3.2461577923028297,True
historical_bootstrap,BZ=F,2026-06-05,93.08999633789062,5,2026-06-12,93.24618692140399,100.15262675964337,86.28766492698288,13.864961832660484,0.9,87.33000183105469,-5.916185090349302,6.774516164324066,True
historical_bootstrap,BZ=F,2026-06-05,93.08999633789062,6,2026-06-15,93.25988234421351,99.93180873077186,85.87490849228085,14.05690023849101,0.9,83.16999816894531,-10.089884175268196,12.131639289894368,False
historical_bootstrap,BZ=F,2026-06-05,93.08999633789062,7,2026-06-16,93.32419801176903,100.70671914406013,85.4476898644837,15.259029279576424,0.9,78.95999908447266,-14.364198927296371,18.191741506898097,False
historical_bootstrap,BZ=F,2026-06-08,94.25,0,2026-06-08,94.25,94.25,94.25,0.0,0.9,94.25,0.0,0.0,True
historical_bootstrap,BZ=F,2026-06-08,94.25,1,2026-06-09,94.35552544008112,97.27000853658006,91.03992893732477,6.230079599255291,0.9,91.44999694824219,-2.905528491838936,3.177177243082221,True
historical_bootstrap,BZ=F,2026-06-08,94.25,2,2026-06-10,94.43093748620595,98.82379314272056,89.50735448935124,9.316438653369318,0.9,93.0999984741211,-1.3309390120848548,1.4295800578931421,True
historical_bootstrap,BZ=F,2026-06-08,94.25,3,2026-06-11,94.47972280451384,99.80256240408337,88.42504997891555,11.377512425167822,0.9,90.37999725341797,-4.099725551095872,4.536098335564875,True
historical_bootstrap,BZ=F,2026-06-08,94.25,4,2026-06-12,94.39179192935292,100.50797502222765,87.98817180060894,12.519803221618716,0.9,87.33000183105469,-7.061790098298232,8.086327665445037,False
historical_bootstrap,BZ=F,2026-06-08,94.25,5,2026-06-15,94.5042448412059,101.51427275725258,86.82720591626396,14.68706684098862,0.9,83.16999816894531,-11.33424667226059,13.627806807494514,False
historical_bootstrap,BZ=F,2026-06-08,94.25,6,2026-06-16,94.4159414248221,101.45437860750482,86.86649251973854,14.587886087766279,0.9,78.95999908447266,-15.455942340349438,19.574395288194502,False
historical_bootstrap,BZ=F,2026-06-08,94.25,7,2026-06-17,94.29818001646578,102.24664281638137,86.01493458608678,16.231708230294586,0.9,79.55000305175781,-14.748176964707966,18.539505215496124,False
historical_bootstrap,BZ=F,2026-06-09,91.44999694824219,0,2026-06-09,91.44999694824219,91.44999694824219,91.44999694824219,0.0,0.9,91.44999694824219,0.0,0.0,True
historical_bootstrap,BZ=F,2026-06-09,91.44999694824219,1,2026-06-10,91.50493137989974,94.48072661216194,88.3875072649154,6.093219347246546,0.9,93.0999984741211,1.5950670942213492,1.713283695342625,True
historical_bootstrap,BZ=F,2026-06-09,91.44999694824219,2,2026-06-11,91.66481630973524,95.80869399570139,86.62541589870618,9.18327809699521,0.9,90.37999725341797,-1.284819056317275,1.42157456888912,True
historical_bootstrap,BZ=F,2026-06-09,91.44999694824219,3,2026-06-12,91.58165344512872,97.12131411079322,85.87321364514878,11.248100465644441,0.9,87.33000183105469,-4.251651614074035,4.868489093014242,True
historical_bootstrap,BZ=F,2026-06-09,91.44999694824219,4,2026-06-15,91.72701270229366,98.13281699133447,85.59542124839918,12.537395742935288,0.9,83.16999816894531,-8.557014533348351,10.288583289332617,False
historical_bootstrap,BZ=F,2026-06-09,91.44999694824219,5,2026-06-16,91.54798072990404,98.63177425174963,84.51998491611008,14.111789335639557,0.9,78.95999908447266,-12.587981645431384,15.942226179567912,False
historical_bootstrap,BZ=F,2026-06-09,91.44999694824219,6,2026-06-17,91.6110085428689,98.2593018978761,84.21823416226749,14.041067735608607,0.9,79.55000305175781,-12.06100549111109,15.16153994772798,False
historical_bootstrap,BZ=F,2026-06-09,91.44999694824219,7,2026-06-18,91.70994180537336,98.72574598801879,83.78186658671464,14.943879401304144,0.9,79.8499984741211,-11.859943331252268,14.852778406872485,False
historical_bootstrap,BZ=F,2026-06-10,93.0999984741211,0,2026-06-10,93.0999984741211,93.0999984741211,93.0999984741211,0.0,0.9,93.0999984741211,0.0,0.0,True
historical_bootstrap,BZ=F,2026-06-10,93.0999984741211,1,2026-06-11,93.15497226259586,96.28045879640068,89.92909543924699,6.351363357153687,0.9,90.37999725341797,-2.7749750091778935,3.0703419932588574,True
historical_bootstrap,BZ=F,2026-06-10,93.0999984741211,2,2026-06-12,93.26122417597999,97.50073161923066,88.37217519587396,9.128556423356699,0.9,87.33000183105469,-5.9312223449253025,6.791735051603022,False
historical_bootstrap,BZ=F,2026-06-10,93.0999984741211,3,2026-06-15,93.30400205373031,98.58481069001101,87.4225951462418,11.162215543769207,0.9,83.16999816894531,-10.134003884785002,12.18468691582696,False
historical_bootstrap,BZ=F,2026-06-10,93.0999984741211,4,2026-06-16,93.29291447964022,99.90339439076443,86.91457464591403,12.988819744850403,0.9,78.95999908447266,-14.33291539516756,18.152122038190477,False
historical_bootstrap,BZ=F,2026-06-10,93.0999984741211,5,2026-06-17,93.27686420643991,100.13542175601127,86.04499663171694,14.090425124294327,0.9,79.55000305175781,-13.726861154682098,17.255638753088366,False
historical_bootstrap,BZ=F,2026-06-10,93.0999984741211,6,2026-06-18,93.21099714352471,100.2164720801231,85.41548079373227,14.800991286390826,0.9,79.8499984741211,-13.360998669403614,16.732622322759134,False
historical_bootstrap,BZ=F,2026-06-10,93.0999984741211,7,2026-06-19,93.38054261764432,100.75628535985514,85.45687086639825,15.299414493456894,0.9,,,,
historical_bootstrap,BZ=F,2026-06-11,90.37999725341797,0,2026-06-11,90.37999725341797,90.37999725341797,90.37999725341797,0.0,0.9,90.37999725341797,0.0,0.0,True
historical_bootstrap,BZ=F,2026-06-11,90.37999725341797,1,2026-06-12,90.45700717983603,93.37526622927096,87.06340802375907,6.311858205511896,0.9,87.33000183105469,-3.1270053487813385,3.580677067694015,True
historical_bootstrap,BZ=F,2026-06-11,90.37999725341797,2,2026-06-15,90.56190304863172,94.76598570622207,85.83208968602943,8.933896020192634,0.9,83.16999816894531,-7.3919048796864075,8.887705954581177,False
historical_bootstrap,BZ=F,2026-06-11,90.37999725341797,3,2026-06-16,90.53286333337569,95.89763534909213,84.79422572124916,11.103409627842964,0.9,78.95999908447266,-11.57286424890303,14.656616493273003,False
historical_bootstrap,BZ=F,2026-06-11,90.37999725341797,4,2026-06-17,90.58855228009024,97.25776311828336,84.4782505661899,12.779512552093465,0.9,79.55000305175781,-11.038549228332428,13.876239855264858,False
historical_bootstrap,BZ=F,2026-06-11,90.37999725341797,5,2026-06-18,90.53164087855798,97.47774503500648,83.4667506757762,14.010994359230281,0.9,79.8499984741211,-10.681642404436886,13.377135389550125,False
historical_bootstrap,BZ=F,2026-06-11,90.37999725341797,6,2026-06-19,90.4821761485307,97.1096307491294,83.23651180149764,13.873118947631752,0.9,,,,
historical_bootstrap,BZ=F,2026-06-11,90.37999725341797,7,2026-06-22,90.4995398806307,97.62254049734938,82.96017057763633,14.662369919713043,0.9,77.9000015258789,-12.5995383547518,16.173989869006807,False
historical_bootstrap,BZ=F,2026-06-12,87.33000183105469,0,2026-06-12,87.33000183105469,87.33000183105469,87.33000183105469,0.0,0.9,87.33000183105469,0.0,0.0,True
historical_bootstrap,BZ=F,2026-06-12,87.33000183105469,1,2026-06-15,87.40744018362868,90.27930134160218,84.35384193417434,5.925459407427837,0.9,83.16999816894531,-4.237442014683367,5.094916566038326,False
historical_bootstrap,BZ=F,2026-06-12,87.33000183105469,2,2026-06-16,87.4917776920646,91.38825480850012,82.79072402486179,8.597530783638334,0.9,78.95999908447266,-8.531778607591946,10.805190864382501,False
historical_bootstrap,BZ=F,2026-06-12,87.33000183105469,3,2026-06-17,87.53924747141376,92.23941381592064,82.00446315065231,10.234950665268329,0.9,79.55000305175781,-7.989244419655947,10.043047282421705,False
historical_bootstrap,BZ=F,2026-06-12,87.33000183105469,4,2026-06-18,87.41921773555943,93.25090719447029,81.63265387837963,11.618253316090659,0.9,79.8499984741211,-7.5692192614383345,9.479297941241004,False
historical_bootstrap,BZ=F,2026-06-12,87.33000183105469,5,2026-06-19,87.42210456090127,94.18822650022005,80.71224314240649,13.475983357813561,0.9,,,,
historical_bootstrap,BZ=F,2026-06-12,87.33000183105469,6,2026-06-22,87.3607939489971,94.30953823179365,80.12174238854062,14.187795843253028,0.9,77.9000015258789,-9.460792423118193,12.144791062648764,False
historical_bootstrap,BZ=F,2026-06-12,87.33000183105469,7,2026-06-23,87.58978859629467,94.3281356435682,80.00733522788387,14.320800415684332,0.9,77.08000183105469,-10.50978676523998,13.634907259441324,False
historical_bootstrap,BZ=F,2026-06-15,83.16999816894531,0,2026-06-15,83.16999816894531,83.16999816894531,83.16999816894531,0.0,0.9,83.16999816894531,0.0,0.0,True
historical_bootstrap,BZ=F,2026-06-15,83.16999816894531,1,2026-06-16,83.30133771424195,85.98579727840813,80.3821777214129,5.603619556995227,0.9,78.95999908447266,-4.341338629769297,5.498149290914839,False
historical_bootstrap,BZ=F,2026-06-15,83.16999816894531,2,2026-06-17,83.33070915031584,87.13405325427615,78.84695088950342,8.287102364772736,0.9,79.55000305175781,-3.780706098558028,4.752615906372974,True
historical_bootstrap,BZ=F,2026-06-15,83.16999816894531,3,2026-06-18,83.31066946764571,87.83900200374049,78.09814390339086,9.740858100349627,0.9,79.8499984741211,-3.460670993524616,4.333965008961395,True
historical_bootstrap,BZ=F,2026-06-15,83.16999816894531,4,2026-06-19,83.3566490959898,89.00221029746791,77.64430862117231,11.357901676295597,0.9,,,,
historical_bootstrap,BZ=F,2026-06-15,83.16999816894531,5,2026-06-22,83.39435406260641,89.48000979589844,76.86743822080881,12.612571575089632,0.9,77.9000015258789,-5.494352536727504,7.053083991150172,True
historical_bootstrap,BZ=F,2026-06-15,83.16999816894531,6,2026-06-23,83.26915777455605,89.4393309781603,76.43098164455803,13.008349333602268,0.9,77.08000183105469,-6.189155943501362,8.029522309907131,True
historical_bootstrap,BZ=F,2026-06-15,83.16999816894531,7,2026-06-24,83.3156125976152,89.7869916572929,76.19615006167385,13.590841595619054,0.9,73.73999786376953,-9.575614733845669,12.985645526510691,False
historical_bootstrap,BZ=F,2026-06-16,78.95999908447266,0,2026-06-16,78.95999908447266,78.95999908447266,78.95999908447266,0.0,0.9,78.95999908447266,0.0,0.0,True
historical_bootstrap,BZ=F,2026-06-16,78.95999908447266,1,2026-06-17,79.04755136937236,81.6243611371551,76.05130041131137,5.573060725843732,0.9,79.55000305175781,0.5024516823854555,0.6316174269139173,True
historical_bootstrap,BZ=F,2026-06-16,78.95999908447266,2,2026-06-18,79.15193712863113,82.7233968577023,74.79434650965702,7.92905034804528,0.9,79.8499984741211,0.6980613454899611,0.8742158532616612,True
historical_bootstrap,BZ=F,2026-06-16,78.95999908447266,3,2026-06-19,78.99667953398959,83.28640832621129,74.01083360507427,9.27557472113702,0.9,,,,
historical_bootstrap,BZ=F,2026-06-16,78.95999908447266,4,2026-06-22,79.14220206317967,84.74896320192774,73.9050257949578,10.843937406969943,0.9,77.9000015258789,-1.2422005373007607,1.5946091308972483,True
historical_bootstrap,BZ=F,2026-06-16,78.95999908447266,5,2026-06-23,79.15817678114496,84.93738543352637,72.97572739531772,11.961658038208654,0.9,77.08000183105469,-2.078174950090272,2.696127271306055,True
historical_bootstrap,BZ=F,2026-06-16,78.95999908447266,6,2026-06-24,79.06167741296446,84.89095598838249,72.49339774393766,12.397558244444824,0.9,73.73999786376953,-5.321679549194926,7.216815437161291,True
historical_bootstrap,BZ=F,2026-06-16,78.95999908447266,7,2026-06-25,79.18281194314663,85.28740808302129,72.47770736804414,12.809700714977154,0.9,75.26000213623047,-3.922809806916163,5.212343470061778,True
historical_bootstrap,BZ=F,2026-06-17,79.55000305175781,0,2026-06-17,79.55000305175781,79.55000305175781,79.55000305175781,0.0,0.9,79.55000305175781,0.0,0.0,True
historical_bootstrap,BZ=F,2026-06-17,79.55000305175781,1,2026-06-18,79.6159744229434,82.18635692884237,76.61560670851516,5.570750220327213,0.9,79.8499984741211,0.2340240511776983,0.29307959380054854,True
historical_bootstrap,BZ=F,2026-06-17,79.55000305175781,2,2026-06-19,79.68776358113593,83.29597292203438,75.32098458271068,7.974988339323701,0.9,,,,
historical_bootstrap,BZ=F,2026-06-17,79.55000305175781,3,2026-06-22,79.62502967322511,83.90874003724419,74.5939302129159,9.314809824328293,0.9,77.9000015258789,-1.7250281473462081,2.214413496222002,True
historical_bootstrap,BZ=F,2026-06-17,79.55000305175781,4,2026-06-23,79.67497322584993,85.12836667850738,74.17417563318894,10.954191045318439,0.9,77.08000183105469,-2.5949713947952375,3.3665948795420917,True
historical_bootstrap,BZ=F,2026-06-17,79.55000305175781,5,2026-06-24,79.69462770642332,85.57205355609052,73.52180297343654,12.050250582653987,0.9,73.73999786376953,-5.954629842653787,8.075169535066475,True
historical_bootstrap,BZ=F,2026-06-17,79.55000305175781,6,2026-06-25,79.63993812218332,86.00332764442645,73.03252336548097,12.97080427894548,0.9,75.26000213623047,-4.379935985952855,5.819739385636207,True
historical_bootstrap,BZ=F,2026-06-17,79.55000305175781,7,2026-06-26,79.75013995802784,85.87658489469516,72.35723435214761,13.519350542547542,0.9,71.98999786376953,-7.760142094258313,10.779472599712031,False
historical_bootstrap,BZ=F,2026-06-18,79.8499984741211,0,2026-06-18,79.8499984741211,79.8499984741211,79.8499984741211,0.0,0.9,79.8499984741211,0.0,0.0,True
historical_bootstrap,BZ=F,2026-06-18,79.8499984741211,1,2026-06-19,79.91803612286911,82.39544354517176,77.13037863903953,5.265064906132224,0.9,,,,
historical_bootstrap,BZ=F,2026-06-18,79.8499984741211,2,2026-06-22,80.00429415645529,83.78364292690925,75.60503171930232,8.178611207606934,0.9,77.9000015258789,-2.1042926305763814,2.7012741840285086,True
historical_bootstrap,BZ=F,2026-06-18,79.8499984741211,3,2026-06-23,79.96827534946557,84.66590016067988,74.81763455532464,9.848265605355238,0.9,77.08000183105469,-2.888273518410884,3.7471113775288343,True
historical_bootstrap,BZ=F,2026-06-18,79.8499984741211,4,2026-06-24,79.91184263980783,85.68513448342854,74.2940612500322,11.391073233396341,0.9,73.73999786376953,-6.171844776038299,8.36973820834716,False
historical_bootstrap,BZ=F,2026-06-18,79.8499984741211,5,2026-06-25,79.87193696030488,86.00439814077593,73.49764336195587,12.506754778820067,0.9,75.26000213623047,-4.61193482407441,6.128002515501134,True
historical_bootstrap,BZ=F,2026-06-18,79.8499984741211,6,2026-06-26,79.94519980309826,85.69545009271502,73.31050869243985,12.384941400275167,0.9,71.98999786376953,-7.955201939328731,11.050426691750678,False
historical_bootstrap,BZ=F,2026-06-18,79.8499984741211,7,2026-06-29,80.07697055873503,86.38341053101773,72.6301047260983,13.753305804919435,0.9,73.1500015258789,-6.926969032856121,9.469540517241832,True
historical_bootstrap,BZ=F,2026-06-22,77.9000015258789,0,2026-06-22,77.9000015258789,77.9000015258789,77.9000015258789,0.0,0.9,77.9000015258789,0.0,0.0,True
historical_bootstrap,BZ=F,2026-06-22,77.9000015258789,1,2026-06-23,77.94679641327917,80.39611473126622,74.96872134846417,5.427393382802052,0.9,77.08000183105469,-0.866794582224486,1.1245388708271462,True
historical_bootstrap,BZ=F,2026-06-22,77.9000015258789,2,2026-06-24,78.0369997319037,81.56753816979128,73.98595075302822,7.581587416763057,0.9,73.73999786376953,-4.297001868134174,5.827233513177803,False
historical_bootstrap,BZ=F,2026-06-22,77.9000015258789,3,2026-06-25,78.04097286615894,82.6549151525423,73.10551532845845,9.54939982408385,0.9,75.26000213623047,-2.7809707299284696,3.6951510111500503,True
historical_bootstrap,BZ=F,2026-06-22,77.9000015258789,4,2026-06-26,78.07975852288838,83.177652611716,72.37815132670113,10.79950128501487,0.9,71.98999786376953,-6.089760659118852,8.45917605198826,False
historical_bootstrap,BZ=F,2026-06-22,77.9000015258789,5,2026-06-29,78.09551878844437,83.7980052672913,71.70277569761576,12.095229569675539,0.9,73.1500015258789,-4.94551726256546,6.760789008071096,True
historical_bootstrap,BZ=F,2026-06-22,77.9000015258789,6,2026-06-30,78.07248947479601,83.77208336014839,71.18228892357743,12.589794436570955,0.9,72.91999816894531,-5.1524913058507025,7.0659509534176195,True
historical_bootstrap,BZ=F,2026-06-22,77.9000015258789,7,2026-07-01,77.9000015258789,84.27386275226819,70.85381828378142,13.420044468486765,0.9,71.56999969482422,-6.3300018310546875,8.844490510054396,True
historical_bootstrap,BZ=F,2026-06-23,77.08000183105469,0,2026-06-23,77.08000183105469,77.08000183105469,77.08000183105469,0.0,0.9,77.08000183105469,0.0,0.0,True
historical_bootstrap,BZ=F,2026-06-23,77.08000183105469,1,2026-06-24,77.13694975220822,79.76465273267205,74.45472561472766,5.309927117944383,0.9,73.73999786376953,-3.396951888438693,4.6066612243661424,False
historical_bootstrap,BZ=F,2026-06-23,77.08000183105469,2,2026-06-25,77.1428175747944,80.75379502526677,72.98229298338023,7.771502041886535,0.9,75.26000213623047,-1.882815438563938,2.5017477878299754,True
historical_bootstrap,BZ=F,2026-06-23,77.08000183105469,3,2026-06-26,77.2149309757037,81.80127153574158,72.33598388962544,9.465287646116138,0.9,71.98999786376953,-5.224933111934163,7.257859795775492,False
historical_bootstrap,BZ=F,2026-06-23,77.08000183105469,4,2026-06-29,77.158746385485,82.20063191138154,71.61627634804506,10.584355563336473,0.9,73.1500015258789,-4.008744859606097,5.480170575509678,True
historical_bootstrap,BZ=F,2026-06-23,77.08000183105469,5,2026-06-30,77.11450286540452,83.02090535816673,70.64802136613731,12.372883992029415,0.9,72.91999816894531,-4.194504696459205,5.752200770412983,True
historical_bootstrap,BZ=F,2026-06-23,77.08000183105469,6,2026-07-01,77.22067015411389,83.33295283465992,70.39415531488909,12.93879751977083,0.9,71.56999969482422,-5.650670459289671,7.895305970915513,True
historical_bootstrap,BZ=F,2026-06-23,77.08000183105469,7,2026-07-02,77.1819529950784,83.25675845274858,70.45440548845286,12.802352964295721,0.9,,,,
historical_bootstrap,BZ=F,2026-06-24,73.73999786376953,0,2026-06-24,73.73999786376953,73.73999786376953,73.73999786376953,0.0,0.9,73.73999786376953,0.0,0.0,True
historical_bootstrap,BZ=F,2026-06-24,73.73999786376953,1,2026-06-25,73.81940982295116,76.08718101511629,71.22697805572284,4.8602029593934475,0.9,75.26000213623047,1.4405923132793106,1.9141539627804551,True
historical_bootstrap,BZ=F,2026-06-24,73.73999786376953,2,2026-06-26,73.9103785247346,77.13300718356894,70.03468701089429,7.098320172674647,0.9,71.98999786376953,-1.9203806609650655,2.667565936866817,True
historical_bootstrap,BZ=F,2026-06-24,73.73999786376953,3,2026-06-29,73.77255489991977,78.18739406746593,69.09270278909237,9.09469127837356,0.9,73.1500015258789,-0.6225533740408622,0.8510640615921464,True
historical_bootstrap,BZ=F,2026-06-24,73.73999786376953,4,2026-06-30,73.7858001519007,79.12863812780896,68.51302464277214,10.615613485036818,0.9,72.91999816894531,-0.8658019829553893,1.1873313284367462,True
historical_bootstrap,BZ=F,2026-06-24,73.73999786376953,5,2026-07-01,73.90115232969285,79.42884702704903,67.53823470340559,11.890612323643438,0.9,71.56999969482422,-2.33115263486863,3.2571645169885524,True
historical_bootstrap,BZ=F,2026-06-24,73.73999786376953,6,2026-07-02,73.75807525391807,79.22808960770143,67.23323255053327,11.994857057168161,0.9,,,,
historical_bootstrap,BZ=F,2026-06-24,73.73999786376953,7,2026-07-03,73.8310650907259,79.90007356995909,66.85170233162617,13.04837123833292,0.9,,,,
historical_bootstrap,BZ=F,2026-06-25,75.26000213623047,0,2026-06-25,75.26000213623047,75.26000213623047,75.26000213623047,0.0,0.9,75.26000213623047,0.0,0.0,True
historical_bootstrap,BZ=F,2026-06-25,75.26000213623047,1,2026-06-26,75.27742917175291,77.67078489405749,72.38668830407522,5.284096589982269,0.9,71.98999786376953,-3.2874313079833826,4.566511189796619,False
historical_bootstrap,BZ=F,2026-06-25,75.26000213623047,2,2026-06-29,75.40353824480091,78.84705035984734,71.22575166086168,7.621298698985669,0.9,73.1500015258789,-2.253536718922007,3.080706318406232,True
historical_bootstrap,BZ=F,2026-06-25,75.26000213623047,3,2026-06-30,75.36835061701322,79.60342477775107,70.3785270935265,9.224897684224572,0.9,72.91999816894531,-2.448352448067908,3.357587094826061,True
historical_bootstrap,BZ=F,2026-06-25,75.26000213623047,4,2026-07-01,75.44099985254975,80.4441458921906,69.78654568712409,10.657600205066515,0.9,71.56999969482422,-3.8710001577255326,5.408691035673533,True
historical_bootstrap,BZ=F,2026-06-25,75.26000213623047,5,2026-07-02,75.287095717706,81.17417413176521,69.23974624473009,11.934427887035127,0.9,,,,
historical_bootstrap,BZ=F,2026-06-25,75.26000213623047,6,2026-07-03,75.39438159078708,81.36530954035506,68.61911271989494,12.746196820460113,0.9,,,,
historical_bootstrap,BZ=F,2026-06-25,75.26000213623047,7,2026-07-06,75.39113192432734,81.64543826825735,68.22971800980785,13.415720258449497,0.9,71.98999786376953,-3.4011340605578084,4.724453620618178,True
historical_bootstrap,BZ=F,2026-06-26,71.98999786376953,0,2026-06-26,71.98999786376953,71.98999786376953,71.98999786376953,0.0,0.9,71.98999786376953,0.0,0.0,True
historical_bootstrap,BZ=F,2026-06-26,71.98999786376953,1,2026-06-29,72.1036822907684,74.42123639591426,69.28318671586206,5.138049680052205,0.9,73.1500015258789,1.0463192351105022,1.4303748643673464,True
historical_bootstrap,BZ=F,2026-06-26,71.98999786376953,2,2026-06-30,72.15910498122228,75.48355073988388,68.19205810389995,7.2914926359839285,0.9,72.91999816894531,0.7608931877230276,1.0434629824868424,True
historical_bootstrap,BZ=F,2026-06-26,71.98999786376953,3,2026-07-01,72.0131723831149,76.33184831777866,67.42835162773986,8.903496690038807,0.9,71.56999969482422,-0.44317268829068723,0.6192157191286624,True
historical_bootstrap,BZ=F,2026-06-26,71.98999786376953,4,2026-07-02,72.08799527771012,76.94889352313307,66.7321443750697,10.216749148063371,0.9,,,,
historical_bootstrap,BZ=F,2026-06-26,71.98999786376953,5,2026-07-03,72.1072585516063,77.4397450204146,66.24147520616393,11.19826981425068,0.9,,,,
historical_bootstrap,BZ=F,2026-06-26,71.98999786376953,6,2026-07-06,72.04439615132608,77.34784603799557,65.6119712514141,11.735874786581462,0.9,71.98999786376953,-0.05439828755655185,0.07556367435861382,True
historical_bootstrap,BZ=F,2026-06-26,71.98999786376953,7,2026-07-07,72.19462804784884,77.75887027474056,65.47838417172342,12.28048610301714,0.9,74.16000366210938,1.9653756142605374,2.650182736256671,True
historical_bootstrap,BZ=F,2026-06-29,73.1500015258789,0,2026-06-29,73.1500015258789,73.1500015258789,73.1500015258789,0.0,0.9,73.1500015258789,0.0,0.0,True
historical_bootstrap,BZ=F,2026-06-29,73.1500015258789,1,2026-06-30,73.17579384727185,75.59940626842939,70.3523007676185,5.247105500810889,0.9,72.91999816894531,-0.2557956783265354,0.35078947442359093,True
historical_bootstrap,BZ=F,2026-06-29,73.1500015258789,2,2026-07-01,73.29771968240225,76.70004483800724,69.43528309745706,7.264761740550185,0.9,71.56999969482422,-1.727719987578027,2.4140282170533136,True
historical_bootstrap,BZ=F,2026-06-29,73.1500015258789,3,2026-07-02,73.2823770528956,77.45949699888938,68.59127473136627,8.868222267523109,0.9,,,,
historical_bootstrap,BZ=F,2026-06-29,73.1500015258789,4,2026-07-03,73.22398617912177,78.29036928791963,67.82933090871465,10.461038379204979,0.9,,,,
historical_bootstrap,BZ=F,2026-06-29,73.1500015258789,5,2026-07-06,73.16836399642337,78.68756264066913,67.045961961189,11.641600679480135,0.9,71.98999786376953,-1.178366132653835,1.6368470171144043,True
historical_bootstrap,BZ=F,2026-06-29,73.1500015258789,6,2026-07-07,73.08795016873509,78.66402959677954,66.54071151202591,12.123318084753635,0.9,74.16000366210938,1.072053493374284,1.445595254092509,True
historical_bootstrap,BZ=F,2026-06-29,73.1500015258789,7,2026-07-08,73.33006718937808,79.16565573160578,66.53590949360772,12.629746237998063,0.9,78.0199966430664,4.689929453688322,6.011188997026332,True
historical_bootstrap,BZ=F,2026-06-30,72.91999816894531,0,2026-06-30,72.91999816894531,72.91999816894531,72.91999816894531,0.0,0.9,72.91999816894531,0.0,0.0,True
historical_bootstrap,BZ=F,2026-06-30,72.91999816894531,1,2026-07-01,72.9846587026623,75.33662811884763,70.23016576457702,5.1064623542706045,0.9,71.56999969482422,-1.4146590078380825,1.9766089337295154,True
historical_bootstrap,BZ=F,2026-06-30,72.91999816894531,2,2026-07-02,72.98827057412946,76.45868238743145,69.02593586494078,7.432746522490675,0.9,,,,
historical_bootstrap,BZ=F,2026-06-30,72.91999816894531,3,2026-07-03,72.98877178164345,77.12837396055544,68.34941633155891,8.778957628996523,0.9,,,,
historical_bootstrap,BZ=F,2026-06-30,72.91999816894531,4,2026-07-06,72.99449288389691,78.26613871782389,67.7427646146289,10.523374103194996,0.9,71.98999786376953,-1.0044950201273792,1.3953258090495266,True
historical_bootstrap,BZ=F,2026-06-30,72.91999816894531,5,2026-07-07,73.0664077807738,78.44095341413036,67.39348999169962,11.047463422430738,0.9,74.16000366210938,1.093595881335574,1.4746437801139507,True
historical_bootstrap,BZ=F,2026-06-30,72.91999816894531,6,2026-07-08,72.975099198904,78.41668864668014,66.48558904943995,11.931099597240191,0.9,78.0199966430664,5.044897444162402,6.466159524771959,True
historical_bootstrap,BZ=F,2026-06-30,72.91999816894531,7,2026-07-09,72.989725473712,78.76339555924578,66.32670262797635,12.436692931269434,0.9,76.30000305175781,3.310277578045813,4.338502549993739,True
historical_bootstrap,BZ=F,2026-07-01,71.56999969482422,0,2026-07-01,71.56999969482422,71.56999969482422,71.56999969482422,0.0,0.9,71.56999969482422,0.0,0.0,True
historical_bootstrap,BZ=F,2026-07-01,71.56999969482422,1,2026-07-02,71.60323831702198,73.86328362099295,68.83272781186918,5.0305558091237685,0.9,,,,
historical_bootstrap,BZ=F,2026-07-01,71.56999969482422,2,2026-07-03,71.6569738519066,74.95303379809592,67.84990231257017,7.103131485525751,0.9,,,,
historical_bootstrap,BZ=F,2026-07-01,71.56999969482422,3,2026-07-06,71.61208741034137,75.78641231621138,66.94262436867987,8.84378794753151,0.9,71.98999786376953,0.3779104534281572,0.5249485548579916,True
historical_bootstrap,BZ=F,2026-07-01,71.56999969482422,4,2026-07-07,71.69982726290681,76.3599670475919,66.35136998567728,10.008597061914614,0.9,74.16000366210938,2.4601763992025667,3.3173898027455824,True
historical_bootstrap,BZ=F,2026-07-01,71.56999969482422,5,2026-07-08,71.56999969482422,77.19055537085372,65.40502944684683,11.78552592400689,0.9,78.0199966430664,6.4499969482421875,8.267107441378485,False
historical_bootstrap,BZ=F,2026-07-01,71.56999969482422,6,2026-07-09,71.5785718232728,76.964927639043,65.22918324468803,11.735744394354967,0.9,76.30000305175781,4.721431228485017,6.187983013948573,True
historical_bootstrap,BZ=F,2026-07-01,71.56999969482422,7,2026-07-10,71.6947001815062,77.54879857174546,65.09513823463973,12.453660337105731,0.9,76.01000213623047,4.315301954724262,5.677281717464071,True
historical_bootstrap,BZ=F,2026-07-06,71.98999786376953,0,2026-07-06,71.98999786376953,71.98999786376953,71.98999786376953,0.0,0.9,71.98999786376953,0.0,0.0,True
historical_bootstrap,BZ=F,2026-07-06,71.98999786376953,1,2026-07-07,72.00977684440429,74.33555382113283,69.28571596395517,5.049837857177664,0.9,74.16000366210938,2.1502268177050894,2.8994427070177,True
historical_bootstrap,BZ=F,2026-07-06,71.98999786376953,2,2026-07-08,72.13440751453255,75.27908653391195,68.19205810389995,7.087028430011998,0.9,78.0199966430664,5.8855891285338515,7.543693132236119,False
historical_bootstrap,BZ=F,2026-07-06,71.98999786376953,3,2026-07-09,72.01173308965755,76.39949692812677,67.53899367103672,8.860503257090045,0.9,76.30000305175781,4.288269962100259,5.620274954892633,True
historical_bootstrap,BZ=F,2026-07-06,71.98999786376953,4,2026-07-10,72.10162419946485,77.47042587393189,66.97626267455581,10.494163199376075,0.9,76.01000213623047,3.9083779367656177,5.141925834656271,True
historical_bootstrap,BZ=F,2026-07-06,71.98999786376953,5,2026-07-13,72.00806914453091,77.64720245105919,66.24147520616393,11.40572724489526,0.9,83.30000305175781,11.291933907226905,13.555742489241867,False
historical_bootstrap,BZ=F,2026-07-06,71.98999786376953,6,2026-07-14,72.05884986148465,77.49284349309642,65.78193488024773,11.710908612848684,0.9,84.7300033569336,12.671153495448948,14.954742114278515,False
historical_bootstrap,BZ=F,2026-07-06,71.98999786376953,7,2026-07-15,71.86503425578942,77.71533533561967,65.14151135437109,12.57382398124858,0.9,84.94999694824219,13.084962692452763,15.403134976479269,False
historical_bootstrap,BZ=F,2026-07-07,74.16000366210938,0,2026-07-07,74.16000366210938,74.16000366210938,74.16000366210938,0.0,0.9,74.16000366210938,0.0,0.0,True
historical_bootstrap,BZ=F,2026-07-07,74.16000366210938,1,2026-07-08,74.18034845235755,76.52406401775228,71.23572875094186,5.288335266810421,0.9,78.0199966430664,3.839648190708857,4.9213642090691945,False
historical_bootstrap,BZ=F,2026-07-07,74.16000366210938,2,2026-07-09,74.28843007281017,77.6514609870891,70.24758200829312,7.403878978795973,0.9,76.30000305175781,2.0115729789476404,2.636399604837627,True
historical_bootstrap,BZ=F,2026-07-07,74.16000366210938,3,2026-07-10,74.19616246280283,78.44439586659023,69.36440627104908,9.07998959554115,0.9,76.01000213623047,1.813839673427637,2.3863170930803896,True
historical_bootstrap,BZ=F,2026-07-07,74.16000366210938,4,2026-07-13,74.19995609365138,79.08665047695612,68.90325882293752,10.183391654018607,0.9,83.30000305175781,9.100046958106432,10.92442571995128,False
historical_bootstrap,BZ=F,2026-07-07,74.16000366210938,5,2026-07-14,74.18670124441621,80.14769690752745,67.8204820107312,12.32721489679625,0.9,84.7300033569336,10.543302112517381,12.443410474212623,False
historical_bootstrap,BZ=F,2026-07-07,74.16000366210938,6,2026-07-15,74.17114284967914,79.82872243044656,67.58972319308668,12.238999237359877,0.9,84.94999694824219,10.778854098563045,12.688469082736187,False
historical_bootstrap,BZ=F,2026-07-07,74.16000366210938,7,2026-07-16,74.25809264132252,80.22785427355996,67.4264679999494,12.80138627361056,0.9,84.2300033569336,9.971910715611074,11.838905755890858,False
historical_bootstrap,BZ=F,2026-07-08,78.0199966430664,0,2026-07-08,78.0199966430664,78.0199966430664,78.0199966430664,0.0,0.9,78.0199966430664,0.0,0.0,True
historical_bootstrap,BZ=F,2026-07-08,78.0199966430664,1,2026-07-09,78.06448518515168,80.56202016508276,75.36270504058443,5.199315124498327,0.9,76.30000305175781,-1.7644821333938694,2.3125584047446757,True
historical_bootstrap,BZ=F,2026-07-08,78.0199966430664,2,2026-07-10,78.20026649635682,81.70791491197936,74.09991676916353,7.6079981428158305,0.9,76.01000213623047,-2.190264360126349,2.881547557650115,True
historical_bootstrap,BZ=F,2026-07-08,78.0199966430664,3,2026-07-13,78.04511229767375,82.7255275209465,73.19616913257751,9.52935838836899,0.9,83.30000305175781,5.254890754084059,6.308392030692931,False
historical_bootstrap,BZ=F,2026-07-08,78.0199966430664,4,2026-07-14,78.12620247906521,83.3096909851239,72.93002688671605,10.379664098407844,0.9,84.7300033569336,6.60380087786838,7.793934398950995,False
historical_bootstrap,BZ=F,2026-07-08,78.0199966430664,5,2026-07-15,78.15546508418474,84.14708532332111,71.45288395534378,12.694201367977328,0.9,84.94999694824219,6.794531864057447,7.998272051966262,False
historical_bootstrap,BZ=F,2026-07-08,78.0199966430664,6,2026-07-16,78.0199966430664,84.90160671386755,70.9954278048956,13.906178908971953,0.9,84.2300033569336,6.2100067138671875,7.372677747086895,True
historical_bootstrap,BZ=F,2026-07-08,78.0199966430664,7,2026-07-17,78.03184731357824,84.17562241988844,70.73189235959278,13.443730060295664,0.9,88.0999984741211,10.068151160542854,11.428094591284607,False
historical_bootstrap,BZ=F,2026-07-09,76.30000305175781,0,2026-07-09,76.30000305175781,76.30000305175781,76.30000305175781,0.0,0.9,76.30000305175781,0.0,0.0,True
historical_bootstrap,BZ=F,2026-07-09,76.30000305175781,1,2026-07-10,76.34505676064222,78.87679861957034,73.428928827093,5.447869792477334,0.9,76.01000213623047,-0.3350546244117538,0.4408033350811455,True
historical_bootstrap,BZ=F,2026-07-09,76.30000305175781,2,2026-07-13,76.44134621481689,79.78293960426629,72.3340474442528,7.448892160013486,0.9,83.30000305175781,6.8586568369409235,8.233681375352832,False
historical_bootstrap,BZ=F,2026-07-09,76.30000305175781,3,2026-07-14,76.3089561611435,80.9734966210152,71.49136949259541,9.48212712841979,0.9,84.7300033569336,8.421047195790095,9.938683892547004,False
historical_bootstrap,BZ=F,2026-07-09,76.30000305175781,4,2026-07-15,76.37795076323441,81.6504637106704,71.00557566897375,10.644888041696646,0.9,84.94999694824219,8.572046185007778,10.09069628363907,False
historical_bootstrap,BZ=F,2026-07-09,76.30000305175781,5,2026-07-16,76.26565055218924,82.29201670359858,69.8829354931684,12.409081210430173,0.9,84.2300033569336,7.964352804744351,9.455481998492342,False
historical_bootstrap,BZ=F,2026-07-09,76.30000305175781,6,2026-07-17,76.37549950642948,82.1323012983216,69.72026644050553,12.412034857816067,0.9,88.0999984741211,11.724498967691616,13.308171589963905,False
historical_bootstrap,BZ=F,2026-07-09,76.30000305175781,7,2026-07-20,76.32437127218223,82.35806761409424,69.05407870989751,13.303988904196729,0.9,89.22000122070312,12.895629948520892,14.453743299802282,False
historical_bootstrap,BZ=F,2026-07-10,76.01000213623047,0,2026-07-10,76.01000213623047,76.01000213623047,76.01000213623047,0.0,0.9,76.01000213623047,0.0,0.0,True
historical_bootstrap,BZ=F,2026-07-10,76.01000213623047,1,2026-07-13,76.0548846050585,78.58339279437023,73.10291756786344,5.480475226506783,0.9,83.30000305175781,7.245118446699308,8.697620865869128,False
historical_bootstrap,BZ=F,2026-07-10,76.01000213623047,2,2026-07-14,76.05850560791662,79.54452844395303,71.96917635955154,7.575352084401487,0.9,84.7300033569336,8.671497749016979,10.234270512757362,False
historical_bootstrap,BZ=F,2026-07-10,76.01000213623047,3,2026-07-15,76.02000032648678,80.64955268617763,71.33183911993078,9.317713566246852,0.9,84.94999694824219,8.929996621755407,10.512062322022473,False
historical_bootstrap,BZ=F,2026-07-10,76.01000213623047,4,2026-07-16,76.08687942308943,81.58268678714572,70.46762324798324,11.115063539162477,0.9,84.2300033569336,8.143123933844166,9.667723624961539,False
historical_bootstrap,BZ=F,2026-07-10,76.01000213623047,5,2026-07-17,75.99891511750359,81.98326694869034,69.61207505471188,12.371191893978462,0.9,88.0999984741211,12.101083356617508,13.735622663117454,False
historical_bootstrap,BZ=F,2026-07-10,76.01000213623047,6,2026-07-20,75.864104145229,82.08482826249553,69.18508460704875,12.899743655446784,0.9,89.22000122070312,13.355897075474118,14.969622161779277,False
historical_bootstrap,BZ=F,2026-07-10,76.01000213623047,7,2026-07-21,75.98750776166989,82.35970895954546,68.90965804508353,13.450050914461926,0.9,91.01000213623047,15.02249437456058,16.5064212965008,False
historical_bootstrap,BZ=F,2026-07-13,83.30000305175781,0,2026-07-13,83.30000305175781,83.30000305175781,83.30000305175781,0.0,0.9,83.30000305175781,0.0,0.0,True
historical_bootstrap,BZ=F,2026-07-13,83.30000305175781,1,2026-07-14,83.45127578534505,86.11320187321702,80.22727879066454,5.88592308255248,0.9,84.7300033569336,1.278727571588547,1.5091791820210128,True
historical_bootstrap,BZ=F,2026-07-13,83.30000305175781,2,2026-07-15,83.34597716251024,87.34263616953764,78.8516293552064,8.491006814331243,0.9,84.94999694824219,1.6040197857319498,1.8881928703414046,True
historical_bootstrap,BZ=F,2026-07-13,83.30000305175781,3,2026-07-16,83.31096015286893,88.51352167252543,78.05021046811538,10.463311204410047,0.9,84.2300033569336,0.9190432040646641,1.0911114418102548,True
historical_bootstrap,BZ=F,2026-07-13,83.30000305175781,4,2026-07-17,83.30000305175781,89.40715520780884,77.3953800808577,12.011775126951136,0.9,88.0999984741211,4.799995422363281,5.448349041428479,True
historical_bootstrap,BZ=F,2026-07-13,83.30000305175781,5,2026-07-20,83.43568600695302,89.84939047980937,76.34625249749105,13.503137982318322,0.9,89.22000122070312,5.784315213750105,6.48320458934031,True
historical_bootstrap,BZ=F,2026-07-13,83.30000305175781,6,2026-07-21,83.31251511099103,89.66737451055008,75.94966963500084,13.71770487554923,0.9,91.01000213623047,7.69748702523944,8.457847318492833,False
historical_bootstrap,BZ=F,2026-07-13,83.30000305175781,7,2026-07-22,83.31963130275918,89.92482098521522,75.76394071149095,14.160880273724274,0.9,94.06999969482422,10.750368392065042,11.428051904901338,False
historical_bootstrap,BZ=F,2026-07-14,84.7300033569336,0,2026-07-14,84.7300033569336,84.7300033569336,84.7300033569336,0.0,0.9,84.7300033569336,0.0,0.0,True
historical_bootstrap,BZ=F,2026-07-14,84.7300033569336,1,2026-07-15,84.77831807729274,87.68109928976462,81.4948527945944,6.186246495170224,0.9,84.94999694824219,0.17167887094944945,0.20209402838948765,True
historical_bootstrap,BZ=F,2026-07-14,84.7300033569336,2,2026-07-16,84.82213863251054,88.67001674335282,80.32586943167803,8.344147311674789,0.9,84.2300033569336,-0.5921352755769504,0.7029980434260631,True
historical_bootstrap,BZ=F,2026-07-14,84.7300033569336,3,2026-07-17,84.81641178394673,89.84022719996894,79.45120948939515,10.389017710573782,0.9,88.0999984741211,3.28358669017436,3.727113220256066,True
historical_bootstrap,BZ=F,2026-07-14,84.7300033569336,4,2026-07-20,84.8097229325085,90.94199619878246,78.8506215486258,12.091374650156666,0.9,89.22000122070312,4.410278288194618,4.943149773429091,True
historical_bootstrap,BZ=F,2026-07-14,84.7300033569336,5,2026-07-21,84.69847133049413,91.38835837701545,77.98816344749257,13.400194929522883,0.9,91.01000213623047,6.311530805736339,6.934985889011161,True
historical_bootstrap,BZ=F,2026-07-14,84.7300033569336,6,2026-07-22,84.65812896746775,91.5017442279404,76.85164272298562,14.65010150495479,0.9,94.06999969482422,9.411870727356472,10.005177801519988,False
historical_bootstrap,BZ=F,2026-07-14,84.7300033569336,7,2026-07-23,84.79993860483997,91.45680558879098,76.67164090460032,14.785164684190661,0.9,100.69000244140625,15.890063836566284,15.781173355133312,False
historical_bootstrap,BZ=F,2026-07-15,84.94999694824219,0,2026-07-15,84.94999694824219,84.94999694824219,84.94999694824219,0.0,0.9,84.94999694824219,0.0,0.0,True
historical_bootstrap,BZ=F,2026-07-15,84.94999694824219,1,2026-07-16,85.02532487308942,87.76531115592495,81.81640862843773,5.9489025274872205,0.9,84.2300033569336,-0.7953215161558234,0.9442259105529937,True
historical_bootstrap,BZ=F,2026-07-15,84.94999694824219,2,2026-07-17,85.00891995157146,88.9988904773424,80.46833309792416,8.53055737941824,0.9,88.0999984741211,3.091078522549637,3.5086022430041526,True
historical_bootstrap,BZ=F,2026-07-15,84.94999694824219,3,2026-07-20,84.9914167143813,90.15656092970644,79.56714036637383,10.58942056333261,0.9,89.22000122070312,4.228584506321823,4.739502856384851,True
historical_bootstrap,BZ=F,2026-07-15,84.94999694824219,4,2026-07-21,85.00440972022716,90.70953985453954,78.7562795045603,11.953260349979246,0.9,91.01000213623047,6.00559241600331,6.598826804787564,False
historical_bootstrap,BZ=F,2026-07-15,84.94999694824219,5,2026-07-22,84.92939111752365,91.38083481549378,78.25963795873761,13.121196856756171,0.9,94.06999969482422,9.140608577300569,9.71681578287864,False
historical_bootstrap,BZ=F,2026-07-15,84.94999694824219,6,2026-07-23,84.95994405033149,91.84204220720214,77.32235970338493,14.519682503817208,0.9,100.69000244140625,15.730058391074763,15.62226438541248,False
historical_bootstrap,BZ=F,2026-07-15,84.94999694824219,7,2026-07-24,84.96290023543945,91.9360502053619,77.2689704788435,14.667079726518395,0.9,96.77999877929688,11.817098543857426,12.210269366510195,False
historical_bootstrap,BZ=F,2026-07-16,84.2300033569336,0,2026-07-16,84.2300033569336,84.2300033569336,84.2300033569336,0.0,0.9,84.2300033569336,0.0,0.0,True
historical_bootstrap,BZ=F,2026-07-16,84.2300033569336,1,2026-07-17,84.2597024310579,87.07461004954081,81.06578149017803,6.008828559362783,0.9,88.0999984741211,3.8402960430631907,4.359019420631724,False
historical_bootstrap,BZ=F,2026-07-16,84.2300033569336,2,2026-07-20,84.3860365761049,88.48955864711704,79.78632384289041,8.703234804226625,0.9,89.22000122070312,4.833964644598225,5.418027996480821,False
historical_bootstrap,BZ=F,2026-07-16,84.2300033569336,3,2026-07-21,84.33573862461743,89.5939131273264,78.85709810107971,10.736815026246688,0.9,91.01000213623047,6.674263511613034,7.333549450556551,False
historical_bootstrap,BZ=F,2026-07-16,84.2300033569336,4,2026-07-22,84.26910370880482,90.64223399162466,77.91489389776785,12.72734009385681,0.9,94.06999969482422,9.800895986019398,10.418726499218485,False
historical_bootstrap,BZ=F,2026-07-16,84.2300033569336,5,2026-07-23,84.2177173472199,90.60638320029842,77.26642776566112,13.339955434637304,0.9,100.69000244140625,16.472285094186347,16.359404801655394,False
historical_bootstrap,BZ=F,2026-07-16,84.2300033569336,6,2026-07-24,84.38372018415241,91.06363509504924,76.76756108841288,14.29607400663636,0.9,96.77999877929688,12.396278595144466,12.808719520046399,False
historical_bootstrap,BZ=F,2026-07-16,84.2300033569336,7,2026-07-27,84.29952591013245,91.30652437747098,76.35526167691539,14.951262700555588,0.9,88.36000061035156,4.0604747002191175,4.595376496345819,True
historical_bootstrap,BZ=F,2026-07-17,88.0999984741211,0,2026-07-17,88.0999984741211,88.0999984741211,88.0999984741211,0.0,0.9,88.0999984741211,0.0,0.0,True
historical_bootstrap,BZ=F,2026-07-17,88.0999984741211,1,2026-07-20,88.16508814261549,91.07530222919972,84.85021464703635,6.225087582163368,0.9,89.22000122070312,1.0549130780876368,1.1823728577161785,True
historical_bootstrap,BZ=F,2026-07-17,88.0999984741211,2,2026-07-21,88.27023578956214,92.62356501064917,83.4164471683132,9.207117842335975,0.9,91.01000213623047,2.7397663466683326,3.010401365079905,True
historical_bootstrap,BZ=F,2026-07-17,88.0999984741211,3,2026-07-22,88.12659763267632,93.61393563747318,82.48023204912832,11.133703588344858,0.9,94.06999969482422,5.9434020621478965,6.3180632310291225,False
historical_bootstrap,BZ=F,2026-07-17,88.0999984741211,4,2026-07-23,88.0999984741211,94.80426026449295,81.85462693042408,12.949633334068878,0.9,100.69000244140625,12.590003967285156,12.503727939237622,False
historical_bootstrap,BZ=F,2026-07-17,88.0999984741211,5,2026-07-24,88.06515513071494,94.78404352576361,80.69051460114457,14.093528924619037,0.9,96.77999877929688,8.714843648581933,9.00479826255816,False
historical_bootstrap,BZ=F,2026-07-17,88.0999984741211,6,2026-07-27,88.11323151564535,95.2469232378726,80.45828786332702,14.788635374545578,0.9,88.36000061035156,0.24676909470620956,0.2792769273445433,True
historical_bootstrap,BZ=F,2026-07-17,88.0999984741211,7,2026-07-28,88.20082861653434,95.59597495652764,79.72112804302037,15.87484691350727,0.9,84.08999633789062,-4.110832278643713,4.888610367070961,True
historical_bootstrap,BZ=F,2026-07-20,89.22000122070312,0,2026-07-20,89.22000122070312,89.22000122070312,89.22000122070312,0.0,0.9,89.22000122070312,0.0,0.0,True
historical_bootstrap,BZ=F,2026-07-20,89.22000122070312,1,2026-07-21,89.34450392133398,92.2679139864059,85.9289033541726,6.339010632233297,0.9,91.01000213623047,1.6654982148964876,1.8300166748743147,True
historical_bootstrap,BZ=F,2026-07-20,89.22000122070312,2,2026-07-22,89.39016188265326,93.5532028969591,84.51306692334492,9.040135973614184,0.9,94.06999969482422,4.679837812170959,4.97484620745507,False
historical_bootstrap,BZ=F,2026-07-20,89.22000122070312,3,2026-07-23,89.34844729183398,94.90168253602025,83.66147441029342,11.240208125726824,0.9,100.69000244140625,11.341555149572272,11.263834417098337,False
historical_bootstrap,BZ=F,2026-07-20,89.22000122070312,4,2026-07-24,89.22000122070312,95.7611789260549,82.71495710371893,13.046221822335966,0.9,96.77999877929688,7.55999755859375,7.8115288840145976,False
historical_bootstrap,BZ=F,2026-07-20,89.22000122070312,5,2026-07-27,89.31559568118657,96.24027481348507,81.71632163339947,14.523953180085599,0.9,88.36000061035156,-0.9555950708350025,1.081479248793772,True
historical_bootstrap,BZ=F,2026-07-20,89.22000122070312,6,2026-07-28,89.24666664139811,96.45778382218056,81.18703445214828,15.270749370032277,0.9,84.08999633789062,-5.156670303507482,6.132323139588373,True
historical_bootstrap,BZ=F,2026-07-20,89.22000122070312,7,2026-07-29,89.32211320237172,97.15545921039646,81.1190569066387,16.036402303757754,0.9,90.73999786376953,1.4178846613978067,1.5625795622416876,True
historical_bootstrap,BZ=F,2026-07-21,91.01000213623047,0,2026-07-21,91.01000213623047,91.01000213623047,91.01000213623047,0.0,0.9,91.01000213623047,0.0,0.0,True
historical_bootstrap,BZ=F,2026-07-21,91.01000213623047,1,2026-07-22,91.08602020384282,94.05744336934033,87.65740999429217,6.400033375048167,0.9,94.06999969482422,2.9839794909813975,3.1720840870222493,False
historical_bootstrap,BZ=F,2026-07-21,91.01000213623047,2,2026-07-23,91.10896627283928,95.61380503440017,86.38831348204005,9.225491552360126,0.9,100.69000244140625,9.581036168566968,9.515379815530729,False
historical_bootstrap,BZ=F,2026-07-21,91.01000213623047,3,2026-07-24,91.16393378799297,96.70491897482151,85.2431533238245,11.461765650997009,0.9,96.77999877929688,5.616064991303901,5.802919055734981,False
historical_bootstrap,BZ=F,2026-07-21,91.01000213623047,4,2026-07-27,91.06278179807234,97.39198662536782,84.18656508929496,13.205421536072862,0.9,88.36000061035156,-2.702781187720774,3.0588288468211458,True
historical_bootstrap,BZ=F,2026-07-21,91.01000213623047,5,2026-07-28,90.97613302635298,98.42959348085468,83.227224529908,15.202368950946678,0.9,84.08999633789062,-6.886136688462358,8.189008191643232,True
historical_bootstrap,BZ=F,2026-07-21,91.01000213623047,6,2026-07-29,91.01000213623047,98.59611253316643,82.94687902413028,15.64923350903615,0.9,90.73999786376953,-0.2700042724609375,0.29755816488590003,True
historical_bootstrap,BZ=F,2026-07-21,91.01000213623047,7,2026-07-30,90.91585890366257,98.93940449973682,82.50139203819082,16.43801246154601,0.9,89.02999877929688,-1.885860124365692,2.118229978909347,True
historical_bootstrap,BZ=F,2026-07-22,94.06999969482422,0,2026-07-22,94.06999969482422,94.06999969482422,94.06999969482422,0.0,0.9,94.06999969482422,0.0,0.0,True
historical_bootstrap,BZ=F,2026-07-22,94.06999969482422,1,2026-07-23,94.18592348464496,97.34640217921164,90.86414426460338,6.482257914608255,0.9,100.69000244140625,6.50407895676129,6.459508192529998,False
historical_bootstrap,BZ=F,2026-07-22,94.06999969482422,2,2026-07-24,94.24111312644256,98.51658371633236,89.33641177185989,9.180171944472477,0.9,96.77999877929688,2.5388856528543187,2.6233578062386127,True
historical_bootstrap,BZ=F,2026-07-22,94.06999969482422,3,2026-07-27,94.20933978048704,99.9563947359583,88.13984272642271,11.816552009535584,0.9,88.36000061035156,-5.8493391701354795,6.61989489557588,True
historical_bootstrap,BZ=F,2026-07-22,94.06999969482422,4,2026-07-28,94.15930302157211,100.966755762156,87.19951364461772,13.767242117538274,0.9,84.08999633789062,-10.06930668368149,11.974440625756454,False
historical_bootstrap,BZ=F,2026-07-22,94.06999969482422,5,2026-07-29,94.02821282985134,101.66793541607971,85.96968483188196,15.698250584197751,0.9,90.73999786376953,-3.28821496608181,3.6237767726405483,True
historical_bootstrap,BZ=F,2026-07-22,94.06999969482422,6,2026-07-30,94.08101469098808,101.70195635989732,85.73577300664968,15.966183353247644,0.9,89.02999877929688,-5.051015911691209,5.673386477531635,True
historical_bootstrap,BZ=F,2026-07-22,94.06999969482422,7,2026-07-31,94.17766248290961,102.43682911037372,85.56435892272972,16.872470187643998,0.9,90.12000274658203,-4.0576597363275795,4.50250733761931,True
historical_bootstrap,BZ=F,2026-07-23,100.69000244140625,0,2026-07-23,100.69000244140625,100.69000244140625,100.69000244140625,0.0,0.9,100.69000244140625,0.0,0.0,True
historical_bootstrap,BZ=F,2026-07-23,100.69000244140625,1,2026-07-24,100.76439380341672,104.07546727398912,97.25854084745566,6.816926426533456,0.9,96.77999877929688,-3.9843950241198485,4.116961225848029,False
historical_bootstrap,BZ=F,2026-07-23,100.69000244140625,2,2026-07-27,100.75984302483434,105.57631801389454,95.37795111425878,10.198366899635758,0.9,88.36000061035156,-12.399842414482777,14.033320879164988,False
historical_bootstrap,BZ=F,2026-07-23,100.69000244140625,3,2026-07-28,100.7410500874837,107.17168476015394,94.4670397693207,12.70464499083323,0.9,84.08999633789062,-16.651053749593075,19.80146803989118,False
historical_bootstrap,BZ=F,2026-07-23,100.69000244140625,4,2026-07-29,100.78559032508268,108.07210499812209,93.3670908339119,14.705014164210183,0.9,90.73999786376953,-10.045592461313149,11.070743550594827,False
historical_bootstrap,BZ=F,2026-07-23,100.69000244140625,5,2026-07-30,100.74389182322616,108.92503364461011,92.28787331153015,16.63716033307996,0.9,89.02999877929688,-11.71389304392929,13.157242732270205,False
historical_bootstrap,BZ=F,2026-07-23,100.69000244140625,6,2026-07-31,100.78630342798427,109.94793274308078,91.32765002741233,18.620282715668452,0.9,90.12000274658203,-10.666300681402234,11.835663955088787,False
historical_bootstrap,BZ=F,2026-07-23,100.69000244140625,7,2026-08-03,100.5152200220983,109.46279141624031,91.28421841589004,18.17857300035027,0.9,83.7699966430664,-16.7452233790319,19.989523755600974,False
historical_bootstrap,BZ=F,2026-07-24,96.77999877929688,0,2026-07-24,96.77999877929688,96.77999877929688,96.77999877929688,0.0,0.9,96.77999877929688,0.0,0.0,True
historical_bootstrap,BZ=F,2026-07-24,96.77999877929688,1,2026-07-27,96.92293728154833,100.08617440929306,93.20675473432766,6.879419674965405,0.9,88.36000061035156,-8.562936671196766,9.690964929886613,False
historical_bootstrap,BZ=F,2026-07-24,96.77999877929688,2,2026-07-28,97.00361473587282,101.77560523124514,91.63787591128951,10.137729319955625,0.9,84.08999633789062,-12.91361839798219,15.356902081542087,False
historical_bootstrap,BZ=F,2026-07-24,96.77999877929688,3,2026-07-29,96.91932864297283,102.78185866322161,90.75047389064096,12.031384772580651,0.9,90.73999786376953,-6.179330779203298,6.809930487854428,False
historical_bootstrap,BZ=F,2026-07-24,96.77999877929688,4,2026-07-30,96.87187478526782,103.56659845593092,89.9087334248188,13.65786503111211,0.9,89.02999877929688,-7.841876005970946,8.808127724915238,False
historical_bootstrap,BZ=F,2026-07-24,96.77999877929688,5,2026-07-31,96.79127959458317,104.64970347975674,88.44632741658074,16.203376063175995,0.9,90.12000274658203,-6.671276848001142,7.402659392677574,True
historical_bootstrap,BZ=F,2026-07-24,96.77999877929688,6,2026-08-03,96.81412291847465,105.49831509847614,88.43416816677214,17.064146931704002,0.9,83.7699966430664,-13.044126275408246,15.571358240573478,False
historical_bootstrap,BZ=F,2026-07-24,96.77999877929688,7,2026-08-04,96.89076315192665,105.38786253235713,87.52775569193024,17.860106840426894,0.9,79.36000061035156,-17.530762541575086,22.09017440366351,False
historical_bootstrap,BZ=F,2026-07-27,88.36000061035156,0,2026-07-27,88.36000061035156,88.36000061035156,88.36000061035156,0.0,0.9,88.36000061035156,0.0,0.0,True
historical_bootstrap,BZ=F,2026-07-27,88.36000061035156,1,2026-07-28,88.45797578812352,91.3814838850652,85.03768026338042,6.343803621684771,0.9,84.08999633789062,-4.367979450232895,5.1944103228182685,False
historical_bootstrap,BZ=F,2026-07-27,88.36000061035156,2,2026-07-29,88.4560831393693,92.71287265657853,83.64141371788614,9.071458938692388,0.9,90.73999786376953,2.2839147244002334,2.5169878533930956,True
historical_bootstrap,BZ=F,2026-07-27,88.36000061035156,3,2026-07-30,88.52225681553612,93.9869156251515,82.7913132285919,11.195602396559593,0.9,89.02999877929688,0.5077419637607505,0.5703043588930401,True
historical_bootstrap,BZ=F,2026-07-27,88.36000061035156,4,2026-07-31,88.48028192459732,94.81701540304428,81.91765927115742,12.899356131886861,0.9,90.12000274658203,1.6397208219847101,1.8194859875843707,True
historical_bootstrap,BZ=F,2026-07-27,88.36000061035156,5,2026-08-03,88.55310623985879,95.78915693053261,80.98675483576604,14.802402094766578,0.9,83.7699966430664,-4.783109596792386,5.709812329553532,True
historical_bootstrap,BZ=F,2026-07-27,88.36000061035156,6,2026-08-04,88.37204657336085,96.53833793149819,80.69573765996982,15.842600271528369,0.9,79.36000061035156,-9.012045963009285,11.355904603954567,False
historical_bootstrap,BZ=F,2026-07-27,88.36000061035156,7,2026-08-05,88.46912320951834,96.95686802486271,80.1060025759481,16.850865448914618,0.9,79.44999694824219,-9.019126261276156,11.351952936073339,False
historical_bootstrap,BZ=F,2026-07-28,84.08999633789062,0,2026-07-28,84.08999633789062,84.08999633789062,84.08999633789062,0.0,0.9,84.08999633789062,0.0,0.0,True
historical_bootstrap,BZ=F,2026-07-28,84.08999633789062,1,2026-07-29,84.12015290926182,86.93694285725913,80.87388367064206,6.0630591866170676,0.9,90.73999786376953,6.6198449545077125,7.29539906364806,False
historical_bootstrap,BZ=F,2026-07-28,84.08999633789062,2,2026-07-30,84.14635281027772,88.43056808358624,79.59943554379132,8.831132539794922,0.9,89.02999877929688,4.883645969019156,5.485393727933874,False
historical_bootstrap,BZ=F,2026-07-28,84.08999633789062,3,2026-07-31,84.24216937069804,89.55334675037271,78.76163369495275,10.791713055419962,0.9,90.12000274658203,5.877833375883995,6.522229468204185,False
historical_bootstrap,BZ=F,2026-07-28,84.08999633789062,4,2026-08-03,84.21867072991779,90.6284857190846,77.91596322717635,12.712522491908246,0.9,83.7699966430664,-0.44867408685138344,0.5356023693818781,True
historical_bootstrap,BZ=F,2026-07-28,84.08999633789062,5,2026-08-04,84.08999633789062,90.96737966224599,77.3752684094208,13.592111252825191,0.9,79.36000061035156,-4.7299957275390625,5.96017602212832,True
historical_bootstrap,BZ=F,2026-07-28,84.08999633789062,6,2026-08-05,84.08999633789062,91.36294710828344,76.27114480230817,15.091802305975264,0.9,79.44999694824219,-4.6399993896484375,5.840150494494257,True
historical_bootstrap,BZ=F,2026-07-28,84.08999633789062,7,2026-08-06,84.13298262338841,91.41648134017444,76.23487343508893,15.181607905085514,0.9,82.48999786376953,-1.6429847596188836,1.9917381527057836,True
historical_bootstrap,BZ=F,2026-07-29,90.73999786376953,0,2026-07-29,90.73999786376953,90.73999786376953,90.73999786376953,0.0,0.9,90.73999786376953,0.0,0.0,True
historical_bootstrap,BZ=F,2026-07-29,90.73999786376953,1,2026-07-30,90.7722658024722,93.90041835275271,87.2756810475175,6.6247373052352145,0.9,89.02999877929688,-1.74226702317533,1.9569437796965115,True
historical_bootstrap,BZ=F,2026-07-29,90.73999786376953,2,2026-07-31,90.8971366401609,95.3562756509878,85.915010293953,9.441265357034794,0.9,90.12000274658203,-0.7771338935788634,0.8623323012585435,True
historical_bootstrap,BZ=F,2026-07-29,90.73999786376953,3,2026-08-03,90.86587598945061,96.63540072198404,85.02131658678373,11.614084135200315,0.9,83.7699966430664,-7.0958793463842085,8.470669250016654,False
historical_bootstrap,BZ=F,2026-07-29,90.73999786376953,4,2026-08-04,90.79635939953816,97.79828250808453,84.30799959081708,13.49028291726745,0.9,79.36000061035156,-11.436358789186599,14.410734250542411,False
historical_bootstrap,BZ=F,2026-07-29,90.73999786376953,5,2026-08-05,90.71798758592902,98.06636309392314,82.98314575081193,15.083217343111215,0.9,79.44999694824219,-11.267990637686836,14.182493480808292,False
historical_bootstrap,BZ=F,2026-07-29,90.73999786376953,6,2026-08-06,90.79938744475623,99.08585339933755,82.7007960530488,16.385057346288747,0.9,82.48999786376953,-8.309389580986704,10.073208626710699,False
historical_bootstrap,BZ=F,2026-07-29,90.73999786376953,7,2026-08-07,90.83863619469881,98.86958076879387,82.53241583794312,16.337164930850747,0.9,83.55000305175781,-7.288633142940995,8.72367788954575,True
historical_bootstrap,BZ=F,2026-07-30,89.02999877929688,0,2026-07-30,89.02999877929688,89.02999877929688,89.02999877929688,0.0,0.9,89.02999877929688,0.0,0.0,True
historical_bootstrap,BZ=F,2026-07-30,89.02999877929688,1,2026-07-31,89.06192694708483,92.0367104055235,85.63096715946956,6.40574324605393,0.9,90.12000274658203,1.0580757994972032,1.1740743089772405,True
historical_bootstrap,BZ=F,2026-07-30,89.02999877929688,2,2026-08-03,89.14812779539734,93.62556441195468,84.29700701697197,9.32855739498271,0.9,83.7699966430664,-5.378131152330937,6.420116232362391,False
historical_bootstrap,BZ=F,2026-07-30,89.02999877929688,3,2026-08-04,89.08235408566956,94.76109575947326,83.48330937810204,11.277786381371229,0.9,79.36000061035156,-9.722353475318002,12.250949345443725,False
historical_bootstrap,BZ=F,2026-07-30,89.02999877929688,4,2026-08-05,89.12095139240363,95.95526975198003,82.7192117849097,13.236057967070323,0.9,79.44999694824219,-9.670954444161438,12.17237862257137,False
historical_bootstrap,BZ=F,2026-07-30,89.02999877929688,5,2026-08-06,89.040376243482,96.27044216028419,81.54229898824532,14.72814317203887,0.9,82.48999786376953,-6.55037837971247,7.940815310154668,True
historical_bootstrap,BZ=F,2026-07-30,89.02999877929688,6,2026-08-07,88.9640468970497,97.27034912661298,81.14229606555499,16.128053061057997,0.9,83.55000305175781,-5.414043845291886,6.48000436569461,True
historical_bootstrap,BZ=F,2026-07-30,89.02999877929688,7,2026-08-10,89.13189330383089,96.7868899579917,80.71341401411784,16.07347594387386,0.9,87.72000122070312,-1.4118920831277677,1.6095440760146067,True
historical_bootstrap,BZ=F,2026-07-31,90.12000274658203,0,2026-07-31,90.12000274658203,90.12000274658203,90.12000274658203,0.0,0.9,90.12000274658203,0.0,0.0,True
historical_bootstrap,BZ=F,2026-07-31,90.12000274658203,1,2026-08-03,90.17321690393472,93.2981368682862,86.7315066315312,6.566630236755003,0.9,83.7699966430664,-6.403220260868309,7.643811051051654,False
historical_bootstrap,BZ=F,2026-07-31,90.12000274658203,2,2026-08-04,90.14182823232574,94.77883475658062,85.32906445085493,9.449770305725693,0.9,79.36000061035156,-10.781827621974173,13.585972201426385,False
historical_bootstrap,BZ=F,2026-07-31,90.12000274658203,3,2026-08-05,90.09846458992484,95.78457182302823,84.0440787724637,11.740493050564524,0.9,79.44999694824219,-10.648467641682657,13.402728824042143,False
historical_bootstrap,BZ=F,2026-07-31,90.12000274658203,4,2026-08-06,90.16183729101503,96.97798346652033,83.50323612598051,13.474747340539821,0.9,82.48999786376953,-7.6718394272455015,9.300326858918558,False
historical_bootstrap,BZ=F,2026-07-31,90.12000274658203,5,2026-08-07,90.07942807775311,97.39630944933468,82.35981990332961,15.036489546005072,0.9,83.55000305175781,-6.529425025995295,7.81499076900144,True
historical_bootstrap,BZ=F,2026-07-31,90.12000274658203,6,2026-08-10,90.02281316582123,98.40607568316861,81.97742965325587,16.42864602991274,0.9,87.72000122070312,-2.3028119451181084,2.6251845794258983,True
historical_bootstrap,BZ=F,2026-07-31,90.12000274658203,7,2026-08-11,90.193570926995,98.88810720172145,81.50446045517322,17.383646746548237,0.9,88.91000366210938,-1.283567264885619,1.443670241836504,True
historical_bootstrap,BZ=F,2026-08-03,83.7699966430664,0,2026-08-03,83.7699966430664,83.7699966430664,83.7699966430664,0.0,0.9,83.7699966430664,0.0,0.0,True
historical_bootstrap,BZ=F,2026-08-03,83.7699966430664,1,2026-08-04,83.82997406908072,86.68765610951552,80.6799355193361,6.007720590179417,0.9,79.36000061035156,-4.469973458729157,5.632526996409956,False
historical_bootstrap,BZ=F,2026-08-03,83.7699966430664,2,2026-08-05,83.85475776269885,88.22422996035125,79.24488237212864,8.979347588222609,0.9,79.44999694824219,-4.404760814456665,5.54406668804047,True
historical_bootstrap,BZ=F,2026-08-03,83.7699966430664,3,2026-08-06,83.7798262880623,89.08097992045013,78.42643452376912,10.654545396681016,0.9,82.48999786376953,-1.2898284242927645,1.5636179630200604,True
historical_bootstrap,BZ=F,2026-08-03,83.7699966430664,4,2026-08-07,83.92541763761412,90.28360417507838,77.61945846394096,12.664145711137422,0.9,83.55000305175781,-0.37541458585630494,0.4493292305731479,True
historical_bootstrap,BZ=F,2026-08-03,83.7699966430664,5,2026-08-10,83.73882188035743,90.58178776369692,77.08082122953907,13.500966534157854,0.9,87.72000122070312,3.9811793403456903,4.538508076771524,True
historical_bootstrap,BZ=F,2026-08-03,83.7699966430664,6,2026-08-11,83.6879778792189,91.52349692833074,75.4518715751499,16.07162535318085,0.9,88.91000366210938,5.222025782890469,5.87338383511498,True
historical_bootstrap,BZ=F,2026-08-03,83.7699966430664,7,2026-08-12,83.87345069130929,91.9202857951708,76.3754046264704,15.5448811687004,0.9,88.9800033569336,5.1065526656243065,5.738989068296532,True
historical_bootstrap,BZ=F,2026-08-04,79.36000061035156,0,2026-08-04,79.36000061035156,79.36000061035156,79.36000061035156,0.0,0.9,79.36000061035156,0.0,0.0,True
historical_bootstrap,BZ=F,2026-08-04,79.36000061035156,1,2026-08-05,79.36000061035156,82.04013808945017,76.37886684749257,5.661271241957593,0.9,79.44999694824219,0.089996337890625,0.11327418671803503,True
historical_bootstrap,BZ=F,2026-08-04,79.36000061035156,2,2026-08-06,79.45644142617627,83.45641863139105,74.90722319432564,8.549195437065407,0.9,82.48999786376953,3.033556437593262,3.6774839570284823,True
historical_bootstrap,BZ=F,2026-08-04,79.36000061035156,3,2026-08-07,79.43789034655367,84.46861417972012,74.33135414809472,10.137260031625402,0.9,83.55000305175781,4.11211270520414,4.921738545786475,True
historical_bootstrap,BZ=F,2026-08-04,79.36000061035156,4,2026-08-10,79.41083283840413,85.53070513978581,73.35628341070885,12.174421729076954,0.9,87.72000122070312,8.309168382298992,9.472376044994759,False
historical_bootstrap,BZ=F,2026-08-04,79.36000061035156,5,2026-08-11,79.28559600206503,85.60062950441737,72.26586346136101,13.334766043056362,0.9,88.91000366210938,9.62440766004434,10.824887260853817,False
historical_bootstrap,BZ=F,2026-08-04,79.36000061035156,6,2026-08-12,79.27441511375336,86.65674642996782,71.81805223427601,14.838694195691815,0.9,88.9800033569336,9.70558824318023,10.907606065429466,False
historical_bootstrap,BZ=F,2026-08-04,79.36000061035156,7,2026-08-13,79.29892245756241,86.02390201782072,72.15431873507049,13.869583282750227,0.9,87.06999969482422,7.771077237261807,8.92509160962332,False
historical_bootstrap,BZ=F,2026-08-05,79.44999694824219,0,2026-08-05,79.44999694824219,79.44999694824219,79.44999694824219,0.0,0.9,79.44999694824219,0.0,0.0,True
historical_bootstrap,BZ=F,2026-08-05,79.44999694824219,1,2026-08-06,79.4969106689526,82.13985189087721,76.27727365165579,5.8625782392214205,0.9,82.48999786376953,2.993087194816937,3.6284243815352695,False
historical_bootstrap,BZ=F,2026-08-05,79.44999694824219,2,2026-08-07,79.52438315942891,83.55106041557107,74.81034900348266,8.740711412088416,0.9,83.55000305175781,4.025619892328905,4.818216331883437,True
historical_bootstrap,BZ=F,2026-08-05,79.44999694824219,3,2026-08-10,79.48507501303355,84.56677789497697,74.38200111341065,10.184776781566313,0.9,87.72000122070312,8.234926207669574,9.387740644178216,False
historical_bootstrap,BZ=F,2026-08-05,79.44999694824219,4,2026-08-11,79.56952340293051,85.8700727236007,73.49057672561001,12.379495997990688,0.9,88.91000366210938,9.340480259178861,10.50554479187304,False
historical_bootstrap,BZ=F,2026-08-05,79.44999694824219,5,2026-08-12,79.4204298609634,86.15294143927565,72.56158386651772,13.591357572757929,0.9,88.9800033569336,9.559573495970199,10.743507681858597,False
historical_bootstrap,BZ=F,2026-08-05,79.44999694824219,6,2026-08-13,79.45972573421245,86.10485732925837,72.06258158738706,14.042275741871308,0.9,87.06999969482422,7.610273960611764,8.740408851826547,False
historical_bootstrap,BZ=F,2026-08-05,79.44999694824219,7,2026-08-14,79.51413550810082,86.53588062112586,71.90492953248496,14.630951088640899,0.9,88.5199966430664,9.005861134965585,10.173815495361291,False
historical_bootstrap,BZ=F,2026-08-06,82.48999786376953,0,2026-08-06,82.48999786376953,82.48999786376953,82.48999786376953,0.0,0.9,82.48999786376953,0.0,0.0,True
historical_bootstrap,BZ=F,2026-08-06,82.48999786376953,1,2026-08-07,82.57883285879288,85.39905544166773,79.33507886502254,6.063976576645189,0.9,83.55000305175781,0.9711701929649337,1.1623819958011374,True
historical_bootstrap,BZ=F,2026-08-06,82.48999786376953,2,2026-08-10,82.68376986226055,86.7255143268536,78.05504319283253,8.67047113402107,0.9,87.72000122070312,5.036231358442578,5.741257738667197,False
historical_bootstrap,BZ=F,2026-08-06,82.48999786376953,3,2026-08-11,82.53021818799645,87.74310112705858,77.13957460553199,10.60352652152659,0.9,88.91000366210938,6.379785474112921,7.1755541686382625,False
historical_bootstrap,BZ=F,2026-08-06,82.48999786376953,4,2026-08-12,82.53443793698702,88.8157073176586,76.48996917356607,12.32573814409254,0.9,88.9800033569336,6.4455654199465755,7.243835892083407,False
historical_bootstrap,BZ=F,2026-08-06,82.48999786376953,5,2026-08-13,82.45285844695844,89.15025647532357,75.11606447459579,14.034192000727785,0.9,87.06999969482422,4.617141247865774,5.302792309691756,True
historical_bootstrap,BZ=F,2026-08-06,82.48999786376953,6,2026-08-14,82.37794267553804,90.07453090867104,74.819917300611,15.25461360806004,0.9,88.5199966430664,6.142053967528369,6.938606191202859,True
historical_bootstrap,BZ=F,2026-08-06,82.48999786376953,7,2026-08-17,82.59187114251533,89.67708025771903,74.65623299385683,15.020847263862194,0.9,90.87000274658203,8.2781316040667,9.10986172978637,False
historical_bootstrap,BZ=F,2026-08-07,83.55000305175781,0,2026-08-07,83.55000305175781,83.55000305175781,83.55000305175781,0.0,0.9,83.55000305175781,0.0,0.0,True
historical_bootstrap,BZ=F,2026-08-07,83.55000305175781,1,2026-08-10,83.61173111186604,86.40421866924054,80.21291435701139,6.19130431222915,0.9,87.72000122070312,4.10827010883709,4.683390391777014,False
historical_bootstrap,BZ=F,2026-08-07,83.55000305175781,2,2026-08-11,83.70477659346948,87.86270133208622,79.1108174066508,8.751883925435422,0.9,88.91000366210938,5.2052270686399,5.854489769702037,False
historical_bootstrap,BZ=F,2026-08-07,83.55000305175781,3,2026-08-12,83.59398196882867,89.36392256750128,78.22047399284148,11.1434485746598,0.9,88.9800033569336,5.386021388104922,6.053069436848056,True
historical_bootstrap,BZ=F,2026-08-07,83.55000305175781,4,2026-08-13,83.55000305175781,90.11904650378328,77.28304777280431,12.835998730978972,0.9,87.06999969482422,3.5199966430664062,4.042720403587699,True
historical_bootstrap,BZ=F,2026-08-07,83.55000305175781,5,2026-08-14,83.50502221088145,90.1241329786357,76.40517196180738,13.718961016828317,0.9,88.5199966430664,5.014974432184957,5.665357684554058,True
historical_bootstrap,BZ=F,2026-08-07,83.55000305175781,6,2026-08-17,83.44414956577194,91.23199814762629,75.48713156635968,15.744866581266606,0.9,90.87000274658203,7.425853180810094,8.171952191439114,True
historical_bootstrap,BZ=F,2026-08-07,83.55000305175781,7,2026-08-18,83.52527729185302,91.00088113632745,74.86631393408166,16.13456720224579,0.9,91.0199966430664,7.494719351213391,8.23414593235355,False
historical_bootstrap,BZ=F,2026-08-10,87.72000122070312,0,2026-08-10,87.72000122070312,87.72000122070312,87.72000122070312,0.0,0.9,87.72000122070312,0.0,0.0,True
historical_bootstrap,BZ=F,2026-08-10,87.72000122070312,1,2026-08-11,87.79274802823203,90.95022282892523,84.31364986806734,6.63657296085789,0.9,88.91000366210938,1.117255633877349,1.25661409049462,True
historical_bootstrap,BZ=F,2026-08-10,87.72000122070312,2,2026-08-12,87.7629363311165,92.2467797508468,83.01784274901726,9.228937001829536,0.9,88.9800033569336,1.2170670258170873,1.367798359070583,True
historical_bootstrap,BZ=F,2026-08-10,87.72000122070312,3,2026-08-13,87.69685822326049,93.66425233804573,81.85576964152901,11.80848269651672,0.9,87.06999969482422,-0.6268585284362729,0.7199477783776032,True
historical_bootstrap,BZ=F,2026-08-10,87.72000122070312,4,2026-08-14,87.78872392266503,94.61690700864855,81.33956071083536,13.277346297813196,0.9,88.5199966430664,0.7312727204013783,0.8261101989757671,True
historical_bootstrap,BZ=F,2026-08-10,87.72000122070312,5,2026-08-17,87.68735647518,94.87137520741416,80.1664811614863,14.704894045927858,0.9,90.87000274658203,3.182646271402035,3.502416831963556,True
historical_bootstrap,BZ=F,2026-08-10,87.72000122070312,6,2026-08-18,87.64559048918076,95.45718232534658,79.7942744129182,15.66290791242838,0.9,91.0199966430664,3.3744061538856442,3.707323970927322,True
historical_bootstrap,BZ=F,2026-08-10,87.72000122070312,7,2026-08-19,87.54669914675974,95.37072105307173,78.88965431832568,16.48106673474605,0.9,91.62000274658203,4.073303599822296,4.4458671444148745,True
historical_bootstrap,BZ=F,2026-08-11,88.91000366210938,0,2026-08-11,88.91000366210938,88.91000366210938,88.91000366210938,0.0,0.9,88.91000366210938,0.0,0.0,True
historical_bootstrap,BZ=F,2026-08-11,88.91000366210938,1,2026-08-12,88.96341230817652,91.91266282603245,85.51555327560945,6.3971095504229964,0.9,88.9800033569336,0.016591048757078397,0.01864581718492998,True
historical_bootstrap,BZ=F,2026-08-11,88.91000366210938,2,2026-08-13,88.999965602648,93.74315067169795,84.14405608892649,9.599094582771457,0.9,87.06999969482422,-1.9299659078237852,2.2165681803011537,True
historical_bootstrap,BZ=F,2026-08-11,88.91000366210938,3,2026-08-14,88.95335424117245,94.92699173351853,83.14316933306316,11.783822400455378,0.9,88.5199966430664,-0.433357598106042,0.48955898615026217,True
historical_bootstrap,BZ=F,2026-08-11,88.91000366210938,4,2026-08-17,88.94753908739722,95.87655469019622,82.1647092211759,13.711845469020318,0.9,90.87000274658203,1.9224636591848139,2.1156196776467304,True
historical_bootstrap,BZ=F,2026-08-11,88.91000366210938,5,2026-08-18,88.87691606060892,96.47501415143411,81.55608410970336,14.918930041730746,0.9,91.0199966430664,2.143080582457486,2.3545162178609447,True
historical_bootstrap,BZ=F,2026-08-11,88.91000366210938,6,2026-08-19,88.79735933556374,96.75214673980345,81.02762535947215,15.724521380331296,0.9,91.62000274658203,2.8226434110182907,3.0808156804203892,True
historical_bootstrap,BZ=F,2026-08-11,88.91000366210938,7,2026-08-20,88.72981126441756,96.81893915614447,80.83720632098046,15.98173283516401,0.9,93.77999877929688,5.050187514879312,5.385143506734834,True
historical_bootstrap,BZ=F,2026-08-12,88.9800033569336,0,2026-08-12,88.9800033569336,88.9800033569336,88.9800033569336,0.0,0.9,88.9800033569336,0.0,0.0,True
historical_bootstrap,BZ=F,2026-08-12,88.9800033569336,1,2026-08-13,89.03074151118145,92.25695794238325,85.52472348262266,6.7322344597605905,0.9,87.06999969482422,-1.9607418163572277,2.2519143484891755,True
historical_bootstrap,BZ=F,2026-08-12,88.9800033569336,2,2026-08-14,89.03963707462384,93.74247682199348,84.19731612883038,9.545160693163098,0.9,88.5199966430664,-0.5196404315574341,0.5870316891817647,True
historical_bootstrap,BZ=F,2026-08-12,88.9800033569336,3,2026-08-17,88.99044434869414,95.16920793091346,83.30410274374657,11.86510518716689,0.9,90.87000274658203,1.879558397887891,2.068403588728392,True
historical_bootstrap,BZ=F,2026-08-12,88.9800033569336,4,2026-08-18,89.01756833422017,96.51966485590684,82.4812697139614,14.038395141945443,0.9,91.0199966430664,2.002428308846234,2.199987236539601,True
historical_bootstrap,BZ=F,2026-08-12,88.9800033569336,5,2026-08-19,88.98518917525713,96.23409903054439,81.26532692296114,14.968772107583248,0.9,91.62000274658203,2.634813571324898,2.8758060383524624,True
historical_bootstrap,BZ=F,2026-08-12,88.9800033569336,6,2026-08-20,88.90452379641702,97.16125918519347,80.96864491429007,16.192614270903405,0.9,93.77999877929688,4.875474982879851,5.198843086310824,True
historical_bootstrap,BZ=F,2026-08-12,88.9800033569336,7,2026-08-21,88.72619028244004,96.91583692796281,80.46262608447653,16.45321084348629,0.9,94.38999938964844,5.663809107208394,6.00043346099389,True
historical_bootstrap,BZ=F,2026-08-13,87.06999969482422,0,2026-08-13,87.06999969482422,87.06999969482422,87.06999969482422,0.0,0.9,87.06999969482422,0.0,0.0,True
historical_bootstrap,BZ=F,2026-08-13,87.06999969482422,1,2026-08-14,87.16842783861297,90.28282929343308,83.6888892626864,6.59394003074668,0.9,88.5199966430664,1.3515688044534357,1.5268513959656838,True
historical_bootstrap,BZ=F,2026-08-13,87.06999969482422,2,2026-08-17,87.15152024402633,91.69970136747872,82.18462513241619,9.515076235062537,0.9,90.87000274658203,3.718482502555702,4.092090227977426,True
historical_bootstrap,BZ=F,2026-08-13,87.06999969482422,3,2026-08-18,87.0814526930889,92.6147652588484,81.51216198537016,11.102603273478238,0.9,91.0199966430664,3.9385439499775003,4.327119419068365,True
historical_bootstrap,BZ=F,2026-08-13,87.06999969482422,4,2026-08-19,87.08040827636587,93.9843314175951,80.29935646580945,13.684974951785648,0.9,91.62000274658203,4.539594470216159,4.9548071754292895,True
historical_bootstrap,BZ=F,2026-08-13,87.06999969482422,5,2026-08-20,86.94263939507195,94.15013189683017,79.51385409053333,14.636277806296846,0.9,93.77999877929688,6.837359384224925,7.290850365989083,True
historical_bootstrap,BZ=F,2026-08-13,87.06999969482422,6,2026-08-21,87.0806615629677,95.0756404634853,79.22922901380377,15.846411449681526,0.9,94.38999938964844,7.309337826680732,7.7437629769519125,True
historical_bootstrap,BZ=F,2026-08-13,87.06999969482422,7,2026-08-24,87.00298766478629,94.81525875103874,78.78908870146918,16.026170049569558,0.9,92.16999816894531,5.167010504159023,5.6059570432973445,True
historical_bootstrap,BZ=F,2026-08-14,88.5199966430664,0,2026-08-14,88.5199966430664,88.5199966430664,88.5199966430664,0.0,0.9,88.5199966430664,0.0,0.0,True
historical_bootstrap,BZ=F,2026-08-14,88.5199966430664,1,2026-08-17,88.56110720248952,91.77967746770251,84.9850419639079,6.794635503794609,0.9,90.87000274658203,2.3088955440925076,2.5408775991033568,True
historical_bootstrap,BZ=F,2026-08-14,88.5199966430664,2,2026-08-18,88.6780522971802,93.40569073686086,83.79286566755889,9.612825069301977,0.9,91.0199966430664,2.341944345886205,2.5729998157109426,True
historical_bootstrap,BZ=F,2026-08-14,88.5199966430664,3,2026-08-19,88.62723147184268,94.51059097378621,82.79671523908272,11.713875734703493,0.9,91.62000274658203,2.9927712747393542,3.2665042403646973,True
historical_bootstrap,BZ=F,2026-08-14,88.5199966430664,4,2026-08-20,88.5357705416603,95.30916955071551,81.15843572502635,14.150733825689159,0.9,93.77999877929688,5.244228237636577,5.592054068990143,True
historical_bootstrap,BZ=F,2026-08-14,88.5199966430664,5,2026-08-21,88.47807288097094,95.48519039294347,80.69674986298604,14.788440529957427,0.9,94.38999938964844,5.911926508677496,6.263297538834231,True
historical_bootstrap,BZ=F,2026-08-14,88.5199966430664,6,2026-08-24,88.39975024783105,96.17609850794737,80.52198819965795,15.654110308289418,0.9,92.16999816894531,3.7702479211142617,4.09053704677686,True
historical_bootstrap,BZ=F,2026-08-14,88.5199966430664,7,2026-08-25,88.5334421872738,96.23245301185578,80.4710330223862,15.761419989469587,0.9,88.58000183105469,0.04655964378088129,0.05256225199643001,True
historical_bootstrap,BZ=F,2026-08-17,90.87000274658203,0,2026-08-17,90.87000274658203,90.87000274658203,90.87000274658203,0.0,0.9,90.87000274658203,0.0,0.0,True
historical_bootstrap,BZ=F,2026-08-17,90.87000274658203,1,2026-08-18,90.9474301911249,94.21656220877644,87.45330676458896,6.763255444187479,0.9,91.0199966430664,0.0725664519415119,0.07972583456147574,True
historical_bootstrap,BZ=F,2026-08-17,90.87000274658203,2,2026-08-19,90.96968284634823,95.70175886447001,85.60408121024687,10.097677654223133,0.9,91.62000274658203,0.6503199002337965,0.7098012232465877,True
historical_bootstrap,BZ=F,2026-08-17,90.87000274658203,3,2026-08-20,90.88066551253128,97.01963383481147,85.07354191435796,11.946091920453512,0.9,93.77999877929688,2.899333266765595,3.0916328689542056,True
historical_bootstrap,BZ=F,2026-08-17,90.87000274658203,4,2026-08-21,90.94119326218997,98.21288916255187,84.05706209564094,14.15582706691093,0.9,94.38999938964844,3.448806127458468,3.653783398410205,True
historical_bootstrap,BZ=F,2026-08-17,90.87000274658203,5,2026-08-24,90.85674820910212,98.2781806395492,82.98408366742643,15.294096972122773,0.9,92.16999816894531,1.3132499598431906,1.4248128305655774,True
historical_bootstrap,BZ=F,2026-08-17,90.87000274658203,6,2026-08-25,90.80268782124098,100.52578581171997,82.23420556440345,18.291580247316517,0.9,88.58000183105469,-2.2226859901862923,2.5092413007910497,True
historical_bootstrap,BZ=F,2026-08-17,90.87000274658203,7,2026-08-26,90.71226634239622,99.6982239234199,82.22768728376133,17.470536639658576,0.9,87.83999633789062,-2.8722700045055944,3.2698885749686823,True
historical_bootstrap,BZ=F,2026-08-18,91.0199966430664,0,2026-08-18,91.0199966430664,91.0199966430664,91.0199966430664,0.0,0.9,91.0199966430664,0.0,0.0,True
historical_bootstrap,BZ=F,2026-08-18,91.0199966430664,1,2026-08-19,91.08516490537092,94.3717380457711,87.48549955725426,6.886238488516838,0.9,91.62000274658203,0.5348378412111146,0.5837566308423486,True
historical_bootstrap,BZ=F,2026-08-18,91.0199966430664,2,2026-08-20,91.07766393154557,95.71707098054758,85.91299333734646,9.804077643201111,0.9,93.77999877929688,2.7023348477513025,2.8815684398877144,True
historical_bootstrap,BZ=F,2026-08-18,91.0199966430664,3,2026-08-21,91.04747740770134,97.35372393782436,85.00946040785794,12.344263529966412,0.9,94.38999938964844,3.342521981947101,3.5411823324089022,True
historical_bootstrap,BZ=F,2026-08-18,91.0199966430664,4,2026-08-24,91.15692927896791,98.3750035400716,84.0696758611466,14.305327678924996,0.9,92.16999816894531,1.0130688899774043,1.099130856138756,True
historical_bootstrap,BZ=F,2026-08-18,91.0199966430664,5,2026-08-25,90.98399844721182,98.76453832546142,83.36493184254564,15.399606482915772,0.9,88.58000183105469,-2.40399661615713,2.713927033713752,True
historical_bootstrap,BZ=F,2026-08-18,91.0199966430664,6,2026-08-26,90.98628362395459,98.99445892091222,81.9819669653962,17.012491955516026,0.9,87.83999633789062,-3.1462872860639663,3.581839045121619,True
historical_bootstrap,BZ=F,2026-08-18,91.0199966430664,7,2026-08-27,90.91373464185094,99.86279005775303,81.84176556777265,18.021024489980377,0.9,89.69999694824219,-1.2137376936087492,1.3531078427004721,True
historical_bootstrap,BZ=F,2026-08-19,91.62000274658203,0,2026-08-19,91.62000274658203,91.62000274658203,91.62000274658203,0.0,0.9,91.62000274658203,0.0,0.0,True
historical_bootstrap,BZ=F,2026-08-19,91.62000274658203,1,2026-08-20,91.6954373746759,95.00889896883577,88.12208866577542,6.886810303060344,0.9,93.77999877929688,2.0845614046209704,2.222820891186836,True
historical_bootstrap,BZ=F,2026-08-19,91.62000274658203,2,2026-08-21,91.7947406988565,96.61508331618813,86.69541519383596,9.919668122352178,0.9,94.38999938964844,2.595258690791937,2.7495059938273014,True
historical_bootstrap,BZ=F,2026-08-19,91.62000274658203,3,2026-08-24,91.67388114015087,98.1014668275143,85.69628971181069,12.405177115703609,0.9,92.16999816894531,0.4961170287944441,0.5382630342305897,True
historical_bootstrap,BZ=F,2026-08-19,91.62000274658203,4,2026-08-25,91.69178083658298,98.82832298549171,84.6887958149982,14.139527170493508,0.9,88.58000183105469,-3.111779005528291,3.512958840826477,True
historical_bootstrap,BZ=F,2026-08-19,91.62000274658203,5,2026-08-26,91.63068210533953,99.32325441881024,83.91447556666643,15.408778852143811,0.9,87.83999633789062,-3.790685767448906,4.315443904240872,True
historical_bootstrap,BZ=F,2026-08-19,91.62000274658203,6,2026-08-27,91.5515129905468,100.93776117766552,83.09159321005384,17.846167967611677,0.9,89.69999694824219,-1.8515160423046098,2.064120518725272,True
historical_bootstrap,BZ=F,2026-08-19,91.62000274658203,7,2026-08-28,91.73315137453942,100.52108807751368,82.90635751154605,17.614730565967633,0.9,89.30999755859375,-2.4231538159456676,2.713194359182358,True
historical_bootstrap,BZ=F,2026-08-20,93.77999877929688,0,2026-08-20,93.77999877929688,93.77999877929688,93.77999877929688,0.0,0.9,93.77999877929688,0.0,0.0,True
historical_bootstrap,BZ=F,2026-08-20,93.77999877929688,1,2026-08-21,93.87207436887758,97.36830957977351,90.25388746273713,7.1144221170363835,0.9,94.38999938964844,0.5179250207708606,0.5487075157536874,True
historical_bootstrap,BZ=F,2026-08-20,93.77999877929688,2,2026-08-24,93.83175690525471,98.8928413428999,88.51813565646667,10.37470568643323,0.9,92.16999816894531,-1.6617587363093946,1.8029280344168306,True
historical_bootstrap,BZ=F,2026-08-20,93.77999877929688,3,2026-08-25,93.82754320347757,99.87291134115148,87.69178513986641,12.181126201285068,0.9,88.58000183105469,-5.247541372422887,5.924070065421003,True
historical_bootstrap,BZ=F,2026-08-20,93.77999877929688,4,2026-08-26,93.8530504351506,101.15336639641674,86.8945089136584,14.258857482758344,0.9,87.83999633789062,-6.013054097259982,6.845462600123303,True
historical_bootstrap,BZ=F,2026-08-20,93.77999877929688,5,2026-08-27,93.80353989247969,101.40575726773808,85.64915680058355,15.756600467154527,0.9,89.69999694824219,-4.103542944237503,4.574741453564697,True
historical_bootstrap,BZ=F,2026-08-20,93.77999877929688,6,2026-08-28,93.86969096506265,102.80153588576427,85.50491794379447,17.2966179419698,0.9,89.30999755859375,-4.559693406468895,5.105468067533437,True
historical_bootstrap,BZ=F,2026-08-20,93.77999877929688,7,2026-08-31,93.60836171702346,103.30693377787115,84.86092417759495,18.4460096002762,0.9,90.48999786376953,-3.118363853253925,3.4460867796113166,True
historical_bootstrap,BZ=F,2026-08-21,94.38999938964844,0,2026-08-21,94.38999938964844,94.38999938964844,94.38999938964844,0.0,0.9,94.38999938964844,0.0,0.0,True
historical_bootstrap,BZ=F,2026-08-21,94.38999938964844,1,2026-08-24,94.44382243041947,97.61452842078714,90.72463803964956,6.889890381137576,0.9,92.16999816894531,-2.273824261474161,2.4669895916741775,True
historical_bootstrap,BZ=F,2026-08-21,94.38999938964844,2,2026-08-25,94.44209418108757,99.40892140168205,89.33030115553912,10.078620246142933,0.9,88.58000183105469,-5.862092350032881,6.617850788955085,False
historical_bootstrap,BZ=F,2026-08-21,94.38999938964844,3,2026-08-26,94.57239099440308,100.77784639217727,88.15307104335899,12.624775348818275,0.9,87.83999633789062,-6.732394656512454,7.664384035963775,False
historical_bootstrap,BZ=F,2026-08-21,94.38999938964844,4,2026-08-27,94.53200193739464,101.78593595701254,87.50800990488148,14.277926052131065,0.9,89.69999694824219,-4.832004989152452,5.386850784332321,True
historical_bootstrap,BZ=F,2026-08-21,94.38999938964844,5,2026-08-28,94.44051700404665,102.12059707543422,86.32112917315486,15.79946790227936,0.9,89.30999755859375,-5.130519445452904,5.744619399510023,True
historical_bootstrap,BZ=F,2026-08-21,94.38999938964844,6,2026-08-31,94.56225785633612,103.44036925298758,86.02742200512581,17.412947247861766,0.9,90.48999786376953,-4.072259992566586,4.500232167865971,True
historical_bootstrap,BZ=F,2026-08-21,94.38999938964844,7,2026-09-01,94.38999938964844,103.97890321142121,85.12426537019468,18.854637841226534,0.9,94.6500015258789,0.26000213623046875,0.2746985018900182,True
historical_bootstrap,BZ=F,2026-08-24,92.16999816894531,0,2026-08-24,92.16999816894531,92.16999816894531,92.16999816894531,0.0,0.9,92.16999816894531,0.0,0.0,True
historical_bootstrap,BZ=F,2026-08-24,92.16999816894531,1,2026-08-25,92.25172830366762,95.4204265671984,88.53555372587533,6.884872841323073,0.9,88.58000183105469,-3.6717264726129315,4.145096406315138,True
historical_bootstrap,BZ=F,2026-08-24,92.16999816894531,2,2026-08-26,92.32961334497834,96.92641817610885,87.21584828777921,9.710569888329644,0.9,87.83999633789062,-4.489617007087716,5.111130685636285,True
historical_bootstrap,BZ=F,2026-08-24,92.16999816894531,3,2026-08-27,92.29178034332371,98.18041651916631,86.32769452638043,11.852721992785888,0.9,89.69999694824219,-2.591783395081521,2.8893907282706,True
historical_bootstrap,BZ=F,2026-08-24,92.16999816894531,4,2026-08-28,92.22903554710176,99.4167809436848,85.25959090205444,14.157190041630358,0.9,89.30999755859375,-2.919037988508009,3.268433622554867,True
historical_bootstrap,BZ=F,2026-08-24,92.16999816894531,5,2026-08-31,92.19313513191395,99.94259937296505,84.54999669777047,15.392602675194581,0.9,90.48999786376953,-1.7031372681444168,1.8821276476417297,True
historical_bootstrap,BZ=F,2026-08-24,92.16999816894531,6,2026-09-01,92.20249684517185,101.54369115940617,83.59985233587716,17.943838823529006,0.9,94.6500015258789,2.4475046807070555,2.585847481510992,True
historical_bootstrap,BZ=F,2026-08-24,92.16999816894531,7,2026-09-02,92.27019097250685,101.53337621121612,83.78914649345994,17.744229717756184,0.9,95.62999725341797,3.3598062809111156,3.5133393050380235,True
historical_bootstrap,BZ=F,2026-08-25,88.58000183105469,0,2026-08-25,88.58000183105469,88.58000183105469,88.58000183105469,0.0,0.9,88.58000183105469,0.0,0.0,True
historical_bootstrap,BZ=F,2026-08-25,88.58000183105469,1,2026-08-26,88.68045389398095,91.84189230060811,85.14025485368599,6.7016374469221205,0.9,87.83999633789062,-0.8404575560903282,0.9568050900837627,True
historical_bootstrap,BZ=F,2026-08-25,88.58000183105469,2,2026-08-27,88.67801622695794,93.08639266719244,83.87093270018327,9.215459967009167,0.9,89.69999694824219,1.021980721284251,1.1393319465483867,True
historical_bootstrap,BZ=F,2026-08-25,88.58000183105469,3,2026-08-28,88.63209251057783,94.28213131503294,82.83457190881973,11.447559406213216,0.9,89.30999755859375,0.6779050480159157,0.7590472136908989,True
historical_bootstrap,BZ=F,2026-08-25,88.58000183105469,4,2026-08-31,88.78440330489747,95.54475547656807,81.80709236136535,13.737663115202722,0.9,90.48999786376953,1.7055945588720647,1.884843186138423,True
historical_bootstrap,BZ=F,2026-08-25,88.58000183105469,5,2026-09-01,88.65041640243771,96.1169337329247,81.00779563152877,15.109138101395942,0.9,94.6500015258789,5.999585123441193,6.338705786286549,True
historical_bootstrap,BZ=F,2026-08-25,88.58000183105469,6,2026-09-02,88.66764895851965,97.0756580069082,80.57406251452556,16.501595492382634,0.9,95.62999725341797,6.9623482948983195,7.280506634804357,True
historical_bootstrap,BZ=F,2026-08-25,88.58000183105469,7,2026-09-03,88.47658842071202,96.48016058282369,80.53716779882889,15.942992783994796,0.9,95.5199966430664,7.043408222354387,7.373752585726931,True
historical_bootstrap,BZ=F,2026-08-26,87.83999633789062,0,2026-08-26,87.83999633789062,87.83999633789062,87.83999633789062,0.0,0.9,87.83999633789062,0.0,0.0,True
historical_bootstrap,BZ=F,2026-08-26,87.83999633789062,1,2026-08-27,87.93945206910087,91.0746366740542,84.33223027800211,6.74240639605209,0.9,89.69999694824219,1.760544879141321,1.962703388002536,True
historical_bootstrap,BZ=F,2026-08-26,87.83999633789062,2,2026-08-28,88.00271694639537,92.68815909864435,83.0858470725016,9.602312026142755,0.9,89.30999755859375,1.307280612198383,1.463756184004723,True
historical_bootstrap,BZ=F,2026-08-26,87.83999633789062,3,2026-08-31,87.92957636399333,93.54880770233672,81.89239674733756,11.65641095499916,0.9,90.48999786376953,2.560421499776197,2.829507746956574,True
historical_bootstrap,BZ=F,2026-08-26,87.83999633789062,4,2026-09-01,87.89540841099279,94.72270684952753,81.13250156149407,13.59020528803346,0.9,94.6500015258789,6.75459311488612,7.136389863701481,True
historical_bootstrap,BZ=F,2026-08-26,87.83999633789062,5,2026-09-02,88.00686943707227,95.03414483667322,80.2761435664979,14.758001270175328,0.9,95.62999725341797,7.623127816345701,7.971481789489686,False
historical_bootstrap,BZ=F,2026-08-26,87.83999633789062,6,2026-09-03,87.85197140963479,96.77332794591939,79.36312529203907,17.41020265388032,0.9,95.5199966430664,7.668025233431621,8.027664889986392,True
historical_bootstrap,BZ=F,2026-08-26,87.83999633789062,7,2026-09-04,87.77239169227494,97.36626542118427,79.48585376432699,17.880411656857277,0.9,96.27999877929688,8.507607087021938,8.83631823316073,True
historical_bootstrap,BZ=F,2026-08-27,89.69999694824219,0,2026-08-27,89.69999694824219,89.69999694824219,89.69999694824219,0.0,0.9,89.69999694824219,0.0,0.0,True
historical_bootstrap,BZ=F,2026-08-27,89.69999694824219,1,2026-08-28,89.81053552193075,92.86331932207312,86.2693237528456,6.5939955692275305,0.9,89.30999755859375,-0.5005379633369955,0.5604500918372625,True
historical_bootstrap,BZ=F,2026-08-27,89.69999694824219,2,2026-08-31,89.86616314467673,94.59039968146637,84.66705695886638,9.923342722599983,0.9,90.48999786376953,0.6238347190927982,0.6893963242567052,True
historical_bootstrap,BZ=F,2026-08-27,89.69999694824219,3,2026-09-01,89.7527462561861,95.93928229835653,83.77662733892713,12.162654959429403,0.9,94.6500015258789,4.897255269692806,5.174067819062649,True
historical_bootstrap,BZ=F,2026-08-27,89.69999694824219,4,2026-09-02,89.74832128495233,96.75725828909356,82.89476844925177,13.862489839841786,0.9,95.62999725341797,5.881675968465643,6.150450839059731,True
historical_bootstrap,BZ=F,2026-08-27,89.69999694824219,5,2026-09-03,89.65170513325758,96.99398843944506,81.91561380799902,15.078374631446039,0.9,95.5199966430664,5.868291509808827,6.143521478269225,True
historical_bootstrap,BZ=F,2026-08-27,89.69999694824219,6,2026-09-04,89.78578697697108,97.5588111469695,81.59537245465386,15.963438692315648,0.9,96.27999877929688,6.494211802325793,6.745130748508325,True
historical_bootstrap,BZ=F,2026-08-27,89.69999694824219,7,2026-09-07,89.76660608721674,99.5270284676152,81.18152558053903,18.345502887076165,0.9,,,,
historical_bootstrap,BZ=F,2026-08-28,89.30999755859375,0,2026-08-28,89.30999755859375,89.30999755859375,89.30999755859375,0.0,0.9,89.30999755859375,0.0,0.0,True
historical_bootstrap,BZ=F,2026-08-28,89.30999755859375,1,2026-08-31,89.384595660709,92.42061198222397,85.84190331835093,6.578708663873044,0.9,90.48999786376953,1.1054022030605353,1.221573907786683,True
historical_bootstrap,BZ=F,2026-08-28,89.30999755859375,2,2026-09-01,89.48257297845471,94.29312807773348,84.50837553057545,9.784752547158035,0.9,94.6500015258789,5.167428547424194,5.459512376247909,False
historical_bootstrap,BZ=F,2026-08-28,89.30999755859375,3,2026-09-02,89.35354316595871,95.13391487277705,83.41238169076017,11.721533182016884,0.9,95.62999725341797,6.276454087459257,6.563269128646687,False
historical_bootstrap,BZ=F,2026-08-28,89.30999755859375,4,2026-09-03,89.3791685340733,96.52682542325412,82.55258692375271,13.97423849950141,0.9,95.5199966430664,6.140828108993105,6.428840373539581,True
historical_bootstrap,BZ=F,2026-08-28,89.30999755859375,5,2026-09-04,89.33834213934878,96.81902798225416,81.79874899937435,15.020278982879802,0.9,96.27999877929688,6.941656639948093,7.209863655960868,True
historical_bootstrap,BZ=F,2026-08-28,89.30999755859375,6,2026-09-07,89.30999755859375,97.3636976665427,81.39748807003905,15.96620959650366,0.9,,,,
historical_bootstrap,BZ=F,2026-08-28,89.30999755859375,7,2026-09-08,89.33852083014769,97.99929364843099,80.96725718728086,17.032036461150128,0.9,97.91999816894531,8.581477338797626,8.763763786016069,True
historical_bootstrap,BZ=F,2026-08-31,90.48999786376953,0,2026-08-31,90.48999786376953,90.48999786376953,90.48999786376953,0.0,0.9,90.48999786376953,0.0,0.0,True
historical_bootstrap,BZ=F,2026-08-31,90.48999786376953,1,2026-09-01,90.56710151821555,93.82222246887514,87.08758999795342,6.734632470921724,0.9,94.6500015258789,4.082900007663355,4.313681924819643,False
historical_bootstrap,BZ=F,2026-08-31,90.48999786376953,2,2026-09-02,90.70650114443215,95.40903334413066,85.24609763078897,10.162935713341696,0.9,95.62999725341797,4.923496108985816,5.148485046944663,False
historical_bootstrap,BZ=F,2026-08-31,90.48999786376953,3,2026-09-03,90.54321174253826,96.37103554262193,84.38912868176935,11.981906860852575,0.9,95.5199966430664,4.976784900528145,5.210202130895279,True
historical_bootstrap,BZ=F,2026-08-31,90.48999786376953,4,2026-09-04,90.62613315697108,97.6692703345638,83.62483472790642,14.044435606657387,0.9,96.27999877929688,5.653865622325796,5.872315843383194,True
historical_bootstrap,BZ=F,2026-08-31,90.48999786376953,5,2026-09-07,90.46804822698687,98.40106939193335,82.64440303692417,15.756666355009173,0.9,,,,
historical_bootstrap,BZ=F,2026-08-31,90.48999786376953,6,2026-09-08,90.61516243800587,98.81008995741071,82.50522438462504,16.304865572785673,0.9,97.91999816894531,7.304835730939445,7.460003949689743,True
historical_bootstrap,BZ=F,2026-08-31,90.48999786376953,7,2026-09-09,90.46321828412572,98.55977544999224,81.36521055298267,17.19456489700957,0.9,101.20999908447266,10.74678080034694,10.618299473925873,False
historical_bootstrap,BZ=F,2026-09-01,94.6500015258789,0,2026-09-01,94.6500015258789,94.6500015258789,94.6500015258789,0.0,0.9,94.6500015258789,0.0,0.0,True
historical_bootstrap,BZ=F,2026-09-01,94.6500015258789,1,2026-09-02,94.79295851717185,98.6450413609151,91.15860482304353,7.486436537871569,0.9,95.62999725341797,0.8370387362461145,0.8752888845410872,True
historical_bootstrap,BZ=F,2026-09-01,94.6500015258789,2,2026-09-03,94.81900252531824,99.5344647459468,89.62104984741217,9.91341489853464,0.9,95.5199966430664,0.7009941177481664,0.7338715895977266,True
historical_bootstrap,BZ=F,2026-09-01,94.6500015258789,3,2026-09-04,94.78130376379252,101.28821832664323,88.61242025558074,12.675798071062488,0.9,96.27999877929688,1.498695015504353,1.556600575930437,True
historical_bootstrap,BZ=F,2026-09-01,94.6500015258789,4,2026-09-07,94.71062741329999,102.29833639403255,87.55045269225282,14.747883701779728,0.9,,,,
historical_bootstrap,BZ=F,2026-09-01,94.6500015258789,5,2026-09-08,94.60795701810517,102.70340637196401,86.18906293197008,16.514343439993922,0.9,97.91999816894531,3.3120411508401446,3.382395029384852,True
historical_bootstrap,BZ=F,2026-09-01,94.6500015258789,6,2026-09-09,94.57988644286286,103.35258466157693,86.09813143911137,17.254453222465557,0.9,101.20999908447266,6.630112641609799,6.550847447470209,True
historical_bootstrap,BZ=F,2026-09-01,94.6500015258789,7,2026-09-10,94.6500015258789,103.0907627025934,85.12204511738301,17.968717585210385,0.9,107.62999725341797,12.979995727539062,12.059830956770615,False
historical_bootstrap,BZ=F,2026-09-02,95.62999725341797,0,2026-09-02,95.62999725341797,95.62999725341797,95.62999725341797,0.0,0.9,95.62999725341797,0.0,0.0,True
historical_bootstrap,BZ=F,2026-09-02,95.62999725341797,1,2026-09-03,95.73298295532234,98.8676414404134,91.916484189537,6.951157250876392,0.9,95.5199966430664,-0.21298631225593567,0.22297562786963926,True
historical_bootstrap,BZ=F,2026-09-02,95.62999725341797,2,2026-09-04,95.81238307960372,100.84370088616375,90.48987195298632,10.353828933177425,0.9,96.27999877929688,0.4676156996931553,0.48568311759649385,True
historical_bootstrap,BZ=F,2026-09-02,95.62999725341797,3,2026-09-07,95.6588698698043,102.28175713295293,89.42729420165068,12.854462931302251,0.9,,,,
historical_bootstrap,BZ=F,2026-09-02,95.62999725341797,4,2026-09-08,95.70491690353664,103.3575221413576,88.37488014295872,14.98264199839889,0.9,97.91999816894531,2.2150812654086707,2.262133687530204,True
historical_bootstrap,BZ=F,2026-09-02,95.62999725341797,5,2026-09-09,95.5832904479144,103.42623374669716,87.33875811699792,16.08747562969924,0.9,101.20999908447266,5.626708636558263,5.559439469871013,True
historical_bootstrap,BZ=F,2026-09-02,95.62999725341797,6,2026-09-10,95.55850985999743,104.79926148448074,86.73813397079687,18.06112751368387,0.9,107.62999725341797,12.07148739342054,11.21572767952216,False
historical_bootstrap,BZ=F,2026-09-02,95.62999725341797,7,2026-09-11,95.70719763779452,104.93418921311547,86.48769520554792,18.44649400756755,0.9,104.61000061035156,8.90280297255704,8.510470242436911,True
historical_bootstrap,BZ=F,2026-09-03,95.5199966430664,0,2026-09-03,95.5199966430664,95.5199966430664,95.5199966430664,0.0,0.9,95.5199966430664,0.0,0.0,True
historical_bootstrap,BZ=F,2026-09-03,95.5199966430664,1,2026-09-04,95.57639939469509,99.17488510624982,91.56157803478966,7.613307071460156,0.9,96.27999877929688,0.7035993846017874,0.7307845798945758,True
historical_bootstrap,BZ=F,2026-09-03,95.5199966430664,2,2026-09-07,95.6969441911781,100.72770309293793,90.36016714216308,10.367535950774851,0.9,,,,
historical_bootstrap,BZ=F,2026-09-03,95.5199966430664,3,2026-09-08,95.55074577594266,101.99280602374048,89.08000307978035,12.91280294396013,0.9,97.91999816894531,2.369252393002654,2.4195796949616843,True
historical_bootstrap,BZ=F,2026-09-03,95.5199966430664,4,2026-09-09,95.7179272177345,103.03515386181563,88.22605418819391,14.809099673621716,0.9,101.20999908447266,5.492071866738158,5.4264123272586176,True
historical_bootstrap,BZ=F,2026-09-03,95.5199966430664,5,2026-09-10,95.5462404021982,103.87081489538753,87.29482335693747,16.575991538450054,0.9,107.62999725341797,12.083756851219775,11.22712734328908,False
historical_bootstrap,BZ=F,2026-09-03,95.5199966430664,6,2026-09-11,95.30924720828567,104.30257137636525,86.62855781007359,17.674013566291663,0.9,104.61000061035156,9.300753402065894,8.89088361323033,False
historical_bootstrap,BZ=F,2026-09-03,95.5199966430664,7,2026-09-14,95.57678640295492,104.94091236807772,86.44882179211777,18.49209057595995,0.9,105.68000030517578,10.103213902220858,9.560194807953689,False
historical_bootstrap,BZ=F,2026-09-04,96.27999877929688,0,2026-09-04,96.27999877929688,96.27999877929688,96.27999877929688,0.0,0.9,96.27999877929688,0.0,0.0,True
historical_bootstrap,BZ=F,2026-09-04,96.27999877929688,1,2026-09-07,96.38368447979273,99.8348035766507,92.48348892257758,7.351314654073121,0.9,,,,
historical_bootstrap,BZ=F,2026-09-04,96.27999877929688,2,2026-09-08,96.50630367284897,101.53238276456075,91.1615842297391,10.370798534821645,0.9,97.91999816894531,1.4136944960963405,1.4437239813436644,True
historical_bootstrap,BZ=F,2026-09-04,96.27999877929688,3,2026-09-09,96.42061060770985,102.80430888368964,90.24357336137794,12.560735522311703,0.9,101.20999908447266,4.789388476762809,4.732129750110415,True
historical_bootstrap,BZ=F,2026-09-04,96.27999877929688,4,2026-09-10,96.35542766175158,103.84992663615593,88.99522097772028,14.854705658435648,0.9,107.62999725341797,11.274569591666392,10.475304171122563,False
historical_bootstrap,BZ=F,2026-09-04,96.27999877929688,5,2026-09-11,96.24192026489604,104.1543534815259,88.18255143989707,15.971802041628834,0.9,104.61000061035156,8.368080345455525,7.999312012839689,False
historical_bootstrap,BZ=F,2026-09-04,96.27999877929688,6,2026-09-14,96.1580170542311,104.95327316610818,87.52630681732748,17.426966348780695,0.9,105.68000030517578,9.521983250944686,9.010203655798378,False
historical_bootstrap,BZ=F,2026-09-04,96.27999877929688,7,2026-09-15,96.34526425201891,105.63449394028218,86.14580190359729,19.488692036684895,0.9,108.75,12.404735747981093,11.406653561361924,False
historical_bootstrap,BZ=F,2026-09-08,97.91999816894531,0,2026-09-08,97.91999816894531,97.91999816894531,97.91999816894531,0.0,0.9,97.91999816894531,0.0,0.0,True
historical_bootstrap,BZ=F,2026-09-08,97.91999816894531,1,2026-09-09,98.02857364610425,101.66671806216253,94.2382236098135,7.428494452349028,0.9,101.20999908447266,3.1814254383684073,3.143390442789256,True
historical_bootstrap,BZ=F,2026-09-08,97.91999816894531,2,2026-09-10,97.9824828383995,102.97314613080687,92.67107725546838,10.302068875338492,0.9,107.62999725341797,9.647514415018463,8.963592549670988,False
historical_bootstrap,BZ=F,2026-09-08,97.91999816894531,3,2026-09-11,98.01985787247045,104.7310442207222,91.67382872994314,13.057215490779058,0.9,104.61000061035156,6.590142737881109,6.29972536031989,True
historical_bootstrap,BZ=F,2026-09-08,97.91999816894531,4,2026-09-14,97.99627475351076,105.59252809602307,90.49114661006625,15.101381485956821,0.9,105.68000030517578,7.68372555166502,7.270747094508384,False
historical_bootstrap,BZ=F,2026-09-08,97.91999816894531,5,2026-09-15,97.90571530060005,106.25163446127875,89.82462500058388,16.427009460694876,0.9,108.75,10.84428469939995,9.971756045425241,False
historical_bootstrap,BZ=F,2026-09-08,97.91999816894531,6,2026-09-16,97.93146397534156,107.87846641996714,89.01719891930645,18.861267500660688,0.9,105.83000183105469,7.89853785571313,7.463420314706437,True
historical_bootstrap,BZ=F,2026-09-08,97.91999816894531,7,2026-09-17,97.90550896322318,106.65316044617154,88.558770254078,18.09439019209354,0.9,104.81999969482422,6.914490731601035,6.596537637599761,True
historical_bootstrap,BZ=F,2026-09-09,101.20999908447266,0,2026-09-09,101.20999908447266,101.20999908447266,101.20999908447266,0.0,0.9,101.20999908447266,0.0,0.0,True
historical_bootstrap,BZ=F,2026-09-09,101.20999908447266,1,2026-09-10,101.29332956265912,105.08260451802293,97.26789717181809,7.814707346204841,0.9,107.62999725341797,6.336667690758844,5.887455033413199,False
historical_bootstrap,BZ=F,2026-09-09,101.20999908447266,2,2026-09-11,101.39071319670491,106.6270581635222,95.34487420538892,11.282183958133274,0.9,104.61000061035156,3.2192874136466543,3.077418406331692,True
historical_bootstrap,BZ=F,2026-09-09,101.20999908447266,3,2026-09-14,101.30545406874306,107.822390781517,94.52243137285444,13.29995940866256,0.9,105.68000030517578,4.374546236432721,4.13942678255128,True
historical_bootstrap,BZ=F,2026-09-09,101.20999908447266,4,2026-09-15,101.20999908447266,109.16780779428079,93.5315465361424,15.63626125813839,0.9,108.75,7.540000915527344,6.933334175197557,True
historical_bootstrap,BZ=F,2026-09-09,101.20999908447266,5,2026-09-16,101.1952363279451,109.82156890971247,92.76447856681018,17.057090342902285,0.9,105.83000183105469,4.634765503109591,4.37944384665934,True
historical_bootstrap,BZ=F,2026-09-09,101.20999908447266,6,2026-09-17,101.2223924193621,111.50306057768985,92.06541641464968,19.437644163040176,0.9,104.81999969482422,3.597607275462124,3.4321763842170347,True
historical_bootstrap,BZ=F,2026-09-09,101.20999908447266,7,2026-09-18,101.01521309667113,111.05708981717771,92.27593341393671,18.781156403241,0.9,103.87000274658203,2.8547896499108987,2.748425507290977,True
historical_bootstrap,BZ=F,2026-09-10,107.62999725341797,0,2026-09-10,107.62999725341797,107.62999725341797,107.62999725341797,0.0,0.9,107.62999725341797,0.0,0.0,True
historical_bootstrap,BZ=F,2026-09-10,107.62999725341797,1,2026-09-11,107.71473537794104,111.60386135215641,103.33112431588535,8.272737036271067,0.9,104.61000061035156,-3.104734767589477,2.967913917861359,True
historical_bootstrap,BZ=F,2026-09-10,107.62999725341797,2,2026-09-14,107.82937816617519,113.4979353877831,101.84342710657072,11.654508281212387,0.9,105.68000030517578,-2.149377860999408,2.0338548966621643,True
historical_bootstrap,BZ=F,2026-09-10,107.62999725341797,3,2026-09-15,107.76038230498095,114.91386164353503,100.3735429622963,14.54031868123873,0.9,108.75,0.9896176950190494,0.9099932827761373,True
historical_bootstrap,BZ=F,2026-09-10,107.62999725341797,4,2026-09-16,107.8923954620735,116.09792417175184,99.48760737516542,16.610316796586417,0.9,105.83000183105469,-2.062393631018807,1.9487797366867472,True
historical_bootstrap,BZ=F,2026-09-10,107.62999725341797,5,2026-09-17,107.60389006585689,116.40453386806422,98.42931407876979,17.975219789294428,0.9,104.81999969482422,-2.783890371032669,2.6558771027835935,True
historical_bootstrap,BZ=F,2026-09-10,107.62999725341797,6,2026-09-18,107.54411836050036,117.60979757041925,97.40142017731662,20.208377393102623,0.9,103.87000274658203,-3.6741156139183317,3.537224912646142,True
historical_bootstrap,BZ=F,2026-09-10,107.62999725341797,7,2026-09-21,107.5043437781293,118.56392774048476,96.77685484671196,21.7870728937728,0.9,100.33999633789062,-7.1643474402386715,7.140071458756127,True
historical_bootstrap,BZ=F,2026-09-11,104.61000061035156,0,2026-09-11,104.61000061035156,104.61000061035156,104.61000061035156,0.0,0.9,104.61000061035156,0.0,0.0,True
historical_bootstrap,BZ=F,2026-09-11,104.61000061035156,1,2026-09-14,104.63422386500069,108.46218346152934,100.54777520999214,7.914408251537196,0.9,105.68000030517578,1.0457764401750893,0.9895689223648416,True
historical_bootstrap,BZ=F,2026-09-11,104.61000061035156,2,2026-09-15,104.81214051932584,110.44869711014694,98.54784546035842,11.900851649788521,0.9,108.75,3.937859480674163,3.621020212114173,True
historical_bootstrap,BZ=F,2026-09-11,104.61000061035156,3,2026-09-16,104.71668283913073,111.88638485215068,97.84641617893661,14.039968673214076,0.9,105.83000183105469,1.1133189919239612,1.0519880682807186,True
historical_bootstrap,BZ=F,2026-09-11,104.61000061035156,4,2026-09-17,104.76737836967413,113.37922417453726,97.17377358135154,16.205450593185716,0.9,104.81999969482422,0.052621325150084886,0.050201607806991067,True
historical_bootstrap,BZ=F,2026-09-11,104.61000061035156,5,2026-09-18,104.5947419206635,113.88723233282641,95.66747996483485,18.21975236799156,0.9,103.87000274658203,-0.7247391740814635,0.6977367429648133,True
historical_bootstrap,BZ=F,2026-09-11,104.61000061035156,6,2026-09-21,104.459974441391,115.43680112971259,94.0102806009145,21.426520528798093,0.9,100.33999633789062,-4.119978103500372,4.1060177933697775,True
historical_bootstrap,BZ=F,2026-09-11,104.61000061035156,7,2026-09-22,104.5017891678153,117.19749345317723,94.66092392371606,22.536569529461175,0.9,99.25,-5.2517891678153035,5.2914752320557215,True
historical_bootstrap,BZ=F,2026-09-14,105.68000030517578,0,2026-09-14,105.68000030517578,105.68000030517578,105.68000030517578,0.0,0.9,105.68000030517578,0.0,0.0,True
historical_bootstrap,BZ=F,2026-09-14,105.68000030517578,1,2026-09-15,105.79718021401824,109.3607722481249,101.5612449030496,7.799527345075305,0.9,108.75,2.9528197859817595,2.7152365848108135,True
historical_bootstrap,BZ=F,2026-09-14,105.68000030517578,2,2026-09-16,105.75082623309157,111.51280840395056,99.45041724990902,12.062391154041535,0.9,105.83000183105469,0.0791755979631148,0.07481394367686911,True
historical_bootstrap,BZ=F,2026-09-14,105.68000030517578,3,2026-09-17,105.8126620964112,112.90017466455048,98.49686732701504,14.403307337535438,0.9,104.81999969482422,-0.9926624015869834,0.9470162225501313,True
historical_bootstrap,BZ=F,2026-09-14,105.68000030517578,4,2026-09-18,105.68000030517578,113.99450873358988,97.61023619350783,16.38427254008205,0.9,103.87000274658203,-1.80999755859375,1.7425604223865396,True
historical_bootstrap,BZ=F,2026-09-14,105.68000030517578,5,2026-09-21,105.73656033843717,115.05212386451082,97.35702013504867,17.695103729462147,0.9,100.33999633789062,-5.396564000546547,5.378278052127738,True
historical_bootstrap,BZ=F,2026-09-14,105.68000030517578,6,2026-09-22,105.68000030517578,116.95851284309023,96.06076853576518,20.897744307325056,0.9,99.25,-6.430000305175781,6.478589728136807,True
historical_bootstrap,BZ=F,2026-09-14,105.68000030517578,7,2026-09-23,105.75163777157202,115.96904278608135,95.80808418057937,20.160958605501975,0.9,96.30000305175781,-9.451634719814209,9.814781329481674,True
